"label","StartTime","Plot","TIMESTAMP","HM81_AIC","HM81_flux.estimate","HM81_p.value","HM81_r.squared","HM81_RMSE","lin_AIC","lin_flux.estimate","lin_flux.std.error","lin_int.estimate","lin_int.std.error","lin_p.value","lin_r.squared","lin_RMSE","poly_AIC","poly_r.squared","poly_RMSE","rob_AIC","rob_converged","rob_flux.estimate","rob_flux.std.error","rob_RMSE","TIMESTAMP_min","TIMESTAMP_max","flag"
"13","2026-06-10 00:57:31","Collar_13_2026-06-10 00:57:31",2026-06-10 00:58:50.5,574.471154657941,-1.66229707248102,2.4326363295779e-52,0.949523091302037,8.5562763305735,317.47095392121,-1.62679793982494,0.00831167053520419,3550.91488620374,0.453995283511216,9.20102720856831e-107,0.997968014347336,1.7167171490608,143.790065233012,0.999779530880078,0.572865695352894,317.768322139433,TRUE,-1.62528111936103,0.00885849871435662,1.67691091449137,2026-06-10 00:58:11,2026-06-10 00:59:30,"Time changed"
"13","2026-06-10 01:57:31","Collar_13_2026-06-10 01:57:31",2026-06-10 01:58:50.5,1134.19314436382,-1.64956842440827,1.71157302277363e-104,0.949705074896851,8.27264620302156,621.351574784423,-1.5857772796028,0.00570303062299753,3604.35390762332,0.311507655843014,1.78922913715112e-214,0.997960622998969,1.66583171810175,293.596765271894,0.999743550416665,0.594496923537901,621.399172737637,TRUE,-1.58652312720294,0.00593634251832159,2.04681551783855,2026-06-10 01:58:11,2026-06-10 01:59:30,"Time changed"
"13","2026-06-10 02:57:31","Collar_13_2026-06-10 02:57:31",2026-06-10 02:58:50.5,1146.5763655963,-1.7301893405963,9.89917034252782e-106,0.951486686545321,8.59905230751873,670.72479816989,-1.67797047055018,0.00665447156754284,3553.6938641552,0.363476715436209,8.8560252098753e-208,0.997521221327569,1.94374369299682,234.507177623676,0.999841752364613,0.494259449059449,670.798627390333,TRUE,-1.67903740068055,0.00697797587578733,2.33062701623968,2026-06-10 02:58:11,2026-06-10 02:59:30,"Time changed"
"13","2026-06-10 03:57:31","Collar_13_2026-06-10 03:57:31",2026-06-10 03:58:50.5,1078.49593969069,-1.6712383076427,4.02556270725675e-111,0.958538658786738,6.95110520636256,718.332154076675,-1.46583562405086,0.00772191223406773,3545.06518937176,0.421781845070232,2.32124881893616e-188,0.99563447788563,2.25553870814514,239.704249275169,0.999786194083783,0.502352180628816,719.794135235867,TRUE,-1.45976019074629,0.00763368624641922,2.45847290084877,2026-06-10 03:58:11,2026-06-10 03:59:30,"Time changed"
"13","2026-06-10 04:57:31","Collar_13_2026-06-10 04:57:31",2026-06-10 04:58:50.5,1178.60319377753,-1.58752251439262,2.07385252114355e-98,0.939951659941905,9.50421931524958,533.633859359368,-1.66815892140925,0.00433568607173539,3536.60516172475,0.236821348851116,1.00250728066383e-236,0.998933809979627,1.26643601542378,316.970118698161,0.999731540929365,0.639545182067967,534.111489690917,TRUE,-1.6704848134302,0.00440926725092183,1.4806742968087,2026-06-10 04:58:11,2026-06-10 04:59:30,"Time changed"
"13","2026-06-10 05:57:31","Collar_13_2026-06-10 05:57:31",2026-06-10 05:58:50.5,1103.10526261039,-1.39626660340008,5.80213641587768e-101,0.944256460657665,7.50676642306879,517.351660029592,-1.36724816100786,0.00412059672146447,3577.56626508837,0.22507286217291,1.40202764490208e-226,0.998566955071288,1.20360930352391,161.141988026415,0.999849155978879,0.392994006985473,517.448799593665,TRUE,-1.36836199517974,0.00428310302646597,1.53648374388754,2026-06-10 05:58:11,2026-06-10 05:59:30,"Time changed"
"13","2026-06-10 06:57:31","Collar_13_2026-06-10 06:57:31",2026-06-10 06:58:50.5,550.132118477125,-1.50877575110588,4.65845071229916e-53,0.951616347927255,7.34886670300954,314.061388881767,-1.42678262395971,0.00813642451111921,3606.03555503906,0.444423096060848,4.7613430409572e-103,0.997469851821422,1.68052131411075,93.5468935769262,0.999847127849059,0.418480995466624,314.133858644796,TRUE,-1.42807973882627,0.0085337766565214,1.98671028258735,2026-06-10 06:58:11,2026-06-10 06:59:30,"Time changed"
"13","2026-06-10 07:57:31","Collar_13_2026-06-10 07:57:31",2026-06-10 07:58:50.5,558.407806830156,-1.45936521205323,6.10320491468554e-51,0.945178361895691,7.73897433123159,251.653865012792,-1.41249469980671,0.00550856310732894,3660.06697412685,0.30088556314387,6.73561651399219e-116,0.998815097255319,1.13775500520401,130.328648693811,0.999752638513655,0.526640128578085,251.955838445889,TRUE,-1.40985275743433,0.00536102775574051,1.34845154597599,2026-06-10 07:58:11,2026-06-10 07:59:30,"Time changed"
"13","2026-06-10 08:57:31","Collar_13_2026-06-10 08:57:31",2026-06-10 08:58:50.5,574.710943387382,-1.46199137239104,2.23896923349465e-49,0.939877552115326,8.56910906068462,240.66668908305,-1.49366604127103,0.00514298659598743,3690.68832111216,0.280917253378876,4.10920279537204e-120,0.99907611705485,1.06224774542324,109.486749335622,0.999829482806371,0.46231920680258,244.261816953588,TRUE,-1.50211687764387,0.00460798524145895,0.963646013064539,2026-06-10 08:58:11,2026-06-10 08:59:30,"Time changed"
"13","2026-06-10 09:57:31","Collar_13_2026-06-10 09:57:31",2026-06-10 09:58:50.5,559.849295495621,-1.43170670338191,2.45656504879878e-51,0.946441900675309,7.80901212703161,285.555583036795,-1.44159380156747,0.00680862062150578,3705.00196273676,0.37189655632866,2.0229268098047e-109,0.99826311092066,1.40627275021084,120.852755331464,0.99978916716669,0.496355852376818,285.594353321469,TRUE,-1.4427312624577,0.00692213399897591,1.83508995499928,2026-06-10 09:58:11,2026-06-10 09:59:30,"Time changed"
"13","2026-06-10 10:57:31","Collar_13_2026-06-10 10:57:31",2026-06-10 10:58:50.5,561.445212134179,-1.35189752558401,9.47018170126485e-50,0.941188477896135,7.88729270943364,211.544242819816,-1.39018502345888,0.00428713497302506,3697.93269569686,0.234169418684922,7.64122244118347e-124,0.999258755187178,0.885477606139211,62.5976208838896,0.999890437169611,0.34488068736607,212.375855688706,TRUE,-1.39313119926594,0.00439142686165282,0.976503171281457,2026-06-10 10:58:11,2026-06-10 10:59:30,"Time changed"
"13","2026-06-10 11:57:31","Collar_13_2026-06-10 11:57:31",2026-06-10 11:58:50.5,573.860434960902,-1.35693094462449,3.08653284046213e-48,0.935697410346008,8.52367929101702,166.791363305487,-1.43702261076897,0.00324110128366493,3680.83118172545,0.177033568635054,1.95621802333991e-134,0.999603374786467,0.669426697309997,116.846620238579,0.999797916192506,0.484082220551838,166.905438003328,TRUE,-1.43759880346455,0.00329433297821465,0.667522041050503,2026-06-10 11:58:11,2026-06-10 11:59:30,"Time changed"
"13","2026-06-10 12:57:31","Collar_13_2026-06-10 12:57:31",2026-06-10 12:58:50.5,574.821197493252,-1.34173411997527,1.6304614747817e-48,0.936740198559509,8.57501596725051,147.010852865092,-1.45761393793379,0.00286418827141516,3675.29948348615,0.1564460430431,4.19913316935158e-139,0.999698919987941,0.591577962919872,88.3032815595821,0.99986251271929,0.404988593583524,147.326889254907,TRUE,-1.45793178632581,0.00278706515653872,0.557853105226044,2026-06-10 12:58:11,2026-06-10 12:59:30,"Time changed"
"13","2026-06-10 13:57:31","Collar_13_2026-06-10 13:57:31",2026-06-10 13:58:50.5,NA,NA,NA,NA,NA,530.367750334967,0.0520552378739657,0.0314458051706967,3645.66259185819,1.7176146688252,0.101862653759143,0.033940082431037,6.49491011150066,443.454562901563,0.689925988474416,3.72772874306944,530.368533642738,TRUE,0.0511863366528458,0.0333454859050162,7.64299701988934,2026-06-10 13:58:11,2026-06-10 13:59:30,"Flux unusable, remove"
"13","2026-06-10 14:57:31","Collar_13_2026-06-10 14:57:31",2026-06-10 14:58:50.5,573.540323427764,-1.33116022211435,1.02966498036428e-48,0.937480746400971,8.50664303860355,182.726347268687,-1.4544056884692,0.00358051564224105,3616.93043577416,0.195572864351466,1.80537012727622e-131,0.999527491779871,0.739530348259244,109.658195105823,0.999819685374979,0.462814864015502,182.747817464524,TRUE,-1.45418871299684,0.00385863395965586,0.89935130538445,2026-06-10 14:58:11,2026-06-10 14:59:30,"Time changed"
"13","2026-06-10 15:57:31","Collar_13_2026-06-10 15:57:31",2026-06-10 15:58:50.5,580.638444966063,-1.50917386726129,6.21391365594077e-50,0.941819972178898,8.89252158198933,256.862568742141,-1.57562913853331,0.00569084195614927,3570.18056424849,0.310841893498614,1.70426430577781e-118,0.998983522033037,1.17540342068866,166.673203712292,0.999686834471886,0.660945189720997,256.914224564819,TRUE,-1.57441839655,0.00667646090143362,1.23419251610579,2026-06-10 15:58:11,2026-06-10 15:59:30,"Time changed"
"13","2026-06-10 16:57:31","Collar_13_2026-06-10 16:57:31",2026-06-10 16:58:50.5,574.406090871666,-1.28954582310937,1.00047753882283e-47,0.933730626309928,8.55279763958346,177.042912578107,-1.42032720855977,0.00345556286586412,3584.93687747948,0.18874776572701,7.18853607571743e-132,0.999538517835918,0.713722230249696,110.658941683293,0.999808546727828,0.465718688219036,177.744672723022,TRUE,-1.42285674307808,0.00356572044349045,0.656460038911327,2026-06-10 16:58:11,2026-06-10 16:59:30,"Time changed"
"13","2026-06-10 17:57:31","Collar_13_2026-06-10 17:57:31",2026-06-10 17:58:50.5,543.476302601493,-1.45611384283643,3.08958284358006e-53,0.952122808303984,7.04943352157943,306.261800413891,-1.37591039701478,0.00774930689407853,3510.14900358309,0.423278180420101,1.80854481219589e-103,0.997531876985358,1.60056489030131,117.579569186103,0.999777998233889,0.486304854744801,306.724725017277,TRUE,-1.37169122931534,0.00780619467444799,1.8069596804127,2026-06-10 17:58:11,2026-06-10 17:59:30,"Time changed"
"13","2026-06-10 18:57:31","Collar_13_2026-06-10 18:57:31",2026-06-10 18:58:50.5,551.653986212197,-1.70212341656252,4.98126313502872e-55,0.956928213968666,7.41910021212427,354.590529392469,-1.52578650526347,0.0104819838795339,3504.57828003179,0.572540889703595,9.26424021036464e-97,0.996332262613267,2.1649801211391,143.750617561092,0.999749907378023,0.572724473900014,355.487695645168,TRUE,-1.51819232077698,0.0106363489113919,2.29260538239092,2026-06-10 18:58:11,2026-06-10 18:59:30,"Time changed"
"13","2026-06-10 19:57:31","Collar_13_2026-06-10 19:57:31",2026-06-10 19:58:50.5,585.501411398876,-1.96251690229706,4.50578632782404e-53,0.951657641719764,9.1669460344956,350.446403399179,-1.78049583155194,0.0102139780069974,3446.03541554294,0.557902027206638,7.55650974949932e-103,0.997439709933332,2.10962539124651,168.163342908527,0.999750530270741,0.667129570819545,350.477131610272,TRUE,-1.78115846832673,0.0107338631437365,2.46575623346277,2026-06-10 19:58:11,2026-06-10 19:59:30,"Time changed"
"13","2026-06-10 20:57:31","Collar_13_2026-06-10 20:57:31",2026-06-10 20:58:50.5,557.610665613522,-2.19464420692736,2.41644908884994e-59,0.96660911434214,7.70051362262469,440.961416834434,-1.7949359326269,0.0179838837385073,3423.98237033354,0.982305345467568,4.79546372534918e-84,0.992230798682862,3.71444482668641,160.599725586888,0.999777839186027,0.636326424592712,441.070006636013,TRUE,-1.78990865867624,0.0179807856064291,4.83337048488877,2026-06-10 20:58:11,2026-06-10 20:59:30,"Time changed"
"13","2026-06-10 21:57:31","Collar_13_2026-06-10 21:57:31",2026-06-10 21:58:50.5,569.128902532153,-2.19945117975193,3.70782937572286e-57,0.962011523573651,8.27530692834077,423.45421298241,-1.80990428223511,0.0161199233950165,3454.15152290543,0.880493176540451,5.25042381281589e-88,0.993850632429742,3.32945691441455,229.885562174783,0.99947965274524,0.981172373897649,423.743730883467,TRUE,-1.80257425061326,0.0159132828157804,4.13791657740482,2026-06-10 21:58:11,2026-06-10 21:59:30,"Time changed"
"13","2026-06-10 22:57:31","Collar_13_2026-06-10 22:57:31",2026-06-10 22:58:50.5,575.772989630735,-1.99667852622609,5.65458292530949e-55,0.956788045583143,8.62617819562582,386.564569037016,-1.77080233332809,0.0128006469195501,3488.38184114519,0.699189567578948,4.84150176007001e-95,0.995940694409509,2.64388368051743,186.25083010669,0.999684283245688,0.746974524750314,386.880201116268,TRUE,-1.76741920292901,0.0131327846302678,2.90573289391307,2026-06-10 22:58:11,2026-06-10 22:59:30,"Time changed"
"13","2026-06-10 23:57:31","Collar_13_2026-06-10 23:57:31",2026-06-10 23:58:50.5,555.798229522581,-1.94776928974667,8.26002231003316e-58,0.96344570140512,7.61377651215187,416.944472654221,-1.69732098267471,0.0154772330376309,3514.16221178308,0.845388513792407,3.25500547085932e-87,0.993556145879385,3.19671373680823,189.99140134219,0.999640767893918,0.764643453527359,417.072879282554,TRUE,-1.6927981042841,0.0163152919742788,3.7473685814791,2026-06-10 23:58:11,2026-06-10 23:59:30,"Time changed"
"14","2026-06-10 00:00:31","Collar_14_2026-06-10 00:00:31",2026-06-10 00:01:35.5,NA,NA,NA,NA,NA,47.3957815989674,-0.168229021851847,0.00366124925541134,3563.57749936317,0.136917995293477,2.45571123110066e-41,0.977770238433455,0.373599944958479,35.8996549694834,0.983694385936656,0.326850898800522,47.5408264943966,TRUE,-0.166928773233678,0.00408174943084298,0.330126906208815,2026-06-10 00:01:11,2026-06-10 00:02:00,"Time changed"
"14","2026-06-10 01:00:31","Collar_14_2026-06-10 01:00:31",2026-06-10 01:01:35.5,213.028000777457,-0.243547396898188,1.24043091887861e-71,0.962407070545525,0.688185279531997,21.6331356491051,-0.242809363193984,0.00183148853654458,3576.65434150348,0.068491304834283,2.27486219299577e-112,0.994455162387364,0.264299724089843,-4.35434835545353,0.995891769112023,0.229856683907189,22.1375472846,TRUE,-0.24155156335122,0.00185123251219423,0.261145648392926,2026-06-10 01:01:11,2026-06-10 01:02:00,"Time changed"
"14","2026-06-10 02:00:31","Collar_14_2026-06-10 02:00:31",2026-06-10 02:01:35.5,214.782209642278,-0.285547133787502,5.94911890709423e-76,0.96931035363171,0.694247932152173,85.2590338133437,-0.270711431144825,0.00251748033682795,3625.54889104928,0.0941450135905883,1.60889980418726e-103,0.991596119297365,0.363294306870501,14.2005448422442,0.996032609007767,0.252202028633837,86.7241428179923,TRUE,-0.272907626173316,0.00263043592977955,0.345448647909961,2026-06-10 02:01:11,2026-06-10 02:02:00,"Time changed"
"14","2026-06-10 03:00:31","Collar_14_2026-06-10 03:00:31",2026-06-10 03:01:35.5,102.021594131886,-0.361082841113836,3.99129977346666e-98,0.989171636465699,0.395055424439917,180.649094953169,-0.257319749038076,0.00405604694602051,3576.06892846823,0.151682056567047,2.16863277675151e-81,0.976229532402179,0.585322849331728,-11.0113683284002,0.996640341539571,0.222331809054148,182.195319501502,TRUE,-0.252880234546102,0.00401006985801945,0.542624204415619,2026-06-10 03:01:11,2026-06-10 03:02:00,"Time changed"
"14","2026-06-10 04:00:31","Collar_14_2026-06-10 04:00:31",2026-06-10 04:01:35.5,233.426962808103,-0.356450108480647,1.76206191571482e-80,0.97519146203128,0.762081048946067,132.032396115207,-0.330413590081712,0.00318077649084058,3576.89425323508,0.118949984068644,4.62808047091304e-102,0.990999841395295,0.459013710512602,8.09514605368066,0.997496049463345,0.244619385331079,132.040943788499,TRUE,-0.330130614025803,0.00327541857423382,0.545124701117177,2026-06-10 04:01:11,2026-06-10 04:02:00,"Time changed"
"14","2026-06-10 05:00:30","Collar_14_2026-06-10 05:00:30",2026-06-10 05:01:34.5,170.137237270128,-0.266367903883125,3.40057151778973e-78,0.972379462802419,0.555353187814632,124.331316409886,-0.227220019286267,0.00306062746225449,3570.66085679503,0.114456828049247,6.04848059829993e-88,0.982529733324874,0.441675160763948,66.0642721949361,0.990627030641577,0.3268656087524,125.074492176014,TRUE,-0.228942960354672,0.00332492888313171,0.36630521013186,2026-06-10 05:01:10,2026-06-10 05:01:59,"Time changed"
"14","2026-06-10 06:00:29","Collar_14_2026-06-10 06:00:29",2026-06-10 06:01:33.5,NA,NA,NA,NA,NA,7.9193774037954,-0.16786937492548,0.00171011437276824,3594.81421071151,0.0639523330174592,1.12557897935689e-99,0.989932100984986,0.246784376678362,-15.3858080920144,0.992337792006873,0.217521718904931,8.14153626767546,TRUE,-0.167579544881309,0.0018202466778129,0.24795752828982,2026-06-10 06:01:09,2026-06-10 06:01:58,"Time changed"
"14","2026-06-10 07:00:31","Collar_14_2026-06-10 07:00:31",2026-06-10 07:01:35.5,150.070686979674,-0.372251975155297,2.53782692841843e-34,0.956448270513633,1.04308152180615,120.038514173659,-0.335280935690733,0.00757029276850191,3610.84335631489,0.283102634467191,1.37935981895784e-40,0.976113678831367,0.772485226853023,69.4748197971186,0.99197924889471,0.457261642166317,120.20451252839,TRUE,-0.33756448305316,0.00729729557432137,0.714423020851833,2026-06-10 07:01:11,2026-06-10 07:02:00,"Time changed"
"14","2026-06-10 08:00:30","Collar_14_2026-06-10 08:00:30",2026-06-10 08:01:34.5,NA,NA,NA,NA,NA,65.4630464095312,-0.368823069447109,0.00438626059710537,3704.21014518343,0.164030899262816,8.97431600054824e-54,0.993256962719605,0.447581304449595,25.1477625637499,0.99722068420202,0.293531563693991,65.5591887058483,TRUE,-0.370071127474234,0.00464928438068269,0.458350080564733,2026-06-10 08:01:10,2026-06-10 08:01:59,"Time changed"
"14","2026-06-10 09:00:30","Collar_14_2026-06-10 09:00:30",2026-06-10 09:01:34.5,NA,NA,NA,NA,NA,77.3840345278186,-0.221095417506294,0.00494158902807233,3691.44793268327,0.184798252205282,8.5620715376528e-41,0.97658337350228,0.504247938368739,55.3901184123583,0.986076640323775,0.397187608426959,77.4300405465834,TRUE,-0.221371828176812,0.00506058192281579,0.554649305576906,2026-06-10 09:01:10,2026-06-10 09:01:59,"Time changed"
"14","2026-06-10 10:00:32","Collar_14_2026-06-10 10:00:32",2026-06-10 10:01:36.5,65.6299652958676,-0.236475366321819,3.51608234841724e-43,0.981373619520511,0.448329026049107,73.9371554638758,-0.220570142000286,0.00477416053571592,3693.24340135673,0.178537008588895,1.89890360855102e-41,0.978007033788402,0.487163257385497,12.7584614685647,0.994027600310526,0.259327609760026,74.1532368129627,TRUE,-0.220977503507423,0.00518670188170782,0.49856206776448,2026-06-10 10:01:12,2026-06-10 10:02:01,"Time changed"
"14","2026-06-10 11:00:30","Collar_14_2026-06-10 11:00:30",2026-06-10 11:01:34.5,55.8966473713429,-0.275151661114786,2.10098387577783e-43,0.98176886172196,0.406748157691822,59.5483667050208,-0.202516635456133,0.00413435060117811,3713.86903105679,0.154610341078811,1.21327251841086e-42,0.980387533435708,0.42187599075815,4.95503114926278,0.993924290927756,0.239860585723494,59.855461175578,TRUE,-0.200683225087002,0.00437039815034998,0.416364595294656,2026-06-10 11:01:10,2026-06-10 11:01:59,"Time changed"
"14","2026-06-10 12:00:30","Collar_14_2026-06-10 12:00:30",2026-06-10 12:01:34.5,NA,NA,NA,NA,NA,143.898448895818,-0.0824278519673375,0.00961025818357568,3671.2239151446,0.359390249872537,2.99855983064749e-11,0.605153147972168,0.980646680395781,46.1473667457939,0.948402339602081,0.362122016687271,143.898675421226,TRUE,-0.0822863843808993,0.0102894794957228,1.15813817744389,2026-06-10 12:01:10,2026-06-10 12:01:59,"Flux unusable, remove"
"14","2026-06-10 13:00:30","Collar_14_2026-06-10 13:00:30",2026-06-10 13:01:34.5,41.8975583671042,-0.154562018345039,5.42658195740022e-29,0.927418769068554,0.353613082008193,42.4304835286707,-0.0857857261969397,0.0034838967918489,3674.37597103046,0.130285629650675,7.01124336826572e-29,0.926641024349706,0.355502605497845,27.7844262815841,0.94947624005564,0.301373938125591,42.5678605460988,TRUE,-0.0866575122484369,0.00323495432631874,0.375240607498381,2026-06-10 13:01:10,2026-06-10 13:01:59,"Time changed"
"14","2026-06-10 14:00:22","Collar_14_2026-06-10 14:00:22",2026-06-10 14:01:26.5,NA,NA,NA,NA,NA,143.251866893698,-0.0881680381535762,0.00954832043874367,3657.10294467353,0.357073993517451,3.22037368887327e-12,0.63981412523867,0.974326450210444,29.7916967807672,0.965622000349942,0.307484450366657,143.424132875703,TRUE,-0.0915986244661848,0.0101886392671117,1.09381222953596,2026-06-10 14:01:02,2026-06-10 14:01:51,"Time changed"
"14","2026-06-10 15:00:31","Collar_14_2026-06-10 15:00:31",2026-06-10 15:01:35.5,NA,NA,NA,NA,NA,4.39826631002548,-0.21325756890839,0.00238173511719467,3602.26597447524,0.0890686142399043,4.48069722371466e-55,0.994048494743108,0.243036200655952,4.06022328791852,0.99454308663864,0.237723868360535,4.45322619090273,TRUE,-0.213277535200915,0.00241296125947652,0.208719264154135,2026-06-10 15:01:11,2026-06-10 15:02:00,"Time changed"
"14","2026-06-10 16:00:30","Collar_14_2026-06-10 16:00:30",2026-06-10 16:01:34.5,NA,NA,NA,NA,NA,28.9320519394525,-0.313610555548064,0.00304398380351306,3569.51932649237,0.113834413067296,5.51111415499864e-58,0.995498211860366,0.310613154722025,8.9436060920681,0.9972137244791,0.249620960958313,29.1641599971422,TRUE,-0.31339961670184,0.00319227337082146,0.283204366448149,2026-06-10 16:01:10,2026-06-10 16:01:59,"Time changed"
"14","2026-06-10 17:00:29","Collar_14_2026-06-10 17:00:29",2026-06-10 17:01:33.5,NA,NA,NA,NA,NA,42.051404415081,-0.174322010308336,0.00347071506713979,3564.73045095119,0.129792678967512,3.72837744487696e-43,0.981328081833138,0.354157520451121,-14.792848589598,0.994470288563129,0.196876979543015,42.0951268142242,TRUE,-0.17488160891145,0.00371620678050937,0.398975785015782,2026-06-10 17:01:09,2026-06-10 17:01:58,"Time changed"
"14","2026-06-10 18:00:31","Collar_14_2026-06-10 18:00:31",2026-06-10 18:01:35.5,NA,NA,NA,NA,NA,90.583224201818,-0.224430372508514,0.00563884265713971,3525.32633115604,0.210873114210896,2.03764083489889e-38,0.970590084285075,0.575396854836707,-9.9165926091357,0.996362358433091,0.206715122201761,91.5982508748425,TRUE,-0.229203915653876,0.0054666589720592,0.581319837861813,2026-06-10 18:01:11,2026-06-10 18:02:00,"Time changed"
"14","2026-06-10 19:00:32","Collar_14_2026-06-10 19:00:32",2026-06-10 19:01:36.5,130.158296905432,-0.271205298997924,9.85670899560386e-35,0.958129621842829,0.854751439034804,53.0771603104877,-0.282341513086174,0.00387528110308149,3510.43925849309,0.144922042400798,8.28440309253913e-51,0.991038336396473,0.395440109593746,43.8251199021844,0.993124838930131,0.353809541245417,53.5800116240849,TRUE,-0.284747086230786,0.0040398268988475,0.419593743202987,2026-06-10 19:01:12,2026-06-10 19:02:01,"Time changed"
"14","2026-06-10 20:00:32","Collar_14_2026-06-10 20:00:32",2026-06-10 20:01:36.5,120.734325234312,-0.529235549297411,1.42266601950806e-42,0.980257048172168,0.777879008004518,160.002181668364,-0.367652054215235,0.0112894472361889,3480.62893005915,0.422186083415622,2.20799445681254e-34,0.956699954454881,1.15199391568821,102.974393862977,0.987223622848986,0.63922179352778,160.019909582078,TRUE,-0.366290192889978,0.0119675844488149,1.42243724545773,2026-06-10 20:01:12,2026-06-10 20:02:01,"Time changed"
"14","2026-06-10 21:00:32","Collar_14_2026-06-10 21:00:32",2026-06-10 21:01:36.5,NA,NA,NA,NA,NA,88.4009373315114,-0.353316604646138,0.00551711993440038,3452.86052630799,0.206321107500482,3.80461186471232e-48,0.988431302072018,0.562976066372662,86.0963912756078,0.989801791423418,0.539947257236072,88.4587721281533,TRUE,-0.3530759218091,0.00572043394723647,0.581047552067412,2026-06-10 21:01:12,2026-06-10 21:02:01,"Time changed"
"14","2026-06-10 22:00:32","Collar_14_2026-06-10 22:00:32",2026-06-10 22:01:36.5,NA,NA,NA,NA,NA,129.577358112211,-0.259478062708454,0.00832797376358908,3511.22139664269,0.311437269910537,1.67852634504246e-33,0.952885006672511,0.849800251947879,132.51012173168,0.953880006593987,0.858862438368665,129.693394374469,TRUE,-0.256726873658082,0.00826709644733638,0.85996594652776,2026-06-10 22:01:12,2026-06-10 22:02:01,"Time changed"
"14","2026-06-10 23:00:32","Collar_14_2026-06-10 23:00:32",2026-06-10 23:01:36.5,127.699657167001,-0.291696683797816,4.33487493029105e-32,0.946057366057601,0.833992420933385,117.959281263424,-0.238329872791228,0.00741451386513756,3511.97385416809,0.277277044984001,4.0215672068588e-34,0.955605586945466,0.756589289247411,111.164816812422,0.964225893828889,0.693780562657396,117.967341232458,TRUE,-0.23827751414351,0.00784771293292279,0.917494336849388,2026-06-10 23:01:12,2026-06-10 23:02:01,"Time changed"
"15","2026-06-10 00:03:31","Collar_15_2026-06-10 00:03:31",2026-06-10 00:04:50.5,NA,NA,NA,NA,NA,54.6581656011113,-0.214436740240545,0.00160814395139846,3562.90817783536,0.0878391132143273,8.41366086625591e-94,0.995632377809175,0.332150833918528,-19.9681173560851,0.998365412951109,0.205853069509831,54.6815560974569,TRUE,-0.214301645320303,0.00169287058866201,0.386852391925327,2026-06-10 00:04:11,2026-06-10 00:05:30,"Time changed"
"15","2026-06-10 01:03:31","Collar_15_2026-06-10 01:03:31",2026-06-10 01:04:50.5,534.155184367381,-0.224534260424508,1.56152066448616e-101,0.945174641834821,1.26850089935365,85.5824302440737,-0.232745124586846,0.00106899520346984,3566.22609487434,0.0583900406561889,9.84958357974586e-198,0.996677979726764,0.312249088976962,-35.5027975146401,0.998479878234699,0.21257171367213,85.7348422186381,TRUE,-0.232975087185732,0.00113393049990189,0.359411998710666,2026-06-10 01:04:11,2026-06-10 01:05:30,"Time changed"
"15","2026-06-10 02:03:31","Collar_15_2026-06-10 02:03:31",2026-06-10 02:04:50.5,580.131238657133,-0.235683564437624,1.54538883957954e-98,0.940174727311334,1.46449574038588,124.739052975786,-0.257213208515463,0.00120814193822106,3639.87878351796,0.0659904335044707,3.3534632888172e-196,0.996526276645969,0.352893276171778,60.9498047869028,0.997725991279484,0.287347932459514,125.620260056187,TRUE,-0.256807671189942,0.00122812644904466,0.330584017555867,2026-06-10 02:04:11,2026-06-10 02:05:30,"Time changed"
"15","2026-06-10 03:03:30","Collar_15_2026-06-10 03:03:30",2026-06-10 03:04:49.5,573.897829135806,-0.234128117416561,1.71173938625357e-96,0.936503095495064,1.43624428914717,10.6833806836142,-0.245045475796015,0.000845911626888035,3580.25260725075,0.0462048979501607,2.80589688111806e-217,0.998120697205761,0.247087296550495,-20.9204651273552,0.998495626071029,0.222482666732659,10.769310197411,TRUE,-0.245172504262298,0.000858622082385935,0.244347259316189,2026-06-10 03:04:10,2026-06-10 03:05:29,"Time changed"
"15","2026-06-10 04:03:31","Collar_15_2026-06-10 04:03:31",2026-06-10 04:04:50.5,606.637967546303,-0.277134792361153,1.65576586919131e-96,0.936529800620683,1.5909709758511,194.7706945887,-0.27109870611191,0.00150370561427262,3581.15963618117,0.0821345424818784,7.72839590158472e-185,0.995162490420346,0.439226206649127,-26.866226706539,0.998819227033298,0.218386994108369,199.962783787406,TRUE,-0.274232312159621,0.00137882469576738,0.32573525561865,2026-06-10 04:04:11,2026-06-10 04:05:30,"Time changed"
"15","2026-06-10 05:03:30","Collar_15_2026-06-10 05:03:30",2026-06-10 05:04:49.5,509.255360091801,-0.22207513079619,1.57832921090901e-100,0.943546108154929,1.17353886916601,115.898856101688,-0.212032379889545,0.00117522306943591,3580.89932565064,0.0641923580028393,6.88975292384584e-185,0.995169518841179,0.343277810400789,47.7354591098189,0.996923093065635,0.275723612361066,115.903317099564,TRUE,-0.212038511307077,0.00120980574435732,0.360484235714852,2026-06-10 05:04:10,2026-06-10 05:05:29,"Time changed"
"15","2026-06-10 06:03:29","Collar_15_2026-06-10 06:03:29",2026-06-10 06:04:48.5,507.13395180834,-0.206730223665512,1.39043233054399e-100,0.943636579617109,1.16578474055955,72.7139511018974,-0.21091676876938,0.00102685953329677,3602.60716134534,0.0560885303346313,9.49674992320457e-194,0.996268928831755,0.299941433542897,9.71010026740089,0.997545504352634,0.244831376182519,72.9113912378361,TRUE,-0.211097828781754,0.00101428433200659,0.355264288562512,2026-06-10 06:04:09,2026-06-10 06:05:28,"Time changed"
"15","2026-06-10 07:03:29","Collar_15_2026-06-10 07:03:29",2026-06-10 07:04:48.5,275.736517131921,-0.225229741850069,3.59105681003301e-50,0.942631649217125,1.32256575383724,38.9717050277653,-0.235760580475745,0.00145796307894154,3615.19221340564,0.0796360200478869,2.60524509363086e-100,0.997025926327664,0.301132029922905,14.2323286099613,0.997923486231602,0.254911250362092,39.1188645079044,TRUE,-0.235974192257268,0.00149125920278082,0.320775200593943,2026-06-10 07:04:09,2026-06-10 07:05:28,"Time changed"
"15","2026-06-10 08:03:28","Collar_15_2026-06-10 08:03:28",2026-06-10 08:04:47.5,256.386257068916,-0.199580583869679,5.78336141594221e-49,0.938397887267511,1.17190950905289,12.5149015242324,-0.201603326828761,0.00123575891606537,3652.72438710024,0.0674989121710691,1.30995643452869e-100,0.997077895069331,0.255237321345785,-0.820836682383188,0.997647196735705,0.232022224817751,12.563245655467,TRUE,-0.201335304885172,0.00124208696570822,0.267056843692146,2026-06-10 08:04:08,2026-06-10 08:05:27,"Time changed"
"15","2026-06-10 09:03:30","Collar_15_2026-06-10 09:03:30",2026-06-10 09:04:49.5,289.398223351605,-0.215916816469729,1.36183890962322e-47,0.933205051428157,1.44045533250543,5.66009376015936,-0.238092908757604,0.00118393393854563,3704.01932493406,0.0646681580810961,1.11501764158834e-107,0.998075048374895,0.24453323637502,-5.29131615397224,0.998403189481674,0.225629137531536,5.80946368242998,TRUE,-0.238491553390135,0.00119930204266166,0.214686177718609,2026-06-10 09:04:10,2026-06-10 09:05:29,"Time changed"
"15","2026-06-10 10:03:30","Collar_15_2026-06-10 10:03:30",2026-06-10 10:04:49.5,244.120385043205,-0.229724524598983,8.57754646567242e-53,0.950853534756898,1.08542626120202,58.6198102500051,-0.208851898673695,0.00164845909180936,3695.80642315185,0.0900411836071705,4.46489999759212e-92,0.995164194361705,0.340477642905608,11.6686036133861,0.997442174052579,0.250859285290436,58.7112795952475,TRUE,-0.208426153215845,0.00163407603964585,0.383896727734986,2026-06-10 10:04:10,2026-06-10 10:05:29,"Time changed"
"15","2026-06-10 11:03:30","Collar_15_2026-06-10 11:03:30",2026-06-10 11:04:49.5,293.415352163948,-0.18905926548088,5.19565818318152e-44,0.917494036760965,1.47707875317378,28.2162034344476,-0.21955630543533,0.00136317757299437,3711.22992681021,0.0744587007036015,3.55208055752164e-100,0.997002192424608,0.281554749657438,4.25437574218064,0.997886472469123,0.239499957969885,28.3838963015033,TRUE,-0.219251739573389,0.00141607943789891,0.271850118593535,2026-06-10 11:04:10,2026-06-10 11:05:29,"Time changed"
"15","2026-06-10 12:03:30","Collar_15_2026-06-10 12:03:30",2026-06-10 12:04:49.5,235.410844812229,-0.150376059565701,1.44282724259817e-47,0.933106126801258,1.0279208304269,-22.6077283131575,-0.169716962842198,0.000992199435353917,3678.41537180239,0.0541953464162549,3.29466379161792e-102,0.997341199138006,0.204931821917875,-21.8434960934669,0.997446594087005,0.203454327008278,-22.4146922344638,TRUE,-0.16944881612333,0.000984165455970476,0.199840944004222,2026-06-10 12:04:10,2026-06-10 12:05:29,"Time changed"
"15","2026-06-10 13:03:29","Collar_15_2026-06-10 13:03:29",2026-06-10 13:04:48.5,NA,NA,NA,NA,NA,51.8764914397729,-0.224068443352964,0.00158042725533996,3679.40918681249,0.0863251877968346,7.18008928832049e-96,0.9961345484616,0.32642614509245,48.1404799771532,0.996490834150702,0.315084668887928,51.8844857460904,TRUE,-0.223932155300732,0.00172853349384895,0.353578660014302,2026-06-10 13:04:09,2026-06-10 13:05:28,"Time changed"
"15","2026-06-10 14:03:22","Collar_15_2026-06-10 14:03:22",2026-06-10 14:04:41.5,274.255847421071,-0.185840488352453,4.23460433958292e-45,0.92262567120643,1.31038294270301,40.6310383889591,-0.201015187979644,0.00147316204805654,3658.92664858396,0.0804662093898747,1.40590713708711e-94,0.995828211071962,0.304271270201648,12.8831279668605,0.997194740457906,0.252770747800788,40.6686975494797,TRUE,-0.201250140606959,0.00143167483249254,0.336290443202073,2026-06-10 14:04:02,2026-06-10 14:05:21,"Time changed"
"15","2026-06-10 15:03:29","Collar_15_2026-06-10 15:03:29",2026-06-10 15:04:48.5,308.910748820726,-0.235909212186047,5.66235875168059e-47,0.930721626502034,1.62728429863653,62.9529416862268,-0.263939948646733,0.00169371279490329,3604.47376430137,0.0925130053280922,4.62015596596104e-99,0.99679836954391,0.349824477315226,-44.4728921940589,0.99920480087654,0.176621286631529,63.6177946774298,TRUE,-0.265285682473363,0.00171551912044312,0.307040718081761,2026-06-10 15:04:09,2026-06-10 15:05:28,"Time changed"
"15","2026-06-10 16:03:29","Collar_15_2026-06-10 16:03:29",2026-06-10 16:04:48.5,NA,NA,NA,NA,NA,71.0047154688248,-0.305828427814949,0.00178112756179977,3596.35143866103,0.0972877244067832,2.44871358308367e-102,0.997361351858333,0.367879383218525,0.579758420884193,0.998959236315854,0.234062197916845,71.0361973464263,TRUE,-0.306078972250585,0.00191701941295062,0.410164018395783,2026-06-10 16:04:09,2026-06-10 16:05:28,"Time changed"
"15","2026-06-10 17:03:29","Collar_15_2026-06-10 17:03:29",2026-06-10 17:04:48.5,NA,NA,NA,NA,NA,6.59175296381346,-0.163376856128757,0.00119084794212209,3560.09483500544,0.0650458108045285,9.22468258584048e-95,0.995873041227604,0.245961275234128,-41.1961825911033,0.997839819967598,0.180275683058586,6.85650473334438,TRUE,-0.163881271199976,0.00127694705010616,0.2752138500962,2026-06-10 17:04:09,2026-06-10 17:05:28,"Time changed"
"15","2026-06-10 18:03:31","Collar_15_2026-06-10 18:03:31",2026-06-10 18:04:50.5,206.253416746113,-0.210798690977964,9.42731639142762e-56,0.958727017850349,0.856675760412918,65.586981908646,-0.179667867922454,0.0017218267491357,3512.63668849188,0.0940486295528862,1.53209285064942e-85,0.992887330252933,0.355631217025887,-14.2401435389646,0.997505624001572,0.213356077621324,65.6991214849259,TRUE,-0.179234586388437,0.00184079806713127,0.384907550119531,2026-06-10 18:04:11,2026-06-10 18:05:30,"Time changed"
"15","2026-06-10 19:03:32","Collar_15_2026-06-10 19:03:32",2026-06-10 19:04:51.5,280.241635892049,-0.301005443024111,2.85643463333427e-55,0.957537688080906,1.3603344588154,122.88328885336,-0.281440859994981,0.00246326500830772,3515.85492310568,0.134547043349866,1.3558798021267e-88,0.99406042509409,0.50877007991744,1.49189611269273,0.998761073651099,0.235400364599429,123.017504775773,TRUE,-0.282070839615966,0.00261829569910567,0.57918444691022,2026-06-10 19:04:12,2026-06-10 19:05:31,"Time changed"
"15","2026-06-10 20:03:31","Collar_15_2026-06-10 20:03:31",2026-06-10 20:04:50.5,327.598791067141,-0.285623606518746,3.1555562716245e-48,0.935660966116718,1.82889656483286,23.7792847110587,-0.30808835066243,0.00132589497360552,3487.51584819351,0.0724222720208371,1.44905534196987e-112,0.998557435148005,0.273854290711031,-14.4517290704272,0.999149103684131,0.213074119974945,24.4802273859562,TRUE,-0.308812727793897,0.00121919863182358,0.281389137740824,2026-06-10 20:04:11,2026-06-10 20:05:30,"Time changed"
"15","2026-06-10 21:03:30","Collar_15_2026-06-10 21:03:30",2026-06-10 21:04:49.5,NA,NA,NA,NA,NA,0.0414450428446358,-0.27940536973587,0.00114307978471259,3490.93103402223,0.062436646007382,2.80562166381185e-114,0.998696198154757,0.236095097952847,1.35846130011032,0.998739199046983,0.235204130165305,0.31852640841452,TRUE,-0.278938475051689,0.00113102253859108,0.230658184518912,2026-06-10 21:04:10,2026-06-10 21:05:29,"Time changed"
"15","2026-06-10 22:03:30","Collar_15_2026-06-10 22:03:30",2026-06-10 22:04:49.5,NA,NA,NA,NA,NA,52.9099249633184,-0.297208382080197,0.00159066820835764,3527.89807034976,0.0868845632375471,3.41435902268428e-105,0.997770731096148,0.328541341982619,12.405292992619,0.998721911264966,0.252016982011423,52.9814233511818,TRUE,-0.29740314199995,0.00174315009599685,0.328301768351716,2026-06-10 22:04:10,2026-06-10 22:05:29,"Time changed"
"15","2026-06-10 23:03:30","Collar_15_2026-06-10 23:03:30",2026-06-10 23:04:49.5,260.930271054993,-0.284677716690903,1.67044523207397e-54,0.955571734176325,1.20566895813399,116.314583331886,-0.243695207786221,0.00236418487211676,3515.90294244461,0.12913514518453,3.95311299343779e-85,0.992712359813984,0.48830577395032,5.79623309906863,0.998258580805013,0.241819081592192,116.38346338277,TRUE,-0.244304007741276,0.00245705621102592,0.536047862505477,2026-06-10 23:04:10,2026-06-10 23:05:29,"Time changed"
"16","2026-06-10 00:06:31","Collar_16_2026-06-10 00:06:31",2026-06-10 00:07:50.5,NA,NA,NA,NA,NA,49.2315918018487,-0.17473658849817,0.00155451655862502,3565.32854713654,0.0849099086358948,4.80564202986129e-88,0.993864572722629,0.321074472741357,50.3662602991284,0.994080434340853,0.319498481108024,49.2911061897079,TRUE,-0.174756809237196,0.00161012207927629,0.313937956915283,2026-06-10 00:07:11,2026-06-10 00:08:30,"Time changed"
"16","2026-06-10 01:06:31","Collar_16_2026-06-10 01:06:31",2026-06-10 01:07:50.5,391.481577552735,-0.274459027680841,1.08813328616236e-121,0.969528046722892,0.812191432538051,360.78501730905,-0.19768774218934,0.00252622787000379,3587.85842909306,0.137986164537997,2.83894342001135e-128,0.974847603146111,0.737900739307806,95.2757970721937,0.995332980861068,0.31988530690329,360.785881572226,TRUE,-0.19770572168058,0.0026477640377293,0.915679549562306,2026-06-10 01:07:11,2026-06-10 01:08:30,"Time changed"
"16","2026-06-10 02:06:29","Collar_16_2026-06-10 02:06:29",2026-06-10 02:07:48.5,519.187797640821,-0.21104521288905,2.64459519952314e-101,0.944807918576401,1.21053538116885,195.740869349389,-0.22092710009573,0.00150827146099119,3634.49061629989,0.0823839355330932,1.13266024502822e-170,0.992689759387839,0.440559871640003,158.469428862608,0.994351840806239,0.389725488234736,195.864996254003,TRUE,-0.221073219449463,0.00163571175079527,0.489410777814582,2026-06-10 02:07:09,2026-06-10 02:08:28,"Time changed"
"16","2026-06-10 03:06:30","Collar_16_2026-06-10 03:06:30",2026-06-10 03:07:49.5,418.979708149063,-0.260667662811472,1.18120088119738e-116,0.964711834496588,0.885070873495058,263.345226247755,-0.201395702004462,0.0018630741320949,3595.08482414803,0.101763762798384,4.94707131842843e-150,0.986659131531098,0.54419626819176,15.4317451943512,0.997236845714028,0.249248366086863,263.385225689589,TRUE,-0.201750775238645,0.00204510537316494,0.619193002732863,2026-06-10 03:07:10,2026-06-10 03:08:29,"Time changed"
"16","2026-06-10 04:06:29","Collar_16_2026-06-10 04:06:29",2026-06-10 04:07:48.5,368.321188036641,-0.309552857920824,1.15053763670196e-127,0.97439816533481,0.755484941359834,396.416512643439,-0.200061560419883,0.00282377785303958,3575.22425749405,0.154238768432115,1.22052486335469e-121,0.969483735788549,0.82481386186108,130.007229966226,0.994369480127501,0.35655847206372,398.243919938448,TRUE,-0.202914242407611,0.00298697842029229,0.82666810670901,2026-06-10 04:07:09,2026-06-10 04:08:28,"Time changed"
"16","2026-06-10 05:06:28","Collar_16_2026-06-10 05:06:28",2026-06-10 05:07:47.5,461.321850582187,-0.313508009370113,1.23874890317659e-120,0.968575489040129,1.01028416318319,330.465052248557,-0.24354514238179,0.00229785789478348,3612.08161936421,0.125512271208556,1.06937491363131e-148,0.986129931089409,0.671194811647166,38.984019102045,0.997812024372197,0.268285231036669,330.796427786881,TRUE,-0.244207846350651,0.00231045902922795,0.755927418022741,2026-06-10 05:07:08,2026-06-10 05:08:27,"Time changed"
"16","2026-06-10 06:06:27","Collar_16_2026-06-10 06:06:27",2026-06-10 06:07:46.5,297.93745312304,-0.261835117161434,4.46461662442574e-131,0.976820763063845,0.606321684593715,281.222729977319,-0.169579996862309,0.00197012123559475,3622.23474163437,0.107610828066025,1.16169895942191e-134,0.979120038927944,0.575464285519579,37.4828033413352,0.995561061118746,0.267029572371112,284.437688010711,TRUE,-0.167431348988187,0.00202971694821584,0.468071267045863,2026-06-10 06:07:07,2026-06-10 06:08:26,"Time changed"
"16","2026-06-10 07:06:27","Collar_16_2026-06-10 07:06:27",2026-06-10 07:07:46.5,235.71732396102,-0.214500822105643,5.53594070172554e-51,0.94531521962954,1.02989169429601,85.9546066688333,-0.18752579926239,0.00195557339172967,3614.59879553905,0.10681620411263,1.06055828845851e-82,0.991588906693065,0.403909943688215,65.4193010418249,0.99381046386539,0.351016778557902,86.0117740366268,TRUE,-0.187685997975579,0.00198560713813254,0.350883910153009,2026-06-10 07:07:07,2026-06-10 07:08:26,"Time changed"
"16","2026-06-10 08:06:27","Collar_16_2026-06-10 08:06:27",2026-06-10 08:07:46.5,203.104265034608,-0.253437815659026,1.92290215614579e-56,0.960374769084234,0.839979348348649,131.136499990547,-0.178974570858763,0.00259366070832393,3682.39920408721,0.141669442216227,1.10135938937606e-71,0.983883090559293,0.535702395561266,50.1375311311712,0.994430073345413,0.31904206603558,133.441687962097,TRUE,-0.181918841537532,0.00241076010560654,0.433036539933716,2026-06-10 08:07:07,2026-06-10 08:08:26,"Time changed"
"16","2026-06-10 09:06:30","Collar_16_2026-06-10 09:06:30",2026-06-10 09:07:49.5,NA,NA,NA,NA,NA,81.9533523787177,-0.218231734235486,0.00190727516086682,3718.3062359109,0.104178085948442,1.21194316990151e-88,0.99407749084656,0.39393428345958,44.894154198173,0.996455063577781,0.308756165418565,82.0577715894445,TRUE,-0.217897822966702,0.0019082153167569,0.386658718140875,2026-06-10 09:07:10,2026-06-10 09:08:29,"Time changed"
"16","2026-06-10 10:06:28","Collar_16_2026-06-10 10:06:28",2026-06-10 10:07:47.5,194.537502407484,-0.265134390380324,1.58622193402588e-60,0.968860473728667,0.796187761903037,206.735163543448,-0.1893975720276,0.00416019490734794,3703.26236935209,0.227235771488258,6.08076233085633e-58,0.963731531855465,0.859259027487928,35.0405267173236,0.99596597048003,0.290315041971805,208.095199466923,TRUE,-0.193483128401371,0.00401109634008734,0.912047137319351,2026-06-10 10:07:08,2026-06-10 10:08:27,"Time changed"
"16","2026-06-10 11:06:30","Collar_16_2026-06-10 11:06:30",2026-06-10 11:07:49.5,209.861342901655,-0.177421155210025,1.99269896790333e-50,0.943490843157517,0.876212851779791,44.9479296687333,-0.1570434003792,0.00151344985056473,3710.43070139762,0.0826667865475329,2.36283179444332e-85,0.992807886865725,0.312592432737007,24.7003936104632,0.994688412117045,0.272146589480141,45.2816364775062,TRUE,-0.15692729130542,0.00148153700557208,0.313970511509682,2026-06-10 11:07:10,2026-06-10 11:08:29,"Time changed"
"16","2026-06-10 12:06:28","Collar_16_2026-06-10 12:06:28",2026-06-10 12:07:47.5,210.67306700338,-0.153080362307981,3.08700028241265e-48,0.93569716087717,0.880669416223758,56.3188428901463,-0.147807780833064,0.00162492217417652,3680.26760449985,0.0887555636408302,6.27781958059012e-81,0.990661216633835,0.335616257945125,34.9250104036938,0.993201152740884,0.290105516845564,56.5345807429246,TRUE,-0.148542870824374,0.00156222885714695,0.306387854718441,2026-06-10 12:07:08,2026-06-10 12:08:27,"Time changed"
"16","2026-06-10 13:06:29","Collar_16_2026-06-10 13:06:29",2026-06-10 13:07:48.5,224.301855327633,-0.254155151844183,1.31200658428068e-54,0.955845876269724,0.958972353084361,130.814110593493,-0.193801320117401,0.00258843991541666,3686.24531597077,0.1413842750713,2.08072544130403e-74,0.986276776876639,0.534624077468934,51.4086768974666,0.995161902354398,0.321586842415396,133.27435848674,TRUE,-0.197049397054229,0.0023007742177552,0.426036116794544,2026-06-10 13:07:09,2026-06-10 13:08:28,"Time changed"
"16","2026-06-10 14:06:22","Collar_16_2026-06-10 14:06:22",2026-06-10 14:07:41.5,232.987476420612,-0.159115070223156,1.43618755659773e-48,0.936945482411465,1.01246919861648,30.1132164692891,-0.171978288446082,0.0013794360506417,3649.9681769928,0.0753467619107552,1.55684897343567e-91,0.995006827589618,0.284912823979148,24.7366015764725,0.995559070172259,0.272208183164581,30.407436376716,TRUE,-0.172433055458669,0.00141166500198048,0.272312042410869,2026-06-10 14:07:02,2026-06-10 14:08:21,"Time changed"
"16","2026-06-10 15:06:29","Collar_16_2026-06-10 15:06:29",2026-06-10 15:07:48.5,236.310709508025,-0.178405055079325,3.88978860382324e-46,0.927215828723959,1.03371830349548,57.618246149679,-0.163200205853563,0.00163817233774081,3620.44304143469,0.0894793064478224,5.53461975118242e-84,0.992202191660825,0.338352986130193,53.8031366046249,0.992927925620506,0.326435701515054,57.7928427378141,TRUE,-0.163739599188211,0.00177985814088271,0.334118069001323,2026-06-10 15:07:09,2026-06-10 15:08:28,"Time changed"
"16","2026-06-10 16:06:29","Collar_16_2026-06-10 16:06:29",2026-06-10 16:07:48.5,274.905373949532,-0.274015958717534,9.23556253889278e-51,0.944593385898574,1.31571330782335,83.1943647123407,-0.238407081896451,0.00192212613089286,3574.29795031139,0.104989267084512,2.32110899405588e-91,0.994955435337125,0.397001646971632,18.3624830320749,0.997866182053608,0.261577056681962,83.8506250843111,TRUE,-0.239872615933285,0.0016811009544522,0.378584631628989,2026-06-10 16:07:09,2026-06-10 16:08:28,"Time changed"
"16","2026-06-10 17:06:29","Collar_16_2026-06-10 17:06:29",2026-06-10 17:07:48.5,NA,NA,NA,NA,NA,165.361737869493,-0.220003618087678,0.00321227052396542,3617.90683956072,0.175458791474652,1.95959825514865e-71,0.9836432580808,0.663471906466571,79.8327792596379,0.994658384263816,0.384105887526894,165.520145321736,TRUE,-0.22110075741104,0.00345814546082974,0.695257279450152,2026-06-10 17:07:09,2026-06-10 17:08:28,"Time changed"
"16","2026-06-10 18:06:30","Collar_16_2026-06-10 18:06:30",2026-06-10 18:07:49.5,178.068328221424,-0.137456568608587,2.0509703073318e-46,0.92839942590928,0.718311056210947,21.1910299601301,-0.114206847722826,0.0013046190611644,3515.93715485717,0.0712601513785719,1.21493382189222e-79,0.989924196427642,0.269459900486479,22.2072348111572,0.990293076203505,0.26793880383602,21.2082474307856,TRUE,-0.114240011299964,0.00133846807844203,0.251658685748744,2026-06-10 18:07:10,2026-06-10 18:08:29,"Time changed"
"16","2026-06-10 19:06:32","Collar_16_2026-06-10 19:06:32",2026-06-10 19:07:51.5,201.681566461707,-0.22610016175645,5.0527063985108e-57,0.961709024108036,0.832543472870345,100.355657303636,-0.180942163488688,0.00213975216569573,3510.00109270282,0.116876311085026,1.75785410545543e-78,0.989209777634356,0.441950775362346,17.5627130826137,0.996353643008017,0.26027280989315,100.638631019929,TRUE,-0.180717141309964,0.00215821727560101,0.43867753765385,2026-06-10 19:07:12,2026-06-10 19:08:31,"Time changed"
"16","2026-06-10 20:06:29","Collar_16_2026-06-10 20:06:29",2026-06-10 20:07:48.5,261.052125649926,-0.275945295782522,1.10742764032994e-51,0.94752418088367,1.20658753477027,78.8555339500442,-0.224617944173219,0.00187070289691587,3514.23619494084,0.102180456799075,2.88172757782435e-90,0.99461888781317,0.386380539306867,32.9056827620793,0.997117892091409,0.286467161555864,78.9603705087461,TRUE,-0.224929947750147,0.00178807783148545,0.397869458255843,2026-06-10 20:07:09,2026-06-10 20:08:28,"Time changed"
"16","2026-06-10 21:06:30","Collar_16_2026-06-10 21:06:30",2026-06-10 21:07:49.5,204.444170707771,-0.252659053916418,1.1116508202102e-57,0.963166393353742,0.847043216771327,130.327287531018,-0.1873397979809,0.00258057618321108,3478.1373471994,0.140954746817382,2.23468652232403e-73,0.985415641587425,0.532999878834525,25.6658604536836,0.996250277735849,0.273793732229112,131.21253351529,TRUE,-0.189442302064248,0.00256717052708279,0.507313958654857,2026-06-10 21:07:10,2026-06-10 21:08:29,"Time changed"
"16","2026-06-10 22:06:30","Collar_16_2026-06-10 22:06:30",2026-06-10 22:07:49.5,251.83900200779,-0.272621317222498,6.08414326797137e-49,0.938317816790353,1.13907227055692,132.957722721947,-0.194740472918526,0.0026233520823844,3527.21289570346,0.143291227358856,4.02098613962223e-74,0.986043028489339,0.541834940254044,93.5420955443285,0.99188849200438,0.418468446370673,136.138798502592,TRUE,-0.199028758421164,0.00140048392247854,0.265334620222427,2026-06-10 22:07:10,2026-06-10 22:08:29,"Time changed"
"16","2026-06-10 23:06:28","Collar_16_2026-06-10 23:06:28",2026-06-10 23:07:47.5,166.669363949703,-0.303344485799114,3.25983170203136e-67,0.979015303040094,0.66891645670157,172.098119529764,-0.195220350613723,0.00335040220832938,3533.72297841927,0.183003740824977,4.6013175162607e-66,0.97754186519576,0.692002035322365,44.6173344856878,0.995658833513953,0.308222441050286,173.771647391507,TRUE,-0.191717954485541,0.00326494926249999,0.634243545931163,2026-06-10 23:07:08,2026-06-10 23:08:27,"Time changed"
"29","2026-06-10 00:10:08","Collar_29_2026-06-10 00:10:08",2026-06-10 00:11:12.5,NA,NA,NA,NA,NA,-20.5432440780158,-0.000388624365866887,0.00185598241384462,3635.12799166105,0.0694072907022019,0.835029872190596,0.000912587653939234,0.18938752302412,-20.9739878543439,0.0856372275201256,0.185076207317453,-20.4157337822726,TRUE,0.000186363505924756,0.00176754208267557,0.156364358034325,2026-06-10 00:10:48,2026-06-10 00:11:37,"Time changed"
"29","2026-06-10 00:31:13","Collar_29_2026-06-10 00:31:13",2026-06-10 00:32:17.5,NA,NA,NA,NA,NA,-15.7677969001635,0.000787118172775101,0.00194676424115801,3635.14052108068,0.0728022154772516,0.68777248147525,0.00339418365774523,0.198651051213955,-20.5843345354929,0.164504828112579,0.185798769731663,-15.0883167190482,TRUE,-0.000694502313180055,0.00180788546819051,0.169966497407561,2026-06-10 00:31:53,2026-06-10 00:32:42,"Time changed"
"29","2026-06-10 01:31:12","Collar_29_2026-06-10 01:31:12",2026-06-10 01:32:16.5,-19.7954113570658,0.0590027486573623,9.58152481614613e-49,0.889880139120389,0.214850200332655,17.7240161802632,0.0407002699727911,0.00179603857299847,3640.30601891773,0.0671655994251834,9.50676538623197e-41,0.839745417346379,0.259183986045471,-22.8399467902253,0.897370638876772,0.209563754205981,18.0039794732872,TRUE,0.0400978379099027,0.00188221507660956,0.289600356795869,2026-06-10 01:31:52,2026-06-10 01:32:41,"Time changed"
"29","2026-06-10 02:31:12","Collar_29_2026-06-10 02:31:12",2026-06-10 02:32:16.5,NA,NA,NA,NA,NA,-9.77664747949357,0.00137415978678557,0.00156530411613268,3683.50525386391,0.0585369327938415,0.382152365702064,0.00780277258497663,0.22588699724602,-42.9309643172394,0.315712098901239,0.189534851672489,-9.76651453169309,TRUE,0.00152586538234922,0.00170672907832636,0.25768474735669,2026-06-10 02:31:52,2026-06-10 02:32:41,"Time changed"
"29","2026-06-10 03:31:12","Collar_29_2026-06-10 03:31:12",2026-06-10 03:32:16.5,NA,NA,NA,NA,NA,94.6719637903217,-0.0230878980606411,0.0026387971408716,3658.81803396579,0.0986818403527972,6.23108170662249e-14,0.438562857298519,0.380801376773702,11.450548220966,0.765305265660867,0.248757987019024,94.6755799452239,TRUE,-0.0229323072273763,0.00282712694151551,0.45361416966086,2026-06-10 03:31:52,2026-06-10 03:32:41,"Time changed"
"29","2026-06-10 04:31:12","Collar_29_2026-06-10 04:31:12",2026-06-10 04:32:16.5,NA,NA,NA,NA,NA,-7.50219434219371,-0.000886815083573798,0.00158320677437137,3648.34772026777,0.0592064299805852,0.576663170832175,0.00319136574396976,0.228470506527431,-11.8593052117044,0.0831098234128081,0.221391187725764,-7.37110208441481,TRUE,-0.00032677331973755,0.0017089663315718,0.217559337632057,2026-06-10 04:31:52,2026-06-10 04:32:41,"Time changed"
"29","2026-06-10 05:31:12","Collar_29_2026-06-10 05:31:12",2026-06-10 05:32:16.5,-64.2858833129176,-0.00861256937449493,0.16067312536119,0.0199806274722199,0.171999003444894,-64.960377141416,0.00194273292833265,0.00118786963516745,3660.61023429865,0.0444221952047481,0.105157199712214,0.0265685550993064,0.171419919134075,-61.645741000621,0.0332172923696053,0.172603842012639,-64.8912833862196,TRUE,0.00224949092927768,0.00124537798371937,0.180861390390911,2026-06-10 05:31:52,2026-06-10 05:32:41,"Time changed"
"29","2026-06-10 06:31:12","Collar_29_2026-06-10 06:31:12",2026-06-10 06:32:16.5,NA,NA,NA,NA,NA,-14.782350982899,0.0278141158477899,0.00196604338665052,3700.80115921861,0.0735231885024845,9.5618842118236e-19,0.806564558572628,0.200618327187914,-12.1202263236205,0.811671775803074,0.202209701874565,-14.7807501272467,TRUE,0.027785061303745,0.00181712339813571,0.204599179749109,2026-06-10 06:31:52,2026-06-10 06:32:41,"Time changed"
"29","2026-06-10 07:31:12","Collar_29_2026-06-10 07:31:12",2026-06-10 07:32:16.5,NA,NA,NA,NA,NA,-17.6588718334229,0.0178104348283681,0.00191029538410632,3719.25010350848,0.0714384069928163,2.38438047956339e-12,0.644248541717917,0.194929708569207,-18.5420104716918,0.677349542162332,0.189632397009983,-17.6215453915341,TRUE,0.0181230686158725,0.0021026485659799,0.230883168989085,2026-06-10 07:31:52,2026-06-10 07:32:41,"Time changed"
"29","2026-06-10 08:31:12","Collar_29_2026-06-10 08:31:12",2026-06-10 08:32:16.5,NA,NA,NA,NA,NA,-15.0545056800465,0.00728026838899757,0.00196069998168773,3784.14743082976,0.0733233637310718,0.00053293322300872,0.223138636821383,0.200073077285291,-16.153436927011,0.298456236119596,0.19421643489363,-14.8748349981424,TRUE,0.00797824226971607,0.00217351723216704,0.20039987198221,2026-06-10 08:31:52,2026-06-10 08:32:41,"Time changed"
"29","2026-06-10 09:31:12","Collar_29_2026-06-10 09:31:12",2026-06-10 09:32:16.5,-32.6595878770262,-0.0151468324466821,0.137956548406211,0.045267504147055,0.167776353651579,-33.1509596386254,-0.00272424228565422,0.00163613540952509,3791.14447664632,0.0611857769502449,0.102418307240563,0.0546041232611906,0.166953970161892,-30.9392108110292,0.0878187279755036,0.167522126682323,-33.1449484210926,TRUE,-0.00283935997656966,0.00174886112200442,0.149572504841026,2026-06-10 09:31:52,2026-06-10 09:32:41,"Time changed"
"29","2026-06-10 10:31:12","Collar_29_2026-06-10 10:31:12",2026-06-10 10:32:16.5,NA,NA,NA,NA,NA,-19.8854444579223,0.00800208577657065,0.00186823130151272,3786.54389337841,0.0698653565226625,8.79027185475548e-05,0.276521778388076,0.190637419832386,-25.9046420941815,0.407893515331808,0.176172059680011,-19.8786382289219,TRUE,0.00796988147794379,0.00194294400052233,0.220135986438625,2026-06-10 10:31:52,2026-06-10 10:32:41,"Time changed"
"29","2026-06-10 11:31:12","Collar_29_2026-06-10 11:31:12",2026-06-10 11:32:16.5,NA,NA,NA,NA,NA,15.0331773384288,0.0147917254101602,0.00264898983552676,3769.74838589239,0.0990630117021012,1.07629312501423e-06,0.393786847035432,0.270307315265587,14.3195462028474,0.448325036240312,0.263407697441789,16.0762838582537,TRUE,0.0170523038383131,0.00244510526538512,0.217301854339753,2026-06-10 11:31:52,2026-06-10 11:32:41,"Time changed"
"29","2026-06-10 12:31:12","Collar_29_2026-06-10 12:31:12",2026-06-10 12:32:16.5,NA,NA,NA,NA,NA,-33.2551363823742,0.010124629204739,0.00163443182445593,3749.51117952234,0.0611220687904857,1.26381379705822e-07,0.444270142544608,0.166780133516618,-29.6511816722734,0.44865463887958,0.169693816462568,-33.2314696009358,TRUE,0.00987940497021329,0.00173486692633251,0.123044340110983,2026-06-10 12:31:52,2026-06-10 12:32:41,"Time changed"
"29","2026-06-10 13:31:12","Collar_29_2026-06-10 13:31:12",2026-06-10 13:32:16.5,-12.3474350946522,0.0336476498285956,0.0128625579405587,0.122123912014085,0.205563171808495,-10.4295850202968,0.0044137920744041,0.00205351046298412,3752.5167482292,0.0767941531132871,0.0366736632225008,0.0877970891393829,0.209543612691383,-14.4558472031305,0.223080134651675,0.197541576915905,-10.0871062455822,TRUE,0.00373737581421984,0.00195061784629829,0.162710544527462,2026-06-10 13:31:52,2026-06-10 13:32:41,"Time changed"
"29","2026-06-10 14:31:12","Collar_29_2026-06-10 14:31:12",2026-06-10 14:32:16.5,0.741073875753062,0.0609270994219228,3.72565474288539e-12,0.637644284057562,0.234308466883706,13.2959908617017,0.0193161900434756,0.00260336934610049,3706.16743937451,0.0973569639788221,1.67639617689989e-09,0.534214741245059,0.26565212487847,-5.0764271428845,0.702243407305122,0.216966568360809,13.4588970072969,TRUE,0.0184754822782391,0.00269999426115761,0.283511125849942,2026-06-10 14:31:52,2026-06-10 14:32:41,"Time changed"
"29","2026-06-10 15:31:12","Collar_29_2026-06-10 15:31:12",2026-06-10 15:32:16.5,NA,NA,NA,NA,NA,138.333678957467,-0.139926489662776,0.00909007709430156,3674.50237055236,0.339937285333801,3.40840873113172e-20,0.831551985243282,0.927566539502882,92.3701315338483,0.937986243717763,0.574907331721286,138.334354166473,TRUE,-0.139790326904012,0.00923481124969569,1.13611202563298,2026-06-10 15:31:52,2026-06-10 15:32:41,"Time changed"
"29","2026-06-10 16:31:12","Collar_29_2026-06-10 16:31:12",2026-06-10 16:32:16.5,NA,NA,NA,NA,NA,-40.9457464682531,0.00202776395342629,0.00151344594727816,3662.81981973261,0.0565976175427267,0.186608657413543,0.0360507176558242,0.154434533995482,-43.9564213109107,0.162161647834978,0.147075099479705,-40.8174864499387,TRUE,0.00255722254921137,0.00150973896295562,0.155096870587462,2026-06-10 16:31:52,2026-06-10 16:32:41,"Time changed"
"29","2026-06-10 17:31:12","Collar_29_2026-06-10 17:31:12",2026-06-10 17:32:16.5,NA,NA,NA,NA,NA,25.4129870978997,-0.0104633100505285,0.00293872693062944,3614.93749238626,0.109898171904587,0.00084702384171563,0.208927182570747,0.299872568880267,7.77607428223155,0.486807117055005,0.246723504113632,25.4312571206684,TRUE,-0.0101833433693638,0.00315490485723096,0.348020312702009,2026-06-10 17:31:52,2026-06-10 17:32:41,"Time changed"
"29","2026-06-10 18:31:12","Collar_29_2026-06-10 18:31:12",2026-06-10 18:32:16.5,NA,NA,NA,NA,NA,-13.2022387173719,-0.00547106675124892,0.00199735581360533,3604.43534558388,0.0746941644255492,0.00861983081801417,0.135181398770707,0.20381349915539,-9.41881143553845,0.138919220129163,0.207746676474504,-13.1101976297889,TRUE,-0.00513653577939126,0.00227516711153343,0.190176981038056,2026-06-10 18:31:52,2026-06-10 18:32:41,"Time changed"
"29","2026-06-10 19:31:12","Collar_29_2026-06-10 19:31:12",2026-06-10 19:32:16.5,NA,NA,NA,NA,NA,-28.2434096343091,0.00308411391033839,0.00171843244047542,3602.67449227244,0.0642633998352944,0.0789958806336117,0.0628850653753562,0.175351695661691,-24.6936518423493,0.0712857590878733,0.178318456245128,-28.1827697395074,TRUE,0.00273668955238386,0.00168520943357557,0.173586089231037,2026-06-10 19:31:52,2026-06-10 19:32:41,"Time changed"
"29","2026-06-10 20:31:12","Collar_29_2026-06-10 20:31:12",2026-06-10 20:32:16.5,-39.0436594773222,0.0214458211816126,0.273381481797248,0.0249386640720678,0.157400127853092,-39.2190999914251,-0.00182238105770619,0.00153980471491174,3608.45320347621,0.0575833438265798,0.242433714685509,0.0283539739718892,0.157124226351861,-35.3876916703155,0.0316246854220245,0.160233260797647,-39.2184157386262,TRUE,-0.00179327072317254,0.0015478941493185,0.163489972532752,2026-06-10 20:31:52,2026-06-10 20:32:41,"Time changed"
"29","2026-06-10 21:31:12","Collar_29_2026-06-10 21:31:12",2026-06-10 21:32:16.5,NA,NA,NA,NA,NA,-29.572849432533,0.00353978479437754,0.00169573810372917,3605.92892636808,0.063414710528709,0.0421790342924735,0.0832256818843233,0.173035927909267,-26.8152612993516,0.105725213222653,0.17457508528364,-29.4483899436595,TRUE,0.00401650158323842,0.00175243117811396,0.199470363183318,2026-06-10 21:31:52,2026-06-10 21:32:41,"Time changed"
"29","2026-06-10 22:31:12","Collar_29_2026-06-10 22:31:12",2026-06-10 22:32:16.5,NA,NA,NA,NA,NA,-19.4569632100995,0.00232981897499881,0.00187625349683326,3602.99501885178,0.0701653587417188,0.220366020389759,0.0311235056839336,0.191456017944976,-18.0357681660159,0.0798275963092908,0.190594830496204,-19.4129569663163,TRUE,0.00210383246651016,0.00208130197812024,0.206860559646558,2026-06-10 22:31:52,2026-06-10 22:32:41,"Time changed"
"29","2026-06-10 23:31:12","Collar_29_2026-06-10 23:31:12",2026-06-10 23:32:16.5,NA,NA,NA,NA,NA,-33.3691888414756,0.0105609155386072,0.00163256877739525,3622.46802094421,0.0610523973065493,4.80021809818405e-08,0.46575607077092,0.166590025105317,-30.2094965488966,0.474659629742,0.168749030534943,-33.3573243931871,TRUE,0.0104785992339123,0.00168907253326723,0.20428087371203,2026-06-10 23:31:52,2026-06-10 23:32:41,"Time changed"
"30","2026-06-10 00:13:07","Collar_30_2026-06-10 00:13:07",2026-06-10 00:13:56.5,NA,NA,NA,NA,NA,-7.29094230363019,-0.0131308694911006,0.00109187757950649,3635.44302970542,0.059639908628237,1.91293633187036e-19,0.649632783488377,0.225519642227702,-5.9173061027195,0.660948420741059,0.224748102326333,-7.2836533975188,TRUE,-0.0131978543871878,0.00112942293999845,0.191849261482449,2026-06-10 00:13:17,2026-06-10 00:14:36,NA
"30","2026-06-10 00:34:12","Collar_30_2026-06-10 00:34:12",2026-06-10 00:35:01.5,NA,NA,NA,NA,NA,-48.7674770809264,-0.00448775315954099,0.000842543843793356,3635.77706210765,0.0460209448405665,9.40226261964638e-07,0.266716648601458,0.174021511000631,-46.7085916362161,0.284294865202005,0.174170498388376,-48.743387016452,TRUE,-0.0043849270482064,0.000867975905096213,0.200318114898392,2026-06-10 00:34:22,2026-06-10 00:35:41,NA
"30","2026-06-10 01:34:10","Collar_30_2026-06-10 01:34:10",2026-06-10 01:34:59.5,22.6060073511831,0.0222173252755585,7.1184765362552e-63,0.830961801056394,0.256466976530716,-52.2950629476273,0.0253833012755725,0.000694788343780089,3642.71805293778,0.0379503289716211,5.96276359507321e-79,0.894153172098475,0.202944808987879,-53.4007018390298,0.897477448788816,0.201008753431775,-52.1837548378662,TRUE,0.0254533870580539,0.000738505567317132,0.186329624086898,2026-06-10 01:34:20,2026-06-10 01:35:39,NA
"30","2026-06-10 02:34:12","Collar_30_2026-06-10 02:34:12",2026-06-10 02:35:01.5,-96.5562039069889,0.00736234833057247,3.39607502886515e-19,0.398957408234577,0.176729090809525,-102.010641748889,0.00635065164472083,0.000594812407371372,3683.64340297885,0.0324895009224425,2.24379511714867e-20,0.419101778320554,0.173742250396491,-99.112698051928,0.423089171186897,0.17425129271618,-101.901754624735,TRUE,0.00620735766205185,0.000620794371998673,0.180341214724672,2026-06-10 02:34:22,2026-06-10 02:35:41,NA
"30","2026-06-10 03:34:12","Collar_30_2026-06-10 03:34:12",2026-06-10 03:35:01.5,NA,NA,NA,NA,NA,-41.2332762965577,-0.00182264254024505,0.000719225789526077,3658.40634627556,0.0392851370661852,0.0122444312850424,0.039058223753836,0.210082886077786,-46.8924993741494,0.0953540277621621,0.205138752003041,-40.5104732046973,TRUE,-0.00144370438177591,0.000723343214135676,0.204123539215844,2026-06-10 03:34:22,2026-06-10 03:35:41,NA
"30","2026-06-10 04:34:12","Collar_30_2026-06-10 04:34:12",2026-06-10 04:35:01.5,NA,NA,NA,NA,NA,-32.5533243187004,-0.000606205929829219,0.000739001677625201,3648.62563599393,0.0403653242423035,0.413278731843766,0.00424078990134937,0.215859341409502,-31.3225664056611,0.0213268669496371,0.215366801885943,-32.5301003276758,TRUE,-0.00058368188908749,0.000739710249268358,0.213692561242967,2026-06-10 04:34:22,2026-06-10 04:35:41,NA
"30","2026-06-10 05:34:11","Collar_30_2026-06-10 05:34:11",2026-06-10 05:35:00.5,NA,NA,NA,NA,NA,-76.5845789759402,0.00765550409727654,0.000644002443447682,3661.28582107567,0.0351763307576487,1.1021986200073e-23,0.472119012311275,0.188110457009314,-77.1128934451784,0.486849645582384,0.186652361584062,-76.4926178971669,TRUE,0.00784111183863991,0.00061660441747277,0.182973532717735,2026-06-10 05:34:21,2026-06-10 05:35:40,NA
"30","2026-06-10 06:34:10","Collar_30_2026-06-10 06:34:10",2026-06-10 06:34:59.5,NA,NA,NA,NA,NA,-24.4580800122835,0.0195581496053098,0.000980791042865635,3701.22990144451,0.0535722037687946,2.34294186184759e-32,0.836014367861755,0.202575498607789,-26.9727990722591,0.84883910084588,0.197035398176132,-24.4380571917809,TRUE,0.0194890827348202,0.00109676773189124,0.21644624718713,2026-06-10 06:34:20,2026-06-10 06:35:39,NA
"30","2026-06-10 07:34:12","Collar_30_2026-06-10 07:34:12",2026-06-10 07:35:01.5,34.9549774797506,0.0216215702387378,1.67114301855008e-19,0.650836694998804,0.293666350020748,3.41791245809077,0.0185819471596373,0.00116745843313896,3718.93602520303,0.0637682425085997,3.25284608149147e-26,0.76459053018464,0.241130336494512,-8.01584809947895,0.805893997270607,0.221819578580753,3.47167508933359,TRUE,0.0183160449887625,0.00119947460455082,0.21595068669288,2026-06-10 07:34:22,2026-06-10 07:35:41,NA
"30","2026-06-10 08:34:10","Collar_30_2026-06-10 08:34:10",2026-06-10 08:34:59.5,NA,NA,NA,NA,NA,-52.1168161087248,-0.00220412689280686,0.000825089885119224,3783.69713655525,0.0450675847569235,0.00919200113983401,0.0838216283259097,0.170416518472598,-53.2881633170897,0.141171514412115,0.167153469965268,-52.0050329103408,TRUE,-0.00193895594160277,0.000901984508380644,0.173867797745751,2026-06-10 08:34:20,2026-06-10 08:35:39,NA
"30","2026-06-10 09:34:12","Collar_30_2026-06-10 09:34:12",2026-06-10 09:35:01.5,NA,NA,NA,NA,NA,-13.89439086506,-0.00300934071469151,0.00104773135338775,3790.58748197254,0.0572285788771553,0.00524682303051558,0.0956499615545353,0.216401549405885,-15.0463579439937,0.152054039759318,0.212283714478555,-13.8488801829162,TRUE,-0.00320243622525546,0.00108625392676964,0.195383227641489,2026-06-10 09:34:22,2026-06-10 09:35:41,NA
"30","2026-06-10 10:34:12","Collar_30_2026-06-10 10:34:12",2026-06-10 10:35:01.5,102.156736180262,-0.0347215702200535,4.03192426950906e-16,0.574313055666943,0.446953807745238,108.422127880079,-0.0215181061777683,0.00225039431732842,3787.05227505851,0.122919743002355,8.80961156842059e-15,0.53963410375967,0.464803134381187,93.624454373107,0.636037557972033,0.418683905388416,112.300079541779,TRUE,-0.0205063601384505,0.00132264020279898,0.211608360375129,2026-06-10 10:34:22,2026-06-10 10:35:41,NA
"30","2026-06-10 11:34:12","Collar_30_2026-06-10 11:34:12",2026-06-10 11:35:01.5,100.802653363325,-0.0568112578573689,4.0132394411741e-08,0.322166269326589,0.443187190755471,107.152903132309,-0.0118751852328468,0.00223261333476882,3769.82842364383,0.121948520408285,9.68973129376583e-07,0.266167981360557,0.461130597367368,99.9747627209131,0.361862747294695,0.435635402179271,110.00224784292,TRUE,-0.0131849866727287,0.00153230396648942,0.225958261364823,2026-06-10 11:34:22,2026-06-10 11:35:41,NA
"30","2026-06-10 12:34:12","Collar_30_2026-06-10 12:34:12",2026-06-10 12:35:01.5,NA,NA,NA,NA,NA,-27.9184146638762,0.0051138360422731,0.000959807113743105,3749.54722064691,0.0524260316712828,9.34366765057806e-07,0.266830494513935,0.198241415486142,-41.3720738719366,0.410540400568151,0.180077611195787,-27.8015461045545,TRUE,0.00525536164795415,0.00105629397000927,0.193908165276408,2026-06-10 12:34:22,2026-06-10 12:35:41,NA
"30","2026-06-10 13:34:12","Collar_30_2026-06-10 13:34:12",2026-06-10 13:35:01.5,NA,NA,NA,NA,NA,5.58489169816234,-0.00333869526391478,0.00118337760508878,3751.40461992826,0.0646377703552591,0.00606336424302702,0.0926000107041868,0.244418329608452,6.77535330754228,0.123914117468282,0.243303430883594,5.81576232776009,TRUE,-0.00388377057412098,0.00119648205049685,0.245931209534881,2026-06-10 13:34:22,2026-06-10 13:35:41,NA
"30","2026-06-10 14:34:12","Collar_30_2026-06-10 14:34:12",2026-06-10 14:35:01.5,NA,NA,NA,NA,NA,70.3645847917739,-0.013895804164598,0.00177401583269803,3706.72296205783,0.0968992716335262,1.98084937898339e-11,0.440279802420617,0.366410505541442,64.6638982300909,0.504197119362762,0.349363440420592,70.8100662537194,TRUE,-0.0147821102035714,0.00179817049472592,0.364400748125119,2026-06-10 14:34:22,2026-06-10 14:35:41,NA
"30","2026-06-10 15:34:12","Collar_30_2026-06-10 15:34:12",2026-06-10 15:35:01.5,NA,NA,NA,NA,NA,9.93178543699927,-0.0127548928032231,0.00121596841991024,3667.91466697134,0.0664179270821244,1.45870896132418e-16,0.585171416860752,0.25114973341818,2.98101245573585,0.63824010439354,0.237601457283938,10.0739467052169,TRUE,-0.0130978833073664,0.0012220084480751,0.268886333807056,2026-06-10 15:34:22,2026-06-10 15:35:41,NA
"30","2026-06-10 16:34:12","Collar_30_2026-06-10 16:34:12",2026-06-10 16:35:01.5,NA,NA,NA,NA,NA,-6.59061872747127,-0.000862340813122941,0.00109666722662599,3662.86399433339,0.0599015259761245,0.434057450509016,0.00786474115001893,0.226508910186913,-5.32671728444775,0.0412232859821272,0.225579221013075,-6.50746095350097,TRUE,-0.000776451115007598,0.00111733394508525,0.218560612733227,2026-06-10 16:34:22,2026-06-10 16:35:41,NA
"30","2026-06-10 17:34:13","Collar_30_2026-06-10 17:34:13",2026-06-10 17:35:02.5,NA,NA,NA,NA,NA,38.2890226013378,0.000673609957515888,0.0014517555453258,3613.69211452174,0.0792969557199819,0.643942392862146,0.00275256975023841,0.299849907470338,36.7620952901276,0.069322958816574,0.293455640612246,38.8372605533004,TRUE,0.000118710612293962,0.00142932113938997,0.247146701524812,2026-06-10 17:34:23,2026-06-10 17:35:42,NA
"30","2026-06-10 18:34:12","Collar_30_2026-06-10 18:34:12",2026-06-10 18:35:01.5,-23.6249918552592,-0.0156531401096906,1.44256170017827e-06,0.258883991650667,0.203633019674428,-22.9507238961721,-0.00508356392606459,0.000990074713425869,3604.11754950447,0.0540792910781587,2.0266046412353e-06,0.252611209453373,0.204492975532492,-19.8393661949071,0.260867286353089,0.206018785061928,-22.3774890459993,TRUE,-0.00554486675536797,0.00106458439177511,0.184494540369579,2026-06-10 18:34:22,2026-06-10 18:35:41,NA
"30","2026-06-10 19:34:11","Collar_30_2026-06-10 19:34:11",2026-06-10 19:35:00.5,NA,NA,NA,NA,NA,-36.7563361027963,0.000185919014560811,0.000908227894367985,3602.7448398854,0.049608701241219,0.838335650963764,0.000536945352113421,0.187588090133387,-33.6722244595286,0.0119141517006763,0.188955585501936,-36.7526509472548,TRUE,0.000140170628633911,0.000975977982710497,0.186441547535605,2026-06-10 19:34:21,2026-06-10 19:35:40,NA
"30","2026-06-10 20:34:10","Collar_30_2026-06-10 20:34:10",2026-06-10 20:34:59.5,-45.5271418127556,0.00989256162767693,1.14208788056781e-08,0.343164963159965,0.177581740618515,-47.7256384975399,0.00562914546598312,0.000848047961130481,3608.86998234202,0.0463215875694094,3.81907199943447e-09,0.360969813859262,0.175158347763237,-43.9491032487237,0.362752332157078,0.17720043582318,-47.6832618079914,TRUE,0.00547920206019985,0.000854252344765039,0.151021756114457,2026-06-10 20:34:20,2026-06-10 20:35:39,NA
"30","2026-06-10 21:34:10","Collar_30_2026-06-10 21:34:10",2026-06-10 21:34:59.5,NA,NA,NA,NA,NA,-13.8738963848083,-0.00670820898073545,0.00104786556641784,3605.12085271253,0.0572359097840277,1.05669528060263e-08,0.344443271377627,0.216429270164235,-21.5766362124711,0.433656607857796,0.203793946385091,-13.7868058670207,TRUE,-0.0066392531766772,0.0010834942067686,0.21601031016186,2026-06-10 21:34:20,2026-06-10 21:35:39,NA
"30","2026-06-10 22:34:13","Collar_30_2026-06-10 22:34:13",2026-06-10 22:35:02.5,-31.5823279317188,0.0158037622317089,0.000915036527744292,0.132221788456369,0.193753377472252,-28.2672161613944,0.00274851661712528,0.000957717004308666,3603.00336663502,0.0523118669168885,0.00528263816647014,0.0955065506828216,0.197809718068118,-30.1831916582413,0.15998027914131,0.193121291544146,-28.2286227417716,TRUE,0.00282905665675401,0.00103384109771502,0.187039559315889,2026-06-10 22:34:23,2026-06-10 22:35:42,NA
"30","2026-06-10 23:34:11","Collar_30_2026-06-10 23:34:11",2026-06-10 23:35:00.5,NA,NA,NA,NA,NA,-55.9009663291095,0.011414929252176,0.000805804690112029,3623.75044341371,0.0440141999364139,2.86263075549358e-23,0.720101091326142,0.16643329694672,-53.8920569312163,0.726981416307582,0.166523765863135,-55.8919711515606,TRUE,0.0114020058045799,0.000858003444221681,0.18498894564475,2026-06-10 23:34:21,2026-06-10 23:35:40,NA
"31","2026-06-10 00:16:07","Collar_31_2026-06-10 00:16:07",2026-06-10 00:16:56.530864,1.62580339542285,-0.0226664029445286,5.66990140594913e-06,0.230746152687033,0.238487329533547,-4.20897507807946,-0.00623766308435597,0.00111373384222368,3633.54620244566,0.0607985395136211,2.99471017486112e-07,0.284210081901982,0.230050541906233,-4.01594580262897,0.31707361299342,0.227606993337714,-4.19910362109712,TRUE,-0.00631754775003465,0.00119800625623992,0.248697722728027,2026-06-10 00:16:17,2026-06-10 00:17:36,NA
"31","2026-06-10 00:37:13","Collar_31_2026-06-10 00:37:13",2026-06-10 00:38:02.5,NA,NA,NA,NA,NA,-6.8916478990029,-0.00064245399928752,0.00109460586122706,3635.41953229939,0.0597889312618924,0.558947594637267,0.00439703692879431,0.226083149647462,-7.64218564441085,0.0617965484079286,0.222338219261214,-6.82682809588158,TRUE,-0.000413743236801804,0.00113591988637404,0.255745136683816,2026-06-10 00:37:23,2026-06-10 00:38:42,NA
"31","2026-06-10 01:37:10","Collar_31_2026-06-10 01:37:10",2026-06-10 01:37:59.5,NA,NA,NA,NA,NA,29.4192209795962,0.0177989411866021,0.000896917957918454,3646.71238758182,0.048990936402833,9.26498457662373e-45,0.713667752017321,0.2619860354266,32.0201071759998,0.716160657826603,0.262509818382635,29.5842132053554,TRUE,0.018009881631409,0.000909090990912851,0.250698817060562,2026-06-10 01:37:20,2026-06-10 01:38:39,NA
"31","2026-06-10 02:37:11","Collar_31_2026-06-10 02:37:11",2026-06-10 02:38:00.5,NA,NA,NA,NA,NA,-125.501407521336,-9.24806716304599e-05,0.000552712199454495,3684.57535886119,0.0301899275998296,0.867330995550381,0.000177161690315634,0.161444953341167,-136.357069093601,0.0888293359417064,0.155106163590123,-125.309061769915,TRUE,-0.000178853976930419,0.000519800253280738,0.149177240904502,2026-06-10 02:37:21,2026-06-10 02:38:40,NA
"31","2026-06-10 03:37:12","Collar_31_2026-06-10 03:37:12",2026-06-10 03:38:01.5,NA,NA,NA,NA,NA,-79.8964512805885,-0.00211222630840025,0.000637371647380133,3658.01714589366,0.0348141472317448,0.00114062887678027,0.0649911257787205,0.186173628832196,-98.6090339760618,0.188728817560567,0.174525771530996,-79.8649772181598,TRUE,-0.00217764676903898,0.000672919038218553,0.192075591506992,2026-06-10 03:37:22,2026-06-10 03:38:41,NA
"31","2026-06-10 04:37:12","Collar_31_2026-06-10 04:37:12",2026-06-10 04:38:01.5,NA,NA,NA,NA,NA,22.6971266085909,-0.00430056850010525,0.000878273325818513,3648.79831137427,0.047972540040715,2.38953358803385e-06,0.131757753137476,0.256540015305443,14.5853977652294,0.195056203716954,0.248590016103626,22.7221806558486,TRUE,-0.00421600338233006,0.000965736740110253,0.263866167378395,2026-06-10 04:37:22,2026-06-10 04:38:41,NA
"31","2026-06-10 05:37:12","Collar_31_2026-06-10 05:37:12",2026-06-10 05:38:01.5,NA,NA,NA,NA,NA,-97.281459038446,0.0154663682134129,0.000603668236721159,3662.46900814451,0.0329732189354887,3.8468310497282e-58,0.805996270535927,0.176329001616357,-97.9363900837423,0.811559168967374,0.174893012663042,-97.1262026334659,TRUE,0.0152491987697647,0.000609097168819884,0.176801671466149,2026-06-10 05:37:22,2026-06-10 05:38:41,NA
"31","2026-06-10 06:37:11","Collar_31_2026-06-10 06:37:11",2026-06-10 06:38:00.5,NA,NA,NA,NA,NA,-49.1574694683319,0.0149896841621472,0.000840492684078895,3704.55211604397,0.0459089075753562,3.0169214275538e-29,0.803063068338409,0.173597858373597,-45.2951873666938,0.803401798451459,0.175715897481742,-49.1443788083291,TRUE,0.0150842877616147,0.000831478568771289,0.179337630547375,2026-06-10 06:37:21,2026-06-10 06:38:40,NA
"31","2026-06-10 07:37:12","Collar_31_2026-06-10 07:37:12",2026-06-10 07:38:01.5,NA,NA,NA,NA,NA,-10.8340492798036,0.0120605832236337,0.00106796433497065,3721.19781042165,0.0583337331504269,4.40722212683808e-18,0.620499193382736,0.220580529589577,-16.3074211483069,0.662879789672562,0.210617145874413,-10.5495208171679,TRUE,0.0116453686376511,0.00106663745221026,0.209217959530504,2026-06-10 07:37:22,2026-06-10 07:38:41,NA
"31","2026-06-10 08:37:10","Collar_31_2026-06-10 08:37:10",2026-06-10 08:37:59.5,NA,NA,NA,NA,NA,-10.9521055822363,-0.00030333710921833,0.00106717662610939,3783.97897636971,0.0582907073704377,0.776977655587169,0.00103474719535865,0.220417833858935,-10.1377853267281,0.0400329132290532,0.218897204697764,-10.6765585343833,TRUE,0.000247920824009703,0.000970677282114352,0.176765636581377,2026-06-10 08:37:20,2026-06-10 08:38:39,NA
"31","2026-06-10 09:37:11","Collar_31_2026-06-10 09:37:11",2026-06-10 09:38:00.5,80.4219132684389,-0.0746552500449217,1.43487192315405e-05,0.215595441030903,0.390181731071838,78.4133797750922,-0.00913289347916322,0.00186554041401822,3789.33268281774,0.101898474629929,5.18273457550228e-06,0.235044059779599,0.385314264737322,77.8708165339295,0.277269646771065,0.379424638583513,78.4590561482282,TRUE,-0.00938871674576582,0.00201871414772185,0.320249325434705,2026-06-10 09:37:21,2026-06-10 09:38:40,NA
"31","2026-06-10 10:37:11","Collar_31_2026-06-10 10:37:11",2026-06-10 10:38:00.5,NA,NA,NA,NA,NA,12.4598739530801,-0.00471883882118147,0.00123533398406835,3785.66626325858,0.0674757017801324,0.000266554408254226,0.157590539397308,0.255149554627485,7.31152681436075,0.248619747345249,0.244120128867247,12.752505537607,TRUE,-0.00410746203572653,0.00119140144730176,0.235216570837936,2026-06-10 10:37:21,2026-06-10 10:38:40,NA
"31","2026-06-10 11:37:11","Collar_31_2026-06-10 11:37:11",2026-06-10 11:38:00.5,NA,NA,NA,NA,NA,283.803889970858,-0.0286115648045929,0.00673448584421755,3766.53548749223,0.367847209197964,5.90010296753876e-05,0.187921946966177,1.39096073285242,232.03272354079,0.595578811939984,0.994428216405528,283.886905343919,TRUE,-0.0282837055074374,0.00693750312182279,1.68760636931401,2026-06-10 11:37:21,2026-06-10 11:38:40,NA
"31","2026-06-10 12:37:12","Collar_31_2026-06-10 12:37:12",2026-06-10 12:38:01.5,NA,NA,NA,NA,NA,-65.4811462361384,0.00488442736011628,0.000758972290453816,3750.29867959643,0.0414561475605062,9.13907597493841e-09,0.346825013594253,0.156760393854087,-68.6940037598364,0.403138945133309,0.151809412576537,-65.3861607149008,TRUE,0.0046770681586149,0.000798082094705284,0.159578175031623,2026-06-10 12:37:22,2026-06-10 12:38:41,NA
"31","2026-06-10 13:37:11","Collar_31_2026-06-10 13:37:11",2026-06-10 13:38:00.5,NA,NA,NA,NA,NA,2.49849899860095,-0.00844716497188791,0.00116076906498815,3751.38244958887,0.0634028596920797,2.32806844895773e-10,0.404388486807,0.239748694504224,-45.0820110981935,0.687428808877058,0.175950168883918,2.49896903681356,TRUE,-0.00844477143638399,0.00128345531548146,0.225135097518529,2026-06-10 13:37:21,2026-06-10 13:38:40,NA
"31","2026-06-10 14:37:13","Collar_31_2026-06-10 14:37:13",2026-06-10 14:38:02.5,NA,NA,NA,NA,NA,133.177449083726,-0.0428719527437345,0.00262695717979405,3701.55677444169,0.143488142914356,7.20697171664887e-27,0.773481373662899,0.542579547793643,118.17860536837,0.821365533636237,0.488128981129372,133.463634896783,TRUE,-0.0415603764020158,0.00268076325619635,0.508308061163808,2026-06-10 14:37:23,2026-06-10 14:38:42,NA
"31","2026-06-10 15:37:13","Collar_31_2026-06-10 15:37:13",2026-06-10 15:38:02.5,NA,NA,NA,NA,NA,87.3277821690217,-0.023674980218838,0.00197242902791689,3666.89969219499,0.107736882969806,2.10899693800681e-19,0.648760933730816,0.407391356910546,49.4149167816086,0.791996215393057,0.317604412600953,87.9013128399137,TRUE,-0.022517205980433,0.00190211624217178,0.402899982775008,2026-06-10 15:37:23,2026-06-10 15:38:42,NA
"31","2026-06-10 16:37:11","Collar_31_2026-06-10 16:37:11",2026-06-10 16:38:00.5,NA,NA,NA,NA,NA,2.70806174193022,-0.00423578646672294,0.00116229039825202,3662.60497077386,0.0634859570818908,0.000481207686751044,0.145498078438696,0.240062915200588,-1.66050790130978,0.23036865246284,0.230807774387544,2.77747484392349,TRUE,-0.00432299621183094,0.00115673019254248,0.246346539123327,2026-06-10 16:37:21,2026-06-10 16:38:40,NA
"31","2026-06-10 17:37:14","Collar_31_2026-06-10 17:37:14",2026-06-10 17:38:03.5,-18.3789001716054,0.0236584438439495,5.329765491699e-05,0.189937124445121,0.210420418802906,-13.8515462377412,0.00377734879586253,0.00104801195132622,3613.46621285717,0.0572439055362292,0.000549347842680421,0.14277211537105,0.216459504938521,-20.1087521603615,0.245927347899927,0.205672210842546,-13.8185114186926,TRUE,0.0037584670437431,0.00103276444452105,0.210009198650703,2026-06-10 17:37:24,2026-06-10 17:38:43,NA
"31","2026-06-10 18:37:12","Collar_31_2026-06-10 18:37:12",2026-06-10 18:38:01.5,NA,NA,NA,NA,NA,-15.4631951805143,0.00446152055993797,0.00103750851869433,3603.81235430832,0.0566701930851212,4.88969518270076e-05,0.191642320419636,0.214290094728288,-33.1754539969342,0.383781629600847,0.189543169409819,-15.425294383067,TRUE,0.00460777828688765,0.00106520012970289,0.242669222664931,2026-06-10 18:37:22,2026-06-10 18:38:41,NA
"31","2026-06-10 19:37:11","Collar_31_2026-06-10 19:37:11",2026-06-10 19:38:00.5,NA,NA,NA,NA,NA,-48.5576739212528,0.00239697953191679,0.000843649370710647,3602.70426870841,0.0460813302954662,0.00573164286902198,0.0937865535137615,0.174249849817674,-52.4430480261854,0.178848441990809,0.168038705509921,-48.3094449682801,TRUE,0.00281233948123862,0.000837136484245908,0.178132022940591,2026-06-10 19:37:21,2026-06-10 19:38:40,NA
"31","2026-06-10 20:37:10","Collar_31_2026-06-10 20:37:10",2026-06-10 20:37:59.5,NA,NA,NA,NA,NA,-60.6487950746463,0.00299523721188199,0.00078224458761028,3609.58108517293,0.04272731357951,0.000258365962478524,0.158226112581873,0.161567123314467,-58.2574717805672,0.174983837464335,0.16204177856213,-60.6406764493195,TRUE,0.00306415767536653,0.000819769309146231,0.176422745377468,2026-06-10 20:37:20,2026-06-10 20:38:39,NA
"31","2026-06-10 21:37:10","Collar_31_2026-06-10 21:37:10",2026-06-10 21:37:59.5,-7.20092707569101,-0.015064250738442,4.64249663872342e-07,0.279468917130365,0.225646554186882,-3.7168220058167,-0.00565373061784911,0.00111654267782513,3603.78737338298,0.0609871514305806,2.68349986785906e-06,0.247395491598807,0.230614044981943,-5.02658356288288,0.295725743552943,0.226002767710339,-3.6757943091634,TRUE,-0.00544745309600269,0.00117254830463488,0.204134873148978,2026-06-10 21:37:20,2026-06-10 21:38:39,NA
"31","2026-06-10 22:37:14","Collar_31_2026-06-10 22:37:14",2026-06-10 22:38:03.5,NA,NA,NA,NA,NA,-35.6872107152013,-0.00171408817858166,0.000914317024971886,3603.01788408176,0.0499412982279675,0.0645747319798486,0.0431158986595131,0.188845757275788,-33.3344289891813,0.0626169068137478,0.189354934040747,-35.6078722123761,TRUE,-0.00156678256298575,0.000912464588960301,0.175789279933931,2026-06-10 22:37:24,2026-06-10 22:38:43,NA
"31","2026-06-10 23:37:11","Collar_31_2026-06-10 23:37:11",2026-06-10 23:38:00.5,NA,NA,NA,NA,NA,20.7844015720963,-0.00140692038419244,0.00130130767610761,3625.93851587327,0.071079278810139,0.282957857391605,0.0147646931253961,0.268775957169663,-14.453917817317,0.39670788806235,0.213071205211647,22.6648562334182,TRUE,8.89297720364324e-05,0.00121911933067653,0.255449178940449,2026-06-10 23:37:21,2026-06-10 23:38:40,NA
"32","2026-06-10 00:19:08","Collar_32_2026-06-10 00:19:08",2026-06-10 00:19:57.5,NA,NA,NA,NA,NA,-47.7215966991099,0.0142569369474329,0.000848069384144302,3632.8665536317,0.0463227577249386,1.18328757442405e-27,0.783700685959487,0.175162772536218,-48.0982775582735,0.795216228176894,0.172664284684384,-47.6746501175827,TRUE,0.0143044498512253,0.000915543530354824,0.165863401617818,2026-06-10 00:19:18,2026-06-10 00:20:37,NA
"32","2026-06-10 00:40:11","Collar_32_2026-06-10 00:40:11",2026-06-10 00:41:00.5,NA,NA,NA,NA,NA,-25.2880829579907,0.00718048858781595,0.000975716345197691,3635.3353920377,0.053295016553934,1.62101573851888e-10,0.409796369108008,0.201527355460638,-24.0945443284583,0.430142204953998,0.200611959203815,-25.1895360147093,TRUE,0.00696342740107584,0.00101967470375171,0.159303535096062,2026-06-10 00:40:21,2026-06-10 00:41:40,NA
"32","2026-06-10 01:40:08","Collar_32_2026-06-10 01:40:08",2026-06-10 01:40:57.5,NA,NA,NA,NA,NA,-131.00661292748,0.015021010982395,0.000543284793579688,3650.04805008848,0.0296749892628514,2.02288774767044e-62,0.828715089481375,0.158691246976283,-132.837915304292,0.83484528957116,0.156821335114853,-130.938929926823,TRUE,0.0150470405268961,0.00059720189292373,0.146042279423422,2026-06-10 01:40:18,2026-06-10 01:41:37,NA
"32","2026-06-10 02:40:11","Collar_32_2026-06-10 02:40:11",2026-06-10 02:41:00.5,NA,NA,NA,NA,NA,-11.9003573160745,-0.0136153161643549,0.000788270033259798,3685.01570566145,0.0430564320033392,3.1857827893154e-38,0.653763770853217,0.230250424842207,-32.1781055466202,0.702508587550766,0.21479177488589,-11.7979111493548,TRUE,-0.0133806497459141,0.000794513206992411,0.227333741605432,2026-06-10 02:40:21,2026-06-10 02:41:40,NA
"32","2026-06-10 03:40:12","Collar_32_2026-06-10 03:40:12",2026-06-10 03:41:01.5,NA,NA,NA,NA,NA,86.1352656494431,-0.0163179658108798,0.00107084360716057,3657.40516261134,0.0584910030985841,7.83768794854905e-33,0.595089281154684,0.312789000069753,40.5968754145754,0.702905088069475,0.269640849220362,86.3580047340496,TRUE,-0.0166760479154053,0.001148300663589,0.344708149410712,2026-06-10 03:40:22,2026-06-10 03:41:41,NA
"32","2026-06-10 04:40:12","Collar_32_2026-06-10 04:40:12",2026-06-10 04:41:01.5,NA,NA,NA,NA,NA,-57.7537553366809,-0.0146586948216077,0.00068303687245826,3648.04359378152,0.037308446869602,1.09355932875825e-48,0.744575076170105,0.199512252693454,-63.4827552177723,0.759643730948188,0.194774414409287,-57.6488298605426,TRUE,-0.0147892314261348,0.000669296763796012,0.204627093502202,2026-06-10 04:40:22,2026-06-10 04:41:41,NA
"32","2026-06-10 05:40:10","Collar_32_2026-06-10 05:40:10",2026-06-10 05:40:59.5,NA,NA,NA,NA,NA,-60.1408921527758,-0.0061650701354447,0.000677960510126523,3665.3833239587,0.0370311687284339,3.86560640344354e-16,0.343561351931304,0.198029468198017,-62.7108485066346,0.369970269773131,0.195244818029616,-59.9662869011448,TRUE,-0.00597703828744693,0.000681472451911255,0.196996821027155,2026-06-10 05:40:20,2026-06-10 05:41:39,NA
"32","2026-06-10 06:40:09","Collar_32_2026-06-10 06:40:09",2026-06-10 06:40:58.5,-31.3442020510055,0.0447175724252771,8.77868623227561e-12,0.4516679439537,0.194041952745688,-36.927218648934,0.00783250664363444,0.000907258410328188,3706.91000744994,0.0495557466420632,5.56125995616986e-13,0.488630031186056,0.187387850016817,-36.2702573098204,0.509558819494459,0.185912156409132,-36.8891716098505,TRUE,0.00786023023721707,0.000946052660640796,0.207449799781801,2026-06-10 06:40:19,2026-06-10 06:41:38,NA
"32","2026-06-10 07:40:11","Collar_32_2026-06-10 07:40:11",2026-06-10 07:41:00.5,0.939287391255434,0.0326139248226369,2.85815508238319e-37,0.877235062964323,0.237423673233855,-53.8297765741909,0.0280637894802043,0.000816303587395838,3724.29830205398,0.0445876646603499,7.01928394737588e-49,0.938091459274716,0.168601770412674,-71.7973094789103,0.952956910243157,0.148893339708733,-53.6891396879558,TRUE,0.0278960619633416,0.000861877109487301,0.168369687392478,2026-06-10 07:40:21,2026-06-10 07:41:40,NA
"32","2026-06-10 08:40:10","Collar_32_2026-06-10 08:40:10",2026-06-10 08:40:59.5,NA,NA,NA,NA,NA,-30.8132596222681,0.00101937570205875,0.000942597686495079,3783.93313732559,0.0514860282424364,0.282827618175398,0.0147726253419103,0.194686929206029,-31.6325808702483,0.0723718647537253,0.191379766933955,-30.7628638202045,TRUE,0.00118224690458651,0.000988485001915967,0.178159115894354,2026-06-10 08:40:20,2026-06-10 08:41:39,NA
"32","2026-06-10 09:40:11","Collar_32_2026-06-10 09:40:11",2026-06-10 09:41:00.5,NA,NA,NA,NA,NA,-0.443754672157453,-0.00851737662178568,0.00113961864789955,3788.02142026408,0.062247593784721,9.75973973671425e-11,0.417296998458215,0.235380224462973,2.6690354663293,0.423723545110172,0.237138619992892,-0.18611485382857,TRUE,-0.00899192335417455,0.00118923266686025,0.241058117216167,2026-06-10 09:40:21,2026-06-10 09:41:40,NA
"32","2026-06-10 10:40:11","Collar_32_2026-06-10 10:40:11",2026-06-10 10:41:00.5,NA,NA,NA,NA,NA,-20.4617891416267,-0.000125948541170727,0.00100559657425634,3785.00150467293,0.0549271172255626,0.900649797616704,0.00020107439736322,0.207698906826345,-25.8175466518794,0.110546512177824,0.198463206724904,-20.3171327440936,TRUE,-7.3157818376762e-05,0.00099174500146201,0.200161231221251,2026-06-10 10:40:21,2026-06-10 10:41:40,NA
"32","2026-06-10 11:40:11","Collar_32_2026-06-10 11:40:11",2026-06-10 11:41:00.5,NA,NA,NA,NA,NA,178.56792023264,-0.00487149246939319,0.00348865632602641,3763.12080270701,0.190555377658343,0.166561082889727,0.0243887691349155,0.720557451922853,152.460191521032,0.330375190889188,0.60476478056547,178.986569382603,TRUE,-0.00462664290028759,0.0035401054854873,0.718577507757267,2026-06-10 11:40:21,2026-06-10 11:41:40,NA
"32","2026-06-10 12:40:10","Collar_32_2026-06-10 12:40:10",2026-06-10 12:40:59.5,NA,NA,NA,NA,NA,-43.0724205147897,-0.00658422429855451,0.000873073552197713,3750.00105273519,0.0476885209991552,7.23506175493764e-11,0.421678975373032,0.180327207761781,-49.1847876441252,0.490349839108836,0.171495747468317,-43.070745897588,TRUE,-0.00660612907448531,0.000874095413513569,0.182218455096655,2026-06-10 12:40:20,2026-06-10 12:41:39,NA
"32","2026-06-10 13:40:09","Collar_32_2026-06-10 13:40:09",2026-06-10 13:40:58.5,NA,NA,NA,NA,NA,14.870776003131,-0.00194210465138524,0.00125408911436975,3751.1072335269,0.0685001337114041,0.125521723053421,0.0298292300523553,0.259023295012756,14.5705346309794,0.0806020162686959,0.255450648495914,14.8867118457837,TRUE,-0.00195299217386142,0.00136189373674281,0.253776752447852,2026-06-10 13:40:19,2026-06-10 13:41:38,NA
"32","2026-06-10 14:40:12","Collar_32_2026-06-10 14:40:12",2026-06-10 14:41:01.5,NA,NA,NA,NA,NA,138.50377345759,-0.039249812089352,0.00271587921719661,3696.79254194627,0.148345191254997,9.20432494535937e-24,0.728089895707996,0.560945769829494,122.071599549121,0.789377098282063,0.500151418788549,139.059628424786,TRUE,-0.0372800192974007,0.0025987016312694,0.4099993700485,2026-06-10 14:40:22,2026-06-10 14:41:41,NA
"32","2026-06-10 15:40:13","Collar_32_2026-06-10 15:40:13",2026-06-10 15:41:02.5,NA,NA,NA,NA,NA,41.5793824465651,-0.00445358285709963,0.00148191962913137,3664.10100192573,0.0809445609422009,0.00356738874798788,0.103774888961427,0.306080087039584,29.5678940031366,0.266338305363335,0.280553021061109,42.1966314959747,TRUE,-0.0047546959592273,0.00147866705020914,0.253510700852604,2026-06-10 15:40:23,2026-06-10 15:41:42,NA
"32","2026-06-10 16:40:10","Collar_32_2026-06-10 16:40:10",2026-06-10 16:40:59.5,NA,NA,NA,NA,NA,69.2630312353966,-0.00887716571162718,0.00176184419580875,3661.06840457284,0.0962344394897427,2.96192608643691e-06,0.245554084660586,0.363896539463088,63.841846787627,0.329369183058515,0.347573076642857,70.4376601367783,TRUE,-0.0106128451382134,0.00151515292704802,0.256786182334462,2026-06-10 16:40:20,2026-06-10 16:41:39,NA
"32","2026-06-10 17:40:13","Collar_32_2026-06-10 17:40:13",2026-06-10 17:41:02.5,-14.2711062529203,0.0135597262200789,1.30275649756881e-20,0.672815570552652,0.215892637540029,-15.4962498139376,0.0132869509275443,0.00103729420043476,3613.57746049848,0.0566584867165153,7.1439142487629e-21,0.677787997479309,0.21424582879763,-13.9963327818108,0.68770174249397,0.213681441123297,-15.488027561697,TRUE,0.0133739075915492,0.00106537870126631,0.203501371218721,2026-06-10 17:40:23,2026-06-10 17:41:42,NA
"32","2026-06-10 18:40:11","Collar_32_2026-06-10 18:40:11",2026-06-10 18:41:00.5,NA,NA,NA,NA,NA,31.6282765397809,0.00308039190906148,0.00139256014241468,3604.48357018886,0.0760636184969334,0.0298904094707511,0.0590290302993003,0.287623512921534,31.2646934385529,0.108979442258,0.283544117108015,33.8684010566957,TRUE,0.00471272098772011,0.0012685227176439,0.237211871609701,2026-06-10 18:40:21,2026-06-10 18:41:40,NA
"32","2026-06-10 19:40:10","Collar_32_2026-06-10 19:40:10",2026-06-10 19:40:59.5,NA,NA,NA,NA,NA,6.52450808825938,0.0172218725114078,0.00119034755714502,3603.00313359815,0.0650184790643487,8.64229642412853e-24,0.728526798541438,0.245857924232952,-15.0653300138137,0.802844954391874,0.212258544336785,6.62334682457061,TRUE,0.0168892917258999,0.0010991540664639,0.212291415127181,2026-06-10 19:40:20,2026-06-10 19:41:39,NA
"32","2026-06-10 20:40:08","Collar_32_2026-06-10 20:40:08",2026-06-10 20:40:57.5,226.544092293101,0.0592028621769713,1.05473162568916e-25,0.757410200691989,0.972505981971791,182.111184806055,0.0783325569446893,0.00356677582971945,3608.39772674844,0.194822376220986,3.88092675585409e-35,0.86079319897184,0.736692486522448,180.791320313669,0.869749138018353,0.721916257216968,182.294384378206,TRUE,0.0771299495159849,0.00377833775018344,0.631691837926326,2026-06-10 20:40:18,2026-06-10 20:41:37,NA
"32","2026-06-10 21:40:09","Collar_32_2026-06-10 21:40:09",2026-06-10 21:40:58.5,NA,NA,NA,NA,NA,99.618357571832,0.0659439839589232,0.0021299146075826,3601.97605370054,0.116338969648583,1.42663491087588e-45,0.924752169469636,0.439918896855352,97.7860478977485,0.930042829686557,0.429716716321702,99.6895099720257,TRUE,0.0665011331598713,0.00209468952669063,0.432040221400617,2026-06-10 21:40:19,2026-06-10 21:41:38,NA
"32","2026-06-10 22:40:15","Collar_32_2026-06-10 22:40:15",2026-06-10 22:41:04.5,239.528133385347,0.0519573479841317,0.000966667687574813,0.131082469046249,1.05471564990812,239.192710175274,0.0177580735133259,0.00509582507812681,3601.23794378605,0.278341224097967,0.000811237791769069,0.134718030990229,1.05250686527837,235.344924254403,0.21556939900675,1.01522868301432,239.624567661742,TRUE,0.0201123371829839,0.00415533800142314,0.701407558866393,2026-06-10 22:40:25,2026-06-10 22:41:44,NA
"32","2026-06-10 23:40:11","Collar_32_2026-06-10 23:40:11",2026-06-10 23:41:00.5,NA,NA,NA,NA,NA,81.3146110260815,0.0241915552874493,0.00189967624193251,3623.16646311296,0.103763022172592,9.7435005697949e-21,0.675228975517928,0.392364780145703,74.2380157603477,0.717221769353377,0.37090686430161,81.5880752711266,TRUE,0.0243807169394991,0.0015861842887268,0.278564943545213,2026-06-10 23:40:21,2026-06-10 23:41:40,NA
"38","2026-06-10 00:23:16","Collar_38_2026-06-10 00:23:16",2026-06-10 00:24:35.5,NA,NA,NA,NA,NA,42.6473552305593,-0.0184799889172077,0.0014918442763994,3652.90519257197,0.081486659312332,4.16063322136225e-20,0.662988783353335,0.308129953199611,41.9759706114766,0.682104120605316,0.303175913391891,42.7607624583352,TRUE,-0.0180485323361895,0.00148066187659506,0.348464532825182,2026-06-10 00:23:56,2026-06-10 00:25:15,"Time changed"
"38","2026-06-10 00:44:26","Collar_38_2026-06-10 00:44:26",2026-06-10 00:45:45.5,NA,NA,NA,NA,NA,64.3652992104735,-0.00179478147755125,0.00170872977666422,3647.51506235766,0.0933332542615839,0.29679606004338,0.013947039194394,0.352926129384678,14.2824595459284,0.498464410925079,0.254991131247819,65.4621172769331,TRUE,-0.00333365134800127,0.00170971744292384,0.293889623574406,2026-06-10 00:45:06,2026-06-10 00:46:25,"Time changed"
"38","2026-06-10 01:44:20","Collar_38_2026-06-10 01:44:20",2026-06-10 01:45:39.5,NA,NA,NA,NA,NA,92.1921216908744,-0.00932020470311066,0.00109130522159415,3653.97967848966,0.059608645623817,1.05719955341021e-14,0.315835968297734,0.318765753234916,46.607829973967,0.498152706062207,0.274753716061336,92.6967646944401,TRUE,-0.00854928332901363,0.00108402991073573,0.340609627167433,2026-06-10 01:45:00,2026-06-10 01:46:19,"Time changed"
"38","2026-06-10 02:44:21","Collar_38_2026-06-10 02:44:21",2026-06-10 02:45:40.5,NA,NA,NA,NA,NA,143.316356922627,-0.00762336726427066,0.00128035536201095,3683.96723962434,0.0699348335703718,1.63596976531205e-08,0.18325713714334,0.373986519356697,99.3502933841798,0.394813657426986,0.323984383836467,143.322986430115,TRUE,-0.00772193445101795,0.00130359030456003,0.42004440768105,2026-06-10 02:45:01,2026-06-10 02:46:20,"Time changed"
"38","2026-06-10 03:44:23","Collar_38_2026-06-10 03:44:23",2026-06-10 03:45:42.5,NA,NA,NA,NA,NA,153.927572550976,-0.0150677048409672,0.00132352378632122,3663.76023896322,0.0722927543939252,2.6328936127167e-22,0.450640522215441,0.386595838013787,127.178711890977,0.546691624456577,0.353420697315666,154.221232017982,TRUE,-0.0144336853624452,0.00138019415605537,0.388996200949343,2026-06-10 03:45:03,2026-06-10 03:46:22,"Time changed"
"38","2026-06-10 04:44:25","Collar_38_2026-06-10 04:44:25",2026-06-10 04:45:44.5,NA,NA,NA,NA,NA,180.524421324549,-0.022520283875278,0.00143822953451862,3667.48726485155,0.0785581457436755,5.85311303199884e-34,0.608118925081214,0.420100913863333,172.483884835013,0.636526983995545,0.407172850699617,180.713491525359,TRUE,-0.0228945424208989,0.00152802858926736,0.458090182520035,2026-06-10 04:45:05,2026-06-10 04:46:24,"Time changed"
"38","2026-06-10 05:44:25","Collar_38_2026-06-10 05:44:25",2026-06-10 05:45:44.5,NA,NA,NA,NA,NA,188.245662496734,-0.0187095347109308,0.00147335445882918,3656.89081945897,0.0804767191403402,6.52702384416404e-26,0.505096828002299,0.430360759352591,156.301036957357,0.604674995936912,0.387093548133324,188.24585828979,TRUE,-0.0187023665892531,0.0015194124098108,0.576361791063388,2026-06-10 05:45:05,2026-06-10 05:46:24,"Time changed"
"38","2026-06-10 06:44:24","Collar_38_2026-06-10 06:44:24",2026-06-10 06:45:43.5,98.0262546086746,-0.0255766623842858,9.43720212799588e-07,0.266649093342775,0.435563128027171,102.588796255182,-0.0102843497718436,0.00216982632622509,3710.94313224283,0.118519004569815,9.4561001172595e-06,0.223609135611129,0.448162381910714,92.4178194674943,0.349644670203689,0.41553829023362,102.679096842074,TRUE,-0.00984946274423965,0.00234447509027102,0.479715927961047,2026-06-10 06:45:04,2026-06-10 06:46:23,"Time changed"
"38","2026-06-10 07:44:23","Collar_38_2026-06-10 07:44:23",2026-06-10 07:45:42.5,NA,NA,NA,NA,NA,123.617816672093,-0.00542305840021685,0.00247459935947408,3746.41748815637,0.135166141754861,0.0314002881375617,0.0580008902998942,0.511111110512714,116.259183504604,0.182687584837732,0.48230818122787,123.625242747797,TRUE,-0.00523980993676821,0.00264830244774075,0.585161939084027,2026-06-10 07:45:03,2026-06-10 07:46:22,"Time changed"
"38","2026-06-10 08:44:17","Collar_38_2026-06-10 08:44:17",2026-06-10 08:45:36.5,NA,NA,NA,NA,NA,86.7714217421651,0.0029434385856175,0.00196558230460966,3796.93371494089,0.107362905190511,0.138301959912348,0.0279462267082466,0.405977214318319,82.0489064615536,0.128357219803401,0.389463074441512,86.7869832112164,TRUE,0.00270167530539218,0.00213308804146136,0.445055391219675,2026-06-10 08:44:57,2026-06-10 08:46:16,"Time changed"
"38","2026-06-10 09:44:22","Collar_38_2026-06-10 09:44:22",2026-06-10 09:45:41.5,NA,NA,NA,NA,NA,61.248316352512,-0.00235571318047201,0.00167576391666586,3792.15360197512,0.0915326120329544,0.163767907051014,0.0247091996892633,0.34611726262883,63.787343251227,0.0423584725388464,0.347454697045369,61.2541261115494,TRUE,-0.00241812680096188,0.00175369299800074,0.397474114068859,2026-06-10 09:45:02,2026-06-10 09:46:21,"Time changed"
"38","2026-06-10 10:44:20","Collar_38_2026-06-10 10:44:20",2026-06-10 10:45:39.5,70.288508886949,-0.0172440515773695,0.846308076907239,0.000484653256272698,0.366236328136008,69.6024310193925,0.00148765587131937,0.00176558547211635,3787.93509617643,0.0964387933306184,0.402036836048062,0.00901981923774796,0.364669273797231,62.3531800997735,0.139013436682017,0.344354196482698,69.7330633896769,TRUE,0.000857289342753637,0.00176544610661541,0.340391828432282,2026-06-10 10:45:00,2026-06-10 10:46:19,"Time changed"
"38","2026-06-10 11:44:18","Collar_38_2026-06-10 11:44:18",2026-06-10 11:45:37.5,NA,NA,NA,NA,NA,20.0506977454649,0.000108592331020566,0.00129535399714636,3773.83677710216,0.070754080385045,0.933404656804695,9.00922930997932e-05,0.267546266612332,23.1395711449467,0.0114135444670479,0.269504668394383,20.571996298662,TRUE,-0.000662639473675734,0.00128345349871957,0.249237371044784,2026-06-10 11:44:58,2026-06-10 11:46:17,"Time changed"
"38","2026-06-10 12:44:18","Collar_38_2026-06-10 12:44:18",2026-06-10 12:45:37.5,9.96786923753373,-0.00770386373903237,0.717482435523338,0.00168779792155639,0.251206380036049,9.9107046353771,-0.000526769838138085,0.00121580822053251,3757.32520034736,0.0664091767639301,0.666016482921573,0.00240089461516028,0.251116645362313,13.6872620698712,0.00518333337918619,0.254044330395929,10.0153024295373,TRUE,-0.000140576372900294,0.00119675279289294,0.260408216789765,2026-06-10 12:44:58,2026-06-10 12:46:17,"Time changed"
"38","2026-06-10 13:44:18","Collar_38_2026-06-10 13:44:18",2026-06-10 13:45:37.5,NA,NA,NA,NA,NA,25.7823376930186,0.00773545910338615,0.00134259829733696,3763.22427709284,0.0733346313547297,1.58245655558619e-07,0.298533145353945,0.277304244865809,8.92863710762494,0.459495808529315,0.246599946774762,25.8039569078471,TRUE,0.00754237338287137,0.00139383290314971,0.321799921833593,2026-06-10 13:44:58,2026-06-10 13:46:17,"Time changed"
"38","2026-06-10 14:44:19","Collar_38_2026-06-10 14:44:19",2026-06-10 14:45:38.5,-12.7257601746005,0.00489694922897515,0.00724369747485266,0.0888478018560511,0.217987920058563,-16.1561311280956,0.00348123008127517,0.0010330249411242,3717.37216758498,0.0564252936919758,0.00117123880274772,0.127091871723853,0.213364043283974,-18.3623497600527,0.192250019466039,0.207929422448801,-16.1107957872716,TRUE,0.00369703855185911,0.00102865174302212,0.242476903266006,2026-06-10 14:44:59,2026-06-10 14:46:18,"Time changed"
"38","2026-06-10 15:44:19","Collar_38_2026-06-10 15:44:19",2026-06-10 15:45:38.5,2.60315652581414,0.0149393148672327,0.348640970730786,0.0112698700271432,0.239905567714259,3.28331019628637,0.000548621197043226,0.00116647670523271,3675.07028015908,0.0637146191320181,0.639436502606907,0.00282792918324403,0.240927567493354,3.89589906209981,0.0441693963896424,0.23896396394951,3.44018876567237,TRUE,0.000746005483228248,0.000927481832260491,0.16942382482607,2026-06-10 15:44:59,2026-06-10 15:46:18,"Time changed"
"38","2026-06-10 16:44:20","Collar_38_2026-06-10 16:44:20",2026-06-10 16:45:39.5,NA,NA,NA,NA,NA,17.7584483094223,0.00216285421315977,0.00127692833503481,3664.63373587279,0.0697476444755869,0.0942943293495149,0.0354764124802196,0.263740575566745,6.85093918316719,0.199456858909295,0.24341839743014,17.7944228094901,TRUE,0.00201239153511864,0.0014066013705206,0.280316269493638,2026-06-10 16:45:00,2026-06-10 16:46:19,"Time changed"
"38","2026-06-10 17:44:22","Collar_38_2026-06-10 17:44:22",2026-06-10 17:45:41.5,12.9378239148013,-0.00804263981589187,0.112862181911114,0.0319130060028763,0.255912873647473,12.2542372251837,-0.00222850743206703,0.00123374731616335,3626.19597520964,0.0673890357191622,0.074730043933352,0.04014990670593,0.254821839520054,15.9998905785576,0.0431967438404698,0.257742934187363,12.5389264385064,TRUE,-0.00247075023038141,0.00122597359602394,0.208104523472356,2026-06-10 17:45:02,2026-06-10 17:46:21,"Time changed"
"38","2026-06-10 18:44:20","Collar_38_2026-06-10 18:44:20",2026-06-10 18:45:39.5,52.4037784187085,-0.0213853314613513,3.60723000779458e-05,0.1976389605436,0.327503671233755,51.3118209715941,-0.00713901340498533,0.00157485945729002,3610.51547975046,0.086021066736753,2.06788859259114e-05,0.208516357726024,0.32527615552605,54.2574852390732,0.218879040389958,0.327363991509161,51.5390315046698,TRUE,-0.00649286028362507,0.00136777693945672,0.258383752292741,2026-06-10 18:45:00,2026-06-10 18:46:19,"Time changed"
"38","2026-06-10 19:44:20","Collar_38_2026-06-10 19:44:20",2026-06-10 19:45:39.5,NA,NA,NA,NA,NA,51.4288210343648,0.00110704692314272,0.00157601149504871,3605.40241909075,0.0860839926800581,0.484498456677036,0.00628608235636674,0.325514100830586,-0.378217292419407,0.50534459089103,0.232664973045481,52.945795808227,TRUE,-0.000354283267502197,0.00148609353424581,0.330280747500836,2026-06-10 19:45:00,2026-06-10 19:46:19,"Time changed"
"38","2026-06-10 20:44:23","Collar_38_2026-06-10 20:44:23",2026-06-10 20:45:42.5,87.7136461935106,0.00868629566894757,6.84818546812386e-05,0.184961210683193,0.408375027997299,84.5185574912842,-0.00900757565102232,0.00193810005107456,3619.58275182058,0.105861785357578,1.34302465448042e-05,0.216871262970241,0.400300947948193,87.6878779323087,0.224960804357315,0.403433888850007,84.5352589356217,TRUE,-0.00876616202524334,0.00138419729893885,0.270924151750585,2026-06-10 20:45:03,2026-06-10 20:46:22,"Time changed"
"38","2026-06-10 21:44:23","Collar_38_2026-06-10 21:44:23",2026-06-10 21:45:42.5,NA,NA,NA,NA,NA,96.600130809445,-9.41935110315667e-05,0.00209011266519563,3615.43179060365,0.11416493086279,0.964169691345275,2.60373431267953e-05,0.43169808531425,4.97749688158811,0.697389555324481,0.240584829431001,105.396610861035,TRUE,-0.0051768853639222,0.00160327688135791,0.310445739605313,2026-06-10 21:45:03,2026-06-10 21:46:22,"Time changed"
"38","2026-06-10 22:44:25","Collar_38_2026-06-10 22:44:25",2026-06-10 22:45:44.5,NA,NA,NA,NA,NA,54.99009456353,-0.0167587371885953,0.00161148359905131,3623.90700067356,0.0880215295260136,2.16530564625884e-16,0.580985475815816,0.33284061467598,20.6402518977654,0.740558161102413,0.265327514678527,56.1471295658826,TRUE,-0.0153198778787958,0.00148525384801527,0.245987043534265,2026-06-10 22:45:05,2026-06-10 22:46:24,"Time changed"
"38","2026-06-10 23:44:24","Collar_38_2026-06-10 23:44:24",2026-06-10 23:45:43.5,NA,NA,NA,NA,NA,88.9745206433958,-0.00583431282982129,0.00199283432191597,3642.50053336715,0.108851449192686,0.00447425321493612,0.0990065785252684,0.411605927013088,83.6082658329841,0.198552256864343,0.393277336736412,89.1522547842281,TRUE,-0.00656273824450688,0.00180270743145915,0.365994507032082,2026-06-10 23:45:04,2026-06-10 23:46:23,"Time changed"
"40","2026-06-10 00:20:17","Collar_40_2026-06-10 00:20:17",2026-06-10 00:21:21.5,NA,NA,NA,NA,NA,-5.99463070746019,-0.0246715458083833,0.00214663240888193,3642.53869494613,0.0802765901889141,2.19367317788677e-15,0.73346993946648,0.219045930461863,-3.79114818647927,0.742876456045851,0.219773191840483,-5.8830305879848,TRUE,-0.0239892512051593,0.00213126842530781,0.211193323406324,2026-06-10 00:20:57,2026-06-10 00:21:46,"Time changed"
"40","2026-06-10 00:41:24","Collar_40_2026-06-10 00:41:24",2026-06-10 00:42:28.5,-9.48121511583869,-0.0635824584898033,1.22695373012177e-19,0.822356937365347,0.211540314344294,-15.5064313679307,-0.0312790328943637,0.00195185906703731,3646.64038195228,0.0729927442550265,6.72652176905448e-21,0.842524176339457,0.199170935694713,-13.5317774600688,0.848775570105172,0.19937545898315,-15.480392698142,TRUE,-0.0314615965539511,0.00201051956771903,0.239014134856998,2026-06-10 00:42:04,2026-06-10 00:42:53,"Time changed"
"40","2026-06-10 01:41:21","Collar_40_2026-06-10 01:41:21",2026-06-10 01:42:25.5,29.2755953375723,-0.0362548840130292,5.93164112276438e-21,0.595135587813329,0.274594668085959,25.9117272434202,-0.0230939476304558,0.00187109159675488,3644.82422330061,0.0699723216220546,1.12889238445657e-21,0.608528175257913,0.270014790101909,29.2849504737487,0.610974156287234,0.271959319760378,25.9223691332852,TRUE,-0.0231368190870097,0.00194090331853386,0.327532536224505,2026-06-10 01:42:01,2026-06-10 01:42:50,"Time changed"
"40","2026-06-10 02:41:22","Collar_40_2026-06-10 02:41:22",2026-06-10 02:42:26.5,55.355521615264,-0.111700189803999,3.15957642232305e-17,0.518309126415063,0.312841198110399,55.8230632765223,-0.0222129833451518,0.00217293476975079,3683.93224106694,0.0812602070558421,3.9814058988185e-17,0.516051747922266,0.31357338506409,50.9819099833782,0.557001470390177,0.303122584486141,56.3376406898504,TRUE,-0.0210141536507728,0.00221957467796396,0.329594016848535,2026-06-10 02:42:02,2026-06-10 02:42:51,"Time changed"
"40","2026-06-10 03:41:24","Collar_40_2026-06-10 03:41:24",2026-06-10 03:42:28.5,NA,NA,NA,NA,NA,63.2561765276295,-0.0251356515212437,0.00225521260150439,3665.50785945655,0.084337111957672,4.03158117625978e-19,0.559003417213251,0.325446791747931,67.1033251417032,0.559676971702074,0.328568180949423,63.3119137078546,TRUE,-0.0252098895995713,0.00254739046480995,0.344063828517418,2026-06-10 03:42:04,2026-06-10 03:42:53,"Time changed"
"40","2026-06-10 04:41:25","Collar_40_2026-06-10 04:41:25",2026-06-10 04:42:29.5,102.581902084429,-0.0546279057481755,1.49963580150776e-36,0.804880994240415,0.396163739689688,93.5983793467063,-0.055768331090517,0.002624670233063,3660.05654609773,0.0981535431072628,1.81922367659529e-38,0.821645270241604,0.378762741116665,92.4495672299459,0.830596014377848,0.372961642482114,93.6445119217319,TRUE,-0.055518007231331,0.00282659752079571,0.447873340302705,2026-06-10 04:42:05,2026-06-10 04:42:54,"Time changed"
"40","2026-06-10 05:41:25","Collar_40_2026-06-10 05:41:25",2026-06-10 05:42:29.5,NA,NA,NA,NA,NA,66.6684741778126,-0.0334943853659849,0.00229401999940992,3680.35940354899,0.0857883737410452,2.49905576513526e-26,0.685071308373993,0.331047036769627,70.3732907246132,0.685999555071725,0.333984370396149,66.6896371886116,TRUE,-0.03382175939974,0.00255733110758824,0.338759819752694,2026-06-10 05:42:05,2026-06-10 05:42:54,"Time changed"
"40","2026-06-10 06:41:24","Collar_40_2026-06-10 06:41:24",2026-06-10 06:42:28.5,58.6905869391666,-0.111562922033379,1.04757508044053e-16,0.765000903183444,0.418272700115183,57.2102360625036,-0.051468063515115,0.00403880542119219,3728.61751415908,0.151037283471687,5.12566190716479e-17,0.771856537340128,0.412126402163211,59.5723396156749,0.779208962105561,0.414151126224254,57.213147254588,TRUE,-0.0516784987765243,0.00432708512889156,0.483187463468214,2026-06-10 06:42:04,2026-06-10 06:42:53,"Time changed"
"40","2026-06-10 07:41:23","Collar_40_2026-06-10 07:41:23",2026-06-10 07:42:27.5,NA,NA,NA,NA,NA,67.3334918764792,-0.0244458104313132,0.00446907529708815,3734.44759429984,0.167127881170211,1.59957599266513e-06,0.383990079482806,0.456031853755843,71.0317438488323,0.387696479814348,0.464436567790171,67.361749562137,TRUE,-0.0237436487919507,0.00497133634931765,0.523519514211195,2026-06-10 07:42:03,2026-06-10 07:42:52,"Time changed"
"40","2026-06-10 08:41:18","Collar_40_2026-06-10 08:41:18",2026-06-10 08:42:22.5,NA,NA,NA,NA,NA,28.9286177969016,0.000769652200454912,0.00304387927056494,3801.21739127622,0.113830503898403,0.80146201500355,0.00133019363997041,0.310602488006667,31.8156505621209,0.0233143449802516,0.313771199367381,28.9286177968853,TRUE,0.000769652200454912,0.00304387927056494,0.40036512471601,2026-06-10 08:41:58,2026-06-10 08:42:47,"Time changed"
"40","2026-06-10 09:41:23","Collar_40_2026-06-10 09:41:23",2026-06-10 09:42:27.5,NA,NA,NA,NA,NA,32.9619939089687,-0.0112069145317383,0.00316915990600967,3792.64651564521,0.118515564176348,0.00091098100011829,0.206677178606782,0.323386331782759,36.4328697114106,0.215028239214376,0.328598370725694,32.99910912159,TRUE,-0.0107063858166773,0.00352266120477274,0.351037050336224,2026-06-10 09:42:03,2026-06-10 09:42:52,"Time changed"
"40","2026-06-10 10:41:21","Collar_40_2026-06-10 10:41:21",2026-06-10 10:42:25.5,NA,NA,NA,NA,NA,41.4710611346758,-0.00501016731043778,0.00345063133911667,3787.27832437835,0.129041617352442,0.153019104743165,0.0420725387902158,0.352108143541611,43.7247812176637,0.0749512324705667,0.353454711451566,41.4713039119472,TRUE,-0.00501915949188889,0.00351029577170916,0.444607585532771,2026-06-10 10:42:01,2026-06-10 10:42:50,"Time changed"
"40","2026-06-10 11:41:19","Collar_40_2026-06-10 11:41:19",2026-06-10 11:42:23.5,NA,NA,NA,NA,NA,21.0346635076899,-0.0051565669003209,0.00281283602198319,3779.69571369962,0.105190289530274,0.0729741469933457,0.0654336836001117,0.28702645181476,21.122104367228,0.135776508434035,0.28194967397184,21.0530648141902,TRUE,-0.00502992768879985,0.00288710766334737,0.335871398996054,2026-06-10 11:41:59,2026-06-10 11:42:48,"Time changed"
"40","2026-06-10 12:41:19","Collar_40_2026-06-10 12:41:19",2026-06-10 12:42:23.5,NA,NA,NA,NA,NA,-15.3396277832454,-0.00551651630517943,0.00195511755481082,3760.26980584036,0.073114600370935,0.00693122484380811,0.142264406636221,0.199503437190216,-19.5767228545019,0.272543659397522,0.187680363498376,-15.302923258252,TRUE,-0.00532957909317148,0.00208070357654376,0.213257154277914,2026-06-10 12:41:59,2026-06-10 12:42:48,"Time changed"
"40","2026-06-10 13:41:19","Collar_40_2026-06-10 13:41:19",2026-06-10 13:42:23.5,-21.6653715513362,-0.0114168338766512,0.733279568565909,0.00244153982419306,0.187274232677895,-21.5465234357671,0.000104640273579928,0.00183745482256307,3762.56424936812,0.0687144231919832,0.954822635426126,6.75606490918376e-05,0.187496936888044,-22.0262372984395,0.0857597076678542,0.183138954197218,-21.5412417894735,TRUE,5.85443028677191e-05,0.00185857348623421,0.18601510969784,2026-06-10 13:41:59,2026-06-10 13:42:48,"Time changed"
"40","2026-06-10 14:41:20","Collar_40_2026-06-10 14:41:20",2026-06-10 14:42:24.5,NA,NA,NA,NA,NA,-26.7381435707671,-0.00248300272533414,0.0017444950847869,3701.88835471353,0.0652380521362545,0.16110648102722,0.0404967440862416,0.178011171103264,-23.9165819037724,0.062846638135907,0.179709513106127,-26.7230691914186,TRUE,-0.00246095172384041,0.00189244884836496,0.163962078745237,2026-06-10 14:42:00,2026-06-10 14:42:49,"Time changed"
"40","2026-06-10 15:41:20","Collar_40_2026-06-10 15:41:20",2026-06-10 15:42:24.5,NA,NA,NA,NA,NA,-14.1376271931436,0.00561151183599254,0.00197875988517806,3685.46536315316,0.0739987413436271,0.00667158387787688,0.143502207602085,0.20191593978365,-12.6534953421533,0.18553262066664,0.201134250255749,-14.1284371376463,TRUE,0.00577028628129667,0.00189043648763082,0.197113138590872,2026-06-10 15:42:00,2026-06-10 15:42:49,"Time changed"
"40","2026-06-10 16:41:21","Collar_40_2026-06-10 16:41:21",2026-06-10 16:42:25.5,NA,NA,NA,NA,NA,-4.21706389335958,0.00293547597962545,0.00218513139306723,3659.26829207501,0.0817163183712264,0.185463902492265,0.0362352892006298,0.222974430645598,-1.064639267336,0.0524348623958665,0.225847763073659,-4.1945166501645,TRUE,0.00294712437594918,0.00200228269498316,0.187950605957685,2026-06-10 16:42:01,2026-06-10 16:42:50,"Time changed"
"40","2026-06-10 17:41:23","Collar_40_2026-06-10 17:41:23",2026-06-10 17:42:27.5,NA,NA,NA,NA,NA,0.164515611183247,-0.000824997122139214,0.00228300316963771,3642.74985369456,0.0853763826031373,0.719412510874052,0.00271313061464499,0.232961429013894,1.89522864041078,0.0469639586808415,0.232632472427843,0.510478786357909,TRUE,0.000252622035027312,0.00234016969752569,0.195848435061718,2026-06-10 17:42:03,2026-06-10 17:42:52,"Time changed"
"40","2026-06-10 18:41:19","Collar_40_2026-06-10 18:41:19",2026-06-10 18:42:23.5,-11.5302680785419,-0.00193624461751001,0.161661771304143,0.0403917742526168,0.207249848342126,-11.4973182219751,-0.00286423797379274,0.00203170109012694,3609.51870362356,0.075978558379932,0.165053450484938,0.0397591867711787,0.207318148121611,-9.71449720890626,0.0814094169897742,0.207133306378472,-11.3981466719179,TRUE,-0.00225992625956318,0.00243241573378814,0.187910966416334,2026-06-10 18:41:59,2026-06-10 18:42:48,"Time changed"
"40","2026-06-10 19:41:20","Collar_40_2026-06-10 19:41:20",2026-06-10 19:42:24.5,-7.08218422868585,-0.0219056233640687,1.02429845031393e-05,0.336105311370428,0.216676595975496,-9.22888702827664,-0.0108933048317792,0.00207831554090878,3607.52681934903,0.0777217768028033,3.52616795354504e-06,0.364005777331257,0.212074763973599,-5.60114627385463,0.368723288758012,0.215831084923495,-9.11194330531798,TRUE,-0.0112629036361834,0.00214101995077884,0.240804530941062,2026-06-10 19:42:00,2026-06-10 19:42:49,"Time changed"
"40","2026-06-10 20:41:22","Collar_40_2026-06-10 20:41:22",2026-06-10 20:42:26.5,-14.5725186368155,-0.0090071687556425,0.000117900214344522,0.26803551292953,0.201039731296971,-14.8686347161862,-0.00832625629704039,0.00196434774265614,3618.53025906259,0.0734597773113183,0.000101561222681425,0.272357630893861,0.200445300863079,-11.2232907209511,0.277500624106793,0.204031550875021,-14.8467324935764,TRUE,-0.00835034596933609,0.00212035361904812,0.212302283616475,2026-06-10 20:42:02,2026-06-10 20:42:51,"Time changed"
"40","2026-06-10 21:41:22","Collar_40_2026-06-10 21:41:22",2026-06-10 21:42:26.5,-19.6951954624689,-0.0152652854093149,9.55204135000304e-12,0.623314356747029,0.19100045083049,-16.9601379602259,-0.016395889841853,0.00192369000691959,3623.66627582482,0.0719393193250197,3.60822532092957e-11,0.602135238572767,0.196296518091499,-15.6608209610857,0.623055300084497,0.195175536464554,-16.6224536565028,TRUE,-0.0172528493762667,0.00202960671025925,0.179568602692324,2026-06-10 21:42:02,2026-06-10 21:42:51,"Time changed"
"40","2026-06-10 22:41:24","Collar_40_2026-06-10 22:41:24",2026-06-10 22:42:28.5,-4.54345469829815,-0.0182487571356077,8.59811391498308e-10,0.546789899629752,0.222247848999477,0.715462625760765,-0.0157943379024891,0.00229561602060199,3621.64516825629,0.0858480593857034,1.12238468486875e-08,0.496524947801073,0.234248465240412,-0.117623184714969,0.542913593667081,0.227996737216897,0.72505838660103,TRUE,-0.0155829908821953,0.00210932457025735,0.137128258930269,2026-06-10 22:42:04,2026-06-10 22:42:53,"Time changed"
"40","2026-06-10 23:41:25","Collar_40_2026-06-10 23:41:25",2026-06-10 23:42:29.5,NA,NA,NA,NA,NA,19.5718474820266,-0.0145339532397263,0.00277198889342948,3643.0386589656,0.103662748910961,3.50511082146669e-06,0.364159420550167,0.282858343086073,21.9602850549878,0.384326603687445,0.284322853560874,19.7259958385387,TRUE,-0.0150336034552227,0.00283562905072484,0.298917285037209,2026-06-10 23:42:05,2026-06-10 23:42:54,"Time changed"
"41","2026-06-10 00:08:14","Collar_41_2026-06-10 00:08:14",2026-06-10 00:09:33.5,NA,NA,NA,NA,NA,122.937693693727,-0.00978543298621033,0.00246410273534817,3640.19192490718,0.134592801194047,0.00015815167483626,0.168180927678573,0.508943106551554,101.491159007754,0.394815559169927,0.439783753493935,122.940352669042,TRUE,-0.00967489273073988,0.00263008947132298,0.588098974438792,2026-06-10 00:08:54,2026-06-10 00:10:13,"Time changed"
"41","2026-06-10 00:29:21","Collar_41_2026-06-10 00:29:21",2026-06-10 00:30:40.5,NA,NA,NA,NA,NA,71.5723127364057,-0.0253241762104233,0.00178745730209251,3640.02727358915,0.0976334638374529,2.84179290209778e-23,0.720153268884585,0.369186746601569,71.7457309303603,0.733223883452107,0.365174094567646,72.1400558688779,TRUE,-0.0261894220571687,0.0015747373047465,0.288531312558142,2026-06-10 00:30:01,2026-06-10 00:31:20,"Time changed"
"41","2026-06-10 01:29:20","Collar_41_2026-06-10 01:29:20",2026-06-10 01:30:39.5,224.755199808343,-0.0454246068702812,4.74463329104672e-33,0.59764306177483,0.482372258392907,196.658702376659,-0.0266350625182739,0.00151260373775345,3610.03038640838,0.0826205706606043,4.26061723152153e-39,0.662442288831767,0.441825311810192,192.403543780563,0.679416827740988,0.433324436789012,196.715005568434,TRUE,-0.0269912352632591,0.0016026359360067,0.552273155606057,2026-06-10 01:30:00,2026-06-10 01:31:19,"Time changed"
"41","2026-06-10 02:29:20","Collar_41_2026-06-10 02:29:20",2026-06-10 02:30:39.5,NA,NA,NA,NA,NA,271.367331358844,-0.0422230435698884,0.00191037003918051,3691.43291847271,0.104347132610181,3.31839697379587e-50,0.755606905212639,0.558011207540302,262.633579987678,0.774303307999535,0.539668783363063,271.367582753655,TRUE,-0.0422334741195379,0.00199959344010233,0.747215933116269,2026-06-10 02:30:00,2026-06-10 02:31:19,"Time changed"
"41","2026-06-10 03:29:20","Collar_41_2026-06-10 03:29:20",2026-06-10 03:30:39.5,317.470865331817,-0.06685890888319,7.17295835764936e-36,0.629278434185359,0.644485672062942,291.384544602429,-0.0377010814487697,0.00203368771312934,3674.53998479081,0.111082919611027,1.75322882191476e-41,0.685050666508781,0.594031791374819,284.353194729914,0.706033491810826,0.577569847596061,291.394900939691,TRUE,-0.0375264514239094,0.00218653982931441,0.716056340678461,2026-06-10 03:30:00,2026-06-10 03:31:19,"Time changed"
"41","2026-06-10 04:29:20","Collar_41_2026-06-10 04:29:20",2026-06-10 04:30:39.5,316.280106456265,-0.0253242873873712,6.37471019100803e-32,0.584250025582213,0.64209191906614,335.36671484153,-0.0312439983343558,0.00233332673953125,3634.11759131406,0.12744963002937,8.26655857317446e-28,0.531575301916871,0.681555114877346,314.484856092236,0.599039169988915,0.634597427278908,335.388296704513,TRUE,-0.0309036389654673,0.00244784942099597,0.844214912637342,2026-06-10 04:30:00,2026-06-10 04:31:19,"Time changed"
"41","2026-06-10 05:29:20","Collar_41_2026-06-10 05:29:20",2026-06-10 05:30:39.5,285.664672821003,-0.0903763111121595,6.11984771467005e-50,0.753709961075923,0.583508045190035,339.701417670237,-0.0409418676734546,0.00236514890240031,3688.41016720422,0.129187801891752,2.53524737004804e-38,0.654760107229126,0.690850237374516,268.523043911744,0.784195116834496,0.549693121716852,339.725718476568,TRUE,-0.0406955576076393,0.0024867602315537,0.816283718508031,2026-06-10 05:30:00,2026-06-10 05:31:19,"Time changed"
"41","2026-06-10 06:29:20","Collar_41_2026-06-10 06:29:20",2026-06-10 06:30:39.5,124.064941537051,-0.0892935898131186,9.3895935760383e-34,0.848969225434625,0.512541423647829,154.484779555515,-0.0497769636051749,0.00300115443399506,3681.71664576608,0.163927329933447,2.69883393542443e-27,0.779095253708592,0.619867361440429,112.588050507856,0.875535257471829,0.47136781303166,154.526641682474,TRUE,-0.0492930273226237,0.00320663562276379,0.689246838500969,2026-06-10 06:30:00,2026-06-10 06:31:19,"Time changed"
"41","2026-06-10 07:29:20","Collar_41_2026-06-10 07:29:20",2026-06-10 07:30:39.5,167.63791530568,-0.040462287248412,8.23528818238448e-07,0.269126637835068,0.672977987058577,163.542730251977,-0.0186076806029941,0.00317595767832535,3722.68751088745,0.173475332122933,1.05477795631447e-07,0.305598452144221,0.655971743343231,164.906692248857,0.328106451933462,0.653688030148693,163.545999314387,TRUE,-0.0187050274205819,0.0032450459157092,0.886791261066681,2026-06-10 07:30:00,2026-06-10 07:31:19,"Time changed"
"41","2026-06-10 08:29:20","Collar_41_2026-06-10 08:29:20",2026-06-10 08:30:39.5,NA,NA,NA,NA,NA,145.781897219736,0.00551214622905664,0.00284227279309805,3779.82717509852,0.155248988401712,0.0560753983310348,0.0460005946608592,0.587051474857394,144.044751654921,0.112020436586543,0.573778303464142,145.8861363235,TRUE,0.0063947213568892,0.00292061747672743,0.672652577423068,2026-06-10 08:30:00,2026-06-10 08:31:19,"Time changed"
"41","2026-06-10 09:29:20","Collar_41_2026-06-10 09:29:20",2026-06-10 09:30:39.5,NA,NA,NA,NA,NA,106.080826311661,-0.00104360848858653,0.00221770375992054,3777.32645571579,0.121134138193349,0.639253507433759,0.00283101584065289,0.458051129441054,109.94981984764,0.00446262431368767,0.463659184892114,106.117287136593,TRUE,-0.00145504595731518,0.00233383876568982,0.440948980987946,2026-06-10 09:30:00,2026-06-10 09:31:19,"Time changed"
"41","2026-06-10 10:29:20","Collar_41_2026-06-10 10:29:20",2026-06-10 10:30:39.5,NA,NA,NA,NA,NA,139.351101652189,-0.00587997507049484,0.00273030012508552,3784.7775556992,0.149132881784571,0.0343602387628904,0.05612423375262,0.563924307028853,141.237153245183,0.0807388966206028,0.563797757249567,139.35110165215,TRUE,-0.00587997507049484,0.00273030012508552,0.789848715518707,2026-06-10 10:30:00,2026-06-10 10:31:19,"Time changed"
"41","2026-06-10 11:29:20","Collar_41_2026-06-10 11:29:20",2026-06-10 11:30:39.5,NA,NA,NA,NA,NA,94.1568925977243,-0.00263795205328256,0.00205843859640611,3780.50664819164,0.112434848109973,0.203803951056629,0.0206212057775758,0.425156028956122,95.2013961635148,0.0561428960043095,0.422830808443199,94.1578836923808,TRUE,-0.00269681451088742,0.00214744934597036,0.545619080128837,2026-06-10 11:30:00,2026-06-10 11:31:19,"Time changed"
"41","2026-06-10 12:29:20","Collar_41_2026-06-10 12:29:20",2026-06-10 12:30:39.5,NA,NA,NA,NA,NA,84.1585502119751,-0.00153539470355675,0.00193374414012109,3757.73161851916,0.105623859296879,0.429603897267699,0.00801772881173656,0.399401265146532,85.8048145736773,0.0367783611748345,0.39871364760277,84.7616953119493,TRUE,-0.000356710818354857,0.00180203380894955,0.37468841412062,2026-06-10 12:30:00,2026-06-10 12:31:19,"Time changed"
"41","2026-06-10 13:29:20","Collar_41_2026-06-10 13:29:20",2026-06-10 13:30:39.5,NA,NA,NA,NA,NA,43.9422269979558,0.00157798292752941,0.00150396668220668,3757.16579755343,0.0821488023842937,0.297319734427727,0.0139170446015479,0.31063375094389,47.726378327964,0.0165740172700127,0.314270241510291,44.0313236612736,TRUE,0.00196993099475835,0.00143959788186488,0.270117000120146,2026-06-10 13:30:00,2026-06-10 13:31:19,"Time changed"
"41","2026-06-10 14:29:20","Collar_41_2026-06-10 14:29:20",2026-06-10 14:30:39.5,NA,NA,NA,NA,NA,14.2425840492131,0.00172524973169919,0.00124917496333195,3715.54101554754,0.0682317157821597,0.171188829663626,0.0238709675166072,0.258008311644018,13.1385290205809,0.08420357618547,0.253174556977436,14.263678466592,TRUE,0.00176492483905687,0.00117169802217025,0.236331178325384,2026-06-10 14:30:00,2026-06-10 14:31:19,"Time changed"
"41","2026-06-10 15:29:20","Collar_41_2026-06-10 15:29:20",2026-06-10 15:30:39.5,NA,NA,NA,NA,NA,20.7491018005365,0.0015272027966412,0.00130102060862761,3680.37907133584,0.0710635987754913,0.244026957465523,0.017359025306843,0.26871666539868,21.624528731933,0.0549983667628991,0.26696476877649,20.9423004168977,TRUE,0.00197306177500442,0.00121637803864705,0.251954488274915,2026-06-10 15:30:00,2026-06-10 15:31:19,"Time changed"
"41","2026-06-10 16:29:20","Collar_41_2026-06-10 16:29:20",2026-06-10 16:30:39.5,NA,NA,NA,NA,NA,37.5826393997694,0.00517261191386667,0.0014453603245151,3645.280897839,0.0789476396501531,0.000597468086895781,0.141040996295256,0.298529019546394,37.2390644110823,0.186434444534713,0.294331753828541,37.690689450185,TRUE,0.00535726092557513,0.00111726538380589,0.20469820589844,2026-06-10 16:30:00,2026-06-10 16:31:19,"Time changed"
"41","2026-06-10 17:29:20","Collar_41_2026-06-10 17:29:20",2026-06-10 17:30:39.5,NA,NA,NA,NA,NA,-11.2340800395571,-0.0122949313878075,0.00106529755394052,3623.67965148584,0.0581880697720832,1.51337386586828e-18,0.630685108246856,0.220029724705309,-8.95756274803119,0.638556364350617,0.220517845987602,-11.1624328726449,TRUE,-0.0125711461524897,0.00105011478771858,0.20501601898598,2026-06-10 17:30:00,2026-06-10 17:31:19,"Time changed"
"41","2026-06-10 18:29:20","Collar_41_2026-06-10 18:29:20",2026-06-10 18:30:39.5,NA,NA,NA,NA,NA,40.3681887150482,-0.0043041117567312,0.0014707439088479,3606.64521692866,0.0803341271819782,0.00448928442740463,0.0989359281743196,0.303771820538586,40.2533533333981,0.144110803250918,0.299929321321733,40.3971646949182,TRUE,-0.0041353385490228,0.00150496440753512,0.302404465755604,2026-06-10 18:30:00,2026-06-10 18:31:19,"Time changed"
"41","2026-06-10 19:29:20","Collar_41_2026-06-10 19:29:20",2026-06-10 19:30:39.5,NA,NA,NA,NA,NA,48.7322990095313,0.00098046253938017,0.00154967312650619,3594.6252181472,0.0846453534747338,0.52878663343201,0.00510580355653809,0.32007409586844,40.7241875532519,0.143773449376685,0.300813227400319,49.2196244730043,TRUE,0.000175999559926023,0.00156810863042063,0.348583531018729,2026-06-10 19:30:00,2026-06-10 19:31:19,"Time changed"
"41","2026-06-10 20:29:20","Collar_41_2026-06-10 20:29:20",2026-06-10 20:30:39.5,NA,NA,NA,NA,NA,104.296952142216,-0.0157913902302733,0.00219311543205348,3609.99643474672,0.119791088702421,3.26564752685415e-10,0.39928976537168,0.452972583084178,100.189981516249,0.457181208610685,0.436221777252929,104.302406884979,TRUE,-0.015681776479117,0.00236118530343358,0.520529276823216,2026-06-10 20:30:00,2026-06-10 20:31:19,"Time changed"
"41","2026-06-10 21:29:20","Collar_41_2026-06-10 21:29:20",2026-06-10 21:30:39.5,114.557476836772,-0.00155675985285533,9.04777896550849e-07,0.267416266238496,0.482972579103934,106.16970874041,-0.0140761760059568,0.00221893607027508,3618.08017759266,0.121201448740178,1.35572005625921e-08,0.340336045533098,0.458305654486246,102.47027973325,0.400864559924306,0.442483263575324,106.169943827251,TRUE,-0.0141097670452698,0.0023039265118992,0.564493823505342,2026-06-10 21:30:00,2026-06-10 21:31:19,"Time changed"
"41","2026-06-10 22:29:20","Collar_41_2026-06-10 22:29:20",2026-06-10 22:30:39.5,123.606946886479,0.00942481570857474,2.68226517566947e-07,0.289244116898806,0.511076388765933,113.864532069834,-0.0157832193930684,0.00232825830435584,3604.97534001258,0.127172784880772,2.0683998499923e-09,0.370737283617693,0.480885393808828,109.555606574577,0.432814010407451,0.462518212271885,113.917523054358,TRUE,-0.0161981354408771,0.00242142058867566,0.517825744386093,2026-06-10 22:30:00,2026-06-10 22:31:19,"Time changed"
"41","2026-06-10 23:29:21","Collar_41_2026-06-10 23:29:21",2026-06-10 23:30:40.5,NA,NA,NA,NA,NA,130.575134593805,-0.00386638622795402,0.00258457670732602,3621.42532469569,0.141173261142759,0.138703177667563,0.0278902442174934,0.53382615898173,132.762532181347,0.0496682013044235,0.534712499908196,130.631554007146,TRUE,-0.00337889044015447,0.00264755698190186,0.637354260781694,2026-06-10 23:30:01,2026-06-10 23:31:20,"Time changed"
"42","2026-06-10 00:11:15","Collar_42_2026-06-10 00:11:15",2026-06-10 00:12:04.5,120.47476426496,-0.197353970622747,4.25398472574594e-62,0.971618796526753,0.501168777918458,159.849555018456,-0.124217311941908,0.00310348872112784,3635.45055321752,0.169516974458334,9.31398927483559e-54,0.953571571215625,0.641003789420059,95.8350293408718,0.980159399074863,0.424508626182466,160.246049203265,TRUE,-0.122710148246596,0.00310699965432353,0.552131218855854,2026-06-10 00:11:25,2026-06-10 00:12:44,NA
"42","2026-06-10 00:32:21","Collar_42_2026-06-10 00:32:21",2026-06-10 00:33:10.5,120.321688301468,-0.170676547384086,8.83794514898566e-62,0.971081866776575,0.500689526626105,105.131293005047,-0.124383746353478,0.00220458158834104,3638.82396545598,0.120417386490874,5.36013620686557e-65,0.976083014322186,0.45534083710114,36.7319808175616,0.9903244943416,0.29340041292327,107.260603224145,TRUE,-0.121554314935933,0.00202956915167735,0.388420176405884,2026-06-10 00:32:31,2026-06-10 00:33:50,NA
"42","2026-06-10 01:32:20","Collar_42_2026-06-10 01:32:20",2026-06-10 01:33:09.5,292.998200168011,-0.167640652259221,1.23233563160218e-108,0.955423944414918,0.597034865228994,307.185251641252,-0.118688506802271,0.00213662602701792,3605.56805123325,0.116705556937672,1.36090768726262e-105,0.951290897792078,0.624099648207293,229.146547920237,0.970830489055987,0.486048596655754,307.374470249685,TRUE,-0.117894180509562,0.00228827727036322,0.738894090420011,2026-06-10 01:32:30,2026-06-10 01:33:49,NA
"42","2026-06-10 02:32:20","Collar_42_2026-06-10 02:32:20",2026-06-10 02:33:09.5,NA,NA,NA,NA,NA,331.036870175933,-0.117871798815405,0.00230196767919928,3701.54781291653,0.125736753487193,2.68955768813227e-100,0.943164071868206,0.672395262720809,326.604349617531,0.946081944147762,0.659092732978597,331.124447734128,TRUE,-0.118479453198606,0.00233787086149236,0.858924854132857,2026-06-10 02:32:30,2026-06-10 02:33:49,NA
"42","2026-06-10 03:32:20","Collar_42_2026-06-10 03:32:20",2026-06-10 03:33:09.5,376.832934377047,-0.324265452762426,9.41970949002014e-115,0.96270112380202,0.775849886942891,456.409216821754,-0.167489955199304,0.00340604860708582,3686.41858798243,0.186043226386009,1.10465943082382e-97,0.938667188378418,0.994892747059745,356.566150430985,0.967950044407621,0.723785349521966,460.305216745579,TRUE,-0.16241344430025,0.00311417844337847,0.800578713128699,2026-06-10 03:32:30,2026-06-10 03:33:49,NA
"42","2026-06-10 04:32:20","Collar_42_2026-06-10 04:32:20",2026-06-10 04:33:09.5,428.25409803755,-0.144318788982646,1.76867141383971e-90,0.924343482499033,0.911097751889421,349.119642663289,-0.139215613036284,0.00243579437145767,3636.23443529313,0.133046558036818,1.87016847098048e-107,0.953863091689868,0.711485487450393,332.140107509209,0.959532825104643,0.670593731061844,349.130586697367,TRUE,-0.139412646276246,0.00261866286163357,0.807606592693127,2026-06-10 04:32:30,2026-06-10 04:33:49,NA
"42","2026-06-10 05:32:20","Collar_42_2026-06-10 05:32:20",2026-06-10 05:33:09.5,381.513641419286,-0.344506653608482,6.60716423984655e-119,0.966953524871447,0.787281810529922,475.629075163433,-0.180737373708934,0.00361689133792428,3694.97063753013,0.197559756662065,1.01720214953115e-98,0.940490475889884,1.05647903894209,360.377409917357,0.971757908795577,0.732457307386552,479.752291419953,TRUE,-0.174576420820534,0.00329626366938448,0.965822120116945,2026-06-10 05:32:30,2026-06-10 05:33:49,NA
"42","2026-06-10 06:32:21","Collar_42_2026-06-10 06:32:21",2026-06-10 06:33:10.5,182.84593275185,-0.256867541208126,3.48230436246642e-58,0.964245999804231,0.740083286706728,194.057029154528,-0.163883198458489,0.00384327007397041,3696.81411396471,0.209924885671554,8.25366909915731e-56,0.95886740546823,0.793800429951124,148.669186695736,0.977814191432175,0.590604040018885,195.324401781336,TRUE,-0.160449873598279,0.00368804069005248,0.660297230641975,2026-06-10 06:32:31,2026-06-10 06:33:50,NA
"42","2026-06-10 07:32:20","Collar_42_2026-06-10 07:32:20",2026-06-10 07:33:09.5,231.917358900089,-0.24216094774201,1.56066621203966e-50,0.943843565098175,1.00572016191726,188.608107293694,-0.178483987917249,0.00371458820085713,3730.49422324536,0.202896098471752,1.04409942868408e-59,0.967319596022441,0.767222093212298,171.516780832253,0.974893317374503,0.681259487967916,188.917266842674,TRUE,-0.176683576723054,0.00370357997809896,0.860190611436244,2026-06-10 07:32:30,2026-06-10 07:33:49,NA
"42","2026-06-10 08:32:19","Collar_42_2026-06-10 08:32:19",2026-06-10 08:33:08.5,NA,NA,NA,NA,NA,187.403995149435,-0.0110290974094391,0.00368673824773624,3785.59156971334,0.201374894363704,0.00371411892039607,0.102926830779411,0.761469881076281,185.623922496175,0.165455120633254,0.744053475983733,187.444549802262,TRUE,-0.0109783149243458,0.00388148918988009,0.874566391914516,2026-06-10 08:32:29,2026-06-10 08:33:48,NA
"42","2026-06-10 09:32:21","Collar_42_2026-06-10 09:32:21",2026-06-10 09:33:10.5,125.37155885102,-0.0175108034409952,4.74542316073396e-09,0.35747648209595,0.516744157671277,126.494061208165,-0.0162706707710032,0.00251948631202061,3784.43643768205,0.137617931038496,8.30152961368073e-09,0.348397509203741,0.520382195173654,129.081202972535,0.359804261269465,0.52255012463293,126.517557790319,TRUE,-0.0159073447576315,0.00270598353082287,0.634969456572063,2026-06-10 09:32:31,2026-06-10 09:33:50,NA
"42","2026-06-10 10:32:19","Collar_42_2026-06-10 10:32:19",2026-06-10 10:33:08.5,NA,NA,NA,NA,NA,123.253498641824,-0.0144580690134872,0.00246897113732488,3788.42962899312,0.134858720244411,1.0681313403775e-07,0.305380318047441,0.509948640773167,127.064989580919,0.307015167440534,0.516006611225489,123.270081413042,TRUE,-0.0147286598359317,0.0025592395414534,0.646453167179136,2026-06-10 10:32:29,2026-06-10 10:33:48,NA
"42","2026-06-10 11:32:19","Collar_42_2026-06-10 11:32:19",2026-06-10 11:33:08.5,NA,NA,NA,NA,NA,83.3760535263315,-0.00486751412565396,0.00192431005074547,3779.66227865154,0.105108555897567,0.0134391664460375,0.0758107276370755,0.397452720272393,74.9180983590506,0.209083459128144,0.372486765271262,83.4157332605243,TRUE,-0.00461913304905972,0.0020955181067915,0.41319785642872,2026-06-10 11:32:29,2026-06-10 11:33:48,NA
"42","2026-06-10 12:32:19","Collar_42_2026-06-10 12:32:19",2026-06-10 12:33:08.5,NA,NA,NA,NA,NA,95.3155668626205,-0.00677305640575382,0.00207339932560901,3753.04127064983,0.113252024448621,0.00161881887363319,0.120343342606432,0.428246062454958,96.5849424935856,0.149861850863674,0.426502949950515,95.3917690474801,TRUE,-0.00620866267478774,0.00224051622818832,0.427411682891129,2026-06-10 12:32:29,2026-06-10 12:33:48,NA
"42","2026-06-10 13:32:19","Collar_42_2026-06-10 13:32:19",2026-06-10 13:33:08.5,NA,NA,NA,NA,NA,34.6202815471459,-0.0115111372479945,0.00141884606848766,3764.18401837341,0.0774993932198738,5.68338480854245e-12,0.457659988402558,0.29305268626007,33.3062638315916,0.492514615758039,0.287185268380488,34.7012493479885,TRUE,-0.0118989050053762,0.00148483744034835,0.299845602661299,2026-06-10 13:32:29,2026-06-10 13:33:48,NA
"42","2026-06-10 14:32:21","Collar_42_2026-06-10 14:32:21",2026-06-10 14:33:10.5,0.690207597129934,-0.041667236657095,3.51140512684776e-19,0.644170615153671,0.23705435178098,6.5266033982182,-0.0133503048916099,0.00119036314566641,3718.08160270727,0.0650193305315908,6.16697502628256e-18,0.617240709435547,0.245861143932516,4.79735664397831,0.64369371110833,0.24031411305408,6.67618487361978,TRUE,-0.013331375451945,0.00120701768592663,0.217890007983158,2026-06-10 14:32:31,2026-06-10 14:33:50,NA
"42","2026-06-10 15:32:19","Collar_42_2026-06-10 15:32:19",2026-06-10 15:33:08.5,4.9385994079734,-0.0435985298886234,4.59996275590384e-14,0.519923639514113,0.243433035398256,7.10764202177551,-0.0106942225391484,0.00119469379779317,3679.45191800865,0.0652558769191969,1.34061871753476e-13,0.506729251809087,0.246755609700995,6.61281466891884,0.533679639711929,0.24305639258113,7.11119494728042,TRUE,-0.0107235847493967,0.00125836811499794,0.241776924626429,2026-06-10 15:32:29,2026-06-10 15:33:48,NA
"42","2026-06-10 16:32:19","Collar_42_2026-06-10 16:32:19",2026-06-10 16:33:08.5,-31.6096021641706,-0.0417381588166162,9.47314186570634e-26,0.75807477162458,0.193720352320534,-13.0938565678878,-0.0140406255803933,0.00105298664494445,3675.29515752459,0.057515630387452,8.2191609906867e-22,0.695072048316709,0.217486992951859,-26.6525960443175,0.75516334320016,0.197430113829902,-11.9655290034753,TRUE,-0.0129815081685895,0.000967469906613266,0.15730352454692,2026-06-10 16:32:29,2026-06-10 16:33:48,NA
"42","2026-06-10 17:32:21","Collar_42_2026-06-10 17:32:21",2026-06-10 17:33:10.5,-20.0990131752104,-0.0409506980306132,2.35321713956014e-21,0.686782159657891,0.208170367179933,-16.2478687526124,-0.0130317357462067,0.00103243281555249,3626.78035403665,0.0563929509498443,1.5551907528812e-20,0.671335251642219,0.213241743907568,-17.5742216958065,0.692505002910097,0.208956167977122,-16.15253393789,TRUE,-0.0133429268065906,0.00114663715273249,0.209368412235059,2026-06-10 17:32:31,2026-06-10 17:33:50,NA
"42","2026-06-10 18:32:20","Collar_42_2026-06-10 18:32:20",2026-06-10 18:33:09.5,21.0340765426486,-0.0286586233990432,1.88978269725664e-21,0.688528853209381,0.269195701015473,32.8162999841698,-0.0164885515376922,0.00140293858857943,3603.77214879513,0.0766305040091796,6.11660164387991e-19,0.639105922813982,0.289767108055168,24.1515334527913,0.691946053491261,0.271214623765377,33.7175774074936,TRUE,-0.0155707459332866,0.00143516866258806,0.237410934511479,2026-06-10 18:32:30,2026-06-10 18:33:49,NA
"42","2026-06-10 19:32:20","Collar_42_2026-06-10 19:32:20",2026-06-10 19:33:09.5,NA,NA,NA,NA,NA,47.4509599582936,-0.0102314479251237,0.00153731233313074,3601.34498829664,0.083970189334247,3.53794740858057e-09,0.362195446703195,0.31752106084693,48.3226274610736,0.38665490560065,0.31544357238882,47.5499703051078,TRUE,-0.010709235395096,0.00160627033033603,0.298826240981036,2026-06-10 19:32:30,2026-06-10 19:33:49,NA
"42","2026-06-10 20:32:20","Collar_42_2026-06-10 20:32:20",2026-06-10 20:33:09.5,75.7657493974154,-0.0896604645495717,1.42934410755594e-26,0.769483924113295,0.378990668536448,94.9726362583933,-0.0283794138918494,0.00206896013408204,3614.03689513471,0.113009549484375,1.73536653283728e-22,0.706931406446255,0.427329178635991,79.5302126262963,0.770161613646302,0.383380213725046,95.0271775676401,TRUE,-0.0279114304418081,0.00212940679623264,0.389077326735223,2026-06-10 20:32:30,2026-06-10 20:33:49,NA
"42","2026-06-10 21:32:20","Collar_42_2026-06-10 21:32:20",2026-06-10 21:33:09.5,105.286974118609,-0.128747347975813,4.02156624421106e-28,0.78958453141563,0.455784102519899,111.575170232545,-0.0373398147392529,0.00229518159721831,3624.05016008878,0.125366088023514,8.71679448807861e-27,0.772377979267321,0.474053632355224,107.636654189206,0.793880726474586,0.457004154496007,111.648701451821,TRUE,-0.0367251494340428,0.00238083114174543,0.54323544155861,2026-06-10 21:32:30,2026-06-10 21:33:49,NA
"42","2026-06-10 22:32:20","Collar_42_2026-06-10 22:32:20",2026-06-10 22:33:09.5,104.222658460964,-0.0691711363391396,7.5136114950028e-40,0.894556396167301,0.452762300654358,124.815195870224,-0.0554055960554611,0.00249318778831955,3607.02231042754,0.136181468215165,1.75026021065375e-35,0.863601197400345,0.51495041988355,104.013598366568,0.899960711084725,0.44677199347324,124.856659445716,TRUE,-0.0549869615570234,0.00283269281357191,0.54967186851869,2026-06-10 22:32:30,2026-06-10 22:33:49,NA
"42","2026-06-10 23:32:21","Collar_42_2026-06-10 23:32:21",2026-06-10 23:33:10.5,142.885733818617,-0.15146780854712,3.35128314133221e-40,0.896713735106587,0.576520838791703,161.443107763343,-0.0715364362703385,0.00313455299088169,3626.53274558145,0.171213749119244,2.88798951060729e-36,0.869747929310329,0.647419896071977,141.933562167979,0.902913507313636,0.566257066687734,161.597154111602,TRUE,-0.0705729562155229,0.00369202372706816,0.655049453896262,2026-06-10 23:32:31,2026-06-10 23:33:50,NA
"43","2026-06-10 00:14:16","Collar_43_2026-06-10 00:14:16",2026-06-10 00:15:20.5,26.4183133005699,0.0101542924793271,0.545516660693371,0.0047037658708266,0.278408680490839,26.0969195205105,-0.00111265372994831,0.00134524062548684,3637.54514117819,0.073478959081924,0.410701395206866,0.00869426997076429,0.277849999179473,28.3169317696752,0.030507104690507,0.278368066030729,26.1869851823264,TRUE,-0.00139203971353113,0.00138826444566735,0.318396008489561,2026-06-10 00:14:41,2026-06-10 00:16:00,"Time changed"
"43","2026-06-10 00:35:22","Collar_43_2026-06-10 00:35:22",2026-06-10 00:36:26.5,NA,NA,NA,NA,NA,-0.318906384456238,-0.00448926138636321,0.00114050824141026,3633.88782757959,0.0622961846493847,0.000178635012451753,0.165718483109092,0.235563963752092,2.71382175590553,0.175744959338875,0.237205007777058,0.20536655594649,TRUE,-0.00399483447986268,0.00112614915254384,0.205432569179138,2026-06-10 00:35:47,2026-06-10 00:37:06,"Time changed"
"43","2026-06-10 01:35:20","Collar_43_2026-06-10 01:35:20",2026-06-10 01:36:24.5,124.028746787238,-0.0442261340324322,7.34280935851682e-20,0.410394585001748,0.352110825280212,137.004373070741,-0.0118496782696563,0.00125534786373438,3618.54028220643,0.0685688883946228,4.73683220737052e-17,0.360586602723356,0.36668193227426,126.172645805495,0.417194859934431,0.352311302868816,137.013548943778,TRUE,-0.0118410262645004,0.00128749513269467,0.421533623452952,2026-06-10 01:35:45,2026-06-10 01:37:04,"Time changed"
"43","2026-06-10 02:35:21","Collar_43_2026-06-10 02:35:21",2026-06-10 02:36:25.5,NA,NA,NA,NA,NA,193.157910352495,-0.00774567707640079,0.00149614607789919,3702.74770374505,0.0817216298375991,6.76828459070311e-07,0.145031918408807,0.43701809726002,196.839125690432,0.146733664506341,0.439372651541312,193.166259239141,TRUE,-0.00781863236174638,0.00152072846556865,0.507930495097047,2026-06-10 02:35:46,2026-06-10 02:37:05,"Time changed"
"43","2026-06-10 03:35:22","Collar_43_2026-06-10 03:35:22",2026-06-10 03:36:26.5,NA,NA,NA,NA,NA,202.91624581322,-0.00474098760665675,0.00154247353394597,3678.9729387842,0.0842521014742246,0.00249170780117569,0.0564188668897879,0.4505501560553,199.502162181961,0.0991449840605615,0.443044362709721,202.929641783891,TRUE,-0.0049103724598211,0.00158947879965108,0.556205525095747,2026-06-10 03:35:47,2026-06-10 03:37:06,"Time changed"
"43","2026-06-10 04:35:22","Collar_43_2026-06-10 04:35:22",2026-06-10 04:36:26.5,NA,NA,NA,NA,NA,214.278909582527,-0.00910928920209245,0.00159822820380479,3640.79005966152,0.0872975009570869,5.73415478269825e-08,0.170541140543246,0.466835865114725,217.31069445481,0.175545325595822,0.46839950266126,214.284295128996,TRUE,-0.00912306473566212,0.00162970650026351,0.586851743493087,2026-06-10 04:35:47,2026-06-10 04:37:06,"Time changed"
"43","2026-06-10 05:35:22","Collar_43_2026-06-10 05:35:22",2026-06-10 05:36:26.5,NA,NA,NA,NA,NA,217.09699736627,-0.0113748821386572,0.00161236519687797,3694.18176444087,0.0880696836550257,5.11539210786038e-11,0.239543449185977,0.470965222471656,218.226071064791,0.253066851151225,0.469741301979788,217.105352722122,TRUE,-0.0115060351179153,0.0016956149073164,0.617575723014011,2026-06-10 05:35:47,2026-06-10 05:37:06,"Time changed"
"43","2026-06-10 06:35:23","Collar_43_2026-06-10 06:35:23",2026-06-10 06:36:27.5,NA,NA,NA,NA,NA,99.2980414001264,-0.0148917190293294,0.00212565483490457,3707.5724048738,0.116106294797425,7.68290748684457e-10,0.386213203200663,0.439039070738988,102.698849293847,0.390793232351092,0.4431158290786,99.3008717065918,TRUE,-0.0150024166649934,0.00234766969488531,0.508657736763334,2026-06-10 06:35:48,2026-06-10 06:37:07,"Time changed"
"43","2026-06-10 07:35:20","Collar_43_2026-06-10 07:35:20",2026-06-10 07:36:24.5,NA,NA,NA,NA,NA,105.352280308517,-0.00607829752222789,0.00220762859545309,3732.41474155333,0.120583818359394,0.00733621353455004,0.0885800302145853,0.45597017501106,108.302670069902,0.100459873915541,0.458910444456772,105.35258947212,TRUE,-0.00609560724528822,0.00235970753715901,0.530282190949257,2026-06-10 07:35:45,2026-06-10 07:37:04,"Time changed"
"43","2026-06-10 08:35:18","Collar_43_2026-06-10 08:35:18",2026-06-10 08:36:22.5,116.204859403606,0.00521138551418347,0.506681614624754,0.00567292553298634,0.487971021072695,116.288722352083,0.00142383150924656,0.00236380277713913,3791.28583219092,0.129114274612608,0.548689748763124,0.00463003900372101,0.488226854917392,120.162080196006,0.00620448995020701,0.494217841259201,116.289671235928,TRUE,0.00144591250284543,0.0024724270329603,0.620393557112368,2026-06-10 08:35:43,2026-06-10 08:37:02,"Time changed"
"43","2026-06-10 09:35:20","Collar_43_2026-06-10 09:35:20",2026-06-10 09:36:24.5,NA,NA,NA,NA,NA,93.0781749466236,0.00351800128396264,0.00204460731116032,3790.06374499503,0.111679363609007,0.0892839118634894,0.0365677910766568,0.422299274170855,96.0863708009849,0.0484382574117368,0.425176004094005,93.0956222809451,TRUE,0.00326942760942838,0.00207996712950962,0.449892460374696,2026-06-10 09:35:45,2026-06-10 09:37:04,"Time changed"
"43","2026-06-10 10:35:18","Collar_43_2026-06-10 10:35:18",2026-06-10 10:36:22.5,NA,NA,NA,NA,NA,99.2314828126622,0.00314434705442595,0.00212477076515463,3788.89303328656,0.116058005648442,0.14294044863235,0.0273096900988362,0.438856472343844,101.828787205352,0.0442158981410721,0.440712754552344,99.2551599637275,TRUE,0.00287642834905316,0.00223297720803164,0.543741555857453,2026-06-10 10:35:43,2026-06-10 10:37:02,"Time changed"
"43","2026-06-10 11:35:18","Collar_43_2026-06-10 11:35:18",2026-06-10 11:36:22.5,NA,NA,NA,NA,NA,51.9450066398981,0.00418465230403664,0.00158110417082451,3780.08879247847,0.0863621618847775,0.00983030527392966,0.082405115156978,0.326565957229597,47.6942950521234,0.172323732661204,0.314207230210237,52.1021623628334,TRUE,0.00360042097839293,0.00166326608872404,0.302655653228855,2026-06-10 11:35:43,2026-06-10 11:37:02,"Time changed"
"43","2026-06-10 12:35:18","Collar_43_2026-06-10 12:35:18",2026-06-10 12:36:22.5,NA,NA,NA,NA,NA,-4.98578678443696,0.00314136435132372,0.0011077223678053,3752.778359295,0.0605053735339292,0.00581886251346518,0.0934680697962742,0.228792271921168,-4.60604171026857,0.133577151928565,0.226597571696747,-4.95765506762172,TRUE,0.00329806309291303,0.00114277789752282,0.231761427628961,2026-06-10 12:35:43,2026-06-10 12:37:02,"Time changed"
"43","2026-06-10 13:35:18","Collar_43_2026-06-10 13:35:18",2026-06-10 13:36:22.5,NA,NA,NA,NA,NA,-28.1730554999813,0.00101694988270559,0.000958280790603754,3760.27081793893,0.0523426617273654,0.291863338787742,0.0142328953111369,0.197926164166057,-28.5885803477884,0.0671671197445943,0.195055623342307,-28.118444451117,TRUE,0.00089663040780897,0.00103929564696572,0.170257245551022,2026-06-10 13:35:43,2026-06-10 13:37:02,"Time changed"
"43","2026-06-10 14:35:20","Collar_43_2026-06-10 14:35:20",2026-06-10 14:36:24.5,NA,NA,NA,NA,NA,-31.0451650965927,0.00319098184957044,0.000941232466343017,3710.34402353058,0.0514114579731547,0.00109833213149308,0.128428983878138,0.194404952576017,-28.2463353515178,0.14141754540258,0.195473299963991,-30.886358448636,TRUE,0.00284347056843659,0.000901846974697227,0.18192797019182,2026-06-10 14:35:45,2026-06-10 14:37:04,"Time changed"
"43","2026-06-10 15:35:18","Collar_43_2026-06-10 15:35:18",2026-06-10 15:36:22.5,NA,NA,NA,NA,NA,-20.7896479778886,0.000705826948023885,0.00100353809824031,3684.39771429959,0.0548146803335394,0.48393901733236,0.00630214644173841,0.207273743068628,-20.4381957573353,0.0506036676916487,0.205249162818844,-20.3277914954564,TRUE,0.00116066598730291,0.000954301055373993,0.188232618565778,2026-06-10 15:35:43,2026-06-10 15:37:02,"Time changed"
"43","2026-06-10 16:35:18","Collar_43_2026-06-10 16:35:18",2026-06-10 16:36:22.5,2.0459048633766,0.0121151407454125,1.21092345184508e-16,0.587129941643925,0.23907147245769,-1.92487563998948,0.0123964136558307,0.00112911786905518,3649.24110484328,0.0616740262872673,1.71969109339122e-17,0.607122382120925,0.233211362373906,-0.452316202394218,0.619340546933711,0.232557246611867,-1.68464846288921,TRUE,0.0120342410941439,0.00103983101784506,0.189383111124629,2026-06-10 16:35:43,2026-06-10 16:37:02,"Time changed"
"43","2026-06-10 17:35:21","Collar_43_2026-06-10 17:35:21",2026-06-10 17:36:25.5,NA,NA,NA,NA,NA,-12.3567615022213,0.00266305394635212,0.00105784878127379,3626.5984313169,0.0577812071992324,0.013871389199119,0.075143672691261,0.218491233048035,-9.52811248481117,0.0885866592779655,0.219732893870186,-12.3475705456712,TRUE,0.00274710209258035,0.00105623822230213,0.22558799506713,2026-06-10 17:35:46,2026-06-10 17:37:05,"Time changed"
"43","2026-06-10 18:35:19","Collar_43_2026-06-10 18:35:19",2026-06-10 18:36:23.5,NA,NA,NA,NA,NA,-23.5834068364349,0.000366351458572853,0.000986167422625557,3608.4309897185,0.0538658692892253,0.711279722398452,0.00176616887929523,0.203685952071342,-20.8149277933794,0.0170153184816948,0.20476645673197,-23.5831307579059,TRUE,0.000366245434566558,0.0010390596544492,0.192225672025542,2026-06-10 18:35:44,2026-06-10 18:37:03,"Time changed"
"43","2026-06-10 19:35:19","Collar_43_2026-06-10 19:35:19",2026-06-10 19:36:23.5,NA,NA,NA,NA,NA,-41.7658354268109,-0.00109704410973938,0.000880232398068796,3605.87163747834,0.0480795473574655,0.216380037844868,0.0195251922203318,0.181805817076518,-43.0010859534487,0.081633709327015,0.178253484191933,-41.6973354654106,TRUE,-0.0013069685636364,0.000923442227998888,0.158721448484722,2026-06-10 19:35:44,2026-06-10 19:37:03,"Time changed"
"43","2026-06-10 20:35:21","Collar_43_2026-06-10 20:35:21",2026-06-10 20:36:25.5,NA,NA,NA,NA,NA,19.1788820256986,0.00359622446599121,0.00128831500440501,3617.34577070406,0.0703696005753956,0.00659585985632952,0.0908244160778663,0.266092412119422,20.7064840277946,0.118492718477812,0.265437369954627,19.3474944778493,TRUE,0.00408378446925085,0.00132127542308,0.26149895503661,2026-06-10 20:35:46,2026-06-10 20:37:05,"Time changed"
"43","2026-06-10 21:35:21","Collar_43_2026-06-10 21:35:21",2026-06-10 21:36:25.5,NA,NA,NA,NA,NA,17.6135054812773,0.0051414608512739,0.00127577209880048,3619.50172595656,0.069684489205562,0.000128675806976942,0.172339389833764,0.263501763096566,16.6535638928556,0.222095388450806,0.258798086096926,17.6957010199759,TRUE,0.0055025401195299,0.00116836268906171,0.218813772980669,2026-06-10 21:35:46,2026-06-10 21:37:05,"Time changed"
"43","2026-06-10 22:35:21","Collar_43_2026-06-10 22:35:21",2026-06-10 22:36:25.5,29.0773971696746,0.0245938384973465,0.0500105718265305,0.0483522135244792,0.283074292845556,29.4529995107589,-0.00259897012710463,0.00137375573399431,3615.08531192558,0.0750364949246129,0.0622194267738741,0.0438736941557677,0.28373959448703,32.0537391430638,0.0604516615201078,0.284945878608287,29.5399393842455,TRUE,-0.00232520510746548,0.00142822377198092,0.307857551278826,2026-06-10 22:35:46,2026-06-10 22:37:05,"Time changed"
"43","2026-06-10 23:35:22","Collar_43_2026-06-10 23:35:22",2026-06-10 23:36:26.5,NA,NA,NA,NA,NA,77.1133727938704,0.00116539104284876,0.00185044422838882,3632.36004068884,0.101073899468326,0.530672618897711,0.00505934071803859,0.382196253665344,80.0578808714164,0.018100022326829,0.384646660680385,77.1158797809107,TRUE,0.00124203222848991,0.00186195017557002,0.50614657304928,2026-06-10 23:35:47,2026-06-10 23:37:06,"Time changed"
"44","2026-06-10 00:17:17","Collar_44_2026-06-10 00:17:17",2026-06-10 00:18:21.5,NA,NA,NA,NA,NA,57.3594241173549,-0.0343754065273114,0.00163552451059477,3636.54906763746,0.0893346783576251,7.31802464970043e-34,0.849929322384191,0.337806096037508,59.8675309027395,0.852702006421794,0.339045888020944,57.4487797322797,TRUE,-0.033921298112641,0.00180347909291779,0.346666275033693,2026-06-10 00:17:42,2026-06-10 00:19:01,"Time changed"
"44","2026-06-10 00:38:24","Collar_44_2026-06-10 00:38:24",2026-06-10 00:39:28.5,42.2057972327748,-0.0370781587858331,6.7604629944674e-36,0.866881601481199,0.30728076772062,6.71931414582989,-0.034439948088131,0.00119179773300505,3635.99866700909,0.0650976897354075,2.02080356240409e-43,0.914573367507936,0.246157447867523,8.94544868296892,0.916446713518724,0.246625858970972,6.72803542794754,TRUE,-0.0344044996696397,0.00121814965343379,0.273476741562159,2026-06-10 00:38:49,2026-06-10 00:40:08,"Time changed"
"44","2026-06-10 01:38:21","Collar_44_2026-06-10 01:38:21",2026-06-10 01:39:25.5,180.136029516676,-0.0500789169607972,2.8877924187276e-62,0.827942555395642,0.419591336439714,152.950542482123,-0.0402468850191577,0.00131948894116331,3634.42051286894,0.0720723654042953,4.20984766924413e-68,0.854828020176494,0.385417276388223,151.005926486814,0.860122749289154,0.380740929982672,153.083323805494,TRUE,-0.0405755876716603,0.00139202564614857,0.413656360096122,2026-06-10 01:38:46,2026-06-10 01:40:05,"Time changed"
"44","2026-06-10 02:38:22","Collar_44_2026-06-10 02:38:22",2026-06-10 02:39:26.5,NA,NA,NA,NA,NA,207.830873560245,-0.0346955935887502,0.0015663460191363,3685.83512438753,0.0855560506185271,2.55079181532345e-50,0.756417778907576,0.457523210497549,199.034516039483,0.775140151032862,0.442397373118384,207.837089306322,TRUE,-0.0348175240650287,0.00171806134420741,0.519503517931254,2026-06-10 02:38:47,2026-06-10 02:40:06,"Time changed"
"44","2026-06-10 03:38:23","Collar_44_2026-06-10 03:38:23",2026-06-10 03:39:27.5,NA,NA,NA,NA,NA,218.416993047019,-0.0423480538100815,0.00161902991804406,3666.04190658334,0.0884337202181335,2.71760892881549e-59,0.812387014095219,0.472911960030104,221.684511650235,0.813243944967388,0.474845623796692,218.417437603779,TRUE,-0.0423296856705224,0.00169222274681617,0.615137520477373,2026-06-10 03:38:48,2026-06-10 03:40:07,"Time changed"
"44","2026-06-10 04:38:23","Collar_44_2026-06-10 04:38:23",2026-06-10 04:39:27.5,291.851935126539,-0.0647096754579573,2.15375654869448e-55,0.789844241560421,0.594900065413701,274.717527548457,-0.0502963986016836,0.00193047545858792,3643.72838463259,0.105445319255732,4.501071943801e-59,0.811186658624292,0.563883917607744,272.959889478266,0.817860354225034,0.557367777270282,274.719726868741,TRUE,-0.0502148283769854,0.0019671520566739,0.74278461269322,2026-06-10 04:38:48,2026-06-10 04:40:07,"Time changed"
"44","2026-06-10 05:38:23","Collar_44_2026-06-10 05:38:23",2026-06-10 05:39:27.5,NA,NA,NA,NA,NA,225.077948356826,-0.0478101721208185,0.00165308400819707,3690.9569688379,0.090293803127851,5.28596282779936e-65,0.841121523090898,0.482859019279486,224.630411042163,0.845477069065717,0.479237205322327,225.077950334097,TRUE,-0.0478084912120189,0.00167403577862634,0.668868545457813,2026-06-10 05:38:48,2026-06-10 05:40:07,"Time changed"
"44","2026-06-10 06:38:24","Collar_44_2026-06-10 06:38:24",2026-06-10 06:39:28.5,139.72265349478,-0.0761844420211027,3.91282718985324e-30,0.813083072694917,0.565235373188945,109.9740910321,-0.0521775012790943,0.00227232883183416,3703.18210988034,0.124117837427481,1.90385475398463e-36,0.871129599979518,0.469333554234674,113.367080166989,0.872103721329516,0.473668468775631,109.982392886646,TRUE,-0.0519757741825825,0.00236216238599604,0.570805773793777,2026-06-10 06:38:49,2026-06-10 06:40:08,"Time changed"
"44","2026-06-10 07:38:21","Collar_44_2026-06-10 07:38:21",2026-06-10 07:39:25.5,174.560836431602,-0.0883112905150095,6.53356696206732e-33,0.841284640152199,0.702735711607716,150.523156952314,-0.0708550658002709,0.00292775783106481,3720.14239081132,0.159918302937617,5.19811351645825e-38,0.882476135535398,0.604707808809042,152.271114846317,0.885738362052086,0.604050534460746,150.528885000294,TRUE,-0.070707562138013,0.00321808827626155,0.72372238085115,2026-06-10 07:38:46,2026-06-10 07:40:05,"Time changed"
"44","2026-06-10 08:38:18","Collar_44_2026-06-10 08:38:18",2026-06-10 08:39:22.5,NA,NA,NA,NA,NA,135.972932995669,0.00820932076658728,0.00267325808478967,3790.90231116895,0.146017164294749,0.00293703251702406,0.10786236329616,0.552142674398139,139.092098534884,0.117631304159887,0.55628959268843,135.973699102126,TRUE,0.0081636400980529,0.00269524546792768,0.748177167229697,2026-06-10 08:38:43,2026-06-10 08:40:02,"Time changed"
"44","2026-06-10 09:38:23","Collar_44_2026-06-10 09:38:23",2026-06-10 09:39:27.5,97.9990137926303,-0.00477458557755107,0.40358052204314,0.00896108039386607,0.435488977495564,98.0055929515742,-0.00176264464452218,0.00210855337840697,3796.15526897459,0.115172188884757,0.405736733895926,0.00887957451017502,0.435506885058746,101.668584651707,0.0130459902388791,0.44027170471389,98.0504930257903,TRUE,-0.00135725940854515,0.00223809479834399,0.476157872592213,2026-06-10 09:38:48,2026-06-10 09:40:07,"Time changed"
"44","2026-06-10 10:38:19","Collar_44_2026-06-10 10:38:19",2026-06-10 10:39:23.5,NA,NA,NA,NA,NA,91.8939821597578,0.000752041970937231,0.00202953061515441,3788.79031747132,0.110855852998399,0.711977346632134,0.00175725385321248,0.41918528854367,95.1208849731484,0.0113575252311547,0.422618095642494,91.9781491589811,TRUE,0.000473880136092304,0.00235007418042968,0.43024531239567,2026-06-10 10:38:44,2026-06-10 10:40:03,"Time changed"
"44","2026-06-10 11:38:19","Collar_44_2026-06-10 11:38:19",2026-06-10 11:39:23.5,NA,NA,NA,NA,NA,72.8868210292703,0.0020095361013851,0.00180220296348799,3774.39811675621,0.098438892866124,0.268255220201979,0.0156899494133156,0.372232359355907,76.7625876551632,0.0172173151546252,0.376805660751801,72.88726586702,TRUE,0.00198822251702493,0.00193079854789231,0.456025821919522,2026-06-10 11:38:44,2026-06-10 11:40:03,"Time changed"
"44","2026-06-10 12:38:18","Collar_44_2026-06-10 12:38:18",2026-06-10 12:39:22.5,NA,NA,NA,NA,NA,19.1933918775546,0.00363104446615472,0.00128843184257686,3755.17095316489,0.0703759824427631,0.00611731861593171,0.0924131604043154,0.266116544222884,19.672098197201,0.131495226806961,0.26372687591843,19.2256063099756,TRUE,0.00385902769592805,0.00133690852524283,0.311681501499025,2026-06-10 12:38:43,2026-06-10 12:40:02,"Time changed"
"44","2026-06-10 13:38:19","Collar_44_2026-06-10 13:38:19",2026-06-10 13:39:23.5,-9.97984353589123,0.021017446808841,2.67894994282282e-12,0.467875931650599,0.221761310975537,-16.0418373163172,0.00925326474522125,0.00103376313198973,3759.87727986295,0.0564656147285065,1.34292438379495e-13,0.506707772945778,0.213516511420526,-13.6409554152448,0.516470283201098,0.214156578267488,-15.8023527635904,TRUE,0.009574461950481,0.00098224387943673,0.207525534968408,2026-06-10 13:38:44,2026-06-10 13:40:03,"Time changed"
"44","2026-06-10 14:38:20","Collar_44_2026-06-10 14:38:20",2026-06-10 14:39:24.5,NA,NA,NA,NA,NA,-38.1479570217389,0.00358787542858369,0.000900362717297395,3705.39607152999,0.0491790940667161,0.0001507501109957,0.169148616527462,0.185963593072262,-37.2763375927136,0.201011796851576,0.184746808136642,-38.1375611158629,TRUE,0.00350035484760128,0.000942750974356709,0.20017616860315,2026-06-10 14:38:45,2026-06-10 14:40:04,"Time changed"
"44","2026-06-10 15:38:20","Collar_44_2026-06-10 15:38:20",2026-06-10 15:39:24.5,NA,NA,NA,NA,NA,-29.577646333204,0.00405177646654959,0.000949905155368656,3679.59758598265,0.0518851726008367,5.54875461516101e-05,0.189139419282757,0.196196235557666,-27.5357729698903,0.208745590680461,0.196343330277633,-29.4800592238745,TRUE,0.00419229290411265,0.001065638323905,0.153202113067089,2026-06-10 15:38:45,2026-06-10 15:40:04,"Time changed"
"44","2026-06-10 16:38:19","Collar_44_2026-06-10 16:38:19",2026-06-10 16:39:23.5,NA,NA,NA,NA,NA,-0.352082906520451,0.00057969699775129,0.00114027177782164,3656.969756933,0.0622832686713627,0.612618292368046,0.00330258557980638,0.235515123859317,3.46739572095641,0.00554911477623024,0.238324839809327,-0.294137211219635,TRUE,0.000332723232469293,0.00123258558959128,0.233401469794614,2026-06-10 16:38:44,2026-06-10 16:40:03,"Time changed"
"44","2026-06-10 17:38:23","Collar_44_2026-06-10 17:38:23",2026-06-10 17:39:27.5,-6.34686308422983,0.00610492775478863,0.0461079723388593,0.0500272449866379,0.226854253337452,-5.87808098895587,0.0020981481184973,0.00110156197248103,3618.95226609469,0.0601688839666467,0.0605052900745071,0.0444442757552684,0.227519885551498,-5.52230892804289,0.0869960269733017,0.225303630678547,-5.70918953891528,TRUE,0.00252800514544817,0.00112671349556946,0.215365554564676,2026-06-10 17:38:48,2026-06-10 17:40:07,"Time changed"
"44","2026-06-10 18:38:19","Collar_44_2026-06-10 18:38:19",2026-06-10 18:39:23.5,NA,NA,NA,NA,NA,-10.3565471156425,0.0020858460502201,0.00107115631616501,3607.77771934717,0.0585080837098191,0.0550997718839434,0.0463605319845312,0.221239810877573,-12.1853797302453,0.113372201196796,0.216113724113576,-10.295572779561,TRUE,0.00226646693170072,0.00112019368693154,0.219640195056855,2026-06-10 18:38:44,2026-06-10 18:40:03,"Time changed"
"44","2026-06-10 19:38:20","Collar_44_2026-06-10 19:38:20",2026-06-10 19:39:24.5,NA,NA,NA,NA,NA,-14.027156346056,0.00043357618656598,0.00104686232300968,3594.72039056334,0.0571811112000861,0.679888283367681,0.00219433568379026,0.216222057287331,-12.915801585874,0.0375804611001608,0.215129383975467,-14.0176996765779,TRUE,0.000533943775353516,0.00100831284219802,0.180140925451027,2026-06-10 19:38:45,2026-06-10 19:40:04,"Time changed"
"44","2026-06-10 20:38:22","Collar_44_2026-06-10 20:38:22",2026-06-10 20:39:26.5,31.7495380697862,-0.00864537733405198,0.0228621773276868,0.0646376920662213,0.287841580966563,32.0568755157258,-0.00314411501952267,0.00139629545472167,3616.88650746146,0.0762676465756005,0.0271509463161386,0.061037382522557,0.288395015433254,35.0745772243488,0.0724961561551112,0.29037683213638,32.1307282819028,TRUE,-0.0032019329798663,0.00150655596011166,0.310669969307956,2026-06-10 20:38:47,2026-06-10 20:40:06,"Time changed"
"44","2026-06-10 21:38:23","Collar_44_2026-06-10 21:38:23",2026-06-10 21:39:27.5,NA,NA,NA,NA,NA,36.2480051283363,-0.00661496470334279,0.00143335404769762,3623.14588684063,0.0782918397090246,1.51946392273037e-05,0.214489291732097,0.296049207429005,37.1577783159537,0.244253309261862,0.294182260062639,36.255000191404,TRUE,-0.00672832077989528,0.00148971391113933,0.335698517000366,2026-06-10 21:38:48,2026-06-10 21:40:07,"Time changed"
"44","2026-06-10 22:38:23","Collar_44_2026-06-10 22:38:23",2026-06-10 22:39:27.5,NA,NA,NA,NA,NA,37.8464567524532,-0.0111099784457143,0.00144774548496125,3611.16448092441,0.0790779205110681,4.01725221444876e-11,0.430199678579147,0.29902165767778,36.0554441594591,0.469988699113781,0.292162431237452,38.0595858513113,TRUE,-0.0117295847108268,0.00158690615407426,0.304666209229791,2026-06-10 22:38:48,2026-06-10 22:40:07,"Time changed"
"44","2026-06-10 23:38:23","Collar_44_2026-06-10 23:38:23",2026-06-10 23:39:27.5,97.3709215308253,-0.0163212182801184,8.35962413965565e-11,0.419567920794442,0.433782783229382,88.0212462598926,-0.016930584341476,0.00198099638500487,3639.57006892411,0.108204844217022,8.19308271471028e-13,0.483589573530661,0.409160884320563,90.7693573149304,0.491607779311703,0.411279024626908,88.0284067134195,TRUE,-0.0167922654742192,0.00205325317351712,0.527888496885655,2026-06-10 23:38:48,2026-06-10 23:40:07,"Time changed"
"45","2026-06-10 00:26:17","Collar_45_2026-06-10 00:26:17",2026-06-10 00:27:06.5,29.4363947199989,-0.18435853949168,3.86452125673705e-62,0.971688559944461,0.283710149536224,127.292018887116,-0.0685434877662745,0.00253208296871867,3632.87878154584,0.138305978369619,2.09053616081098e-41,0.903796930244827,0.522983946107211,27.468332730478,0.973723757857366,0.276895581364687,127.813731728833,TRUE,-0.0672256439956002,0.00265946995704387,0.521402181445109,2026-06-10 00:26:27,2026-06-10 00:27:46,NA
"45","2026-06-10 00:47:26","Collar_45_2026-06-10 00:47:26",2026-06-10 00:48:15.5,60.5994422863639,-0.0570479420746881,1.49229519925658e-40,0.898831291910058,0.34471643931995,14.2446210043502,-0.045009705000029,0.00124919086664168,3636.40614399289,0.068232584443589,2.2359949337154e-50,0.943323807657532,0.2580115963609,0.0804727848558251,0.954835906404097,0.233332937017305,14.3562054040827,TRUE,-0.0446087225705048,0.00121380223639822,0.194543432829953,2026-06-10 00:47:36,2026-06-10 00:48:55,NA
"45","2026-06-10 01:47:20","Collar_45_2026-06-10 01:47:20",2026-06-10 01:48:09.5,178.882154816145,-0.158707743227068,6.3045500367035e-99,0.940849594569454,0.417950444087234,245.572689561352,-0.0705557070348174,0.00176242148195663,3651.67821241827,0.0962659716814079,1.28049883694441e-84,0.910261553719029,0.514796044311637,145.437205564702,0.953192075671091,0.374172498552732,247.147963035716,TRUE,-0.068891147456589,0.0016025962160904,0.470906311432014,2026-06-10 01:47:30,2026-06-10 01:48:49,NA
"45","2026-06-10 02:47:21","Collar_45_2026-06-10 02:47:21",2026-06-10 02:48:10.5,125.18816006735,-0.277404985455846,2.83266391598012e-115,0.963264011369173,0.353388895358988,301.934509265454,-0.0748154120804364,0.00210185311650625,3681.43160926498,0.1148062110361,2.34198825866812e-77,0.889122989477396,0.613942624496521,144.46577886186,0.959583342728991,0.373038342293328,307.537149859539,TRUE,-0.0713071266263656,0.00179954004858943,0.434812180826248,2026-06-10 02:47:31,2026-06-10 02:48:50,NA
"45","2026-06-10 03:47:23","Collar_45_2026-06-10 03:47:23",2026-06-10 03:48:12.5,NA,NA,NA,NA,NA,207.780994487031,-0.0613016533709453,0.0015661018885141,3647.07378957997,0.0855427158562105,3.24005532803453e-83,0.906517770922147,0.457451900949923,152.107883802145,0.935619266885272,0.382054315874261,207.848354862151,TRUE,-0.0610753711486447,0.0016711747529647,0.392492964052929,2026-06-10 03:47:33,2026-06-10 03:48:52,NA
"45","2026-06-10 04:47:27","Collar_45_2026-06-10 04:47:27",2026-06-10 04:48:16.5,216.193043089537,-0.246935238271582,8.61998979775011e-102,0.94558529060116,0.469636690352296,356.127712638715,-0.0807879459879861,0.00248972721579108,3652.77226040906,0.135992446814531,9.12145807639539e-72,0.869519186188122,0.72723904878947,224.447782422193,0.94411887696201,0.478963775762828,358.500017847926,TRUE,-0.0778914945942357,0.0022772905719556,0.762617675554228,2026-06-10 04:47:37,2026-06-10 04:48:56,NA
"45","2026-06-10 05:47:26","Collar_45_2026-06-10 05:47:26",2026-06-10 05:48:30.5,208.89689079016,-0.0575391163586224,5.54892805906056e-66,0.845585502178533,0.459049900850001,185.302440640769,-0.0468023475377428,0.00145986530934405,3670.08833234207,0.0797399225819478,4.78069269116208e-71,0.866756908232434,0.426420634435158,180.058114407614,0.87423712636147,0.41692537847875,185.390282599674,TRUE,-0.0468762497847331,0.00152012807308769,0.500767749227557,2026-06-10 05:47:51,2026-06-10 05:49:10,"Time changed"
"45","2026-06-10 06:47:24","Collar_45_2026-06-10 06:47:24",2026-06-10 06:48:13.5,NA,NA,NA,NA,NA,141.862346542592,-0.0376056676658443,0.00277349101147545,3701.22795040863,0.15149202951891,3.28814138979421e-22,0.702114452317762,0.572845081142153,107.078853010594,0.816554856847702,0.455413694383467,142.673676599833,TRUE,-0.0397243380520523,0.00275593331539696,0.578557611751932,2026-06-10 06:47:34,2026-06-10 06:48:53,NA
"45","2026-06-10 07:47:25","Collar_45_2026-06-10 07:47:25",2026-06-10 07:48:14.5,133.277455483796,0.192858977506943,7.77340362792049e-06,0.227351143858907,0.542918787722654,142.561551267167,0.00960545785634775,0.00278563777061023,3723.58672117001,0.152155502804308,0.000912732422824677,0.132274099865807,0.575353908895114,122.359635081212,0.358793261930595,0.501052613345563,143.435956003692,TRUE,0.0073859600241378,0.00267289543411479,0.561970311645691,2026-06-10 07:47:35,2026-06-10 07:48:54,NA
"45","2026-06-10 08:47:17","Collar_45_2026-06-10 08:47:17",2026-06-10 08:48:06.5,NA,NA,NA,NA,NA,99.5603910771416,0.0123775639846955,0.00212914309932244,3788.54686696331,0.116296828768501,1.27541283899632e-07,0.30229836369315,0.439759547245034,80.9370100773887,0.474158785425038,0.386765940810559,99.8899561326747,TRUE,0.0112287103495285,0.0022844670319982,0.414500955217011,2026-06-10 08:47:27,2026-06-10 08:48:46,NA
"45","2026-06-10 09:47:22","Collar_45_2026-06-10 09:47:22",2026-06-10 09:48:11.5,NA,NA,NA,NA,NA,41.2608270322122,0.00322927604493135,0.0014789721048139,3793.34485895394,0.0807835629656211,0.0320082685418543,0.0576010708849061,0.305471296601892,44.5449552161847,0.065996412845112,0.30808304186315,41.2688820298075,TRUE,0.00312526485257608,0.00160678628164391,0.355968145972227,2026-06-10 09:47:32,2026-06-10 09:48:51,NA
"45","2026-06-10 10:47:20","Collar_45_2026-06-10 10:47:20",2026-06-10 10:48:09.5,NA,NA,NA,NA,NA,61.1729918965604,-0.00311686990401033,0.00167497518980471,3786.66590963888,0.0914895306483609,0.0665343747064458,0.0425071071985567,0.345954356637462,59.6448512996628,0.106437268464228,0.338574349954466,61.6281384328299,TRUE,-0.00205899515466711,0.0015749559164872,0.331909893291716,2026-06-10 10:47:30,2026-06-10 10:48:49,NA
"45","2026-06-10 11:47:18","Collar_45_2026-06-10 11:47:18",2026-06-10 11:48:07.5,101.850722764037,-0.219539681685526,1.39250898400538e-24,0.740887409559175,0.446099788062678,149.430058185215,-0.0272899488855651,0.00290782394844674,3776.12412651225,0.158829485875831,1.93650516819646e-14,0.530342186982966,0.600590605414988,27.1464969114148,0.90312128297686,0.276339172926411,154.924440655719,TRUE,-0.0214638859764098,0.00222501402892978,0.455794464256033,2026-06-10 11:47:28,2026-06-10 11:48:47,NA
"45","2026-06-10 12:47:18","Collar_45_2026-06-10 12:47:18",2026-06-10 12:48:07.5,NA,NA,NA,NA,NA,-30.73264860702,0.00269497561973999,0.000943072704624567,3752.52885571377,0.0515119744092697,0.00546980067844718,0.0947725257022412,0.194785040863072,-29.326169335628,0.123648509061076,0.194158499771321,-30.3977158842916,TRUE,0.00316914134112848,0.000884313127144469,0.183711260584968,2026-06-10 12:47:28,2026-06-10 12:48:47,NA
"45","2026-06-10 13:47:18","Collar_45_2026-06-10 13:47:18",2026-06-10 13:48:07.5,5.27244135706417,-0.0840987286201924,9.65165561892369e-08,0.307136137448533,0.243941491657695,20.00631850743,-0.00512136451993634,0.00129499475432418,3767.01944161234,0.0707344580304035,0.00016748538213983,0.167022194515248,0.267472067531546,-24.2929567580815,0.544559056201669,0.200363338975892,20.1800444450992,TRUE,-0.00472894985409457,0.00129859994777402,0.251615683102929,2026-06-10 13:47:28,2026-06-10 13:48:47,NA
"45","2026-06-10 14:47:19","Collar_45_2026-06-10 14:47:19",2026-06-10 14:48:08.5,NA,NA,NA,NA,NA,14.5563099052285,-0.004267273602022,0.00125162673177306,3704.0312594021,0.0683656348666337,0.00103337684573823,0.129696289261274,0.258514707188758,-17.6506105460803,0.446503328881663,0.208856429779102,15.0684582767297,TRUE,-0.00356694802871461,0.00123623072978916,0.268418731112381,2026-06-10 14:47:29,2026-06-10 14:48:48,NA
"45","2026-06-10 15:47:21","Collar_45_2026-06-10 15:47:21",2026-06-10 15:48:10.5,NA,NA,NA,NA,NA,30.3692132654263,-0.00399939142480053,0.00138164488727669,3662.01963809991,0.0754674117139547,0.0049205286509166,0.0970033010383978,0.285369043666237,-1.82014956213354,0.425585154615113,0.230577598384173,31.8545868231724,TRUE,-0.00253417291630095,0.00127757771703049,0.262382753505088,2026-06-10 15:47:31,2026-06-10 15:48:50,NA
"45","2026-06-10 16:47:21","Collar_45_2026-06-10 16:47:21",2026-06-10 16:48:10.5,50.6503569157562,-0.0631605329348271,9.11260909924432e-20,0.656189283705412,0.323934190847352,85.5570354351646,-0.0161625868073626,0.00195072017562477,3636.38473643868,0.106551114536214,2.63150428639002e-12,0.468116359743307,0.402907546001721,8.23064212596989,0.807548374175102,0.245526505371107,89.4316566704589,TRUE,-0.012825081540629,0.00146930072395523,0.260838643403312,2026-06-10 16:47:31,2026-06-10 16:48:50,NA
"45","2026-06-10 17:47:22","Collar_45_2026-06-10 17:47:22",2026-06-10 17:48:11.5,-26.2594153682986,-0.185519232119076,8.97995088418784e-37,0.873584537184073,0.200307623772591,18.9670920129793,-0.0212415311295986,0.00128661080599716,3615.17940268102,0.0702765148309534,3.57361533880447e-27,0.777504884423169,0.265740421912429,-28.0808980013881,0.882456876622496,0.195675520647188,19.1235612274478,TRUE,-0.0207646771482237,0.00129709326684369,0.240863010519354,2026-06-10 17:47:32,2026-06-10 17:48:51,NA
"45","2026-06-10 18:47:23","Collar_45_2026-06-10 18:47:23",2026-06-10 18:48:12.5,NA,NA,NA,NA,NA,3.78334091751759,-0.0265093033402546,0.00117012787123478,3604.04250572998,0.0639140510196555,4.75313858374111e-36,0.868076379833365,0.241681690177028,-8.08579052923973,0.891813241732006,0.221722633519748,3.78646461365778,TRUE,-0.0265738425664581,0.00122458385386215,0.229380012041003,2026-06-10 18:47:33,2026-06-10 18:48:52,NA
"45","2026-06-10 19:47:21","Collar_45_2026-06-10 19:47:21",2026-06-10 19:48:10.5,NA,NA,NA,NA,NA,16.5203446850202,-0.0326606770886618,0.0012670854071665,3597.34404132888,0.0692100097354676,6.52327211535421e-40,0.894937285858604,0.26170758797455,5.96248536748119,0.912417237109314,0.242070480748949,16.6569621541909,TRUE,-0.0329550174528353,0.0011632717982698,0.244538069566099,2026-06-10 19:47:31,2026-06-10 19:48:50,NA
"45","2026-06-10 20:47:25","Collar_45_2026-06-10 20:47:25",2026-06-10 20:48:14.5,NA,NA,NA,NA,NA,18.5354484632175,-0.0387372891937932,0.00128314450090356,3615.88510549248,0.0700871803094466,8.79256155532145e-45,0.921164056642992,0.265024480950519,4.01238768566079,0.937458473061671,0.239138005943055,18.7598999854446,TRUE,-0.0387236653667531,0.00116131906730605,0.221054356548952,2026-06-10 20:47:35,2026-06-10 20:48:54,NA
"45","2026-06-10 21:47:27","Collar_45_2026-06-10 21:47:27",2026-06-10 21:48:16.5,-2.24767037930524,-0.116707058489805,2.44325017810561e-54,0.95513670770566,0.232741340404495,75.0101783044112,-0.044130421420728,0.00182627937378136,3609.50510034716,0.0997539806900187,5.77670639398541e-38,0.882158202547603,0.377205172734805,4.45248527235952,0.953596640368276,0.23979668678544,79.5764351903993,TRUE,-0.0405635244145683,0.00134359150967412,0.222289589435503,2026-06-10 21:47:37,2026-06-10 21:48:56,NA
"45","2026-06-10 22:47:29","Collar_45_2026-06-10 22:47:29",2026-06-10 22:48:18.5,10.7861136094179,-0.0875538431962903,3.62687328501123e-55,0.957277039291627,0.252494346869331,22.6432874054441,-0.0509240403370227,0.00131651448169384,3597.66902045302,0.0719098961913476,1.17877080004193e-52,0.950451540540236,0.271916816016479,-17.3630285420852,0.97141528254383,0.209232163288705,23.2328336041669,TRUE,-0.0500626684180337,0.00126926505176921,0.226848891856867,2026-06-10 22:47:39,2026-06-10 22:48:58,NA
"49","2026-06-10 01:09:31","Collar_49_2026-06-10 01:09:31",2026-06-10 01:10:35.5,385.858095603258,-0.805769581087614,4.22399759294535e-149,0.986292045455137,0.79804316354394,710.016712447608,-0.27765649952649,0.00752383722414577,3568.78511271847,0.410962705896569,1.43402769371956e-79,0.896044009290433,2.19768181487145,93.9440127418924,0.997843442349384,0.318556766400544,710.406633764767,TRUE,-0.276259472892864,0.00771062325973592,2.5427970605264,2026-06-10 01:09:56,2026-06-10 01:11:15,"Time changed"
"49","2026-06-10 02:09:27","Collar_49_2026-06-10 02:09:27",2026-06-10 02:10:31.5,285.213690689649,-0.742603980658699,5.2644221735174e-184,0.995043568302874,0.582686275325676,647.834705691831,-0.347549749044593,0.00619509286866564,3609.24929440498,0.338384796579172,3.08078571696892e-106,0.952198003342873,1.80956107014291,177.042912276953,0.997541334554638,0.413015346404501,650.610323648436,TRUE,-0.338706833782693,0.00542568976137236,1.99417539277262,2026-06-10 02:09:52,2026-06-10 02:11:11,"Time changed"
"49","2026-06-10 03:09:30","Collar_49_2026-06-10 03:09:30",2026-06-10 03:10:34.5,610.346707545549,-1.30565493799759,5.22441416774956e-96,0.935600259907025,1.60951729774655,821.887951525277,-0.237688798893351,0.0106725379883486,3572.13640813533,0.582949226546248,1.33155607086281e-50,0.75840992808431,3.1174043186695,186.321635278446,0.995563113482754,0.425166458803157,825.331747743895,TRUE,-0.220795456589886,0.00980519022720394,3.2906197644623,2026-06-10 03:09:55,2026-06-10 03:11:14,"Time changed"
"49","2026-06-10 04:09:28","Collar_49_2026-06-10 04:09:28",2026-06-10 04:10:32.5,289.405801319852,-1.06328553644946,4.46840151643066e-191,0.995966678880175,0.590369886069419,793.012829666054,-0.380790538684412,0.00975167576227059,3567.3836942297,0.532650420111091,4.57435969399151e-83,0.906109044318811,2.84842426129148,232.058836139778,0.997251180344349,0.490492266691303,798.674689378372,TRUE,-0.361806840138041,0.00879394559738303,2.73381646281808,2026-06-10 04:09:53,2026-06-10 04:11:12,"Time changed"
"49","2026-06-10 05:09:28","Collar_49_2026-06-10 05:09:28",2026-06-10 05:10:32.5,353.761785358133,-0.973041473584986,4.22063616908501e-165,0.991400946413146,0.721882018402374,765.436530313611,-0.315560251875297,0.00894650727769894,3606.08185018996,0.488670970627483,8.42856024429981e-77,0.887312409379864,2.61323786853275,300.858944674488,0.993974446183576,0.608142878491435,769.769442922102,TRUE,-0.300602017394423,0.00764203433811866,2.53831887935731,2026-06-10 05:09:53,2026-06-10 05:11:12,"Time changed"
"49","2026-06-10 06:09:26","Collar_49_2026-06-10 06:09:26",2026-06-10 06:10:30.5,130.084228882965,-0.610218386423157,1.23986347312798e-197,0.996668287502829,0.358837396786389,605.682600033952,-0.258671663849911,0.00543050524019825,3612.64272480434,0.296621931258056,1.23317813221319e-95,0.934896633872021,1.58622817804286,68.9804166099831,0.99778204054559,0.294650365481695,607.679821743271,TRUE,-0.252134392676867,0.00510247730660564,1.85826470719246,2026-06-10 06:09:51,2026-06-10 06:11:10,"Time changed"
"49","2026-06-10 07:09:25","Collar_49_2026-06-10 07:09:25",2026-06-10 07:10:29.5,169.859314797562,-0.616839155074944,7.85193778989918e-83,0.991653485136748,0.68238660535434,300.126875517581,-0.312519826922245,0.00745779747319145,3608.37015035247,0.40735552063453,3.03710119815236e-55,0.957470898656933,1.54035566763903,35.0185945214606,0.998528422335203,0.290275249409408,300.514688893941,TRUE,-0.308888425212267,0.00752009518509851,1.7737962580305,2026-06-10 07:09:50,2026-06-10 07:11:09,"Time changed"
"49","2026-06-10 08:09:25","Collar_49_2026-06-10 08:09:25",2026-06-10 08:10:29.5,105.895390734103,-0.654670774180609,1.22149706326843e-95,0.996081526327298,0.457520568354891,311.786685492236,-0.304392579007543,0.00802156819326263,3681.46934232824,0.438149480381846,4.87787921789687e-52,0.94861514941865,1.65679854866821,35.881052074104,0.998446480541251,0.291844162119971,314.095453232289,TRUE,-0.294182847164431,0.00743313513032884,1.56239624297343,2026-06-10 08:09:50,2026-06-10 08:11:09,"Time changed"
"49","2026-06-10 09:09:30","Collar_49_2026-06-10 09:09:30",2026-06-10 09:10:34.5,133.09428715006,-0.544945671726986,1.17552198618678e-88,0.994082122324985,0.542297608793329,303.784014330127,-0.293804345789756,0.00763022431021923,3697.77440724364,0.416773720072273,1.65198329888502e-52,0.950021172111161,1.57596921931076,90.838021512509,0.99668063146908,0.411455563406409,304.869085400492,TRUE,-0.286984757059116,0.0069605194110541,1.87913314210108,2026-06-10 09:09:55,2026-06-10 09:11:14,"Time changed"
"49","2026-06-10 10:09:27","Collar_49_2026-06-10 10:09:27",2026-06-10 10:10:31.5,179.541765673545,-0.462830563659461,1.62981277097429e-76,0.987881106492299,0.724956523325233,268.20448166817,-0.276373167255754,0.00610889046976031,3698.43496427429,0.333676298767016,9.75021096461178e-58,0.963289984062222,1.26174840385609,30.4050427143639,0.998212967103596,0.282024771685352,268.227374165932,TRUE,-0.275588047573313,0.00624421506168589,1.63011034211507,2026-06-10 10:09:52,2026-06-10 10:11:11,"Time changed"
"49","2026-06-10 11:09:29","Collar_49_2026-06-10 11:09:29",2026-06-10 11:10:33.5,NA,NA,NA,NA,NA,399.670773548948,-0.151795688639963,0.0138933386080893,3704.27994696511,0.758873944002143,2.16616283908528e-17,0.60480890654906,2.86957147124569,162.440764795344,0.980624791831055,0.643690598111517,404.242744937014,TRUE,-0.128485615619918,0.0125988437062704,2.2486171030501,2026-06-10 11:09:54,2026-06-10 11:11:13,"Time changed"
"49","2026-06-10 12:09:26","Collar_49_2026-06-10 12:09:26",2026-06-10 12:10:30.5,98.7454008658793,-0.337954878292816,2.67446065978162e-81,0.99086329619448,0.437525244208643,261.262884004385,-0.188783379878535,0.0058495233470321,3679.56887046833,0.319509297089345,7.05564080616541e-47,0.930330110312468,1.20817794703828,68.7694683787355,0.994024901814732,0.358444046209089,264.734022633141,TRUE,-0.179486301307166,0.00566660906983052,1.06466887066401,2026-06-10 12:09:51,2026-06-10 12:11:10,"Time changed"
"49","2026-06-10 13:09:27","Collar_49_2026-06-10 13:09:27",2026-06-10 13:10:31.5,173.13766973093,-0.516608146078044,3.37941442280172e-75,0.986901570719284,0.696512740750884,278.077785567894,-0.253823028927107,0.00649773278375276,3685.29072610535,0.354915419811871,5.68026823495164e-53,0.951369847091031,1.34206105170275,129.06552971894,0.992817908968801,0.522498939261102,278.214552444225,TRUE,-0.25170971276706,0.00638672865519023,1.73805660129985,2026-06-10 13:09:52,2026-06-10 13:11:11,"Time changed"
"49","2026-06-10 14:09:20","Collar_49_2026-06-10 14:09:20",2026-06-10 14:10:24.5,NA,NA,NA,NA,NA,364.069943648312,-0.166631470384258,0.0111217683622217,3635.52799103525,0.607486829436613,1.15409441538169e-24,0.742126735486708,2.29712311074404,24.7277536304015,0.996472142076589,0.272193130560008,364.203127645618,TRUE,-0.163947607489107,0.0113399422360218,2.80036453774207,2026-06-10 14:09:45,2026-06-10 14:11:04,"Time changed"
"49","2026-06-10 15:09:27","Collar_49_2026-06-10 15:09:27",2026-06-10 15:10:31.5,249.252573063941,-0.346444752225591,4.12297072664732e-59,0.966148734561608,1.12080698977493,159.036757571695,-0.259052099826607,0.00308776302491052,3605.39883924584,0.168658014531764,3.23513723559045e-78,0.989039710573366,0.637755757359254,9.09559982303147,0.99839998305974,0.246857412315808,159.077754747657,TRUE,-0.259126098318844,0.00306066619007596,0.794362665732059,2026-06-10 15:09:52,2026-06-10 15:11:11,"Time changed"
"49","2026-06-10 16:09:27","Collar_49_2026-06-10 16:09:27",2026-06-10 16:10:31.5,123.448812618864,-0.623256277618609,1.32961420493677e-88,0.99406340331128,0.510571521481881,320.752328340681,-0.273264720218449,0.00848389114405335,3555.52734212177,0.463402218472098,8.13982802376521e-47,0.930074529502115,1.75228810575125,60.9813358022268,0.997413533752361,0.341414315671498,321.320906025528,TRUE,-0.269833951856685,0.00852093839724871,1.9000551639245,2026-06-10 16:09:52,2026-06-10 16:11:11,"Time changed"
"49","2026-06-10 17:09:29","Collar_49_2026-06-10 17:09:29",2026-06-10 17:10:33.5,213.636070021434,-0.436531700702503,1.85667093088574e-71,0.983665866423718,0.897130276593768,242.790669116028,-0.296603901646236,0.00521171426759162,3568.32873835462,0.2846712566954,2.77239694419314e-65,0.97648380126895,1.07644296309437,32.4580261666418,0.998386297134779,0.285666788527259,245.330972870613,TRUE,-0.289523005743138,0.00485352063911555,1.04800363021611,2026-06-10 17:09:54,2026-06-10 17:11:13,"Time changed"
"49","2026-06-10 18:09:30","Collar_49_2026-06-10 18:09:30",2026-06-10 18:10:34.5,286.668063785297,-0.772240939886552,7.23633203852698e-53,0.951067201429245,1.41608464276015,398.996511119308,-0.244948567476692,0.0138349133241864,3512.07492954234,0.755682671776257,4.76245051169776e-29,0.800751360261785,2.85750413936698,148.790872857238,0.9916939595725,0.591053387986677,401.329485463406,TRUE,-0.227060059080774,0.0130575098094033,2.8465751286584,2026-06-10 18:09:55,2026-06-10 18:11:14,"Time changed"
"49","2026-06-10 19:09:32","Collar_49_2026-06-10 19:09:32",2026-06-10 19:10:36.5,213.589948715692,-0.674183695330925,1.1834193268315e-61,0.97086466617404,0.896871708739096,343.856427602846,-0.207329439677502,0.00980183709002957,3474.6303689947,0.535390303281482,4.79365587224887e-34,0.851544886802486,2.02450058065741,141.697271211574,0.98871704488963,0.565421424986047,357.539921924037,TRUE,-0.175454921908501,0.00580037529217258,1.14570806326545,2026-06-10 19:09:57,2026-06-10 19:11:16,"Time changed"
"49","2026-06-10 20:09:27","Collar_49_2026-06-10 20:09:27",2026-06-10 20:10:31.5,191.706865278346,-0.701491327521863,1.03565546140327e-72,0.984830858701721,0.782225887679873,349.915154912622,-0.256259722286047,0.0101801207440515,3478.23291705074,0.556052695279327,3.40528447004506e-39,0.890396774159545,2.10263241147508,163.155693380196,0.989901634916978,0.646573238624359,366.255835083137,TRUE,-0.219916599549766,0.0050426057254258,1.04964538860626,2026-06-10 20:09:52,2026-06-10 20:11:11,"Time changed"
"49","2026-06-10 21:09:30","Collar_49_2026-06-10 21:09:30",2026-06-10 21:10:34.5,85.4159222519607,-0.849351797796575,2.86750629564942e-106,0.997907919142048,0.402552355366541,370.79577678664,-0.362119739035128,0.011599253686518,3475.71940548738,0.633567757964539,7.82631350325225e-46,0.925900604218871,2.39574434953982,164.297791173823,0.994665567223034,0.651205061874963,377.518819673761,TRUE,-0.337295200165855,0.00878814128523119,1.84673424814273,2026-06-10 21:09:55,2026-06-10 21:11:14,"Time changed"
"49","2026-06-10 22:09:28","Collar_49_2026-06-10 22:09:28",2026-06-10 22:10:32.5,212.641310913368,-1.09131789132859,4.88367399766061e-77,0.988249814819705,0.891569901399527,403.832435990954,-0.32837722877884,0.0142594504831535,3507.81183848532,0.778871496096226,1.56298999613133e-36,0.871778650425871,2.94518930664177,171.816448185541,0.993290273323534,0.682536628759342,410.374931238267,TRUE,-0.297111244422037,0.010401382791178,2.41002435413249,2026-06-10 22:09:53,2026-06-10 22:11:12,"Time changed"
"49","2026-06-10 23:09:27","Collar_49_2026-06-10 23:09:27",2026-06-10 23:10:31.5,203.837895350172,-0.912550040006495,6.86084621512439e-74,0.985850535396045,0.843839656171776,381.522080976796,-0.28286719326228,0.012403518220925,3499.7313241388,0.677497832402599,3.03343528763952e-36,0.869584030624574,2.56185953814722,148.314834704209,0.993276300471524,0.589297476639703,387.495950448811,TRUE,-0.256923953042795,0.00917149421667568,2.23594333746662,2026-06-10 23:09:52,2026-06-10 23:11:11,"Time changed"
"50","2026-06-10 00:22:09","Collar_50_2026-06-10 00:22:09",2026-06-10 00:22:58.5,NA,NA,NA,NA,NA,-45.6247159747147,0.00558098556877214,0.000859256910259923,3634.66952841117,0.0469338363365292,7.07295721317693e-09,0.351009813818586,0.177473477448895,-46.7407086547107,0.391213466448664,0.174135540415087,-45.6017977527672,TRUE,0.00562515663106041,0.000875411216478279,0.205399470528548,2026-06-10 00:22:19,2026-06-10 00:23:38,NA
"50","2026-06-10 00:43:12","Collar_50_2026-06-10 00:43:12",2026-06-10 00:44:01.5,-49.5947531424833,0.00621846485687768,0.293809728987649,0.0141193766809926,0.173124059187202,-49.8006278617109,0.000962124255757458,0.000837120903432662,3636.21603580344,0.0457247361138021,0.25393389845941,0.0166532136581456,0.172901440772137,-47.3188468675842,0.0351389474049231,0.173507460775252,-49.7976788046292,TRUE,0.000926924615413341,0.000798964842735967,0.165490018201291,2026-06-10 00:43:22,2026-06-10 00:44:41,NA
"50","2026-06-10 01:43:07","Collar_50_2026-06-10 01:43:07",2026-06-10 01:43:56.5,-95.4557319812908,0.00847911699229027,5.76224602478198e-14,0.301193916455908,0.17733790394004,-100.354926330553,0.00518244032319592,0.000597898008338957,3652.50789703047,0.0326580408423236,4.96490803055753e-15,0.322267058169058,0.174643541710004,-97.1581269374198,0.325660754795723,0.175318882783796,-100.043092371079,TRUE,0.00518542869225206,0.000587472436728751,0.150846798090971,2026-06-10 01:43:17,2026-06-10 01:44:36,NA
"50","2026-06-10 02:43:10","Collar_50_2026-06-10 02:43:10",2026-06-10 02:43:59.5,NA,NA,NA,NA,NA,76.4091074022645,-0.00846830967908443,0.00103878577935527,3683.38977807186,0.0567399588817109,1.03362093436815e-13,0.296079336405956,0.303425040816899,45.6973911904149,0.433363825782112,0.273973119411972,76.4120623039216,TRUE,-0.0084338040744547,0.00109465993911547,0.341266219613914,2026-06-10 02:43:20,2026-06-10 02:44:39,NA
"50","2026-06-10 03:43:12","Collar_50_2026-06-10 03:43:12",2026-06-10 03:44:01.5,11.9716652410918,-0.0154981098526477,1.32270438857116e-15,0.333382128021624,0.248084047698142,-2.91707950008097,-0.00819307832390337,0.000810712472017401,3654.34007498357,0.0442822699745733,7.84295602735163e-19,0.392615325165429,0.236805768620866,-1.16669375757439,0.401095452444825,0.236649402560064,-2.76464596609658,TRUE,-0.00791158312418514,0.000848597453568413,0.225240644104354,2026-06-10 03:43:22,2026-06-10 03:44:41,NA
"50","2026-06-10 04:43:13","Collar_50_2026-06-10 04:43:13",2026-06-10 04:44:02.5,NA,NA,NA,NA,NA,-51.3015291497529,0.00561498922797493,0.000696948870106632,3646.47068970088,0.0380683399969617,1.80092914878466e-13,0.29118634572068,0.203575889814981,-67.2573653166922,0.374301461636351,0.192490419403136,-50.8501394185999,TRUE,0.00532881250810243,0.000709997824525349,0.211892958173221,2026-06-10 04:43:23,2026-06-10 04:44:42,NA
"50","2026-06-10 05:43:09","Collar_50_2026-06-10 05:43:09",2026-06-10 05:43:58.5,147.207645965705,-0.0418237627974174,9.69631752250822e-16,0.335965890978089,0.378562063056811,142.428860780186,-0.0119197802303269,0.0012768093114975,3663.6057620059,0.0697411432404455,8.91297269154941e-17,0.355505615260682,0.372950732630339,144.485048974796,0.363288094267165,0.373060807004053,142.461338955253,TRUE,-0.0121014402699079,0.00142515327162132,0.443713589500558,2026-06-10 05:43:19,2026-06-10 05:44:38,NA
"50","2026-06-10 06:43:10","Collar_50_2026-06-10 06:43:10",2026-06-10 06:43:59.5,-34.9058296207537,0.0168742621546858,9.90613837452501e-08,0.306685731745902,0.189770266071772,-36.8801745056191,0.00554364482590135,0.000907525207015578,3708.67706890403,0.0495703194571451,3.69038516052848e-08,0.32358683858003,0.187442954998014,-37.5888852164128,0.362250743634528,0.184386271792037,-36.7028768637855,TRUE,0.00581041327943432,0.000931212580635367,0.163163546819366,2026-06-10 06:43:20,2026-06-10 06:44:39,NA
"50","2026-06-10 07:43:11","Collar_50_2026-06-10 07:43:11",2026-06-10 07:44:00.5,NA,NA,NA,NA,NA,46.9893663284121,0.0105753257493773,0.00153288363962892,3729.11990820638,0.0837282877870882,1.22564543524516e-09,0.378960394571744,0.316606345321297,24.8802665406052,0.551893418430398,0.272452710297289,47.0278174547183,TRUE,0.0108720802362164,0.00140242853358379,0.282467975765528,2026-06-10 07:43:21,2026-06-10 07:44:40,NA
"50","2026-06-10 08:43:10","Collar_50_2026-06-10 08:43:10",2026-06-10 08:43:59.5,NA,NA,NA,NA,NA,0.798683939816808,-0.00533086882689653,0.00114850250974374,3783.43109793113,0.0627328429725398,1.37418067847126e-05,0.216429153952178,0.237215123706537,-9.06804601797807,0.341129269111049,0.22036562646958,0.903421997245037,TRUE,-0.00568807134481902,0.00126462892561652,0.226790863450772,2026-06-10 08:43:20,2026-06-10 08:44:39,NA
"50","2026-06-10 09:43:11","Collar_50_2026-06-10 09:43:11",2026-06-10 09:44:00.5,-1.18463310885314,-0.0174271696406332,2.99892826489762e-09,0.364837414854236,0.234292818188442,-2.89021340283925,-0.0077309808298999,0.00112232600281282,3786.38565912634,0.061303044878992,1.28384122425223e-09,0.378235594282486,0.231808550122987,0.324988370537955,0.384305268956249,0.233689794249924,-2.81307998212106,TRUE,-0.0077986428715306,0.00115174027382473,0.243846953603619,2026-06-10 09:43:21,2026-06-10 09:44:40,NA
"50","2026-06-10 10:43:11","Collar_50_2026-06-10 10:43:11",2026-06-10 10:44:00.5,NA,NA,NA,NA,NA,-6.80577631817511,-3.0504151110909e-05,0.00109519349100068,3785.35877454304,0.0598210284371285,0.977850733410351,9.94574355337778e-06,0.226204520448361,-14.7738423275529,0.138956945787006,0.212645588988191,-6.75732085051065,TRUE,0.000131577317417232,0.00115830471940831,0.254867306319182,2026-06-10 10:43:21,2026-06-10 10:44:40,NA
"50","2026-06-10 11:43:11","Collar_50_2026-06-10 11:43:11",2026-06-10 11:44:00.5,NA,NA,NA,NA,NA,18.0459609014018,-0.00366408834465257,0.00127922497899436,3761.43161273754,0.0698730904399237,0.00536712534868381,0.0951720482351738,0.264214931239764,5.70735116507779,0.262318473632316,0.241684785474405,18.3116768537357,TRUE,-0.00422044130528442,0.0012899522821885,0.246688989317766,2026-06-10 11:43:21,2026-06-10 11:44:40,NA
"50","2026-06-10 12:43:09","Collar_50_2026-06-10 12:43:09",2026-06-10 12:43:58.296296,NA,NA,NA,NA,NA,-20.8950033588015,-0.00216946237190385,0.00100165007803283,3748.83229217954,0.0544966787925119,0.0333355857907349,0.0560522499351232,0.207534762887816,-32.1792000566288,0.218373481437386,0.19128666748444,-20.8446953448409,TRUE,-0.00239097063579529,0.000982367265660107,0.203533077645907,2026-06-10 12:43:19,2026-06-10 12:44:38,NA
"50","2026-06-10 13:43:08","Collar_50_2026-06-10 13:43:08",2026-06-10 13:43:57.5,-31.1612569457765,0.022047693178725,1.84775754980595e-11,0.441262003249905,0.194263948546417,-23.9955173549872,0.00693021574975891,0.000983630628726813,3750.91192613789,0.0537273059931477,6.45152572086596e-10,0.388905013227228,0.203161995115738,-30.4047999643765,0.463462543713743,0.192853993683223,-23.8679067947007,TRUE,0.00685165690812516,0.00106862084678423,0.199143988211989,2026-06-10 13:43:18,2026-06-10 13:44:37,NA
"50","2026-06-10 14:43:11","Collar_50_2026-06-10 14:43:11",2026-06-10 14:44:00.5,NA,NA,NA,NA,NA,-11.6191311264166,-0.0055117611218818,0.00106273692396201,3693.33838770262,0.0580482045153775,1.64872705282984e-06,0.256424581595105,0.219500844574909,-9.77003679474924,0.276150225627072,0.219400902868604,-11.4284303873031,TRUE,-0.00516694693334501,0.00111355678906274,0.188856524049027,2026-06-10 14:43:21,2026-06-10 14:44:40,NA
"50","2026-06-10 15:43:14","Collar_50_2026-06-10 15:43:14",2026-06-10 15:44:03.5,14.6609336933534,0.0208404586734194,0.0028130314250482,0.108768395384721,0.258683804893816,11.8568648844071,0.00437566975807937,0.00123068701136945,3659.07811751473,0.0672218775123185,0.000644854092852613,0.139465703427245,0.25418975506738,7.27982198706041,0.226952546689126,0.244071759993887,12.0587497731253,TRUE,0.00390211981030024,0.00128623210320539,0.219870130737073,2026-06-10 15:43:24,2026-06-10 15:44:43,NA
"50","2026-06-10 16:43:11","Collar_50_2026-06-10 16:43:11",2026-06-10 16:44:00.5,NA,NA,NA,NA,NA,40.1110917827828,-0.0168188489923277,0.00146838253313169,3660.40559956702,0.0802051454768909,2.20248649239099e-18,0.627140438207452,0.303284094976051,40.9699618473345,0.641496753920556,0.301275658468452,40.1569235607751,TRUE,-0.0165216578228658,0.00149420269712987,0.269021524532658,2026-06-10 16:43:21,2026-06-10 16:44:40,NA
"50","2026-06-10 17:43:14","Collar_50_2026-06-10 17:43:14",2026-06-10 17:44:03.5,NA,NA,NA,NA,NA,-40.4824409924738,-0.00682511237982081,0.000887321324466357,3614.62011151119,0.0484667546145409,3.71125835150611e-11,0.43133780853227,0.18326998501527,-39.800536639907,0.454441318035164,0.181855067782548,-40.4113845438472,TRUE,-0.00688007205330625,0.000957894556155304,0.180837814447475,2026-06-10 17:43:24,2026-06-10 17:44:43,NA
"50","2026-06-10 18:43:12","Collar_50_2026-06-10 18:43:12",2026-06-10 18:44:01.5,-19.7847782039092,0.00597645006518444,7.54652843897873e-08,0.311381000497923,0.208579608975881,-26.083085224048,0.00648008914693967,0.000970880265408204,3603.76316553252,0.0530308629874744,3.25766226593724e-09,0.363515984689608,0.200528497159689,-24.3170235652761,0.381043450841128,0.200333203080883,-26.0196838119271,TRUE,0.00672140833463542,0.00093166274029101,0.221054167208752,2026-06-10 18:43:22,2026-06-10 18:44:41,NA
"50","2026-06-10 19:43:11","Collar_50_2026-06-10 19:43:11",2026-06-10 19:44:00.5,NA,NA,NA,NA,NA,-31.5497552842324,0.00626432833544264,0.000938268787891403,3604.83596864876,0.0512495776347585,3.22913097735906e-09,0.363656575232803,0.193792825615421,-30.0027207079235,0.382872081436763,0.19333924433407,-31.5091781887621,TRUE,0.00613474730720385,0.000938586263778998,0.212020576404752,2026-06-10 19:43:21,2026-06-10 19:44:40,NA
"50","2026-06-10 20:43:09","Collar_50_2026-06-10 20:43:09",2026-06-10 20:43:58.5,NA,NA,NA,NA,NA,29.8285944567401,-0.0255883737160579,0.00137698437026437,3610.75232416171,0.0752128476364503,2.23323308799208e-30,0.815744171806372,0.284406446623363,28.8108114909283,0.826946140007077,0.279228645686661,29.9784543173903,TRUE,-0.0250735358188782,0.00138163578844115,0.242653170983672,2026-06-10 20:43:19,2026-06-10 20:44:38,NA
"50","2026-06-10 21:43:11","Collar_50_2026-06-10 21:43:11",2026-06-10 21:44:00.5,NA,NA,NA,NA,NA,-69.5905210350764,0.00441116265942284,0.000739727352892677,3605.83880878268,0.0404049616590417,6.81267074291975e-08,0.313138942510038,0.152785487220832,-66.3281499207276,0.319442942227429,0.154070833732495,-69.5691813509672,TRUE,0.00450449867187706,0.000753668496202992,0.150128205986948,2026-06-10 21:43:21,2026-06-10 21:44:40,NA
"50","2026-06-10 22:43:15","Collar_50_2026-06-10 22:43:15",2026-06-10 22:44:04.5,NA,NA,NA,NA,NA,130.293336082624,-0.0299823257144663,0.00258002865193582,3598.99074008744,0.140924839879242,1.07558688183018e-18,0.633881805922358,0.532886790096718,122.067092872326,0.685769065500678,0.500137331356992,130.295921429281,TRUE,-0.0299231275167211,0.0027799355507134,0.636494956844994,2026-06-10 22:43:25,2026-06-10 22:44:44,NA
"50","2026-06-10 23:43:12","Collar_50_2026-06-10 23:43:12",2026-06-10 23:44:01.5,NA,NA,NA,NA,NA,96.2353092120437,-0.0338117220467416,0.00208535235532467,3621.91303260121,0.113904915957204,1.06907673793531e-26,0.771187844767916,0.430714876757593,84.6143284437947,0.811774798830725,0.39575801282497,97.3869329078648,TRUE,-0.0353143996426187,0.00191140068863096,0.422806683599508,2026-06-10 23:43:22,2026-06-10 23:44:41,NA
"51","2026-06-10 00:25:10","Collar_51_2026-06-10 00:25:10",2026-06-10 00:25:59.5,NA,NA,NA,NA,NA,-44.340245795976,0.000125587832391079,0.000866182734842998,3635.44360325138,0.0473121347401803,0.885092773133712,0.00026944147549997,0.178903957853862,-40.6450690064094,0.00407145696440664,0.180897706072284,-43.6240878372314,TRUE,-0.000254736736683531,0.00086260112807566,0.149419581253126,2026-06-10 00:25:20,2026-06-10 00:26:39,NA
"51","2026-06-10 00:46:12","Collar_51_2026-06-10 00:46:12",2026-06-10 00:47:01.5,NA,NA,NA,NA,NA,-24.6806986959232,-0.007142339941652,0.000979427351714857,3636.51434673941,0.0534977170157409,2.17754172230042e-10,0.40539063935601,0.202293837782249,-22.4144316717957,0.418138183411064,0.20272962505981,-24.6069415997946,TRUE,-0.00697202416345331,0.00105080348947416,0.228849273181463,2026-06-10 00:46:22,2026-06-10 00:47:41,NA
"51","2026-06-10 01:46:07","Collar_51_2026-06-10 01:46:07",2026-06-10 01:46:56.5,NA,NA,NA,NA,NA,-75.1266542498077,0.00387699512693402,0.000646943222120063,3653.24974337547,0.0353369602774855,1.34816756367349e-08,0.185203866195966,0.188969446327838,-73.772596973017,0.198567463175561,0.188610922902269,-75.1117726562335,TRUE,0.00381237090137545,0.000639133881124314,0.229822479475974,2026-06-10 01:46:17,2026-06-10 01:47:36,NA
"51","2026-06-10 02:46:10","Collar_51_2026-06-10 02:46:10",2026-06-10 02:46:59.5,NA,NA,NA,NA,NA,15.1219293155567,-0.013599314194199,0.000857726563967983,3681.73283639863,0.0468502466422869,1.74488911993636e-34,0.614053556319319,0.250538390931049,-53.5150577215361,0.754887461985465,0.200936933348584,15.6118856586005,TRUE,-0.0140221513861362,0.00100264545643266,0.24631028299961,2026-06-10 02:46:20,2026-06-10 02:47:39,NA
"51","2026-06-10 03:46:11","Collar_51_2026-06-10 03:46:11",2026-06-10 03:47:00.5,NA,NA,NA,NA,NA,344.467095180753,-0.0271896169968396,0.00240063604988642,3651.68299055677,0.131126160434204,3.80690281562591e-22,0.448089690883625,0.701215886759062,341.877249774836,0.470359213308226,0.6913125626699,344.83280326471,TRUE,-0.0267313889289748,0.00252949501422085,0.715540413544745,2026-06-10 03:46:21,2026-06-10 03:47:40,NA
"51","2026-06-10 04:46:11","Collar_51_2026-06-10 04:46:11",2026-06-10 04:47:00.5,NA,NA,NA,NA,NA,-82.7372881218002,0.00335996864498817,0.000631738349324313,3647.49446100659,0.0345064484680459,3.52016259986572e-07,0.151849036149408,0.184528165709297,-85.5971654713167,0.187444345322853,0.181768610563926,-82.6059242721292,TRUE,0.00343220927848321,0.000703404068990343,0.200340545729046,2026-06-10 04:46:21,2026-06-10 04:47:40,NA
"51","2026-06-10 05:46:08","Collar_51_2026-06-10 05:46:08",2026-06-10 05:46:57.5,372.019174903148,-0.0306692355861696,6.2228675683835e-33,0.59626512457878,0.764266124073778,310.900916373388,-0.0440558707182714,0.00216157995348219,3660.8209760164,0.118068575944727,4.43336307858594e-46,0.724449945595945,0.631388587184359,289.375486029759,0.765082272260842,0.586706117952219,311.023481406219,TRUE,-0.0434463893258545,0.00230629112045136,0.659968511033407,2026-06-10 05:46:18,2026-06-10 05:47:37,NA
"51","2026-06-10 06:46:10","Collar_51_2026-06-10 06:46:10",2026-06-10 06:46:59.5,NA,NA,NA,NA,NA,-40.9920457973418,0.00730590977698094,0.000884499675305283,3710.36111856438,0.048312632118296,2.94918679075747e-12,0.466581047169184,0.182687193206701,-38.3678926684101,0.475676396654277,0.183490714455819,-40.9818366480709,TRUE,0.00738265527967441,0.000926633500508261,0.199905545294279,2026-06-10 06:46:20,2026-06-10 06:47:39,NA
"51","2026-06-10 07:46:11","Collar_51_2026-06-10 07:46:11",2026-06-10 07:47:00.5,114.883417274765,0.0652978591249219,7.5350242565535e-28,0.786180948611861,0.483957458763499,138.857504260064,0.0377483986581812,0.00272189017265436,3732.26681844693,0.148673518203913,9.41492278612374e-23,0.711467944586594,0.562187290444736,110.233296202183,0.808094398998734,0.464481390635957,139.702194403055,TRUE,0.0388875537520817,0.0023549364131252,0.42381052268601,2026-06-10 07:46:21,2026-06-10 07:47:40,NA
"51","2026-06-10 08:46:08","Collar_51_2026-06-10 08:46:08",2026-06-10 08:46:57.5,NA,NA,NA,NA,NA,-2.7297026833612,0.00200722208064663,0.00112345247621666,3782.39170197355,0.061364574460822,0.0778787457305458,0.0393158320302699,0.23204121528965,-22.994245951558,0.290657194909542,0.201996295025283,-2.58407164284953,TRUE,0.00198534454588855,0.00109778472919353,0.183468522723932,2026-06-10 08:46:18,2026-06-10 08:47:37,NA
"51","2026-06-10 09:46:09","Collar_51_2026-06-10 09:46:09",2026-06-10 09:46:58.5,NA,NA,NA,NA,NA,48.9201082177985,-0.00588819344192158,0.00155149321253108,3785.12431762531,0.0847447691658859,0.000289952541210727,0.155875021831343,0.320450021848478,-10.7279777963151,0.619038055530118,0.218091245322565,48.9574127602193,TRUE,-0.00617970204523029,0.00173596102681792,0.336580777566949,2026-06-10 09:46:19,2026-06-10 09:47:38,NA
"51","2026-06-10 10:46:09","Collar_51_2026-06-10 10:46:09",2026-06-10 10:46:58.5,NA,NA,NA,NA,NA,-39.4549683498414,0.00121662434773225,0.000893037774409646,3785.46450364359,0.0487789952527722,0.177010493539138,0.0232415936175916,0.184450677585774,-38.1710632208125,0.0558470706129285,0.183716580705649,-39.412243670163,TRUE,0.00112275381654941,0.000916134711746119,0.19459910915827,2026-06-10 10:46:19,2026-06-10 10:47:38,NA
"51","2026-06-10 11:46:12","Collar_51_2026-06-10 11:46:12",2026-06-10 11:47:01.5,NA,NA,NA,NA,NA,54.6734809214569,-0.0213791594636361,0.00160829789151458,3759.37953745943,0.0878475216427373,9.7224072792336e-22,0.69376309432976,0.332182629167889,24.6241103498172,0.799915080925697,0.272016868973426,54.6763246256429,TRUE,-0.0213124841370596,0.00167849120556141,0.385580707478086,2026-06-10 11:46:22,2026-06-10 11:47:41,NA
"51","2026-06-10 12:46:09","Collar_51_2026-06-10 12:46:09",2026-06-10 12:46:58.5,NA,NA,NA,NA,NA,-24.9644621370919,-0.00917765301046573,0.000977691855666433,3748.61989863853,0.0534029217495908,1.91886684088026e-14,0.5304511821121,0.201935383267499,-31.9117530224666,0.590502361847985,0.191046133700648,-24.9397521807777,TRUE,-0.00912774595997495,0.00101671302009742,0.218712238852718,2026-06-10 12:46:19,2026-06-10 12:47:38,NA
"51","2026-06-10 13:46:07","Collar_51_2026-06-10 13:46:07",2026-06-10 13:46:56.5,5.89723666081041,-0.0212770048069164,3.46013766155047e-13,0.494737610817671,0.244895938352868,-1.7037901295629,-0.0108310725015677,0.00113067914498273,3751.84222722119,0.0617593054022617,8.15589704623428e-15,0.540533955701955,0.233533832946806,-3.59024533522405,0.573127936205583,0.228040754235043,-1.68749721319145,TRUE,-0.0107360139439646,0.00107626966990793,0.211414169501716,2026-06-10 13:46:17,2026-06-10 13:47:36,NA
"51","2026-06-10 14:46:11","Collar_51_2026-06-10 14:46:11",2026-06-10 14:47:00.5,75.4338413040709,-0.0207845320492569,2.69380328027166e-17,0.602611542623524,0.378205295478385,73.5472442630669,-0.0200672383844047,0.00180965719154084,3691.30816397327,0.0988460534199351,1.06600080155886e-17,0.611873304417153,0.373771977784854,73.4989368608586,0.631025336603056,0.369197506329319,73.5636462837007,TRUE,-0.020154326178846,0.00182990821895997,0.490126717191967,2026-06-10 14:46:21,2026-06-10 14:47:40,NA
"51","2026-06-10 15:46:14","Collar_51_2026-06-10 15:46:14",2026-06-10 15:47:03.5,NA,NA,NA,NA,NA,39.4991300607622,-0.00743553290711603,0.0014627770478879,3658.89768383884,0.0798989658886008,2.48399532440169e-06,0.248833795167089,0.302126321384562,4.76621463933428,0.537121085616495,0.240267343460632,39.8100850043798,TRUE,-0.0071701162211935,0.00141764741339595,0.27018502312693,2026-06-10 15:46:24,2026-06-10 15:47:43,NA
"51","2026-06-10 16:46:10","Collar_51_2026-06-10 16:46:10",2026-06-10 16:46:59.5,NA,NA,NA,NA,NA,238.904342548586,0.0627470978759859,0.00508664915583356,3656.62012668525,0.277840022152419,5.17067918382468e-20,0.661117297120213,1.05061164300115,201.872470683161,0.797091398247243,0.823584647899235,240.103186876966,TRUE,0.0605625939783586,0.00465498642875113,0.947500896095063,2026-06-10 16:46:20,2026-06-10 16:47:39,NA
"51","2026-06-10 17:46:13","Collar_51_2026-06-10 17:46:13",2026-06-10 17:47:02.5,112.217959684956,-0.0242426194109728,4.72974307784245e-15,0.546844067497275,0.475961942260423,93.0435051116488,-0.0242511819273086,0.00204416432041919,3612.93979438947,0.111655166823744,3.81386121619034e-19,0.643421074252775,0.422207777545844,90.2197635672993,0.672575060433954,0.409868720804925,93.496801054617,TRUE,-0.0248110528314751,0.00195773448145369,0.425379582183404,2026-06-10 17:46:23,2026-06-10 17:47:42,NA
"51","2026-06-10 18:46:11","Collar_51_2026-06-10 18:46:11",2026-06-10 18:47:00.5,NA,NA,NA,NA,NA,30.6777822495064,-0.010977990669063,0.00138431203807022,3604.9537898471,0.0756130952893019,1.28405932822387e-11,0.446374403028075,0.285919924922538,-23.4739321013313,0.732373537627909,0.201391609257359,30.7388550058739,TRUE,-0.0107921781900271,0.00142691409489847,0.301342154369598,2026-06-10 18:46:21,2026-06-10 18:47:40,NA
"51","2026-06-10 19:46:11","Collar_51_2026-06-10 19:46:11",2026-06-10 19:47:00.5,NA,NA,NA,NA,NA,-34.8567829473375,0.00428084553401213,0.000919074825234545,3605.53609668686,0.0502011760551728,1.29231244663092e-05,0.217612827928011,0.189828447490483,-39.0739556479224,0.293986002195043,0.182682773442311,-34.7775331307567,TRUE,0.00420622793044935,0.000939522688224079,0.162125301135514,2026-06-10 19:46:21,2026-06-10 19:47:40,NA
"51","2026-06-10 20:46:08","Collar_51_2026-06-10 20:46:08",2026-06-10 20:46:57.5,NA,NA,NA,NA,NA,16.986194827396,-0.0171840318387885,0.00127077998253504,3605.94848099986,0.0694118127045325,3.8142753365936e-22,0.700984543750407,0.262470676557862,19.0157429808408,0.708259526664009,0.262647226220927,17.0003429304086,TRUE,-0.0170879610426413,0.00136505537653408,0.273757183961922,2026-06-10 20:46:18,2026-06-10 20:47:37,NA
"51","2026-06-10 21:46:10","Collar_51_2026-06-10 21:46:10",2026-06-10 21:46:59.5,NA,NA,NA,NA,NA,-32.7897144338642,0.00781424971619833,0.000931025547223592,3606.79052302066,0.0508539415124417,1.62609955355621e-12,0.474553554586403,0.192296785148401,-30.4908408178253,0.485608734065874,0.192750313299264,-32.7086283368571,TRUE,0.00760066387089362,0.000988376037878418,0.204203003233819,2026-06-10 21:46:20,2026-06-10 21:47:39,NA
"51","2026-06-10 22:46:15","Collar_51_2026-06-10 22:46:15",2026-06-10 22:47:04.5,NA,NA,NA,NA,NA,-27.6719784124445,0.00460369888732524,0.000961286573222081,3594.83323111366,0.0525068418553193,7.82329422119719e-06,0.227229211654518,0.198546987446453,-36.0016950047244,0.337605682076675,0.186224474684108,-27.6686147778136,TRUE,0.00455871363141816,0.000895438868549821,0.173523291891899,2026-06-10 22:46:25,2026-06-10 22:47:44,NA
"51","2026-06-10 23:46:12","Collar_51_2026-06-10 23:46:12",2026-06-10 23:47:01.5,56.1984777114692,-0.0109907057255652,0.0929898879208465,0.0357544891911266,0.335363874695921,53.886451012815,-0.0036719416711415,0.00160040620089959,3617.20743569298,0.0874164662606742,0.0244590682488635,0.0632226745658806,0.330552655920459,45.8633698356993,0.193940877333623,0.310632162347543,55.0619456474086,TRUE,-0.00523226086049516,0.00147832254902879,0.247836659497141,2026-06-10 23:46:22,2026-06-10 23:47:41,NA
"52","2026-06-10 00:28:10","Collar_52_2026-06-10 00:28:10",2026-06-10 00:28:59.5,NA,NA,NA,NA,NA,-24.3535452116054,0.00408637708821866,0.00098143204471579,3635.56879002832,0.0536072162028727,8.00804526532606e-05,0.181843641710354,0.202707893036091,-39.5272013867595,0.356203447969703,0.182166004556799,-24.1739556033837,TRUE,0.00384174939084134,0.00101792339019195,0.177059134097686,2026-06-10 00:28:20,2026-06-10 00:29:39,NA
"52","2026-06-10 00:49:12","Collar_52_2026-06-10 00:49:12",2026-06-10 00:50:01.5,NA,NA,NA,NA,NA,-6.41500987168132,-0.00564078096128175,0.00109787154038591,3635.80378874964,0.0599673073090776,1.99943393436254e-06,0.252861161056764,0.226757652732199,-11.278688498643,0.33122007353399,0.217341878308214,-6.38707616426932,TRUE,-0.00561575582220198,0.00110966320665576,0.221059497211681,2026-06-10 00:49:22,2026-06-10 00:50:41,NA
"52","2026-06-10 01:49:06","Collar_52_2026-06-10 01:49:06",2026-06-10 01:49:55.5,-115.218666153074,0.0205461966606068,2.30376739896043e-24,0.482406945503367,0.166717006833943,-124.997330428677,0.00714310354739052,0.000553583540430852,3654.36629858867,0.0302375214850684,1.78857192011556e-26,0.513093227409737,0.161699468445792,-121.547267279308,0.514763904475151,0.162453277852781,-124.604635222599,TRUE,0.00682906069930718,0.000520134989793036,0.134702076651622,2026-06-10 01:49:16,2026-06-10 01:50:35,NA
"52","2026-06-10 02:49:09","Collar_52_2026-06-10 02:49:09",2026-06-10 02:49:58.5,NA,NA,NA,NA,NA,-70.2817538061884,-0.00510228070449146,0.000656812670311657,3679.82520576016,0.0358760435954376,9.45868806666084e-13,0.276376552691713,0.191852271429885,-69.4791611144568,0.290693763240224,0.191158565842194,-70.2724177618401,TRUE,-0.00511917327751765,0.000673257938828851,0.209751714451994,2026-06-10 02:49:19,2026-06-10 02:50:38,NA
"52","2026-06-10 03:49:12","Collar_52_2026-06-10 03:49:12",2026-06-10 03:50:01.5,-79.6768987484641,-0.00512394352469042,1.67795009916286e-13,0.291811445520372,0.186301406697815,-93.0882754177545,-0.00562605096426285,0.000611630577605439,3647.30287842946,0.0334081333358924,2.04954732394915e-16,0.348752812825752,0.178654768541382,-97.9958957064491,0.384018674618076,0.174860493444112,-93.049681267344,TRUE,-0.00559139880547214,0.000682231521933963,0.182584314468336,2026-06-10 03:49:22,2026-06-10 03:50:41,NA
"52","2026-06-10 04:49:11","Collar_52_2026-06-10 04:49:11",2026-06-10 04:50:00.5,-82.0520789586311,-0.00387371852958463,0.760187063747589,0.000591368007966172,0.184923715267843,-82.2558383658577,-0.000343609929423304,0.000632689534294848,3648.26208726588,0.0345584035459741,0.587830387683354,0.00186330112519237,0.18480600291524,-79.400010929848,0.0089755944447103,0.185323068010113,-81.9573386655595,TRUE,-0.000456690033153932,0.000690926560084019,0.17633178296074,2026-06-10 04:49:21,2026-06-10 04:50:40,NA
"52","2026-06-10 05:49:07","Collar_52_2026-06-10 05:49:07",2026-06-10 05:49:56.5,-39.7766911057112,-0.0342992678385986,3.61767272140961e-42,0.691262776079916,0.211041327067281,3.16997822638916,-0.0126204243625595,0.000826281497549413,3654.1653427278,0.0451326723251551,6.2967494087677e-33,0.596205053720337,0.241353416751419,-39.3600982639194,0.698100490400348,0.210024741972674,3.81490193359339,TRUE,-0.0120206572989937,0.000891426047000023,0.213950865850491,2026-06-10 05:49:17,2026-06-10 05:50:36,NA
"52","2026-06-10 06:49:09","Collar_52_2026-06-10 06:49:09",2026-06-10 06:49:58.5,-58.4751920709398,0.0181255123462391,8.603723054217e-25,0.744053238616791,0.163776992287219,-68.8322946862269,0.0121871814624846,0.000743241176985096,3711.95393726351,0.0405968917359486,5.41123410184478e-27,0.775133773429382,0.153511242898068,-66.4716527828315,0.779694834609608,0.153932710647515,-68.7453897330433,TRUE,0.0120195730426837,0.000789861714593343,0.132735027000518,2026-06-10 06:49:19,2026-06-10 06:50:38,NA
"52","2026-06-10 07:49:13","Collar_52_2026-06-10 07:49:13",2026-06-10 07:50:02.5,NA,NA,NA,NA,NA,87.7021489400926,-0.00829912459927021,0.00197704950557768,3738.52313033956,0.107989260040899,7.08690793454223e-05,0.184279233567517,0.408345684106691,64.5736957105858,0.418874678625207,0.349166536788638,88.3838001688773,TRUE,-0.00700778922544332,0.00195791946038483,0.341083215304676,2026-06-10 07:49:23,2026-06-10 07:50:42,NA
"52","2026-06-10 08:49:07","Collar_52_2026-06-10 08:49:07",2026-06-10 08:49:56.5,-5.80453831807013,0.0247112771196976,1.9383507490063e-35,0.863244442791765,0.227624487214694,-48.4433087400571,0.0252416102214749,0.00084425261198525,3784.12732763744,0.0461142801931227,1.7645337519794e-44,0.919744889042864,0.174374445064412,-46.0612840140205,0.921351720253879,0.174876562497262,-48.3740668459918,TRUE,0.025169230545022,0.000853954715000893,0.189896987437461,2026-06-10 08:49:17,2026-06-10 08:50:36,NA
"52","2026-06-10 09:49:10","Collar_52_2026-06-10 09:49:10",2026-06-10 09:49:59.5,NA,NA,NA,NA,NA,56.4810906580171,0.0219954525832265,0.00162657075988149,3784.5286093718,0.0888456117402289,3.81174750737525e-22,0.700989599884502,0.335956761739091,37.1066781910709,0.776748664919332,0.294088320375546,56.497307599367,TRUE,0.0219812726260612,0.00163446318427643,0.335702925550629,2026-06-10 09:49:20,2026-06-10 09:50:39,NA
"52","2026-06-10 10:49:08","Collar_52_2026-06-10 10:49:08",2026-06-10 10:49:57.5,NA,NA,NA,NA,NA,10.6165297032771,0.0293384731775573,0.00122118349256968,3787.05144489672,0.066702781778966,8.60705478827039e-38,0.880949204153347,0.252226870033513,5.36556341935484,0.89394973505187,0.241169055901904,11.2984878361932,TRUE,0.029297071866691,0.00113045408367999,0.206294220999508,2026-06-10 10:49:18,2026-06-10 10:50:37,NA
"52","2026-06-10 11:49:13","Collar_52_2026-06-10 11:49:13",2026-06-10 11:50:02.5,-17.6338457066792,-0.00513631479927082,0.409115468231407,0.00875310923392372,0.21140254541227,-18.3302992291664,0.00119576230123968,0.00101908257223675,3754.9949913098,0.0556637416442778,0.244217550625031,0.0173451227154906,0.210484344953026,-17.1013478633004,0.0507996822602912,0.20957464336688,-18.1330635703876,TRUE,0.00122968355015748,0.00105734315737541,0.205340309015384,2026-06-10 11:49:23,2026-06-10 11:50:42,NA
"52","2026-06-10 12:49:08","Collar_52_2026-06-10 12:49:08",2026-06-10 12:49:57.5,NA,NA,NA,NA,NA,-14.1248449354796,-0.0021559606673466,0.0010462233524446,3748.2632046495,0.0571462097176921,0.0426644282335505,0.0516315702668355,0.216090082406689,-43.848258961361,0.37783807378758,0.177312156349853,-14.005425683022,TRUE,-0.00186061514711535,0.00101857465249662,0.231299973601836,2026-06-10 12:49:18,2026-06-10 12:50:37,NA
"52","2026-06-10 13:49:09","Collar_52_2026-06-10 13:49:09",2026-06-10 13:49:58.5,23.2042996609432,-0.0153772294353141,1.23755860142709e-13,0.507728085772767,0.272871918652973,32.4029741456947,-0.011127748099898,0.00139931907341178,3750.61568563242,0.0764328009352003,1.1642664078668e-11,0.447742365765711,0.289019522628955,18.7292400000112,0.557211163545379,0.262177339463727,33.8975529810702,TRUE,-0.0120884075633234,0.00116296033473987,0.223856920479041,2026-06-10 13:49:19,2026-06-10 13:50:38,NA
"52","2026-06-10 14:49:11","Collar_52_2026-06-10 14:49:11",2026-06-10 14:50:00.5,40.9373905090386,-0.024533637314312,0.0125762201312854,0.0772095910111068,0.304854416728449,38.6339670467154,-0.00436354066127738,0.00145488876539244,3686.99270601121,0.0794680966628806,0.00363145149550859,0.103400441248035,0.300497052060274,11.0856349097281,0.395588541993153,0.249946928957567,38.8955971512087,TRUE,-0.00377442840877216,0.00136390418764083,0.303032908502044,2026-06-10 14:49:21,2026-06-10 14:50:40,NA
"52","2026-06-10 15:49:12","Collar_52_2026-06-10 15:49:12",2026-06-10 15:50:01.5,NA,NA,NA,NA,NA,9.56448287543794,-0.0105109677070613,0.00121318019454566,3657.42228739412,0.0662656302412516,4.8453927055502e-13,0.490411011084485,0.250573845059931,5.10708716291919,0.541533579946092,0.240779767462639,9.63665064211338,TRUE,-0.0103021553847638,0.00126060131474377,0.29642147986377,2026-06-10 15:49:22,2026-06-10 15:50:41,NA
"52","2026-06-10 16:49:09","Collar_52_2026-06-10 16:49:09",2026-06-10 16:49:58.5,277.997087296282,-0.115000890689116,4.51847822154552e-29,0.801019017126427,1.34138433482755,257.797936444177,-0.118227976598503,0.00572420832784854,3661.51481830513,0.312664412246823,2.32859465488407e-33,0.845418746447158,1.18229501032223,176.474861982179,0.946793453659929,0.702700858813556,257.883017608752,TRUE,-0.11759699187789,0.00652227018514474,1.27513623156007,2026-06-10 16:49:19,2026-06-10 16:50:38,NA
"52","2026-06-10 17:49:13","Collar_52_2026-06-10 17:49:13",2026-06-10 17:50:02.5,NA,NA,NA,NA,NA,87.8422000487593,-0.0175315821425864,0.00197878081303532,3609.96326933218,0.108083826520255,2.01913262215434e-13,0.501584310139265,0.408703273497445,60.0410527171205,0.665070485304765,0.339413786590269,87.8641780866324,TRUE,-0.0172594527684195,0.00204001521205913,0.526424298586241,2026-06-10 17:49:23,2026-06-10 17:50:42,NA
"52","2026-06-10 18:49:12","Collar_52_2026-06-10 18:49:12",2026-06-10 18:50:01.5,-53.8723835744306,0.034385327508598,6.19286896798727e-06,0.231672906604946,0.168556878792166,-58.4775190684589,0.00430925082401328,0.000792932373406346,3603.32760685669,0.0433110956630322,6.06850175621757e-07,0.274652136389433,0.163774610375448,-60.9144512063846,0.330728571922131,0.159373112536023,-58.1787404608063,TRUE,0.00463776785067461,0.000883978724972196,0.142672788259494,2026-06-10 18:49:22,2026-06-10 18:50:41,NA
"52","2026-06-10 19:49:11","Collar_52_2026-06-10 19:49:11",2026-06-10 19:50:00.5,NA,NA,NA,NA,NA,-23.6109950234518,0.000933322397030536,0.000985997396213946,3605.84630302041,0.0538565822044429,0.346777685878525,0.0113568217833434,0.203650834310674,-22.1480289616427,0.0422176579275339,0.203067454487275,-23.3702421444696,TRUE,0.00104919141851249,0.000976831972972165,0.17818164689933,2026-06-10 19:49:21,2026-06-10 19:50:40,NA
"52","2026-06-10 20:49:08","Collar_52_2026-06-10 20:49:08",2026-06-10 20:49:57.5,NA,NA,NA,NA,NA,-46.3415651214108,-0.0017242892763543,0.000855415786499163,3604.13862807328,0.0467240286855423,0.0472719177772318,0.0495127909078506,0.176680120324857,-43.9879124774848,0.0688732957045841,0.177157459708919,-45.9149978745156,TRUE,-0.0012580293793974,0.000844706116342083,0.156491245210142,2026-06-10 20:49:18,2026-06-10 20:50:37,NA
"52","2026-06-10 21:49:11","Collar_52_2026-06-10 21:49:11",2026-06-10 21:50:00.5,NA,NA,NA,NA,NA,-39.5594130340568,0.00778210444556975,0.000892455008087099,3608.40936913728,0.048747163726161,3.7737831500396e-13,0.493626125427311,0.184330311296522,-36.8527395700827,0.501746642675659,0.185236571062557,-39.5445540205154,TRUE,0.00773815042314507,0.000932540254911651,0.218789181410977,2026-06-10 21:49:21,2026-06-10 21:50:40,NA
"52","2026-06-10 22:49:15","Collar_52_2026-06-10 22:49:15",2026-06-10 22:50:04.5,-41.167166471031,0.0210934008208672,2.82035220714306e-23,0.720207346638901,0.18248735068871,-58.1325126797551,0.012975680334314,0.000794644010227236,3596.37213971961,0.0434045877041901,6.97244746574897e-27,0.773672746207037,0.164128136934392,-54.6750571714916,0.775202460791111,0.165710830707591,-58.072534054871,TRUE,0.0131564717117773,0.00081284481159674,0.164731010186267,2026-06-10 22:49:25,2026-06-10 22:50:44,NA
"52","2026-06-10 23:49:12","Collar_52_2026-06-10 23:49:12",2026-06-10 23:50:01.5,NA,NA,NA,NA,NA,-70.4463632217269,0.00760526854245309,0.000735781104849028,3617.27818712778,0.0401894119699878,2.85986908424586e-16,0.578012274831638,0.151970417414795,-71.0841934400038,0.601780504855339,0.149558434692637,-70.4355681124254,TRUE,0.00753001685130979,0.000762975754227582,0.183436483622255,2026-06-10 23:49:22,2026-06-10 23:50:41,NA
