"label","StartTime","Plot","TIMESTAMP","HM81_AIC","HM81_flux.estimate","HM81_p.value","HM81_r.squared","HM81_RMSE","lin_AIC","lin_flux.estimate","lin_flux.std.error","lin_int.estimate","lin_int.std.error","lin_p.value","lin_r.squared","lin_RMSE","poly_AIC","poly_r.squared","poly_RMSE","rob_AIC","rob_converged","rob_flux.estimate","rob_flux.std.error","rob_RMSE","TIMESTAMP_min","TIMESTAMP_max","flag"
"13","2026-06-08 00:57:31","Collar_13_2026-06-08 00:57:31",2026-06-08 00:58:58,1428.86264488126,19.1255290779951,1.47307358124381e-115,0.983261939185975,58.053337162752,1101.78509709841,23.7160730534076,0.0771339940364045,5766.80601317788,4.62868238083638,1.71235909746661e-185,0.998647838963853,16.5001855422213,860.18851350838,0.999795564020062,6.46655532670726,1103.66785813457,TRUE,23.6679375406438,0.0745228038770891,15.1080301927722,2026-06-08 00:58:26,2026-06-08 00:59:30,"Time changed"
"13","2026-06-08 01:57:31","Collar_13_2026-06-08 01:57:31",2026-06-08 01:58:58,2184.63430018321,18.4053115141227,3.06948235008826e-164,0.979184691141396,64.8747149061587,1497.43812615225,23.8364054993353,0.0425149758580995,4591.36130777331,2.5512528183513,6.1718205453935e-312,0.999386389075376,11.1385991282936,1340.80846453481,0.999730755685542,7.41684621412362,1499.41024106109,TRUE,23.8268041192625,0.039719762290172,8.78988019562404,2026-06-08 01:58:26,2026-06-08 01:59:30,"Time changed"
"13","2026-06-08 02:57:31","Collar_13_2026-06-08 02:57:31",2026-06-08 02:58:58,2164.66699553601,16.437972940666,2.25644134779383e-163,0.978749963365989,61.6368391491958,1442.46214016677,22.4149013937585,0.036925128940346,4471.98031971143,2.21581542446286,1.35702540614986e-318,0.9994765197748,9.67410190705098,1155.52210233301,0.999882257614826,4.61199580066199,1447.34353520349,TRUE,22.4819470397038,0.0358546607081491,8.88492752936205,2026-06-08 02:58:26,2026-06-08 02:59:30,"Time changed"
"13","2026-06-08 03:57:31","Collar_13_2026-06-08 03:57:31",2026-06-08 03:58:58,2110.30863950836,14.6758581298215,2.17049153356095e-162,0.9782456328927,53.6177049545905,1353.11266346153,19.2720420501062,0.0293646361425426,4401.23076250901,1.76212285686268,0,0.99955212529566,7.69331050855275,1168.26945594781,0.999829950969481,4.76523195090783,1353.30254149526,TRUE,19.2768775222164,0.0301233481948275,7.84351736318157,2026-06-08 03:58:26,2026-06-08 03:59:30,"Time changed"
"13","2026-06-08 04:57:31","Collar_13_2026-06-08 04:57:31",2026-06-08 04:58:58,2114.4167459312,14.9657568141788,2.28093538526686e-162,0.97823444256722,54.1854778427588,1401.34527352316,19.4700012888542,0.0332303779870397,4477.51510763081,1.99409957981107,1.2592731297957e-315,0.999438109335671,8.70610536190135,1284.08945891502,0.999698285081457,6.41295767682292,1401.41607481438,TRUE,19.478100290752,0.0349101701351519,10.3163511725144,2026-06-08 04:58:26,2026-06-08 04:59:30,"Time changed"
"13","2026-06-08 05:57:31","Collar_13_2026-06-08 05:57:31",2026-06-08 05:58:58,2104.76724575136,14.3138182127573,8.50085908807924e-162,0.977935716051534,52.8612537871564,1345.5856895397,18.8662200207475,0.0288033345927483,4353.13022260907,1.72844008668689,0,0.999550346754821,7.54625378731372,1234.97622856117,0.999750181190292,5.65414678766587,1347.99933500495,TRUE,18.8215731382932,0.0279364459683014,6.1258360793974,2026-06-08 05:58:26,2026-06-08 05:59:30,"Time changed"
"13","2026-06-08 06:57:31","Collar_13_2026-06-08 06:57:31",2026-06-08 06:58:58,2075.64389597073,14.6710922557842,1.51293458780603e-169,0.98166034656297,49.0576124664688,1495.7013214929,19.1998256829591,0.0423260629504328,4358.61844628328,2.53991646972637,3.42557672119656e-294,0.999062931519356,11.0891053885892,1135.09101239135,0.999855546174809,4.37660487788614,1495.76431309536,TRUE,19.2007943852904,0.0451265825503047,13.9311716295006,2026-06-08 06:58:26,2026-06-08 06:59:30,"Time changed"
"13","2026-06-08 07:57:31","Collar_13_2026-06-08 07:57:31",2026-06-08 07:58:58,2078.1367055848,12.5320943248077,3.54403778437151e-158,0.97594537321732,49.3721841432945,1253.23981506646,16.8770694583765,0.02273048264313,4301.57323685531,1.36401836612411,0,0.999650031841493,5.95521293483756,1181.56731288121,0.999762592503097,4.9305142010492,1253.37754172208,TRUE,16.8819953706652,0.0238804863708416,6.18207101681414,2026-06-08 07:58:26,2026-06-08 07:59:30,"Time changed"
"13","2026-06-08 08:57:31","Collar_13_2026-06-08 08:57:31",2026-06-08 08:58:58,702.070816108737,13.8557036593423,3.52048782129646e-54,0.978390261059517,51.9914161902811,465.03949546492,18.5535382125329,0.0555068722172164,4369.57179803388,3.33087485818389,4.52003155829311e-104,0.999436445713605,8.39604515907236,424.28837776088,0.999716904319877,6.04754161443081,465.093047322332,TRUE,18.5517024582386,0.0591971674765388,10.0293655441038,2026-06-08 08:58:26,2026-06-08 08:59:30,"Time changed"
"13","2026-06-08 09:57:31","Collar_13_2026-06-08 09:57:31",2026-06-08 09:58:58,713.473804312682,15.0089566459985,1.05214592604633e-53,0.977626254717564,56.7578473199776,463.397551071249,19.9065110115562,0.0548102102665095,4437.93878933449,3.28906933602832,2.42616390994572e-106,0.999522618246854,8.29066712271223,420.715749980322,0.999767210424374,5.88360749052769,463.559720769126,TRUE,19.918400039837,0.0468377189138937,6.21117763046834,2026-06-08 09:58:26,2026-06-08 09:59:30,"Time changed"
"13","2026-06-08 10:57:31","Collar_13_2026-06-08 10:57:31",2026-06-08 10:58:58,710.130242059121,15.2602156324473,3.85383644714267e-54,0.978328128763794,55.3166648095399,466.515475483294,19.7123823004861,0.0561406713449851,4345.88051950956,3.36890808714268,2.03618525846718e-105,0.999489264953118,8.49191447913966,423.599320310101,0.999751842418459,6.01557177328165,466.558927583225,TRUE,19.7097293066243,0.0584315899244615,8.92708740692064,2026-06-08 10:58:26,2026-06-08 10:59:30,"Time changed"
"13","2026-06-08 11:57:31","Collar_13_2026-06-08 11:57:31",2026-06-08 11:58:58,677.52295383831,30.1675830487964,1.44979512686861e-72,0.994362358280797,43.0451223258455,701.844178301188,29.9592140851825,0.343120370558745,4626.43847312181,20.5900813714086,1.90824602101555e-67,0.991804063134842,51.9008549956688,472.924008746135,0.999772305098326,8.79138340337999,702.15101363408,TRUE,29.8055499368093,0.347749037958937,63.2281369414505,2026-06-08 11:58:26,2026-06-08 11:59:30,"Time changed"
"13","2026-06-08 12:57:31","Collar_13_2026-06-08 12:57:31",2026-06-08 12:58:58,718.313159974403,14.8373061798385,2.0514092634556e-53,0.977147116051362,58.9105232890669,478.13433426055,20.4428436115372,0.0613893499188404,4283.99862095923,3.68387253752511,5.72640796296928e-104,0.999432197445248,9.28583675526957,434.187713656148,0.999728453491583,6.52604166358507,478.153842118201,TRUE,20.4504987690466,0.0634734885718646,10.703783449667,2026-06-08 12:58:26,2026-06-08 12:59:30,"Time changed"
"13","2026-06-08 13:57:31","Collar_13_2026-06-08 13:57:31",2026-06-08 13:58:58,712.376771512861,16.9658612533323,6.76885071181029e-56,0.980937147011029,56.2808993321534,504.939806421957,21.3815446453073,0.0754471420463765,4282.63977742452,4.52745720531083,1.47314708903376e-99,0.999216196049331,11.4122375561966,415.399384896122,0.999814124793068,5.64785019646115,505.40075957006,TRUE,21.3430773915076,0.0818432404983924,11.2579992476781,2026-06-08 13:58:26,2026-06-08 13:59:30,"Time changed"
"13","2026-06-08 14:57:31","Collar_13_2026-06-08 14:57:31",2026-06-08 14:58:58,715.489054494285,14.737388617613,6.53159648063345e-53,0.976291593042516,57.6445582886343,480.426204491604,19.6386198107782,0.0624812265878053,4293.06226409926,3.74939423600346,2.17479130783316e-102,0.999362704494641,9.45099550867386,465.09764216476,0.999526633016014,8.2777340313466,480.582743826277,TRUE,19.6354257909321,0.0638799796406128,9.22084573866088,2026-06-08 14:58:26,2026-06-08 14:59:30,"Time changed"
"13","2026-06-08 15:57:31","Collar_13_2026-06-08 15:57:31",2026-06-08 15:58:58,709.378305089695,16.0007539866085,1.76754331791351e-54,0.978857650099028,54.9976295598126,483.67965550726,19.8411586287967,0.0640646470245081,4302.53005405618,3.84441265645973,5.51021097764122e-102,0.999343615663904,9.69050584246333,435.807478137203,0.999704486950215,6.60786303710448,483.692464984067,TRUE,19.8372370919281,0.0652748552302061,9.12457088726898,2026-06-08 15:58:26,2026-06-08 15:59:30,"Time changed"
"13","2026-06-08 16:57:31","Collar_13_2026-06-08 16:57:31",2026-06-08 16:58:58,707.91870929357,17.1947006994058,5.02904938031279e-57,0.982446813131492,54.3835884488554,541.496900250815,21.524713488118,0.0999470673943318,4330.77334007815,5.99765687805649,4.69838202164439e-92,0.998643510655911,15.1181296628596,462.374587747375,0.99962239432289,8.10614722724315,542.596626851962,TRUE,21.5594748411452,0.0903300758481236,12.5099987908655,2026-06-08 16:58:26,2026-06-08 16:59:30,"Time changed"
"13","2026-06-08 17:57:31","Collar_13_2026-06-08 17:57:31",2026-06-08 17:58:58,718.775078420012,17.1402395386076,6.64154764529696e-55,0.979504316632176,59.1202175929149,487.814783362035,21.6630509477593,0.0661352150467663,4388.90306952743,3.96866399133066,1.61731776383137e-103,0.999413170529766,10.0037027841281,424.26871304423,0.999792410213031,6.04662688982966,487.844884663934,TRUE,21.6571412148921,0.070302030445807,11.4120427724805,2026-06-08 17:58:26,2026-06-08 17:59:30,"Time changed"
"13","2026-06-08 18:57:31","Collar_13_2026-06-08 18:57:31",2026-06-08 18:58:58,716.61410101614,18.2801225821988,1.88229596992219e-56,0.98169592613441,58.1455909487293,534.145545298198,22.5395414503241,0.0944520062895308,4914.79331306696,5.66790742277213,7.37301899243004e-95,0.998894922905658,14.2869392292279,460.812664957319,0.999663723492836,8.0093363110246,535.343863986502,TRUE,22.5085066529714,0.0840460036717734,11.8795721265157,2026-06-08 18:58:26,2026-06-08 18:59:30,"Time changed"
"13","2026-06-08 19:57:31","Collar_13_2026-06-08 19:57:31",2026-06-08 19:58:58,739.275700564546,18.8730046539989,9.12331824827349e-55,0.97929676350728,69.2186303141592,524.190797067178,25.2337475439907,0.0874893305314772,4933.55292747468,5.25008885901969,4.87412752211353e-100,0.99924323951433,13.2337554024788,469.479141712295,0.99969332438271,8.56148028680959,524.220190689742,TRUE,25.2451167748104,0.0941248912599322,15.1974091213361,2026-06-08 19:58:26,2026-06-08 19:59:30,"Time changed"
"13","2026-06-08 20:57:31","Collar_13_2026-06-08 20:57:31",2026-06-08 20:58:58,718.448861718555,21.6307884837185,4.70084987134099e-59,0.984866134251825,58.9720497094838,586.892984656555,25.1292128234093,0.141718311992568,4865.82856458633,8.50427962348581,9.58026720507832e-87,0.998000297484647,21.4365050637468,468.886797065544,0.999693953994469,8.52255866561722,587.12118310622,TRUE,25.0867435028688,0.14602987885465,21.9908202775218,2026-06-08 20:58:26,2026-06-08 20:59:30,"Time changed"
"13","2026-06-08 21:57:31","Collar_13_2026-06-08 21:57:31",2026-06-08 21:58:58,725.157461407019,20.9418411630075,7.01817730009023e-58,0.983510327102871,62.0951701721436,566.475896919761,25.3560814199014,0.121120612665563,5324.70189156218,7.26824602828948,2.79246450453793e-91,0.998564548460095,18.3208689845645,453.976180770622,0.999760888154497,7.59902204102332,566.581993982781,TRUE,25.3229609595489,0.123910754226954,22.6332262737708,2026-06-08 21:58:26,2026-06-08 21:59:30,"Time changed"
"13","2026-06-08 22:57:31","Collar_13_2026-06-08 22:57:31",2026-06-08 22:58:58,721.559055267433,20.3225175793651,1.86004039166596e-57,0.982992262076481,60.3999431479656,557.087225841376,24.2862924867108,0.112681617898842,5013.93563518796,6.76183602221278,4.47203409153639e-92,0.998645635182375,17.0443751320322,456.43768599378,0.999729277331506,7.74427774964477,557.380887065936,TRUE,24.2341061329233,0.116023992544707,18.8947899515844,2026-06-08 22:58:26,2026-06-08 22:59:30,"Time changed"
"13","2026-06-08 23:57:31","Collar_13_2026-06-08 23:57:31",2026-06-08 23:58:58,716.821533802018,19.9535566805349,1.31702661737956e-57,0.983177590500451,58.2384442546205,556.86678520361,23.5448473600185,0.112490705903564,5169.53716246473,6.75037971167328,2.82699551352824e-91,0.99856398831151,17.0154975233734,435.162511678126,0.999792379272699,6.57516076502316,556.913368002545,TRUE,23.5280336021753,0.113462543196022,20.4086994205271,2026-06-08 23:58:26,2026-06-08 23:59:30,"Time changed"
"14","2026-06-08 00:00:29","Collar_14_2026-06-08 00:00:29",2026-06-08 00:01:41,431.090300095241,3.29385349917841,8.41895043756218e-66,0.986943246395059,5.11365555689019,400.424690041275,4.34892543779276,0.0486132292729836,5343.14625738574,2.09995646350317,2.85478767517706e-72,0.991574815510227,4.10774595987658,391.669962783416,0.992978232376954,3.80644520553839,400.549145847717,TRUE,4.3408378651098,0.0444135822592587,2.79592997842394,2026-06-08 00:01:24,2026-06-08 00:01:58,"Time changed"
"14","2026-06-08 01:00:30","Collar_14_2026-06-08 01:00:30",2026-06-08 01:01:42,NA,NA,NA,NA,NA,664.985383772589,5.27822319518324,0.0544341373590433,5646.69606924104,2.35140352311195,4.92868042815232e-103,0.989163908227038,5.63334151018278,658.285045063073,0.99021378849411,5.40623559189204,664.98625017683,TRUE,5.27703835662665,0.0588377620891667,7.05740015133524,2026-06-08 01:01:25,2026-06-08 01:01:59,"Time changed"
"14","2026-06-08 02:00:29","Collar_14_2026-06-08 02:00:29",2026-06-08 02:01:41,647.230706570356,1.27758947243385,5.91400452743718e-55,0.907084001228185,5.17664261781204,636.135313533818,1.59429876279672,0.0474468527518398,4708.98655992004,2.04957223782871,2.54839504975334e-57,0.916401511807734,4.91023350607143,625.525462872635,0.927260541061725,4.62536374842691,636.341504762566,TRUE,1.61473171784582,0.0481521780462718,4.65682774705144,2026-06-08 02:01:24,2026-06-08 02:01:58,"Time changed"
"14","2026-06-08 03:00:29","Collar_14_2026-06-08 03:00:29",2026-06-08 03:01:41,637.823486095458,1.83501807409301,8.38343720024403e-56,0.910539513708934,4.94986555141045,684.313049127097,1.50567137263478,0.059681851769352,4566.57145445514,2.57809020818413,6.88929326462045e-46,0.86071046156484,6.1764229082802,589.969321480693,0.945404697348188,3.90493078011255,684.3425189668,TRUE,1.49642633323821,0.063570936116604,7.611159469221,2026-06-08 03:01:24,2026-06-08 03:01:58,"Time changed"
"14","2026-06-08 04:00:29","Collar_14_2026-06-08 04:00:29",2026-06-08 04:01:41,NA,NA,NA,NA,NA,672.058570868795,1.00481477854146,0.056298805901062,4542.25295260626,2.43195202432578,2.72595402164881e-33,0.755661943601044,5.82631443508099,625.031021250941,0.849708599369249,4.61448621440473,672.419281686152,TRUE,0.976270192561917,0.0578334719181645,6.67636993098683,2026-06-08 04:01:24,2026-06-08 04:01:58,"Time changed"
"14","2026-06-08 05:00:29","Collar_14_2026-06-08 05:00:29",2026-06-08 05:01:41,669.291996855852,1.01161152863369,2.58011558258594e-41,0.829167801187291,5.7500610153632,640.590049137618,1.27255841561461,0.0484640953569603,4568.86288920853,2.09351429260516,1.93906746744388e-47,0.87002658907432,5.0155070581359,575.978924840542,0.932380891097535,3.65325708152786,640.705140587523,TRUE,1.27435403628186,0.0507273013436055,4.34994653227826,2026-06-08 05:01:24,2026-06-08 05:01:58,"Time changed"
"14","2026-06-08 06:00:29","Collar_14_2026-06-08 06:00:29",2026-06-08 06:01:41,NA,NA,NA,NA,NA,603.984869730538,2.65964492829135,0.0407115910276562,4536.78969719218,1.75862764100587,1.17873791607456e-85,0.976434896809421,4.21320713082962,589.163872246142,0.980301955945265,3.88998221105204,603.998227384566,TRUE,2.6639503968774,0.0454150838440765,4.63185011858028,2026-06-08 06:01:24,2026-06-08 06:01:58,"Time changed"
"14","2026-06-08 07:00:29","Collar_14_2026-06-08 07:00:29",2026-06-08 07:01:41,676.288073765816,1.55471460252851,6.80189840139451e-67,0.945495587444581,5.94484892716302,612.737922058536,2.45974040633506,0.0424443601510881,4504.11643670186,1.8334784537358,1.950935572251e-80,0.970243662853298,4.39252989966873,595.905587944084,0.97559863823947,4.01689008567388,612.770275038392,TRUE,2.46514641195791,0.0420098449708172,4.14939559934077,2026-06-08 07:01:24,2026-06-08 07:01:58,"Time changed"
"14","2026-06-08 08:00:29","Collar_14_2026-06-08 08:00:29",2026-06-08 08:01:41,752.746172799579,0.751460995579408,7.3649191722761e-38,0.800692592174224,8.55581615687237,734.231202489604,1.71523405184787,0.0756966174574092,4518.16320409254,3.26988359901765,8.22062092864606e-42,0.832912881313229,7.83377707431248,686.450050519937,0.897960344525051,6.18218704854446,734.239858061808,TRUE,1.71222008067351,0.0856833953154606,8.5923972515855,2026-06-08 08:01:24,2026-06-08 08:01:58,"Time changed"
"14","2026-06-08 09:00:29","Collar_14_2026-06-08 09:00:29",2026-06-08 09:01:41,213.080239236341,1.56963158098454,6.17785348069094e-25,0.961589452014793,4.80074372564676,223.554747622056,2.29326146982966,0.0933169277021789,4592.24471569108,4.03103205471176,8.67445788088863e-23,0.948188932893388,5.57563762406705,215.176729057215,0.963622658161071,4.8203089556278,223.558473103131,TRUE,2.2977487069835,0.0946506483007333,6.76649721899089,2026-06-08 09:01:24,2026-06-08 09:01:58,"Time changed"
"14","2026-06-08 10:00:29","Collar_14_2026-06-08 10:00:29",2026-06-08 10:01:41,228.458020144803,2.71115073910082,1.69650289078121e-22,0.946042752147675,5.98019653711714,227.632325234775,2.40911410562104,0.0989141827384206,4568.11253967981,4.27281792384684,1.14876585946717e-22,0.947300775323558,5.91007068503503,219.928837821466,0.96227905959149,5.15890987555653,227.844448354976,TRUE,2.41148671993013,0.0839083286037304,4.21904505073631,2026-06-08 10:01:24,2026-06-08 10:01:58,"Time changed"
"14","2026-06-08 11:00:29","Collar_14_2026-06-08 11:00:29",2026-06-08 11:01:41,221.938818211886,1.42192265944396,2.35431625600327e-12,0.779023762564548,5.44839994216817,225.706478188327,0.967561172419821,0.0962299396785061,4528.27510906802,4.15686608012899,1.41207221896678e-11,0.753908701124742,5.7496885661041,221.619190928557,0.804680388443052,5.28500303863618,225.732007635176,TRUE,0.982325533498668,0.0970728799915397,7.09285819135478,2026-06-08 11:01:24,2026-06-08 11:01:58,"Time changed"
"14","2026-06-08 12:00:31","Collar_14_2026-06-08 12:00:31",2026-06-08 12:01:43,NA,NA,NA,NA,NA,217.11074829937,1.92695479144294,0.0851099875536301,4453.90196711228,3.67651503808339,1.11981492901245e-21,0.939516573331,5.08527724254276,212.247601937991,0.953047491426568,4.62276657466644,217.146208862991,TRUE,1.92493223025162,0.0932371704044524,4.97364597921086,2026-06-08 12:01:26,2026-06-08 12:02:00,"Time changed"
"14","2026-06-08 13:00:29","Collar_14_2026-06-08 13:00:29",2026-06-08 13:01:41,NA,NA,NA,NA,NA,246.728967924843,0.821174341175239,0.129938571839763,4473.70598820525,5.61298535139536,3.77662796649724e-07,0.5475656486173,7.76376170762428,230.741616036519,0.744409775622281,6.0206399217298,246.731992478038,TRUE,0.823364113182507,0.136275933696373,8.81249906268571,2026-06-08 13:01:24,2026-06-08 13:01:58,"Time changed"
"14","2026-06-08 14:00:29","Collar_14_2026-06-08 14:00:29",2026-06-08 14:01:41,231.005545572407,2.96420629358416,8.71913199732811e-17,0.880524200955377,6.20184391546852,236.08954258976,1.60146883471115,0.111616626739399,4462.50776692166,4.82152821898797,9.67656418231145e-16,0.861845739571198,6.66903507052678,233.983524676871,0.883962520809522,6.30603135613076,236.173705096119,TRUE,1.58898382228308,0.104524288439872,4.88763323581627,2026-06-08 14:01:24,2026-06-08 14:01:58,"Time changed"
"14","2026-06-08 15:00:30","Collar_14_2026-06-08 15:00:30",2026-06-08 15:01:42,NA,NA,NA,NA,NA,228.826720540116,1.18505708248841,0.100616415798093,4431.43607867945,4.34634966344748,2.31067993739368e-13,0.807827329097967,6.01177822005729,228.387626708699,0.830718494333425,5.82154176066974,228.895854968972,TRUE,1.18999311779726,0.104961513371951,6.41758016161435,2026-06-08 15:01:25,2026-06-08 15:01:59,"Time changed"
"14","2026-06-08 16:00:29","Collar_14_2026-06-08 16:00:29",2026-06-08 16:01:41,235.030660745456,3.66488483814732,6.21747339920768e-15,0.845442126090453,6.56891253417916,245.93742384438,1.42688829399786,0.128477532140646,4482.67362595061,5.54987249496763,1.09812955265609e-12,0.788929876434891,7.67646534974752,220.857050011391,0.908042860487169,5.22777348155828,246.024048458672,TRUE,1.39482634893525,0.131650080323198,7.6454518423713,2026-06-08 16:01:24,2026-06-08 16:01:58,"Time changed"
"14","2026-06-08 17:00:29","Collar_14_2026-06-08 17:00:29",2026-06-08 17:01:41,NA,NA,NA,NA,NA,229.803440614233,1.93834972058984,0.102030171358471,4460.37723002783,4.40741997643079,2.44664566296926e-19,0.916225954174115,6.09624937537478,232.821831762737,0.918542836841633,6.20224250170764,229.861581632704,TRUE,1.95169938217659,0.102930486497017,6.95409701798636,2026-06-08 17:01:24,2026-06-08 17:01:58,"Time changed"
"14","2026-06-08 18:00:30","Collar_14_2026-06-08 18:00:30",2026-06-08 18:01:42,227.908353274946,3.85521377589127,3.69221811500318e-26,0.967612809418283,5.93342162600178,247.288367229893,3.07927347902891,0.130981125558536,4612.47853779426,5.65802077597069,3.46935787416005e-22,0.943655891864846,7.8260537470499,226.758402168441,0.972044288325262,5.68761212121948,247.620994103595,TRUE,3.06953879462939,0.121956251635594,7.44805856726006,2026-06-08 18:01:25,2026-06-08 18:01:59,"Time changed"
"14","2026-06-08 19:00:31","Collar_14_2026-06-08 19:00:31",2026-06-08 19:01:43,246.336231671457,3.28225949196839,3.78661414430679e-27,0.971784680013931,7.72032494884741,265.992695064346,4.30821731169533,0.171101665763455,4913.5023392115,7.39111666329493,4.04773087056183e-23,0.950524463655624,10.2232350406558,245.978666615835,0.975087660733011,7.48473568105004,266.175316751884,TRUE,4.36205223904043,0.186210252109071,10.3973550524948,2026-06-08 19:01:26,2026-06-08 19:02:00,"Time changed"
"14","2026-06-08 20:00:29","Collar_14_2026-06-08 20:00:29",2026-06-08 20:01:41,NA,NA,NA,NA,NA,297.20678941948,0.0594748555816198,0.267247060320631,5423.24380075969,11.5443306290376,0.825260295496989,0.00149856530033333,15.9678720799788,285.769894725705,0.357606235766215,13.2144617890412,297.528784303783,TRUE,0.11198704084274,0.27944008292319,14.5889518725137,2026-06-08 20:01:24,2026-06-08 20:01:58,"Time changed"
"14","2026-06-08 21:00:31","Collar_14_2026-06-08 21:00:31",2026-06-08 21:01:43,NA,NA,NA,NA,NA,272.648814510547,3.6379287539724,0.188169911102423,5167.49831124356,8.12841744862134,1.43828543887308e-19,0.918873687550821,11.2430537727135,255.920818885553,0.955129574334814,8.62699681414368,272.7488279473,TRUE,3.68751233634516,0.204782597363802,10.0789846506909,2026-06-08 21:01:26,2026-06-08 21:02:00,"Time changed"
"14","2026-06-08 22:00:31","Collar_14_2026-06-08 22:00:31",2026-06-08 22:01:43,NA,NA,NA,NA,NA,254.688147099182,5.88169386097978,0.145585621012668,5092.12430684417,6.28889441024194,1.10882490114132e-29,0.980182314283673,8.69866471206646,243.990974298395,0.986977800770721,7.27519123682058,255.008416037688,TRUE,5.94938762622776,0.155642679486706,8.31631574048415,2026-06-08 22:01:26,2026-06-08 22:02:00,"Time changed"
"14","2026-06-08 23:00:31","Collar_14_2026-06-08 23:00:31",2026-06-08 23:01:43,NA,NA,NA,NA,NA,256.826740922416,4.55248412821189,0.150102097781816,5477.61794406294,6.48399366049692,1.11706159204002e-25,0.965367545126787,8.96852183683863,231.367386482988,0.985074138144045,6.07470319211917,256.832899404048,TRUE,4.55715997040523,0.162597350291724,9.69351371607107,2026-06-08 23:01:26,2026-06-08 23:02:00,"Time changed"
"15","2026-06-08 00:03:27","Collar_15_2026-06-08 00:03:27",2026-06-08 00:04:54,NA,NA,NA,NA,NA,854.243507642141,5.50132829743236,0.0297688056629833,5514.28237860862,1.7863763959346,2.93330631067476e-157,0.996266011463517,6.36802000137227,856.92333829905,0.996303738785189,6.38585375749229,854.93249964872,TRUE,5.48388290250423,0.031812860926013,4.89960579899609,2026-06-08 00:04:22,2026-06-08 00:05:26,"Time changed"
"15","2026-06-08 01:03:28","Collar_15_2026-06-08 01:03:28",2026-06-08 01:04:55,NA,NA,NA,NA,NA,1239.2158401016,5.25832299434619,0.0219276404324697,5856.15052971479,1.31584114359728,7.29616506310286e-241,0.996655035922711,5.74487440430033,1198.84833757941,0.997335729463302,5.1538994492248,1239.2519547307,TRUE,5.25624878655324,0.0215479558863861,6.05562591458291,2026-06-08 01:04:23,2026-06-08 01:05:27,"Time changed"
"15","2026-06-08 02:03:29","Collar_15_2026-06-08 02:03:29",2026-06-08 02:04:56,1608.37690772919,3.17904954065039,8.68851445121435e-146,0.967672827286258,14.8036665417016,1128.60062256378,4.35988588406477,0.0165125252386563,4856.63348485726,0.990889109141837,6.59046503105343e-249,0.997239209833189,4.32615556088064,1119.3087859553,0.997421123944999,4.20303143217059,1128.71720898925,TRUE,4.36293533888756,0.0171804368892105,3.77861588132348,2026-06-08 02:04:24,2026-06-08 02:05:28,"Time changed"
"15","2026-06-08 03:03:29","Collar_15_2026-06-08 03:03:29",2026-06-08 03:04:56,NA,NA,NA,NA,NA,1124.63517887437,3.54001643448536,0.0163454797948523,4609.60878962845,0.980864990564884,2.35180584703842e-232,0.99590212452001,4.28239092977861,1127.1368308461,0.995933491260547,4.28824665590386,1124.88900512418,TRUE,3.53308489842788,0.0174838058701474,4.61039022382362,2026-06-08 03:04:24,2026-06-08 03:05:28,"Time changed"
"15","2026-06-08 04:03:27","Collar_15_2026-06-08 04:03:27",2026-06-08 04:04:54,NA,NA,NA,NA,NA,1143.21111368631,2.90356182259983,0.017142864039914,4556.25684600436,1.02871468967591,7.3740823274854e-212,0.993317331336638,4.49129951499349,1133.05040729646,0.993785418403441,4.35376488254091,1143.30947258298,TRUE,2.89863029197992,0.0174301209676771,5.45422533771582,2026-06-08 04:04:22,2026-06-08 04:05:26,"Time changed"
"15","2026-06-08 05:03:29","Collar_15_2026-06-08 05:03:29",2026-06-08 05:04:56,NA,NA,NA,NA,NA,1187.65710920424,3.00568881063081,0.0192122113970238,4639.97739203944,1.15289277446644,2.98281030711469e-205,0.992176288328563,5.0334527257814,1168.71301706107,0.993044747919265,4.77065470481168,1187.67993416241,TRUE,3.00857039113493,0.0199084155497539,5.59579583467637,2026-06-08 05:04:24,2026-06-08 05:05:28,"Time changed"
"15","2026-06-08 06:03:27","Collar_15_2026-06-08 06:03:27",2026-06-08 06:04:54,NA,NA,NA,NA,NA,1280.13747127669,3.12912533535111,0.0243534913369739,4566.76086775355,1.46141241188808,6.6063604738345e-189,0.988444568375831,6.38042882306482,1184.35700931507,0.993072763777311,4.96590894289075,1281.33603365181,TRUE,3.13866274510471,0.0226723343634419,6.00029446924552,2026-06-08 06:04:22,2026-06-08 06:05:26,"Time changed"
"15","2026-06-08 07:03:27","Collar_15_2026-06-08 07:03:27",2026-06-08 07:04:54,NA,NA,NA,NA,NA,1137.01072355777,2.16050580477561,0.0168724743908126,4493.4827662872,1.01248905763921,1.26845264311684e-188,0.988366192563085,4.4204594910021,1123.78128819368,0.989350007213735,4.25150904344777,1137.10487753603,TRUE,2.16162641896659,0.0179374285677696,4.69394274384095,2026-06-08 07:04:22,2026-06-08 07:05:26,"Time changed"
"15","2026-06-08 08:03:28","Collar_15_2026-06-08 08:03:28",2026-06-08 08:04:55,NA,NA,NA,NA,NA,1148.86664311474,1.84499230592256,0.0173932700656038,4455.84615467719,1.04374113778929,4.59623625512057e-173,0.983136623153614,4.55690398219997,1091.30489621738,0.987701922444927,3.911813937378,1148.92491703457,TRUE,1.84378085848574,0.0171668926481165,4.07135646254616,2026-06-08 08:04:23,2026-06-08 08:05:27,"Time changed"
"15","2026-06-08 09:03:27","Collar_15_2026-06-08 09:03:27",2026-06-08 09:04:54,NA,NA,NA,NA,NA,409.046122045259,3.45668622379382,0.03608179987952,4613.72250110877,2.16520865355909,5.77041871002203e-70,0.99318248548879,5.45778223682902,375.344992879115,0.996182951070674,4.1502321346007,409.404286745257,TRUE,3.43609349448144,0.0364201547790857,4.85598290690397,2026-06-08 09:04:22,2026-06-08 09:05:26,"Time changed"
"15","2026-06-08 10:03:29","Collar_15_2026-06-08 10:03:29",2026-06-08 10:04:56,NA,NA,NA,NA,NA,397.841155921037,3.27426440128968,0.0331020936496108,4473.05824371963,1.98640145060342,7.79913839073449e-71,0.993602114114022,5.00706781052907,387.844429481663,0.994841564413752,4.56908872386348,397.994940233777,TRUE,3.26461881555972,0.0352658967412381,5.18708299909057,2026-06-08 10:04:24,2026-06-08 10:05:28,"Time changed"
"15","2026-06-08 11:03:29","Collar_15_2026-06-08 11:03:29",2026-06-08 11:04:56,NA,NA,NA,NA,NA,398.193684631395,3.08476662920594,0.0331919803807676,4453.05814676122,1.99179540347691,3.85448002075855e-69,0.992758875245006,5.0206642000183,383.157812066329,0.994597201990376,4.40730273603801,398.359224650972,TRUE,3.09801263860272,0.0358330147464963,5.03088412646084,2026-06-08 11:04:24,2026-06-08 11:05:28,"Time changed"
"15","2026-06-08 12:03:31","Collar_15_2026-06-08 12:03:31",2026-06-08 12:04:58,523.102329851855,2.43423803011713,1.78583016651557e-45,0.959179916123723,13.1234140668781,398.975713015257,3.39809183688947,0.0333922519290703,4496.67749321688,2.00381336518876,1.31808780628899e-71,0.99395317129791,5.05095754742664,394.047243800438,0.99472924883581,4.7923827836625,399.050654005376,TRUE,3.38909205402071,0.0350714500190905,4.97786634073294,2026-06-08 12:04:26,2026-06-08 12:05:30,"Time changed"
"15","2026-06-08 13:03:29","Collar_15_2026-06-08 13:03:29",2026-06-08 13:04:56,NA,NA,NA,NA,NA,392.712483539202,4.11458317465432,0.0318215968858168,4384.57462089885,1.90956097471034,3.96340204258794e-78,0.996245955910677,4.81337812445222,388.954848055656,0.996668290803578,4.60828358043162,392.713446563255,TRUE,4.11494882804994,0.0334539132620027,4.98720570648005,2026-06-08 13:04:24,2026-06-08 13:05:28,"Time changed"
"15","2026-06-08 14:03:29","Collar_15_2026-06-08 14:03:29",2026-06-08 14:04:56,NA,NA,NA,NA,NA,385.811306403535,2.99438843043528,0.0301763718371474,4435.17437710173,1.8108337625334,6.3896252696848e-71,0.993642469275482,4.56451914080405,381.385657159346,0.994415389564779,4.34763020866088,385.892703256474,TRUE,2.99975319349398,0.0307587128134074,4.98459839894315,2026-06-08 14:04:24,2026-06-08 14:05:28,"Time changed"
"15","2026-06-08 15:03:30","Collar_15_2026-06-08 15:03:30",2026-06-08 15:04:57,NA,NA,NA,NA,NA,386.995667918055,2.53237969527186,0.0304525490058052,4427.51638721706,1.82740669396947,4.01411654852727e-66,0.990971999199749,4.60629407582258,373.554722992962,0.993096636766608,4.09346975764351,387.720753845983,TRUE,2.51076281006481,0.0293226261826708,4.50031106163864,2026-06-08 15:04:25,2026-06-08 15:05:29,"Time changed"
"15","2026-06-08 16:03:28","Collar_15_2026-06-08 16:03:28",2026-06-08 16:04:55,NA,NA,NA,NA,NA,385.602920539138,3.14419358017606,0.0301280388215657,4361.78290856347,1.80793337885133,2.7174547092766e-72,0.994248795712121,4.55720822297913,388.513412701622,0.994344392022909,4.59266196984036,385.603925731352,TRUE,3.14330835198289,0.0325952185378704,5.52915477132079,2026-06-08 16:04:23,2026-06-08 16:05:27,"Time changed"
"15","2026-06-08 17:03:29","Collar_15_2026-06-08 17:03:29",2026-06-08 17:04:56,NA,NA,NA,NA,NA,402.74107610143,3.58378507579439,0.0343735793224805,4459.03683251643,2.06270118595383,2.8876760293375e-72,0.994237693227287,5.1993944667087,387.95637762697,0.995683941874445,4.57302504162112,402.74670909436,TRUE,3.58144930249509,0.0343431018924252,5.09642746115193,2026-06-08 17:04:24,2026-06-08 17:05:28,"Time changed"
"15","2026-06-08 18:03:28","Collar_15_2026-06-08 18:03:28",2026-06-08 18:04:55,NA,NA,NA,NA,NA,399.7704032344,3.89466588237803,0.0335970040086955,4563.74497947408,2.01610019611513,3.75046016242356e-75,0.995333728963084,5.08192862611073,371.710647446474,0.997150529329369,4.03581298782642,399.822110736271,TRUE,3.8888564132303,0.0350040825751528,5.60195615407063,2026-06-08 18:04:23,2026-06-08 18:05:27,"Time changed"
"15","2026-06-08 19:03:30","Collar_15_2026-06-08 19:03:30",2026-06-08 19:04:57,539.466746889834,3.46575208099487,5.22913597602997e-51,0.972753929864491,14.8838703423797,416.064048240077,4.72191493987027,0.0380831766699586,4858.93284210274,2.28530793796728,5.5135702908218e-77,0.995918738061078,5.76051321844663,397.09542467583,0.997133640379008,4.90608014855978,416.105298057169,TRUE,4.7243073929817,0.0404772726233762,6.31428969265038,2026-06-08 19:04:25,2026-06-08 19:05:29,"Time changed"
"15","2026-06-08 20:03:28","Collar_15_2026-06-08 20:03:28",2026-06-08 20:04:55,535.687856759063,4.62533537884835,2.7244859096213e-56,0.981479845891965,14.4574479902039,420.441008224246,5.5657999067789,0.0393872259927651,4879.84262776049,2.36356176365881,1.5013967307986e-80,0.996854945838853,5.95776549670678,389.673449180215,0.998157827489052,4.63382732805194,420.633145363447,TRUE,5.55003460644827,0.0416130845800717,5.2654685963596,2026-06-08 20:04:23,2026-06-08 20:05:27,"Time changed"
"15","2026-06-08 21:03:29","Collar_15_2026-06-08 21:03:29",2026-06-08 21:04:56,460.41084387548,4.31896197554979,6.23459478682471e-65,0.990150764911008,8.1023631687703,470.0124326036,4.25950634535571,0.0576713317193897,5225.70229395536,3.4607604642244,6.5455716769671e-63,0.988582919245014,8.72344425398287,401.896670802111,0.996235416287508,5.09066232586728,470.3913628958,TRUE,4.22640071202516,0.0613482813847206,8.76075076190598,2026-06-08 21:04:24,2026-06-08 21:05:28,"Time changed"
"15","2026-06-08 22:03:31","Collar_15_2026-06-08 22:03:31",2026-06-08 22:04:58,524.282678484464,3.49777529903353,2.51607263280282e-52,0.975254909169578,13.2431120640436,397.699837358198,4.40981106598951,0.0330661290449341,5132.82853862065,1.98424327463858,5.68641346593024e-79,0.996470349724167,5.00162775539837,395.747499599353,0.996779217421026,4.85547351361485,397.771828938245,TRUE,4.40360025515725,0.0348707916014565,5.10695189688675,2026-06-08 22:04:26,2026-06-08 22:05:30,"Time changed"
"15","2026-06-08 23:03:29","Collar_15_2026-06-08 23:03:29",2026-06-08 23:04:56,NA,NA,NA,NA,NA,428.611791364462,4.73298543022625,0.0419422523593352,5184.23575182863,2.51688463606101,2.0269479837235e-74,0.995076993630141,6.34424226795043,395.10873453767,0.997235252558299,4.83167428625922,428.802280357401,TRUE,4.75058992885725,0.0444248078992156,6.53630693054776,2026-06-08 23:04:24,2026-06-08 23:05:28,"Time changed"
"16","2026-06-08 00:06:27","Collar_16_2026-06-08 00:06:27",2026-06-08 00:07:54,1045.60480286745,4.23116156152224,1.51191762845975e-111,0.980663720071995,13.2937442986516,917.088420150508,5.03796097371227,0.0379083823328714,5452.18947715753,2.27481882122372,5.00331744563886e-139,0.992804933657233,8.10920463683797,872.856814925604,0.995035149366838,6.78943546472984,917.239191084714,TRUE,5.02782269895579,0.0411759060137781,7.49730799552352,2026-06-08 00:07:22,2026-06-08 00:08:26,"Time changed"
"16","2026-06-08 01:06:28","Collar_16_2026-06-08 01:06:28",2026-06-08 01:07:55,NA,NA,NA,NA,NA,1229.93032159969,4.38878139760097,0.0214117307862926,5627.68676520868,1.28488226587812,9.27238317329644e-228,0.995427197325256,5.60971001530088,1169.63173814257,0.996711636685314,4.78190615992743,1231.48059525266,TRUE,4.41267925757074,0.0209659845669094,5.43743876081889,2026-06-08 01:07:23,2026-06-08 01:08:27,"Time changed"
"16","2026-06-08 02:06:27","Collar_16_2026-06-08 02:06:27",2026-06-08 02:07:54,NA,NA,NA,NA,NA,1949.59094014724,5.6467525390138,0.13553400614929,4615.32570887154,8.13316974058549,2.02861751608385e-98,0.899938049845306,35.5088749853074,1388.91563486598,0.994470935133097,8.39054643009949,1949.59692553464,TRUE,5.63775342299145,0.136888966218367,51.0081684958319,2026-06-08 02:07:22,2026-06-08 02:08:26,"Time changed"
"16","2026-06-08 03:06:29","Collar_16_2026-06-08 03:06:29",2026-06-08 03:07:56,NA,NA,NA,NA,NA,1452.25951973918,2.45293783102113,0.0378644927593574,4574.53627010404,2.27218508109183,6.75301551843765e-133,0.956033526227816,9.92020805681132,1307.84083648215,0.979461402286621,6.81565075129916,1452.89746022598,TRUE,2.4709575096932,0.0375335228592385,9.69433811922147,2026-06-08 03:07:24,2026-06-08 03:08:28,"Time changed"
"16","2026-06-08 04:06:27","Collar_16_2026-06-08 04:06:27",2026-06-08 04:07:54,NA,NA,NA,NA,NA,1356.62543753579,1.90667226518265,0.0296303214714859,4603.96326213561,1.77806619048995,2.32955273883019e-132,0.955465855997881,7.76291803657406,1306.82665700164,0.966203238182527,6.79794994783188,1356.64993312187,TRUE,1.90343155188156,0.0303074229338463,10.0849263418378,2026-06-08 04:07:22,2026-06-08 04:08:26,"Time changed"
"16","2026-06-08 05:06:29","Collar_16_2026-06-08 05:06:29",2026-06-08 05:07:56,NA,NA,NA,NA,NA,1348.13993142207,2.070289256327,0.0289925964646162,4584.59213901714,1.73979737607172,9.84658533742934e-141,0.963530084814757,7.59583895297494,1333.05317005935,0.966930650655122,7.27081622182926,1349.29817933701,TRUE,2.09899145619747,0.0255473112555679,6.06759344101612,2026-06-08 05:07:24,2026-06-08 05:08:28,"Time changed"
"16","2026-06-08 06:06:27","Collar_16_2026-06-08 06:06:27",2026-06-08 06:07:54,1364.84537023998,2.47612856307443,1.84470980869077e-146,0.968187731918718,7.92827155964656,1339.00923860401,2.32399176274833,0.0283217049543279,4556.75705637867,1.69953829508003,5.15644133686361e-152,0.972135345514431,7.42007049866327,1261.99704281713,0.981608072169745,6.05977917585933,1339.64060778112,TRUE,2.34476899373574,0.0303899040348133,7.88018291535654,2026-06-08 06:07:22,2026-06-08 06:08:26,"Time changed"
"16","2026-06-08 07:06:27","Collar_16_2026-06-08 07:06:27",2026-06-08 07:07:54,1295.62696987493,2.0267096709019,1.2415984239305e-154,0.973822741185678,6.63893774028015,1227.07611595969,2.15570704929342,0.0212556015592726,4521.31704208697,1.27551321127037,2.28728502611472e-169,0.981581636024044,5.56880534966517,1186.06652159003,0.985377962969191,4.98772411037787,1227.12572543148,TRUE,2.15116071429815,0.0222454427762378,5.8001645629991,2026-06-08 07:07:22,2026-06-08 07:08:26,"Time changed"
"16","2026-06-08 08:06:28","Collar_16_2026-06-08 08:06:28",2026-06-08 08:07:55,NA,NA,NA,NA,NA,1258.03814281696,1.52004251503239,0.0230118724419863,4478.8105859609,1.38090409880765,1.85689069623499e-134,0.95764036603591,6.02893491409286,1260.55692193989,0.957960911034134,6.03744399144386,1258.55660985684,TRUE,1.53235772788042,0.0247563113505157,5.32786318071436,2026-06-08 08:07:23,2026-06-08 08:08:27,"Time changed"
"16","2026-06-08 09:06:27","Collar_16_2026-06-08 09:06:27",2026-06-08 09:07:54,484.776380918297,2.49666633951289,1.38006189316427e-35,0.915962509418812,9.77260415288391,498.167982467407,1.67512942005109,0.071617635694802,4666.15166058833,4.29765491387928,9.17960167779422e-33,0.896736119882826,10.832981205038,430.488668716687,0.965721135056592,6.34296541743872,503.890081894657,TRUE,1.82740824532191,0.0480662910567128,6.61655134982361,2026-06-08 09:07:22,2026-06-08 09:08:26,"Time changed"
"16","2026-06-08 10:06:29","Collar_16_2026-06-08 10:06:29",2026-06-08 10:07:56,472.822334662132,1.59262302635132,1.10427857667823e-38,0.932967727173118,8.91405080892474,423.001916913019,1.77829752180198,0.0401708194598295,4518.37114664764,2.41058390117483,3.54530597030852e-49,0.968853364741023,6.07629291273702,421.126784879922,0.971545122831072,5.90223976170549,423.254362514577,TRUE,1.75842380030911,0.0370613796250391,5.31105323826365,2026-06-08 10:07:24,2026-06-08 10:08:28,"Time changed"
"16","2026-06-08 11:06:29","Collar_16_2026-06-08 11:06:29",2026-06-08 11:07:56,NA,NA,NA,NA,NA,433.812995117279,2.09706560474706,0.0436543523710795,4476.3105637058,2.61962490327511,2.38312477485928e-51,0.97342495013873,6.6032168496779,433.835978600545,0.97500219725051,6.50840831669393,434.151085246341,TRUE,2.10802533077467,0.0425464199859173,5.95041160599888,2026-06-08 11:07:24,2026-06-08 11:08:28,"Time changed"
"16","2026-06-08 12:06:31","Collar_16_2026-06-08 12:06:31",2026-06-08 12:07:58,NA,NA,NA,NA,NA,440.674011638005,2.05241044337286,0.0460201819424867,4398.55267309177,2.76159439143704,2.25340383075641e-49,0.969298039075713,6.96107545577032,421.309133213523,0.978568391644847,5.9105245214327,440.951509291757,TRUE,2.03259707808202,0.0491255441465208,6.6792818752116,2026-06-08 12:07:26,2026-06-08 12:08:30,"Time changed"
"16","2026-06-08 13:06:29","Collar_16_2026-06-08 13:06:29",2026-06-08 13:07:56,NA,NA,NA,NA,NA,438.573072863145,2.43138211835287,0.045282424209297,4385.48378325312,2.71732277989143,2.53171491407308e-54,0.978615189655932,6.84948121532968,401.432217164451,0.988644018250583,5.07250726407792,438.613850324505,TRUE,2.42238112578643,0.0485941987467453,7.10892064029373,2026-06-08 13:07:24,2026-06-08 13:08:28,"Time changed"
"16","2026-06-08 14:06:29","Collar_16_2026-06-08 14:06:29",2026-06-08 14:07:56,NA,NA,NA,NA,NA,431.737181400545,2.64847026086586,0.0429628242819808,4373.42989712055,2.57812745559524,4.94829672139189e-58,0.983692205702704,6.49861536822316,432.804596303833,0.984411608892199,6.45697678391881,431.746280016091,TRUE,2.64548413349001,0.0442643760036194,7.75360719427569,2026-06-08 14:07:24,2026-06-08 14:08:28,"Time changed"
"16","2026-06-08 15:06:30","Collar_16_2026-06-08 15:06:30",2026-06-08 15:07:57,NA,NA,NA,NA,NA,478.985283266649,1.9541915628261,0.0617925080161753,4427.53926639326,3.70806538278273,2.26446241703415e-40,0.940741811181035,9.34681899866139,442.934923923791,0.967999721564382,6.98026453619257,479.064965300182,TRUE,1.96549466210264,0.0698551702879003,8.96332103013438,2026-06-08 15:07:25,2026-06-08 15:08:29,"Time changed"
"16","2026-06-08 16:06:28","Collar_16_2026-06-08 16:06:28",2026-06-08 16:07:55,NA,NA,NA,NA,NA,494.524872621676,1.8657353184699,0.0696384899031977,4481.60530298265,4.1788896746466,3.82396445277747e-36,0.919313169629806,10.5336129146095,445.318800248574,0.964411576231547,7.10944602175599,494.529973969345,TRUE,1.86196834122826,0.0733279872444174,12.7262972352263,2026-06-08 16:07:23,2026-06-08 16:08:27,"Time changed"
"16","2026-06-08 17:06:29","Collar_16_2026-06-08 17:06:29",2026-06-08 17:07:56,504.947375318983,2.16969132646436,1.9330562002133e-44,0.955975969676894,11.4129020220851,442.514261460945,2.83011321409222,0.0466762656841343,4539.03784587239,2.80096488292078,1.38138866501696e-57,0.983152097226468,7.06031557691153,441.174397356226,0.984480854905572,6.8863714288037,442.530510645433,TRUE,2.83558810689528,0.048282900423862,8.22939176545634,2026-06-08 17:07:24,2026-06-08 17:08:28,"Time changed"
"16","2026-06-08 18:06:28","Collar_16_2026-06-08 18:06:28",2026-06-08 18:07:55,477.676558776968,2.46510551456714,4.88845647456132e-50,0.970751249844058,9.2531955794133,426.606086821594,2.82010942034909,0.0413001128278242,4563.55816699548,2.47835091337914,8.65294384822446e-61,0.986668398433347,6.24711136704336,421.751585335626,0.988366205579845,5.93067513242391,426.791915681449,TRUE,2.80808709149123,0.0439505350425339,5.59239435783628,2026-06-08 18:07:23,2026-06-08 18:08:27,"Time changed"
"16","2026-06-08 19:06:30","Collar_16_2026-06-08 19:06:30",2026-06-08 19:07:57,490.450356854342,2.63038057934145,1.37607640183914e-49,0.969774777352046,10.2085841033301,410.845010156978,3.0675086486328,0.0365845558706578,4921.7404889106,2.19537820236971,2.39806743253448e-66,0.991118423088818,5.53382979341026,391.890011259021,0.993760966440337,4.71351371171238,410.849272524958,TRUE,3.0679777450229,0.036060154998681,5.83615699127559,2026-06-08 19:07:25,2026-06-08 19:08:29,"Time changed"
"16","2026-06-08 20:06:26","Collar_16_2026-06-08 20:06:26",2026-06-08 20:07:53,533.072256817285,3.49310466607332,4.6157741535869e-52,0.974773818505937,14.1694709072129,461.269750144047,4.66173497560005,0.0539203951965845,4853.12181999509,3.23567301722211,3.53723882391031e-67,0.991641922349502,8.15607248223101,457.753975068244,0.992554564607036,7.82308921112453,461.361395798732,TRUE,4.65364999297749,0.0580235949301723,7.31722474293205,2026-06-08 20:07:21,2026-06-08 20:08:25,"Time changed"
"16","2026-06-08 21:06:28","Collar_16_2026-06-08 21:06:28",2026-06-08 21:07:55,522.825117424565,3.11975092946996,9.28344224971528e-49,0.967887355187851,13.0954594714158,457.43917634423,3.8120604187394,0.0523547591594386,5184.13746419802,3.1417218089323,1.59156767800234e-62,0.98825635413501,7.91925224096239,450.677744461861,0.990048216051845,7.4086406409104,457.512634357215,TRUE,3.82590085504324,0.0509227152111893,6.8761573147312,2026-06-08 21:07:23,2026-06-08 21:08:27,"Time changed"
"16","2026-06-08 22:06:29","Collar_16_2026-06-08 22:06:29",2026-06-08 22:07:56,542.46663542078,3.86467695638943,1.26918946301729e-52,0.975786483056893,15.2313250364764,456.110109908673,5.11981104940104,0.0518222324788014,4856.26942244431,3.10976577067985,8.40677313852805e-71,0.993586859441681,7.83870152930376,447.748189971526,0.994697567306653,7.24355377354351,456.367783039181,TRUE,5.11900386723651,0.0507923501615883,5.75871021064579,2026-06-08 22:07:24,2026-06-08 22:08:28,"Time changed"
"16","2026-06-08 23:06:29","Collar_16_2026-06-08 23:06:29",2026-06-08 23:07:56,430.458315149714,5.05659975331021,2.15142177672492e-68,0.992352667821121,6.43499910031885,532.989888384381,3.78915041167272,0.0936160803154771,4904.35421567783,5.61774489876281,8.28773216731417e-47,0.962968619632935,14.1604959268503,429.621585556299,0.992901058930983,6.30079943687793,534.599810588264,TRUE,3.68697490650579,0.082283536994965,14.6197157069325,2026-06-08 23:07:24,2026-06-08 23:08:28,"Time changed"
"29","2026-06-08 00:30:31","Collar_29_2026-06-08 00:30:31",2026-06-08 00:31:28,641.517375485832,5.7858673381774,1.81331616472483e-44,0.956065184776949,32.6316584288397,588.192740268807,8.08975904268584,0.143142335612625,4685.86795839333,8.5897329067288,1.07182083342753e-55,0.980657049073301,21.6519048177592,519.232526720802,0.993704322819246,12.5533988313155,588.231943524912,TRUE,8.09028264013446,0.156692964690957,24.1602154286525,2026-06-08 00:30:56,2026-06-08 00:32:00,NA
"29","2026-06-08 01:30:31","Collar_29_2026-06-08 01:30:31",2026-06-08 01:31:28,NA,NA,NA,NA,NA,1259.56582886919,9.15513085430877,0.14151320865769,4730.82329490122,8.49197171431738,1.22183878375152e-99,0.970324913323407,30.2719213324405,1131.18919200203,0.989280912408375,18.337604857114,1263.56170279178,TRUE,9.21681581163052,0.107523552660412,24.4188486954449,2026-06-08 01:30:56,2026-06-08 01:32:00,NA
"29","2026-06-08 02:30:31","Collar_29_2026-06-08 02:30:31",2026-06-08 02:31:28,NA,NA,NA,NA,NA,1216.0747845757,6.7854661830196,0.119715705704306,5370.76668219444,7.18393990386893,1.55768852146912e-92,0.961683569434673,25.6090894956992,917.61772563066,0.996259250323648,8.06493090939249,1216.32451153468,TRUE,6.82296199584073,0.12588623429222,30.2893465966895,2026-06-08 02:30:56,2026-06-08 02:32:00,NA
"29","2026-06-08 03:30:31","Collar_29_2026-06-08 03:30:31",2026-06-08 03:31:28,NA,NA,NA,NA,NA,1201.85130143106,5.75872468231322,0.113342488713527,4207.45415907361,6.80149377796831,1.03434675931632e-86,0.952758294809983,24.245757230044,1102.10508046011,0.97873145472977,16.3968934673226,1202.86005072233,TRUE,5.68260479098194,0.110781242884102,24.5172224806374,2026-06-08 03:30:56,2026-06-08 03:32:00,NA
"29","2026-06-08 04:30:31","Collar_29_2026-06-08 04:30:31",2026-06-08 04:31:28,NA,NA,NA,NA,NA,1304.99773357865,7.20577259811835,0.168532929022813,3814.10243189772,10.1133800849269,1.18812197925503e-77,0.934562492420326,36.0518683570046,1184.1524651447,0.974953167166656,22.4807358568345,1305.4506793472,TRUE,7.11295508458053,0.166364422544993,45.0847732562582,2026-06-08 04:30:56,2026-06-08 04:32:00,NA
"29","2026-06-08 05:30:31","Collar_29_2026-06-08 05:30:31",2026-06-08 05:31:28,1368.18808122746,5.84628918494855,1.3118040416969e-71,0.918681088245569,45.9704357077055,1240.91833245307,8.39474322989684,0.131719138891312,3812.29212444594,7.90424591675374,7.85737378027263e-99,0.969449515677985,28.1768143646563,1096.79146486051,0.990223875907907,16.0651914721648,1240.98843471793,TRUE,8.42448892033128,0.134947702216919,36.8344911374103,2026-06-08 05:30:56,2026-06-08 05:32:00,NA
"29","2026-06-08 06:30:32","Collar_29_2026-06-08 06:30:32",2026-06-08 06:31:29,NA,NA,NA,NA,NA,1532.98959813199,11.0574490448739,0.405055033034465,3770.07044857169,24.3066772063023,3.24342342117895e-55,0.853415321871557,86.6477003216624,1331.22256311849,0.969892331013127,39.5795662505547,1548.02860369155,FALSE,9.73102195634077,0.307107002413611,67.7375373550879,2026-06-08 06:30:57,2026-06-08 06:32:01,NA
"29","2026-06-08 07:30:32","Collar_29_2026-06-08 07:30:32",2026-06-08 07:31:29,NA,NA,NA,NA,NA,1439.29514883547,12.9277010025236,0.282494667806125,3599.24142534752,16.9520340271412,3.36701417674355e-81,0.942399915607476,60.4300930052879,1341.96191445148,0.973582210854196,41.2486414934138,1442.20017800222,TRUE,12.6005205049959,0.275461737149154,55.2188071972689,2026-06-08 07:30:57,2026-06-08 07:32:01,NA
"29","2026-06-08 08:29:41","Collar_29_2026-06-08 08:29:41",2026-06-08 08:30:38,482.299148575271,0.475074008036788,1.1221191814689e-11,0.521576834459993,9.58814407420956,483.508566911062,0.520782669333233,0.0639803891693904,3980.03675529361,3.83935648305262,2.03302696796334e-11,0.512591753531792,9.67776088443711,463.648137079562,0.662347073081543,8.18594962387487,483.688484419192,TRUE,0.497576027170051,0.0664222639953203,9.48842805696564,2026-06-08 08:30:06,2026-06-08 08:31:10,NA
"29","2026-06-08 09:25:31","Collar_29_2026-06-08 09:25:31",2026-06-08 09:26:28,NA,NA,NA,NA,NA,422.104031717099,0.324673737859929,0.0398943232269639,4096.64754917917,2.39399182322761,2.0443401765364e-11,0.512507086740466,6.03446971563147,347.031761732108,0.855572263054764,3.33799451814315,423.252150160092,TRUE,0.355973531906009,0.0391154096204705,5.61923927272554,2026-06-08 09:25:56,2026-06-08 09:27:00,"Flux unusable, remove"
"29","2026-06-08 10:25:31","Collar_29_2026-06-08 10:25:31",2026-06-08 10:26:28,NA,NA,NA,NA,NA,403.976783891762,0.23481795015487,0.0347018732925981,3990.42849330984,2.08240155975401,5.08808231583833e-09,0.420894856486686,5.24905266016216,349.430958925463,0.764719350067818,3.40017039317544,404.121614360787,TRUE,0.22744414660525,0.035071197496191,4.83728312749837,2026-06-08 10:25:56,2026-06-08 10:27:00,"Flux unusable, remove"
"29","2026-06-08 11:25:31","Collar_29_2026-06-08 11:25:31",2026-06-08 11:26:28,365.017108246069,0.216749769400367,6.44899778094543e-15,0.621484320626337,3.88980023164466,354.257123935887,0.273423964446997,0.0236729902923822,3961.44277056286,1.42057667876429,3.36100487111646e-17,0.679231629031951,3.58080878287129,347.33085922509,0.728863361010259,3.34568325038404,354.538672525489,TRUE,0.282635690007023,0.0228969618704824,3.20403299590115,2026-06-08 11:25:56,2026-06-08 11:27:00,"Flux unusable, remove"
"29","2026-06-08 12:25:31","Collar_29_2026-06-08 12:25:31",2026-06-08 12:26:28,NA,NA,NA,NA,NA,332.692752146922,0.0262033335688699,0.0200545280296109,3898.62533812429,1.20343879123955,0.19609692372178,0.0263836873584042,3.03347524828231,333.952487844046,0.0665761507296857,3.01850110050642,332.693199433379,TRUE,0.026561117271215,0.0228862023726665,3.5051165904039,2026-06-08 12:25:56,2026-06-08 12:27:00,NA
"29","2026-06-08 13:25:31","Collar_29_2026-06-08 13:25:31",2026-06-08 13:26:28,333.58554595945,0.492987095527006,4.95016689963041e-08,0.37849641459686,3.05437977881102,332.001464360864,0.127524492132221,0.0199481691419119,3869.27103556528,1.19705637171509,2.25636235090237e-08,0.393459687413972,3.01738725793953,335.785164340898,0.395474712581139,3.06135581721511,332.011377334409,TRUE,0.127276430031772,0.0199036448637307,3.11892588221611,2026-06-08 13:25:56,2026-06-08 13:27:00,NA
"29","2026-06-08 14:25:31","Collar_29_2026-06-08 14:25:31",2026-06-08 14:26:28,339.465982655171,0.228943798944961,4.94687289361508e-11,0.498840469366564,3.1957144634023,337.693889638476,0.169547920247792,0.0208410636310319,3874.98621598298,1.25063748133305,2.06969134710006e-11,0.512318999147572,3.15244769556608,340.395654541143,0.521962750309643,3.17187597981214,337.73290044948,TRUE,0.169784805814979,0.0217703498050388,3.75923059745329,2026-06-08 14:25:56,2026-06-08 14:27:00,NA
"29","2026-06-08 15:25:31","Collar_29_2026-06-08 15:25:31",2026-06-08 15:26:28,NA,NA,NA,NA,NA,315.869832766999,0.186198524788228,0.0176202338626902,3906.22740505946,1.05736085684812,1.39153439283368e-15,0.639315941360012,2.66526059414092,311.665097785443,0.682087655267004,2.54293499008426,315.917722916476,TRUE,0.189500285468087,0.0163935742543255,2.63813936017556,2026-06-08 15:25:56,2026-06-08 15:27:00,NA
"29","2026-06-08 16:25:31","Collar_29_2026-06-08 16:25:31",2026-06-08 16:26:28,NA,NA,NA,NA,NA,304.543185101349,0.0967980722095821,0.0161499965173358,3898.07540846602,0.969134364999693,1.0880476824993e-07,0.363149523656606,2.44287048904109,303.772209995798,0.408219801279656,2.3931354272129,304.664154094313,TRUE,0.0977045433966856,0.015934244884336,2.43106074830367,2026-06-08 16:25:56,2026-06-08 16:27:00,NA
"29","2026-06-08 17:25:31","Collar_29_2026-06-08 17:25:31",2026-06-08 17:26:28,331.914191410903,0.211537988725671,1.92400184307779e-12,0.547296488696823,3.0153622739847,323.466704876578,0.182533142125334,0.0186805966105384,3946.74786363557,1.1209914574617,3.06551742652723e-14,0.602467743403533,2.82565250887703,321.100573045651,0.639556365881792,2.734365731067,323.527535102516,TRUE,0.185211299603259,0.0204059345199396,2.76315479002351,2026-06-08 17:25:56,2026-06-08 17:27:00,NA
"29","2026-06-08 18:25:31","Collar_29_2026-06-08 18:25:31",2026-06-08 18:26:28,NA,NA,NA,NA,NA,307.322100199221,0.272926989837664,0.0164989394652491,4077.27527446244,0.990073849530483,1.31065137482172e-24,0.812856929967491,2.4956520750248,309.22730754177,0.81879194878564,2.49569360660567,307.40515374245,TRUE,0.268284086733496,0.0174096950903547,2.36870351555145,2026-06-08 18:25:56,2026-06-08 18:27:00,NA
"29","2026-06-08 19:25:31","Collar_29_2026-06-08 19:25:31",2026-06-08 19:26:28,NA,NA,NA,NA,NA,347.202091260118,0.424061025224945,0.0224225077807054,4208.63504798083,1.34553730809964,1.14688194745356e-27,0.850240615817363,3.39165909348539,346.549787627373,0.860584874234297,3.32564183934001,347.243748143085,TRUE,0.428367799981463,0.0243352970397486,3.82833594551676,2026-06-08 19:25:56,2026-06-08 19:27:00,NA
"29","2026-06-08 20:25:31","Collar_29_2026-06-08 20:25:31",2026-06-08 20:26:28,464.556192392521,3.75190649214536,8.91929389399612e-39,0.933420153264959,8.36488899890053,512.891533194936,1.57749080495269,0.0802060890048075,4266.67075737354,4.81303367795437,1.38185508429881e-28,0.859946770941877,12.1320823605707,422.203718482231,0.967368210641269,5.95133761856941,512.891784494189,TRUE,1.57848958805062,0.0826491067962456,16.4926672533794,2026-06-08 20:25:56,2026-06-08 20:27:00,NA
"29","2026-06-08 21:25:31","Collar_29_2026-06-08 21:25:31",2026-06-08 21:26:28,455.947506058478,4.65702046719032,4.14539031940937e-64,0.989540337761694,7.82890301972353,511.242787253949,3.96734930750575,0.0791952857475426,4156.96825795294,4.75237705974288,1.81273369134566e-52,0.975511030269325,11.9791868819401,444.470388301802,0.991756568813528,7.06319910343361,512.118163185201,TRUE,4.02989441345155,0.0802503267637689,11.7848778681,2026-06-08 21:25:56,2026-06-08 21:27:00,NA
"29","2026-06-08 22:25:31","Collar_29_2026-06-08 22:25:31",2026-06-08 22:26:28,527.885111506167,3.32142203894938,8.13862027966203e-51,0.97236876471381,13.6152242430942,531.997744849898,4.23427444932609,0.0929043336824617,3993.89289188142,5.57503416997178,5.97736891077844e-50,0.970564008441271,14.0528361608806,461.177627917657,0.990689531555808,8.03185337344546,532.012416145047,TRUE,4.23888915602727,0.0940075632888424,14.7232945222029,2026-06-08 22:25:56,2026-06-08 22:27:00,NA
"29","2026-06-08 23:25:31","Collar_29_2026-06-08 23:25:31",2026-06-08 23:26:28,NA,NA,NA,NA,NA,438.488226665415,4.40119640275628,0.0452528796861307,4067.07057226061,2.71554986231419,2.24446729874477e-70,0.99338380089285,6.84501227048017,428.256111356126,0.994684827684244,6.23496441860208,439.077287878445,TRUE,4.41837193025133,0.0328874396884757,3.79584100479255,2026-06-08 23:25:56,2026-06-08 23:27:00,NA
"30","2026-06-08 00:33:31","Collar_30_2026-06-08 00:33:31",2026-06-08 00:34:28,NA,NA,NA,NA,NA,359.555350962273,0.0864207421074831,0.0246577275108773,4940.39982473388,1.47966911744769,0.00084725304378098,0.163165680989175,3.729761476944,356.349510648439,0.25097899819238,3.58602796897816,359.719931441814,TRUE,0.0765991017014514,0.0259474754963417,3.85582708545171,2026-06-08 00:33:56,2026-06-08 00:35:00,NA
"30","2026-06-08 01:33:31","Collar_30_2026-06-08 01:33:31",2026-06-08 01:34:28,736.163847464491,0.492891268741885,8.87975537958907e-23,0.530810519312294,4.04360269309343,743.070064952783,0.221918092977075,0.0194116012753769,5044.65588926132,1.16485782863457,2.72533838115153e-21,0.50521098134915,4.15244960042094,735.451778583149,0.54751255669682,4.00237080560928,743.07159758606,TRUE,0.221646835504664,0.0204423908430386,4.01118214131273,2026-06-08 01:33:56,2026-06-08 01:35:00,NA
"30","2026-06-08 02:33:31","Collar_30_2026-06-08 02:33:31",2026-06-08 02:34:28,NA,NA,NA,NA,NA,742.79093300759,0.409306863445456,0.0193907724657228,5614.88370191182,1.16360792649396,1.63560431422977e-43,0.776833069120804,4.14799398745535,740.33718596759,0.787641506758582,4.07828646180413,742.797110892363,TRUE,0.409402515476794,0.0203539402296308,3.88093348495676,2026-06-08 02:33:56,2026-06-08 02:35:00,NA
"30","2026-06-08 03:33:31","Collar_30_2026-06-08 03:33:31",2026-06-08 03:34:28,NA,NA,NA,NA,NA,1073.97206146128,-0.363307955075315,0.0693087303815442,4321.54001730793,4.15910135554218,6.37091739751918e-07,0.176728650176107,14.8262374492306,1074.51690015902,0.198321471168289,14.7461717745344,1074.32960408936,TRUE,-0.389792965356781,0.0646399670185634,12.4304534669136,2026-06-08 03:33:56,2026-06-08 03:35:00,NA
"30","2026-06-08 04:33:32","Collar_30_2026-06-08 04:33:32",2026-06-08 04:34:29,904.75616716075,0.558035001022632,1.29900725427868e-16,0.415379674350351,7.73355032705228,902.076918909117,0.34968177961802,0.0357816686767798,4039.52175967378,2.14719828047498,3.42639966673669e-17,0.427305154728744,7.65426683205988,896.914984684101,0.466277200833564,7.44765500267929,909.960916875363,TRUE,0.273355032201394,0.0313253104904901,5.37124123691075,2026-06-08 04:33:57,2026-06-08 04:35:01,NA
"30","2026-06-08 05:33:31","Collar_30_2026-06-08 05:33:31",2026-06-08 05:34:28,NA,NA,NA,NA,NA,808.077332055521,0.284722227246571,0.0249256860892314,4113.08676701612,1.49574886498204,2.87524660825185e-21,0.504799897635474,5.33199985787556,796.689107812095,0.56008084457272,5.06530866334051,808.229357269681,TRUE,0.276364994544339,0.0251093007311683,5.10093579511384,2026-06-08 05:33:56,2026-06-08 05:35:00,NA
"30","2026-06-08 06:33:31","Collar_30_2026-06-08 06:33:31",2026-06-08 06:34:28,NA,NA,NA,NA,NA,853.735786387127,0.0945934671964454,0.0297107306337146,4112.32386519173,1.7828914102535,0.00182519795495772,0.0733815057438351,6.35559683088469,834.357629772653,0.225893115215707,5.85498834770709,854.366107612213,TRUE,0.0900276339166633,0.0279905107580376,5.11710954805924,2026-06-08 06:33:56,2026-06-08 06:35:00,NA
"30","2026-06-08 07:33:30","Collar_30_2026-06-08 07:33:30",2026-06-08 07:34:27,915.925497330272,-0.301921616314308,2.34227670382427e-06,0.160395921622393,8.07301494249672,917.304518464467,-0.181335903101776,0.0379399028821176,4034.82888599158,2.2767103168315,4.74155182571149e-06,0.151442117035403,8.11594738259427,916.91819677367,0.179595620646876,8.04326141215098,917.504253858279,TRUE,-0.184125306617848,0.037821794765826,6.78440405144065,2026-06-08 07:33:55,2026-06-08 07:34:59,NA
"30","2026-06-08 08:32:40","Collar_30_2026-06-08 08:32:40",2026-06-08 08:33:37,NA,NA,NA,NA,NA,453.76158702032,0.061609879389075,0.0508944405669984,4069.81998992205,3.05409052490925,0.230592892966792,0.0227317702637953,7.69836245994968,394.8688303684,0.628636901165249,4.82276605613308,453.778188062491,TRUE,0.0551897909282849,0.052690183374058,9.27101568598254,2026-06-08 08:33:05,2026-06-08 08:34:09,"Flux unusable, remove"
"30","2026-06-08 09:28:31","Collar_30_2026-06-08 09:28:31",2026-06-08 09:29:28,NA,NA,NA,NA,NA,351.557044686725,0.198365284061615,0.0231863769960463,4107.68580424696,1.3913758261549,3.83028772206009e-12,0.537418871697486,3.50720299231165,349.787181727369,0.576711139358248,3.40950023330157,351.812682990757,TRUE,0.188659243136213,0.0218638067879381,3.48761912143681,2026-06-08 09:28:56,2026-06-08 09:30:00,NA
"30","2026-06-08 10:28:29","Collar_30_2026-06-08 10:28:29",2026-06-08 10:29:26,NA,NA,NA,NA,NA,372.839698835611,-0.0208384497196977,0.0273106744695809,3995.37229530602,1.63886804132617,0.448302302337041,0.0091565204094573,4.13104985044002,369.549479079754,0.114281346836957,3.96927474188663,372.894228242712,TRUE,-0.0263198480323672,0.0277541268266694,4.66056833669264,2026-06-08 10:28:54,2026-06-08 10:29:58,NA
"30","2026-06-08 11:28:29","Collar_30_2026-06-08 11:28:29",2026-06-08 11:29:26,NA,NA,NA,NA,NA,355.81875917501,-0.0100839777487271,0.0239590788431824,3968.09275898983,1.43774437571802,0.675272607668033,0.00280390660080173,3.62408292706396,354.325595248951,0.0836144155502239,3.53063095105364,355.852661564326,TRUE,-0.00875941770438123,0.026255593645426,4.13007370931456,2026-06-08 11:28:54,2026-06-08 11:29:58,NA
"30","2026-06-08 12:28:30","Collar_30_2026-06-08 12:28:30",2026-06-08 12:29:27,NA,NA,NA,NA,NA,319.347959528862,0.00740856676615153,0.0180980231529037,3891.79671896748,1.08603219556189,0.683665572102229,0.002652845287144,2.73753165350552,315.561914907494,0.11524249058842,2.62031473435762,319.37683777552,TRUE,0.0060417581977662,0.0203594650916677,2.84394802928939,2026-06-08 12:28:55,2026-06-08 12:29:59,NA
"30","2026-06-08 13:28:31","Collar_30_2026-06-08 13:28:31",2026-06-08 13:29:28,NA,NA,NA,NA,NA,329.405180332071,0.0509214147648861,0.0195537278512717,3870.91275523497,1.17338660749415,0.0114732591838316,0.0971851550544552,2.95772353061116,324.41493957357,0.213804026306207,2.80497500458823,329.581170045953,TRUE,0.0458790292377121,0.0206289038726695,2.71560642157628,2026-06-08 13:28:56,2026-06-08 13:30:00,NA
"30","2026-06-08 14:28:31","Collar_30_2026-06-08 14:28:31",2026-06-08 14:29:28,NA,NA,NA,NA,NA,343.830197190503,-0.172664228486459,0.0218483984052678,3887.1050363502,1.31108596166079,5.27698215590628e-11,0.497826938800364,3.30481852672535,347.584167585384,0.499724106692498,3.35220875617173,344.047862281236,TRUE,-0.164332799908831,0.0226937136195487,3.48190726959414,2026-06-08 14:28:56,2026-06-08 14:30:00,NA
"30","2026-06-08 15:28:29","Collar_30_2026-06-08 15:28:29",2026-06-08 15:29:26,357.287820942231,0.218189000980357,9.32073829082849e-09,0.40988997910358,3.66526905919954,364.736702676272,0.145610374542133,0.0256603472618227,3906.01006632412,1.53983465708887,3.76551970657266e-07,0.338237204921918,3.88141910725278,336.643338174936,0.596101702712035,3.08163170957736,364.764784162415,TRUE,0.146278412667242,0.0268161744328665,4.44790379995039,2026-06-08 15:28:54,2026-06-08 15:29:58,NA
"30","2026-06-08 16:28:31","Collar_30_2026-06-08 16:28:31",2026-06-08 16:29:28,331.166556387169,0.133785637860175,1.14128031060106e-08,0.406164495627842,2.99807057928267,323.629676569191,0.140134127536493,0.0187040298222674,3877.86928709561,1.12239764542864,2.76040698694742e-10,0.471178812353609,2.82919704842754,308.277770560635,0.607346036404785,2.47753114574624,323.711396215674,TRUE,0.141760384755544,0.0183303328901381,2.95874296347961,2026-06-08 16:28:56,2026-06-08 16:30:00,NA
"30","2026-06-08 17:28:30","Collar_30_2026-06-08 17:28:30",2026-06-08 17:29:27,382.032299349987,0.150073340980733,0.0059153688328122,0.114143942325596,4.43374184318327,380.93627728223,0.0887670345540318,0.0290657063895975,3950.43580324657,1.74418458077767,0.00330673814758209,0.128955909328255,4.39651837113795,381.843340669933,0.169432704286148,4.36296363578448,380.958553082718,TRUE,0.0889782168065577,0.0305033044269487,5.12791099971892,2026-06-08 17:28:55,2026-06-08 17:29:59,NA
"30","2026-06-08 18:28:31","Collar_30_2026-06-08 18:28:31",2026-06-08 18:29:28,NA,NA,NA,NA,NA,395.82242708878,-0.0177332390107152,0.0325920322604666,4093.26142987895,1.95579351703832,0.58829501460675,0.00467710046463823,4.92991522948658,371.200193837682,0.359195026803829,4.01999717211667,395.899030494068,TRUE,-0.00955296338560008,0.0357753372107563,4.98375467364666,2026-06-08 18:28:56,2026-06-08 18:30:00,NA
"30","2026-06-08 19:28:31","Collar_30_2026-06-08 19:28:31",2026-06-08 19:29:28,311.044253800434,-0.202631388012291,0.00556412821334159,0.115707108028591,2.56814024930233,313.219948534489,-0.0419292732541036,0.0172647036882323,4191.54366731512,1.03602608383492,0.0180227902087491,0.085606905780546,2.61148261529032,309.75709145661,0.184788674774368,2.50588496124743,313.225607884839,TRUE,-0.0430042003017684,0.0167711495439233,2.56613043742601,2026-06-08 19:28:56,2026-06-08 19:30:00,NA
"30","2026-06-08 20:28:30","Collar_30_2026-06-08 20:28:30",2026-06-08 20:29:27,349.034545885559,0.171180571184509,0.00859958930062786,0.104573141535885,3.4398057941068,351.980438853798,0.0478993167961717,0.0232620153075376,4288.54585878691,1.39591475511988,0.0436218591385217,0.0630574462240912,3.51864414641869,335.510895741635,0.316172342052869,3.05490390427542,351.994783348062,TRUE,0.048180959346802,0.0250239504900689,3.8606772115248,2026-06-08 20:28:55,2026-06-08 20:29:59,NA
"30","2026-06-08 21:28:29","Collar_30_2026-06-08 21:28:29",2026-06-08 21:29:26,313.788018788907,-0.191668904626295,0.814460453865193,0.000880746111611936,2.62291916613701,313.712296632965,-0.00622527880969515,0.0173302141561494,4257.48333562466,1.0399572577926,0.720635186856547,0.00204399862549085,2.62139181797194,315.08204080661,0.0416206179067135,2.61066009400312,313.72092291124,TRUE,-0.00561189085022432,0.0175845480784147,2.96556648650227,2026-06-08 21:28:54,2026-06-08 21:29:58,NA
"30","2026-06-08 22:28:30","Collar_30_2026-06-08 22:28:30",2026-06-08 22:29:27,NA,NA,NA,NA,NA,317.148220010192,0.0509572126094329,0.0177943615633815,4111.75444901932,1.06780996985302,0.00568104024485378,0.11517620156184,2.69159938752004,315.131834358761,0.19339930173958,2.61166023968275,317.170069204683,TRUE,0.0500091059557809,0.0172650982260447,2.59206318256832,2026-06-08 22:28:55,2026-06-08 22:29:59,NA
"30","2026-06-08 23:28:31","Collar_30_2026-06-08 23:28:31",2026-06-08 23:29:28,334.537107593077,-0.214741534526857,0.519769212729264,0.00660745246789496,3.07681896127456,334.570128653343,-0.0126544569177988,0.020346243960455,4189.49066667631,1.22094417788749,0.536215605898584,0.00610266464038298,3.07760059765173,338.500017227246,0.00717414143177349,3.12595982208517,334.995812629933,TRUE,-0.0231367011496874,0.0220520805468666,2.96491402438129,2026-06-08 23:28:56,2026-06-08 23:30:00,NA
"31","2026-06-08 00:36:32","Collar_31_2026-06-08 00:36:32",2026-06-08 00:37:29,374.053537604533,0.274142180766249,1.01918852307704e-10,0.487385381153962,4.16980301899452,369.020598210447,0.221554937795055,0.0265200204083504,4911.9712756131,1.59142220932599,8.58105704145863e-12,0.52557929292709,4.01145443931117,368.275474247685,0.558978958004181,3.93056568677192,369.164115831807,TRUE,0.215586412428389,0.0257285902652636,4.58029801159115,2026-06-08 00:36:57,2026-06-08 00:38:01,NA
"31","2026-06-08 01:36:32","Collar_31_2026-06-08 01:36:32",2026-06-08 01:37:29,NA,NA,NA,NA,NA,669.663964970793,0.373662777455808,0.0146368121783857,5063.57985112224,0.878330695668759,4.60080080097933e-52,0.835840283779673,3.13104643039778,671.502269986234,0.838547430802922,3.12966896974582,669.769662338698,TRUE,0.369308912028523,0.0148779958731592,2.94163916941399,2026-06-08 01:36:57,2026-06-08 01:38:01,NA
"31","2026-06-08 02:36:32","Collar_31_2026-06-08 02:36:32",2026-06-08 02:37:29,736.651716867168,0.498214053939,1.65140854494571e-44,0.784670520477138,4.05119731633698,730.825000099228,0.41146566542321,0.0185185788060398,5642.54841268991,1.11126903913716,9.32219793101882e-46,0.794108687612166,3.96141792078978,733.405466224048,0.796344685817344,3.97099405400618,730.834226281171,TRUE,0.411431211244894,0.0192633909782991,4.10060102745707,2026-06-08 02:36:57,2026-06-08 02:38:01,NA
"31","2026-06-08 03:36:30","Collar_31_2026-06-08 03:36:30",2026-06-08 03:37:27,NA,NA,NA,NA,NA,987.409288092204,-0.205324931213392,0.049681723749059,4224.57183176211,2.98131741056111,6.43246440067991e-05,0.117728674805784,10.6277092241582,960.739838964376,0.303142603158387,9.51985318434542,987.428114601687,TRUE,-0.2114727135557,0.0536571780918924,10.6648328431341,2026-06-08 03:36:55,2026-06-08 03:37:59,NA
"31","2026-06-08 04:36:30","Collar_31_2026-06-08 04:36:30",2026-06-08 04:37:27,NA,NA,NA,NA,NA,781.031867373317,-0.00355066333484001,0.0224631867227845,4047.60936921521,1.34797838359204,0.874653982514401,0.000195155827296722,4.80523216029207,768.592382156887,0.118960442577219,4.54646835946746,781.179170760579,TRUE,-0.00159014351087411,0.0223273250075833,4.82339771156787,2026-06-08 04:36:55,2026-06-08 04:37:59,NA
"31","2026-06-08 05:36:32","Collar_31_2026-06-08 05:36:32",2026-06-08 05:37:29,NA,NA,NA,NA,NA,801.91694499853,0.163474717964019,0.0243420436158243,4118.48691645587,1.46072545322805,5.50519999556532e-10,0.260547731821614,5.20714946964086,782.014990381234,0.384737783869195,4.78734588607565,801.990518086545,TRUE,0.160536887815892,0.0272657617993555,5.02251941421734,2026-06-08 05:36:57,2026-06-08 05:38:01,NA
"31","2026-06-08 06:36:32","Collar_31_2026-06-08 06:36:32",2026-06-08 06:37:29,NA,NA,NA,NA,NA,883.352538989128,0.157254829609191,0.0332953873137283,4107.75850517325,1.99800068111916,6.01318311595639e-06,0.148409202773789,7.12241178795113,884.876660098763,0.16447446987079,7.11068064359326,886.657372459995,TRUE,0.123228965367622,0.0237407591125332,4.60726402841043,2026-06-08 06:36:57,2026-06-08 06:38:01,NA
"31","2026-06-08 07:36:31","Collar_31_2026-06-08 07:36:31",2026-06-08 07:37:28,956.42135565054,0.161921794660109,2.43349529537148e-07,0.188633090172519,9.43362385225207,955.089947989586,0.245784878078696,0.0438744427049863,4007.15635289567,2.63283215726828,1.23851046790864e-07,0.196900376030415,9.38543963965046,958.955406411037,0.197731102168098,9.45474020506667,962.570402346831,TRUE,0.158173984709042,0.0316261142803555,5.71404162601794,2026-06-08 07:36:56,2026-06-08 07:38:00,NA
"31","2026-06-08 08:35:41","Collar_31_2026-06-08 08:35:41",2026-06-08 08:36:38,412.587016709525,0.282465525037925,1.08807571935702e-16,0.667133854551795,5.60848244918776,405.917226469472,0.426654637440052,0.0352237352498969,4054.97671153979,2.11371762573962,4.19786786850679e-18,0.699595984790615,5.32799021123035,408.975780848908,0.703915612312223,5.37555937155281,407.743496632444,TRUE,0.393440446922896,0.0295380897583495,4.08349391353547,2026-06-08 08:36:06,2026-06-08 08:37:10,NA
"31","2026-06-08 09:31:32","Collar_31_2026-06-08 09:31:32",2026-06-08 09:32:29,NA,NA,NA,NA,NA,462.996155443129,0.697968112157885,0.0546412360467484,4069.97237048627,3.27892947482193,3.83404885604662e-19,0.721443757195873,8.26510785188391,435.67840634206,0.827945985832178,6.60130561029829,463.047132160384,TRUE,0.706790110355006,0.0560689696642947,7.37292091603684,2026-06-08 09:31:57,2026-06-08 09:33:01,NA
"31","2026-06-08 10:31:30","Collar_31_2026-06-08 10:31:30",2026-06-08 10:32:27,NA,NA,NA,NA,NA,362.846061776835,-0.0417258053504197,0.0252898593899238,3984.39194000447,1.51760229759037,0.103940468300433,0.0414194830667715,3.82537860669675,352.33909698002,0.233166661073893,3.4770903534801,362.916014149374,TRUE,-0.0481526195918744,0.0257789350115174,3.67781006326595,2026-06-08 10:31:55,2026-06-08 10:32:59,NA
"31","2026-06-08 11:31:29","Collar_31_2026-06-08 11:31:29",2026-06-08 11:32:26,347.777694480834,-0.428735955949964,0.413546218999361,0.0106398944339115,3.40670969570716,348.418626352733,0.00519660429663617,0.022633321617614,3960.51721410975,1.35818789497415,0.81914663484959,0.000836062814589694,3.42354708183962,336.079659652122,0.222914682555018,3.06829871624415,348.454898212843,TRUE,0.00501598368559518,0.0225281160176575,3.69583942231422,2026-06-08 11:31:54,2026-06-08 11:32:58,NA
"31","2026-06-08 12:31:30","Collar_31_2026-06-08 12:31:30",2026-06-08 12:32:27,NA,NA,NA,NA,NA,332.898141059896,0.087065681140966,0.0200862375160971,3877.2461272689,1.2053416246561,5.36056139652052e-05,0.229722477633175,3.0382716684349,327.458528232275,0.333842548782897,2.87142048077814,333.021321837291,TRUE,0.0905243610279106,0.0219788203353171,2.59009984565862,2026-06-08 12:31:55,2026-06-08 12:32:59,NA
"31","2026-06-08 13:31:30","Collar_31_2026-06-08 13:31:30",2026-06-08 13:32:27,NA,NA,NA,NA,NA,356.998058772497,-0.143953407290138,0.024177413291285,3879.40314324887,1.45084626193158,1.27060216500791e-07,0.360085498381748,3.65710849331955,321.409944098064,0.651970704695795,2.74088066160277,357.256919500515,TRUE,-0.132355661169691,0.0245160476462234,3.53274507117522,2026-06-08 13:31:55,2026-06-08 13:32:59,NA
"31","2026-06-08 14:31:30","Collar_31_2026-06-08 14:31:30",2026-06-08 14:32:27,NA,NA,NA,NA,NA,292.102043274918,-0.0417381060359667,0.0146760768519295,3876.93435653067,0.880686903264285,0.00600130839009105,0.11377549336271,2.21992339119043,291.977463520875,0.168263870176915,2.18556763360444,292.213083064238,TRUE,-0.0453684803209056,0.0157401897119075,2.36068910107869,2026-06-08 14:31:55,2026-06-08 14:32:59,NA
"31","2026-06-08 15:31:28","Collar_31_2026-06-08 15:31:28",2026-06-08 15:32:25,353.377304970746,0.0642044026482089,0.4587552520324,0.00874409263662121,3.55665627076362,351.720670612972,0.0344059317513621,0.0232155791577886,3904.05957828479,1.39312819919389,0.143320150069025,0.0336886893847268,3.51162015110545,330.576735209522,0.343674880886658,2.94112763132212,351.900560917403,TRUE,0.0437635479467272,0.0228935196539884,2.85768435572069,2026-06-08 15:31:53,2026-06-08 15:32:57,NA
"31","2026-06-08 16:31:31","Collar_31_2026-06-08 16:31:31",2026-06-08 16:32:28,NA,NA,NA,NA,NA,312.642856398156,-0.0488852871917252,0.0171882325884319,3888.80546186889,1.03143718063197,0.00599867032835254,0.113786725500297,2.59991549248837,316.469943948575,0.116141089630483,2.63868127932916,312.683255316545,TRUE,-0.0516602619636385,0.018521426367988,2.86192137480741,2026-06-08 16:31:56,2026-06-08 16:33:00,NA
"31","2026-06-08 17:31:30","Collar_31_2026-06-08 17:31:30",2026-06-08 17:32:27,NA,NA,NA,NA,NA,353.50746319645,0.0858089056910956,0.0235368699820468,3965.64752660428,1.41240832588701,0.000541825583868737,0.174217718187697,3.56021903916945,347.317806218689,0.294033910879672,3.34534733474949,353.510135706889,TRUE,0.0855881050610065,0.0247351855873888,4.03966412113197,2026-06-08 17:31:55,2026-06-08 17:32:59,NA
"31","2026-06-08 18:31:30","Collar_31_2026-06-08 18:31:30",2026-06-08 18:32:27,NA,NA,NA,NA,NA,310.338029600226,0.0502367755458068,0.0168861804226548,4090.91569284316,1.01331153375874,0.00414994453896623,0.123182576608588,2.55422667013255,306.287826607065,0.22532041066729,2.43989571198795,310.412749399663,TRUE,0.0533049938876325,0.0178049862656202,2.32513644234256,2026-06-08 18:31:55,2026-06-08 18:32:59,NA
"31","2026-06-08 19:31:31","Collar_31_2026-06-08 19:31:31",2026-06-08 19:32:28,381.615714792173,0.537037603586774,1.87742343731259e-10,0.477506785103939,4.41955667283165,374.826081343329,0.233423251091398,0.0277311823712886,4160.99589563144,1.66410201941783,6.66011295979606e-12,0.529330523768899,4.19465644889271,374.02695228948,0.562829471655509,4.10836646183251,374.830086269571,TRUE,0.234804199441613,0.0276643918279387,5.11179154723524,2026-06-08 19:31:56,2026-06-08 19:33:00,NA
"31","2026-06-08 20:31:31","Collar_31_2026-06-08 20:31:31",2026-06-08 20:32:28,NA,NA,NA,NA,NA,358.447554745722,0.257390855904771,0.0244484991917948,4253.74361325408,1.46711367485448,1.61942737584122e-15,0.637589970994237,3.69811331617753,359.856300273569,0.651753419253134,3.68407869498597,359.46692267241,TRUE,0.278303373468093,0.0237222824989627,2.81982383283219,2026-06-08 20:31:56,2026-06-08 20:33:00,NA
"31","2026-06-08 21:31:29","Collar_31_2026-06-08 21:31:29",2026-06-08 21:32:26,NA,NA,NA,NA,NA,333.083841601562,0.0893688024555936,0.0201149505204224,4251.16015710712,1.20706464417403,3.66254645738372e-05,0.23857315523308,3.04261483661098,332.114677932097,0.294613818085335,2.97612876700833,333.117951216868,TRUE,0.0882330697567352,0.0198564741274644,2.76919839806448,2026-06-08 21:31:54,2026-06-08 21:32:58,NA
"31","2026-06-08 22:31:29","Collar_31_2026-06-08 22:31:29",2026-06-08 22:32:26,NA,NA,NA,NA,NA,352.346669000367,0.242566907127682,0.0233276404042893,4115.58769367636,1.39985280776281,2.66915911223855e-15,0.631845577349743,3.5285706880141,354.425736275072,0.642566380290649,3.53335169888473,353.473622424731,TRUE,0.264745287906242,0.0206063407820082,3.11853595372888,2026-06-08 22:31:54,2026-06-08 22:32:58,NA
"31","2026-06-08 23:31:30","Collar_31_2026-06-08 23:31:30",2026-06-08 23:32:27,NA,NA,NA,NA,NA,323.110412814877,0.20210924784158,0.0186294686422688,4172.60073182483,1.1179233533287,4.73455221323509e-16,0.65135320976459,2.81791882269844,320.162800243371,0.68669630236562,2.71471198215085,323.445112903378,TRUE,0.19154427486684,0.0169190928374873,2.40803187164123,2026-06-08 23:31:55,2026-06-08 23:32:59,NA
"32","2026-06-08 00:39:32","Collar_32_2026-06-08 00:39:32",2026-06-08 00:40:29,NA,NA,NA,NA,NA,441.929717962247,0.675351291219131,0.046466857547983,4895.02969783329,2.78839864980507,8.57906856771498e-22,0.770272869457962,7.02864021677012,427.357947303562,0.827366186347903,6.19203580136823,442.097674258699,TRUE,0.656792791395033,0.0429035944583702,5.67888037464656,2026-06-08 00:39:57,2026-06-08 00:41:01,NA
"32","2026-06-08 01:39:30","Collar_32_2026-06-08 01:39:30",2026-06-08 01:40:27,NA,NA,NA,NA,NA,827.623531882821,1.52649044891552,0.0268717764514246,5061.98877427737,1.61253050300727,1.18341101734233e-92,0.961847689075076,5.74829947335976,818.952238567425,0.965390962632259,5.51814913409412,827.86539830639,TRUE,1.53352931232982,0.0270447431153195,5.26016531939842,2026-06-08 01:39:55,2026-06-08 01:40:59,NA
"32","2026-06-08 02:39:32","Collar_32_2026-06-08 02:39:32",2026-06-08 02:40:29,NA,NA,NA,NA,NA,919.602373491748,1.21514562390292,0.0382766981897803,5638.46482037221,2.29692084172394,1.56453888008614e-62,0.887307180031693,8.18799324428736,913.3523959971,0.89585129547858,7.93370413675319,920.329253879817,TRUE,1.19377758677564,0.0371825733097038,7.0171127596241,2026-06-08 02:39:57,2026-06-08 02:41:01,NA
"32","2026-06-08 03:39:30","Collar_32_2026-06-08 03:39:30",2026-06-08 03:40:27,NA,NA,NA,NA,NA,1333.08715291539,1.5181865204717,0.187760531707546,4136.65992897119,11.2671964649077,4.05346036100072e-13,0.33808912230422,40.1649577385875,1332.23600620994,0.362334144989449,39.7341428443428,1339.80428067539,TRUE,1.2031570446181,0.12682449713872,24.2452743146151,2026-06-08 03:39:55,2026-06-08 03:40:59,NA
"32","2026-06-08 04:39:28","Collar_32_2026-06-08 04:39:28",2026-06-08 04:40:25,NA,NA,NA,NA,NA,1158.55597604728,1.17651640136749,0.0959563716510477,4007.25332728166,5.75818187997069,2.44313526201455e-23,0.540115784871996,20.5265908498576,1156.45917997707,0.561185698464927,20.2093652473977,1162.90777041,TRUE,1.09297981907302,0.0748009012471986,12.2261756350599,2026-06-08 04:39:53,2026-06-08 04:40:57,NA
"32","2026-06-08 05:39:31","Collar_32_2026-06-08 05:39:31",2026-06-08 05:40:28,1064.56310227187,0.906953817435208,8.06491866555284e-28,0.608240126865875,14.299293168426,1077.72256722199,0.909429834816832,0.0703157560750421,4113.33946224361,4.21953128845015,5.43525572315385e-25,0.566506961607228,15.0416562278907,1061.22525668103,0.629740497661006,14.0112671547125,1079.81521971371,TRUE,0.934048838134551,0.0541141343473106,11.1997994092348,2026-06-08 05:39:56,2026-06-08 05:41:00,NA
"32","2026-06-08 06:39:31","Collar_32_2026-06-08 06:39:31",2026-06-08 06:40:28,NA,NA,NA,NA,NA,1409.84191096849,1.97948050189975,0.252239237238799,4060.41910223032,15.1364560820201,1.46858295703902e-12,0.324842222339579,53.9579762135,1410.91773005344,0.339859488288305,53.77630024057,1417.50760156193,TRUE,1.56175890536959,0.154116022782333,24.7434461916785,2026-06-08 06:39:56,2026-06-08 06:41:00,NA
"32","2026-06-08 07:39:30","Collar_32_2026-06-08 07:39:30",2026-06-08 07:40:27,1398.50071733584,8.49306751143013,3.81401760078689e-13,0.338709477212867,51.6549252818777,1407.42083029052,1.81458147299023,0.249901325642977,3992.34869089911,14.9961619050269,3.30754173144766e-11,0.291741233100075,53.4578598174249,1373.76840042022,0.469841806154087,46.6163257185932,1407.65048684925,TRUE,1.72387189853401,0.26022037180378,62.2046493334506,2026-06-08 07:39:55,2026-06-08 07:40:59,NA
"32","2026-06-08 08:38:39","Collar_32_2026-06-08 08:38:39",2026-06-08 08:39:36,NA,NA,NA,NA,NA,542.907627676236,1.42166401053133,0.10103757417724,4059.7008844193,6.06309637195652,4.11504199105146e-21,0.758605057987236,15.2830812054316,542.3863024875,0.774825533890636,15.000708293594,543.768936873157,TRUE,1.38709420717647,0.0839885849174896,10.4877314666862,2026-06-08 08:39:04,2026-06-08 08:40:08,NA
"32","2026-06-08 09:34:30","Collar_32_2026-06-08 09:34:30",2026-06-08 09:35:27,618.117601262615,1.37950019350179,4.48349443658903e-15,0.625788371953452,27.2562995717444,613.654438374585,1.88588210792282,0.174111988691925,4049.46274110987,10.4481701540094,5.06074658142259e-16,0.650620947424659,26.3364167606598,615.437659681462,0.662335379528015,26.3121533349479,615.992136679763,TRUE,1.70909180471141,0.135246303650975,18.6995830114068,2026-06-08 09:34:55,2026-06-08 09:35:59,NA
"32","2026-06-08 10:34:29","Collar_32_2026-06-08 10:34:29",2026-06-08 10:35:17.5,441.065824790728,2.130261186682,3.29456784080279e-15,0.744027319340761,22.9720198916034,436.052933873153,2.81438568931883,0.227166557905374,3912.26227228912,11.4582205307786,2.93577495408504e-16,0.76941132510459,21.8032564086575,438.7944432007,0.775378460460553,22.002936872004,436.271665188115,TRUE,2.74574406885324,0.23154307686513,18.3601818426827,2026-06-08 10:34:54,2026-06-08 10:35:41,"Time changed"
"32","2026-06-08 11:34:27","Collar_32_2026-06-08 11:34:27",2026-06-08 11:35:24,NA,NA,NA,NA,NA,507.704731161618,1.19851081474085,0.0770689871353304,3922.90113194421,4.62478142508537,3.02094986504897e-23,0.793332878298568,11.6575600552664,510.261187613275,0.797872026523266,11.7163013667127,507.715745393875,TRUE,1.1972351856058,0.066157744559434,9.01183590998375,2026-06-08 11:34:52,2026-06-08 11:35:56,NA
"32","2026-06-08 12:34:28","Collar_32_2026-06-08 12:34:28",2026-06-08 12:35:25,NA,NA,NA,NA,NA,391.240557626841,0.234319669488203,0.0314633287062024,3876.67144617747,1.88806189857261,3.30630287001385e-10,0.468191131568024,4.75918599120915,379.058067736635,0.585396446035168,4.27048064020684,392.019364884438,TRUE,0.210006509357835,0.0292227342434142,4.39234669241387,2026-06-08 12:34:53,2026-06-08 12:35:57,NA
"32","2026-06-08 13:34:28","Collar_32_2026-06-08 13:34:28",2026-06-08 13:35:25,352.965501687165,0.187942809621492,0.000147785743174815,0.205752899735654,3.54540761390859,351.650229783451,0.0982827190467811,0.0232030031448555,3871.08165290093,1.39237353362507,7.55968636546076e-05,0.221662939660903,3.50971788624545,353.296141255003,0.249347428705676,3.50278272810697,351.664413587525,TRUE,0.10099759952479,0.0247194487781407,3.83345703409423,2026-06-08 13:34:53,2026-06-08 13:35:57,NA
"32","2026-06-08 14:34:28","Collar_32_2026-06-08 14:34:28",2026-06-08 14:35:25,NA,NA,NA,NA,NA,337.383033129182,0.0577087058820428,0.0207912879336681,3871.05914808034,1.24765052472254,0.00724457765954402,0.108962110680128,3.14491855572813,335.025114038872,0.191991311784739,3.04350969544701,337.498304973907,TRUE,0.0549965042329133,0.0218799784180959,3.24880945851246,2026-06-08 14:34:53,2026-06-08 14:35:57,NA
"32","2026-06-08 15:34:26","Collar_32_2026-06-08 15:34:26",2026-06-08 15:35:23,NA,NA,NA,NA,NA,317.857751838511,0.0481909554440411,0.017891747591915,3901.19359394445,1.07365394305892,0.0090505038615098,0.103264140744107,2.70633013095358,316.557701689652,0.173481653904384,2.64046314768354,318.148627240497,TRUE,0.0407891785805146,0.0190037945974633,2.64819796490029,2026-06-08 15:34:51,2026-06-08 15:35:55,NA
"32","2026-06-08 16:34:29","Collar_32_2026-06-08 16:34:29",2026-06-08 16:35:26,NA,NA,NA,NA,NA,334.681888031217,-0.0594281185062656,0.0203637428932389,3889.31014508594,1.22199425966884,0.00487389652972543,0.119086242982434,3.08024751007934,325.725459584068,0.278285190202945,2.83339475002432,334.856591723681,TRUE,-0.0586641520754906,0.0198111314085903,2.91289961976842,2026-06-08 16:34:54,2026-06-08 16:35:58,NA
"32","2026-06-08 17:34:28","Collar_32_2026-06-08 17:34:28",2026-06-08 17:35:25,NA,NA,NA,NA,NA,553.986413553054,1.89155391129082,0.110025691656705,3929.0332291268,6.6024583165027,1.78454588172488e-25,0.824298380870635,16.6426361080627,547.475681782048,0.850531802455087,15.599619002754,554.581773534632,TRUE,1.84670501421015,0.0811201294801962,10.9831976425,2026-06-08 17:34:53,2026-06-08 17:35:57,NA
"32","2026-06-08 18:34:29","Collar_32_2026-06-08 18:34:29",2026-06-08 18:35:26,NA,NA,NA,NA,NA,525.048625180049,2.33366216358597,0.0880685533845857,4027.45252901381,5.28484705672816,7.2392155439963e-36,0.917663959098604,13.3213694408421,525.460406536125,0.922086006638861,13.1694298063834,525.80745308144,TRUE,2.39393363866549,0.0802639699594444,9.5346151393472,2026-06-08 18:34:54,2026-06-08 18:35:58,NA
"32","2026-06-08 19:34:31","Collar_32_2026-06-08 19:34:31",2026-06-08 19:35:28,NA,NA,NA,NA,NA,573.220816187691,1.84738954252114,0.127570715520459,4114.41233790483,7.65530594670812,1.0241113800732e-21,0.768983666907805,19.2965203352374,565.435329942408,0.807292548990129,17.9106880201216,573.24101597339,TRUE,1.83424328652966,0.127025603230298,21.4656277007622,2026-06-08 19:34:56,2026-06-08 19:36:00,NA
"32","2026-06-08 20:34:31","Collar_32_2026-06-08 20:34:31",2026-06-08 20:35:28,NA,NA,NA,NA,NA,554.213293325425,2.20969970144524,0.11021787934352,4226.77624419909,6.6139911791644,4.86760525153635e-29,0.864498964464255,16.6717066795623,558.144459983718,0.864642380653511,16.9338404903457,554.664875492556,TRUE,2.26514253835849,0.1039689073303,12.7454335853041,2026-06-08 20:34:56,2026-06-08 20:36:00,NA
"32","2026-06-08 21:34:29","Collar_32_2026-06-08 21:34:29",2026-06-08 21:35:26,NA,NA,NA,NA,NA,533.262547469821,2.44846931016023,0.0938126346357461,4164.19794835947,5.62953979581788,1.73928712852058e-35,0.915343914266717,14.1902270012789,536.332673439581,0.916546361962392,14.3181940860244,533.669040843326,TRUE,2.49320392878097,0.0749038764320217,10.2896031065968,2026-06-08 21:34:54,2026-06-08 21:35:58,NA
"32","2026-06-08 22:34:27","Collar_32_2026-06-08 22:34:27",2026-06-08 22:35:24,NA,NA,NA,NA,NA,591.234371707645,2.41299532824568,0.146530947820984,4055.99651839049,8.79307787570468,1.65310069935831e-24,0.811477641902514,22.164470919784,588.152464097294,0.830938224154728,21.3306459691115,591.291684156177,TRUE,2.42888756093614,0.16132842478479,19.8035035143856,2026-06-08 22:34:52,2026-06-08 22:35:56,NA
"32","2026-06-08 23:34:28","Collar_32_2026-06-08 23:34:28",2026-06-08 23:35:25,545.177649700215,1.93946975017086,1.01828902553028e-35,0.91676852568238,15.552293517822,521.939403382683,2.74516964659079,0.0859871989871615,4111.59316339199,5.15994844946705,1.2922940535318e-40,0.941786685993731,13.0065409373656,522.125104829678,0.945104434266634,12.8358502010843,521.948842480051,TRUE,2.74889669146823,0.08071237461247,11.5435670822357,2026-06-08 23:34:53,2026-06-08 23:35:57,NA
"38","2026-06-08 00:22:49","Collar_38_2026-06-08 00:22:49",2026-06-08 00:24:16,590.667257247762,8.27113867851489,1.234091091617e-60,0.986517326677095,22.0679908087814,505.258557164623,9.95471435996155,0.0756323600439403,5358.64687366818,4.5385718285408,1.29910869013007e-78,0.996376554378549,11.4402538829991,424.566437280199,0.999015410315212,6.06049066193502,505.267152753104,TRUE,9.95905529516907,0.0809062105247512,12.866332421907,2026-06-08 00:23:44,2026-06-08 00:24:48,"Time changed"
"38","2026-06-08 00:44:00","Collar_38_2026-06-08 00:44:00",2026-06-08 00:45:27,595.469455249741,7.0553867829507,3.70846273007129e-57,0.982615693167045,22.8984257474741,486.419419982755,9.09835494249952,0.065429144558615,5054.49373749114,3.92629387852939,4.11990232495653e-80,0.996752533860589,9.89690159956835,426.643712274562,0.998782608677846,6.15810932416257,486.430577717298,TRUE,9.10418424770697,0.0678416686711231,12.6596359119365,2026-06-08 00:44:55,2026-06-08 00:45:59,"Time changed"
"38","2026-06-08 01:43:58","Collar_38_2026-06-08 01:43:58",2026-06-08 01:45:25,1172.24724098652,8.83894237843961,3.21778085291785e-123,0.98729364832059,21.6364603657694,1010.36078994975,10.1330934877507,0.0542667739145082,5486.33861769953,3.25645862658643,7.82038751772302e-158,0.996342347280919,11.6085242253183,810.368890539481,0.999238409941412,5.33895331449129,1010.38618591738,TRUE,10.1256904209694,0.0543575445973371,14.9605649973763,2026-06-08 01:44:53,2026-06-08 01:45:57,"Time changed"
"38","2026-06-08 02:43:56","Collar_38_2026-06-08 02:43:56",2026-06-08 02:45:23,1229.97391343064,9.97453238808474,1.63479533327127e-116,0.983827062097626,27.0153584239041,981.160334799518,11.2217254247953,0.0485018867051754,6835.64192934724,2.91051735663541,1.02925828773436e-169,0.997614547722129,10.3753233549074,828.492500193607,0.99928519710712,5.72438898489409,994.390085329238,TRUE,11.0734136526562,0.03600320867187,7.10163620238078,2026-06-08 02:44:51,2026-06-08 02:45:55,"Time changed"
"38","2026-06-08 03:44:02","Collar_38_2026-06-08 03:44:02",2026-06-08 03:45:29,1177.67268347363,5.37522482489247,8.30245355634402e-103,0.973520731417846,22.0926938322441,849.933357549969,7.172904141245,0.0292793812019601,4380.71198374971,1.75700685001922,6.93621508913219e-173,0.997871770589631,6.26332434135013,851.464131599337,0.997911812790927,6.25316818365954,852.937345877469,TRUE,7.21606319253197,0.0240353268047949,4.7431059539556,2026-06-08 03:44:57,2026-06-08 03:46:01,"Time changed"
"38","2026-06-08 04:43:59","Collar_38_2026-06-08 04:43:59",2026-06-08 04:45:26,1039.00712760562,3.5441360953301,3.1362380700306e-108,0.978213331102103,12.9606506871813,751.393894459455,4.63847278027533,0.0200431133331028,4231.59844498586,1.2027538143332,9.9684525565694e-170,0.997615740059851,4.28754005249464,728.126691630905,0.998066868813925,3.89118397700398,751.737675486106,TRUE,4.63679543480338,0.019153514370994,3.793949562486,2026-06-08 04:44:54,2026-06-08 04:45:58,"Time changed"
"38","2026-06-08 05:44:01","Collar_38_2026-06-08 05:44:01",2026-06-08 05:45:28,1113.29825448108,3.79237121232667,6.01988611279473e-97,0.96730712834171,17.2472549999166,846.265167568551,5.03434927792182,0.0288691956461393,4244.20354993447,1.73239229869435,4.78594660801553e-154,0.995808509521465,6.17557914077635,847.478908407711,0.995897388875216,6.15805181172169,847.701121629684,TRUE,5.0643286574241,0.0261249362823344,5.98975091185822,2026-06-08 05:44:56,2026-06-08 05:46:00,"Time changed"
"38","2026-06-08 06:43:58","Collar_38_2026-06-08 06:43:58",2026-06-08 06:45:25,1120.66388503274,4.8614200435384,1.0667873292596e-103,0.97435604746647,17.7428452233289,888.212423408716,5.8473522378581,0.0339235930140861,4430.11110601895,2.03569825782463,2.10769109279948e-153,0.995710287952866,7.25679495770754,881.566403201299,0.99604758357247,7.02072305764767,893.726201952623,TRUE,5.91820418174391,0.0303714333742913,5.87369973427688,2026-06-08 06:44:53,2026-06-08 06:45:57,"Time changed"
"38","2026-06-08 07:43:56","Collar_38_2026-06-08 07:43:56",2026-06-08 07:45:23,1088.26032987383,3.5006798601755,1.22726730742493e-98,0.969235962730273,15.663815237304,728.831888644894,4.71863826757813,0.018377161570183,4212.03046417719,1.10278282659061,1.71606004376286e-175,0.998062279614044,3.93116652956265,708.493386482166,0.998393122305392,3.608170161905,728.834929225776,TRUE,4.71926064044042,0.0198737170834657,4.2940096828162,2026-06-08 07:44:51,2026-06-08 07:45:55,"Time changed"
"38","2026-06-08 08:43:57","Collar_38_2026-06-08 08:43:57",2026-06-08 08:45:24,1081.59131047318,3.9436725214558,1.48247848031201e-105,0.976013128077704,15.2671462502336,787.315801732923,5.2070388043433,0.0230127129898488,4548.00616156871,1.38095453868348,1.77137875785225e-168,0.997506097087906,4.92278455052101,745.896344899247,0.998241487149196,4.16642475790611,787.750388452062,TRUE,5.20224809088457,0.0212457420729443,4.15152165242796,2026-06-08 08:44:52,2026-06-08 08:45:56,"Time changed"
"38","2026-06-08 09:43:56","Collar_38_2026-06-08 09:43:56",2026-06-08 09:45:23,533.174258299757,5.55929518909428,3.97357202139492e-60,0.986007533688147,14.1805930164437,446.774571717187,6.27890356529266,0.0482312631262627,4659.06875906729,2.89427768686075,2.5871331581757e-78,0.996296445194094,7.29552660979518,377.217110922699,0.998805604889224,4.21043166947107,446.786305262081,TRUE,6.27753609858948,0.0527456449941463,7.50639074334082,2026-06-08 09:44:51,2026-06-08 09:45:55,"Time changed"
"38","2026-06-08 10:43:56","Collar_38_2026-06-08 10:43:56",2026-06-08 10:45:23,557.183780052101,5.25206397013184,1.21503979205489e-56,0.981948444176225,17.0570391127463,411.574677264189,6.65535072244896,0.0367904758960944,4399.5773935004,2.20773511977697,2.72538525432085e-87,0.998078527472693,5.56497753716995,369.207548755113,0.99905846956488,3.95884834136044,411.664514217072,TRUE,6.64538815075681,0.0379141434273895,5.1013765898293,2026-06-08 10:44:51,2026-06-08 10:45:55,"Time changed"
"38","2026-06-08 11:43:56","Collar_38_2026-06-08 11:43:56",2026-06-08 11:45:23,622.362940403661,7.35739672780143,2.41151666639219e-54,0.978648174673061,28.1610868555542,447.864674773413,10.1054929854826,0.0486374023939029,4958.64799503956,2.91864942717805,4.48891377697314e-91,0.998542753742971,7.35695978907135,429.922269138787,0.998960257529343,6.31538974175641,447.974147308413,TRUE,10.1017351328341,0.0526134602366117,6.32380812947977,2026-06-08 11:44:51,2026-06-08 11:45:55,"Time changed"
"38","2026-06-08 12:43:58","Collar_38_2026-06-08 12:43:58",2026-06-08 12:45:25,598.334154343399,7.00621516275977,1.33910650750456e-55,0.980519889651437,23.4086195276481,456.700370474576,8.79109906246298,0.0520580645463692,4210.5784576247,3.1239176598647,2.06098368493852e-85,0.997795694104726,7.87437380933259,423.807812920948,0.998750385799467,6.0252272235949,456.701451155037,TRUE,8.7925867122989,0.0542627048412239,9.73007955245568,2026-06-08 12:44:53,2026-06-08 12:45:57,"Time changed"
"38","2026-06-08 13:43:56","Collar_38_2026-06-08 13:43:56",2026-06-08 13:45:23,596.098147061209,6.92233711583953,1.29088803048296e-53,0.977480583050989,23.0094328186718,476.085196258512,8.03149751043303,0.0604292806231123,4351.29239451054,3.62626037975947,7.05059073391833e-79,0.996446173809209,9.14061536482213,465.216758173424,0.99717282035744,8.28532220446992,479.787891637314,TRUE,8.12939546273188,0.0322525107679134,3.90242642824897,2026-06-08 13:44:51,2026-06-08 13:45:55,"Time changed"
"38","2026-06-08 14:43:53","Collar_38_2026-06-08 14:43:53",2026-06-08 14:45:20,NA,NA,NA,NA,NA,433.499719920078,7.38370660177488,0.0435492803633062,4305.09642059315,2.61331970726944,1.60250315216475e-85,0.997813230988324,6.58732351454694,435.908800440643,0.997866103965661,6.61301522853356,434.066190711236,TRUE,7.41154262760174,0.0399948798561478,6.26286720375394,2026-06-08 14:44:48,2026-06-08 14:45:52,"Time changed"
"38","2026-06-08 15:43:58","Collar_38_2026-06-08 15:43:58",2026-06-08 15:45:25,551.798694425272,6.28521355772224,9.19677681138886e-61,0.986642581767705,16.3649071480887,462.204686335601,7.41758299059594,0.0543095785941638,4235.61513837872,3.25902726404666,1.27362653456249e-79,0.99663407589452,8.21494089348737,372.149263978977,0.999208087164706,4.04945271029058,462.467344034524,TRUE,7.39559675389873,0.0573209119038165,9.14927105743832,2026-06-08 15:44:53,2026-06-08 15:45:57,"Time changed"
"38","2026-06-08 16:43:55","Collar_38_2026-06-08 16:43:55",2026-06-08 16:45:22,569.722096517706,5.84618445664254,7.32573304784716e-55,0.979440442140866,18.7841148507737,410.636287806646,6.86814637688497,0.0365258644265034,4113.25805632242,2.19185622665904,2.39185541096935e-88,0.998221354792223,5.52495204555874,390.504669134282,0.998772970407264,4.66355094347708,411.998769626439,TRUE,6.89810825970709,0.0309182074511293,4.62756756814405,2026-06-08 16:44:50,2026-06-08 16:45:54,"Time changed"
"38","2026-06-08 17:43:55","Collar_38_2026-06-08 17:43:55",2026-06-08 17:45:22,564.145165789954,6.73760852624329,2.03738357555668e-57,0.982943033767189,17.9953265986599,491.881420007818,7.20989866678506,0.068236743410698,4387.43488622383,4.09477320468693,1.25196138581384e-72,0.994388552195656,10.3215828292799,446.237694091838,0.997385535928848,7.15987655279163,495.054222253342,TRUE,7.31595018113359,0.0556866900759471,6.96401714997493,2026-06-08 17:44:50,2026-06-08 17:45:54,"Time changed"
"38","2026-06-08 18:43:59","Collar_38_2026-06-08 18:43:59",2026-06-08 18:45:26,541.405410894812,7.58142817096063,5.16582968603392e-65,0.990209378542939,15.1074938062757,503.122373831087,7.98999717015819,0.0743997108213574,4896.31742213256,4.46460260382222,4.51800331117473e-73,0.994567197405892,11.253801681232,379.547508168694,0.999236799961691,4.28658898985967,504.033185980946,TRUE,7.93024663830651,0.0728175627679564,12.1238988266558,2026-06-08 18:44:54,2026-06-08 18:45:58,"Time changed"
"38","2026-06-08 19:44:01","Collar_38_2026-06-08 19:44:01",2026-06-08 19:45:28,571.400524159028,9.64066884661466,5.4393530297069e-64,0.989449756004632,19.0282085708688,529.24104501874,9.69411015179949,0.0909550028739269,5102.84531087037,5.45805807816421,7.26693506132233e-73,0.994484614140098,13.7579777254353,431.460303680655,0.998847787442766,6.39055107993012,529.553024193297,TRUE,9.71085565600907,0.0862301532661064,13.7790285380263,2026-06-08 19:44:56,2026-06-08 19:46:00,"Time changed"
"38","2026-06-08 20:43:59","Collar_38_2026-06-08 20:43:59",2026-06-08 20:45:26,570.782005196639,8.38015936195803,8.65404640173768e-62,0.987607914326899,18.9378904636281,493.088608432745,8.91016636230051,0.0688733454214384,5278.74563174668,4.13297462997976,3.83339943595532e-78,0.996249928188489,10.4178761172464,395.71241466491,0.999211685975879,4.85416327527587,493.919406321503,TRUE,8.89436161406681,0.0667465221027565,8.49275288592327,2026-06-08 20:44:54,2026-06-08 20:45:58,"Time changed"
"38","2026-06-08 21:44:00","Collar_38_2026-06-08 21:44:00",2026-06-08 21:45:27,561.543770749863,7.18246168688426,2.60779777969703e-62,0.988070847488145,17.6388059733165,498.730300979893,8.45510215172784,0.071928090669681,4920.76729964763,4.31628479931717,1.56537915550442e-75,0.995461374913517,10.8799410477534,413.187316545911,0.998855417724109,5.55255990833927,498.837062367581,TRUE,8.43494462530125,0.0765256328014298,13.0103251825831,2026-06-08 21:44:55,2026-06-08 21:45:59,"Time changed"
"38","2026-06-08 22:43:59","Collar_38_2026-06-08 22:43:59",2026-06-08 22:45:26,557.119777676929,8.43444252109103,9.32766825731762e-66,0.990727116600909,17.0486435563862,531.783823746114,9.2609767337764,0.0927515809546875,4917.51692970798,5.56586773345431,4.332981441073e-71,0.993720373709212,14.0297305750435,383.764542844803,0.999394346777522,4.42792039788222,531.830795107809,TRUE,9.27763922330903,0.0962299600603061,17.5642787256414,2026-06-08 22:44:54,2026-06-08 22:45:58,"Time changed"
"38","2026-06-08 23:43:57","Collar_38_2026-06-08 23:43:57",2026-06-08 23:45:24,563.357001668204,7.91834223177752,3.72125687677866e-63,0.988785743715666,17.8865545804338,511.813097178967,8.84054475907363,0.079543478622974,4879.34738900429,4.77327153367459,5.26209483656281e-74,0.994925628345129,12.0318550109378,420.17588399841,0.998834837031714,5.85922461946394,511.979180792123,TRUE,8.8252070253107,0.0812341407281247,13.0431363861911,2026-06-08 23:44:52,2026-06-08 23:45:56,"Time changed"
"40","2026-06-08 00:19:48","Collar_40_2026-06-08 00:19:48",2026-06-08 00:20:45,488.733672033907,9.61777738757783,3.57615474373018e-78,0.996258188265487,10.0746631927076,568.548411567447,8.58696929641242,0.123067042564259,4744.23430735243,7.38504804133413,2.25738093386292e-61,0.987225014706799,18.6152886244329,370.592777063512,0.999428517133873,4.00125780304851,568.634010719614,TRUE,8.55647244909235,0.125928007321396,24.4204454846737,2026-06-08 00:20:13,2026-06-08 00:21:17,NA
"40","2026-06-08 00:41:01","Collar_40_2026-06-08 00:41:01",2026-06-08 00:41:58,551.449862579239,4.74962997615004,2.85335384105478e-55,0.980046547759318,16.3210536972437,370.374042387303,6.05918228056215,0.0267975655020725,4671.84582251828,1.60807722766451,2.19335548277903e-93,0.998769254203929,4.05343628853969,335.000762793037,0.999328420204987,3.04293964689409,370.398609596211,TRUE,6.05600320355895,0.0276343927343873,4.85845604611115,2026-06-08 00:41:26,2026-06-08 00:42:30,NA
"40","2026-06-08 01:40:57","Collar_40_2026-06-08 01:40:57",2026-06-08 01:41:54,1045.9556596516,6.18162122305588,3.40966545053266e-129,0.989751218672438,13.3116956403463,966.794316411717,6.93498204897353,0.0458946605057168,4899.04213481295,2.7540620592915,4.04104511089953e-146,0.994425373084578,9.81759629073765,732.188464578924,0.999110596473052,3.95245015586666,967.038710859086,TRUE,6.92351766295857,0.0480108371390754,10.9840622512801,2026-06-08 01:41:22,2026-06-08 01:42:26,NA
"40","2026-06-08 02:40:55","Collar_40_2026-06-08 02:40:55",2026-06-08 02:41:52,1070.29379494556,9.23387932142276,7.9996837941243e-138,0.992486481903037,14.617964724947,1083.13554588874,8.88216367352451,0.0717950152866851,5924.23243851421,4.30829916745289,4.45544334147426e-135,0.991706380281032,15.3580932510485,778.616071345764,0.999227204034418,4.72516933108176,1083.28489947179,TRUE,8.86845108116255,0.0745182981303403,18.3430435661558,2026-06-08 02:41:20,2026-06-08 02:42:24,NA
"40","2026-06-08 03:41:00","Collar_40_2026-06-08 03:41:00",2026-06-08 03:41:57,NA,NA,NA,NA,NA,892.646948981896,3.70952510573097,0.0345071517282677,4012.76837974843,2.07071664332716,2.4251173501431e-127,0.989045118827838,7.38162742851455,701.068292454526,0.997566491794866,3.50658528098074,893.183970914092,TRUE,3.72933371591807,0.0360685014916066,7.78796149061554,2026-06-08 03:41:25,2026-06-08 03:42:29,NA
"40","2026-06-08 04:40:58","Collar_40_2026-06-08 04:40:58",2026-06-08 04:41:55,NA,NA,NA,NA,NA,885.935045560255,3.35844024849369,0.0336277488869646,3940.92925739143,2.0179451450008,2.6849057148818e-123,0.987329538335481,7.19350920348125,711.33093868024,0.996792808326835,3.647764177435,886.098609669646,TRUE,3.36531189779574,0.0364249715963303,7.66178926732668,2026-06-08 04:41:23,2026-06-08 04:42:27,NA
"40","2026-06-08 05:41:00","Collar_40_2026-06-08 05:41:00",2026-06-08 05:41:57,NA,NA,NA,NA,NA,780.813135021133,3.66138995059765,0.0224442968786701,4006.49633001986,1.34684483554074,2.35215089191826e-150,0.9952131906343,4.80119132282935,703.749164167099,0.997434136472877,3.5429288880671,780.891776553544,TRUE,3.66667048913366,0.0240322709389557,5.08845261154473,2026-06-08 05:41:25,2026-06-08 05:42:29,NA
"40","2026-06-08 06:40:59","Collar_40_2026-06-08 06:40:59",2026-06-08 06:41:56,NA,NA,NA,NA,NA,790.363719357665,4.12544515097595,0.0232840729395758,4062.59056432459,1.39723839684301,6.30920961587727e-155,0.995939130500867,4.98083275060658,781.942172536087,0.996309187022594,4.78600528838563,790.366845504405,TRUE,4.12652707103668,0.0243853318437411,6.03637862078581,2026-06-08 06:41:24,2026-06-08 06:42:28,NA
"40","2026-06-08 07:40:55","Collar_40_2026-06-08 07:40:55",2026-06-08 07:41:52,NA,NA,NA,NA,NA,780.8844329185,3.64457887910222,0.0224504524579211,3961.34578974552,1.34721422158873,4.37764035354144e-150,0.995166505728692,4.80250809892826,675.660974584194,0.997913706161175,3.18013057153063,780.885492961546,TRUE,3.64387232443802,0.0243042309728971,4.77110491521815,2026-06-08 07:41:20,2026-06-08 07:42:24,NA
"40","2026-06-08 08:40:56","Collar_40_2026-06-08 08:40:56",2026-06-08 08:41:53,NA,NA,NA,NA,NA,846.88726952857,3.95653388619189,0.0289383536703252,3938.54456089057,1.73654235642236,1.35847688323853e-140,0.993199134857823,6.19037313977843,751.557352852185,0.99683240207351,4.25813556364489,847.178926531305,TRUE,3.9678098766431,0.0298815617061141,6.53050039237918,2026-06-08 08:41:21,2026-06-08 08:42:25,NA
"40","2026-06-08 09:40:55","Collar_40_2026-06-08 09:40:55",2026-06-08 09:41:52,NA,NA,NA,NA,NA,392.979883938264,4.97839123505434,0.0318871189243744,4016.54008576161,1.91349284300287,2.85863614635722e-83,0.997422064559941,4.82328907732471,389.600251951587,0.99769874169662,4.6312189600001,393.250741587344,TRUE,4.99207348394155,0.0307372283612035,4.69834028371759,2026-06-08 09:41:20,2026-06-08 09:42:24,NA
"40","2026-06-08 10:40:57","Collar_40_2026-06-08 10:40:57",2026-06-08 10:41:54,NA,NA,NA,NA,NA,379.626395095924,4.94820253081477,0.0287743103641775,3954.322221452,1.72669839112086,6.58003709750908e-86,0.99787415675272,4.35244141109908,376.029527567658,0.998108644702213,4.17214344850232,379.780892542764,TRUE,4.94284297837976,0.0267210411387568,4.4350137830175,2026-06-08 10:41:22,2026-06-08 10:42:26,NA
"40","2026-06-08 11:40:57","Collar_40_2026-06-08 11:40:57",2026-06-08 11:41:54,584.920598514018,6.40080385987302,8.64746979538793e-56,0.980788386450407,21.1137209626959,420.754967044264,7.98713619613089,0.0394824637723746,3971.55477579565,2.36927682402844,2.40925267247235e-90,0.998462911766819,5.97217129307956,385.26744065313,0.999162731554926,4.4794075306793,420.77295155762,TRUE,7.98421560365358,0.0404346064399824,6.79171208699927,2026-06-08 11:41:22,2026-06-08 11:42:26,NA
"40","2026-06-08 12:40:57","Collar_40_2026-06-08 12:40:57",2026-06-08 12:41:54,NA,NA,NA,NA,NA,466.017873956947,5.81026146380705,0.0559261922131618,3795.33211689883,3.35603755203129,3.60424221780941e-72,0.994197005623016,8.45947207328007,409.330701375718,0.997718746101493,5.39025554974509,466.728739560568,TRUE,5.8499722709736,0.0600066618977772,7.20600369328971,2026-06-08 12:41:22,2026-06-08 12:42:26,NA
"40","2026-06-08 13:40:55","Collar_40_2026-06-08 13:40:55",2026-06-08 13:41:52,NA,NA,NA,NA,NA,442.77321436628,6.71652386021895,0.0467693349216974,3910.20520949059,2.8065498126977,5.44675157822969e-81,0.996954566079533,7.0743933566582,373.819365241902,0.999008685576517,4.10181136101638,445.277199971674,TRUE,6.77782240552548,0.0440068750716671,6.43847085287308,2026-06-08 13:41:20,2026-06-08 13:42:24,NA
"40","2026-06-08 14:40:54","Collar_40_2026-06-08 14:40:54",2026-06-08 14:41:51,643.487816455272,9.84987706415695,1.6836796348228e-55,0.980377813093387,33.1300316890887,454.058860374655,12.4039260093714,0.0510109549729841,3823.87624605135,3.06108236015436,2.25943346534428e-95,0.998935644683718,7.71598658783262,404.757644906236,0.999531232992865,5.2039369149743,454.098081857899,TRUE,12.4035921655555,0.0594391038517304,8.32855762298995,2026-06-08 14:41:19,2026-06-08 14:42:23,NA
"40","2026-06-08 15:40:57","Collar_40_2026-06-08 15:40:57",2026-06-08 15:41:54,669.939585452417,14.7126530814058,2.34826453935728e-59,0.985195868758432,40.6059788853133,543.726735997899,17.4935977116274,0.101676204923555,4096.75167631883,6.10141953828879,6.37630889926432e-86,0.997876278160093,15.3796813627067,414.722153888935,0.99972556866796,5.61850439871335,544.249694611743,TRUE,17.5057808187471,0.109501531164984,13.9737192127081,2026-06-08 15:41:22,2026-06-08 15:42:26,NA
"40","2026-06-08 16:40:56","Collar_40_2026-06-08 16:40:56",2026-06-08 16:41:53,654.273272805248,9.31289892934825,2.73423156194247e-53,0.976937788633279,35.9959064282666,431.664035926637,12.4331679605555,0.0429386577264224,3910.21126035138,2.57667726088775,3.80588884903975e-100,0.999249159538082,6.4949599020853,408.572676569035,0.999505076576284,5.3589166417218,431.699551442951,TRUE,12.4257797503685,0.0452484775563939,7.33781667042316,2026-06-08 16:41:21,2026-06-08 16:42:25,NA
"40","2026-06-08 17:40:54","Collar_40_2026-06-08 17:40:54",2026-06-08 17:41:51,588.481259951322,11.5434493850106,9.17507160787075e-67,0.991385188370477,21.7000120337296,565.148595279391,12.2311957497917,0.119890261321375,4186.90222636517,7.19441469542221,1.12546260749982e-71,0.993983420355679,18.1347643630159,415.127298581625,0.999437317345373,5.63604176778047,565.340270656037,TRUE,12.199056941472,0.123575856905603,20.8097842115838,2026-06-08 17:41:19,2026-06-08 17:42:23,NA
"40","2026-06-08 18:40:58","Collar_40_2026-06-08 18:40:58",2026-06-08 18:41:55,544.848144382181,11.478616369816,3.79571055976778e-73,0.994597155987875,15.5129237147302,574.054287804549,11.027527647038,0.12839123972788,4249.95629038075,7.70454423638035,5.33134103855539e-67,0.991532369078295,19.4206339453984,353.21166033576,0.99973362936581,3.50050717292334,574.643189495214,TRUE,10.9464146289877,0.127143924780036,22.1608201709509,2026-06-08 18:41:23,2026-06-08 18:42:27,NA
"40","2026-06-08 19:41:00","Collar_40_2026-06-08 19:41:00",2026-06-08 19:41:57,604.279611472481,11.5832153954545,6.60264816329369e-64,0.989384653944753,24.5040545581561,547.700692733475,12.4521886752793,0.104832328295992,4619.37482349557,6.2908132398369,8.13735631008381e-76,0.995554662511367,15.8570808864789,391.282242463518,0.999623230003459,4.69152878502566,547.762596989182,TRUE,12.4576207893009,0.108095135033052,19.7033940929413,2026-06-08 19:41:25,2026-06-08 19:42:29,NA
"40","2026-06-08 20:40:58","Collar_40_2026-06-08 20:40:58",2026-06-08 20:41:55,590.098267060595,9.08405742585715,3.67821667849289e-62,0.987939914103207,21.9716136442513,510.424723589874,10.4799432601103,0.0786984906129973,4648.37031814779,4.72256521199816,6.2413048140593e-79,0.996459901714234,11.904040972653,383.488964239265,0.999527747654801,4.41854387720554,510.429243736373,TRUE,10.4764320456413,0.0847887750056479,14.6332794818099,2026-06-08 20:41:23,2026-06-08 20:42:27,NA
"40","2026-06-08 21:40:59","Collar_40_2026-06-08 21:40:59",2026-06-08 21:41:56,592.887996817897,8.14627952708244,8.00457277961884e-59,0.984608299731376,22.4482080407815,487.664842817372,9.48019826951515,0.0660589794032289,4396.68160547756,3.96408921746549,5.68647482226457e-81,0.996950399291854,9.9921712767615,360.373646824512,0.99959539900177,3.69876902484438,488.209532546386,TRUE,9.52129670570345,0.064602343740148,11.7960200338644,2026-06-08 21:41:24,2026-06-08 21:42:28,NA
"40","2026-06-08 22:40:58","Collar_40_2026-06-08 22:40:58",2026-06-08 22:41:55,555.850589827094,7.11975443885539,2.60626546105409e-62,0.988071070032794,16.8830077965577,498.950865984057,8.09113128943619,0.0720502313295783,4440.40138205197,4.32361425667917,2.74850739390974e-74,0.99502917325844,10.8984162104727,407.663379754808,0.998852455036502,5.32156399777893,498.959293357036,TRUE,8.08461938862207,0.0820263944652239,11.6186251409679,2026-06-08 22:41:23,2026-06-08 22:42:27,NA
"40","2026-06-08 23:40:57","Collar_40_2026-06-08 23:40:57",2026-06-08 23:41:54,525.957626091897,6.9776523322379,2.65555835502125e-66,0.99108962339717,13.4148430659501,504.061625217215,7.43350965942217,0.0749391960718799,4100.52683284054,4.49697621425183,6.53516338372949e-71,0.993637922619939,11.3354049556575,383.307936728084,0.99906661037342,4.41239525153807,504.120087387834,TRUE,7.41800818858748,0.0785037544615309,14.0468830541629,2026-06-08 23:41:22,2026-06-08 23:42:26,NA
"41","2026-06-08 00:07:44","Collar_41_2026-06-08 00:07:44",2026-06-08 00:09:11,541.125148777205,7.67135204080782,4.04793338642703e-65,0.990284869240444,15.0749592104265,508.561354942109,8.00187969435487,0.0775785034379408,5452.0605461234,4.65535664891637,5.66052815139751e-72,0.99411325567493,11.7346301857768,400.730905073305,0.998946377065293,5.04521624629323,509.101454932417,TRUE,7.97458226081791,0.0745705365117077,12.5109216001094,2026-06-08 00:08:39,2026-06-08 00:09:43,"Time changed"
"41","2026-06-08 00:28:55","Collar_41_2026-06-08 00:28:55",2026-06-08 00:30:22,533.791683552192,7.48108796409081,1.80082982474796e-65,0.990531453691683,14.2481028692867,497.49331678441,7.66263559211313,0.0712469218564783,5454.57887664243,4.27540899451237,4.12144406990255e-73,0.994583017215212,10.7769065244925,374.926807835976,0.999227125101222,4.13690308455953,498.940551659056,TRUE,7.63280016515023,0.0640214669219286,8.83126361652215,2026-06-08 00:29:50,2026-06-08 00:30:54,"Time changed"
"41","2026-06-08 01:28:54","Collar_41_2026-06-08 01:28:54",2026-06-08 01:30:21,1059.06731548907,7.6433382157816,2.45264651768768e-132,0.990846960265399,14.0002119080572,1050.59463239797,7.70626131426729,0.0633489092693993,5912.84666690528,3.80146242708605,3.78438714343476e-134,0.991424480706449,13.551337123151,881.265957200203,0.997739436657734,7.01261486574009,1050.89401502718,TRUE,7.70261107045004,0.0674967787812716,14.8996334269607,2026-06-08 01:29:49,2026-06-08 01:30:53,"Time changed"
"41","2026-06-08 02:28:54","Collar_41_2026-06-08 02:28:54",2026-06-08 02:30:21,1051.79021379357,7.28966883225351,1.3408989736773e-134,0.991562373913012,13.6137949486979,1023.28215159946,7.81186294349328,0.0570318387252063,6177.41059867925,3.42238555583514,1.07604079703164e-140,0.993223855965972,12.2000154735383,774.38567201072,0.999031444334387,4.6489092904703,1023.82517070695,TRUE,7.77625957661848,0.0567489504818944,14.9637077177366,2026-06-08 02:29:49,2026-06-08 02:30:53,"Time changed"
"41","2026-06-08 03:28:54","Collar_41_2026-06-08 03:28:54",2026-06-08 03:30:21,1089.06617357931,7.89634095269221,5.62461216261546e-129,0.989670756142267,15.7124389617406,1026.22475305287,8.15048936552239,0.0576809742775068,6285.90294411843,3.4613390980605,2.05747211981708e-142,0.993630101475288,12.3388758708095,853.401898177013,0.998365384297248,6.29994682618866,1027.83603232126,TRUE,8.09951467061432,0.0563166569338067,11.4912057647458,2026-06-08 03:29:49,2026-06-08 03:30:53,"Time changed"
"41","2026-06-08 04:28:54","Collar_41_2026-06-08 04:28:54",2026-06-08 04:30:21,1103.23915040673,5.96366147267151,1.48885944079217e-118,0.984971754660344,16.5927215530477,927.363607122034,7.14463870490944,0.0394365167153263,4760.71012801412,2.36651961773998,3.69072657238975e-156,0.996115312051009,8.43609683474559,820.836793696179,0.998339968793212,5.55829157979828,927.716981924977,TRUE,7.12229629495628,0.0412850051166633,9.12327473630934,2026-06-08 04:29:49,2026-06-08 04:30:53,"Time changed"
"41","2026-06-08 05:28:54","Collar_41_2026-06-08 05:28:54",2026-06-08 05:30:21,1095.83073231994,5.87065552835659,1.8046983640428e-117,0.984374398890916,16.1266022620256,918.458413115184,6.80953898472134,0.03810865650103,4649.33307028348,2.28683694014875,2.14060185460053e-155,0.996007138225838,8.15204646002129,812.833155059978,0.998281869133115,5.38979615826006,921.455627322961,TRUE,6.75616225705486,0.0357922446313558,6.79626866749465,2026-06-08 05:29:49,2026-06-08 05:30:53,"Time changed"
"41","2026-06-08 06:28:54","Collar_41_2026-06-08 06:28:54",2026-06-08 06:30:21,1028.09603537595,7.91337783142126,1.10230911393432e-138,0.992715586584138,12.4280020646924,1056.61884590642,7.66632364294118,0.0648338433566698,4987.69590867786,3.89057084591379,1.38372980757556e-132,0.99092844991625,13.8689880922732,832.576916622516,0.998430158804293,5.81502514528792,1057.16911660793,TRUE,7.62528475546823,0.0639424245338416,17.3992523026089,2026-06-08 06:29:49,2026-06-08 06:30:53,"Time changed"
"41","2026-06-08 07:28:55","Collar_41_2026-06-08 07:28:55",2026-06-08 07:30:22,1152.74952215061,9.46144491195451,4.52648459338765e-125,0.988112532649004,20.07326128771,1044.40937923523,9.71204208236068,0.0618596589413668,4722.82514235182,3.71209499784641,3.09373759594172e-148,0.994833998595046,13.2327628416253,880.07148411126,0.998584911489023,6.98047191153054,1045.25937330483,TRUE,9.73345769240818,0.0549148140957383,10.1719920625441,2026-06-08 07:29:50,2026-06-08 07:30:54,"Time changed"
"41","2026-06-08 08:28:55","Collar_41_2026-06-08 08:28:55",2026-06-08 08:30:22,1170.88135172636,12.1480415050293,8.18376474956726e-133,0.99100258569841,21.5230929911076,1171.00076776458,11.9465741108566,0.100660977250307,4855.25783777634,6.04049741825072,8.67934291202526e-133,0.990994317012244,21.5329806558116,994.899558943147,0.997746551054753,10.8564889947726,1174.04437523851,TRUE,12.0062126792661,0.0769656084752694,15.8705187813154,2026-06-08 08:29:50,2026-06-08 08:30:54,"Time changed"
"41","2026-06-08 09:28:54","Collar_41_2026-06-08 09:28:54",2026-06-08 09:30:21,622.860160459781,24.8781762397602,2.86094501437449e-73,0.994645426776587,28.2690027714244,695.766294577705,20.1044055332605,0.327447706807977,5583.14748746206,19.6495909498998,6.35497770722051e-58,0.983562195467382,49.5301865116034,574.92097242774,0.99759178316146,19.2664282315457,697.200242920486,TRUE,20.270483809043,0.251445017546209,40.7113836965385,2026-06-08 09:29:49,2026-06-08 09:30:53,"Time changed"
"41","2026-06-08 10:28:54","Collar_41_2026-06-08 10:28:54",2026-06-08 10:30:21,686.232153684057,44.166966466725,4.63065980543818e-73,0.994562948303548,46.0276713578043,767.831621373342,32.4411653869772,0.570023185385383,6549.06409346465,34.2061409865058,6.95736800575719e-56,0.980920520755636,86.2224840824216,648.936897707116,0.997119611110893,34.0461644900977,768.915017767,TRUE,32.7934466320609,0.468041421672769,78.7755172306366,2026-06-08 10:29:49,2026-06-08 10:30:53,"Time changed"
"41","2026-06-08 11:28:54","Collar_41_2026-06-08 11:28:54",2026-06-08 11:30:21,593.506107284748,16.6260254148662,3.73933609463939e-70,0.993275726977454,22.5551965909413,637.161468452831,14.3380177228996,0.208621585184805,5199.15280923974,12.5190335035848,5.78259296536312e-61,0.986837856929317,31.556385369983,538.955470379634,0.997268243552708,14.6100025944934,638.346589680773,TRUE,14.4536364988221,0.159685185041253,28.6650063326535,2026-06-08 11:29:49,2026-06-08 11:30:53,"Time changed"
"41","2026-06-08 12:28:54","Collar_41_2026-06-08 12:28:54",2026-06-08 12:30:21,574.122917273982,10.6130157481414,2.52620976431284e-63,0.988922772441947,19.4308891736922,585.869937752551,9.62317200904948,0.140607423611367,4574.46262223016,8.43761706385339,7.50382426030996e-61,0.986728553846173,21.2684705728328,518.513174418637,0.99557257362014,12.4841266941204,589.136984801767,TRUE,9.80278956751056,0.0962645729831626,13.2168996518517,2026-06-08 12:29:49,2026-06-08 12:30:53,"Time changed"
"41","2026-06-08 13:28:54","Collar_41_2026-06-08 13:28:54",2026-06-08 13:30:21,539.217745188094,8.19462571720087,4.83519621515476e-67,0.991558582990421,14.8553890964383,555.51163058253,8.43821341780998,0.111324163564695,4499.69089590344,6.68037745082995,1.30085968082185e-63,0.989153685481599,16.8390447389544,447.822889558338,0.998054464961874,7.24771720402281,556.193258819834,TRUE,8.51231260042393,0.100387433998151,18.7144709452475,2026-06-08 13:29:49,2026-06-08 13:30:53,"Time changed"
"41","2026-06-08 14:28:54","Collar_41_2026-06-08 14:28:54",2026-06-08 14:30:21,539.916386686557,7.62993231986732,1.65142909215502e-64,0.989841475565753,14.9354393230325,525.258213011677,7.74421196382423,0.0882106532641245,4351.28902914229,5.29337423358393,1.35637681704413e-67,0.991892392369587,13.3428636623331,443.547269200455,0.997831202362833,7.01322157188109,526.682384499035,TRUE,7.80527542971301,0.080257398688839,11.4691985723722,2026-06-08 14:29:49,2026-06-08 14:30:53,"Time changed"
"41","2026-06-08 15:28:54","Collar_41_2026-06-08 15:28:54",2026-06-08 15:30:21,552.600699365227,7.64243811222504,4.2676847133975e-62,0.987882880775178,16.4661787232475,512.193484639651,7.82379882721682,0.0797765682569326,4496.2369968957,4.78725885399085,1.33249221175977e-70,0.993492405969428,12.0671124667203,446.466587365291,0.997773906376991,7.17249417742726,513.823650212371,TRUE,7.89362862541713,0.0636605471512389,8.89162912261808,2026-06-08 15:29:49,2026-06-08 15:30:53,"Time changed"
"41","2026-06-08 16:28:54","Collar_41_2026-06-08 16:28:54",2026-06-08 16:30:21,502.05213793287,6.78055999193292,1.34801921836877e-65,0.990618096012802,11.1615341367274,515.246464554271,6.01188206717726,0.0816722503648585,4445.37004042044,4.90101557672041,8.07419752940345e-63,0.988506606793928,12.3538559265771,429.467482607836,0.997112020104569,6.29333484841856,516.793874418303,TRUE,6.07060266416374,0.0675582571110697,9.77182281353999,2026-06-08 16:29:49,2026-06-08 16:30:53,"Time changed"
"41","2026-06-08 17:28:54","Collar_41_2026-06-08 17:28:54",2026-06-08 17:30:21,506.714675988863,7.3085853418317,6.21206445607553e-65,0.990151896648755,11.5691155200626,526.193354510416,6.07660584059618,0.0888474751472021,4433.5190928989,5.33158885304913,7.82643209795145e-61,0.986710810824749,13.4391902084891,459.337002600632,0.995532392014822,7.91893439905032,527.05466416345,TRUE,6.13019392965273,0.0818965972563497,12.3145640947989,2026-06-08 17:29:49,2026-06-08 17:30:53,"Time changed"
"41","2026-06-08 18:28:54","Collar_41_2026-06-08 18:28:54",2026-06-08 18:30:21,540.467854309749,6.67096311754313,3.98491186388498e-60,0.986006268032514,14.9989309047492,497.178382066437,6.6293199618407,0.0710745297629932,4764.12109949431,4.26506403240224,3.07623078925551e-69,0.992810528730622,10.7508302614254,452.929632182224,0.996577644104244,7.53809265463428,499.453948562161,TRUE,6.69210133663846,0.0490945303626399,7.37775453324876,2026-06-08 18:29:49,2026-06-08 18:30:53,"Time changed"
"41","2026-06-08 19:28:54","Collar_41_2026-06-08 19:28:54",2026-06-08 19:30:21,592.051624812372,10.1465941728508,1.0834752573863e-50,0.972116737132196,22.3042481468275,605.580567951408,6.88765380297581,0.1636274193057,5142.1175251184,9.81900862549089,7.64889702599964e-48,0.965665035835853,24.7505065026346,572.658639917362,0.980544407978041,18.9340436605195,611.575922284382,TRUE,7.22142997084184,0.063966727090278,8.06456963635711,2026-06-08 19:29:49,2026-06-08 19:30:53,"Time changed"
"41","2026-06-08 20:28:54","Collar_41_2026-06-08 20:28:54",2026-06-08 20:30:21,525.377575711116,7.14843651483138,1.36672130578293e-65,0.990613991980645,13.3551203670233,539.294558300644,7.19134383069222,0.0982681167216668,5197.84409871103,5.89690584741246,1.16199743386147e-62,0.988373028875212,14.8641692953508,464.644498908258,0.996532872010595,8.24893041993939,540.854450051469,TRUE,7.25149072655937,0.0783753921230629,11.0350792736665,2026-06-08 20:29:49,2026-06-08 20:30:53,"Time changed"
"41","2026-06-08 21:28:54","Collar_41_2026-06-08 21:28:54",2026-06-08 21:30:21,511.12476339788,7.45235747491435,9.87991768961077e-69,0.992539259513688,11.9683162032356,541.940177820479,7.22713064070486,0.100288451348595,5022.24615403997,6.01814275998105,3.02904183245831e-62,0.988014015977775,15.1697678651594,441.365677099635,0.997601365789592,6.89651137422814,542.657754093828,TRUE,7.28148303364788,0.0884547745474608,15.4975449652194,2026-06-08 21:29:49,2026-06-08 21:30:53,"Time changed"
"41","2026-06-08 22:28:54","Collar_41_2026-06-08 22:28:54",2026-06-08 22:30:21,551.872759206458,5.99849286976037,6.73418957634997e-60,0.985771280421993,16.3742333681385,517.198027944396,7.17299243610186,0.0829075654087775,4863.91958239677,4.97514477293281,3.38211936825681e-67,0.991653811032829,12.5407113641135,480.481892934601,0.995538866211095,9.31764257186223,518.19941295262,TRUE,7.18914286226406,0.0709328054531646,8.58153371043814,2026-06-08 22:29:49,2026-06-08 22:30:53,"Time changed"
"41","2026-06-08 23:28:54","Collar_41_2026-06-08 23:28:54",2026-06-08 23:30:21.242424,596.358203450551,9.68961497653051,4.07761998218037e-53,0.975225828140965,21.5173143217395,607.509216096513,7.08444115358089,0.153945993015339,5101.83338632254,9.27156510458352,9.10811243061158e-51,0.970665731961816,23.4140272258707,573.694185959345,0.983459674182498,17.8630109055658,613.724662033904,TRUE,7.3966819841159,0.0649168760207518,10.1962189010509,2026-06-08 23:29:49,2026-06-08 23:30:53,"Time changed"
"42","2026-06-08 00:10:45","Collar_42_2026-06-08 00:10:45",2026-06-08 00:11:42,548.687995474006,8.82511386561253,1.06276765044976e-67,0.991954928563714,15.9779681174549,537.240789952681,9.31599024784373,0.0967278543210991,5127.94582205456,5.80447726874963,4.13921337608683e-70,0.993254006279314,14.6311871049406,389.485055891575,0.99934672349093,4.6271169455816,538.372706789463,TRUE,9.2284989416632,0.0967492885547581,14.6423139058391,2026-06-08 00:11:10,2026-06-08 00:12:14,NA
"42","2026-06-08 00:31:56","Collar_42_2026-06-08 00:31:56",2026-06-08 00:32:53,518.823248383896,9.49503413086011,6.05354403643456e-74,0.99490300861589,12.6984756269324,556.671336854139,9.29065896480772,0.112321708952995,5133.23458616654,6.74023848642903,5.60519757133428e-66,0.990875813679563,16.9899348142522,341.055264632459,0.999688943303102,3.18801073541598,556.870933447656,TRUE,9.2483971151812,0.115136727910304,20.977543576196,2026-06-08 00:32:21,2026-06-08 00:33:25,NA
"42","2026-06-08 01:31:55","Collar_42_2026-06-08 01:31:55",2026-06-08 01:32:52,1133.00855175669,8.51371939845354,5.29136862162317e-125,0.988083499846068,18.6055855876736,1021.73093599594,8.99143001824048,0.0566925876072445,5270.24416571479,3.40202766186108,8.51552019657515e-149,0.994937085287583,12.1274442750453,846.181986998706,0.998727737786881,6.12741095279548,1021.81065794158,TRUE,8.99420789424684,0.058550955126953,14.7381721663926,2026-06-08 01:32:20,2026-06-08 01:33:24,NA
"42","2026-06-08 02:31:54","Collar_42_2026-06-08 02:31:54",2026-06-08 02:32:51,1132.27694430249,8.13853982454911,1.06537344223501e-123,0.987511198750672,18.5533053882697,1002.87533839454,8.76028659710768,0.05272669864527,5743.69313042142,3.16404127736268,2.28506165400843e-151,0.995384429983601,11.2790776822102,837.427716639678,0.998746434200442,5.92453399511975,1002.89784821616,TRUE,8.75395693837583,0.0553075571286572,13.6928970596304,2026-06-08 02:32:19,2026-06-08 02:33:23,NA
"42","2026-06-08 03:31:55","Collar_42_2026-06-08 03:31:55",2026-06-08 03:32:52,1098.19434862387,8.87844322733627,5.96027331833852e-134,0.991363404572875,16.2738748940413,1076.83166050706,9.22751126621641,0.0700752269459829,5935.57291561623,4.20509753643636,1.61250940725811e-138,0.992672165172203,14.9902032296717,867.919056255203,0.998575400354433,6.66171138629751,1080.68450640162,TRUE,9.12087939022972,0.0672978721412839,13.0194358816214,2026-06-08 03:32:20,2026-06-08 03:33:24,NA
"42","2026-06-08 04:31:55","Collar_42_2026-06-08 04:31:55",2026-06-08 04:32:52,1128.39910028429,5.99753743415586,1.4630891048282e-117,0.984425542047653,18.2786402107985,960.253948425241,7.72982449917461,0.0447545681001747,4131.21953185055,2.68564701484862,1.6304282107393e-153,0.995727462057583,9.57371243042772,857.525375295076,0.998120099231939,6.40065750632196,960.32854443106,TRUE,7.73790600839795,0.0454488334440985,11.6308376586936,2026-06-08 04:32:20,2026-06-08 04:33:24,NA
"42","2026-06-08 05:31:56","Collar_42_2026-06-08 05:31:56",2026-06-08 05:32:53,1155.62529889648,5.48609352747628,1.05329049493011e-108,0.978581551211585,20.2965176104709,916.167760288444,7.32235961985651,0.0377743861513569,4140.90638796592,2.26677793377554,6.62315945808188e-160,0.996605109261804,8.08054072691656,872.247392532315,0.997651789934143,6.77354012384707,916.186123239922,TRUE,7.32520048821169,0.038854703562618,9.79738580605118,2026-06-08 05:32:21,2026-06-08 05:33:25,NA
"42","2026-06-08 06:31:56","Collar_42_2026-06-08 06:31:56",2026-06-08 06:32:53,1181.39069497816,6.09943015939488,4.2153394106585e-105,0.975618322641964,22.4108900190396,909.522321062865,7.57939081527215,0.0368211304081221,4124.36458367392,2.20957464593516,3.11151236421765e-163,0.996988203518901,7.87662419401748,881.220573434823,0.997650830746415,7.0113908999983,909.552577502964,TRUE,7.58504969176787,0.0385033008753628,9.44703851561755,2026-06-08 06:32:21,2026-06-08 06:33:25,NA
"42","2026-06-08 07:31:56","Collar_42_2026-06-08 07:31:56",2026-06-08 07:32:53,NA,NA,NA,NA,NA,886.896554368858,8.0381225536079,0.033752338259042,4065.64709492007,2.02542154549812,2.56951314649015e-171,0.997748202117781,7.22016084756564,853.625376577923,0.998309494514125,6.30536416189856,887.283903150487,TRUE,8.05799353794986,0.0337248461236286,7.29839769214363,2026-06-08 07:32:21,2026-06-08 07:33:25,NA
"42","2026-06-08 08:31:55","Collar_42_2026-06-08 08:31:55",2026-06-08 08:32:52,1194.39990634693,8.93061195339495,2.9246074818143e-119,0.985349042028576,23.5607556247864,993.295760198052,10.2787384134463,0.0508193613746714,4145.16953779967,3.04958514775314,2.92552447990596e-162,0.996880880490529,10.8710679680806,844.352961286763,0.99903818419261,6.08445762681092,993.444797567276,TRUE,10.2593754538933,0.0559678591033669,11.9965773686642,2026-06-08 08:32:20,2026-06-08 08:33:24,NA
"42","2026-06-08 09:31:54","Collar_42_2026-06-08 09:31:54",2026-06-08 09:32:51,665.519619311513,10.6750795491916,1.27689915648236e-53,0.977488368358279,39.2485923309306,443.935013631371,13.7214852652733,0.0471891818802827,4188.16180861539,2.83174412869453,2.92108636006413e-100,0.999255439967947,7.13789997995317,413.19783342779,0.999563680258802,5.553009123561,444.226800520484,TRUE,13.7304490574144,0.0467998133110432,7.11034949332044,2026-06-08 09:32:19,2026-06-08 09:33:23,NA
"42","2026-06-08 10:31:54","Collar_42_2026-06-08 10:31:54",2026-06-08 10:32:51,661.171740468847,12.7499948408011,1.15737356857298e-57,0.98324644215709,37.9576231633409,516.561836390248,15.3742576154455,0.0825028250880698,4074.90287850862,4.95085698108853,4.21563183041931e-88,0.998189065719471,12.4794897914574,431.977720313994,0.999536518897368,6.41603697581019,517.343144473852,TRUE,15.4201638032159,0.0840038961658901,11.5376312650659,2026-06-08 10:32:19,2026-06-08 10:33:23,NA
"42","2026-06-08 11:31:54","Collar_42_2026-06-08 11:31:54",2026-06-08 11:32:51,656.613032828258,14.4928909326607,1.5080970971837e-60,0.98643124690526,36.6496315724185,562.672084796959,16.4833833574224,0.117627959112139,4254.69348647654,7.05865771165867,2.54023031203333e-80,0.996802004432478,17.792565446855,454.814903746455,0.999427850798638,7.64820726092659,563.01521092698,TRUE,16.5342215669076,0.124243465050894,17.9728203992559,2026-06-08 11:32:19,2026-06-08 11:33:23,NA
"42","2026-06-08 12:31:54","Collar_42_2026-06-08 12:31:54",2026-06-08 12:32:51,688.218902858635,12.6863691787681,5.30100210420481e-54,0.978107739260514,46.7365004143402,507.90293063385,16.5636588305848,0.0771865770025567,4156.19644785572,4.63183779696647,5.88363070394925e-92,0.998633788879391,11.6753468588827,459.951476054996,0.999385663124591,7.95645357723153,509.286701760866,TRUE,16.6348123879488,0.0761739786858137,10.0496453158654,2026-06-08 12:32:19,2026-06-08 12:33:23,NA
"42","2026-06-08 13:31:55","Collar_42_2026-06-08 13:31:55",2026-06-08 13:32:52,652.89835863271,11.4054061704662,1.57799733383239e-56,0.981798076233639,35.6172103842346,512.356046029062,13.8384745170546,0.0798763890383927,3930.71571172887,4.79324893266054,4.12414508387523e-86,0.997905451817843,12.0822114942006,462.089553251838,0.999091110045579,8.0883933777717,512.414790014564,TRUE,13.8572117884437,0.08388783785696,13.4124275594411,2026-06-08 13:32:20,2026-06-08 13:33:24,NA
"42","2026-06-08 14:31:55","Collar_42_2026-06-08 14:31:55",2026-06-08 14:32:52,624.80081837377,8.96184516802765,1.63157755571785e-57,0.983062854426819,28.6941719365134,500.271414143103,11.5551004768569,0.0727858520165033,3899.9442440955,4.36775762764141,1.00082862288303e-83,0.997506537804454,11.0096871983821,454.057880993856,0.998848395381696,7.60379924814729,500.315122097164,TRUE,11.5625525789964,0.077617569553288,12.7521801866188,2026-06-08 14:32:20,2026-06-08 14:33:24,NA
"42","2026-06-08 15:31:55","Collar_42_2026-06-08 15:31:55",2026-06-08 15:32:52,622.621529641788,8.85159080832841,1.30332585585423e-56,0.981908214544361,28.2171591743263,495.937611251146,10.9939716419997,0.0703993936753384,3946.23314908281,4.22455024139953,2.81270260156624e-83,0.997423389866746,10.6487082564548,441.337980073236,0.998954032969219,6.89504220106654,496.087427205028,TRUE,11.0201076255521,0.0769797936567508,9.41306458381795,2026-06-08 15:32:20,2026-06-08 15:33:24,NA
"42","2026-06-08 16:31:55","Collar_42_2026-06-08 16:31:55",2026-06-08 16:32:52,611.042403461337,7.70654291187525,1.10527076850542e-56,0.982002608974775,25.8125310303633,467.447185571601,10.0864554384501,0.0565444768834497,3912.53909181191,3.39313978426306,6.57935097465347e-87,0.9980240098667,8.55299465535935,423.633503540735,0.999053065640287,6.01715376339627,467.511270795807,TRUE,10.0868151873432,0.0591256536335106,8.48185716121687,2026-06-08 16:32:20,2026-06-08 16:33:24,NA
"42","2026-06-08 17:31:55","Collar_42_2026-06-08 17:31:55",2026-06-08 17:32:51.893939,570.533409681688,7.43834163896283,9.19706352117324e-62,0.986699594101266,17.6938222156828,499.870816461336,8.08725969779784,0.0684145459634683,4049.18437385076,4.09592246290693,1.20942983832129e-76,0.995440790735233,10.3593850336299,425.802842523414,0.998603036277667,5.82607294790197,500.034253990916,TRUE,8.07830439911585,0.0743273202658509,9.40460640254219,2026-06-08 17:32:20,2026-06-08 17:33:24,NA
"42","2026-06-08 18:31:55","Collar_42_2026-06-08 18:31:55",2026-06-08 18:32:52,546.157490467916,6.57864307565467,2.85083653735185e-62,0.988037061133483,15.6699577092878,486.328490825462,7.4998727564273,0.065383395814098,4149.18808962901,3.92354857264531,7.26921548513252e-75,0.995234667593868,9.88998158210758,403.384483715806,0.998749220214471,5.14925817071088,486.332289300794,TRUE,7.49887659253327,0.0692699576936046,11.1341521126185,2026-06-08 18:32:20,2026-06-08 18:33:24,NA
"42","2026-06-08 19:31:55","Collar_42_2026-06-08 19:31:55",2026-06-08 19:32:52,540.779759876826,8.18249676534557,5.70594253032597e-66,0.990870653042904,15.0349606489138,521.630630847347,8.2289250136574,0.0857832068380534,4681.04198087261,5.14770722070402,5.31614432571102e-70,0.993200206936865,12.9756848068075,418.792381684283,0.998685801718176,5.79719947522045,521.803364924326,TRUE,8.20959559258952,0.0835609289507074,14.8336921490331,2026-06-08 19:32:20,2026-06-08 19:33:24,NA
"42","2026-06-08 20:31:54","Collar_42_2026-06-08 20:31:54",2026-06-08 20:32:51,568.978438235866,6.51217633132563,7.89251652489829e-59,0.984615185147636,18.6769680485557,471.612812251438,7.88777014604991,0.0583856892141047,4653.78855417048,3.50362786647308,2.52665044763395e-79,0.99656007982232,8.83149894245239,417.058212826625,0.998602607114612,5.72037974057066,471.78995633913,TRUE,7.87750246580339,0.0640780919316184,8.98250369540576,2026-06-08 20:32:19,2026-06-08 20:33:23,NA
"42","2026-06-08 21:31:55","Collar_42_2026-06-08 21:31:55",2026-06-08 21:32:52,557.910365050622,5.84904781752014,9.45504273986221e-60,0.985617199781358,17.1526397850007,476.297853375469,7.48962112445046,0.0605282131853111,4608.26607245873,3.63219715787217,6.26379768652402e-77,0.995902176575285,9.15558003904613,400.463180000977,0.998800109603342,5.03483670033019,476.466753107981,TRUE,7.51395443579768,0.0609563049762157,9.89133115735854,2026-06-08 21:32:20,2026-06-08 21:33:24,NA
"42","2026-06-08 22:31:55","Collar_42_2026-06-08 22:31:55",2026-06-08 22:32:52,577.566371470094,5.62662259210644,1.01672690248527e-55,0.980689416419825,19.9524538240456,477.248347626898,7.51870568780878,0.0609723866747197,4401.55745085616,3.65885126842542,7.77069327748302e-77,0.995874038412806,9.2227663265556,453.838324429253,0.997293634907994,7.590968055393,477.248821277491,TRUE,7.51952443777852,0.0675896452420175,9.28028564836,2026-06-08 22:32:20,2026-06-08 22:33:24,NA
"42","2026-06-08 23:31:55","Collar_42_2026-06-08 23:31:55",2026-06-08 23:32:52,562.407919577116,5.85152899869388,3.18029569156233e-57,0.98270025688225,17.7564469489957,467.316933022746,7.06979631206186,0.0564878509312608,4024.2071247319,3.38974175528155,3.06366276715263e-77,0.995994159592727,8.54442933663822,437.715120474854,0.997611173035198,6.70554288739305,467.505858849724,TRUE,7.04868687466246,0.0566302909533794,8.84278525891635,2026-06-08 23:32:20,2026-06-08 23:33:24,NA
"43","2026-06-08 00:13:45","Collar_43_2026-06-08 00:13:45",2026-06-08 00:14:42,464.818924259406,12.702555940099,1.91332649205326e-83,0.997454713309204,8.38181165439743,648.986149041709,8.52717686706135,0.228487406516819,5215.80175776706,13.7111483205219,1.12579035113227e-44,0.956724562445721,34.56131658594,342.636202285772,0.999634697445911,3.22701701978995,649.241306496703,TRUE,8.42959299432753,0.227174173328691,43.3853631682492,2026-06-08 00:14:10,2026-06-08 00:15:14,NA
"43","2026-06-08 00:34:57","Collar_43_2026-06-08 00:34:57",2026-06-08 00:35:54,385.070502010706,10.8596902955324,3.53579078363127e-97,0.999067240586027,4.53858222069513,619.75519526536,7.662210009259,0.182477632618386,5253.81361351689,10.9501784984559,8.88738689774725e-48,0.96550115765852,27.6018154651017,332.056168681056,0.999612000630326,2.97478959865947,620.785723668033,TRUE,7.50612788716883,0.174820766332904,30.1917334145943,2026-06-08 00:35:22,2026-06-08 00:36:26,NA
"43","2026-06-08 01:34:56","Collar_43_2026-06-08 01:34:56",2026-06-08 01:35:53,769.464484978686,11.1857751396692,1.76557942992762e-196,0.999089326733595,4.59613358642527,1219.47878651535,7.93739275406483,0.121293366533139,5590.7532295349,7.27861269985962,2.94426746157715e-100,0.970977326378367,25.9465761865369,764.703055225547,0.999148679591735,4.47896412282522,1220.17973953354,TRUE,7.8537619983085,0.124786485603178,31.4561660106658,2026-06-08 01:35:21,2026-06-08 01:36:25,NA
"43","2026-06-08 02:34:53","Collar_43_2026-06-08 02:34:53",2026-06-08 02:35:50,828.368637344668,11.464881428306,7.54805013147255e-188,0.998757718454687,5.7647965211236,1257.68239658159,8.50310990690357,0.140491795182911,5955.74882317443,8.43067839464272,4.73139106387596e-96,0.966237079372589,30.0534247790114,754.898381675943,0.999315437546439,4.31320615148292,1259.15634209736,TRUE,8.35849963563691,0.137897990043201,34.0328297622707,2026-06-08 02:35:18,2026-06-08 02:36:22,NA
"43","2026-06-08 03:34:56","Collar_43_2026-06-08 03:34:56",2026-06-08 03:36:23,924.204531254601,5.28733584300821,2.48781308011046e-134,0.991480500362106,8.3342159909417,967.425121986023,4.74705883138116,0.0460061441815695,5029.41216703951,2.76075200880879,4.33897648733094e-125,0.988120387521836,9.84144441839495,804.744828286133,0.996704138507243,5.22470646105826,967.449888499342,TRUE,4.7409833902575,0.0485123868430725,12.0318157065292,2026-06-08 03:35:51,2026-06-08 03:36:55,"Time changed"
"43","2026-06-08 04:34:54","Collar_43_2026-06-08 04:34:54",2026-06-08 04:35:51,859.912484771588,4.86555562404047,1.05399773792703e-144,0.994133957107595,6.5083915219249,991.902484482919,4.45777670279467,0.050547761350757,4227.59178097756,3.03328688314189,1.75951649382955e-116,0.983808474749817,10.812968412316,776.44034871148,0.997006875881857,4.68579332152674,992.168670183961,TRUE,4.43489059361212,0.0522848384557544,12.3809929250206,2026-06-08 04:35:19,2026-06-08 04:36:23,NA
"43","2026-06-08 05:34:56","Collar_43_2026-06-08 05:34:56",2026-06-08 05:35:53,821.831035726914,7.0753224834011,1.11820453295141e-170,0.997695862160383,5.62165011701341,1094.28687566284,6.1357009984981,0.0749412728818807,4382.98792352152,4.49710084015743,2.01792515846444e-112,0.981262615100524,16.0311276859029,766.66363336632,0.998538340106976,4.51286624306674,1095.70392133379,TRUE,6.06272056196646,0.073720426279429,17.701545824856,2026-06-08 05:35:21,2026-06-08 05:36:25,NA
"43","2026-06-08 06:34:55","Collar_43_2026-06-08 06:34:55",2026-06-08 06:35:52,824.197931878976,6.6322493682093,3.5442677115062e-167,0.997386571470606,5.6730601586849,1110.31759084595,5.79944147129251,0.0797073159692646,4349.30987260873,4.78310313966844,5.34959732280238e-106,0.976392052219745,17.0506599456604,810.371226594681,0.997721460950308,5.33900128428237,1111.35461045073,TRUE,5.73699626862265,0.0799513183669375,18.2331070975198,2026-06-08 06:35:20,2026-06-08 06:36:24,NA
"43","2026-06-08 07:34:55","Collar_43_2026-06-08 07:34:55",2026-06-08 07:35:52,1006.97442113059,2.99564760350534,2.0216274827642e-108,0.978362278285529,11.4583094138322,809.642797150678,4.1100258221051,0.0250762168532156,4190.45765876048,1.50478196515703,1.29197606545708e-150,0.995257793194501,5.36420077741279,786.707877723503,0.996145231666101,4.87453994525043,809.837219703758,TRUE,4.10155082813102,0.0280462763503252,5.1567329405885,2026-06-08 07:35:20,2026-06-08 07:36:24,NA
"43","2026-06-08 08:34:54","Collar_43_2026-06-08 08:34:54",2026-06-08 08:35:51,968.945437997799,5.95398096199918,9.68987432149525e-139,0.992730243486016,9.89915955452777,1035.26588789363,6.10316436726141,0.0597220309197109,4134.54558988733,3.58381950421709,1.46928758017317e-124,0.987891833939706,12.7754902808277,824.452182886168,0.99768023244106,5.63612140202674,1035.88326655888,TRUE,6.11942830503148,0.0569190091863954,13.238247343524,2026-06-08 08:35:19,2026-06-08 08:36:23,NA
"43","2026-06-08 09:34:53","Collar_43_2026-06-08 09:34:53",2026-06-08 09:35:50,418.424775859725,12.4246511182704,1.79902451865185e-96,0.999017801004611,5.86607651564191,628.430583191157,9.69897275765499,0.195070563613582,4400.45031915109,11.7058592919726,2.8784736224254e-52,0.975149019061861,29.5066393742383,415.217871359344,0.999120882575996,5.63996984336472,629.279448090165,TRUE,9.55036282939385,0.187984302332494,32.8430857797703,2026-06-08 09:35:18,2026-06-08 09:36:22,NA
"43","2026-06-08 10:34:55","Collar_43_2026-06-08 10:34:55",2026-06-08 10:35:52,561.078777643093,10.4060738249675,2.085649096701e-68,0.992360201006443,17.5758269575001,564.75307505916,10.5088330586561,0.119526053934099,4196.06007383855,7.17255921733485,1.23779683896186e-67,0.991915901810315,18.0796738571256,426.138165653661,0.999098933830201,6.13420804847331,564.865172860069,TRUE,10.5000382341818,0.126919719698255,20.0954926031464,2026-06-08 10:35:20,2026-06-08 10:36:24,NA
"43","2026-06-08 11:34:55","Collar_43_2026-06-08 11:34:55",2026-06-08 11:35:52,524.320081497798,21.625218782521,2.92142428090405e-91,0.998562489699421,13.2469228606693,683.50833006027,18.1805700201208,0.297982968953006,4419.76696763476,17.8814611561684,9.38649036536332e-58,0.983357450527179,45.0733100970495,428.73700469168,0.999689364374599,6.25807138324469,684.521575651816,TRUE,17.9369728618057,0.287629903802138,47.1036734138274,2026-06-08 11:35:20,2026-06-08 11:36:24,NA
"43","2026-06-08 12:34:55","Collar_43_2026-06-08 12:34:55",2026-06-08 12:35:52,558.391921462132,12.6496239116814,1.10214605210546e-72,0.994411208853419,17.2162957940766,592.390441478553,12.0272347817589,0.147839835982027,3935.75400829996,8.87162207201121,1.57971468806338e-65,0.99057074429574,22.3624551273121,430.327960759484,0.999267278965955,6.33512899284476,592.655674518184,TRUE,11.9641021265756,0.14878864893973,27.3415204423098,2026-06-08 12:35:20,2026-06-08 12:36:24,NA
"43","2026-06-08 13:34:54","Collar_43_2026-06-08 13:34:54",2026-06-08 13:35:51,497.694384419593,9.45000518527015,1.29490011048243e-75,0.995488622699923,10.7935877837837,577.336603411124,8.36742664866504,0.131674207151598,3901.06275729484,7.90154963796573,7.52496434998468e-59,0.984638453557547,19.9172200732825,441.042666284786,0.998225534698389,6.87939689320718,577.344040144789,TRUE,8.35778261748026,0.132354812011088,26.4769493301552,2026-06-08 13:35:19,2026-06-08 13:36:23,NA
"43","2026-06-08 14:34:54","Collar_43_2026-06-08 14:34:54",2026-06-08 14:35:51,533.315764889212,7.44458836566878,4.42843758723204e-66,0.990943806318301,14.196037169372,517.961774743867,7.79970490360147,0.0833960789117167,3795.689311243,5.00445965377235,2.59631102570825e-69,0.992849132519145,12.6146045825143,420.104632081875,0.998507875846219,5.85601410719071,518.3547121384,TRUE,7.76037607109019,0.089409360948339,13.4271384052812,2026-06-08 14:35:19,2026-06-08 14:36:23,NA
"43","2026-06-08 15:34:54","Collar_43_2026-06-08 15:34:54",2026-06-08 15:35:51,514.707341804119,8.36560506573531,5.10574976779453e-72,0.994132499131733,12.3027293611223,541.812731403704,8.39025468282328,0.100190181035938,3929.19223749671,6.01224572235918,2.59095732800386e-66,0.991096586072367,15.1549033637038,374.586751872475,0.999360974582487,4.12609585201117,543.989785068533,TRUE,8.26529539181862,0.088539616081916,14.9036019703861,2026-06-08 15:35:19,2026-06-08 15:36:23,NA
"43","2026-06-08 16:34:54","Collar_43_2026-06-08 16:34:54",2026-06-08 16:35:51,473.289882486664,6.0318433651328,6.43193160840961e-71,0.993641137359256,8.94616810699664,501.80292261162,5.8578445841195,0.0736484008805416,3995.14738331008,4.41951774689182,6.45808308932093e-65,0.990139748384948,11.1401575153914,361.20006456911,0.998934065016755,3.72235721621653,503.758555539806,TRUE,5.7711051412629,0.067610519463468,11.0759129297109,2026-06-08 16:35:19,2026-06-08 16:36:23,NA
"43","2026-06-08 17:34:54","Collar_43_2026-06-08 17:34:54",2026-06-08 17:35:51,483.544702557136,5.98988965394823,6.95050556073713e-70,0.993142099707103,9.68045135175053,511.613291431972,6.10150071537043,0.0794213168020386,4010.24732995817,4.76594080647397,5.62704261956091e-64,0.989438389676991,12.0133766473709,408.443697641451,0.997969133035545,5.35360245283257,513.280837230939,TRUE,6.01402053403077,0.0728350506312152,11.5959260788479,2026-06-08 17:35:19,2026-06-08 17:36:23,NA
"43","2026-06-08 18:34:54","Collar_43_2026-06-08 18:34:54",2026-06-08 18:35:51,374.940775955375,8.5239860465766,4.44216684737222e-96,0.99898920881402,4.19835888572062,587.229372589102,6.83693795056181,0.142085497082241,4128.29896334469,8.5263137885295,2.15038646313309e-51,0.973511470601498,21.492045980961,364.886346335569,0.999185750637295,3.82941917964233,587.634299617557,TRUE,6.76088593174866,0.141750093836335,25.5142060281235,2026-06-08 18:35:19,2026-06-08 18:36:23,NA
"43","2026-06-08 19:34:56","Collar_43_2026-06-08 19:34:56",2026-06-08 19:35:53,402.020304228197,10.9319672399781,7.53022134571091e-95,0.998894182542991,5.17064671723763,617.090772546498,8.03482121266289,0.178775717462318,4606.39049202457,10.7280327419408,1.40608437126316e-49,0.969754080668883,27.0418587321088,401.107546046083,0.998974680833106,5.05985463500263,617.798071624505,TRUE,7.91216423087647,0.170710591079884,30.4581496026278,2026-06-08 19:35:21,2026-06-08 19:36:25,NA
"43","2026-06-08 20:34:54","Collar_43_2026-06-08 20:34:54",2026-06-08 20:35:51,409.415102195145,8.97630334531152,2.76475973389223e-91,0.998565002746646,5.47329511318018,600.166936183119,7.47863259512963,0.156953359583821,4858.18413442649,9.41850942887559,3.92507799227126e-51,0.973000818925074,23.7409791309616,408.421545266085,0.998671116677509,5.35269026123871,600.586760995516,TRUE,7.3929337698012,0.153183424597875,28.3869975432832,2026-06-08 20:35:19,2026-06-08 20:36:23,NA
"43","2026-06-08 21:34:56","Collar_43_2026-06-08 21:34:56",2026-06-08 21:35:53,407.909995817927,8.82368188042804,8.00251351025225e-91,0.9985157613891,5.41029213779549,603.931766094303,7.25660336458784,0.161565222978294,4679.05492794916,9.6952596620704,1.46305060452637e-49,0.969715941148778,24.4385758749456,402.607796848456,0.998713672617781,5.11858557198335,604.333833881651,TRUE,7.1710466183725,0.164021943852572,29.2368233644389,2026-06-08 21:35:21,2026-06-08 21:36:25,NA
"43","2026-06-08 22:34:54","Collar_43_2026-06-08 22:34:54",2026-06-08 22:35:51,428.232787863133,9.03854906507127,7.18171451397438e-87,0.998018507124013,6.3257731264308,590.505989955211,7.36668656110391,0.14571223994263,4453.39159397097,8.74394858091149,1.03250185169206e-52,0.975944555828877,22.0406320500338,421.446479292177,0.998321488599325,5.91677233948589,591.119202720259,TRUE,7.27559679856166,0.145291309057177,23.0539565990959,2026-06-08 22:35:19,2026-06-08 22:36:23,NA
"43","2026-06-08 23:34:54","Collar_43_2026-06-08 23:34:54",2026-06-08 23:35:51,406.976352900526,8.18133255775259,1.81840848643992e-88,0.998236764700048,5.37157532653971,576.378407190904,6.63191329776356,0.130707238799497,4447.08854886173,7.84352347932958,8.27453072964023e-53,0.976112965772546,19.7709551221632,402.441268138414,0.998453736518031,5.11203291249804,576.842600697583,TRUE,6.5641759545558,0.129699153905287,21.5367159928273,2026-06-08 23:35:19,2026-06-08 23:36:23,NA
"44","2026-06-08 00:16:46","Collar_44_2026-06-08 00:16:46",2026-06-08 00:18:13,508.005023497267,4.33036269587295,9.80130027733156e-61,0.986615564559792,11.6845194570314,429.373129493992,5.28913238057237,0.0421886056169386,5284.59619199383,2.53166788431848,2.75401729867261e-77,0.996007685845635,6.38150599752662,351.645389674632,0.998864558902083,3.45858528639443,429.576226527323,TRUE,5.28777248064533,0.0429449355336931,6.7819275875494,2026-06-08 00:17:41,2026-06-08 00:18:45,"Time changed"
"44","2026-06-08 00:37:59","Collar_44_2026-06-08 00:37:59",2026-06-08 00:39:26,513.544991058419,4.86886410554848,2.46647974802249e-60,0.986217722876391,12.1932189989786,433.988670121791,5.43899023170601,0.0437133843911345,5326.0439939905,2.62316731637774,4.42719078135855e-77,0.995947069898611,6.61214611350442,353.627823830708,0.998893080504842,3.51173115414416,436.699359641966,TRUE,5.49479320020922,0.042430332035865,5.77205402772527,2026-06-08 00:38:54,2026-06-08 00:39:58,"Time changed"
"44","2026-06-08 01:37:57","Collar_44_2026-06-08 01:37:57",2026-06-08 01:39:24,1076.6817308766,4.57272505497536,7.86884137594921e-109,0.978678898507956,14.9815615844827,882.2153156293,5.41345405993431,0.0331500734489874,5559.96900914994,1.98928063836991,2.06129921969267e-150,0.995223052420681,7.09132684596109,859.184125578933,0.996119866618832,6.44162301441082,886.659817749825,TRUE,5.47245239725802,0.0262890119024605,5.88315096765799,2026-06-08 01:38:52,2026-06-08 01:39:56,"Time changed"
"44","2026-06-08 02:37:54","Collar_44_2026-06-08 02:37:54",2026-06-08 02:39:21,1029.57652664876,4.63874151820858,2.09082250149009e-118,0.984891820987774,12.4989714242956,876.42040789081,5.36559455809844,0.0324193940528808,6180.5793924685,1.94543378603133,3.73493902572062e-151,0.995348860407772,6.93502292629179,781.428155854878,0.99782803258131,4.77655276386075,876.593507966113,TRUE,5.36475090257206,0.0338628401970771,6.52052440367162,2026-06-08 02:38:49,2026-06-08 02:39:53,"Time changed"
"44","2026-06-08 03:37:58","Collar_44_2026-06-08 03:37:58",2026-06-08 03:39:25,1091.89892344465,4.48618112234818,6.17250491859637e-108,0.977981658089257,15.8845649679543,834.873923760732,5.65303843867316,0.0276316721334338,4667.9487747237,1.65813057595214,6.80355009141704e-163,0.996951162266421,5.91085322028446,810.519031164117,0.997548632851787,5.34203725785994,835.184624301297,TRUE,5.64923435915833,0.0301140958127189,5.65252141211773,2026-06-08 03:38:53,2026-06-08 03:39:57,"Time changed"
"44","2026-06-08 04:37:56","Collar_44_2026-06-08 04:37:56",2026-06-08 04:39:23,973.446386825944,4.05484294054267,3.43746258996942e-119,0.985312011988072,10.0720191867705,854.176616950765,4.38247372636141,0.0297611479711867,4579.85957467563,1.78591687061713,1.08063552376297e-144,0.994131669099167,6.36638189955935,770.060455838818,0.997020505588694,4.57221232014583,854.683656515001,TRUE,4.36474130253042,0.0290078465121324,6.67232813280853,2026-06-08 04:38:51,2026-06-08 04:39:55,"Time changed"
"44","2026-06-08 05:37:58","Collar_44_2026-06-08 05:37:58",2026-06-08 05:39:25,1066.88926161019,4.18815000705221,1.98492367057696e-111,0.980581317364461,14.4277996095629,836.581462221454,5.46680913842453,0.0278137391178445,4694.49043333761,1.66905611213631,1.12966895630812e-160,0.996697640647639,5.94980023789219,779.897509908097,0.997929401833008,4.74851533161974,836.725683365753,TRUE,5.46652074538038,0.0299114906442877,5.3437204459252,2026-06-08 05:38:53,2026-06-08 05:39:57,"Time changed"
"44","2026-06-08 06:37:57","Collar_44_2026-06-08 06:37:57",2026-06-08 06:39:24,1035.95219363162,5.03793118835643,1.04848244234716e-116,0.983938903133391,12.8092574904531,946.380631360724,5.32402635429234,0.0424291068138167,4747.29101415087,2.54609996016865,7.37644701212634e-136,0.991936175184994,9.07625935314962,882.267418582725,0.995224779283747,7.03967796421359,947.47220942922,TRUE,5.35069131511963,0.0389935988750418,9.26693577408133,2026-06-08 06:38:52,2026-06-08 06:39:56,"Time changed"
"44","2026-06-08 07:37:55","Collar_44_2026-06-08 07:37:55",2026-06-08 07:39:22,1054.3878936435,5.53840489269403,1.94636566435671e-106,0.976762007046736,13.7504931573895,1030.95703158189,4.72417190986752,0.0587404422791635,4594.37667027763,3.52491600644688,1.89983760481609e-111,0.980594604110212,12.5655128915132,962.1384017222,0.988917050353964,9.57119928166714,1038.97244450912,TRUE,4.86861448505018,0.0330308576243693,7.0798767575633,2026-06-08 07:38:50,2026-06-08 07:39:54,"Time changed"
"44","2026-06-08 08:37:56","Collar_44_2026-06-08 08:37:56",2026-06-08 08:39:23,1098.29481306556,5.01920074512188,4.16562062372684e-110,0.979635591979382,16.2801643619991,993.850720845977,6.0061419579348,0.0509279493208835,4607.9840699099,3.05610132936259,1.93380493174377e-132,0.990880886656874,10.8942966532087,927.775907670805,0.994680732777222,8.38626355091476,1000.99190938281,TRUE,6.1221418701422,0.0374387881231296,6.04613216730043,2026-06-08 08:38:51,2026-06-08 08:39:55,"Time changed"
"44","2026-06-08 09:37:55","Collar_44_2026-06-08 09:37:55",2026-06-08 09:39:22,546.185840110524,7.27248267365028,1.53611274395591e-57,0.983095233276769,15.6733752950006,552.8312509087,6.26607638426959,0.109052348950765,4892.13458778086,6.54404964352027,3.84985558463375e-56,0.981275501887171,16.4954069634922,502.136011188838,0.991928272695966,11.0064316147892,557.357654861605,TRUE,6.46530088062738,0.064462720854344,11.0629827858526,2026-06-08 09:38:50,2026-06-08 09:39:54,"Time changed"
"44","2026-06-08 10:37:57","Collar_44_2026-06-08 10:37:57",2026-06-08 10:39:24,605.215754469867,8.89620004919462,1.00012847899561e-51,0.974147181506179,24.6811475719162,561.171617566902,8.00172968119465,0.11627809575068,4802.17366822182,6.97765466189082,5.34001184599614e-61,0.986871078806555,17.588383274654,537.133577923508,0.991471077237719,14.4066779554547,565.622894628458,TRUE,8.21942905415019,0.0442434704400371,6.287474653594,2026-06-08 10:38:52,2026-06-08 10:39:56,"Time changed"
"44","2026-06-08 11:37:57","Collar_44_2026-06-08 11:37:57",2026-06-08 11:39:24,694.08805842326,25.8790555923049,1.25912097271023e-45,0.95962999135469,48.894885662963,696.523425814201,12.4991116706733,0.329360354862615,5384.25904864118,19.7643657708052,4.1017278821404e-45,0.958088747806486,49.8194962636879,666.936434182303,0.975001110810439,39.1020680021872,704.037866313093,TRUE,13.2769843186441,0.0558152093306982,8.76449678858682,2026-06-08 11:38:52,2026-06-08 11:39:56,"Time changed"
"44","2026-06-08 12:37:57","Collar_44_2026-06-08 12:37:57",2026-06-08 12:39:24,703.256725199985,20.1295271853841,1.4053929583431e-55,0.980489997498851,52.4678714201665,651.400143537746,19.6241480265127,0.2327698701052,5090.95210352734,13.9681318205434,1.7040131872582e-66,0.991214226910937,35.2090878662136,624.314584806256,0.994553929422392,28.1716168345377,656.404995024087,TRUE,20.0586029076342,0.0786631388951319,11.3704212394414,2026-06-08 12:38:52,2026-06-08 12:39:56,"Time changed"
"44","2026-06-08 13:37:54","Collar_44_2026-06-08 13:37:54",2026-06-08 13:39:21,677.887106052569,32.6488483595354,3.10244558433654e-58,0.983932056521401,43.1658681048107,744.518848439176,17.4643564293029,0.476442961814112,4889.63895091805,28.5905477911808,3.32380222908533e-44,0.955212462143488,72.0674118955802,607.964057914352,0.994847157340112,24.8421471384237,745.875368369697,TRUE,17.9371965473955,0.376862526065672,74.4625001622796,2026-06-08 13:38:49,2026-06-08 13:39:53,"Time changed"
"44","2026-06-08 14:37:54","Collar_44_2026-06-08 14:37:54",2026-06-08 14:39:21,725.097022331646,21.6530942821046,4.14144423788459e-56,0.981232065733648,62.066307846016,642.504403746569,23.7106338351066,0.217374465961507,5264.08418431074,13.0442792857955,1.70355551242266e-73,0.9947328252463,32.8803580482772,588.545617519325,0.997840621422574,21.3952529713224,648.879250301866,TRUE,24.1868761250783,0.0906506962195674,14.4984321239348,2026-06-08 14:38:49,2026-06-08 14:39:53,"Time changed"
"44","2026-06-08 15:37:55","Collar_44_2026-06-08 15:37:55",2026-06-08 15:39:22,615.81072797218,13.7267901105249,6.5065268187542e-64,0.98938959401521,26.7768977680213,581.769846336858,13.5977639329808,0.136241985903761,4936.69612950403,8.1756544252754,4.44621379238176e-71,0.993715229380136,20.6081485141741,471.509271136375,0.998916415700577,8.69622902323046,581.931860773364,TRUE,13.5438829651966,0.16501360167773,20.8610271865645,2026-06-08 15:38:50,2026-06-08 15:39:54,"Time changed"
"44","2026-06-08 16:37:54","Collar_44_2026-06-08 16:37:54",2026-06-08 16:39:21,606.402070672573,8.68473953349618,7.08297029106964e-59,0.984667938031405,24.9074064058262,478.328300753437,10.5440113808493,0.0614810142619116,4598.16689306133,3.68937316192586,7.80311086759086e-86,0.997862620602044,9.29970202876022,382.723786073834,0.99953828000852,4.39261278019945,478.531116786235,TRUE,10.5471103808066,0.0616099051553282,10.159210141389,2026-06-08 16:38:49,2026-06-08 16:39:53,"Time changed"
"44","2026-06-08 17:37:54","Collar_44_2026-06-08 17:37:54",2026-06-08 17:39:21,590.150867873302,8.9444501482983,4.04687633221313e-57,0.982567444713581,21.9805056333384,536.99799498543,8.70205759359828,0.0965473687910011,4650.63016348177,5.7936466330021,2.61929252041705e-68,0.992304752383947,14.6038866176184,493.970647236564,0.996267399081199,10.3363757742316,543.359285114804,TRUE,8.91030741652192,0.0551613211383941,6.9285147004289,2026-06-08 17:38:49,2026-06-08 17:39:53,"Time changed"
"44","2026-06-08 18:37:56","Collar_44_2026-06-08 18:37:56",2026-06-08 18:39:23,590.987314661865,7.31133424469198,1.34668307485179e-54,0.979039330954383,22.1223886989715,522.874161011384,7.98858207681136,0.0866077132787127,4898.66340165571,5.19718447755351,6.17834904358008e-69,0.992649611951739,13.1004007749967,505.688632041858,0.994694086821996,11.3113613170287,527.121452686999,TRUE,8.13703562405528,0.0343085198956954,5.31422149571684,2026-06-08 18:38:51,2026-06-08 18:39:55,"Time changed"
"44","2026-06-08 19:37:58","Collar_44_2026-06-08 19:37:58",2026-06-08 19:39:25,543.849678590981,7.96455968230536,1.90873998019709e-64,0.989794677785219,15.3942329955855,529.518497463711,7.96346487636335,0.0911493308487444,5172.68859121475,5.46971937594061,1.83693856437291e-67,0.991813964945429,13.7873720398159,436.784168650601,0.998151805499183,6.6576948972819,530.512137916401,TRUE,8.03049302290022,0.0835301566890022,12.8135573379446,2026-06-08 19:38:53,2026-06-08 19:39:57,"Time changed"
"44","2026-06-08 20:37:56","Collar_44_2026-06-08 20:37:56",2026-06-08 20:39:23,573.541029774881,6.60158263223397,5.71065656582279e-56,0.981039716687329,19.3441097526057,477.155942379703,7.35583578521348,0.0609290623168227,5253.48223126295,3.65625144594036,2.93631582449946e-76,0.995696197471082,9.21621302511993,453.411169206484,0.997191483868532,7.56606651441952,480.139858622259,TRUE,7.43988206352777,0.0378968767208082,5.57179491252431,2026-06-08 20:38:51,2026-06-08 20:39:55,"Time changed"
"44","2026-06-08 21:37:57","Collar_44_2026-06-08 21:37:57",2026-06-08 21:39:24,576.479742174787,6.30751125109394,5.3464483094857e-55,0.979644922466486,19.7863725874052,469.660358353286,7.26299706938682,0.0575153538686711,5039.2822559163,3.45140049345611,1.74880956642577e-77,0.996064825386688,8.69985083165269,451.352116923677,0.99720801854972,7.44717267526522,471.154225848544,TRUE,7.31936063451195,0.0426146859573122,6.15838864806156,2026-06-08 21:38:52,2026-06-08 21:39:56,"Time changed"
"44","2026-06-08 22:37:56","Collar_44_2026-06-08 22:37:56",2026-06-08 22:39:23,558.821685903163,6.12057585518188,8.01988235438059e-57,0.982184888370342,17.2733049883164,454.564492720861,6.77866360311599,0.0512097473899363,4737.59142386556,3.07301156165994,9.09010304214214e-79,0.996417394794125,7.74605619981653,418.840748260412,0.998055595585142,5.79935672795873,454.773237525435,TRUE,6.78321489975815,0.0518810831850887,7.77739403044895,2026-06-08 22:38:51,2026-06-08 22:39:55,"Time changed"
"44","2026-06-08 23:37:55","Collar_44_2026-06-08 23:37:55",2026-06-08 23:39:22,539.100590874527,6.26524813767346,8.036805742843e-60,0.985691196696192,14.8420076429988,497.930925230754,6.486011609109,0.0714871587036043,4866.54650827569,4.28982520717465,1.73320195637657e-68,0.992404959320974,10.8132450774819,452.362726124461,0.996457233874147,7.50529199167107,499.407449602086,TRUE,6.56141239073764,0.0667013784517746,9.61347381432722,2026-06-08 23:38:50,2026-06-08 23:39:54,"Time changed"
"45","2026-06-08 00:25:51","Collar_45_2026-06-08 00:25:51",2026-06-08 00:27:18,562.10786724068,5.64924694215618,7.36258489048225e-56,0.980886211755337,17.7155106450381,394.170956095231,6.71906700716973,0.0321806141521561,5475.099155169,1.93110500229351,3.29837040449629e-91,0.998556940972024,4.86768356557445,340.127233092938,0.999409163038498,3.16533350925716,394.410291247537,TRUE,6.71718368553631,0.0350625794349709,4.79572324143703,2026-06-08 00:26:46,2026-06-08 00:27:50,"Time changed"
"45","2026-06-08 00:47:00","Collar_45_2026-06-08 00:47:00",2026-06-08 00:48:27,524.375973264717,5.89382832762083,2.89243370112699e-62,0.988031559541839,13.2526194230462,468.306758211774,6.34052949335612,0.0569195932488145,5609.86846251276,3.41564989193761,4.56188142705495e-74,0.994948577357319,8.60973526814664,394.049505023666,0.998484550380195,4.79246614321262,469.938683744977,TRUE,6.34713989549744,0.0505593463969168,6.61895369003997,2026-06-08 00:47:55,2026-06-08 00:48:59,"Time changed"
"45","2026-06-08 01:47:00","Collar_45_2026-06-08 01:47:00",2026-06-08 01:48:27,1113.20837839876,5.10472383915158,1.94648037456281e-109,0.97913914361321,17.2412940467582,795.587100150695,6.30771207957851,0.0237565786552928,5534.03871247365,1.42559267706025,2.37483202511213e-177,0.998187632682664,5.08190922248498,727.189887373102,0.99896154683555,3.87718890600425,795.800427683231,TRUE,6.30087098450166,0.0234625630599818,6.36143132933309,2026-06-08 01:47:55,2026-06-08 01:48:59,"Time changed"
"45","2026-06-08 02:46:58","Collar_45_2026-06-08 02:46:58",2026-06-08 02:48:25,1041.60298031015,5.44118211394342,2.1274224900038e-124,0.987821612123283,13.0906985789224,913.721818432304,6.25948778009465,0.0374206910929305,6483.57970795555,2.24555328301579,9.64682849504962e-152,0.99544620181773,8.00487974031384,727.985956884691,0.998941920975718,3.88907829775401,914.076290243864,TRUE,6.26266218365413,0.0379356466959063,8.86843918976609,2026-06-08 02:47:53,2026-06-08 02:48:57,"Time changed"
"45","2026-06-08 03:47:02","Collar_45_2026-06-08 03:47:02",2026-06-08 03:48:29,1031.76326346401,3.64406332891413,1.95451708838743e-111,0.980586000027959,12.6045376626111,766.316782300083,4.77841176701319,0.0212271567894647,4126.57875935658,1.2738062880586,3.41350836982828e-168,0.997480404318261,4.54082574013586,703.904815954312,0.998488296492941,3.54505053543642,766.36795552407,TRUE,4.78279129139768,0.0220975831695372,5.16300727049051,2026-06-08 03:47:57,2026-06-08 03:49:01,"Time changed"
"45","2026-06-08 04:46:59","Collar_45_2026-06-08 04:46:59",2026-06-08 04:48:26,1030.7992079553,3.27814926367055,2.90135980407727e-109,0.979008653075556,12.5578877644327,786.669696234896,4.57678291081037,0.0229555969081642,4061.03461467966,1.37752709784811,1.82925352612133e-161,0.996790256650034,4.91056651414141,742.978755246525,0.99777593280737,4.11993257191664,786.706399498382,TRUE,4.58036907328223,0.0251713480353918,5.19009472139848,2026-06-08 04:47:54,2026-06-08 04:48:58,"Time changed"
"45","2026-06-08 05:47:01","Collar_45_2026-06-08 05:47:01",2026-06-08 05:48:28,1044.72881734396,3.62732783509363,3.88061496351013e-107,0.977340097809094,13.2490307127498,764.984047170444,4.64883601683136,0.0211186268090341,4224.80555487605,1.26729358487906,5.93349640964093e-167,0.997365445515189,4.51760945480835,747.045023769676,0.997774565064247,4.18487272590006,765.273227787387,TRUE,4.6392017550979,0.0225737304250372,5.03906621889033,2026-06-08 05:47:56,2026-06-08 05:49:00,"Time changed"
"45","2026-06-08 06:46:58","Collar_45_2026-06-08 06:46:58",2026-06-08 06:48:25,1102.07965730037,4.46989261827866,5.67928187816472e-97,0.967336859413851,16.5188895891425,931.628825854498,4.81275614784375,0.0400887960366155,4161.94396058188,2.40566181230093,2.02109743480835e-133,0.991197049045197,8.57562973409924,932.257933708431,0.99142237506172,8.53208392813422,934.321775021412,TRUE,4.86932724506441,0.0281805786312113,5.57922659276787,2026-06-08 06:47:53,2026-06-08 06:48:57,"Time changed"
"45","2026-06-08 07:46:59","Collar_45_2026-06-08 07:46:59",2026-06-08 07:48:26,979.320117577799,3.58445870719832,2.08573805248902e-108,0.97835172238842,10.3021485835279,908.85210210583,3.67982342236066,0.0367263364096456,4031.16583941805,2.20388621613144,1.78143082096037e-123,0.987410486094247,7.85634625323804,847.322477210039,0.992395119592333,6.1543478821597,911.135076974039,TRUE,3.72759767720531,0.0276744098849876,6.00690172268472,2026-06-08 07:47:54,2026-06-08 07:48:58,"Time changed"
"45","2026-06-08 08:46:59","Collar_45_2026-06-08 08:46:59",2026-06-08 08:48:26,932.273708595596,3.14776751591978,1.03080100772567e-113,0.982113367348764,8.59692642527292,779.914527982947,3.39027145836851,0.0223668592244781,4125.01437940831,1.34219793102024,2.72344725411715e-146,0.994459637357304,4.78462617956036,727.400810243409,0.996412918024103,3.88033551990551,780.20954295377,TRUE,3.38086261477329,0.0240621978006014,4.1280359164329,2026-06-08 08:47:54,2026-06-08 08:48:58,"Time changed"
"45","2026-06-08 09:46:56","Collar_45_2026-06-08 09:46:56",2026-06-08 09:48:23,NA,NA,NA,NA,NA,382.090333319154,3.66976255391149,0.0293248816514772,4128.73318762138,1.75973725613434,3.08594437354788e-77,0.995993238003919,4.43572157456006,384.458165385135,0.996092596226342,4.45160896365666,382.291659860227,TRUE,3.67993202408031,0.0294775183465311,4.15049388609772,2026-06-08 09:47:51,2026-06-08 09:48:55,"Time changed"
"45","2026-06-08 10:46:56","Collar_45_2026-06-08 10:46:56",2026-06-08 10:48:23,497.648690198279,2.33860009393807,1.5012555159795e-45,0.959404091918515,10.7897945690152,392.839537059722,2.79865522395649,0.0318527124416737,4034.33467898506,1.91142816734005,1.29034883702282e-67,0.991905225212682,4.81808470584815,391.710991216894,0.992519362166121,4.70702730639158,392.84780208223,TRUE,2.79680612205937,0.0353373873837901,5.70845723897562,2026-06-08 10:47:51,2026-06-08 10:48:55,"Time changed"
"45","2026-06-08 11:46:58","Collar_45_2026-06-08 11:46:58",2026-06-08 11:48:25,494.936203828751,2.2750539282469,1.65889076619952e-44,0.956189066973142,10.5669949579372,418.543248352381,2.63114846949699,0.0388164217277139,4116.78465392398,2.32930875138381,1.36507765983627e-60,0.986474089251436,5.87142486544934,421.146383669543,0.986761663048432,5.9031296499788,418.80206463353,TRUE,2.64272867609899,0.0413750208993021,6.11987375555575,2026-06-08 11:47:53,2026-06-08 11:48:57,"Time changed"
"45","2026-06-08 12:46:58","Collar_45_2026-06-08 12:46:58",2026-06-08 12:48:25,427.286778369014,2.20919242740695,5.31129798213879e-53,0.976446684623428,6.27990758409174,413.871298060724,2.12651458976724,0.0374462030757027,3876.31114814632,2.24708421456721,7.9571405413977e-56,0.980839045547849,5.66416372425103,392.864475617376,0.986958269681264,4.74897839681204,413.9598113773,TRUE,2.13437490286987,0.0375838842798899,4.75270827073637,2026-06-08 12:47:53,2026-06-08 12:48:57,"Time changed"
"45","2026-06-08 13:46:56","Collar_45_2026-06-08 13:46:56",2026-06-08 13:48:23,426.223057419336,1.63747993772671,8.22973827477538e-51,0.972359001107144,6.2287320924051,415.280133317347,1.94282063178727,0.037854221749066,3866.58511016807,2.27156873488853,4.08649171603414e-53,0.976641814973725,5.72588118499889,401.159385047002,0.982324725951504,5.06187271279621,415.297570734941,TRUE,1.93812003473149,0.0419082662751053,6.71331467405695,2026-06-08 13:47:51,2026-06-08 13:48:55,"Time changed"
"45","2026-06-08 14:46:56","Collar_45_2026-06-08 14:46:56",2026-06-08 14:48:23,NA,NA,NA,NA,NA,529.179244203446,0.0722136481731965,0.0909117739705723,3827.62766399134,5.45546398374708,0.429987338520191,0.00991584812576332,13.7514388625838,442.017321090232,0.756455709636923,6.93116793290902,529.182313742005,TRUE,0.0707900205672116,0.0943089312760031,17.3335423187124,2026-06-08 14:47:51,2026-06-08 14:48:55,"Time changed"
"45","2026-06-08 15:47:00","Collar_45_2026-06-08 15:47:00",2026-06-08 15:48:27,393.12640985668,1.63369545766031,2.48130638145243e-54,0.97862883421681,4.82872857964022,382.666108385861,1.71740886706873,0.0294550507444449,3929.22664306039,1.76754848637952,1.55762575832692e-56,0.981805580881231,4.4554111290101,348.771561010892,0.989843419010903,3.38296740345367,382.667032073112,TRUE,1.71783862328272,0.0323118418917214,4.8929930809318,2026-06-08 15:47:55,2026-06-08 15:48:59,"Time changed"
"45","2026-06-08 16:46:55","Collar_45_2026-06-08 16:46:55",2026-06-08 16:48:22,497.914218685256,2.59627510005795,1.18033940684891e-49,0.969921574278927,10.811855536225,392.122955936001,3.26158206994192,0.0316776181324223,4018.07113757228,1.90092104976703,6.32976672659641e-72,0.994092337288771,4.79159970194056,394.881475655427,0.994204101129008,4.82323519634236,392.737344029961,TRUE,3.28302777497796,0.0287119900021259,4.83851805826513,2026-06-08 16:47:50,2026-06-08 16:48:54,"Time changed"
"45","2026-06-08 17:46:55","Collar_45_2026-06-08 17:46:55",2026-06-08 17:48:22,NA,NA,NA,NA,NA,382.963659121344,3.56104550129597,0.0295225462047834,4336.85179289846,1.77159877642294,3.10370757963274e-76,0.995688616379124,4.46562058435134,384.286553084914,0.995862579063122,4.44573629571788,383.006053530826,TRUE,3.5651067274071,0.0258629942016796,3.84225969924207,2026-06-08 17:47:50,2026-06-08 17:48:54,"Time changed"
"45","2026-06-08 18:47:01","Collar_45_2026-06-08 18:47:01",2026-06-08 18:48:28,476.477703231694,2.93301727938156,5.18825072106524e-56,0.981097357810282,9.16825518752832,411.718236308247,3.48695842863311,0.0368311260719655,4425.71695855017,2.21017446905718,1.21011719275858e-69,0.993020325938928,5.57112633818691,388.0958880666,0.995436713827503,4.57793525073999,411.768312252156,TRUE,3.48226749120421,0.0387771329535423,6.33194323458786,2026-06-08 18:47:56,2026-06-08 18:49:00,"Time changed"
"45","2026-06-08 19:47:03","Collar_45_2026-06-08 19:47:03",2026-06-08 19:48:30,480.239742684073,4.05109304162409,3.89568282064166e-60,0.986016322706358,9.43744945872668,434.38641320723,4.17331617777847,0.0438473330170486,5007.45693005547,2.63120535009364,8.68003987935561e-70,0.993093555897144,6.63240736526023,384.105734043192,0.997003731946961,4.43955694975233,434.3908542299,TRUE,4.17154025538217,0.0459061767259599,7.89407519069135,2026-06-08 19:47:58,2026-06-08 19:49:02,"Time changed"
"45","2026-06-08 20:47:01","Collar_45_2026-06-08 20:47:01",2026-06-08 20:48:28,513.957428419747,2.9954454552452,2.69126148019886e-53,0.976949378801491,12.2319645751845,411.999688528364,4.21746829335558,0.0369109524704839,4628.59398933633,2.21496471814208,9.27783250400927e-75,0.995197617709037,5.5832009880469,406.214918306826,0.995868761756254,5.26260017025511,412.171521954527,TRUE,4.20570097940268,0.0358538784041046,5.69550970099242,2026-06-08 20:47:56,2026-06-08 20:49:00,"Time changed"
"45","2026-06-08 21:47:02","Collar_45_2026-06-08 21:47:02",2026-06-08 21:48:29,483.131251243889,3.27530384304081,1.00745472453875e-57,0.983320043500575,9.64971260199911,394.658133068972,3.91226814758335,0.0323014377449993,4637.54640881475,1.93835542465747,2.39896357261248e-76,0.995723722475098,4.88595950693579,357.7149622168,0.997722250354916,3.62389222408374,394.669058612285,TRUE,3.90960074066963,0.0318933568533136,4.61936983072128,2026-06-08 21:47:57,2026-06-08 21:49:01,"Time changed"
"45","2026-06-08 22:47:01","Collar_45_2026-06-08 22:47:01",2026-06-08 22:48:28,530.005898397612,3.23787252764068,2.82276095177073e-49,0.969077793718583,13.8391612026225,415.442522050198,4.11871179211174,0.0379015366722068,4633.94137209227,2.27440802454063,2.15533566167263e-73,0.994693348183135,5.73303810477333,419.43001251555,0.994694369373247,5.82570373128017,415.530527034467,TRUE,4.12469384971688,0.0375221586294228,5.62723590487761,2026-06-08 22:47:56,2026-06-08 22:49:00,"Time changed"
"49","2026-06-08 01:09:28","Collar_49_2026-06-08 01:09:28",2026-06-08 01:10:55,1463.12964653078,5.07953864752961,6.22192370411384e-164,0.979031739515335,10.2005946185176,1650.64487325367,3.63148594707103,0.0629722529540869,5751.60411441096,3.77885990958262,1.26555461589781e-123,0.945148669899813,16.4982495627467,1180.02525910615,0.995190083631383,4.91105751765268,1651.76487412179,TRUE,3.68813884995284,0.0641616648224382,19.0803657209879,2026-06-08 01:10:23,2026-06-08 01:11:27,"Time changed"
"49","2026-06-08 02:09:27","Collar_49_2026-06-08 02:09:27",2026-06-08 02:10:54,NA,NA,NA,NA,NA,1356.6885907395,1.63056008643335,0.0296351199362112,4725.72812036775,1.7783541383579,6.54226842988348e-120,0.94006831503591,7.76417519770207,1349.45600165869,0.943423013211544,7.58313801709352,1357.0384689021,TRUE,1.61638496473203,0.0332575781989048,7.51487952882718,2026-06-08 02:10:22,2026-06-08 02:11:26,"Time changed"
"49","2026-06-08 03:09:29","Collar_49_2026-06-08 03:09:29",2026-06-08 03:10:56,1191.44712180943,1.91593148985003,9.02379813629249e-153,0.972634042273921,5.08260617323261,1319.12732824471,1.58570175002891,0.0269140703950598,4628.21668834221,1.61506849205044,2.52402746489644e-125,0.947328731790564,7.05128098959355,1168.74503192885,0.976136119779704,4.77104634109014,1319.2109474326,TRUE,1.57863853104459,0.0295760394254888,7.8698595825896,2026-06-08 03:10:24,2026-06-08 03:11:28,"Time changed"
"49","2026-06-08 04:09:25","Collar_49_2026-06-08 04:09:25",2026-06-08 04:10:52,NA,NA,NA,NA,NA,1256.36720877177,1.13392538843313,0.0229134902181151,4577.40569600443,1.37500034558045,1.30276766510762e-111,0.926948919118122,6.00315952245891,1226.93221001301,0.938459382592938,5.53872058131586,1256.72613605989,TRUE,1.13945489176735,0.0241660464993137,5.54304466555031,2026-06-08 04:10:20,2026-06-08 04:11:24,"Time changed"
"49","2026-06-08 05:09:29","Collar_49_2026-06-08 05:09:29",2026-06-08 05:10:56.454545,1386.04849221078,2.89144386528176,3.4851623542437e-91,0.87714987662907,7.93361338846714,1499.20851950249,1.0497707096254,0.0395395757507392,4585.32321404362,2.39242900488763,7.77884995301249e-67,0.782438755987405,10.5578138717886,1201.3244995831,0.952638312309888,4.95135414382784,1499.22051888676,TRUE,1.05405118928649,0.0429955421142773,12.0432852267576,2026-06-08 05:10:24,2026-06-08 05:11:28,"Time changed"
"49","2026-06-08 06:09:25","Collar_49_2026-06-08 06:09:25",2026-06-08 06:10:52,1317.26835194379,0.611548333118467,1.96926226707383e-59,0.746565813556214,7.01775028933047,1364.86865122804,0.607978580222706,0.0302632666845534,4682.82494376582,1.81604817745121,3.51284848695701e-49,0.676497038432664,7.92874485068452,1231.07203294308,0.84041783284926,5.59782686540409,1366.02711763267,TRUE,0.637337260583248,0.0298449587536284,8.345511801024,2026-06-08 06:10:20,2026-06-08 06:11:24,"Time changed"
"49","2026-06-08 07:09:25","Collar_49_2026-06-08 07:09:25",2026-06-08 07:10:52,1318.0243562031,0.789298481201943,9.19610528955252e-74,0.819877247664106,7.03136719873372,1279.36267428862,0.811025648478984,0.0243051572831344,4555.09303084051,1.45851196590189,4.42710543977951e-82,0.852271882497777,6.36776566992649,1226.21290160939,0.889799902321158,5.52851448781156,1279.5901577509,TRUE,0.822042774508818,0.0245629968614176,5.42065644452862,2026-06-08 07:10:20,2026-06-08 07:11:24,"Time changed"
"49","2026-06-08 08:09:28","Collar_49_2026-06-08 08:09:28",2026-06-08 08:10:55,1235.2273984423,0.611454322023101,4.43657699827921e-54,0.712108261559479,5.68642227286261,1254.01254417809,0.464433117966083,0.0227755644839849,4485.61703207131,1.36672365223132,4.93498358421633e-50,0.682994671790305,5.96702403300033,1207.64032784992,0.755161325096839,5.2714062500086,1254.68952952865,TRUE,0.473138900267138,0.0248843159462054,6.06875721920827,2026-06-08 08:10:23,2026-06-08 08:11:27,"Time changed"
"49","2026-06-08 09:09:25","Collar_49_2026-06-08 09:09:25",2026-06-08 09:10:52,426.147793151671,1.79997155803035,3.76646513955763e-48,0.966428191840892,6.22512697488156,436.506347217485,1.74735354438736,0.0445682214300835,4575.48364508813,2.67446466186205,5.71900777791497e-46,0.960628230783487,6.74144992933782,415.445076181708,0.973224399969104,5.64983560331893,436.74660545789,TRUE,1.73128555479062,0.0438127828746225,7.2045611817834,2026-06-08 09:10:20,2026-06-08 09:11:24,"Time changed"
"49","2026-06-08 10:09:29","Collar_49_2026-06-08 10:09:29",2026-06-08 10:10:43.5,278.970489363056,1.9120503803108,9.22876212469839e-20,0.889393404225385,7.52957975651986,262.943849114641,1.83946797013637,0.0844118883005642,4588.72893998402,3.88065238259598,4.47454248854985e-23,0.925907544100318,6.16264598243877,259.582431169236,0.93836201816466,5.77490677973125,263.381221172405,TRUE,1.79254989578306,0.0791071405229486,4.0582204655879,2026-06-08 10:10:24,2026-06-08 10:11:03,"Time changed"
"49","2026-06-08 11:09:27","Collar_49_2026-06-08 11:09:27",2026-06-08 11:10:54,458.532421781112,1.0468787780454,1.84434835234293e-26,0.836475967323501,7.98613064397735,447.041858652062,0.962689741303922,0.0483305311914049,4520.57825892283,2.90023459794572,6.93334632103045e-29,0.862972439916451,7.31054203265176,420.258991600973,0.914663735564696,5.86297155633995,447.114980682448,TRUE,0.96362403061909,0.0499121534492228,7.29017751226777,2026-06-08 11:10:22,2026-06-08 11:11:26,"Time changed"
"49","2026-06-08 12:09:31","Collar_49_2026-06-08 12:09:31",2026-06-08 12:10:58,478.34209725792,3.46340873491179,1.04004703334856e-32,0.89632669142434,9.30068903021554,509.415403115821,1.38321501995202,0.0780898410809263,4527.14416728805,4.68604116834665,3.73530369311506e-26,0.832782468157206,11.8119758147151,458.360467669626,0.928313923060272,7.85967175436754,509.488240197151,TRUE,1.38068580649529,0.0812789744271817,13.3312571582153,2026-06-08 12:10:26,2026-06-08 12:11:30,"Time changed"
"49","2026-06-08 13:09:29","Collar_49_2026-06-08 13:09:29",2026-06-08 13:10:56,NA,NA,NA,NA,NA,479.522639070258,1.04016131514506,0.0620484563476171,4438.0098579424,3.7234244154239,6.60340947326878e-25,0.816871871012132,9.38553409218647,482.498805404116,0.819733776245021,9.46333033587969,479.622930174359,TRUE,1.03031112421016,0.0632849901563741,10.0769048736341,2026-06-08 13:10:24,2026-06-08 13:11:28,"Time changed"
"49","2026-06-08 14:09:29","Collar_49_2026-06-08 14:09:29",2026-06-08 14:10:56,413.041873547215,3.68227785591656,8.14295709977156e-48,0.965596780241513,5.62814033184253,467.277292211209,1.52784655200553,0.0564706287552219,4449.63360454012,3.38870828121105,2.16507312051962e-36,0.920755246077962,8.54182428681315,395.180145739735,0.97542288111027,4.83432913589838,467.289099306452,TRUE,1.53388147202251,0.0570084709470726,9.38855032030941,2026-06-08 14:10:24,2026-06-08 14:11:28,"Time changed"
"49","2026-06-08 15:09:30","Collar_49_2026-06-08 15:09:30",2026-06-08 15:10:57,434.492598999808,3.41232399719541,1.17525656216585e-56,0.981967506260916,6.63782702017399,440.491275315054,2.56804715573025,0.045955538472556,4443.44891794527,2.75771524458302,2.15289376030465e-55,0.980224126865689,6.95129739638601,413.946405595626,0.987639058855421,5.58507696282776,440.574318676969,TRUE,2.57162722797191,0.046345169052126,7.4969900271142,2026-06-08 15:10:25,2026-06-08 15:11:29,"Time changed"
"49","2026-06-08 16:09:27","Collar_49_2026-06-08 16:09:27",2026-06-08 16:10:54,507.481088387867,4.06661462574574,2.36195994878621e-22,0.7794496975413,11.6375224568707,522.887519507533,1.10370675569161,0.0866166133421667,4521.58946799009,5.19771855552279,4.28749368933653e-19,0.720459323483679,13.1017470107274,502.298748094147,0.808505512140241,11.0202183393266,522.950021714356,TRUE,1.11331967343233,0.0923589095533716,13.4098568764478,2026-06-08 16:10:22,2026-06-08 16:11:26,"Time changed"
"49","2026-06-08 17:09:29","Collar_49_2026-06-08 17:09:29",2026-06-08 17:10:56,483.313290330292,2.50738510453949,2.3231206533363e-08,0.392910503976521,9.66323456616746,492.91810237844,0.354207383100436,0.0687830713863812,4550.05128805506,4.12755743564494,2.77974713013644e-06,0.296236361300815,10.4042211436412,455.960864377865,0.625222991370364,7.71592486299988,492.946529673574,TRUE,0.345208351845354,0.0754575035236104,10.3947256046327,2026-06-08 17:10:24,2026-06-08 17:11:28,"Time changed"
"49","2026-06-08 18:09:26","Collar_49_2026-06-08 18:09:26",2026-06-08 18:10:38,232.294486152538,2.44630547727048,5.71060050554869e-26,0.966746249847915,6.31709904184772,231.355788083693,3.27622753573338,0.104318107800429,4718.71606877107,4.50625247514003,3.66697444391669e-26,0.96762625993191,6.23295238115705,225.622151452649,0.975486016772875,5.59603518673896,232.172738275627,TRUE,3.35076215930375,0.0915648384530197,5.6968849177509,2026-06-08 18:10:21,2026-06-08 18:10:55,"Time changed"
"49","2026-06-08 19:09:30","Collar_49_2026-06-08 19:09:30",2026-06-08 19:10:57,431.104622947959,3.51235299363766,1.59945516789008e-61,0.987363956807339,6.46707099007831,424.948939375717,3.00146948946955,0.0407769896776978,5013.79742413092,2.44695916531466,8.09409196126052e-63,0.988505709004066,6.16798304622878,380.473318434958,0.994547513772067,4.31722539764174,425.476988279499,TRUE,3.02231471247295,0.0396278419360571,4.85577696188065,2026-06-08 19:10:25,2026-06-08 19:11:29,"Time changed"
"49","2026-06-08 20:09:24","Collar_49_2026-06-08 20:09:24",2026-06-08 20:10:51,485.698962490862,1.61269425246346,3.11126186105538e-39,0.935607104593153,9.84220486596112,488.247905595944,1.9659112705428,0.0663559258384244,5312.61506199712,3.98190847795903,1.07147194835282e-38,0.933031804238428,10.0370877993494,433.626553413786,0.972823548084982,6.49793195265208,488.899954687211,TRUE,1.96161705887209,0.0527681800308095,5.36844893955227,2026-06-08 20:10:19,2026-06-08 20:11:23,"Time changed"
"49","2026-06-08 21:09:28","Collar_49_2026-06-08 21:09:28",2026-06-08 21:10:55,NA,NA,NA,NA,NA,567.364580155486,2.01014875873518,0.121951432706264,5293.39893037024,7.31810215375114,1.5741524711176e-24,0.811769253360336,18.4465399565027,521.679105498085,0.912356568526257,12.7918888807391,567.533821591989,TRUE,2.00948688478995,0.126880899175967,19.5980431265826,2026-06-08 21:10:23,2026-06-08 21:11:27,"Time changed"
"49","2026-06-08 22:09:29","Collar_49_2026-06-08 22:09:29",2026-06-08 22:10:56,490.216380072344,5.8989798749441,1.59296737724257e-53,0.977329812821036,10.1902269999067,573.276678139454,3.40385385715815,0.127625545370446,5246.84183971767,7.65859619459108,4.97245859625645e-36,0.918638559189487,19.3048139730912,433.865419214439,0.991041754435543,6.50988241849951,573.27700516584,TRUE,3.40335334357737,0.137494919978059,23.1086695645906,2026-06-08 22:10:24,2026-06-08 22:11:28,"Time changed"
"49","2026-06-08 23:09:29","Collar_49_2026-06-08 23:09:29",2026-06-08 23:10:41,278.09250624193,1.65860991574271,1.99348351388832e-19,0.917256867576046,12.1522886738176,267.083196362636,3.93716548770563,0.173788059239357,5117.06582550628,7.50716139900988,1.09818238633269e-21,0.939587906517399,10.3837456458173,252.141185134127,0.964837190094287,8.17353652924088,267.277800996468,TRUE,4.01169363211002,0.180037419214095,10.5000615795008,2026-06-08 23:10:24,2026-06-08 23:10:58,"Time changed"
"50","2026-06-08 00:42:33","Collar_50_2026-06-08 00:42:33",2026-06-08 00:43:30,NA,NA,NA,NA,NA,410.85354626531,0.657465714470974,0.0365869581782367,4925.55905038809,2.19552236084229,1.74804020787313e-26,0.836753312580475,5.5341931697295,405.450887493635,0.858739431608569,5.23176173647665,412.788880331404,TRUE,0.613480879305986,0.0315174200565956,4.16637885537629,2026-06-08 00:42:58,2026-06-08 00:44:02,NA
"50","2026-06-08 01:42:29","Collar_50_2026-06-08 01:42:29",2026-06-08 01:43:26,NA,NA,NA,NA,NA,857.309852697339,1.34148315132935,0.030121966517894,5133.60873489627,1.80756899003202,8.91595713885326e-80,0.939375863622256,6.44356671336448,839.11360314129,0.948891402957396,5.96307455005156,859.33915834548,TRUE,1.31194582376737,0.0289914597813413,4.98745758502659,2026-06-08 01:42:54,2026-06-08 01:43:58,NA
"50","2026-06-08 02:42:31","Collar_50_2026-06-08 02:42:31",2026-06-08 02:43:28,NA,NA,NA,NA,NA,825.515242549034,1.00221609067335,0.0266547595158246,5693.29199961381,1.59950767852238,4.94898225933708e-71,0.916977563590438,5.70187610649103,786.290989996567,0.940461888372638,4.8667303007499,825.837034354723,TRUE,0.988853011864807,0.0263360555868315,5.86214353429618,2026-06-08 02:42:56,2026-06-08 02:44:00,NA
"50","2026-06-08 03:42:30","Collar_50_2026-06-08 03:42:30",2026-06-08 03:43:27,1240.60748221597,-0.129603300739061,2.61307287931266e-05,0.129478082759268,28.1431469199769,1238.0115051453,0.611003642545799,0.130254706591354,4133.58951717476,7.81636777600108,6.87859012832677e-06,0.146689165820279,27.8635490532304,1229.537677198,0.224761007223592,26.7682709467331,1250.23428552548,TRUE,0.283941850911306,0.080188722511544,13.9507749137116,2026-06-08 03:42:55,2026-06-08 03:43:59,NA
"50","2026-06-08 04:42:29","Collar_50_2026-06-08 04:42:29",2026-06-08 04:43:26,NA,NA,NA,NA,NA,1182.34525388171,0.875003944134555,0.105150309824077,4046.80684421115,6.3098947811841,1.12108207038033e-13,0.35106636526145,22.4933201449478,1171.66303374266,0.420369808782101,21.4263716558576,1194.86885209901,TRUE,0.614017726626323,0.0639696413740856,11.5496464972646,2026-06-08 04:42:54,2026-06-08 04:43:58,NA
"50","2026-06-08 05:42:30","Collar_50_2026-06-08 05:42:30",2026-06-08 05:43:27,NA,NA,NA,NA,NA,1050.34003153543,0.655923399265322,0.0632869062207902,4141.32309652152,3.7977417275133,1.19572078601677e-18,0.456287096287559,13.5380736869836,1047.83684990826,0.482816945229478,13.3080342328247,1053.2516230772,TRUE,0.693542823614726,0.0446492386877137,7.94846195775894,2026-06-08 05:42:55,2026-06-08 05:43:59,NA
"50","2026-06-08 06:42:30","Collar_50_2026-06-08 06:42:30",2026-06-08 06:43:27,NA,NA,NA,NA,NA,1425.92616005027,2.3417896080625,0.268336150579778,4067.82972110942,16.1024050141093,1.20012267125627e-14,0.373046376198459,57.4013614563005,1423.57033780161,0.402961480973106,56.4579848242421,1429.62498596679,TRUE,2.11904877507951,0.241388226277167,39.11897584354,2026-06-08 06:42:55,2026-06-08 06:43:59,NA
"50","2026-06-08 07:42:31","Collar_50_2026-06-08 07:42:31",2026-06-08 07:43:28,NA,NA,NA,NA,NA,1296.39456673319,1.69984318730013,0.163047578673329,3963.32876720805,9.78421335587888,8.44447530176879e-19,0.459207916450594,34.8784648575325,1297.03030959931,0.473023484365731,34.7022426285519,1299.9960605353,TRUE,1.45512201172018,0.138797329959931,25.5849307717052,2026-06-08 07:42:56,2026-06-08 07:44:00,NA
"50","2026-06-08 08:41:40","Collar_50_2026-06-08 08:41:40",2026-06-08 08:42:37,NA,NA,NA,NA,NA,433.790523436864,0.222573405272077,0.0436468069720498,4141.92455480833,2.61917211645936,3.35435218330184e-06,0.292167323944246,6.6020755223347,415.297666931842,0.499221550717565,5.64343278776629,433.848358707776,TRUE,0.214193750499017,0.0440614833325812,5.78314686712492,2026-06-08 08:42:05,2026-06-08 08:43:09,NA
"50","2026-06-08 09:37:31","Collar_50_2026-06-08 09:37:31",2026-06-08 09:38:28,NA,NA,NA,NA,NA,509.917508791337,-0.515444907941602,0.0783920346973464,4202.32189132416,4.70417530343714,1.09268869443547e-08,0.406966861129787,11.857686033088,456.692182077208,0.754115813349554,7.75945327874139,509.920597256675,TRUE,-0.515140837033411,0.0850536402850487,13.5168503655308,2026-06-08 09:37:56,2026-06-08 09:39:00,"Flux unusable, remove"
"50","2026-06-08 10:37:30","Collar_50_2026-06-08 10:37:30",2026-06-08 10:38:27,NA,NA,NA,NA,NA,440.791217310019,-0.474746415638442,0.0460616916237967,4103.97091119408,2.76408531820563,3.80228295699272e-15,0.627723665288885,6.96735426675166,406.280774990038,0.794145816642438,5.265266825589,440.85961340449,TRUE,-0.48651645878624,0.0483030779456895,5.77693604516247,2026-06-08 10:37:55,2026-06-08 10:38:59,NA
"50","2026-06-08 11:37:28","Collar_50_2026-06-08 11:37:28",2026-06-08 11:38:25,NA,NA,NA,NA,NA,371.885215851108,-0.0734088806177996,0.0271108889966196,3977.19181928641,1.62687924818516,0.00871025072576544,0.104245675940166,4.10083002745045,362.077684322899,0.275673236398845,3.74757157069622,371.898325857933,TRUE,-0.0762736364034528,0.0295027996257675,4.30992806735573,2026-06-08 11:37:53,2026-06-08 11:38:57,NA
"50","2026-06-08 12:37:29","Collar_50_2026-06-08 12:37:29",2026-06-08 12:38:26,NA,NA,NA,NA,NA,327.282791516056,0.0123453091859897,0.0192370841705937,3888.71222884644,1.15438534813935,0.523366719533691,0.00649464050610101,2.90982757582013,329.130738242638,0.0388495574496875,2.90859457991822,327.335646139168,TRUE,0.0103657644511449,0.0217651482804436,3.00487385162564,2026-06-08 12:37:54,2026-06-08 12:38:58,NA
"50","2026-06-08 13:37:27","Collar_50_2026-06-08 13:37:27",2026-06-08 13:38:24,NA,NA,NA,NA,NA,312.224507265511,-0.000385199846912375,0.01713300855354,3881.39133004381,1.02812327837012,0.982133805820368,8.02344563495072e-06,2.59156222968869,314.411016162455,0.0275220590764365,2.59721929533003,312.298429030681,TRUE,0.00418387684582591,0.0181703883708043,2.56927670401984,2026-06-08 13:37:52,2026-06-08 13:38:56,NA
"50","2026-06-08 14:37:29","Collar_50_2026-06-08 14:37:29",2026-06-08 14:38:26,332.565934126882,-0.117736502765616,0.17137335254462,0.0294891155764797,3.03051746563412,332.417322081902,-0.0287426058828496,0.0200120836245149,3872.58409402542,1.20089177325497,0.155874959850638,0.0317054979440975,3.02705504970688,330.895207607993,0.110570121617802,2.948341602301,332.434440476631,TRUE,-0.0308675992915422,0.0217613939436487,3.83443725169939,2026-06-08 14:37:54,2026-06-08 14:38:58,NA
"50","2026-06-08 15:37:27","Collar_50_2026-06-08 15:37:27",2026-06-08 15:38:24,326.93828745247,0.103150306267913,3.26496689207196e-07,0.341144609630193,2.90212665014142,328.104085409747,0.107648373170086,0.0193590019568459,3898.7075243079,1.16170143122549,5.83905027067182e-07,0.329221199842684,2.92826902636813,329.307360280142,0.357470400368341,2.91254897252086,328.177546312383,TRUE,0.11088601500391,0.0191996601628513,3.20795153527469,2026-06-08 15:37:52,2026-06-08 15:38:56,NA
"50","2026-06-08 16:37:28","Collar_50_2026-06-08 16:37:28",2026-06-08 16:38:25,331.530976011294,-0.280949832558909,0.246683255629018,0.0212419948119598,3.00648664487406,331.230647390692,-0.0255908678703418,0.019830239209713,3887.29841645691,1.18997959310196,0.201594319713591,0.0257538563394529,2.99954901563191,334.542072560695,0.0360200197463629,3.03222189931659,331.465780803676,TRUE,-0.029983449269499,0.0213296606143997,3.26991450219735,2026-06-08 16:37:53,2026-06-08 16:38:57,NA
"50","2026-06-08 17:37:29","Collar_50_2026-06-08 17:37:29",2026-06-08 17:38:26,305.290298622351,-0.171323020074398,0.00284098525669055,0.132805474686758,2.45695015125361,306.716061989422,-0.0466572325126135,0.0164222031797877,4034.02776827224,0.985469032978155,0.00604893150418788,0.113573564815103,2.48404483987827,305.605055518174,0.18060417504967,2.42711476428087,306.789424099836,TRUE,-0.042556581863286,0.0179299813243981,2.1495344574977,2026-06-08 17:37:54,2026-06-08 17:38:58,NA
"50","2026-06-08 18:37:29","Collar_50_2026-06-08 18:37:29",2026-06-08 18:38:26,290.02383747159,0.172400778913828,2.64709895380216e-16,0.657679321784208,2.18471740989764,296.403318951334,0.154578136315786,0.0151697828530655,4157.7944053194,0.910313377263446,5.98217721382677e-15,0.622377952052167,2.29460203394697,288.596503566575,0.685101454664467,2.12945951158503,296.765577568581,TRUE,0.145767989080628,0.0132752435301218,1.90506881433143,2026-06-08 18:37:54,2026-06-08 18:38:58,NA
"50","2026-06-08 19:37:32","Collar_50_2026-06-08 19:37:32",2026-06-08 19:38:29,NA,NA,NA,NA,NA,351.881409168636,0.198779731677613,0.0232443018239959,4237.61963594208,1.39485179850526,3.88424604418276e-12,0.537216020128424,3.51596478075097,326.180551696496,0.706955606774221,2.84333102111871,351.954682025051,TRUE,0.198744029626768,0.0228894030311153,4.215380598935,2026-06-08 19:37:57,2026-06-08 19:39:01,NA
"50","2026-06-08 20:37:32","Collar_50_2026-06-08 20:37:32",2026-06-08 20:38:29,322.089510157027,0.0827824821656742,8.54794452916259e-09,0.411475555764683,2.79587609692752,321.165159808778,0.123905818829326,0.0183527821337618,4390.67354792928,1.10131985725747,5.41088105453963e-09,0.419785601537166,2.77606684423999,325.026614531727,0.421020991621047,2.81820404869012,321.187632912272,TRUE,0.123867085525814,0.0165161308918136,2.41899973420709,2026-06-08 20:37:57,2026-06-08 20:39:01,NA
"50","2026-06-08 21:37:28","Collar_50_2026-06-08 21:37:28",2026-06-08 21:38:25,298.441828944446,-0.196364198487791,2.69085327271988e-10,0.471600022625711,2.33086692429467,302.87339638594,-0.110887458714892,0.0159438839684921,4277.19659075535,0.95676589458376,2.39522934420703e-09,0.434318335104414,2.4116936239284,291.709711512544,0.552022041747015,2.18107080361248,302.916693682231,TRUE,-0.107857077230096,0.0167290491468782,2.64159153811177,2026-06-08 21:37:53,2026-06-08 21:38:57,NA
"50","2026-06-08 22:37:26","Collar_50_2026-06-08 22:37:26",2026-06-08 22:38:23,NA,NA,NA,NA,NA,331.106576720549,0.141076012559992,0.0198113224606798,4215.98719132821,1.18884443053133,1.22948471154936e-09,0.445950944343219,2.99668764238565,324.350610723472,0.530449041300768,2.80358734166873,331.353295187961,TRUE,0.143957842579963,0.0189638395698871,3.35151460544695,2026-06-08 22:37:51,2026-06-08 22:38:55,NA
"50","2026-06-08 23:37:27","Collar_50_2026-06-08 23:37:27",2026-06-08 23:38:24,NA,NA,NA,NA,NA,355.326575091277,0.0811865945987474,0.02386854051667,4258.57905748214,1.43231132169361,0.00116889477750382,0.155151267969765,3.61038797637298,351.230255093258,0.254094566977579,3.44755845311024,355.497330542484,TRUE,0.076330001631487,0.0255598205759391,3.38452962573499,2026-06-08 23:37:52,2026-06-08 23:38:56,NA
"51","2026-06-08 00:45:31","Collar_51_2026-06-08 00:45:31",2026-06-08 00:46:28,NA,NA,NA,NA,NA,409.6790472942,-0.235663950780345,0.0362578980752719,4961.28533753747,2.17577601268727,1.47605384821233e-08,0.4013999200917,5.48441908997717,405.19587652962,0.474640174643932,5.22150905260649,409.761842898987,TRUE,-0.245834500849314,0.0387164692496937,5.33537930825508,2026-06-08 00:45:56,2026-06-08 00:47:00,NA
"51","2026-06-08 01:45:29","Collar_51_2026-06-08 01:45:29",2026-06-08 01:46:26,NA,NA,NA,NA,NA,720.041137628085,0.631548561813334,0.0177662056510156,5215.65103582048,1.06612038049475,3.49761947947755e-68,0.908022336998629,3.80047336177956,712.566764703034,0.915792722638007,3.66514391803428,720.272473276379,TRUE,0.626156328455647,0.0184843765704324,3.89365382873858,2026-06-08 01:45:54,2026-06-08 01:46:58,NA
"51","2026-06-08 02:45:31","Collar_51_2026-06-08 02:45:31",2026-06-08 02:46:28,746.818855951601,0.717398635980318,1.72212042384403e-41,0.760030036940721,4.21275510200705,732.079827714456,0.403173847692932,0.0186081703053072,5749.27742937591,1.11664527563719,1.19585453234176e-44,0.785751486070057,3.98058296441788,726.066972687442,0.801633831317295,3.86047981305893,732.307922873753,TRUE,0.409038427487033,0.020272161625882,4.37978751309888,2026-06-08 02:45:56,2026-06-08 02:47:00,NA
"51","2026-06-08 03:45:28","Collar_51_2026-06-08 03:45:28",2026-06-08 03:46:25,NA,NA,NA,NA,NA,997.772210265788,-0.0487670929595876,0.0517018997786233,4123.70850765988,3.10254480596629,0.34733714001911,0.00690275627566101,11.0598569397299,923.298083158773,0.456960828221676,8.2430685692054,999.032094491698,TRUE,-0.0883283413389476,0.0485708100971274,11.0219708772286,2026-06-08 03:45:53,2026-06-08 03:46:57,NA
"51","2026-06-08 04:45:30","Collar_51_2026-06-08 04:45:30",2026-06-08 04:46:27,NA,NA,NA,NA,NA,899.656910506623,0.411046761381245,0.035450167910297,4059.88528630786,2.12730547217144,1.07784166788573e-21,0.512279460963493,7.58335355675647,830.298159873864,0.722604442182163,5.76428234493788,906.614525366379,TRUE,0.337528820759682,0.0288650763810769,5.7937982095419,2026-06-08 04:45:55,2026-06-08 04:46:59,NA
"51","2026-06-08 05:45:30","Collar_51_2026-06-08 05:45:30",2026-06-08 05:46:27,NA,NA,NA,NA,NA,909.382567080119,0.104131350706327,0.0368013438047699,4177.50609366809,2.20838728485712,0.00541358615141122,0.0588676094437974,7.87239152552105,893.193080475943,0.194244716494352,7.34180115814477,910.745534077036,TRUE,0.0676088176284193,0.0311037458448659,6.63504493601162,2026-06-08 05:45:55,2026-06-08 05:46:59,NA
"51","2026-06-08 06:45:30","Collar_51_2026-06-08 06:45:30",2026-06-08 06:46:27,NA,NA,NA,NA,NA,1205.98425462045,1.39043775058873,0.115158573925793,4100.07900677207,6.91047402369688,7.05908512606436e-23,0.532478549148033,24.6342466806063,1158.51160336498,0.685337146070208,20.3695280110411,1223.06155254845,TRUE,0.981131443555681,0.0698510261690461,14.8717424087021,2026-06-08 06:45:55,2026-06-08 06:46:59,NA
"51","2026-06-08 07:45:31","Collar_51_2026-06-08 07:45:31",2026-06-08 07:46:28,1088.62729740284,0.574834402593039,4.15726574027664e-12,0.313949933600564,15.6859389679304,1089.605962175,0.556556343915941,0.0736041393375894,3992.66336334453,4.41686168549411,6.78426845076104e-12,0.308765728612824,15.7450935987127,1091.56695735006,0.319522916052964,15.7455951231105,1089.67814659999,TRUE,0.576176527074725,0.0669601645545462,11.0976875413313,2026-06-08 07:45:56,2026-06-08 07:47:00,NA
"51","2026-06-08 08:44:40","Collar_51_2026-06-08 08:44:40",2026-06-08 08:45:37,NA,NA,NA,NA,NA,513.63048421633,0.0803536743355057,0.080663297764769,4135.62892389377,4.84047001336052,0.322982516421582,0.0155071346569824,12.2012403808738,480.091562527829,0.447416375258428,9.28970792097638,514.902508568157,TRUE,0.15547803723839,0.0781082008050774,11.1927028052336,2026-06-08 08:45:05,2026-06-08 08:46:09,NA
"51","2026-06-08 09:40:29","Collar_51_2026-06-08 09:40:29",2026-06-08 09:41:26,NA,NA,NA,NA,NA,473.287754696508,-0.129643772023102,0.0591428074620373,4147.71052669252,3.54906127022968,0.0320791971789374,0.0708658980566371,8.94602168074548,436.614945209317,0.503036019971682,6.64903408899991,473.417057882303,TRUE,-0.134164981558144,0.064430680336356,8.87606415393373,2026-06-08 09:40:54,2026-06-08 09:41:58,NA
"51","2026-06-08 10:40:28","Collar_51_2026-06-08 10:40:28",2026-06-08 10:41:25,344.43752371578,-0.287494411819241,4.08385953126537e-10,0.464673477203434,3.32029390825121,346.040425121827,-0.159972754737258,0.0222230352022271,4043.41247334748,1.33356729123488,9.00267382503999e-10,0.451308196816934,3.36148659934185,343.947219137449,0.500406246679534,3.25972531378117,346.169432530112,TRUE,-0.157888075842418,0.0223325163126554,3.75482609781469,2026-06-08 10:40:53,2026-06-08 10:41:57,NA
"51","2026-06-08 11:40:28","Collar_51_2026-06-08 11:40:28",2026-06-08 11:41:25,376.802175050913,-0.297903144765928,0.0536446441881327,0.0578354053292438,4.25890532806009,377.385446049967,-0.0511433732744302,0.0282825474983901,3961.81374419199,1.69718852143428,0.0753326701634894,0.0493429394081034,4.27805668964427,378.188078501004,0.0949745016599753,4.24199703901403,377.405825545304,TRUE,-0.0550766084595418,0.0301518821776461,4.84847187277658,2026-06-08 11:40:53,2026-06-08 11:41:57,NA
"51","2026-06-08 12:40:27","Collar_51_2026-06-08 12:40:27",2026-06-08 12:41:24,NA,NA,NA,NA,NA,371.145310327219,0.0308300021434631,0.026957023461623,3887.46442161745,1.6176460339616,0.257086676707144,0.0203394087971943,4.07755611687591,351.528552239569,0.318789449785018,3.45547828101482,371.153491932122,TRUE,0.0313201672137756,0.0281982346493401,4.551324059914,2026-06-08 12:40:52,2026-06-08 12:41:56,NA
"51","2026-06-08 13:40:25","Collar_51_2026-06-08 13:40:25",2026-06-08 13:41:22,NA,NA,NA,NA,NA,299.349605355849,0.0325957085640245,0.0155175124340412,3875.50158537706,0.931180049667297,0.039686584971619,0.0654540830425018,2.34720008439364,301.289448646794,0.0946097715611279,2.34786460461591,299.377724716577,TRUE,0.0348492474366813,0.0164028530619154,2.60233153694103,2026-06-08 13:40:50,2026-06-08 13:41:54,NA
"51","2026-06-08 14:40:28","Collar_51_2026-06-08 14:40:28",2026-06-08 14:41:25,NA,NA,NA,NA,NA,318.178293412296,-0.0978327862484869,0.0179359177858644,3872.98401698556,1.07630452275527,8.76518335996603e-07,0.320772107707847,2.71301137470359,322.142407686013,0.321146997846395,2.75636728970349,318.202182065071,TRUE,-0.100552986434223,0.0197544935612007,2.5570505477103,2026-06-08 14:40:53,2026-06-08 14:41:57,NA
"51","2026-06-08 15:43:16","Collar_51_2026-06-08 15:43:16",2026-06-08 15:44:13,310.92416916401,-0.0921481479967143,0.0105704954412641,0.0992859796447178,2.56576908164233,311.712815564542,-0.0421526288492117,0.0170657040349908,3925.44161931105,1.02408444642512,0.0162308217965287,0.0882910309340011,2.58138165646278,313.274866254883,0.121853080582789,2.57461950006622,311.714194951243,TRUE,-0.0427615788112207,0.0181920440230204,2.90696484155179,2026-06-08 15:43:41,2026-06-08 15:44:45,NA
"51","2026-06-08 16:40:28","Collar_51_2026-06-08 16:40:28",2026-06-08 16:41:25,NA,NA,NA,NA,NA,347.44095164826,0.244634273217913,0.0224637444907958,3888.45532901269,1.34801185432046,4.04535703889337e-16,0.653076194740844,3.39789661446794,315.294203206981,0.801060381854652,2.61492421809896,347.651253439433,TRUE,0.234723501650002,0.0246701274510151,3.22960983141507,2026-06-08 16:40:53,2026-06-08 16:41:57,NA
"51","2026-06-08 17:40:28","Collar_51_2026-06-08 17:40:28",2026-06-08 17:41:25,302.482532844775,0.182248481845342,1.71665553921512e-06,0.306578277972321,2.40445341289961,302.575133297872,0.0837585737548636,0.0159073453460044,4026.09857214411,0.95457327276712,1.79809588918057e-06,0.305589709884513,2.40616674208112,299.669178822898,0.375583553181862,2.31878333172989,302.774375807187,TRUE,0.079897091195925,0.0163245789011195,2.39886753515589,2026-06-08 17:40:53,2026-06-08 17:41:57,NA
"51","2026-06-08 18:40:29","Collar_51_2026-06-08 18:40:29",2026-06-08 18:41:26,333.18011514404,0.527263660080458,3.30399834245887e-13,0.571641593733386,3.04486892738003,335.949478079415,0.181538405314542,0.0205632746977383,4162.79840100137,1.23396783058839,1.28446879086033e-12,0.552996767290279,3.11042896283157,334.393925809781,0.589614980218717,3.0287683765492,336.065140654887,TRUE,0.188412672364227,0.0207395869736043,3.73160050241301,2026-06-08 18:40:54,2026-06-08 18:41:58,NA
"51","2026-06-08 19:40:32","Collar_51_2026-06-08 19:40:32",2026-06-08 19:41:29,334.018577222153,0.554954223428123,1.52201484472236e-17,0.687143155058188,3.06457091147961,345.527079489885,0.227569980949384,0.0221354536372434,4273.5765849178,1.32831166754016,4.20442791646448e-15,0.626544220535331,3.34823889243039,326.844859827732,0.736555590262979,2.85789780737746,345.626925077486,TRUE,0.221980001693707,0.021320933234034,2.75783375717906,2026-06-08 19:40:57,2026-06-08 19:42:01,NA
"51","2026-06-08 20:40:32","Collar_51_2026-06-08 20:40:32",2026-06-08 20:41:29,NA,NA,NA,NA,NA,354.338091727643,0.0577076729094454,0.0236877391137361,4399.27254930669,1.42146173094384,0.0176824536889339,0.0860954482296632,3.58303970969501,340.681468051316,0.303487477238921,3.17885722834772,354.537222570638,TRUE,0.0673216401769851,0.0235647310423338,3.26107030705881,2026-06-08 20:40:57,2026-06-08 20:42:01,NA
"51","2026-06-08 21:40:26","Collar_51_2026-06-08 21:40:26",2026-06-08 21:41:23,NA,NA,NA,NA,NA,315.62906493795,0.0990070703247404,0.017587630329598,4243.29552147148,1.05540437318535,4.48243461550486e-07,0.334668736274676,2.66032893927996,319.450728561419,0.3364916615899,2.69988286668432,315.723215387064,TRUE,0.0987318665294309,0.0174556792309009,2.47350404968025,2026-06-08 21:40:51,2026-06-08 21:41:55,NA
"51","2026-06-08 22:40:24","Collar_51_2026-06-08 22:40:24",2026-06-08 22:41:21,NA,NA,NA,NA,NA,325.116567374135,0.0960296474328129,0.018919187538038,4213.77106301462,1.13530890123135,3.66379373108697e-06,0.290249206745584,2.86174209782005,327.446160577832,0.308256413709045,2.87114731887774,325.136951966597,TRUE,0.0973677601495973,0.0206833423840979,2.66711399905666,2026-06-08 22:40:49,2026-06-08 22:41:53,NA
"51","2026-06-08 23:40:27","Collar_51_2026-06-08 23:40:27",2026-06-08 23:41:24,NA,NA,NA,NA,NA,341.337424981919,-0.0284079227510487,0.0214334427703749,4235.55586938549,1.28618516584369,0.189824469146911,0.0271275420003636,3.24205177171998,338.186778784443,0.128476307129666,3.11843680620153,341.341667954964,TRUE,-0.0295044900821724,0.0233003573153824,3.59866797519595,2026-06-08 23:40:52,2026-06-08 23:41:56,NA
"52","2026-06-08 00:48:32","Collar_52_2026-06-08 00:48:32",2026-06-08 00:49:29,353.265496704602,0.188917571174094,2.13522235639428e-19,0.726542941159798,3.55359863528714,349.168564070022,0.307420360149516,0.0227642649561949,4922.35345004419,1.36604558640773,2.90030981052559e-20,0.74324691337961,3.44335374973656,352.791235162498,0.744733062715793,3.48920467963341,349.221830755854,TRUE,0.302248394498246,0.0248460028994797,2.73619869521457,2026-06-08 00:48:57,2026-06-08 00:50:01,NA
"52","2026-06-08 01:48:30","Collar_52_2026-06-08 01:48:30",2026-06-08 01:49:27,NA,NA,NA,NA,NA,697.493819386526,0.425834512581069,0.0162904270712388,5259.0690519411,0.977561368407232,3.61146091841007e-53,0.842230159923258,3.48478090102016,655.955830128139,0.888853957186772,2.94801846843216,698.92015770628,TRUE,0.41021771330442,0.0147008569274102,2.71976297242925,2026-06-08 01:48:55,2026-06-08 01:49:59,NA
"52","2026-06-08 02:48:33","Collar_52_2026-06-08 02:48:33",2026-06-08 02:49:30,NA,NA,NA,NA,NA,705.542409100075,0.445242220012237,0.0168026019656859,5770.61637563104,1.00829612990182,8.28199384128162e-54,0.845813910720323,3.59434323983093,696.20066871761,0.860852924245332,3.44154700058591,705.548868571679,TRUE,0.444928238472554,0.0178585763597879,3.34591544566435,2026-06-08 02:48:58,2026-06-08 02:50:02,NA
"52","2026-06-08 03:48:30","Collar_52_2026-06-08 03:48:30",2026-06-08 03:49:27,NA,NA,NA,NA,NA,982.734231654901,0.345165282917263,0.0487963808777732,4076.14418866035,2.92818946093898,8.78890521176101e-11,0.281042611061156,10.4383203324355,957.593246869926,0.425419235185408,9.40533564064918,985.721792495477,TRUE,0.273125413497539,0.0359688704477008,7.1213363234923,2026-06-08 03:48:55,2026-06-08 03:49:59,NA
"52","2026-06-08 04:48:31","Collar_52_2026-06-08 04:48:31",2026-06-08 04:49:28,792.22057672856,0.866502583185181,1.75900026331604e-23,0.542455472913633,5.01653198425062,816.273046521698,0.262963885717561,0.0257239077040025,4063.46162714569,1.54364881325323,2.67576744612781e-18,0.44946352861261,5.50275213010094,752.629460537843,0.672804474813665,4.27573019846821,816.657205289817,TRUE,0.251641284719253,0.0238856915972257,5.52854816822315,2026-06-08 04:48:56,2026-06-08 04:50:00,NA
"52","2026-06-08 05:48:32","Collar_52_2026-06-08 05:48:32",2026-06-08 05:49:29,NA,NA,NA,NA,NA,808.149112769497,0.149782626188183,0.0249325685144051,4164.08926584614,1.49616186784203,1.82535017365546e-08,0.219941049994586,5.33347211785336,795.077998150485,0.315934804965908,5.03401814232458,808.211326976189,TRUE,0.154456747288299,0.0250955020502068,5.76050594700323,2026-06-08 05:48:57,2026-06-08 05:50:01,NA
"52","2026-06-08 06:48:31","Collar_52_2026-06-08 06:48:31",2026-06-08 06:49:28,NA,NA,NA,NA,NA,1020.71564769685,0.451728670713862,0.056471637285303,4140.68490870425,3.38876880141975,6.4805283309687e-13,0.33328962575162,12.0801794944101,1024.3042957368,0.335395927099114,12.1564282842271,1022.30283333599,TRUE,0.403856269895077,0.0542838236752267,11.2769469887886,2026-06-08 06:48:56,2026-06-08 06:50:00,NA
"52","2026-06-08 08:47:40","Collar_52_2026-06-08 08:47:40",2026-06-08 08:48:37,NA,NA,NA,NA,NA,521.406366311671,0.156558823733405,0.0856353487870936,4111.03758144601,5.13883450558157,0.0722542904428986,0.0503800107607768,12.9533195964578,518.875916865727,0.141150725604253,12.5190101293189,521.730532162508,TRUE,0.156931593504922,0.0889195635019863,11.6345414621278,2026-06-08 08:48:05,2026-06-08 08:49:09,NA
"52","2026-06-08 09:43:30","Collar_52_2026-06-08 09:43:30",2026-06-08 09:44:27,NA,NA,NA,NA,NA,506.134504731362,0.0334730941433107,0.0761436960594536,4105.47169727478,4.56925625030919,0.661728069034224,0.00305811001813921,11.5175992657637,463.970655214373,0.509963727488633,8.20628343048425,506.795548618245,TRUE,0.0883606921400005,0.0738906705897806,11.7130621206143,2026-06-08 09:43:55,2026-06-08 09:44:59,NA
"52","2026-06-08 10:43:29","Collar_52_2026-06-08 10:43:29",2026-06-08 10:44:26,NA,NA,NA,NA,NA,400.988938425098,-0.200566204409968,0.0339134009389514,4031.8662090491,2.03508664838849,1.48534819276709e-07,0.356986802132952,5.12978725709655,391.305075806273,0.479055095774385,4.69235288266392,401.777892757945,TRUE,-0.181440025247831,0.0335858238217243,5.26819185845263,2026-06-08 10:43:54,2026-06-08 10:44:58,NA
"52","2026-06-08 11:43:27","Collar_52_2026-06-08 11:43:27",2026-06-08 11:44:24,NA,NA,NA,NA,NA,374.75418819826,-0.16856676247564,0.0277158505963531,3952.35936248496,1.66318198516579,7.69670736327353e-08,0.369938677328728,4.19233734371555,345.525490669559,0.622108763151562,3.29954137816023,374.755148582327,TRUE,-0.16880786992963,0.031841427983764,4.71488190764631,2026-06-08 11:43:52,2026-06-08 11:44:56,NA
"52","2026-06-08 12:43:28","Collar_52_2026-06-08 12:43:28",2026-06-08 12:44:25,NA,NA,NA,NA,NA,344.565854542287,0.10795697473246,0.0219723868545362,3890.58537939257,1.31852630178223,6.69226605563832e-06,0.277029936866549,3.32357318858392,339.317943290135,0.372908629104616,3.14568954729446,344.602272895826,TRUE,0.105172617280763,0.0225701678498725,3.14715039193432,2026-06-08 12:43:53,2026-06-08 12:44:57,NA
"52","2026-06-08 13:43:24","Collar_52_2026-06-08 13:43:24",2026-06-08 13:44:21,NA,NA,NA,NA,NA,316.572733410707,0.05198786599728,0.0177157632264965,3882.018360791,1.06309341469926,0.00465558853496663,0.120254357458167,2.67971049593681,313.429641933696,0.211810054740431,2.57768662154018,316.904649439914,TRUE,0.0524584279490459,0.017988777817506,2.47850419868589,2026-06-08 13:43:49,2026-06-08 13:44:53,NA
"52","2026-06-08 14:43:27","Collar_52_2026-06-08 14:43:27",2026-06-08 14:44:24,NA,NA,NA,NA,NA,298.674833172927,0.0395312688520691,0.0154371766025118,3871.32229197638,0.926359230356754,0.0128517999725525,0.0942759886384279,2.33504837700193,293.362418002033,0.215170332070602,2.2089760389445,298.70439900987,TRUE,0.039033056433053,0.0160099834516404,2.723728103519,2026-06-08 14:43:52,2026-06-08 14:44:56,NA
"52","2026-06-08 15:46:15","Collar_52_2026-06-08 15:46:15",2026-06-08 15:47:12,NA,NA,NA,NA,NA,325.404018848566,-0.0731969193835875,0.0189610672713468,3912.3778681669,1.13782203420342,0.000269322867469625,0.191297140419932,2.86807688337119,310.136161344297,0.398754715159792,2.51320259050304,325.533769635548,TRUE,-0.0798639077541263,0.0187616483003571,3.19753513984361,2026-06-08 15:46:40,2026-06-08 15:47:44,NA
"52","2026-06-08 16:43:29","Collar_52_2026-06-08 16:43:29",2026-06-08 16:44:26,NA,NA,NA,NA,NA,300.674727239705,0.04116584315719,0.0156764951424299,3912.95490066023,0.940720336934528,0.010833280543431,0.0986565334305597,2.37124802559124,303.989280255744,0.108111564264484,2.39713475395074,300.981262642294,TRUE,0.0376729635908316,0.0160470225846577,2.20441632133285,2026-06-08 16:43:54,2026-06-08 16:44:58,NA
"52","2026-06-08 17:43:27","Collar_52_2026-06-08 17:43:27",2026-06-08 17:44:24,NA,NA,NA,NA,NA,390.960770017818,0.16198130471159,0.0313956857578419,4026.48324422115,1.88400275801888,2.68026502735312e-06,0.297023156127592,4.74895422662863,329.183540913958,0.744463161454527,2.90977621652037,392.23911864446,TRUE,0.192238793952873,0.0317484364511139,4.0543402719386,2026-06-08 17:43:52,2026-06-08 17:44:56,NA
"52","2026-06-08 18:43:30","Collar_52_2026-06-08 18:43:30",2026-06-08 18:44:27,NA,NA,NA,NA,NA,399.165173160158,0.00723306036297536,0.0334409527998818,4178.24493858499,2.00673582324986,0.829457814521753,0.000742034269387189,5.05832410753508,353.693757906065,0.53319375760999,3.5135127039442,399.201352805557,TRUE,0.0129854974922737,0.0343025302499935,5.67030419183506,2026-06-08 18:43:55,2026-06-08 18:44:59,NA
"52","2026-06-08 19:43:33","Collar_52_2026-06-08 19:43:33",2026-06-08 19:44:30,NA,NA,NA,NA,NA,354.321129880429,0.480006415167164,0.0236846486398819,4291.58549088024,1.42127627676042,2.6941134473135e-29,0.867013855092766,3.58257224040685,345.802372936256,0.890311043907891,3.30657644040722,354.643878194468,TRUE,0.4711647553037,0.0258115816399583,2.64959883638764,2026-06-08 19:43:58,2026-06-08 19:45:02,NA
"52","2026-06-08 20:43:32","Collar_52_2026-06-08 20:43:32",2026-06-08 20:44:29,NA,NA,NA,NA,NA,374.697581062396,0.420590795233935,0.0277037846472292,4383.18333205401,1.66245792767576,1.00349340571907e-22,0.785337740760206,4.19051223180265,356.433709571122,0.847594488717739,3.5883513343133,374.838185892306,TRUE,0.411809541055176,0.0282129170628847,4.72494130766434,2026-06-08 20:43:57,2026-06-08 20:45:01,NA
"52","2026-06-08 21:43:26","Collar_52_2026-06-08 21:43:26",2026-06-08 21:44:23,NA,NA,NA,NA,NA,388.333023036558,0.397751952461672,0.0307674418754989,4227.05869415172,1.84630289007614,2.21248674262686e-19,0.72623594398041,4.6539252005574,391.097879704994,0.731388950424843,4.68488009150337,388.557002893596,TRUE,0.404006465371561,0.0271362603036202,3.22390157621544,2026-06-08 21:43:51,2026-06-08 21:44:55,NA
"52","2026-06-08 22:43:25","Collar_52_2026-06-08 22:43:25",2026-06-08 22:44:22,NA,NA,NA,NA,NA,386.359490008271,0.260960761817811,0.0303038881363796,4195.29880754625,1.81848580304938,3.05777901312542e-12,0.540673261640481,4.58380743005734,365.761798761124,0.685389367824137,3.85529447110604,386.478450987183,TRUE,0.251255767603061,0.0337617727075048,4.30048711939858,2026-06-08 22:43:50,2026-06-08 22:44:54,NA
