"label","StartTime","Plot","TIMESTAMP","HM81_AIC","HM81_flux.estimate","HM81_p.value","HM81_r.squared","HM81_RMSE","lin_AIC","lin_flux.estimate","lin_flux.std.error","lin_int.estimate","lin_int.std.error","lin_p.value","lin_r.squared","lin_RMSE","poly_AIC","poly_r.squared","poly_RMSE","rob_AIC","rob_converged","rob_flux.estimate","rob_flux.std.error","rob_RMSE","TIMESTAMP_min","TIMESTAMP_max","flag"
"13","2026-06-07 00:25:31","Collar_13_2026-06-07 00:25:31",2026-06-07 00:26:43,351.322382837194,19.2270352499921,3.37890770749116e-33,0.987864614761684,34.593251319885,279.628278415468,30.1680621451128,0.20789891257636,5347.1527215963,8.98065550775154,7.04743528275252e-48,0.998435255422751,12.4218512922207,281.344531845499,0.998534095146494,12.4049098543014,279.629840378723,TRUE,30.1750711395427,0.216162379913053,14.7610348794542,2026-06-07 00:26:26,2026-06-07 00:27:00,"Time changed"
"13","2026-06-07 01:25:31","Collar_13_2026-06-07 01:25:31",2026-06-07 01:26:43,699.73776732759,17.7100498571058,4.73508764077504e-67,0.988002818795836,34.8420503899177,558.495652976274,31.0186434579122,0.150351217595135,5928.88473162389,6.49475494441061,7.56970601014619e-97,0.998404914672281,12.7044554717983,556.846773641553,0.998528578477554,12.3855454104945,558.685861781891,TRUE,30.9725223153919,0.167848163586608,13.5926451229795,2026-06-07 01:26:26,2026-06-07 01:27:00,"Time changed"
"13","2026-06-07 02:25:31","Collar_13_2026-06-07 02:25:31",2026-06-07 02:26:43,694.311240030909,17.0551221510324,1.75188194660325e-65,0.986658839050187,33.5173794076712,545.90603950004,28.2963624757637,0.137420861304387,5495.4844071046,5.93619947146149,8.62912890897775e-97,0.998398757690952,11.6118594931435,548.228665188574,0.998436671376716,11.6461095780153,546.717100462488,TRUE,28.3910375197841,0.141630731166192,11.5722763673984,2026-06-07 02:26:26,2026-06-07 02:27:00,"Time changed"
"13","2026-06-07 03:25:31","Collar_13_2026-06-07 03:25:31",2026-06-07 03:26:43,NA,NA,NA,NA,NA,518.086500690856,29.607834793696,0.11265580600551,5691.64133215781,4.86641787658205,5.47849527951419e-104,0.999016497578678,9.51924895540621,518.52487830769,0.99906528676659,9.41969091187836,518.270490576667,TRUE,29.655363880965,0.117162774760443,10.8959021020405,2026-06-07 03:26:26,2026-06-07 03:27:00,"Time changed"
"13","2026-06-07 04:25:31","Collar_13_2026-06-07 04:25:31",2026-06-07 04:26:43,667.650395477041,18.1269088979648,2.98045284440318e-72,0.991564135388679,27.7054595278086,581.423143803728,29.4015883440826,0.177104826862921,5762.17396002846,7.65043654680824,1.92299054518797e-90,0.997538737739129,14.9650958782347,506.111836366347,0.999207326876843,8.62045347716941,585.850453215814,TRUE,29.7148984547557,0.154497004779959,12.3984345810217,2026-06-07 04:26:26,2026-06-07 04:27:00,"Time changed"
"13","2026-06-07 05:25:31","Collar_13_2026-06-07 05:25:31",2026-06-07 05:26:43,699.611743438099,18.4412420455846,5.57174577019544e-65,0.98619711930926,34.8107007112934,551.769413615291,28.8915141079495,0.143298438913792,6005.87480928051,6.19009449705835,3.6066408845371e-96,0.998329965920842,12.1085061064207,525.948220708155,0.998909292038495,9.93263847719707,552.654426933508,TRUE,28.8036992377788,0.130764386325229,8.94799036250866,2026-06-07 05:26:26,2026-06-07 05:27:00,"Time changed"
"13","2026-06-07 06:25:31","Collar_13_2026-06-07 06:25:31",2026-06-07 06:26:43,NA,NA,NA,NA,NA,532.869045923546,28.1344238111693,0.125201797372409,6019.92132266536,5.40836985253557,2.28632126751325e-99,0.998655163334912,10.5793666665879,521.355394592354,0.998922494145235,9.61207624014013,532.871056516215,TRUE,28.1312717783404,0.127939738623073,13.7533138478305,2026-06-07 06:26:26,2026-06-07 06:27:00,"Time changed"
"13","2026-06-07 07:25:31","Collar_13_2026-06-07 07:25:31",2026-06-07 07:26:43,686.477444471108,19.0788366503482,1.52970363388863e-68,0.989154696299389,31.6933985012862,577.410275360762,29.6658584120104,0.172100473308757,5614.56809825573,7.43426237469739,1.49909799033024e-91,0.99771668180931,14.5422354058625,560.777302877691,0.998299583906473,12.7381994384036,577.410275360764,TRUE,29.6658584120104,0.172100473308757,19.7242853644225,2026-06-07 07:26:26,2026-06-07 07:27:00,"Time changed"
"13","2026-06-07 08:25:31","Collar_13_2026-06-07 08:25:31",2026-06-07 08:26:43,NA,NA,NA,NA,NA,612.354710711741,33.1935952534572,0.220893693976782,4988.0502152681,9.54199396647419,1.65348589179062e-87,0.996997651543532,18.6651903723583,595.58106199881,0.997768601785373,16.333261120304,612.501034963993,TRUE,33.2693552923803,0.23948789589558,20.1071223848553,2026-06-07 08:26:26,2026-06-07 08:27:00,"Time changed"
"13","2026-06-07 09:25:31","Collar_13_2026-06-07 09:25:31",2026-06-07 09:26:43,687.272423385763,20.0747853304539,3.17337699441956e-69,0.989644906198649,31.8738788920061,624.836295437032,30.5027988199392,0.241491853515583,4506.36983008606,10.4317772396009,2.13676673838894e-82,0.995755882661839,20.4057043824701,608.599732207286,0.996821402353195,17.9249588304503,624.882887722,TRUE,30.5072173654114,0.258363454695032,23.3380363696044,2026-06-07 09:26:26,2026-06-07 09:27:00,"Time changed"
"13","2026-06-07 10:25:31","Collar_13_2026-06-07 10:25:31",2026-06-07 10:26:43,656.760326573385,14.7638610524879,7.54458079435855e-71,0.990723173755735,25.6320438640473,612.488185552351,25.9069324782097,0.22110439261853,4176.05244079644,9.55109556250487,3.44994171302809e-80,0.995071373586317,18.6829940958989,571.481745071754,0.997408825671613,13.7503683133113,612.614506753854,TRUE,25.8627926984839,0.234060650739867,21.7037041164457,2026-06-07 10:26:26,2026-06-07 10:27:00,"Time changed"
"13","2026-06-07 10:58:04","Collar_13_2026-06-07 10:58:04",2026-06-07 10:59:16,357.932394084042,21.9930436165754,1.77198315084185e-32,0.986583024170973,38.0190498737672,307.796506961504,31.5065012639492,0.310894998348191,4252.73126207382,13.4298003036576,9.58493195645131e-43,0.996797067359425,18.5758135486062,300.199585564122,0.997700420617706,16.2395603203866,307.81206008696,TRUE,31.5366606045353,0.341853766404522,18.270985383929,2026-06-07 10:58:59,2026-06-07 10:59:33,"Time changed"
"13","2026-06-07 11:57:31","Collar_13_2026-06-07 11:57:31",2026-06-07 11:58:43,338.739251533481,19.052948875705,6.89572132604852e-36,0.991662056852428,28.9016762699443,291.912735542429,30.3977070118433,0.247780731774864,4181.50476726313,10.7034393107339,1.77872274576095e-45,0.997812157050064,14.804769130548,276.925153721182,0.998728224740754,11.6459487997978,292.11090040709,TRUE,30.429173617665,0.259890994346271,13.6067276470128,2026-06-07 11:58:26,2026-06-07 11:59:00,"Time changed"
"13","2026-06-07 12:57:31","Collar_13_2026-06-07 12:57:31",2026-06-07 12:58:43,NA,NA,NA,NA,NA,537.705556992612,29.818876155185,0.129602661789798,4240.38811472769,5.59847497035036,4.6030676717533e-100,0.998717088513884,10.9512331996458,496.271971048568,0.99932962574587,8.03536913149996,538.039702038025,TRUE,29.7449488742616,0.115692154730213,10.3646250885935,2026-06-07 12:58:26,2026-06-07 12:59:00,"Time changed"
"13","2026-06-07 13:57:31","Collar_13_2026-06-07 13:57:31",2026-06-07 13:58:43,672.156135176871,16.7163654328245,2.45042463133738e-69,0.989723335783215,28.6116318629814,584.16644556014,27.5033802460575,0.180609422327293,4296.37496407479,7.80182533556871,6.71225100975351e-88,0.997076211669481,15.261229010616,565.366779944235,0.997888981272773,13.1627028406495,584.395372076857,TRUE,27.5503853351122,0.20128227850654,13.7107509598822,2026-06-07 13:58:26,2026-06-07 13:59:00,"Time changed"
"13","2026-06-07 14:57:31","Collar_13_2026-06-07 14:57:31",2026-06-07 14:58:43,634.09203070641,17.1103939957682,4.37705547500111e-74,0.992548888773904,21.8003687139266,594.231849887839,24.5946811481658,0.194072646832176,4298.85057101893,8.38339923513135,1.7071366733688e-82,0.995783809376234,16.3988515650916,539.055360740828,0.998189589512577,10.9074776748317,594.417986471723,TRUE,24.512221940953,0.200409756547232,16.2434270636613,2026-06-07 14:58:26,2026-06-07 14:59:00,"Time changed"
"13","2026-06-07 15:57:31","Collar_13_2026-06-07 15:57:31",2026-06-07 15:58:43,NA,NA,NA,NA,NA,503.682800051198,29.0183875887961,0.101641674158565,4349.77929208772,4.39063797658844,1.97858387212671e-106,0.999166426670536,8.58857110757649,479.403512914747,0.999443463999334,7.12324907369671,503.690704518248,TRUE,29.0118266489376,0.103272867164731,11.2752129752226,2026-06-07 15:58:26,2026-06-07 15:59:00,"Time changed"
"13","2026-06-07 16:57:31","Collar_13_2026-06-07 16:57:31",2026-06-07 16:58:43,NA,NA,NA,NA,NA,572.183139762572,28.6499558246218,0.165793289855714,4512.30959192887,7.16180957004328,1.26592760304508e-91,0.997728006621344,14.0092877343151,564.301757207417,0.998082689256023,13.0629500480932,572.32212436509,TRUE,28.6553763069389,0.171232176351738,13.112052047978,2026-06-07 16:58:26,2026-06-07 16:59:00,"Time changed"
"13","2026-06-07 17:57:31","Collar_13_2026-06-07 17:57:31",2026-06-07 17:58:43,NA,NA,NA,NA,NA,516.862533744982,29.5996656930298,0.111675191800586,4330.46248752103,4.82405806694526,3.08222018356905e-104,0.999032995384996,9.43638850571555,473.668718102583,0.999507248050881,6.83735616839031,516.92735781697,TRUE,29.5740724805803,0.122998529103463,8.28337600315042,2026-06-07 17:58:26,2026-06-07 17:59:00,"Time changed"
"13","2026-06-07 18:57:31","Collar_13_2026-06-07 18:57:31",2026-06-07 18:58:43,701.262777547761,18.7535366790436,1.42642327369565e-66,0.987607394361555,35.2236570448921,584.209993427536,30.8427020303206,0.180665610745532,5076.02355267486,7.80425251915267,2.88828841654033e-91,0.997672214596548,15.2659768488375,558.184851278396,0.998484134227335,12.5044902195212,584.230897990148,TRUE,30.8607453671266,0.195187922211796,17.6422555108827,2026-06-07 18:58:26,2026-06-07 18:59:00,"Time changed"
"13","2026-06-07 19:57:31","Collar_13_2026-06-07 19:57:31",2026-06-07 19:58:43,643.497398681853,16.7480046910338,4.0668431177659e-74,0.992564979211429,23.3152600266316,513.763857766791,26.3725035675342,0.109230593560277,5317.06332826017,4.71845821373295,1.74398416679072e-101,0.998834832239403,9.22982357071076,413.732507225487,0.999736393303703,4.45615078120779,521.695762967183,TRUE,26.1007571466856,0.0763371144178086,5.58710876323395,2026-06-07 19:58:26,2026-06-07 19:59:00,"Time changed"
"13","2026-06-07 20:57:31","Collar_13_2026-06-07 20:57:31",2026-06-07 20:58:43,651.032140680372,16.4511204625547,7.04723556906022e-73,0.991914399527693,24.604458556822,501.640118705215,26.6904036934456,0.100169429644032,5217.63662321708,4.3270411032602,2.15427927889914e-104,0.999043129276973,8.46416862399401,432.243674904955,0.999664659085042,5.08608289804045,501.640118705215,TRUE,26.6904036934456,0.100169429644032,11.0775869860841,2026-06-07 20:58:26,2026-06-07 20:59:00,"Time changed"
"13","2026-06-07 21:57:31","Collar_13_2026-06-07 21:57:31",2026-06-07 21:58:43,670.642418116246,16.985112839418,3.61367996249937e-68,0.988877033344905,28.3039417363324,485.893302376753,26.1799854054669,0.0895131721434104,5044.99435691551,3.86672038090034,3.83900960058247e-107,0.999205673778039,7.56373062902397,464.302503315195,0.999448902694247,6.39489232572588,486.717019138243,TRUE,26.2248758075224,0.0703957169546861,5.30139719060834,2026-06-07 21:58:26,2026-06-07 21:59:00,"Time changed"
"13","2026-06-07 22:57:31","Collar_13_2026-06-07 22:57:31",2026-06-07 22:58:43,NA,NA,NA,NA,NA,508.213554790932,22.9107589595338,0.104984861505533,5439.86616938542,4.53505438304733,1.66937607412712e-98,0.998574183443277,8.87106549280853,498.826788599851,0.998822368574312,8.18335027125295,508.331469692595,TRUE,22.9225857679995,0.105122928296036,9.70555702572998,2026-06-07 22:58:26,2026-06-07 22:59:00,"Time changed"
"13","2026-06-07 23:57:31","Collar_13_2026-06-07 23:57:31",2026-06-07 23:58:43,676.505160844946,16.0271399469256,1.70326506719007e-67,0.988358169317001,29.5143862125366,457.172813614215,26.6881387700125,0.0729109942889208,5651.61025565282,3.14955241622987,9.16829764874939e-114,0.999492731353537,6.16087115996928,448.211843901887,0.99957847291762,5.70057083379476,457.694081787773,TRUE,26.7309196642449,0.0666223514770431,6.54858110329175,2026-06-07 23:58:26,2026-06-07 23:59:00,"Time changed"
"14","2026-06-07 00:28:29","Collar_14_2026-06-07 00:28:29",2026-06-07 00:29:41,265.774646798307,6.70678769814862,9.4692223009885e-34,0.988764760994671,10.1914394636696,249.760408197289,9.21123360497122,0.135689353020738,5777.96661896606,5.86140312350769,4.97423025742355e-37,0.992889976817356,8.10736787544363,245.885932999478,0.99432244604232,7.47482672306462,249.886490344829,TRUE,9.25628384261837,0.139388376221851,8.34180507662814,2026-06-07 00:29:24,2026-06-07 00:29:58,"Time changed"
"14","2026-06-07 01:28:30","Collar_14_2026-06-07 01:28:30",2026-06-07 01:29:42,527.346874428208,2.61180234488685,3.24953547465711e-40,0.926211674165594,10.1701959888458,523.569773040035,3.52373134136253,0.117155655187168,5743.61118267236,5.06079886124675,5.17832140941138e-41,0.930087676098135,9.89947955461645,514.819817239157,0.941729281268533,9.17367119188334,523.637905324142,TRUE,3.54047830968656,0.12656274359264,11.0227639345022,2026-06-07 01:29:25,2026-06-07 01:29:59,"Time changed"
"14","2026-06-07 02:28:30","Collar_14_2026-06-07 02:28:30",2026-06-07 02:29:42,NA,NA,NA,NA,NA,461.318976006609,4.32426343421599,0.0751025780638613,5460.96185505889,3.24422274737885,1.97865891034776e-59,0.979900906238347,6.34605674693553,446.135071829944,0.984718866642311,5.61663219025461,461.384891863525,TRUE,4.33012717341568,0.0877018668825277,5.39179854415717,2026-06-07 02:29:25,2026-06-07 02:29:59,"Time changed"
"14","2026-06-07 03:28:30","Collar_14_2026-06-07 03:28:30",2026-06-07 03:29:42,508.881768661491,2.50187388089453,5.32593938225512e-50,0.961944668340657,8.91350790733462,460.669460552946,4.41627444897568,0.074754954461585,5649.11797731175,3.22920637341268,3.56644240992022e-60,0.980888429475688,6.31668306678378,458.822224234032,0.982419998266945,6.14940142030524,460.749748088289,TRUE,4.39588794768545,0.0760864454595667,6.90992385034007,2026-06-07 03:29:25,2026-06-07 03:29:59,"Time changed"
"14","2026-06-07 04:28:32","Collar_14_2026-06-07 04:28:32",2026-06-07 04:29:44,496.667022847333,5.22905772632255,9.14647428819985e-57,0.975927001691369,8.16878092491265,550.654137542241,5.00251807056363,0.142161421526242,6103.30196743364,6.14097850439939,2.26772216089528e-45,0.947943206468202,12.0124298191658,481.407554483798,0.981717294691012,7.22594870875329,550.660601394664,TRUE,5.00302143337865,0.153268217080217,14.7868323773237,2026-06-07 04:29:27,2026-06-07 04:30:01,"Time changed"
"14","2026-06-07 05:28:32","Collar_14_2026-06-07 05:28:32",2026-06-07 05:29:44,524.460673641819,4.44318685253422,3.37235868765155e-59,0.979583319267423,9.96267650845745,476.957712976199,6.769053032598,0.0839784443190835,6246.45720542672,3.62763551362769,3.20155524639969e-69,0.989642213808636,7.09605431540721,479.425296212799,0.989866499079081,7.12435750176791,477.108931597388,TRUE,6.74442583972152,0.0887454859103242,6.86644773553669,2026-06-07 05:29:27,2026-06-07 05:30:01,"Time changed"
"14","2026-06-07 06:28:30","Collar_14_2026-06-07 06:28:30",2026-06-07 06:29:42,494.637362514464,5.06442636418548,3.97069318856125e-59,0.979485035610802,8.05120774277349,511.252062170994,5.41387339701174,0.107288319757342,6583.93952259398,4.63455738082463,1.27293905528808e-55,0.973989314293856,9.06570430757399,465.976563202018,0.987134211389975,6.47181871206962,511.256526798596,TRUE,5.42079927839815,0.117480994549396,10.2712452407168,2026-06-07 06:29:25,2026-06-07 06:29:59,"Time changed"
"14","2026-06-07 07:28:30","Collar_14_2026-06-07 07:28:30",2026-06-07 07:29:42,504.509084800424,5.18933693585157,4.34008218563105e-68,0.988816959097397,8.63941102749008,496.897865763989,7.93268771322483,0.0968331905826151,5958.9538315829,4.18292484343567,1.07576829294439e-69,0.989969136147961,8.18226135861234,436.443543522576,0.996005610733481,5.24097226397974,496.93314524587,TRUE,7.94384807128761,0.103510685384751,8.19294893084797,2026-06-07 07:29:25,2026-06-07 07:29:59,"Time changed"
"14","2026-06-07 08:28:30","Collar_14_2026-06-07 08:28:30",2026-06-07 08:29:42,494.352331339385,4.15772344007369,7.23453481886769e-48,0.956034396742438,8.03483266628631,530.542212216399,3.59910515131331,0.123138110347981,5229.81367631338,5.31922430572858,3.16281760206399e-40,0.926270286787603,10.404988165842,482.667201601532,0.964860203132425,7.29125739971023,530.997075983793,TRUE,3.67210096824276,0.12076398075597,12.3772017739488,2026-06-07 08:29:25,2026-06-07 08:29:59,"Time changed"
"14","2026-06-07 09:28:32","Collar_14_2026-06-07 09:28:32",2026-06-07 09:29:44,446.336388398116,2.74047031656037,6.62829529636529e-61,0.981811071809947,5.70198951899737,458.845897371951,4.08087780032374,0.0737875515507149,4574.55103110318,3.1874172549798,2.89042198296256e-58,0.978252031762205,6.23493895189718,425.924147735666,0.987166399474414,4.86160430012724,458.970826523603,TRUE,4.06926491400272,0.0824977517849856,5.75072785923083,2026-06-07 09:29:27,2026-06-07 09:30:01,"Time changed"
"14","2026-06-07 10:28:31","Collar_14_2026-06-07 10:28:31",2026-06-07 10:29:43,NA,NA,NA,NA,NA,522.592782492991,0.478000101753661,0.116340930077236,4612.54285469002,5.02560499969575,0.000109242334791425,0.198875768398639,9.83063648805239,481.032723281013,0.582135155412635,7.20662807702357,522.60618826001,TRUE,0.466843109301541,0.1229018065131,11.882220144311,2026-06-07 10:29:26,2026-06-07 10:30:00,"Time changed"
"14","2026-06-07 11:01:03","Collar_14_2026-06-07 11:01:03",2026-06-07 11:02:15,233.213594645154,3.64344209081096,1.33610576250475e-28,0.976957695838261,6.40059024399659,247.577470689807,3.98293635548081,0.131523202713333,4919.46517799449,5.68143700323962,1.17258729164355e-25,0.965265678294253,7.85844257353462,234.724196029912,0.978539668957129,6.37310984938732,247.614342485648,TRUE,3.96610495739468,0.138339173521507,7.10036743314947,2026-06-07 11:01:58,2026-06-07 11:02:32,"Time changed"
"14","2026-06-07 12:00:29","Collar_14_2026-06-07 12:00:29",2026-06-07 12:01:41,463.379360211436,3.5406475627956,1.17416794419067e-61,0.982713589698264,6.4401424878474,436.182984819625,4.75212825233219,0.0627596337674047,4440.05188927132,2.71104184083068,2.14611771990121e-67,0.988278778378116,5.30309621283812,416.251010883391,0.991672896549155,4.53703924978551,436.473016829191,TRUE,4.77793395795252,0.071027748473673,5.31003604595792,2026-06-07 12:01:24,2026-06-07 12:01:58,"Time changed"
"14","2026-06-07 13:00:30","Collar_14_2026-06-07 13:00:30",2026-06-07 13:01:42,NA,NA,NA,NA,NA,412.924850046241,4.96663676560309,0.0531534258148932,4662.64293323002,2.29608034205111,1.51479311774329e-73,0.992271818855304,4.49138585134208,414.706774785596,0.992512861010059,4.48726952806381,414.022575774453,TRUE,4.9136848293742,0.0547194925572066,3.45807429619036,2026-06-07 13:01:25,2026-06-07 13:01:59,"Time changed"
"14","2026-06-07 14:00:30","Collar_14_2026-06-07 14:00:30",2026-06-07 14:01:42,NA,NA,NA,NA,NA,455.760252863348,0.668824003792613,0.0721790416054357,4519.98018074829,3.11793409357059,1.11891100198319e-13,0.558045793862717,6.0990222409945,419.638055040137,0.750855757455805,4.64814318238927,455.999567744874,TRUE,0.70186654966967,0.0786026260331443,5.49625850503514,2026-06-07 14:01:25,2026-06-07 14:01:59,"Time changed"
"14","2026-06-07 15:00:29","Collar_14_2026-06-07 15:00:29",2026-06-07 15:01:41,418.401281436218,2.28088536263221,1.25560943619385e-65,0.986788868322096,4.67055857652344,408.708413183061,3.94268322805676,0.0515764489262787,4396.6853901264,2.22795932109517,1.13200094025082e-67,0.98849720284497,4.35813363708062,388.742362338888,0.991832049000613,3.72767347176609,408.769311855915,TRUE,3.94558236858142,0.0454865476516986,2.79723661956703,2026-06-07 15:01:24,2026-06-07 15:01:58,"Time changed"
"14","2026-06-07 16:00:29","Collar_14_2026-06-07 16:00:29",2026-06-07 16:01:41,457.606657554754,4.41059090038228,1.95961272813225e-71,0.991083752308052,6.17999260525847,365.745666180241,6.37940843279247,0.0379469217723855,4653.33799506048,1.63920160906191,8.19128251045393e-91,0.997599744190484,3.20645875477554,340.252130033646,0.998425025489548,2.63642940278628,365.81873142117,TRUE,6.37514358415503,0.0408067755302541,2.99419117966618,2026-06-07 16:01:24,2026-06-07 16:01:58,"Time changed"
"14","2026-06-07 17:00:29","Collar_14_2026-06-07 17:00:29",2026-06-07 17:01:41,464.691503751729,2.59771001092749,6.20581937222674e-59,0.979213902662799,6.50078617230312,357.125663976598,4.39047687646097,0.0356809503783996,4399.80031971928,1.54131793940908,1.25617490702086e-81,0.99552892213776,3.01498752404176,356.115985701135,0.99583772133823,2.95275536816157,357.186164073224,TRUE,4.38240636214652,0.0371835713374855,3.26022517827002,2026-06-07 17:01:24,2026-06-07 17:01:58,"Time changed"
"14","2026-06-07 18:00:29","Collar_14_2026-06-07 18:00:29",2026-06-07 18:01:41,NA,NA,NA,NA,NA,621.325161715808,1.40971017901446,0.235510668305038,4868.67818152977,10.1734066534429,9.00465260736423e-08,0.345078986640666,19.9003030801636,448.751755567006,0.947435688158204,5.72259759895741,621.326511119829,TRUE,1.40237940795503,0.241635513616017,26.4439597753843,2026-06-07 18:01:24,2026-06-07 18:01:58,"Time changed"
"14","2026-06-07 19:00:29","Collar_14_2026-06-07 19:00:29",2026-06-07 19:01:41,481.596748162917,4.34793665931263,1.48284407432921e-67,0.988405517292951,7.3351280216018,424.148180855234,6.63096007281207,0.0575900152857254,5118.78590570745,2.48772868293518,1.12548537186942e-79,0.994896964608024,4.86627109856778,417.770405954817,0.995600100893007,4.58654709286133,425.230858565264,TRUE,6.57782303914289,0.060849591194602,4.5072023876472,2026-06-07 19:01:24,2026-06-07 19:01:58,"Time changed"
"14","2026-06-07 20:00:31","Collar_14_2026-06-07 20:00:31",2026-06-07 20:01:43,420.384204664091,2.99864710229768,1.35862814331326e-70,0.990561301802172,4.73718184489973,441.156941065909,4.7281800979954,0.0650294569642262,5274.85805218623,2.80909189766621,3.2783853700146e-66,0.987300387959011,5.49489291521352,372.081397277364,0.995528897130245,3.30943477393321,441.260110708003,TRUE,4.74876936845203,0.0686137756087392,5.3648667809784,2026-06-07 20:01:26,2026-06-07 20:02:00,"Time changed"
"14","2026-06-07 21:00:29","Collar_14_2026-06-07 21:00:29",2026-06-07 21:01:41,420.06849969748,2.78410528227651,5.06242859960979e-66,0.98713708511425,4.72651136745856,398.613396841618,4.04772278410294,0.0479883317376871,5246.72799839661,2.07296262586066,1.50601840292609e-70,0.990532670357338,4.05494304255675,365.794181224535,0.994405085320701,3.16410022333778,398.968012795708,TRUE,4.02060684065406,0.0435252145222827,4.18292944674878,2026-06-07 21:01:24,2026-06-07 21:01:58,"Time changed"
"14","2026-06-07 22:00:29","Collar_14_2026-06-07 22:00:29",2026-06-07 22:01:41,445.623813081725,3.6663404645997,9.52920476237339e-64,0.984995248755633,5.67304113126221,435.43877423493,4.49025919145233,0.0624269018905724,5235.07566657228,2.69666874803646,6.7633078523594e-66,0.98702705097044,5.27498086145701,411.257565366734,0.991326454487584,4.3780664787333,435.603098385252,TRUE,4.46890545282229,0.0620735325281902,6.5789822648888,2026-06-07 22:01:24,2026-06-07 22:01:58,"Time changed"
"14","2026-06-07 23:00:29","Collar_14_2026-06-07 23:00:29",2026-06-07 23:01:41,NA,NA,NA,NA,NA,425.111273790203,3.66614559638732,0.0579875563704719,5455.46988648401,2.50490135347993,3.84032169443342e-62,0.983272425551758,4.89986273214517,422.707650090249,0.984734762512046,4.75118235144477,425.115667777726,TRUE,3.66510335322768,0.0645782993018687,6.20163045039185,2026-06-07 23:01:24,2026-06-07 23:01:58,"Time changed"
"15","2026-06-07 00:31:29","Collar_15_2026-06-07 00:31:29",2026-06-07 00:32:41,NA,NA,NA,NA,NA,233.410827032466,8.25351461341029,0.107426045164913,5755.42808242862,4.64050673584881,8.5821683992074e-39,0.994440521197871,6.41865001318759,230.814207893834,0.995395520975601,6.02688672356446,233.670601348054,TRUE,8.2085725265139,0.108586695144027,4.81819198306583,2026-06-07 00:32:24,2026-06-07 00:32:58,"Time changed"
"15","2026-06-07 01:31:28","Collar_15_2026-06-07 01:31:28",2026-06-07 01:32:40,549.006497034479,5.36810943394865,1.08845104929733e-58,0.978867663292098,11.8718858485085,497.6968259728,7.92930728462629,0.0973873837593523,5592.01799646268,4.20686444919573,1.62569652919593e-69,0.989846595054437,8.22908986222707,493.745353990823,0.99093685078652,7.89165343614132,497.91686570797,TRUE,7.90033317077844,0.100416083792728,8.69673073701631,2026-06-07 01:32:23,2026-06-07 01:32:57,"Time changed"
"15","2026-06-07 02:31:30","Collar_15_2026-06-07 02:31:30",2026-06-07 02:32:42,NA,NA,NA,NA,NA,481.594937662531,6.62082566095103,0.0868066458768466,5715.26094097751,3.74980596455503,1.31769527433927e-67,0.98844570692012,7.33503316327146,449.155539154243,0.993134600527199,5.73912635898411,481.643357988696,TRUE,6.63818266122604,0.108128555758547,6.68959249957985,2026-06-07 02:32:25,2026-06-07 02:32:59,"Time changed"
"15","2026-06-07 03:31:30","Collar_15_2026-06-07 03:31:30",2026-06-07 03:32:42,491.358167371491,3.40806500227309,1.73137246837484e-63,0.984729453059915,7.86481715169158,450.736052508499,6.18447295393549,0.0696346700275799,5610.5384820751,3.00802430933329,4.65589835876936e-72,0.991452746443157,5.88402660656192,446.651128904589,0.992385067659357,5.63737398643166,450.971887776165,TRUE,6.19109557371794,0.073191466425196,5.57794010788117,2026-06-07 03:32:25,2026-06-07 03:32:59,"Time changed"
"15","2026-06-07 04:31:32","Collar_15_2026-06-07 04:31:32",2026-06-07 04:32:44,NA,NA,NA,NA,NA,527.911657669778,6.71606942885624,0.120845986798235,5911.34842320887,5.22021093559413,2.09112113470034e-58,0.978458039303479,10.2113071166334,492.19536732863,0.987785459123778,7.804764188095,528.093395578004,TRUE,6.69480937588844,0.122091381673282,9.02825824696045,2026-06-07 04:32:27,2026-06-07 04:33:01,"Time changed"
"15","2026-06-07 05:31:30","Collar_15_2026-06-07 05:31:30",2026-06-07 05:32:42,558.594438626389,5.04521287558354,1.40315586947999e-58,0.978709270205151,12.7134230487627,515.11379486981,8.45423046258074,0.110288933770199,6280.34217390382,4.76417557087311,9.39843276372734e-68,0.988559957472143,9.31925175284338,513.916224256554,0.989378622721418,9.11465282089871,515.387134354917,TRUE,8.41189841086135,0.109420322789903,9.68487333945931,2026-06-07 05:32:25,2026-06-07 05:32:59,"Time changed"
"15","2026-06-07 06:31:28","Collar_15_2026-06-07 06:31:28",2026-06-07 06:32:40,NA,NA,NA,NA,NA,494.438266066484,6.67225014977162,0.0951468268406472,6409.92376956783,4.110078614277,3.71365074917262e-65,0.986360806285155,8.03976611705881,473.128030260517,0.990499231010201,6.81100084150801,494.82833097521,TRUE,6.61469298682436,0.0965412687658482,7.45939777503187,2026-06-07 06:32:23,2026-06-07 06:32:57,"Time changed"
"15","2026-06-07 07:31:30","Collar_15_2026-06-07 07:31:30",2026-06-07 07:32:42,526.430500550505,4.41605567827815,5.68033837641837e-61,0.981893428360345,10.1038440803334,496.050305415478,7.28469482608502,0.0962487331442439,5939.25040410678,4.15767790564312,2.21064534440391e-67,0.988268563032951,8.13287556965956,484.667442882487,0.990582996109116,7.3961785279625,496.144353029768,TRUE,7.28194572682158,0.0933006011782635,10.1379430810317,2026-06-07 07:32:25,2026-06-07 07:32:59,"Time changed"
"15","2026-06-07 08:31:28","Collar_15_2026-06-07 08:31:28",2026-06-07 08:32:40,500.912760506347,4.37244187740098,1.29439178704561e-62,0.983798879219135,8.42030778568796,454.722177546343,6.42886915768762,0.0716458260303453,4783.72399966578,3.09490066192868,2.3270897113111e-72,0.991625302539058,6.05396631368671,454.518543098962,0.992113416439174,5.96324125219355,454.729261094552,TRUE,6.42633530375676,0.0785446167977667,7.4575022132434,2026-06-07 08:32:23,2026-06-07 08:32:57,"Time changed"
"15","2026-06-07 09:31:32","Collar_15_2026-06-07 09:31:32",2026-06-07 09:32:44,NA,NA,NA,NA,NA,461.513402686505,6.01173805200427,0.0752069501275256,4827.26881440908,3.24873133059743,5.608589128336e-69,0.989470023293728,6.35487603191728,463.925254512409,0.989706235918025,6.37768362547407,461.523271601281,TRUE,6.00564652150498,0.0789470145413917,7.82857374467497,2026-06-07 09:32:27,2026-06-07 09:33:01,"Time changed"
"15","2026-06-07 10:31:31","Collar_15_2026-06-07 10:31:31",2026-06-07 10:32:43,473.450203394819,3.34037884293624,4.76993212953604e-62,0.983165459939997,6.92048088647766,410.386255623977,5.18741516972474,0.0521982902752378,4625.79911969269,2.25482113997758,2.3630802731948e-75,0.993161836563172,4.41067831117596,412.86184965611,0.993309143023413,4.42852405098347,410.401795558203,TRUE,5.18786555997537,0.0570544614255656,4.32006183844653,2026-06-07 10:32:26,2026-06-07 10:33:00,"Time changed"
"15","2026-06-07 11:04:02","Collar_15_2026-06-07 11:04:02",2026-06-07 11:05:14,NA,NA,NA,NA,NA,262.852739085207,7.86648418872332,0.163596233694514,4578.91192705434,7.06690284700941,3.89026368200389e-32,0.985928365197957,9.77478939998897,243.503898852995,0.9927785819887,7.22474456401325,262.895377852561,TRUE,7.89469342935321,0.162474623685968,12.3699835737741,2026-06-07 11:04:57,2026-06-07 11:05:31,"Time changed"
"15","2026-06-07 12:03:28","Collar_15_2026-06-07 12:03:28",2026-06-07 12:04:40,471.343884287192,3.86701322728711,2.63590851645662e-55,0.973426672120151,6.81714064036657,507.667884881497,3.98901996523786,0.104576464487637,4427.13069632046,4.51741276634685,1.22229205624634e-47,0.955351429297993,8.83655654893919,464.484028288143,0.977245402759992,6.40318936539477,507.685153155776,TRUE,3.98694836084439,0.11054406443134,11.0592694972181,2026-06-07 12:04:23,2026-06-07 12:04:57,"Time changed"
"15","2026-06-07 13:03:28","Collar_15_2026-06-07 13:03:28",2026-06-07 13:04:40,NA,NA,NA,NA,NA,484.223813106059,4.82980429773785,0.0884520737584834,4586.06109698206,3.82088387826178,6.76239758973489e-58,0.97770167487818,7.47406938518355,462.983476856715,0.984451948320273,6.33492503392837,484.280440494525,TRUE,4.81163368648503,0.101851046955969,7.95077896998504,2026-06-07 13:04:23,2026-06-07 13:04:57,"Time changed"
"15","2026-06-07 14:03:30","Collar_15_2026-06-07 14:03:30",2026-06-07 14:04:42,NA,NA,NA,NA,NA,425.688376123823,3.79244476125876,0.0582270836740489,4449.39542339199,2.51524826761945,5.24714941686946e-63,0.984223373740977,4.920102434964,359.427519320056,0.994217691668617,3.0234318763593,425.989449089769,TRUE,3.81492582793943,0.0595994871812958,5.08734694026277,2026-06-07 14:04:25,2026-06-07 14:04:59,"Time changed"
"15","2026-06-07 15:03:27","Collar_15_2026-06-07 15:03:27",2026-06-07 15:04:39,NA,NA,NA,NA,NA,414.901171588289,4.19336261395764,0.0539090916934675,4496.99820739415,2.32872300886615,3.51155487947211e-68,0.988886406416137,4.55523850022289,384.820055449957,0.993170196394022,3.6246865919056,414.920230567962,TRUE,4.19582713418282,0.0516681662145264,4.08913376462629,2026-06-07 15:04:22,2026-06-07 15:04:56,"Time changed"
"15","2026-06-07 16:03:29","Collar_15_2026-06-07 16:03:29",2026-06-07 16:04:41,NA,NA,NA,NA,NA,343.646303186295,5.59467352963661,0.0324057473697067,4825.83294436822,1.3998382675122,1.34846496700594e-91,0.997723782157621,2.73823771482449,344.47382597067,0.997824640101506,2.7171416770288,343.809545607167,TRUE,5.58185233733565,0.0352222115009117,2.52708691937513,2026-06-07 16:04:24,2026-06-07 16:04:58,"Time changed"
"15","2026-06-07 17:03:29","Collar_15_2026-06-07 17:03:29",2026-06-07 17:04:41,386.347043416538,3.02932732957828,1.86351560322593e-76,0.993654043426424,3.71478138943596,418.112894086382,4.52803511515018,0.0551601082687397,4516.29764642335,2.38276344976013,9.37330743688847e-70,0.990009689065686,4.66094755020095,365.864290590495,0.995526978020659,3.16568514201406,418.186456143875,TRUE,4.52182013561834,0.0578486945955752,5.4507511283236,2026-06-07 17:04:24,2026-06-07 17:04:58,"Time changed"
"15","2026-06-07 18:03:29","Collar_15_2026-06-07 18:03:29",2026-06-07 18:04:41,NA,NA,NA,NA,NA,343.391321218787,4.20892177781342,0.0323467805040127,4588.54668427061,1.39729106271633,2.85722986736969e-83,0.995999736951916,2.73325510190321,333.647057228165,0.996712874441239,2.514933624347,343.410433960426,TRUE,4.21310977032061,0.0353337849945681,2.42236980244023,2026-06-07 18:04:24,2026-06-07 18:04:58,"Time changed"
"15","2026-06-07 19:03:29","Collar_15_2026-06-07 19:03:29",2026-06-07 19:04:41,NA,NA,NA,NA,NA,403.847446100846,4.90979171002481,0.0498163856334268,5020.59909675492,2.15192947606586,4.13881962294164e-75,0.993048195790578,4.20941089250135,379.466384608301,0.995365364807702,3.48869353602693,404.34325619858,TRUE,4.93694174201237,0.048844216555691,4.16949515792458,2026-06-07 19:04:24,2026-06-07 19:04:58,"Time changed"
"15","2026-06-07 20:03:30","Collar_15_2026-06-07 20:03:30",2026-06-07 20:04:42,457.200585556351,2.77671457233514,3.27893015826219e-59,0.979600178195388,6.16209341946256,388.673653748944,4.19420597725852,0.0446993843060665,5500.64751254089,1.93088923307348,1.14216690580798e-73,0.99233572442521,3.77703184993426,371.623972757189,0.994326193297255,3.29863944361458,389.185664963132,TRUE,4.17009571136303,0.0418023674512521,2.90495361322172,2026-06-07 20:04:25,2026-06-07 20:04:59,"Time changed"
"15","2026-06-07 21:03:28","Collar_15_2026-06-07 21:03:28",2026-06-07 21:04:40,NA,NA,NA,NA,NA,365.075450111554,4.51179380839536,0.0377656942190694,5257.63724382859,1.63137308218471,9.27022873995675e-81,0.995258222799785,3.19114529461078,356.283405630994,0.99605018591937,2.95628855245022,365.19942439231,TRUE,4.51492264499617,0.0381805489242745,3.36309734025323,2026-06-07 21:04:23,2026-06-07 21:04:57,"Time changed"
"15","2026-06-07 22:03:27","Collar_15_2026-06-07 22:03:27",2026-06-07 22:04:39,NA,NA,NA,NA,NA,375.364816235196,5.20684509439861,0.0406458444214263,5428.74735696217,1.75578757025207,8.22670220729251e-83,0.99587336539132,3.43451372609542,371.77718931511,0.996297280536631,3.30225146391143,375.522079536939,TRUE,5.19742052100809,0.0410323484588712,4.18663053993121,2026-06-07 22:04:22,2026-06-07 22:04:56,"Time changed"
"15","2026-06-07 23:03:27","Collar_15_2026-06-07 23:03:27",2026-06-07 23:04:39,NA,NA,NA,NA,NA,415.993334567092,4.59982514471483,0.0543312900442329,5348.20038609939,2.34696080480831,1.17206238473966e-70,0.990602213059626,4.59091363630332,419.305021686181,0.990694169040986,4.63709927531863,416.06106128736,TRUE,4.61376386473893,0.057573486333407,4.94476915191516,2026-06-07 23:04:22,2026-06-07 23:04:56,"Time changed"
"16","2026-06-07 00:34:29","Collar_16_2026-06-07 00:34:29",2026-06-07 00:35:41,271.316941092456,4.96511457367963,9.85296240887156e-30,0.980323589886003,11.0311570982896,254.67643719114,7.51447570033513,0.145561268846248,5616.11957367366,6.28784246429964,3.84646525929569e-33,0.987768953754943,8.69720968285936,243.024498405025,0.99217925950572,7.17543438361509,254.683043768825,TRUE,7.52582295945832,0.150814342258269,10.4099929967568,2026-06-07 00:35:24,2026-06-07 00:35:58,"Time changed"
"16","2026-06-07 01:34:28","Collar_16_2026-06-07 01:34:28",2026-06-07 01:35:40,590.312756981815,4.27227258690856,3.24764844730067e-46,0.950833178843643,15.9461558094741,538.927857072612,6.93489175466947,0.130739139587379,5482.54839780605,5.6475676542216,4.64184367659065e-57,0.976402305169973,11.0472638923466,530.17951227977,0.980331274833547,10.2374202756062,538.985993910442,TRUE,6.93995938467427,0.149325868553637,11.4776121324121,2026-06-07 01:35:23,2026-06-07 01:35:57,"Time changed"
"16","2026-06-07 02:34:30","Collar_16_2026-06-07 02:34:30",2026-06-07 02:35:42,NA,NA,NA,NA,NA,440.021932915627,6.64849012817867,0.0645043814034496,5531.07514485961,2.78641009203078,2.0110547572351e-76,0.993639807393953,5.45052480707369,430.082725436341,0.994788190410781,5.00818018598762,440.162811921326,TRUE,6.66495413021383,0.0678500609013574,6.19407917421644,2026-06-07 02:35:25,2026-06-07 02:35:59,"Time changed"
"16","2026-06-07 03:34:28","Collar_16_2026-06-07 03:34:28",2026-06-07 03:35:40,NA,NA,NA,NA,NA,409.970957189365,3.61187192504995,0.0520436777951849,5797.58269643709,2.24814231033221,7.45693041250709e-65,0.986078321548944,4.39761378533017,413.524532596013,0.986166824459025,4.44953593636963,409.99165216742,TRUE,3.61167070704457,0.0554843066520417,4.83437452431727,2026-06-07 03:35:23,2026-06-07 03:35:57,"Time changed"
"16","2026-06-07 04:34:32","Collar_16_2026-06-07 04:34:32",2026-06-07 04:35:44,455.470227562417,4.37126834154211,5.30889420776672e-70,0.990175315612624,6.08640052798857,441.607459928588,5.96828253342658,0.0652390582952691,5834.74632615255,2.81814609292263,6.31501225151575e-73,0.991940443774023,5.51260391762279,409.777471012013,0.995169251079405,4.3320249179071,441.673861100562,TRUE,5.98445072563339,0.0663934221914602,5.90225722363198,2026-06-07 04:35:27,2026-06-07 04:36:01,"Time changed"
"16","2026-06-07 05:34:30","Collar_16_2026-06-07 05:34:30",2026-06-07 05:35:42,509.314780253168,4.36327069857561,9.47477389283242e-64,0.984997776020585,8.94111953048596,435.3630468388,7.10532272168587,0.0623931436876939,6223.14127390257,2.69521048744791,2.37072401320134e-79,0.994783925430013,5.27212834325239,437.460308778235,0.994923798992666,5.2791739501911,435.39908760015,TRUE,7.11430728572098,0.0642980971095269,6.33749136350074,2026-06-07 05:35:25,2026-06-07 05:35:59,"Time changed"
"16","2026-06-07 06:34:28","Collar_16_2026-06-07 06:34:28",2026-06-07 06:35:40,NA,NA,NA,NA,NA,388.391229157939,5.23873419057305,0.0446093023034414,6459.37242084058,1.92699794079591,2.96031874020348e-80,0.995093509733521,3.769420053971,377.122757705566,0.996055043797876,3.43077824486967,388.490294696965,TRUE,5.24699340601115,0.0487390112514346,4.14513210711744,2026-06-07 06:35:23,2026-06-07 06:35:57,"Time changed"
"16","2026-06-07 07:34:28","Collar_16_2026-06-07 07:34:28",2026-06-07 07:35:40,478.569387283488,5.2632677024541,1.39070951551126e-67,0.988427368345728,7.17821581670538,542.531771072738,6.41722311432137,0.134148350374615,5743.42028899101,5.79483608989571,4.35888292603341e-54,0.971141882856303,11.3353371606126,442.99143186251,0.993425203630421,5.49191855850641,542.736756550265,TRUE,6.35911556769151,0.13874639723398,12.2064380741509,2026-06-07 07:35:23,2026-06-07 07:35:57,"Time changed"
"16","2026-06-07 08:34:28","Collar_16_2026-06-07 08:34:28",2026-06-07 08:35:40,NA,NA,NA,NA,NA,435.962673883057,5.29583419049671,0.0626609497655447,4619.73729077129,2.70677896608137,1.31746842507037e-70,0.990569836979204,5.29475756066447,415.207220318384,0.993378883261603,4.50333847385188,436.788927680611,TRUE,5.2552445500638,0.0691286886182013,4.31620358411071,2026-06-07 08:35:23,2026-06-07 08:35:57,"Time changed"
"16","2026-06-07 09:34:30","Collar_16_2026-06-07 09:34:30",2026-06-07 09:35:42,475.113596890048,3.87724289648021,1.0761241183997e-63,0.984941504950929,7.0031961771989,472.837602593242,5.52869025006097,0.0815430246514122,4562.37548408342,3.52243214925644,3.56167359586455e-64,0.985423245785012,6.89026495621234,460.167634921021,0.988512199025872,6.2087825087654,472.858675262677,TRUE,5.52102025941244,0.0868021901812319,7.49597402458643,2026-06-07 09:35:25,2026-06-07 09:35:59,"Time changed"
"16","2026-06-07 10:34:31","Collar_16_2026-06-07 10:34:31",2026-06-07 10:35:43,NA,NA,NA,NA,NA,457.387819226064,5.36466297465356,0.0730230536928816,4637.88712022949,3.15439307119485,1.6351128327157e-66,0.987557535397003,6.17034001383417,448.742626669635,0.989613887482359,5.72222446107891,457.415758407575,TRUE,5.35263754323022,0.0801620326459745,6.21081530602803,2026-06-07 10:35:26,2026-06-07 10:36:00,"Time changed"
"16","2026-06-07 11:07:00","Collar_16_2026-06-07 11:07:00",2026-06-07 11:08:12,246.370117081147,5.53848689751827,5.75775083452441e-31,0.983433192543,7.72406308746031,266.54469561448,5.68395734251392,0.172456259915155,4643.83267154867,7.44963136776587,7.82484788212377e-27,0.970516886599869,10.3041713327471,249.782887235318,0.983708831564368,7.90275721346946,266.590772191722,TRUE,5.69738781531397,0.192128338050614,10.3056784076926,2026-06-07 11:07:55,2026-06-07 11:08:29,"Time changed"
"16","2026-06-07 12:06:26","Collar_16_2026-06-07 12:06:26",2026-06-07 12:07:38,NA,NA,NA,NA,NA,595.06372417071,3.36886138985225,0.195229251419987,4587.66988183931,8.43336134043096,1.52650456840412e-26,0.814089276902554,16.4965829417931,554.493456033475,0.90164843484014,12.1790917248946,595.120815671434,TRUE,3.37723390488267,0.202881806638453,19.5465595891738,2026-06-07 12:07:21,2026-06-07 12:07:55,"Time changed"
"16","2026-06-07 13:06:26","Collar_16_2026-06-07 13:06:26",2026-06-07 13:07:38,NA,NA,NA,NA,NA,408.476568897512,3.94820784234251,0.0514911074316141,4376.07831321731,2.22427280559298,9.21740995899127e-68,0.988566498515978,4.35092240702738,411.81549651652,0.98867396700047,4.39554886021622,408.501143417374,TRUE,3.95078741267068,0.0518372869279821,4.75963981183926,2026-06-07 13:07:21,2026-06-07 13:07:55,"Time changed"
"16","2026-06-07 14:06:30","Collar_16_2026-06-07 14:06:30",2026-06-07 14:07:42,NA,NA,NA,NA,NA,442.920118467643,3.29906396430057,0.0658536249718901,4472.57161852794,2.84469366616811,2.05645471798472e-55,0.973619910804248,5.564533892667,440.868758576188,0.975804624254121,5.4092784286656,443.046821636493,TRUE,3.30286625130086,0.0704237506608283,5.42074678866454,2026-06-07 14:07:25,2026-06-07 14:07:59,"Time changed"
"16","2026-06-07 15:06:25","Collar_16_2026-06-07 15:06:25",2026-06-07 15:07:37,423.105610176615,1.94675364024997,5.90478855861362e-58,0.97779040901834,4.83016690132768,411.609693948235,3.13303908796087,0.0526564419950839,4356.76210386741,2.27461202159035,2.21562830528345e-60,0.981154072419253,4.44939145375779,405.587010453944,0.983668175064078,4.20428069798383,412.123767592794,TRUE,3.14909880632649,0.0530336284711348,3.74393360284641,2026-06-07 15:07:20,2026-06-07 15:07:54,"Time changed"
"16","2026-06-07 16:06:27","Collar_16_2026-06-07 16:06:27",2026-06-07 16:07:39,414.25700930991,3.03909547156892,4.98838352315648e-65,0.986241935980383,4.53432726784836,409.370619029796,3.74830938263856,0.0518209855619816,4491.31071093914,2.23852262446726,4.64527685853346e-66,0.987169571826246,4.37879662105377,392.043285463212,0.990539328561609,3.8166089817208,409.511913871617,TRUE,3.75079198003387,0.0538313806912639,4.92459284932576,2026-06-07 16:07:22,2026-06-07 16:07:56,"Time changed"
"16","2026-06-07 17:06:28","Collar_16_2026-06-07 17:06:28",2026-06-07 17:07:40,NA,NA,NA,NA,NA,417.102653764958,4.10507382215064,0.0547635054651488,4493.19869889136,2.36563131035488,4.22556541683455e-67,0.988042916595098,4.62743519999319,416.05261582553,0.988875159874782,4.53061433065802,417.102987029344,TRUE,4.10562247967029,0.0511834158199764,4.94368524644259,2026-06-07 17:07:23,2026-06-07 17:07:57,"Time changed"
"16","2026-06-07 18:06:29","Collar_16_2026-06-07 18:06:29",2026-06-07 18:07:41,448.745168715606,3.14095287625537,1.9546708251086e-65,0.986615799458913,5.8009443662043,408.079138498696,4.87501543445466,0.0513451423447763,4717.11883075439,2.2179675193132,5.14755555739311e-74,0.992513273456525,4.33858857311616,402.380994358496,0.993481875102849,4.10909621410308,408.200275099861,TRUE,4.85750810807655,0.0539851219735015,4.85035022922144,2026-06-07 18:07:24,2026-06-07 18:07:58,"Time changed"
"16","2026-06-07 19:06:29","Collar_16_2026-06-07 19:06:29",2026-06-07 19:07:41,520.506951856799,3.13082987760828,8.05239375866476e-54,0.970616445079441,9.68525757108956,454.6778518224,5.48224659909849,0.0716231456702165,5157.56113899923,3.09392093337414,1.03724218120639e-67,0.988526736143106,6.05204985680694,447.248972915608,0.990255044680744,5.66149881919261,454.691928076596,TRUE,5.47390309519013,0.0766120644032172,6.90283141107479,2026-06-07 19:07:24,2026-06-07 19:07:58,"Time changed"
"16","2026-06-07 20:06:30","Collar_16_2026-06-07 20:06:30",2026-06-07 20:07:42,NA,NA,NA,NA,NA,358.04461906849,4.43333202913381,0.0359159292385999,5439.92454004866,1.55146837342969,1.01494748330408e-81,0.99555687342683,3.03484289012378,360.084570466405,0.995679558407774,3.03765486450694,358.354970395394,TRUE,4.41458746713227,0.032690234391905,2.09533941763961,2026-06-07 20:07:25,2026-06-07 20:07:59,"Time changed"
"16","2026-06-07 21:06:28","Collar_16_2026-06-07 21:06:28",2026-06-07 21:07:40,NA,NA,NA,NA,NA,401.841373237955,4.60212768455068,0.0491076519482729,5330.38483136732,2.12131414963519,1.24189638801451e-73,0.992316832847956,4.14952394453764,391.434980958112,0.993745968800555,3.80006166821777,402.128074785001,TRUE,4.57777956271626,0.0545980256993397,3.75319483116569,2026-06-07 21:07:23,2026-06-07 21:07:57,"Time changed"
"16","2026-06-07 22:06:25","Collar_16_2026-06-07 22:06:25",2026-06-07 22:07:37,NA,NA,NA,NA,NA,416.695646759351,4.75221378335721,0.0546045285912243,5343.93672811814,2.35876395101797,1.82778103683322e-71,0.991101994946578,4.61400188932153,399.597101655542,0.993417469057399,4.0281940831702,416.760132649038,TRUE,4.76462575721467,0.0561454311067247,4.07679704604748,2026-06-07 22:07:20,2026-06-07 22:07:54,"Time changed"
"16","2026-06-07 23:06:27","Collar_16_2026-06-07 23:06:27",2026-06-07 23:07:39,431.155060225645,3.97711529378957,2.37844850315765e-67,0.98824329550626,5.11602153978648,434.711767335116,4.5760647426458,0.0621035650859959,5230.5967935083,2.68270149626542,1.33871195377188e-66,0.987630499883445,5.24765937978337,384.374612977472,0.9943084153178,3.61317213844673,434.718525536909,TRUE,4.57826478539877,0.0629472829071548,5.54550587014028,2026-06-07 23:07:22,2026-06-07 23:07:56,"Time changed"
"29","2026-06-07 00:10:31","Collar_29_2026-06-07 00:10:31",2026-06-07 00:11:43,NA,NA,NA,NA,NA,249.829889746927,12.5379649534828,0.135824104265101,4798.60608937568,5.86722400294313,2.0640038594463e-41,0.996142242774462,8.11541919181741,253.790919706815,0.996146535725606,8.36845533499922,250.080906672304,TRUE,12.4742946690916,0.124022198843851,8.19647733896328,2026-06-07 00:11:26,2026-06-07 00:12:00,"Time changed"
"29","2026-06-07 01:10:31","Collar_29_2026-06-07 01:10:31",2026-06-07 01:11:43,647.984573251317,7.49507351250796,9.22157713194776e-49,0.958617394374459,24.0746478382913,615.417900508951,11.3982611535783,0.225780094003351,4830.63288431135,9.75307287385212,1.23519328304597e-55,0.974012323197302,19.0780839461377,583.106572092395,0.984530208397179,14.9408651883594,615.747649078012,TRUE,11.4744609810021,0.230331642083613,20.0020840356333,2026-06-07 01:11:26,2026-06-07 01:12:00,"Time changed"
"29","2026-06-07 02:10:31","Collar_29_2026-06-07 02:10:31",2026-06-07 02:11:43,564.104187141725,10.2473476316745,6.57763899462267e-69,0.989420555195464,13.2237402077752,595.381903899977,12.4424737239287,0.195673455934485,4678.36291347274,8.45254974151618,2.61312686267825e-62,0.98346073130599,16.5341175661552,546.881365086239,0.992187462798133,11.5345699676924,595.430449270891,TRUE,12.4737226260682,0.20255069546665,16.6981169282592,2026-06-07 02:11:26,2026-06-07 02:12:00,"Time changed"
"29","2026-06-07 03:10:31","Collar_29_2026-06-07 03:10:31",2026-06-07 03:11:43,616.217709915646,7.84757314433577,1.55362061928758e-57,0.977149612302657,19.1873875203926,564.733471270328,12.3192196613952,0.157201724928719,5094.78945936678,6.79067783142253,2.13084327834497e-68,0.989048472319276,13.2833132075108,562.066039157948,0.990043456924511,12.8559992222092,565.02307434889,TRUE,12.3846882903301,0.142411480721706,11.7915745089377,2026-06-07 03:11:26,2026-06-07 03:12:00,"Time changed"
"29","2026-06-07 04:10:31","Collar_29_2026-06-07 04:10:31",2026-06-07 04:11:43,634.448896884153,8.0242122569524,5.97140096427965e-53,0.968833672929322,21.8560097012956,564.593600898976,12.0122435113266,0.157044747189093,5361.8945561008,6.78389682913401,1.08729985919984e-67,0.988510823116525,13.2700488207301,558.827714938605,0.990006920583369,12.5620414122311,565.494558919805,TRUE,11.900719119931,0.170514302250174,9.38670100547268,2026-06-07 04:11:26,2026-06-07 04:12:00,"Time changed"
"29","2026-06-07 05:10:31","Collar_29_2026-06-07 05:10:31",2026-06-07 05:11:43,562.50048794464,9.38835233660636,1.04362886043933e-68,0.989275962476293,13.0731266253133,566.893611905142,12.2493167678714,0.1596460901501,5169.56878024641,6.89626761886451,8.81846698217494e-68,0.988581365420313,13.489858452761,517.615909072272,0.994665812416458,9.3587303858478,571.486307717491,TRUE,12.5607660076302,0.114565849060671,9.32106848183964,2026-06-07 05:11:26,2026-06-07 05:12:00,"Time changed"
"29","2026-06-07 06:10:31","Collar_29_2026-06-07 06:10:31",2026-06-07 06:11:43,626.513855057925,7.99037666044698,7.10083493501943e-59,0.979131399508697,20.6516879518121,527.772628081527,13.915721203197,0.120726038025435,5685.38833941703,5.2150294818109,1.04511675744033e-79,0.994908071170666,10.2011716227724,514.355801696059,0.996029687138038,9.14331633782654,527.804847866669,TRUE,13.9354435616447,0.126980957310338,11.4078831679389,2026-06-07 06:11:26,2026-06-07 06:12:00,"Time changed"
"29","2026-06-07 07:10:31","Collar_29_2026-06-07 07:10:31",2026-06-07 07:11:43,NA,NA,NA,NA,NA,493.082533046109,11.9948364765625,0.0942298901898836,5094.28432622144,4.07046949809215,1.26372914026735e-82,0.99582093743947,7.96228632649633,487.115045327635,0.996375580013152,7.52662193007294,493.199022383787,TRUE,11.9818372820394,0.0981491372096933,8.9517091610204,2026-06-07 07:11:26,2026-06-07 07:12:00,"Time changed"
"29","2026-06-07 08:10:31","Collar_29_2026-06-07 08:10:31",2026-06-07 08:11:43,NA,NA,NA,NA,NA,537.531544813539,12.779515779479,0.129441672992053,4526.76149984809,5.59152070149326,3.68352857045944e-75,0.993071980856624,10.9376298843876,513.932051379341,0.995329363037992,9.11568329864129,537.554130797669,TRUE,12.7972395464866,0.133249110605869,13.2806012968374,2026-06-07 08:11:26,2026-06-07 08:12:00,"Time changed"
"29","2026-06-07 09:10:31","Collar_29_2026-06-07 09:10:31",2026-06-07 09:11:43,NA,NA,NA,NA,NA,562.665729125118,12.3662053893255,0.15489698235892,4219.41767721731,6.69111935467576,6.10617088009185e-69,0.989443669221507,13.0885658697751,555.932716552906,0.990944276373599,12.3049438513438,563.766376870068,TRUE,12.3107111796286,0.140584798616802,9.85753319369602,2026-06-07 09:11:26,2026-06-07 09:12:00,"Time changed"
"29","2026-06-07 10:10:31","Collar_29_2026-06-07 10:10:31",2026-06-07 10:11:43,641.819390351271,5.75155633042867,2.01951638388257e-47,0.954687591433082,23.0374766439876,608.855226212069,10.4111579428634,0.215440602522228,3926.22150536465,9.30643556360075,2.2282472818267e-54,0.97170558927615,18.2044122112225,602.224138271113,0.975692338241634,17.1269651873321,610.269459678858,TRUE,10.2307572156115,0.175090199454312,13.1609940404516,2026-06-07 10:11:26,2026-06-07 10:12:00,"Time changed"
"29","2026-06-07 11:10:31","Collar_29_2026-06-07 11:10:31",2026-06-07 11:11:43,537.64494835243,7.15911411454214,2.17760730154631e-70,0.990429444948376,10.9464932303556,532.799970493237,10.8708585905014,0.125140038552087,3965.64957292426,5.40570204305547,2.06932642040799e-71,0.991069456694755,10.5741481376307,505.280386615641,0.99430722706737,8.56940895992274,532.939542955051,TRUE,10.8865336006157,0.129922114812926,11.718620044209,2026-06-07 11:11:26,2026-06-07 11:12:00,"Time changed"
"29","2026-06-07 11:32:54","Collar_29_2026-06-07 11:32:54",2026-06-07 11:33:58.5,NA,NA,NA,NA,NA,225.073673330747,-2.17907068417879,2.36479192609762,4132.11996372308,82.7170277787265,0.368994474649011,0.0450470383256324,60.9822938871176,193.37849018742,0.83972310274359,26.4986952819822,225.073673330747,TRUE,-2.17907068417879,2.36479192609762,79.3945989588707,2026-06-07 11:33:49,2026-06-07 11:34:08,"Time changed"
"29","2026-06-07 11:35:48","Collar_29_2026-06-07 11:35:48",2026-06-07 11:37:00,NA,NA,NA,NA,NA,298.862920672116,7.41008442481593,0.273645252326926,3962.5170116128,11.8207147503825,4.0876330824048e-24,0.956934862331546,16.3501607060056,267.514643323243,0.984314087483577,10.1809926297311,301.959626486834,TRUE,7.00583551320068,0.192308910081359,10.629798613598,2026-06-07 11:36:43,2026-06-07 11:37:17,"Time changed"
"29","2026-06-07 12:30:31","Collar_29_2026-06-07 12:30:31",2026-06-07 12:31:43,273.56257900818,4.62795022918384,6.11926972633585e-27,0.970952576811218,11.3907802030788,247.298900413561,6.38151205972853,0.131000836302228,3880.99184098419,5.65887222534435,2.54859523097346e-32,0.986284330206666,7.82723145367648,250.762138330658,0.986493069822086,8.01408817125755,247.305259454557,TRUE,6.37358320407454,0.151189732796825,6.69665942737255,2026-06-07 12:31:26,2026-06-07 12:32:00,"Time changed"
"29","2026-06-07 13:30:31","Collar_29_2026-06-07 13:30:31",2026-06-07 13:31:43,NA,NA,NA,NA,NA,234.047830724589,5.29085898368474,0.108408089392199,3896.5561594793,4.68292831847923,2.39753265739544e-32,0.986335007575853,6.47732664214423,235.947352084445,0.987130970773987,6.48545002935628,234.126079263148,TRUE,5.27159769329876,0.107419619235868,5.47929439546363,2026-06-07 13:31:26,2026-06-07 13:32:00,"Time changed"
"29","2026-06-07 14:30:31","Collar_29_2026-06-07 14:30:31",2026-06-07 14:31:43,261.068214273108,4.04641625210756,3.13781644141288e-29,0.978893496267188,9.5287481415073,223.396574141338,6.28322707034146,0.0931063048519418,3884.79631013424,4.0219337326638,6.03799757057136e-37,0.992805990602447,5.56305301892426,225.969294320863,0.993093456965624,5.62385588090924,223.402000484699,TRUE,6.28753745858668,0.0942260299768922,4.40686861360664,2026-06-07 14:31:26,2026-06-07 14:32:00,"Time changed"
"29","2026-06-07 15:30:31","Collar_29_2026-06-07 15:30:31",2026-06-07 15:31:43,NA,NA,NA,NA,NA,159.503390876994,0.0904913932565552,0.0373742566428723,3913.97858790023,1.61446406625455,0.0211297117512218,0.150848402088879,2.23309228712071,145.580420136197,0.491150216271535,1.78354871568988,159.563670656149,TRUE,0.0826960647445285,0.0380557052851698,2.66540557799116,2026-06-07 15:31:26,2026-06-07 15:32:00,"Time changed"
"29","2026-06-07 16:30:31","Collar_29_2026-06-07 16:30:31",2026-06-07 16:31:43,307.903013674305,15.562879345176,2.13430626106263e-20,0.92771261120578,18.6040986161986,312.697219035134,6.37101652532803,0.333440821142425,3945.08027972594,14.4037172190694,2.05665711000598e-19,0.917100669913542,19.9229146687617,311.426824772822,0.92868944963615,19.0647178161147,313.397293554634,TRUE,6.3818728211281,0.243578264278454,14.9784553361307,2026-06-07 16:31:26,2026-06-07 16:32:00,"Time changed"
"29","2026-06-07 17:30:31","Collar_29_2026-06-07 17:30:31",2026-06-07 17:31:43,265.00626120023,3.86564578298628,3.91710239583764e-29,0.978608003773642,10.0801804324168,225.313315997059,6.60337411048432,0.0956909693443683,4037.03506671444,4.13358405888219,2.90580700109501e-37,0.993117839042467,5.71748537052886,226.109629063565,0.99371981911815,5.63514179528619,225.492159476959,TRUE,6.57743873552856,0.102770265503023,5.55817309108383,2026-06-07 17:31:26,2026-06-07 17:32:00,"Time changed"
"29","2026-06-07 18:30:31","Collar_29_2026-06-07 18:30:31",2026-06-07 18:31:43,NA,NA,NA,NA,NA,210.692390814371,9.02105075441361,0.0776532629558196,4023.67679789834,3.35440524924784,1.07067573995901e-44,0.997560737979679,4.63974184780121,210.619902354095,0.997828672504217,4.51651419424455,210.697863844838,TRUE,9.01834918016054,0.0827244050378868,5.64847780282204,2026-06-07 18:31:26,2026-06-07 18:32:00,"Time changed"
"29","2026-06-07 19:30:31","Collar_29_2026-06-07 19:30:31",2026-06-07 19:31:43,294.394056279623,5.29541998049357,2.48028831982996e-28,0.97607801321625,15.3389724166637,247.488453795791,9.50509068580896,0.131356054914321,4954.88399701951,5.67421668263668,6.12965563200999e-38,0.9937371339601,7.84845557996443,239.194644171617,0.995592153665538,6.79339690987408,247.926250906107,TRUE,9.42799946795903,0.122189655395464,5.84159843217066,2026-06-07 19:31:26,2026-06-07 19:32:00,"Time changed"
"29","2026-06-07 20:30:31","Collar_29_2026-06-07 20:30:31",2026-06-07 20:31:43,271.496874092975,3.69527319332966,1.53078040499787e-28,0.976767089915738,11.0595488469733,240.830471571503,6.94220884254504,0.119438020611477,5064.75302358447,5.15939070746907,8.00736190124265e-35,0.990326531977724,7.13635926367832,228.536360161708,0.993927072115038,5.83392431112033,241.005830980216,TRUE,6.91652387659558,0.106004826299041,5.66947241688912,2026-06-07 20:31:26,2026-06-07 20:32:00,"Time changed"
"29","2026-06-07 21:30:31","Collar_29_2026-06-07 21:30:31",2026-06-07 21:31:43,NA,NA,NA,NA,NA,258.708959483098,9.23043445767398,0.154192920823319,5126.35589771404,6.66070585212715,3.05393046176714e-35,0.990875322223046,9.21294637400726,247.84837915712,0.994032103158881,7.68734817432512,258.758933823993,TRUE,9.23454498917776,0.156723234318537,11.1703553703219,2026-06-07 21:31:26,2026-06-07 21:32:00,"Time changed"
"29","2026-06-07 22:30:31","Collar_29_2026-06-07 22:30:31",2026-06-07 22:31:43,NA,NA,NA,NA,NA,301.343850166779,12.135350583264,0.283517661114466,5104.77558640428,12.2471753857648,1.70615635133309e-30,0.98230638844142,16.9400319676448,256.789122407056,0.995580945719345,8.73467544173825,304.492729844723,TRUE,12.5570263647856,0.238681991462503,12.6763373020676,2026-06-07 22:31:26,2026-06-07 22:32:00,"Time changed"
"29","2026-06-07 23:30:31","Collar_29_2026-06-07 23:30:31",2026-06-07 23:31:43,278.66536722717,8.43848484149359,4.08114163803371e-29,0.978554783162557,12.2521477557592,307.188800824355,7.84669022452659,0.308207640418846,4835.87546694147,13.313713906233,2.85991985458903e-23,0.951553656066516,18.4152453178559,271.861038270035,0.984250533114085,10.8331824251421,307.199628788315,TRUE,7.84856557017174,0.327966275627544,20.562043433205,2026-06-07 23:31:26,2026-06-07 23:32:00,"Time changed"
"30","2026-06-07 00:13:29","Collar_30_2026-06-07 00:13:29",2026-06-07 00:14:26,NA,NA,NA,NA,NA,393.166723558886,0.647966680230537,0.0319329809289593,4881.08166820224,1.9162449454348,2.51896961800504e-29,0.867296674681244,4.83022622665775,395.809306459463,0.870039226845813,4.85778253610167,393.177001970133,TRUE,0.650047052970404,0.0317757149128912,4.46004727613385,2026-06-07 00:13:54,2026-06-07 00:14:58,NA
"30","2026-06-07 01:13:29","Collar_30_2026-06-07 01:13:29",2026-06-07 01:14:26,NA,NA,NA,NA,NA,774.779043030763,-0.0730043827841446,0.0219294065117051,4859.80805637356,1.31594712306771,0.0011384020361963,0.0796839977362922,4.69104810134889,753.512875193388,0.24224360559351,4.29028276406529,774.785697197961,TRUE,-0.0740447383868981,0.0232152397761145,4.90847996506421,2026-06-07 01:13:54,2026-06-07 01:14:58,NA
"30","2026-06-07 02:13:29","Collar_30_2026-06-07 02:13:29",2026-06-07 02:14:26,NA,NA,NA,NA,NA,769.856177234505,0.499599238417419,0.0215180991083868,4733.47073453244,1.29126525154491,1.01839664405284e-47,0.808112720987542,4.60306291979018,749.360560576157,0.841067387647787,4.22230928496908,769.932731756556,TRUE,0.500159054668857,0.0228772391141946,5.2698560506183,2026-06-07 02:13:54,2026-06-07 02:14:58,NA
"30","2026-06-07 03:13:30","Collar_30_2026-06-07 03:13:30",2026-06-07 03:14:27,NA,NA,NA,NA,NA,808.225254033072,-0.128520796211832,0.0249398711116043,5065.48820616711,1.49660008452473,9.44263774042536e-07,0.171819822876928,5.33503425929606,786.651694298884,0.319715532214715,4.87348671925204,808.256334831443,TRUE,-0.129901556845358,0.0255652537139134,5.54908383513472,2026-06-07 03:13:55,2026-06-07 03:14:59,NA
"30","2026-06-07 04:13:31","Collar_30_2026-06-07 04:13:31",2026-06-07 04:14:28,NA,NA,NA,NA,NA,736.644501404834,-0.132094082043015,0.0189377481207197,5381.66965587388,1.13642269085303,1.46146432380739e-10,0.275415841069874,4.0510848899676,735.670500601456,0.302615874368816,4.00573917075073,736.755236127582,TRUE,-0.13368216088834,0.0201417149137909,3.6428760468447,2026-06-07 04:13:56,2026-06-07 04:15:00,NA
"30","2026-06-07 05:13:31","Collar_30_2026-06-07 05:13:31",2026-06-07 05:14:28,NA,NA,NA,NA,NA,814.951872136089,-0.611134513449753,0.0255935247589672,5284.16988546816,1.53582475010201,5.47225842764395e-49,0.816666685496614,5.47486114880923,813.133417329896,0.824691278562589,5.39602418622087,815.166683184416,TRUE,-0.613397054813391,0.0248450902079501,6.32099187947055,2026-06-07 05:13:56,2026-06-07 05:15:00,NA
"30","2026-06-07 06:13:32","Collar_30_2026-06-07 06:13:32",2026-06-07 06:14:29,NA,NA,NA,NA,NA,798.019333762551,0.146521959035169,0.0239798581155145,5707.84197665806,1.43899130520653,1.11165209912699e-08,0.225812669644983,5.12967224276482,796.649804717385,0.257138364258324,5.06454302003407,798.051591413232,TRUE,0.144635750277802,0.0247520811421201,5.00532686152605,2026-06-07 06:13:57,2026-06-07 06:15:01,NA
"30","2026-06-07 07:13:31","Collar_30_2026-06-07 07:13:31",2026-06-07 07:14:28,NA,NA,NA,NA,NA,805.92438439472,-0.0744265169673979,0.0247201394484129,5255.51485781876,1.4834143537632,0.0031401844198334,0.0661344779824976,5.28803016910923,781.917929086566,0.247125779836333,4.78555904273847,806.106633280773,TRUE,-0.0824149286275755,0.0239304269030989,5.04089796946029,2026-06-07 07:13:56,2026-06-07 07:15:00,NA
"30","2026-06-07 08:13:31","Collar_30_2026-06-07 08:13:31",2026-06-07 08:14:28,NA,NA,NA,NA,NA,740.219874431991,0.00563941314578843,0.0191999681463445,4693.49262721685,1.15215807740567,0.769447649525778,0.000673541290763384,4.10717791522508,726.254118624961,0.129660479325757,3.86325955610312,740.760962488248,TRUE,-0.00803355693870006,0.0185263845212007,3.53096771121738,2026-06-07 08:13:56,2026-06-07 08:15:00,NA
"30","2026-06-07 09:13:32","Collar_30_2026-06-07 09:13:32",2026-06-07 09:14:29,NA,NA,NA,NA,NA,851.519560395635,-0.1678343492619,0.0294585542623518,4367.3501785684,1.76775872664789,7.94835542595364e-08,0.202289811266802,6.30165230267982,782.372452382361,0.54555572545772,4.79393231365089,851.54310339213,TRUE,-0.164236822768574,0.0317784274639276,6.44955190048671,2026-06-07 09:13:57,2026-06-07 09:15:01,NA
"30","2026-06-07 10:13:32","Collar_30_2026-06-07 10:13:32",2026-06-07 10:14:29,NA,NA,NA,NA,NA,837.418964296548,-0.40930244263922,0.0279034761236821,4057.3221030957,1.67444108024302,3.43650308935593e-29,0.627001817437254,5.96899640768504,816.757362351901,0.691454624501792,5.47176192037366,837.505684414697,TRUE,-0.414782937284092,0.0283248797335084,5.23709108187392,2026-06-07 10:13:57,2026-06-07 10:15:01,NA
"30","2026-06-07 11:13:32","Collar_30_2026-06-07 11:13:32",2026-06-07 11:14:29,NA,NA,NA,NA,NA,754.01212806525,0.669742420026523,0.020245969755939,4079.07108583728,1.21492689005618,1.42251987095189e-64,0.895279833302777,4.33093426093727,737.967778809762,0.910243144264817,4.04128944616741,755.647615175793,TRUE,0.650450950968507,0.0205978686806225,4.07045840525495,2026-06-07 11:13:57,2026-06-07 11:15:01,NA
"30","2026-06-07 11:38:48","Collar_30_2026-06-07 11:38:48",2026-06-07 11:39:45,NA,NA,NA,NA,NA,354.656945624786,0.223541185850782,0.0237459098685496,3950.61484345705,1.42495246095528,1.25262064342727e-13,0.584490736192458,3.59183869736703,340.635877323668,0.685099188541627,3.1777426052369,354.656970789185,TRUE,0.223657286709708,0.0252814448960838,4.59303760824999,2026-06-07 11:39:13,2026-06-07 11:40:17,NA
"30","2026-06-07 12:33:32","Collar_30_2026-06-07 12:33:32",2026-06-07 12:34:29,333.506296329873,0.425059581690554,8.67891290508498e-18,0.692635563651819,3.05251835804093,343.149701649962,0.231761237708733,0.021734330002938,3941.57086309349,1.30424090701698,9.62379903935437e-16,0.643478618403503,3.28756438468981,330.219705290719,0.725230453933201,2.93306124724478,343.154634246016,TRUE,0.231428453074593,0.0223052461982244,2.96519897391177,2026-06-07 12:33:57,2026-06-07 12:35:01,NA
"30","2026-06-07 13:33:31","Collar_30_2026-06-07 13:33:31",2026-06-07 13:34:28,NA,NA,NA,NA,NA,327.081637722655,0.147876791687562,0.0192073409382751,3976.42691686317,1.15260050635718,1.19983876423448e-10,0.484764482322228,2.90532857395336,327.092521616996,0.515434266495637,2.86334755135365,327.382837220842,TRUE,0.154836733096537,0.017646118360711,2.69740198134538,2026-06-07 13:33:56,2026-06-07 13:35:00,NA
"30","2026-06-07 14:33:31","Collar_30_2026-06-07 14:33:31",2026-06-07 14:34:28,319.187675232645,0.185554215582088,1.24341533761684e-06,0.313421833799367,2.73415847700329,318.159434582954,0.0985883800012721,0.0179333160483324,4003.0558401499,1.07614839682371,7.43845750060642e-07,0.324197418819639,2.71261783233778,320.378535654094,0.342462005523986,2.7192207954223,318.200661449352,TRUE,0.101833284764731,0.0192524663579189,2.66117421283539,2026-06-07 14:33:56,2026-06-07 14:35:00,NA
"30","2026-06-07 15:36:20","Collar_30_2026-06-07 15:36:20",2026-06-07 15:37:17,NA,NA,NA,NA,NA,316.429140221934,0.2640646466807,0.0176962058532507,3911.56328509921,1.06191980933772,2.35670673194497e-22,0.779465219516914,2.67675222099886,307.735721307607,0.818587753005661,2.46722231483663,316.44681829359,TRUE,0.263724090470111,0.0184198508538254,2.58220950047478,2026-06-07 15:36:45,2026-06-07 15:37:49,NA
"30","2026-06-07 16:33:31","Collar_30_2026-06-07 16:33:31",2026-06-07 16:34:28,351.286276843914,0.677740120052858,2.53899561182072e-13,0.575168710911046,3.49990568840426,358.564096560846,0.204127937570239,0.0244704264995338,4017.47365417602,1.4684294960337,9.02044678690784e-12,0.52483667813298,3.70143007063766,349.505556226121,0.61131938707417,3.40212205717991,358.829798592463,TRUE,0.214405581898729,0.0234821763003106,3.64287300840458,2026-06-07 16:33:56,2026-06-07 16:35:00,NA
"30","2026-06-07 17:33:31","Collar_30_2026-06-07 17:33:31",2026-06-07 17:34:28,NA,NA,NA,NA,NA,426.84807782274,-0.0347284250145837,0.0413770633157078,4127.98712665056,2.4829685838617,0.404465760800235,0.0110581141792312,6.25875100274027,395.904408131393,0.422308117647406,4.86133755352084,427.183997559637,TRUE,-0.0389026656397371,0.0388133814483308,5.73849568892302,2026-06-07 17:33:56,2026-06-07 17:35:00,NA
"30","2026-06-07 18:33:31","Collar_30_2026-06-07 18:33:31",2026-06-07 18:34:28,339.809028352097,0.218417947978028,1.34372691422932e-16,0.664913253069134,3.20415849265029,333.677389390286,0.242155506978856,0.0202070003789518,4173.73770843631,1.21258840271469,6.73904147467704e-18,0.695077838066309,3.05653842369538,337.109988241675,0.69772799560254,3.09271346147086,333.757802294409,TRUE,0.236520279128212,0.0213950804838952,3.11049643783689,2026-06-07 18:33:56,2026-06-07 18:35:00,NA
"30","2026-06-07 19:33:31","Collar_30_2026-06-07 19:33:31",2026-06-07 19:34:28,413.417582715621,0.78659936094158,1.68078499444755e-37,0.926923424814965,5.64442958153512,427.782768182599,1.04452597674262,0.0416756333947839,5100.31539110641,2.5008852765175,1.79071200336232e-34,0.908849615463833,6.30391311991488,406.236229315841,0.938472326761663,5.26346294342972,427.923822180123,TRUE,1.04021837214473,0.0372501175164362,5.74564243698348,2026-06-07 19:33:56,2026-06-07 19:35:00,NA
"30","2026-06-07 20:33:31","Collar_30_2026-06-07 20:33:31",2026-06-07 20:34:28,NA,NA,NA,NA,NA,348.213077059848,0.0233472552777786,0.0225975632542867,5203.42349938611,1.35604209520885,0.305471556334325,0.0166613807339984,3.4181382230566,343.410694097515,0.141203268734171,3.24629977372276,348.220363693319,TRUE,0.0227137734047625,0.0233543779427671,3.46282378230998,2026-06-07 20:33:56,2026-06-07 20:35:00,NA
"30","2026-06-07 21:33:31","Collar_30_2026-06-07 21:33:31",2026-06-07 21:34:28,NA,NA,NA,NA,NA,415.184665219191,-0.12571099588605,0.0378264329496561,5206.97605063079,2.26990117536669,0.00148483579512673,0.149163135728633,5.72167781331819,411.981909113265,0.238409675714429,5.50131250640384,415.185643253945,TRUE,-0.126766323086492,0.0388547082558342,6.78907962034693,2026-06-07 21:33:56,2026-06-07 21:35:00,NA
"30","2026-06-07 22:33:31","Collar_30_2026-06-07 22:33:31",2026-06-07 22:34:28,378.794542190475,-1.06098100741684,3.24732945127756e-08,0.386568438779492,4.32467962756824,384.985027212398,-0.1652485694331,0.0299851792585883,5300.12419266044,1.799360614659,7.06342682147718e-07,0.325273830073178,4.53559909073566,373.283733319636,0.470068068693466,4.08494566025929,385.013365438687,TRUE,-0.160701559930645,0.0296605864722361,4.56106723268329,2026-06-07 22:33:56,2026-06-07 22:35:00,NA
"30","2026-06-07 23:33:31","Collar_30_2026-06-07 23:33:31",2026-06-07 23:34:28,344.373937435408,0.0882493021762837,8.1774032978322e-15,0.618646640236544,3.31867026583224,335.313482178452,0.230524516175732,0.020462919162795,4844.03359056297,1.22794566225373,9.76600652394325e-17,0.668265556651795,3.09524904781042,333.7159520962,0.695637650121843,3.01301391388726,335.559886321123,TRUE,0.220534315605397,0.0183626514762231,2.45799090060759,2026-06-07 23:33:56,2026-06-07 23:35:00,NA
"31","2026-06-07 00:16:28","Collar_31_2026-06-07 00:16:28",2026-06-07 00:17:25,NA,NA,NA,NA,NA,372.41045675079,0.139601905209789,0.027220647096922,4949.66975454618,1.63346564879062,3.00837572120266e-06,0.29452725554915,4.11743218732547,332.752786845821,0.639601026496424,2.99077309632195,372.416549755991,TRUE,0.141661618290498,0.0282330521767868,5.19932719729732,2026-06-07 00:16:53,2026-06-07 00:17:57,NA
"31","2026-06-07 01:16:30","Collar_31_2026-06-07 01:16:30",2026-06-07 01:17:27,NA,NA,NA,NA,NA,686.354743820202,0.2199059810281,0.015607242053201,4829.27919890552,0.936564574511789,8.39342417925831e-28,0.607996855049998,3.33863678261798,686.480743119775,0.619506209747276,3.3152623160803,686.71680962373,TRUE,0.225511185278882,0.0146318241731822,3.41754968202107,2026-06-07 01:16:55,2026-06-07 01:17:59,NA
"31","2026-06-07 02:16:28","Collar_31_2026-06-07 02:16:28",2026-06-07 02:17:25,NA,NA,NA,NA,NA,757.466212248431,0.596324998585233,0.0205167307721222,4793.24363583282,1.2311748072123,3.20464802340369e-58,0.868419949526012,4.38885433963193,756.967715001155,0.872895244835354,4.34767182227105,757.747275790875,TRUE,0.597846516313468,0.023555821210907,4.057957129581,2026-06-07 02:16:53,2026-06-07 02:17:57,NA
"31","2026-06-07 03:16:29","Collar_31_2026-06-07 03:16:29",2026-06-07 03:17:26,NA,NA,NA,NA,NA,776.3418533032,0.353691628969557,0.0220616169277326,4993.83300772521,1.32388084970632,2.10747593160431e-32,0.667553807585374,4.71933000769017,727.64328298372,0.778348927068931,3.88395596008874,776.362504419103,TRUE,0.353315745468486,0.0229460014950554,4.36502970452517,2026-06-07 03:16:54,2026-06-07 03:17:58,NA
"31","2026-06-07 04:16:30","Collar_31_2026-06-07 04:16:30",2026-06-07 04:17:27,NA,NA,NA,NA,NA,756.745758471034,0.307453106569215,0.0204599580963707,5345.3452917885,1.22776797359444,4.82023109465144e-30,0.638226627886438,4.37670976323174,727.476992862255,0.719911845732759,3.88147266388663,757.165860090034,TRUE,0.296440207547307,0.0203690603041565,3.38272480384344,2026-06-07 04:16:55,2026-06-07 04:17:59,NA
"31","2026-06-07 05:16:30","Collar_31_2026-06-07 05:16:30",2026-06-07 05:17:27,NA,NA,NA,NA,NA,742.737951226517,-0.268006529599478,0.0193868214926717,5256.06851812695,1.16337083518841,3.68199963496387e-27,0.598881141933055,4.14714881161259,720.1812447143,0.672995010314388,3.77407026281695,742.774806742824,TRUE,-0.264438023969035,0.0207685255422118,4.31729330772861,2026-06-07 05:16:55,2026-06-07 05:17:59,NA
"31","2026-06-07 06:16:31","Collar_31_2026-06-07 06:16:31",2026-06-07 06:17:28,NA,NA,NA,NA,NA,781.474975680296,-0.0221069836434519,0.0225015025353009,5688.20278371765,1.35027765161929,0.3277232135247,0.00748450816214042,4.81342852071161,763.534519468893,0.161621322177834,4.45887917685869,781.633016703411,TRUE,-0.0303676143487259,0.0217269273133516,5.22725071644358,2026-06-07 06:16:56,2026-06-07 06:18:00,NA
"31","2026-06-07 07:16:30","Collar_31_2026-06-07 07:16:30",2026-06-07 07:17:27,NA,NA,NA,NA,NA,769.578287149702,-0.0756157098861906,0.0214951126777464,5232.9742068094,1.28988587416619,0.000602887244339111,0.0881566134370062,4.59814575745134,753.675932592693,0.217594447840294,4.29297423236825,769.58335411614,TRUE,-0.0755031168493305,0.0226094610861179,5.33198571698155,2026-06-07 07:16:55,2026-06-07 07:17:59,NA
"31","2026-06-07 08:16:31","Collar_31_2026-06-07 08:16:31",2026-06-07 08:17:28,NA,NA,NA,NA,NA,753.088157894323,0.252289174273011,0.0201741487088962,4689.26876130052,1.21061702876645,6.10443043517156e-24,0.549912605694504,4.31557059908043,728.499699208684,0.638764336503205,3.89677044915417,753.204389836983,TRUE,0.24892383980882,0.0211610602463414,4.08925928631306,2026-06-07 08:16:56,2026-06-07 08:18:00,NA
"31","2026-06-07 09:16:32","Collar_31_2026-06-07 09:16:32",2026-06-07 09:17:29,NA,NA,NA,NA,NA,945.977003077991,0.320126430079047,0.0423632902700661,4274.71541995786,2.54215041911049,6.95905415978864e-12,0.308495452715042,9.06218014984633,822.350847336399,0.740921768683848,5.59075351172963,946.700232468001,TRUE,0.316872781081185,0.0408179687822716,7.97820273058008,2026-06-07 09:16:57,2026-06-07 09:18:01,NA
"31","2026-06-07 10:16:31","Collar_31_2026-06-07 10:16:31",2026-06-07 10:17:28,NA,NA,NA,NA,NA,798.30257380618,0.164887773069832,0.0240059956423757,3994.87192463889,1.4405597746158,2.52638215787231e-10,0.269313703499255,5.13526347459733,773.794103222318,0.413197505595466,4.63834381605172,804.500893778942,TRUE,0.117758738273712,0.0216646635968183,4.13824028257418,2026-06-07 10:16:56,2026-06-07 10:18:00,NA
"31","2026-06-07 11:16:32","Collar_31_2026-06-07 11:16:32",2026-06-07 11:17:29,NA,NA,NA,NA,NA,784.173585478394,-0.138942041502831,0.0227362679095729,4116.89141813986,1.36436553031788,1.10723178451899e-08,0.225859681978762,4.86364856030334,727.424782056794,0.514851679944409,3.88069330054863,784.257232698437,TRUE,-0.133337371312939,0.024026247575265,4.73946320453484,2026-06-07 11:16:57,2026-06-07 11:18:01,NA
"31","2026-06-07 11:41:47","Collar_31_2026-06-07 11:41:47",2026-06-07 11:42:44,NA,NA,NA,NA,NA,356.271528756599,0.339915636861337,0.0240426700346648,3980.91527326419,1.44276054375186,3.27070624877632e-21,0.76035009581876,3.63672704463989,355.997586725252,0.775600898091725,3.57633333532373,356.505231812086,TRUE,0.335503389895833,0.0222740688018352,3.36772503329037,2026-06-07 11:42:12,2026-06-07 11:43:16,NA
"31","2026-06-07 12:36:31","Collar_31_2026-06-07 12:36:31",2026-06-07 12:37:28,NA,NA,NA,NA,NA,321.922490369786,0.220981131393985,0.0184600104954812,3932.54699232445,1.10775445246827,7.06767991252152e-18,0.694619636589393,2.79228635240839,325.744350721164,0.695455419260392,2.8338065187779,321.973850734879,TRUE,0.225041192655495,0.0189442792817878,2.80440279517358,2026-06-07 12:36:56,2026-06-07 12:38:00,NA
"31","2026-06-07 13:36:32","Collar_31_2026-06-07 13:36:32",2026-06-07 13:37:29,NA,NA,NA,NA,NA,329.793650858851,0.173955440315027,0.0196122463717198,3974.63595605075,1.17689820634151,1.08852505269512e-12,0.555311518184825,2.96657512178714,327.897794293609,0.593871947329622,2.88113933419463,329.856388108832,TRUE,0.17871420233891,0.019536487795322,2.75078275558149,2026-06-07 13:36:57,2026-06-07 13:38:01,NA
"31","2026-06-07 14:36:30","Collar_31_2026-06-07 14:36:30",2026-06-07 14:37:27,NA,NA,NA,NA,NA,325.803979343866,0.162292648994408,0.0190194930857691,3994.40755588185,1.14132806991674,4.1882963224769e-12,0.536121667857863,2.87691445170733,309.502616171302,0.660561209238064,2.50098448384861,325.857678758505,TRUE,0.158158772152842,0.0204622792595222,2.90335723769043,2026-06-07 14:36:55,2026-06-07 14:37:59,NA
"31","2026-06-07 15:39:28","Collar_31_2026-06-07 15:39:28",2026-06-07 15:40:25,NA,NA,NA,NA,NA,315.656956496851,0.240239362540686,0.0175914041684788,3922.42836221866,1.05563083496467,1.70929541839534e-20,0.747498677113171,2.6608997752936,308.286195963421,0.788022166462485,2.47769172170215,315.691709933639,TRUE,0.243443464314041,0.017638696968425,2.25421060291123,2026-06-07 15:39:53,2026-06-07 15:40:57,NA
"31","2026-06-07 16:36:30","Collar_31_2026-06-07 16:36:30",2026-06-07 16:37:27,335.482744012728,0.186092955699788,1.62008879969769e-07,0.35525773344211,3.09928173047924,337.958812042942,0.116389625022263,0.0208835782026266,4015.01024619776,1.25318870989222,5.56260506418478e-07,0.330223546968621,3.15887850762175,332.869063882279,0.417632480566433,2.99344935634469,338.035104609662,TRUE,0.121639265799233,0.0207129910983943,2.80942528376822,2026-06-07 16:36:55,2026-06-07 16:37:59,NA
"31","2026-06-07 17:36:30","Collar_31_2026-06-07 17:36:30",2026-06-07 17:37:27,NA,NA,NA,NA,NA,344.770463594899,0.250226161707273,0.0220069967705377,4080.6788699775,1.32060318513825,6.58543206349629e-17,0.672359172305057,3.32880833165886,342.461001054463,0.702668012841192,3.2226708925101,344.824488239547,TRUE,0.247622569680368,0.0223133276815094,3.80710639558128,2026-06-07 17:36:55,2026-06-07 17:37:59,NA
"31","2026-06-07 18:36:32","Collar_31_2026-06-07 18:36:32",2026-06-07 18:37:29,NA,NA,NA,NA,NA,359.65950763631,0.41080737690053,0.0246774913263855,4191.38668163623,1.48085511106521,9.4660047515708e-25,0.814773544152329,3.73275097861999,362.971819217248,0.816722877073422,3.77343606630613,359.665180034394,TRUE,0.411773835086308,0.0261558614234027,3.86556338448116,2026-06-07 18:36:57,2026-06-07 18:38:01,NA
"31","2026-06-07 19:36:30","Collar_31_2026-06-07 19:36:30",2026-06-07 19:37:27,NA,NA,NA,NA,NA,357.016734252178,0.675704350182035,0.024180886808398,5220.45872609641,1.45105470190233,3.30133588526003e-37,0.925342399117163,3.6576339022532,352.77631989411,0.934231780616722,3.48880437625736,357.029296889381,TRUE,0.677706631556573,0.0253172085245557,3.74528759098592,2026-06-07 19:36:55,2026-06-07 19:37:59,NA
"31","2026-06-07 20:36:32","Collar_31_2026-06-07 20:36:32",2026-06-07 20:37:29,NA,NA,NA,NA,NA,370.358692117488,-0.0925184191143669,0.026794401459181,5208.4440668382,1.60788735872582,0.000996483097084807,0.15913139644907,4.05295769109866,335.707294987458,0.536039912365759,3.05952262939638,376.116927138876,TRUE,-0.0365424100620788,0.019463073381911,2.47554385734906,2026-06-07 20:36:57,2026-06-07 20:38:01,NA
"31","2026-06-07 21:36:30","Collar_31_2026-06-07 21:36:30",2026-06-07 21:37:27,NA,NA,NA,NA,NA,345.229196202912,0.209498999466424,0.0220847903070384,5165.58289307618,1.32527144556275,9.41622994299673e-14,0.58819895088617,3.34057548803885,345.857640243174,0.609014587724252,3.30798247445402,345.493745653119,TRUE,0.220525646643075,0.0209475919912329,3.01592257069348,2026-06-07 21:36:55,2026-06-07 21:37:59,NA
"31","2026-06-07 22:36:32","Collar_31_2026-06-07 22:36:32",2026-06-07 22:37:29,NA,NA,NA,NA,NA,352.166804358655,0.28295052879321,0.0232953872011429,5224.45545914147,1.397917346816,3.7134071297112e-18,0.70075562816536,3.52369202453831,327.580156758712,0.807236131950674,2.87410825055591,352.352729432518,TRUE,0.289949916987879,0.0230221464954341,3.75156668940709,2026-06-07 22:36:57,2026-06-07 22:38:01,NA
"31","2026-06-07 23:36:30","Collar_31_2026-06-07 23:36:30",2026-06-07 23:37:27,NA,NA,NA,NA,NA,324.668169206146,0.238004983377766,0.0188540435732797,4842.36613739207,1.13139972051717,6.57040961707906e-19,0.716668071378189,2.85188833290583,325.55234713296,0.729929407427968,2.82962421560529,324.774805925919,TRUE,0.236899409396587,0.0194194278313875,2.76988371435783,2026-06-07 23:36:55,2026-06-07 23:37:59,NA
"32","2026-06-07 00:19:28","Collar_32_2026-06-07 00:19:28",2026-06-07 00:20:25,477.499250625869,0.965792815421684,4.6049074594479e-24,0.805268419451351,9.24058366673392,461.39804378399,1.01185947987038,0.0539736341066767,4923.53029917752,3.23886779545442,1.83507157947215e-27,0.847995332774442,8.16412547234735,463.4747147861,0.852427209507525,8.17503670329263,462.466218693337,TRUE,0.964363835860049,0.0496247878730321,6.64352251639233,2026-06-07 00:19:53,2026-06-07 00:20:57,NA
"32","2026-06-07 01:19:28","Collar_32_2026-06-07 01:19:28",2026-06-07 01:20:25,NA,NA,NA,NA,NA,937.97404695846,1.23054697271765,0.041079186878049,4827.68576324192,2.46509351547088,1.10179615679472e-59,0.875162275739745,8.78749005388581,903.772558999879,0.906948129190904,7.64670246002031,938.221695472954,TRUE,1.21531883654744,0.0373876835703468,7.04132077156692,2026-06-07 01:19:53,2026-06-07 01:20:57,NA
"32","2026-06-07 02:19:28","Collar_32_2026-06-07 02:19:28",2026-06-07 02:20:25,NA,NA,NA,NA,NA,1088.49894512928,2.28349204841561,0.0732914169547216,4803.12948517275,4.39809573668313,1.31425724605595e-61,0.883500515009451,15.6781973177022,925.468665043541,0.967765460144907,8.31217298982245,1089.66699239241,TRUE,2.2144239603195,0.0737894046438028,15.4655388479662,2026-06-07 02:19:53,2026-06-07 02:20:57,NA
"32","2026-06-07 03:19:29","Collar_32_2026-06-07 03:19:29",2026-06-07 03:20:26,1318.04161469114,8.80657003515277,4.82093902792676e-30,0.638225801323577,37.9066842783685,1312.43782754471,2.69449984179495,0.173425289952828,4964.93009053381,10.4069625075713,3.01990470157994e-31,0.653489125605559,37.0984220081309,1294.18040029316,0.708014768827371,34.3239418670503,1312.43949185928,TRUE,2.70094920101969,0.196411130253322,35.2985125148101,2026-06-07 03:19:54,2026-06-07 03:20:58,NA
"32","2026-06-07 04:19:30","Collar_32_2026-06-07 04:19:30",2026-06-07 04:20:27,NA,NA,NA,NA,NA,958.385565687202,1.0521167226777,0.0444341106564791,5327.0722731798,2.6664168979336,1.32054451083469e-48,0.814130150988059,9.50516149714052,954.863541794959,0.824579671698153,9.30710683295813,959.200998772549,TRUE,1.01250070134355,0.0414764586161106,9.01382506692227,2026-06-07 04:19:55,2026-06-07 04:20:59,NA
"32","2026-06-07 05:19:28","Collar_32_2026-06-07 05:19:28",2026-06-07 05:20:25,NA,NA,NA,NA,NA,974.093646345703,0.880777722877122,0.0472013799006878,5178.00244374246,2.83247611156196,2.49702728498294e-38,0.731202880621987,10.0971243086757,899.667600172967,0.852963682551169,7.5269220560507,977.735070010349,FALSE,0.802689857824011,0.0463087927339425,8.56739706347187,2026-06-07 05:19:53,2026-06-07 05:20:57,NA
"32","2026-06-07 06:19:31","Collar_32_2026-06-07 06:19:31",2026-06-07 06:20:28,NA,NA,NA,NA,NA,935.590874877662,1.310120123436,0.0407043735448126,5630.85607499987,2.44260159224913,3.26543124656559e-63,0.890029931130444,8.70731153312646,931.599441180525,0.896586484881065,8.51050237095073,936.531664840214,TRUE,1.33582661628841,0.0424026087413015,8.24368732722851,2026-06-07 06:19:56,2026-06-07 06:21:00,NA
"32","2026-06-07 07:19:28","Collar_32_2026-06-07 07:19:28",2026-06-07 07:20:25,920.599484582183,1.22168309896942,1.26626565458447e-33,0.68179314539801,8.21945483735778,923.097689840195,0.633433701241667,0.0387947463106401,5194.54410603436,2.32800804574345,4.3509967879887e-33,0.675619042124179,8.29881195944363,923.203246923982,0.685192491535759,8.24006241908391,924.861222983916,TRUE,0.679341251671571,0.0329260679630156,6.8196241613384,2026-06-07 07:19:53,2026-06-07 07:20:57,NA
"32","2026-06-07 08:19:31","Collar_32_2026-06-07 08:19:31",2026-06-07 08:20:28,NA,NA,NA,NA,NA,894.629697820399,0.875485186689453,0.0347713077269792,4687.60309178049,2.08656820439699,2.01773949515998e-51,0.832010151123553,7.43813458914172,876.981130343329,0.857779863804866,6.89799332995132,896.615265132722,TRUE,0.832793830296315,0.0332982123746668,6.68414161287209,2026-06-07 08:19:56,2026-06-07 08:21:00,NA
"32","2026-06-07 09:19:32","Collar_32_2026-06-07 09:19:32",2026-06-07 09:20:29,NA,NA,NA,NA,NA,1060.20804152518,1.37591915801942,0.0657350546539711,4259.43700125007,3.94465103332455,3.78035516105509e-43,0.77389900272255,14.0617714921734,1059.72428856728,0.781564367576294,13.9306137780948,1068.05994097407,TRUE,1.23016332073027,0.036840959165813,7.55345940100672,2026-06-07 09:19:57,2026-06-07 09:21:01,NA
"32","2026-06-07 10:19:31","Collar_32_2026-06-07 10:19:31",2026-06-07 10:20:28,987.209662744643,0.335197357700386,1.48879266232278e-08,0.222358860030454,10.6195525091584,984.601804189325,0.310590010936465,0.0491481457264516,3975.73685640978,2.94929828302989,3.99527102185246e-09,0.237803262802847,10.5135684165381,941.236375593555,0.470541250741324,8.83186413556421,985.460602257562,TRUE,0.29264981903273,0.0510220633914528,10.3216130853578,2026-06-07 10:19:56,2026-06-07 10:21:00,NA
"32","2026-06-07 11:19:32","Collar_32_2026-06-07 11:19:32",2026-06-07 11:20:21.5,NA,NA,NA,NA,NA,736.868325505481,0.920058244860288,0.0654512109075551,4043.5671791933,3.37470657882011,3.1321021234597e-25,0.668475157936009,9.445178956375,736.328874941086,0.68318809456318,9.32889748214913,737.48676082191,TRUE,0.934363879877611,0.0583486374704437,7.57452146920414,2026-06-07 11:19:57,2026-06-07 11:20:46,"Time changed"
"32","2026-06-07 11:44:47","Collar_32_2026-06-07 11:44:47",2026-06-07 11:45:44,NA,NA,NA,NA,NA,381.038735055878,0.66841451985973,0.0290886231696982,3997.53108117179,1.74555977854362,2.50107687156635e-32,0.893403536389552,4.39998479453636,380.796070307345,0.900139064670819,4.3279571184532,381.069245830888,TRUE,0.673248177805843,0.0303759581493567,4.01222107710791,2026-06-07 11:45:12,2026-06-07 11:46:16,NA
"32","2026-06-07 12:39:31","Collar_32_2026-06-07 12:39:31",2026-06-07 12:40:28,447.836915796007,1.85139189506114,1.33395066495934e-37,0.927456985874739,7.3553890207765,417.102119126475,1.40024443653166,0.0383884943372765,3879.3850837686,2.30362954214359,4.47110640486481e-44,0.954789170062618,5.80669598501709,412.424647776444,0.960439264472383,5.52008016772123,417.119892953198,TRUE,1.40483798090859,0.0333959125528126,4.68668693363458,2026-06-07 12:39:56,2026-06-07 12:41:00,NA
"32","2026-06-07 13:39:32","Collar_32_2026-06-07 13:39:32",2026-06-07 13:40:29,NA,NA,NA,NA,NA,389.911319428746,0.752370328062762,0.031143258161254,3961.72116559925,1.86885499880637,1.46461357341863e-33,0.902571313360689,4.71077168425705,388.676863154818,0.910109649950121,4.59844000670778,390.050254296938,TRUE,0.745451240005343,0.0316631807555091,4.80830640188323,2026-06-07 13:39:57,2026-06-07 13:41:01,NA
"32","2026-06-07 14:39:30","Collar_32_2026-06-07 14:39:30",2026-06-07 14:40:27,NA,NA,NA,NA,NA,435.206484125663,0.927233323881822,0.044124806686917,3966.94505592328,2.64785608240577,3.67625769651899e-30,0.875144447733609,6.67437841081928,424.655000762244,0.90018799043382,6.06462082367281,435.418356550579,TRUE,0.910883716105637,0.0437235707567812,7.3028384147985,2026-06-07 14:39:55,2026-06-07 14:40:59,NA
"32","2026-06-07 15:42:26","Collar_32_2026-06-07 15:42:26",2026-06-07 15:43:23,NA,NA,NA,NA,NA,438.386891607917,1.13985617109981,0.0452176187911276,3909.64655022812,2.71343391479361,1.28612146177327e-34,0.909800904889987,6.83967865943401,434.781115339869,0.919761178818086,6.55589870960447,439.608090075384,TRUE,1.10001122634045,0.0356187420643529,4.50578347609848,2026-06-07 15:42:51,2026-06-07 15:43:55,NA
"32","2026-06-07 16:39:28","Collar_32_2026-06-07 16:39:28",2026-06-07 16:40:25,407.227678592419,2.57871977990778,6.16518913576094e-34,0.905206872508749,5.38197010116724,416.03923821927,0.866048736342438,0.0380759093295642,4014.77043391201,2.28487183698666,4.44315990481962e-32,0.891444738314116,5.75941395063167,408.115433102305,0.909638687930079,5.34010106133024,416.360063019842,TRUE,0.880089345786787,0.0363221398911232,4.09338437003542,2026-06-07 16:39:53,2026-06-07 16:40:57,NA
"32","2026-06-07 17:39:28","Collar_32_2026-06-07 17:39:28",2026-06-07 17:40:25,NA,NA,NA,NA,NA,437.505193420718,1.13719063470238,0.044911977264834,4047.71249252315,2.69509287638013,9.9659871147112e-35,0.91052715368941,6.79344690551342,440.054194872222,0.912502332883906,6.82728689394359,437.508851141625,TRUE,1.1387524887871,0.0473786206761677,5.20187921101594,2026-06-07 17:39:53,2026-06-07 17:40:57,NA
"32","2026-06-07 18:39:30","Collar_32_2026-06-07 18:39:30",2026-06-07 18:40:27,NA,NA,NA,NA,NA,453.688174400875,1.39300456883949,0.0508657079559995,4204.98533934778,3.05236632882752,1.06920758394102e-36,0.922508176799077,7.69401632604142,447.288842417121,0.933965145515528,7.21800425661061,454.886545138566,TRUE,1.3742088138486,0.040910581728894,5.33541559759742,2026-06-07 18:39:55,2026-06-07 18:40:59,NA
"32","2026-06-07 19:39:28","Collar_32_2026-06-07 19:39:28",2026-06-07 19:40:25,491.124263062594,2.07168488920555,3.57134943646764e-32,0.892193473735986,10.2616417240108,474.286133572321,1.57026534742656,0.0595987632050008,5266.08306609664,3.57642241417486,1.00756861987846e-35,0.916796447010117,9.01499016798934,477.558124640866,0.917723139010248,9.11042287014645,474.325635102247,TRUE,1.55892349696441,0.0562910934102428,6.27327687235086,2026-06-07 19:39:53,2026-06-07 19:40:57,NA
"32","2026-06-07 20:39:31","Collar_32_2026-06-07 20:39:31",2026-06-07 20:40:28,NA,NA,NA,NA,NA,467.46005939817,1.36961060024397,0.0565500767283263,5129.43856261225,3.39347582161778,1.2684319754293e-33,0.903014370102575,8.55384169552915,469.267899032771,0.906230721779908,8.54757966037827,468.148266884869,TRUE,1.33660060825671,0.0483249042841603,6.51554027026829,2026-06-07 20:39:56,2026-06-07 20:41:00,NA
"32","2026-06-07 21:39:29","Collar_32_2026-06-07 21:39:29",2026-06-07 21:40:26,NA,NA,NA,NA,NA,425.73426513999,0.962617900234329,0.0410240676874368,5162.19757545375,2.46178590473945,7.66147159193509e-33,0.897326022716627,6.205356402801,418.498361719828,0.913624968527517,5.78410281123927,425.818797755128,TRUE,0.951665017302819,0.0436549930879625,6.24430771061237,2026-06-07 21:39:54,2026-06-07 21:40:58,NA
"32","2026-06-07 22:39:31","Collar_32_2026-06-07 22:39:31",2026-06-07 22:40:28,NA,NA,NA,NA,NA,427.652989904977,1.61815120391657,0.0416340496014356,5218.92167825561,2.49838990240905,9.6929498100322e-46,0.959963652675763,6.29762309864561,421.293126614785,0.96586220212646,5.90979681704663,428.062317482423,TRUE,1.60354754569234,0.0467652210252294,5.34673540390132,2026-06-07 22:39:56,2026-06-07 22:41:00,NA
"32","2026-06-07 23:39:30","Collar_32_2026-06-07 23:39:30",2026-06-07 23:40:27,NA,NA,NA,NA,NA,436.831840258919,0.795306314277741,0.0446799508295266,4841.37078965118,2.68116935684232,2.88616716608616e-26,0.834141800499582,6.75835027060818,427.658152523309,0.86456916266769,6.20635141253746,438.883648316241,TRUE,0.741527438407059,0.0403183812460729,5.23651825757539,2026-06-07 23:39:55,2026-06-07 23:40:59,NA
"38","2026-06-07 00:22:32","Collar_38_2026-06-07 00:22:32",2026-06-07 00:23:29,641.542401515494,12.2016843658039,3.87498305887789e-60,0.986018687087882,32.6379408862375,536.245020587903,14.4640315407881,0.0959897721280144,4685.26618299184,5.76018618690668,2.6570151223517e-82,0.997233004873756,14.5195437862539,377.253868284597,0.999774580969235,4.21162233287424,536.303876680509,TRUE,14.4837451472658,0.0977816135306385,17.9535309690413,2026-06-07 00:22:57,2026-06-07 00:24:01,NA
"38","2026-06-07 00:43:43","Collar_38_2026-06-07 00:43:43",2026-06-07 00:44:40,625.268963773212,16.9700355984445,8.14549889133163e-70,0.993107476168656,28.7976893260122,629.677167292521,18.1343968322498,0.196950113609983,5352.11467105737,11.8186479535858,6.89915999140339e-69,0.992623820385476,29.7909426689144,423.847276801918,0.999707677117089,6.02705656932323,629.677167292521,TRUE,18.1343968322498,0.196950113609983,40.0014854248289,2026-06-07 00:44:08,2026-06-07 00:45:12,NA
"38","2026-06-07 01:43:43","Collar_38_2026-06-07 01:43:43",2026-06-07 01:44:40,1198.74766645276,11.2822577950352,1.68011245382863e-129,0.989863923080492,23.9580548057238,1093.00238000884,12.557424891135,0.0745719484733593,5179.806118101,4.47493829815644,4.12184950613394e-152,0.995506302985903,15.9521233332565,786.255308137303,0.999588393029454,4.86606244663352,1093.50394411378,TRUE,12.5362891951927,0.0776118354473468,17.3789204658298,2026-06-07 01:44:08,2026-06-07 01:45:12,NA
"38","2026-06-07 02:43:42","Collar_38_2026-06-07 02:43:42",2026-06-07 02:44:39,1233.85694632094,9.74921548406621,1.27194545677471e-118,0.985008679719533,27.4218537245279,991.865554029307,11.8312937063589,0.0505405820461988,5049.42881234213,3.03285606504502,2.3035736877802e-170,0.997669695053699,10.811432645126,778.607118098683,0.999561861233668,4.72500662000439,992.038037876252,TRUE,11.8495498922892,0.057387825607975,10.6982390263236,2026-06-07 02:44:07,2026-06-07 02:45:11,NA
"38","2026-06-07 03:43:43","Collar_38_2026-06-07 03:43:43",2026-06-07 03:44:40,NA,NA,NA,NA,NA,858.038411389659,9.72805560730768,0.0302064911206765,5084.11331318774,1.81264117052175,4.5751943874627e-188,0.998767398202143,6.46164786741616,839.00518051731,0.99896753564824,5.96058840619303,858.304820917579,TRUE,9.72395101214088,0.0300427135221581,7.21834039997889,2026-06-07 03:44:08,2026-06-07 03:45:12,NA
"38","2026-06-07 04:43:40","Collar_38_2026-06-07 04:43:40",2026-06-07 04:44:37,1262.36348482717,12.5430820634591,3.97294116895687e-126,0.988555924972866,30.5994124991119,1126.64630503853,15.0976059123216,0.0848736875406442,5369.36234873377,5.09312848405826,3.80449850115794e-155,0.995971098230197,18.1558288218836,870.936370616126,0.999453529471861,6.73947124591813,1126.66947287535,TRUE,15.0950460213479,0.0895437116229119,22.1605091242989,2026-06-07 04:44:05,2026-06-07 04:45:09,NA
"38","2026-06-07 05:43:40","Collar_38_2026-06-07 05:43:40",2026-06-07 05:44:37.333333,1213.19470342627,19.8072609083214,6.90808114527783e-154,0.995413833002358,23.6036748244198,1324.02650715243,18.2889022944301,0.166181850471547,5135.40672826187,10.0275290794195,3.49002878826571e-130,0.989380632303042,35.9173279291037,962.992451951155,0.999331507454744,9.08175258432704,1324.38839512381,TRUE,18.2035217184203,0.164380516329801,46.3155787107401,2026-06-07 05:44:05,2026-06-07 05:45:09,NA
"38","2026-06-07 06:43:40","Collar_38_2026-06-07 06:43:40",2026-06-07 06:44:37,1241.0672205166,11.9317303089886,1.10031549389508e-125,0.988372331128855,28.192954336722,1095.00240296564,13.8017384404748,0.0751477974200984,5217.12177752024,4.5094940333688,6.45977061021114e-157,0.996219667435399,16.0753065624434,822.232042735237,0.999550307285073,5.58819945206585,1095.34733094794,TRUE,13.7870859633934,0.0751802964374831,18.1233945108976,2026-06-07 06:44:05,2026-06-07 06:45:09,NA
"38","2026-06-07 07:43:44","Collar_38_2026-06-07 07:43:44",2026-06-07 07:44:41,1210.49256037872,15.0323264841859,4.0676697663667e-137,0.992293127051361,25.0651203902947,1182.55980411224,15.0535355044836,0.105237114954701,4925.84578643308,6.31510381234738,4.3333087964544e-143,0.993783263033924,22.5118891400996,804.664074551085,0.999670577544482,5.22308396472538,1183.54924346715,TRUE,15.0031870663914,0.106647352678948,22.3513111729867,2026-06-07 07:44:09,2026-06-07 07:45:13,NA
"38","2026-06-07 08:43:41","Collar_38_2026-06-07 08:43:41",2026-06-07 08:44:38,1279.13711913056,9.80052975415914,1.93095650815664e-111,0.980589677972174,32.6385722725218,916.186690792908,12.3827817878803,0.0377771365906607,4196.7181720291,2.2669429830525,4.79370070797853e-189,0.998810088879075,8.08112908953671,812.954078518751,0.99947846955795,5.39230348279454,916.198788449556,TRUE,12.3827496803192,0.0385651850194095,9.69535070708308,2026-06-07 08:44:06,2026-06-07 08:45:10,NA
"38","2026-06-07 09:43:39","Collar_38_2026-06-07 09:43:39",2026-06-07 09:44:36,1268.11647827015,7.82621939839456,9.48597398341198e-106,0.976179855151093,31.2840288600302,837.939351145504,10.7157683269165,0.0279593805202939,4329.94754904372,1.67779580987735,9.94128522783442e-198,0.99912935692973,5.98095524539653,818.860602569703,0.999270978470397,5.51620462639105,838.376075851612,TRUE,10.7031015703451,0.030372855004741,5.97274349953948,2026-06-07 09:44:04,2026-06-07 09:45:08,NA
"38","2026-06-07 10:43:39","Collar_38_2026-06-07 10:43:39",2026-06-07 10:44:36,1219.06798171483,6.53788161489709,8.38271878519385e-104,0.974452437675069,25.905612487319,737.726071149088,8.56927873381496,0.0190166910319717,3817.18246704923,1.14115992334007,1.00914012307066e-206,0.999370033211217,4.06797203161212,738.105387044473,0.999387336598016,4.04342891500558,737.835253373657,TRUE,8.57103498806589,0.0194855242231958,3.58725073847189,2026-06-07 10:44:04,2026-06-07 10:45:08,NA
"38","2026-06-07 11:43:40","Collar_38_2026-06-07 11:43:40",2026-06-07 11:44:37,1262.11433344847,6.2161737379206,1.25292254513423e-97,0.96809896298586,30.5701039064568,841.275033054424,9.04657670662198,0.0283203975638115,4057.10583786826,1.69945984075488,1.29741318240765e-187,0.998747159804969,6.05818252081978,792.754725213174,0.999163550589621,4.98923621799008,841.506776974927,TRUE,9.0582246154202,0.0288852077785881,6.53649685026533,2026-06-07 11:44:05,2026-06-07 11:45:09,NA
"38","2026-06-07 12:43:40","Collar_38_2026-06-07 12:43:40",2026-06-07 12:44:37,622.865437697032,8.11457126302986,8.2850323244934e-55,0.979359993524265,28.2701503503667,427.363253246093,10.3203382357135,0.0415413613103459,3896.88769766903,2.49282783259487,5.85598047952787e-96,0.998980303188248,6.28360294138181,388.302009943216,0.99947427411143,4.58519956669604,427.912300017649,TRUE,10.2911095012893,0.0372976575596524,5.27015736897816,2026-06-07 12:44:05,2026-06-07 12:45:09,NA
"38","2026-06-07 13:43:40","Collar_38_2026-06-07 13:43:40",2026-06-07 13:44:37,573.206441999912,7.27960359875116,1.17140874050061e-60,0.986539615304002,19.2943868239087,499.715268762975,8.70760785447805,0.0724751362306697,4174.73136315881,4.34911209137297,3.97553600969271e-76,0.995654601495868,10.9626879050462,439.46388771852,0.998382899574418,6.79635566377865,500.084385849917,TRUE,8.67139658684662,0.0737281908372669,12.6404586985467,2026-06-07 13:44:05,2026-06-07 13:45:09,NA
"38","2026-06-07 14:43:37","Collar_38_2026-06-07 14:43:37",2026-06-07 14:44:34,598.104207309493,5.7026351222799,2.11395610474962e-52,0.975391274495951,23.3672504132369,427.519676248407,7.80939934776752,0.0415913761981256,3982.87468398653,2.49582914262344,2.61831510877517e-88,0.998216239681714,6.29116826148814,423.657085004592,0.998419469212335,6.01824534927476,427.581890854517,TRUE,7.80074345662193,0.042217394956364,6.99555462594209,2026-06-07 14:44:02,2026-06-07 14:45:06,NA
"38","2026-06-07 15:43:37","Collar_38_2026-06-07 15:43:37",2026-06-07 15:44:34,NA,NA,NA,NA,NA,395.7383569203,6.33887796405194,0.0325709620154031,3867.19008490742,1.95452912676133,2.74747669396291e-89,0.998339437724374,4.92672811549511,395.217354772129,0.998451011114601,4.83571303170537,395.986401288502,TRUE,6.32289481356465,0.0312168259801377,4.92509602759842,2026-06-07 15:44:02,2026-06-07 15:45:06,NA
"38","2026-06-07 16:46:27","Collar_38_2026-06-07 16:46:27",2026-06-07 16:47:24,NA,NA,NA,NA,NA,396.21304722548,6.90521408517171,0.0326901111088541,4048.54622773056,1.96167906520856,1.58796593280069e-91,0.998590041668481,4.94475076979569,399.741275741029,0.998600238130413,5.00695518605453,396.295682617011,TRUE,6.90534956699942,0.034715160766822,4.41426923886243,2026-06-07 16:46:52,2026-06-07 16:47:56,NA
"38","2026-06-07 17:43:40","Collar_38_2026-06-07 17:43:40",2026-06-07 17:44:37,592.092652827781,7.06855257136792,6.86491174604113e-57,0.982272592078987,22.311288481093,465.671751468976,8.78199408551288,0.0557774878561563,4353.03841360469,3.34711405149402,1.68318210563636e-83,0.99746504732541,8.43697884952421,419.99138171315,0.998819590293386,5.85091482282873,466.028166688663,TRUE,8.75391287695897,0.058326994804446,8.40476006782266,2026-06-07 17:44:05,2026-06-07 17:45:09,NA
"38","2026-06-07 18:43:42","Collar_38_2026-06-07 18:43:42",2026-06-07 18:44:39,570.552393715862,9.05633340939302,2.05139453528695e-65,0.990492220024131,18.9044710851188,538.473015052992,10.1438588316597,0.0976490632576479,4899.234781236,5.85975748115066,3.62787396897811e-72,0.99419580166955,14.7705304244837,427.373839324373,0.999012101227922,6.19279280118995,538.724034688704,TRUE,10.105611476299,0.097832805884673,16.6438851724395,2026-06-07 18:44:07,2026-06-07 18:45:11,NA
"38","2026-06-07 19:43:41","Collar_38_2026-06-07 19:43:41",2026-06-07 19:44:38,568.853989228381,14.4581680157177,1.31505886873163e-73,0.994775924909897,18.6590971412425,610.108991883489,13.4796185750668,0.16942765813274,5438.53808727769,10.1670712870807,6.34882902144087e-65,0.990145086981138,25.6278585345535,457.082320977376,0.999119992476878,7.78277490666239,611.345754192352,TRUE,13.3361810745217,0.154443031910091,26.9918952103423,2026-06-07 19:44:06,2026-06-07 19:45:10,NA
"38","2026-06-07 20:43:43","Collar_38_2026-06-07 20:43:43",2026-06-07 20:44:40,572.281907485907,14.711642306616,4.90108031419193e-75,0.995293925336211,19.1576557061542,618.525594529126,14.5835624157866,0.180759810703041,6256.71249989355,10.8470948693465,2.65485031922093e-65,0.990414078660218,27.3419753804354,412.384238818104,0.999621919611904,5.51836458291168,619.670559730405,TRUE,14.4710340780988,0.180954710552168,24.9182756099532,2026-06-07 20:44:08,2026-06-07 20:45:12,NA
"38","2026-06-07 21:43:39","Collar_38_2026-06-07 21:43:39",2026-06-07 21:44:36,629.208985265779,9.49717764884742,1.6205432175505e-55,0.980401599750017,29.6838465256483,450.45562580554,11.1193631445966,0.0496164893004179,5490.05320279596,2.97740280005999,3.83966537434072e-93,0.998747180941324,7.50505780925139,411.598131338251,0.999352055224804,5.48509582838856,450.554380500056,TRUE,11.1040096925141,0.0560286821885813,6.66701844922505,2026-06-07 21:44:04,2026-06-07 21:45:08,NA
"38","2026-06-07 22:43:42","Collar_38_2026-06-07 22:43:42",2026-06-07 22:44:39,619.596228877782,10.2750376853354,5.88334908736448e-60,0.985832148779468,27.5680840860944,509.276620454491,12.1375919614021,0.0780065200564454,5399.84401182749,4.68104121258414,3.53725007386153e-83,0.997404574027601,11.7993725629681,408.083351762228,0.99948552449055,5.33878339624487,509.298714246326,TRUE,12.1273005627048,0.0814609086023399,14.5217972539523,2026-06-07 22:44:07,2026-06-07 22:45:11,NA
"38","2026-06-07 23:43:41","Collar_38_2026-06-07 23:43:41",2026-06-07 23:44:38,618.79455215995,7.91712880616294,6.97405014668126e-55,0.979472516912707,27.3986018832013,457.31671909847,10.026071661952,0.0523054653060504,4725.23605224386,3.13876376697541,7.1436864952073e-89,0.998288294448633,7.91179598550103,426.019623305843,0.999005526642668,6.12861703318356,459.029639504593,TRUE,10.0787276204177,0.0458810892127181,7.46328658228638,2026-06-07 23:44:06,2026-06-07 23:45:10,NA
"40","2026-06-07 00:19:33","Collar_40_2026-06-07 00:19:33",2026-06-07 00:20:30,520.370044377218,6.77944195925373,3.14083546654714e-67,0.991673396034897,12.8504700135581,513.160815119361,7.36212150677407,0.0803724000397694,4735.09705461847,4.82301372588115,9.54033615743703e-69,0.992547537859592,12.1572387944358,396.985656473313,0.998826845972394,4.90193934622815,513.192237053589,TRUE,7.3488035478496,0.0840321530674459,14.1178103313367,2026-06-07 00:19:58,2026-06-07 00:21:02,NA
"40","2026-06-07 00:40:43","Collar_40_2026-06-07 00:40:43",2026-06-07 00:41:40,485.664330034318,12.3885421616827,1.77385730995466e-83,0.997460821438374,9.83958321724393,620.376516316904,10.1425484089149,0.183351852339958,5131.16811180082,11.0026389664087,4.02696422826986e-55,0.979827187109429,27.7340511319313,461.476277297318,0.998354279507005,8.05032618435394,620.810994047329,TRUE,10.0372486357524,0.183003232782762,31.9366245149202,2026-06-07 00:41:08,2026-06-07 00:42:12,NA
"40","2026-06-07 01:40:42","Collar_40_2026-06-07 01:40:42",2026-06-07 01:41:39,959.10332742879,9.06177733488882,6.09901354269168e-158,0.996356527420691,9.53143790880564,1115.66106579082,8.30057964158181,0.0813623961195711,4930.01169038317,4.88242174006375,1.82035736275675e-124,0.987851234893791,17.4047078581076,752.910035522246,0.999276702198031,4.28034677718174,1122.75258975113,TRUE,8.12727444258716,0.0689631529330686,14.5825566105125,2026-06-07 01:41:07,2026-06-07 01:42:11,NA
"40","2026-06-07 02:40:43","Collar_40_2026-06-07 02:40:43",2026-06-07 02:41:40,1043.79279060074,5.08571256370481,4.85221040925606e-120,0.985754493436055,13.2014185950922,892.084120180557,5.83684974788463,0.034432533986876,5004.82740759571,2.06623895707232,1.76815575142166e-152,0.995565336426705,7.36566550934926,786.500614223938,0.998091148581012,4.87065566978858,897.672561565527,TRUE,5.77068576701495,0.030714817371358,6.20040083507741,2026-06-07 02:41:08,2026-06-07 02:42:12,NA
"40","2026-06-07 03:40:42","Collar_40_2026-06-07 03:40:42",2026-06-07 03:41:39,1053.60735242123,4.70198388561131,2.54143040356371e-114,0.982500389033897,13.7092749557186,851.867456063224,5.47086145838636,0.0294979979662674,5036.53388784608,1.77012567755754,1.85692421460264e-157,0.996292590838035,6.31008993697078,790.070739655639,0.997765081625721,4.93799715187601,851.958832284505,TRUE,5.46229574177334,0.0300758978962723,7.62992396243939,2026-06-07 03:41:07,2026-06-07 03:42:11,NA
"40","2026-06-07 04:40:41","Collar_40_2026-06-07 04:40:41",2026-06-07 04:41:38,1076.33888706081,5.57627517051753,4.73710440203055e-117,0.984137030265147,14.9618194661568,882.700060871735,6.27156695041304,0.0332119362550726,5232.21777765088,1.99299292222261,1.86903840347459e-158,0.996423237672966,7.10456028202672,794.583580535015,0.998239021354644,5.02445451815252,882.908238519695,TRUE,6.2641343461815,0.0336066323221943,7.77655726124297,2026-06-07 04:41:06,2026-06-07 04:42:10,NA
"40","2026-06-07 05:40:41","Collar_40_2026-06-07 05:40:41",2026-06-07 05:41:38,1110.60735791542,5.34097690930337,4.93752907665189e-114,0.982317872620828,17.0696733071081,906.313001640978,6.77674022786939,0.036369421031432,5072.13370736099,2.18246831935032,1.02569537937498e-157,0.996326814282017,7.77999638912212,840.762262703076,0.997848740156071,6.0010065319415,906.437997020496,TRUE,6.76498975183244,0.0370079297534708,9.1919166239565,2026-06-07 05:41:06,2026-06-07 05:42:10,NA
"40","2026-06-07 06:40:41","Collar_40_2026-06-07 06:40:41",2026-06-07 06:41:38,NA,NA,NA,NA,NA,858.002762432214,6.12596853618997,0.0302023497510724,5578.24968407261,1.81239265383649,2.04215855809619e-162,0.996898350007166,6.46076196272886,849.328995201374,0.997186459348585,6.20202704667912,858.143278766429,TRUE,6.1358139392077,0.0316763508997089,6.35976870195841,2026-06-07 06:41:06,2026-06-07 06:42:10,NA
"40","2026-06-07 07:40:43","Collar_40_2026-06-07 07:40:43",2026-06-07 07:41:40,1068.15585083208,8.59079684551984,2.83458074372957e-133,0.991150403645337,14.4982560670572,1057.70160472685,8.11774774477496,0.0651044040878256,4703.16638599125,3.90680674429934,1.64875254392757e-135,0.991834201063168,13.9268653268217,835.928911595962,0.998562016842876,5.890479470629,1058.07882416617,TRUE,8.09266498183606,0.0623102484712023,15.2308978746153,2026-06-07 07:41:08,2026-06-07 07:42:12,NA
"40","2026-06-07 08:40:41","Collar_40_2026-06-07 08:40:41",2026-06-07 08:41:38,1097.88417097576,7.32809003373341,1.83903498129876e-125,0.988278644152135,16.2544718846108,1009.98254692809,7.91676250571727,0.0541878850478082,4501.88139048233,3.25172463722285,2.94718737900641e-144,0.994038953068448,11.5916486446612,859.770114822653,0.998179708510058,6.45615754802262,1010.14862962892,TRUE,7.89573022262462,0.0575717694331702,11.1224478804963,2026-06-07 08:41:06,2026-06-07 08:42:10,NA
"40","2026-06-07 09:40:40","Collar_40_2026-06-07 09:40:40",2026-06-07 09:41:37,1126.46237818432,5.77157130754372,1.44757996935149e-110,0.979969099611024,18.1429897310574,918.760590025304,6.76610308734121,0.0381529728489602,4331.71810607417,2.28949629030182,5.61293602916746e-155,0.995946543240558,8.16152643020223,878.064392829076,0.997125861042304,6.92679304300454,918.838182909496,TRUE,6.75718934745567,0.0403826354500257,7.30078897976572,2026-06-07 09:41:05,2026-06-07 09:42:09,NA
"40","2026-06-07 10:40:40","Collar_40_2026-06-07 10:40:40",2026-06-07 10:41:37,NA,NA,NA,NA,NA,692.579625766303,4.61175069260145,0.0159854174031917,3900.74799024734,0.959258246753662,5.86658219159316e-182,0.998464467890686,3.4195344921207,662.894391734171,0.99881497983997,3.02775074188669,692.765157343316,TRUE,4.60868861413173,0.0169182875611246,3.47825083175826,2026-06-07 10:41:05,2026-06-07 10:42:09,NA
"40","2026-06-07 11:40:40","Collar_40_2026-06-07 11:40:40",2026-06-07 11:41:37,1079.72348824943,5.76745029663917,1.30734316742563e-120,0.986043399192639,15.1578611337981,893.50858504492,6.7746265640251,0.0346216976033951,4038.24289636016,2.07759035031748,1.99590144846051e-160,0.996668141554138,7.40613060919785,731.575616074463,0.999070285020489,3.94314476874928,893.605179503699,TRUE,6.76446064746974,0.0385237021823195,7.61209632709377,2026-06-07 11:41:05,2026-06-07 11:42:09,NA
"40","2026-06-07 12:40:41","Collar_40_2026-06-07 12:40:41",2026-06-07 12:41:38,NA,NA,NA,NA,NA,359.574261917598,5.51863450714135,0.0246613147039633,3862.57368389869,1.47988437892405,4.21179893078981e-93,0.998743496507762,3.73030408066028,347.173970615976,0.999023694097062,3.3416479966506,359.58872784905,TRUE,5.51929195068083,0.0263809224546713,3.7130271823066,2026-06-07 12:41:06,2026-06-07 12:42:10,NA
"40","2026-06-07 13:40:39","Collar_40_2026-06-07 13:40:39",2026-06-07 13:41:36,NA,NA,NA,NA,NA,433.874435170764,4.45292980524709,0.0436749889837866,3830.50844415273,2.62086327199736,1.17047811459944e-71,0.993975925623058,6.606338371848,352.411931043122,0.998382379760305,3.47903898097873,435.746236824168,TRUE,4.50438334603944,0.0454101863880859,5.72768079192396,2026-06-07 13:41:04,2026-06-07 13:42:08,NA
"40","2026-06-07 14:40:38","Collar_40_2026-06-07 14:40:38",2026-06-07 14:41:35,556.380203044001,3.69819972795718,1.96256879803287e-49,0.969432365706981,16.9519285839278,396.406932536627,5.08116471355668,0.0327389023483953,3882.98869821837,1.96460694614646,4.14900021931168e-83,0.997391397837928,4.95213099920138,377.38791295618,0.998169341487535,4.21596723047104,396.475839786486,TRUE,5.07505897049808,0.0371607578296938,4.9105137465079,2026-06-07 14:41:03,2026-06-07 14:42:07,NA
"40","2026-06-07 15:40:38","Collar_40_2026-06-07 15:40:38",2026-06-07 15:41:35,545.779984679088,3.57995708439541,6.1619866991404e-51,0.972611635802403,15.6245198702768,386.65613865632,4.94824365974799,0.0303731179210103,3936.54590635864,1.82264016700203,1.96902783977003e-84,0.997631968334242,4.59427922165529,384.271532201018,0.99785350908844,4.44522264163412,386.685422827897,TRUE,4.94390102146015,0.0306149108906207,5.514567706183,2026-06-07 15:41:03,2026-06-07 15:42:07,NA
"40","2026-06-07 16:40:38","Collar_40_2026-06-07 16:40:38",2026-06-07 16:41:35,NA,NA,NA,NA,NA,655.143621680393,-1.28753521778953,0.239570148419966,4355.97753178184,14.3762051844806,1.18989587680727e-06,0.314350643435161,36.2377072343092,591.194136388122,0.758953548866563,21.8356137638688,655.179580854842,TRUE,-1.29776283157387,0.253923803838674,42.4005037470645,2026-06-07 16:41:03,2026-06-07 16:42:07,"Flux unusable, remove"
"40","2026-06-07 17:40:41","Collar_40_2026-06-07 17:40:41",2026-06-07 17:41:38,NA,NA,NA,NA,NA,408.977939935154,5.0209237564083,0.0360628807393483,4262.807094724,2.16407334750023,3.81508723413375e-80,0.996760448232419,5.45492050189589,401.585711429525,0.997281256233796,5.07850003801861,409.072711283602,TRUE,5.0183363492777,0.0370181929825121,6.32956420177801,2026-06-07 17:41:06,2026-06-07 17:42:10,NA
"40","2026-06-07 18:40:41","Collar_40_2026-06-07 18:40:41",2026-06-07 18:41:38,518.404757691057,5.83793539994759,1.72290277224408e-65,0.990544739567826,12.6576629391151,502.628539641068,6.80522237425525,0.0741176229404906,4689.65972182602,4.44767498040109,8.23140982022076e-69,0.992582365549089,11.2111326838272,412.161352220488,0.998265847443071,5.50891138514471,502.773721618728,TRUE,6.78487207856042,0.0778849750187813,12.0658973275661,2026-06-07 18:41:06,2026-06-07 18:42:10,NA
"40","2026-06-07 19:40:40","Collar_40_2026-06-07 19:40:40",2026-06-07 19:41:37,553.979685073112,7.12384649909575,2.34909657752623e-62,0.988110339769791,16.6417747484828,491.540397356916,7.99037146244738,0.0680579758729278,5223.08057681093,4.08404566279468,1.69047900516424e-75,0.995450284480622,10.2945422078192,385.947422804631,0.999157162458742,4.50289904693537,491.938270352947,TRUE,8.00282364806337,0.0703046461638993,10.2036425236501,2026-06-07 19:41:05,2026-06-07 19:42:09,NA
"40","2026-06-07 20:40:42","Collar_40_2026-06-07 20:40:42",2026-06-07 20:41:39,494.845951423586,9.50638616642331,1.44574816940534e-77,0.996088526777854,10.559661375358,567.797893545133,8.80637141238928,0.122358596971929,5400.40938928669,7.34253540249096,3.27868463305938e-62,0.987983849050829,18.5081281783773,399.8019884549,0.999147719166987,5.00929408476603,568.852830378193,TRUE,8.70182212862419,0.115506417958466,20.0789909753987,2026-06-07 20:41:07,2026-06-07 20:42:11,NA
"40","2026-06-07 21:40:39","Collar_40_2026-06-07 21:40:39",2026-06-07 21:41:36,574.319081836651,4.2043192984054,4.75432138109456e-50,0.970777060695579,19.4602317055053,393.951942054622,5.96804741548858,0.0321264443621806,5401.82671430954,1.92785436351141,5.13004250221686e-88,0.998177744681528,4.85948976929799,375.634474632207,0.998707304895517,4.15948409701778,394.962576821878,TRUE,5.99996589887428,0.0296461030737624,4.37967679460184,2026-06-07 21:41:04,2026-06-07 21:42:08,NA
"40","2026-06-07 22:40:41","Collar_40_2026-06-07 22:40:41",2026-06-07 22:41:38,525.579249868016,7.38699406174775,1.79576798185278e-66,0.991199588662035,13.3758547739212,500.038073499756,7.45964964525197,0.0726553238302349,5545.43988703152,4.35992484880594,7.55266563443694e-72,0.994059119893681,10.9899433269899,366.103697410114,0.999288379158937,3.86544720043359,501.717170617343,TRUE,7.39416745177415,0.0699075038194225,10.0397661918825,2026-06-07 22:41:06,2026-06-07 22:42:10,NA
"40","2026-06-07 23:40:42","Collar_40_2026-06-07 23:40:42",2026-06-07 23:41:39,513.715958119317,4.07584464403367,7.09588377688657e-59,0.984667051628725,12.2092652313099,399.282702851251,5.16708574624989,0.0334711995847452,4852.18552232056,2.0085508823807,5.80798695061139e-83,0.997363394269517,5.06289927744622,328.866968543044,0.999160849383134,2.90269903128665,399.315376513373,TRUE,5.16250083879163,0.0361051634883819,6.01920866929801,2026-06-07 23:41:07,2026-06-07 23:42:11,NA
"41","2026-06-07 00:07:28","Collar_41_2026-06-07 00:07:28",2026-06-07 00:08:25,448.478899614212,18.9100977868272,1.57294778268076e-102,0.999369225499639,7.39180224738348,678.924759175989,15.2741394273397,0.28765967464541,5677.86258756966,17.2619774762334,5.03733002389996e-54,0.978143156692892,43.5117945272695,372.093239541229,0.999816860901111,4.04770794542109,679.027009604038,TRUE,15.1982092664286,0.298917275045957,55.4791363373585,2026-06-07 00:07:53,2026-06-07 00:08:57,NA
"41","2026-06-07 00:28:38","Collar_41_2026-06-07 00:28:38",2026-06-07 00:29:35,423.423999041741,18.3685088564376,6.21220841868052e-107,0.999542824819834,6.09605339476658,681.282611388967,14.7788552039741,0.292924653557047,5279.86297255907,17.5779200827094,1.17141115605695e-52,0.975848006109687,44.3081824147131,366.794819878383,0.999820116388076,3.88605190264576,681.414577894456,TRUE,14.6891628811136,0.2985942330369,55.2704040963319,2026-06-07 00:29:03,2026-06-07 00:30:07,NA
"41","2026-06-07 01:28:37","Collar_41_2026-06-07 01:28:37",2026-06-07 01:29:34,939.645935853821,20.130267955077,2.49466092259033e-197,0.999116750559514,8.84417868773392,1385.83010110035,15.5224487822127,0.229987480861444,4835.30600399151,13.801165280951,6.30706616742243e-102,0.972668544355695,49.1979723597728,881.552615244986,0.999452169065859,7.02035075435486,1385.87364313817,TRUE,15.4815633302134,0.23677012951605,66.5985246023145,2026-06-07 01:29:02,2026-06-07 01:30:06,NA
"41","2026-06-07 02:28:38","Collar_41_2026-06-07 02:28:38",2026-06-07 02:29:35,939.558671048021,14.5814085008614,5.11679234725865e-186,0.998673119924428,8.84121077992065,1292.96491960404,12.7070869221669,0.160910949202473,5248.04138402104,9.65599778361825,1.87765302742636e-110,0.979887530759346,34.4214059025994,833.859025998763,0.999429369303506,5.84377095587832,1293.07237266484,TRUE,12.6634991662914,0.166355221945655,44.6967736821047,2026-06-07 02:29:03,2026-06-07 02:30:07,NA
"41","2026-06-07 03:28:38","Collar_41_2026-06-07 03:28:38",2026-06-07 03:29:35,960.518500735491,22.2405921619322,4.8346274902385e-195,0.999040990333477,9.58345872552368,1427.6944367356,16.0791932995573,0.270167341926707,5850.24610612665,16.2122917537934,3.77575774473901e-95,0.96512372070369,57.7930823488214,775.282951622283,0.999776314044333,4.66498074304143,1428.35201420885,TRUE,15.8929555587051,0.266463703830692,71.2463274716143,2026-06-07 03:29:03,2026-06-07 03:30:07,NA
"41","2026-06-07 04:28:37","Collar_41_2026-06-07 04:28:37",2026-06-07 04:29:34,912.651395308751,19.0307951802243,2.53279403317249e-200,0.999206929828994,7.97199130175767,1379.22354128431,14.7552954451061,0.224217156512195,6144.18494680848,13.4548977372987,1.46494315906766e-100,0.971292083118097,47.9636083988392,859.615434083687,0.999488589015204,6.45231775486901,1379.41894171076,TRUE,14.6710124875612,0.229728097744894,61.5047041300904,2026-06-07 04:29:02,2026-06-07 04:30:06,NA
"41","2026-06-07 05:28:37","Collar_41_2026-06-07 05:28:37",2026-06-07 05:29:34,998.165851479519,15.2070105409774,7.61587774883667e-178,0.998219553455343,11.0766142969238,1307.98184120408,13.7490535463074,0.170478381197423,5228.0196973479,10.2301234263792,1.33715506821749e-111,0.980700790788285,36.4680314540358,901.546367503285,0.99917891761708,7.58150879216277,1308.32135376114,TRUE,13.6817756275512,0.181813431470392,41.2936023428132,2026-06-07 05:29:02,2026-06-07 05:30:06,NA
"41","2026-06-07 06:28:37","Collar_41_2026-06-07 06:28:37",2026-06-07 06:29:34,923.818210277316,19.8512508485499,8.5625740946548e-198,0.999131385534317,8.32184179221734,1382.93778226651,14.7103499740218,0.227443208258233,6252.23924513355,13.6484877239589,1.26362018407803e-99,0.970309322421121,48.6537120689967,905.895967075408,0.999266177822726,7.70940843819599,1383.89247926768,TRUE,14.5284769953482,0.231139008808425,56.4641273734703,2026-06-07 06:29:02,2026-06-07 06:30:06,NA
"41","2026-06-07 07:28:37","Collar_41_2026-06-07 07:28:37",2026-06-07 07:29:34,840.469568531964,17.9647810433941,4.94506331680839e-214,0.999515712973537,6.03944367291222,1347.64526327824,14.3397605251974,0.198573660225173,5220.89502133343,11.9160742791129,1.36999596227459e-105,0.976042678419088,42.4780575470651,793.725005527031,0.999672222518375,5.00789007102079,1348.13794066398,TRUE,14.2212415866746,0.198190654746025,52.7730867223097,2026-06-07 07:29:02,2026-06-07 07:30:06,NA
"41","2026-06-07 08:28:37","Collar_41_2026-06-07 08:28:37",2026-06-07 08:29:34,930.072572963281,17.7301893081892,1.36999062405934e-195,0.999059700754583,8.52445286193129,1345.83717369056,14.5323854449785,0.197197531595983,4963.53180017422,11.8334950944192,1.08311929316335e-106,0.976973813122043,42.183681792312,912.472154184496,0.999203648155998,7.90688963741054,1346.87307710806,TRUE,14.3656883097365,0.196573385604801,49.792746299877,2026-06-07 08:29:02,2026-06-07 08:30:06,NA
"41","2026-06-07 09:28:37","Collar_41_2026-06-07 09:28:37",2026-06-07 09:29:34,1064.6792778766,12.2227274939082,3.07310593963167e-154,0.995837421064032,14.3056839385384,1200.61576312799,11.6574127341991,0.11280515496334,4615.25185431026,6.76924927548673,3.57551770157716e-125,0.988156252515559,24.1308130126863,850.888720152827,0.999220558127707,6.23934446857918,1200.92576608667,TRUE,11.6063187944322,0.115776964888628,28.8154741590008,2026-06-07 09:29:02,2026-06-07 09:30:06,NA
"41","2026-06-07 10:28:37","Collar_41_2026-06-07 10:28:37",2026-06-07 10:29:34,1052.68045977994,13.3957282339312,1.0093333631574e-161,0.996819939235138,13.6604887908288,1245.02145398236,12.7220472366166,0.133814318573754,4498.58545090343,8.02997415631863,1.34932744254767e-120,0.986036505137681,28.6250065519851,841.276635442791,0.999393500994202,6.01289041477149,1245.04909684287,TRUE,12.7044050065877,0.140395361274738,36.22026096238,2026-06-07 10:29:02,2026-06-07 10:30:06,NA
"41","2026-06-07 11:28:37","Collar_41_2026-06-07 11:28:37",2026-06-07 11:29:34,1017.07300311265,12.1300137116126,1.52673622064714e-161,0.996799309940636,11.9121141692724,1196.36835857727,11.0649868143976,0.110977321175189,4220.80148395223,6.65956401730706,3.31381810640608e-123,0.987287808773086,23.739810355277,774.655220026137,0.999519128395128,4.6537314214654,1197.1424844561,TRUE,10.983855616457,0.112451332753388,27.2891836284404,2026-06-07 11:29:02,2026-06-07 11:30:06,NA
"41","2026-06-07 12:28:37","Collar_41_2026-06-07 12:28:37",2026-06-07 12:29:34,518.148972766728,12.8680421475614,3.58668322245959e-81,0.996994689801103,12.6327825060863,611.669882412379,12.0151169157722,0.17147421239606,4110.18076662677,10.2898815963146,1.73657843731632e-61,0.987330924607269,25.9374231223055,367.298355835229,0.999722500568186,3.90113314407383,611.963248058905,TRUE,11.9425355399696,0.174667100395389,29.91121547926,2026-06-07 12:29:02,2026-06-07 12:30:06,NA
"41","2026-06-07 13:28:37","Collar_41_2026-06-07 13:28:37",2026-06-07 13:29:34,532.742656207147,9.47056569745135,1.8570376459263e-72,0.994317881081089,14.1335912857885,561.218643080168,9.79532835011043,0.116320165183318,3893.14684377849,6.98017917840337,1.83106516718741e-66,0.991194149606709,17.5947467543843,338.129938454724,0.999732398423862,3.11707361980564,561.225161386456,TRUE,9.79509782120636,0.121891793137373,22.2697794471732,2026-06-07 13:29:02,2026-06-07 13:30:06,NA
"41","2026-06-07 14:28:37","Collar_41_2026-06-07 14:28:37",2026-06-07 14:29:34,495.019513956032,12.1750261494518,1.3897950367564e-83,0.997480413267757,10.5737689566766,606.749763544996,10.9757355439745,0.165105691280956,4226.31939518826,9.907717262084,4.57923956617939e-60,0.985944387113758,24.9741119368062,344.301356166163,0.999766875925294,3.2686173385489,606.908095516928,TRUE,10.9283805689892,0.170778080927923,29.3845731270063,2026-06-07 14:29:02,2026-06-07 14:30:06,NA
"41","2026-06-07 15:28:37","Collar_41_2026-06-07 15:28:37",2026-06-07 15:29:34,507.654606762473,12.3355022268568,2.68707346717607e-81,0.997022113721386,11.6530660894406,605.996503154356,11.1294210846836,0.164151783894555,3925.04451858882,9.85047487022371,1.34623497092338e-60,0.986480055054236,24.8298226051637,387.63270756621,0.999558163542946,4.56165342467159,606.137663725079,TRUE,11.0833783170328,0.1679907749147,29.5376597698678,2026-06-07 15:29:02,2026-06-07 15:30:06,NA
"41","2026-06-07 16:28:37","Collar_41_2026-06-07 16:28:37",2026-06-07 16:29:34,482.506691518312,12.8314253062987,1.89332538721549e-86,0.997956582592755,9.60346361996544,614.822891410883,11.0603055669627,0.175683978725252,4734.57533882993,10.5425026550163,1.34321738601381e-58,0.984353340395443,26.5741981160526,372.097072473821,0.999648492552221,4.0478272901936,614.990101881084,TRUE,11.0080681478947,0.188270085839939,31.7331011440736,2026-06-07 16:29:02,2026-06-07 16:30:06,NA
"41","2026-06-07 17:28:37","Collar_41_2026-06-07 17:28:37",2026-06-07 17:29:34,376.358281184788,15.6487233305321,6.11568607763209e-112,0.999682942870739,4.24438780499761,663.094477103731,12.3435922549457,0.254679704681331,4951.26337450432,15.2829044643886,1.38072017476105e-51,0.973881267212431,38.5231993118941,362.537877126406,0.999758969877889,3.76086127513077,663.612252326793,TRUE,12.1901813191004,0.255283128011767,44.6337773893166,2026-06-07 17:29:02,2026-06-07 17:30:06,NA
"41","2026-06-07 18:28:37","Collar_41_2026-06-07 18:28:37",2026-06-07 18:29:34,455.756702207782,13.5018503847088,5.45315612314856e-93,0.998733150833026,7.81742079550333,628.475155743716,11.4205130475318,0.195137458103531,4771.66119300741,11.7098735187849,1.23464282153487e-56,0.981939272594242,29.5167579259791,389.549421721708,0.999569831875974,4.62940849916709,628.870212099379,TRUE,11.3187720724989,0.197067231105455,35.6102945279877,2026-06-07 18:29:02,2026-06-07 18:30:06,NA
"41","2026-06-07 19:28:37","Collar_41_2026-06-07 19:28:37",2026-06-07 19:29:34,418.437320729699,14.1436701212485,3.88096879631703e-102,0.999350879059293,5.86664261347196,645.811848589734,11.9525234391767,0.222975834322013,5965.70832922374,13.3804080622544,2.8049533285526e-54,0.978545521122314,33.727628662326,358.757516209929,0.999756302001323,3.65307140419061,646.036798566326,TRUE,11.8632175582649,0.223122150814852,42.1506568539329,2026-06-07 19:29:02,2026-06-07 19:30:06,NA
"41","2026-06-07 20:28:37","Collar_41_2026-06-07 20:28:37",2026-06-07 20:29:34,363.018561103856,15.3881121276633,2.91109290176348e-114,0.999732446143526,3.83045793922825,652.996074846724,12.1449957069637,0.235645057257563,5590.91151026288,14.1406670079145,3.15701877012105e-53,0.976832321972294,35.6439925943626,305.36087860448,0.999896378882293,2.42256023226189,653.39945894808,TRUE,12.0192393960051,0.238900537846916,41.5246533336895,2026-06-07 20:29:02,2026-06-07 20:30:06,NA
"41","2026-06-07 21:28:37","Collar_41_2026-06-07 21:28:37",2026-06-07 21:29:34,447.933256823728,12.7021570323994,7.05564456437666e-94,0.99881277936804,7.36084200830206,624.954841119555,11.1081369652057,0.189924168686496,5438.44790125647,11.3970327127009,1.28562305755633e-56,0.981916065252625,28.7281886619527,340.799200541607,0.999785219722832,3.1817374152552,625.119764590027,TRUE,11.0457623789034,0.198287025383273,34.7017542591371,2026-06-07 21:29:02,2026-06-07 21:30:06,NA
"41","2026-06-07 22:28:37","Collar_41_2026-06-07 22:28:37",2026-06-07 22:29:34,440.254220664068,13.8193519584653,5.52501319108927e-97,0.999053929681729,6.93863327425155,636.164870085043,11.7227398219794,0.207028377317493,5396.10523150911,12.4234277557358,9.52176316413588e-56,0.980729573585191,31.3153945760973,356.337408128732,0.999755369098085,3.58569413856247,636.437966880068,TRUE,11.6357330169322,0.208248251294675,36.5586333385276,2026-06-07 22:29:02,2026-06-07 22:30:06,NA
"41","2026-06-07 23:28:37","Collar_41_2026-06-07 23:28:37",2026-06-07 23:29:34,464.147879453368,12.9031028463884,2.26295988056502e-90,0.998465965411746,8.33865719722835,622.21436508747,11.0738025293142,0.185962361452807,4906.66819596476,11.1592912659117,4.22324734532356e-57,0.982543827044535,28.1289202990117,367.753667866233,0.999672617177448,3.91482042891125,622.317723286153,TRUE,11.0250714282533,0.193180810906845,35.6567369828284,2026-06-07 23:29:02,2026-06-07 23:30:06,NA
"42","2026-06-07 00:10:29","Collar_42_2026-06-07 00:10:29",2026-06-07 00:11:26,500.920232527292,15.9021218506715,1.434904287932e-86,0.997974487570697,11.0647729130423,637.210090690837,12.7940281504439,0.208699627842914,5921.83227956479,12.5237167133817,6.98628983574826e-58,0.983512710203064,31.568190208837,447.94458143573,0.999156947257992,7.25450490596918,639.100350771608,TRUE,12.5757086774851,0.187937560585468,28.8235311855464,2026-06-07 00:10:54,2026-06-07 00:11:58,NA
"42","2026-06-07 00:31:38","Collar_42_2026-06-07 00:31:38",2026-06-07 00:32:35,426.780840612025,15.5030724188254,1.56107410195935e-101,0.999321553866302,6.25551475541348,652.220998804022,12.4643304967728,0.234244292262606,5604.99435075115,14.056609435986,4.41927691957072e-54,0.978233764629426,35.4321109716892,382.022087258372,0.999679567893134,4.36896672238489,652.579534899045,TRUE,12.3460803095443,0.23395284293433,44.2521917893664,2026-06-07 00:32:03,2026-06-07 00:33:07,NA
"42","2026-06-07 01:31:37","Collar_42_2026-06-07 01:31:37",2026-06-07 01:32:34,1073.93652362871,12.903928857935,3.67076471969926e-154,0.995825846982478,14.8242110787039,1199.73505994206,12.0684271853732,0.112423694241427,5118.8197325252,6.74635845355331,2.90248774424864e-127,0.989014320991825,24.0492125099862,814.71995542625,0.999448895793199,5.42905176719228,1202.2790045294,TRUE,11.9280936483177,0.106699379159193,24.3481032739154,2026-06-07 01:32:02,2026-06-07 01:33:06,NA
"42","2026-06-07 02:31:39","Collar_42_2026-06-07 02:31:39",2026-06-07 02:32:36,1022.70091034408,13.9653385396137,6.86446968313359e-167,0.997359439215111,12.1727722738317,1247.36909543271,12.4351381124439,0.135028051658181,5073.05080143715,8.10280825512428,7.4948950594614e-119,0.98513204655077,28.8846433222827,871.989825057607,0.999196753757056,6.7668332786573,1248.77595283406,TRUE,12.310002322923,0.134881680302711,31.8228256454218,2026-06-07 02:32:04,2026-06-07 02:33:08,NA
"42","2026-06-07 03:31:38","Collar_42_2026-06-07 03:31:38",2026-06-07 03:32:35,1009.468049113,13.8034400502757,2.68840340539642e-170,0.997664063376243,11.568733333054,1251.53985420858,12.5639804283125,0.137211554308282,5578.00867264813,8.23383660872234,1.5444088114723e-118,0.984963151688817,29.3517291941954,845.475781382746,0.999358428907614,6.1107904119887,1254.33782695458,TRUE,12.379639101353,0.132948006024859,29.0475799729023,2026-06-07 03:32:03,2026-06-07 03:33:07,NA
"42","2026-06-07 04:31:37","Collar_42_2026-06-07 04:31:37",2026-06-07 04:32:34,931.440076472243,14.4631674878808,3.81801021868234e-185,0.998630791315299,8.56940643632273,1281.1659386807,12.1241753487828,0.153771910762838,6387.86178153581,9.22759598938397,2.28859309750712e-110,0.979825248222306,32.8942522744412,871.888266158317,0.999160229894711,6.76419059428552,1283.008710954,TRUE,11.946631675537,0.147311503429825,37.4021146241232,2026-06-07 04:32:02,2026-06-07 04:33:06,NA
"42","2026-06-07 05:31:37","Collar_42_2026-06-07 05:31:37",2026-06-07 05:32:34,1052.77782367029,11.0123986044077,6.36643114480613e-152,0.995475675511776,13.6656052808205,1176.1031980334,10.6822351660085,0.10265593314301,5560.87825059587,6.16021139529102,1.49007221190896e-125,0.988317114331936,21.9597333838321,861.589500640469,0.998991948113581,6.50149383834096,1177.52403914152,TRUE,10.5785189586106,0.099036038680084,24.4399334315511,2026-06-07 05:32:02,2026-06-07 05:33:06,NA
"42","2026-06-07 06:31:37","Collar_42_2026-06-07 06:31:37",2026-06-07 06:32:34,1006.40194324757,14.9497636103802,3.65733093499652e-172,0.99781576101304,11.4331078277027,1276.92605098506,12.8245577119046,0.15128464752032,6424.66750690067,9.07833946907839,2.54851704706233e-114,0.982499627733694,32.3621871907308,926.174760371257,0.998857331780047,8.33477746426868,1279.42381031474,TRUE,12.6253774748996,0.14579483399163,33.5824556722523,2026-06-07 06:32:02,2026-06-07 06:33:06,NA
"42","2026-06-07 07:31:38","Collar_42_2026-06-07 07:31:38",2026-06-07 07:32:35,1094.93328548438,11.5668230075608,9.63397177223806e-147,0.994548867769851,16.071033727714,1168.29120274728,11.4570079078866,0.0996173957850045,5133.97368166441,5.9778738344242,4.66762776351655e-131,0.990415808647495,21.3097420173744,840.516207225591,0.999253231720291,5.99533006250206,1169.49259069347,TRUE,11.3650751377459,0.0987177345728212,24.3572260575282,2026-06-07 07:32:03,2026-06-07 07:33:07,NA
"42","2026-06-07 08:31:37","Collar_42_2026-06-07 08:31:37",2026-06-07 08:32:34,1145.16381867434,11.2948897949264,1.38883170362391e-134,0.991557742451721,19.4960691394508,1133.01020248064,11.17901885349,0.086976733420861,5105.13735084644,5.21932876103673,3.49916899515044e-137,0.992311233253977,18.6057037137633,930.263186751803,0.998432630494349,8.46687535894265,1136.59669256967,TRUE,11.0749889159594,0.0812586747875607,14.670790069253,2026-06-07 08:32:02,2026-06-07 08:33:06,NA
"42","2026-06-07 09:31:38","Collar_42_2026-06-07 09:31:38",2026-06-07 09:32:35,1108.55379087485,10.2420076543833,3.37959329299894e-139,0.992848904953117,16.9353823484931,1118.60296961334,10.5508282878062,0.0822882409237018,4580.74655722763,4.93798014314924,4.75957419178235e-137,0.99227418844213,17.6027607560847,834.947572286929,0.999154787287291,5.86828845621871,1119.29588516433,TRUE,10.5048181331336,0.0877273102822095,18.2567908554326,2026-06-07 09:32:03,2026-06-07 09:33:07,NA
"42","2026-06-07 10:31:38","Collar_42_2026-06-07 10:31:38",2026-06-07 10:32:35,1146.74793175792,7.32640036071599,1.79422909445625e-118,0.98492788737414,19.615216268818,939.682140020325,8.43726022895711,0.0413499486629,4055.71641579098,2.48134147875348,9.53393930551052e-163,0.996935046470125,8.84541029701074,811.881150085721,0.998887979491,5.37009719566217,939.752247804792,TRUE,8.44573004770767,0.0454362485580597,9.14994250818169,2026-06-07 10:32:03,2026-06-07 10:33:07,NA
"42","2026-06-07 11:31:39","Collar_42_2026-06-07 11:31:39",2026-06-07 11:32:36,1133.6769367469,9.10066345628966,1.02780586191223e-129,0.989941450482398,18.6534767112798,1061.99849006386,9.80826043859865,0.0661892908427848,4272.25370625655,3.97190898969211,4.8492389303538e-145,0.994204682265632,14.1589398222858,836.726938811307,0.999006555431774,5.90858710303144,1063.99124337137,TRUE,9.73017718400386,0.0667106343184593,14.9934928418263,2026-06-07 11:32:04,2026-06-07 11:33:08,NA
"42","2026-06-07 12:31:38","Collar_42_2026-06-07 12:31:38",2026-06-07 12:32:35,592.884270420662,6.35808301174004,3.44409173797635e-56,0.981341570389976,22.4475645812316,443.484869110607,8.6152270581883,0.0470260648237391,4028.76809903355,2.8219557460875,1.23039286871408e-87,0.998126429992202,7.11322667161766,407.248629739233,0.99899113429167,5.30461321536967,443.597367547703,TRUE,8.62234830816567,0.0515051437820067,7.20986841319278,2026-06-07 12:32:03,2026-06-07 12:33:07,NA
"42","2026-06-07 13:31:38","Collar_42_2026-06-07 13:31:38",2026-06-07 13:32:35,557.859460759496,7.68927830794322,4.08398125237995e-63,0.988752587970036,17.1459246154424,497.049259918682,8.46479491385038,0.0710039702262235,3953.98771757457,4.26082987224074,6.47392325353921e-76,0.995586815626652,10.7401573297062,382.061530257657,0.999292476155327,4.37029250158749,497.071875590664,TRUE,8.45591608926207,0.0744724414397206,12.6752302018123,2026-06-07 13:32:03,2026-06-07 13:33:07,NA
"42","2026-06-07 14:31:37","Collar_42_2026-06-07 14:31:37",2026-06-07 14:32:34,592.929932522219,5.7970201756261,6.41405168979661e-53,0.976305252270145,22.4554506043799,383.416589028623,7.65126057063034,0.029625584397898,3953.22430383903,1.77778192660181,5.09207938710203e-97,0.999056377228146,4.48120628190451,375.995692631119,0.999208428364069,4.17105771127086,383.688716058268,TRUE,7.64298002398348,0.0284557238619295,3.69889320119687,2026-06-07 14:32:02,2026-06-07 14:33:06,NA
"42","2026-06-07 15:31:37","Collar_42_2026-06-07 15:31:37",2026-06-07 15:32:34,548.36758554288,7.44854232007814,1.30896006780517e-63,0.989151548170066,15.9386358416878,490.558849698485,8.01197094386772,0.06754604825739,4062.28731692056,4.05332574009516,8.88812612062002e-76,0.995542191781176,10.2171073388283,367.041811513943,0.999373209780806,3.89344216951773,490.719556893407,TRUE,7.99815595105206,0.069801898215738,11.2460959903652,2026-06-07 15:32:02,2026-06-07 15:33:06,NA
"42","2026-06-07 16:31:38","Collar_42_2026-06-07 16:31:38",2026-06-07 16:32:35,574.143911010243,6.71959616562215,1.09960442652047e-58,0.98445240337581,19.4340273267885,446.06981789567,8.16962801539334,0.047970500071627,4439.767793951,2.87862973070803,1.2111030479404e-85,0.997832584583354,7.25608323467631,365.77906765419,0.99940740576221,3.85580663333758,446.358236199999,TRUE,8.14778764272831,0.0467828871003793,8.0219969661126,2026-06-07 16:32:03,2026-06-07 16:33:07,NA
"42","2026-06-07 17:31:37","Collar_42_2026-06-07 17:31:37",2026-06-07 17:32:34,595.251935306615,6.02798953404545,4.72924641517709e-54,0.978186888092506,22.860143443452,436.430580070712,8.1142907336674,0.0445422535599046,4367.26185219759,2.67290637326742,1.7542411886483e-87,0.998105214219664,6.73752199389492,384.152691879255,0.999202846384827,4.44116087008684,436.674750815718,TRUE,8.13310383952788,0.0457216218570358,6.75974725735284,2026-06-07 17:32:02,2026-06-07 17:33:06,NA
"42","2026-06-07 18:31:38","Collar_42_2026-06-07 18:31:38",2026-06-07 18:32:35,540.563075563809,8.05248394382519,7.96530719532315e-67,0.991423766058503,15.009921213995,512.40737299262,8.48127955412178,0.0799079322842814,4732.18672177902,4.79514179025599,9.43520829370665e-73,0.994438709266459,12.0869827685738,345.522420156999,0.999598749374938,3.29946344613255,513.103919084745,TRUE,8.42668136429983,0.0781060741320329,13.4465614916248,2026-06-07 18:32:03,2026-06-07 18:33:07,NA
"42","2026-06-07 19:31:37","Collar_42_2026-06-07 19:31:37",2026-06-07 19:32:34,558.983321257005,8.27217090336906,2.98500202220372e-65,0.990378348142773,17.2947950897315,515.770280973708,9.22901859095848,0.082002000919721,6038.04415450398,4.92080335774265,2.39379886969557e-74,0.995050928633226,12.4037344450247,368.031399276557,0.99952061170705,3.92319297386714,516.293947944719,TRUE,9.18965033728331,0.0836231428905905,13.4612030144626,2026-06-07 19:32:02,2026-06-07 19:33:06,NA
"42","2026-06-07 20:31:37","Collar_42_2026-06-07 20:31:37",2026-06-07 20:32:34,513.876669091802,10.3691944081273,5.07341073306075e-76,0.99562083381827,12.2243681254561,568.886183554552,9.64372839597265,0.123387216787644,5506.34526672417,7.40426116267047,1.92378391752624e-64,0.989792134410923,18.6637186139266,375.961762817392,0.999506606334569,4.16996921323921,571.036754003538,TRUE,9.49896988535213,0.109363859680099,18.35269959557,2026-06-07 20:32:02,2026-06-07 20:33:06,NA
"42","2026-06-07 21:31:37","Collar_42_2026-06-07 21:31:37",2026-06-07 21:32:34,558.232349608717,7.88210609213204,9.8082535894756e-64,0.9892504680929,17.1951761722652,493.944103049707,8.68528766686707,0.0693280767524151,5450.64365743191,4.160262299003,2.8819341581807e-77,0.996001927927564,10.486659398264,347.882352524051,0.999602607194415,3.35990664402338,496.402442703535,TRUE,8.60277001123896,0.0610894325047156,7.85052385723255,2026-06-07 21:32:02,2026-06-07 21:33:06,NA
"42","2026-06-07 22:31:38","Collar_42_2026-06-07 22:31:38",2026-06-07 22:32:35,517.952208277487,9.88364209148052,6.4730467196809e-76,0.995586834595525,12.6136763305871,573.091323653855,9.91194655435538,0.12744370605552,5722.02921595999,7.64768432047308,2.61369912413632e-64,0.989692350458882,19.2773087104303,371.202712845464,0.999565965300744,4.02007506828799,573.66084449153,TRUE,9.8312065632096,0.127536794991773,22.0635095371857,2026-06-07 22:32:03,2026-06-07 22:33:07,NA
"42","2026-06-07 23:31:38","Collar_42_2026-06-07 23:31:38",2026-06-07 23:32:35,551.468707677993,8.18690066252413,6.02158208964011e-65,0.990161626920172,16.3234198061893,507.02412730645,8.61411817988088,0.0766665534330519,5286.84865041784,4.60063204956734,2.65836142397619e-74,0.995034432529964,11.5966873848584,373.822848264408,0.999398459445346,4.10192126019082,508.303116361801,TRUE,8.54464999242276,0.0714690281788259,11.4919339382706,2026-06-07 23:32:03,2026-06-07 23:33:07,NA
"43","2026-06-07 00:13:30","Collar_43_2026-06-07 00:13:30",2026-06-07 00:14:27,502.063299356376,16.119502271784,1.60509733108907e-82,0.997276924296079,11.1624924748628,682.380421554356,10.9770414501588,0.295408786607017,5154.09621344508,17.726988765379,1.46182891135227e-44,0.956364476087688,44.6839357662453,379.053506693078,0.99961412229851,4.27033081323355,682.675551335277,TRUE,10.8418067285241,0.292595755546812,56.5301088078058,2026-06-07 00:13:55,2026-06-07 00:14:59,NA
"43","2026-06-07 00:34:39","Collar_43_2026-06-07 00:34:39",2026-06-07 00:35:36,512.73745118868,16.0099078179418,1.54168657228035e-78,0.996356808900749,12.1177113742917,680.428987482464,10.2783550499952,0.291007512534872,5576.91097112828,17.462875646313,3.09685358282436e-43,0.951926563812409,44.0181930502339,324.734563848588,0.999810056876427,2.81187993644995,680.982493117168,TRUE,10.0957834482576,0.279783268630878,52.2315473884374,2026-06-07 00:35:04,2026-06-07 00:36:08,NA
"43","2026-06-07 01:34:38","Collar_43_2026-06-07 01:34:38",2026-06-07 01:35:35,915.656219773406,13.4958067004082,1.48693877765421e-175,0.998066613720141,8.06465818710168,1295.57501728825,9.52448877176254,0.162534443395372,4921.69357007875,9.75342096337109,2.56339539525458e-94,0.964064512994848,34.7686970774466,813.514684106564,0.999145467152571,5.40394277824932,1295.63386775691,TRUE,9.49079163588991,0.164005389215478,47.2486164422661,2026-06-07 01:35:03,2026-06-07 01:36:07,NA
"43","2026-06-07 02:34:40","Collar_43_2026-06-07 02:34:40",2026-06-07 02:35:37,817.169366364698,11.1089322458596,2.63698792502296e-190,0.998862807383057,5.52175496603023,1246.26016921261,8.52543862346482,0.134453369809934,5055.25875132107,8.06832255554663,1.47901558937009e-98,0.969146163824498,28.7617097539869,794.947820283684,0.999070530784847,5.03149832033614,1247.00332963648,TRUE,8.42776519029198,0.136251789533424,35.4049132843227,2026-06-07 02:35:05,2026-06-07 02:36:09,NA
"43","2026-06-07 03:34:40","Collar_43_2026-06-07 03:34:40",2026-06-07 03:35:37,888.363563824304,14.8118503688157,2.84889546521684e-184,0.998587112395265,7.26101462638481,1309.10015768175,10.0312656501762,0.171213224975013,5115.37611340516,10.2742201763076,2.6207403852793e-94,0.964052091868756,36.6252262009986,792.655660548192,0.999343838488986,4.98733559158235,1310.12324463948,TRUE,9.8856156323125,0.170792860384756,43.2026718700991,2026-06-07 03:35:05,2026-06-07 03:36:09,NA
"43","2026-06-07 04:34:38","Collar_43_2026-06-07 04:34:38",2026-06-07 04:35:35,892.746001870205,13.8089771485311,3.18522277932922e-184,0.99858464675199,7.38444016241101,1312.37194682669,10.1941787753542,0.173381351740432,5604.96460903514,10.4043258487012,1.69577727617149e-94,0.964295703579539,37.0890229271423,774.82477159249,0.999445936773973,4.65676720910076,1312.8223113842,TRUE,10.0952465455975,0.173730713251913,45.6369295253684,2026-06-07 04:35:03,2026-06-07 04:36:07,NA
"43","2026-06-07 05:34:38","Collar_43_2026-06-07 05:34:38",2026-06-07 05:35:35,837.147667159728,13.0085648999801,6.38122076879966e-193,0.998964962273692,5.96277130360125,1282.21284825348,9.64550373159779,0.154392333188002,5470.48875845418,9.26482650472171,9.31997914220339e-98,0.968246079669323,33.0269704781029,801.735557974991,0.999235652074844,5.16458370444169,1283.78736668817,TRUE,9.48289209319631,0.150230954975618,36.386502807527,2026-06-07 05:35:03,2026-06-07 05:36:07,NA
"43","2026-06-07 06:34:38","Collar_43_2026-06-07 06:34:38",2026-06-07 06:35:35,862.759652212703,12.5976707618831,1.43095726333876e-186,0.998699275452591,6.58005426096591,1274.89868311903,9.49873973243201,0.150109582365186,5820.30120710714,9.00782576824065,1.90582930677149e-98,0.969023721833749,32.1108221042197,853.090491798431,0.998829098382172,6.29240579069349,1275.5513072634,TRUE,9.39602777962043,0.153385626696442,39.1387840225043,2026-06-07 06:35:03,2026-06-07 06:36:07,NA
"43","2026-06-07 07:34:39","Collar_43_2026-06-07 07:34:39",2026-06-07 07:35:36,822.590379001776,11.9736982323523,1.81560367640243e-194,0.999020956587577,5.63809243182839,1266.64474506965,9.3869187949536,0.145419062579162,5386.70230294351,8.72635549612832,1.61062822368484e-99,0.97019656897022,31.107445477277,823.519511401738,0.999043812592562,5.61593973796372,1268.29418840911,TRUE,9.2292108755179,0.143538677059057,35.0438955098872,2026-06-07 07:35:04,2026-06-07 07:36:08,NA
"43","2026-06-07 08:34:38","Collar_43_2026-06-07 08:34:38",2026-06-07 08:35:35,934.648012588146,15.8044834155667,3.88500410133885e-179,0.998300439702248,8.675792580469,1336.81178637831,10.9195975889602,0.190469656174139,5197.4240867818,11.429766507373,3.82321397843342e-93,0.962515142181675,40.7444824593566,848.028999742807,0.999153546287847,6.17109441552708,1338.54154523129,TRUE,10.7094253633227,0.18722761440131,45.6082376600815,2026-06-07 08:35:03,2026-06-07 08:36:07,NA
"43","2026-06-07 09:34:39","Collar_43_2026-06-07 09:34:39",2026-06-07 09:35:51,487.3739178292,4.1342330863557,6.09189549091603e-62,0.983043929956506,7.64414780738273,459.428501485849,5.69623175482524,0.0740952551479309,4335.50272779205,3.20070919561984,7.73869560850085e-68,0.98862514007014,6.26093945067512,457.032205151996,0.989618452109795,6.0712766029771,459.766954437637,TRUE,5.69018811291269,0.0755299913952138,6.51888881188963,2026-06-07 09:35:34,2026-06-07 09:36:08,"Time changed"
"43","2026-06-07 10:34:37","Collar_43_2026-06-07 10:34:37",2026-06-07 10:35:34,886.192173415704,7.82417691383471,5.58044197475941e-166,0.997271552588997,7.20062676696486,1128.85850202871,7.22618258583096,0.0855989119568861,3909.87007640619,5.13664799214994,4.30062771127696e-114,0.982355982047031,18.3109658347821,726.256810867042,0.999226870346577,3.86329955950235,1128.85934774169,TRUE,7.22477050775337,0.0894585610485952,24.7133023970285,2026-06-07 10:35:02,2026-06-07 10:36:06,NA
"43","2026-06-07 11:34:39","Collar_43_2026-06-07 11:34:39",2026-06-07 11:35:36,886.406225189375,9.23986512838612,1.36756998713033e-173,0.997925085092319,7.20655731144831,1160.80765947991,8.29541678897324,0.0967909934512871,4137.92041906583,5.80826614268379,6.42706797177987e-115,0.982872242239913,20.7051296994735,727.994201862289,0.999405124483842,3.88920162803042,1160.88139098977,TRUE,8.27346166018387,0.0988938510456158,27.9848876041189,2026-06-07 11:35:04,2026-06-07 11:36:08,NA
"43","2026-06-07 12:34:37","Collar_43_2026-06-07 12:34:37",2026-06-07 12:35:34,534.366724173195,5.79827656491616,7.01884261025599e-61,0.986756668193586,14.3112673739879,453.57896975253,6.51313895054671,0.0508229968844622,4235.69380861637,3.0498033086344,6.93757325002891e-78,0.996178642842663,7.68755579113655,357.978763812646,0.999174449815239,3.63125344850587,453.582011692549,TRUE,6.51221414057811,0.0524047633448899,9.87878473007303,2026-06-07 12:35:02,2026-06-07 12:36:06,NA
"43","2026-06-07 13:34:37","Collar_43_2026-06-07 13:34:37",2026-06-07 13:35:34,468.487836549451,6.40710471168008,1.08520336061063e-73,0.994807686292711,8.62173621317382,518.370373462982,6.24329684837411,0.0836586107425702,3883.04275449531,5.02021375123691,3.43044114152561e-63,0.988814670611008,12.6543155051351,339.515267612723,0.999328708916752,3.15046795027362,518.517991265962,TRUE,6.25891212470453,0.0846632721270919,14.9924602917862,2026-06-07 13:35:02,2026-06-07 13:36:06,NA
"43","2026-06-07 14:34:36","Collar_43_2026-06-07 14:34:36",2026-06-07 14:35:33,523.530256256708,4.43092393557632,1.68329936806834e-56,0.981760720649846,13.1666841324441,394.636425349954,5.10938876322195,0.0322960444219651,3899.73784716825,1.93803178033418,1.24473155283329e-83,0.997489214981541,4.8851437055414,361.988199779062,0.998571283333006,3.74499284499454,394.691067855622,TRUE,5.10488822353963,0.0328577656707529,5.3466522790256,2026-06-07 14:35:01,2026-06-07 14:36:05,NA
"43","2026-06-07 15:34:36","Collar_43_2026-06-07 15:34:36",2026-06-07 15:35:33,430.644300134848,7.93615807314052,2.13930844531718e-79,0.996578203757977,6.44421194441937,575.934714075737,5.68754803180037,0.130261892282837,4032.73360564454,7.81679897736668,8.22342635098349e-49,0.968010658547271,19.7035914009526,397.050504069079,0.99808100898125,4.90438517913425,575.938842625777,TRUE,5.69293008415686,0.135189712616598,25.845653087213,2026-06-07 15:35:01,2026-06-07 15:36:05,NA
"43","2026-06-07 16:34:37","Collar_43_2026-06-07 16:34:37",2026-06-07 16:35:34,404.162415222456,9.41694985940509,2.25476911663139e-89,0.998349823441403,5.25655331125777,601.04986573722,6.67328141754182,0.158022978231817,4487.76679115339,9.48269546062515,6.2824603862347e-48,0.965878762615707,23.9027711057717,389.225907751319,0.998766875239927,4.61790221969729,602.126590208188,TRUE,6.5398640984384,0.154703819783502,24.517336456257,2026-06-07 16:35:02,2026-06-07 16:36:06,NA
"43","2026-06-07 17:34:38","Collar_43_2026-06-07 17:34:38",2026-06-07 17:35:35,444.093231021627,9.2125289507285,3.12677191978918e-80,0.996780844605826,7.14659249857666,610.99252281786,6.46936029217366,0.170583076771045,4839.89148509908,10.2364060331991,4.26604342891561e-45,0.958036489734468,25.8026287328611,389.886134199143,0.998685278011177,4.64141465334563,611.144485181577,TRUE,6.41320779464791,0.169875999221283,33.3528802803144,2026-06-07 17:35:03,2026-06-07 17:36:07,NA
"43","2026-06-07 18:34:39","Collar_43_2026-06-07 18:34:39",2026-06-07 18:35:36,389.672610670645,9.50059143040682,1.85580895651814e-93,0.998775766069124,4.70212960216142,581.212494160381,6.96918488880743,0.135659122663314,4448.78934144982,8.14067777399215,3.85328526615749e-53,0.976685331213591,20.5199838258593,382.788802400924,0.998964512757465,4.39481018771502,582.009879951186,TRUE,6.87308447326564,0.135552696868669,21.4459055762678,2026-06-07 18:35:04,2026-06-07 18:36:08,NA
"43","2026-06-07 19:34:38","Collar_43_2026-06-07 19:34:38",2026-06-07 19:35:35,393.56920842418,10.6583300840813,4.40195863157753e-97,0.999060729828528,4.8452039616784,622.29651869948,8.16327915585432,0.186079917668319,5735.93430312204,11.1663456184095,6.15882124468793e-49,0.968302761043289,28.1467020124237,371.315117145491,0.99937284478378,4.02355252318325,622.673688133282,TRUE,8.06693310944146,0.182279969255312,34.9694268414042,2026-06-07 19:35:03,2026-06-07 19:36:07,NA
"43","2026-06-07 20:34:38","Collar_43_2026-06-07 20:34:38",2026-06-07 20:35:35,459.120525154171,13.163192949844,2.1069083768021e-85,0.997794151424793,8.02234072071166,647.472133798396,8.78196273222105,0.225841815773513,5766.48531371712,13.5523908308649,9.40451696669678e-46,0.960002004822513,34.161140923613,383.869530249665,0.999348275791229,4.43149781048118,649.706484168297,TRUE,8.49669328895004,0.198318372983334,34.3514987203979,2026-06-07 20:35:03,2026-06-07 20:36:07,NA
"43","2026-06-07 21:34:36","Collar_43_2026-06-07 21:34:36",2026-06-07 21:35:33,403.119888871679,10.4150941658029,9.81853949431142e-93,0.998709278174099,5.21456730870108,618.501811463949,7.47999706490215,0.180726744325061,5523.75935704705,10.8451106111337,2.13746193677691e-47,0.964527077579429,27.3369737150257,348.817329916184,0.999473635230591,3.38415864940833,619.43874914299,TRUE,7.33280942132983,0.174645392562314,30.3790222520402,2026-06-07 21:35:01,2026-06-07 21:36:05,NA
"43","2026-06-07 22:34:39","Collar_43_2026-06-07 22:34:39",2026-06-07 22:35:36,361.745332766056,11.7966769985369,1.16538105877317e-104,0.99946018137077,3.79312530602286,626.074913169858,8.43071933545286,0.191567613452887,5474.43260552885,11.4956530931065,5.07482882097594e-49,0.968496871396305,28.9767783576766,327.82770925008,0.999698766666964,2.87958648530986,626.910615028524,TRUE,8.28561600432091,0.185394140890647,31.6235079811473,2026-06-07 22:35:04,2026-06-07 22:36:08,NA
"43","2026-06-07 23:34:39","Collar_43_2026-06-07 23:34:39",2026-06-07 23:35:36,360.211568185581,9.88859623508578,9.14649843522742e-103,0.99937998913895,3.74863625762022,610.996246285844,7.78289616322049,0.170587962691978,5260.33272442653,10.2366992291683,5.61037332656978e-50,0.970623132830713,25.803367783922,340.268263132904,0.999571033659088,3.16876927341479,611.975397881003,TRUE,7.64064327022995,0.160368077590912,29.4652363509072,2026-06-07 23:35:04,2026-06-07 23:36:08,NA
"44","2026-06-07 00:16:31","Collar_44_2026-06-07 00:16:31",2026-06-07 00:17:28,527.336372802394,10.7174190802031,4.5602793588479e-74,0.994948633679582,13.5578745935033,567.062922269621,9.96320004013738,0.121668779148239,5204.37608242823,7.30114058498684,1.04947730390262e-65,0.990692351799797,18.4037853939997,367.282398689721,0.999595153999088,3.90065432000601,567.614747311414,TRUE,9.89444069307007,0.119183992367537,20.5443381922706,2026-06-07 00:16:56,2026-06-07 00:18:00,NA
"44","2026-06-07 00:37:40","Collar_44_2026-06-07 00:37:40",2026-06-07 00:38:37,503.123577705068,10.5402059066951,1.63281005502265e-78,0.996350161565033,11.2539058983225,576.978139215599,9.71909427291932,0.131311626591614,5695.45321035315,7.87979178307179,5.73364370727084e-63,0.988630811587801,19.862375643506,353.363795104844,0.999657283674961,3.504606100495,577.80719043343,TRUE,9.62005430470597,0.129329864071281,20.8629307242434,2026-06-07 00:38:05,2026-06-07 00:39:09,NA
"44","2026-06-07 01:37:39","Collar_44_2026-06-07 01:37:39",2026-06-07 01:38:36,985.382186650772,10.4810615246489,9.93884446246178e-162,0.996820705538848,10.5451719921875,1167.05476954809,9.82742162968444,0.0991447886687401,5195.48105129171,5.94951346932916,6.95350721913717e-123,0.987139755751475,21.2086438543095,749.748905263977,0.999496752724925,4.22862057941107,1168.03531047698,TRUE,9.74669969314504,0.0990852902933636,23.6427774886598,2026-06-07 01:38:04,2026-06-07 01:39:08,NA
"44","2026-06-07 02:37:41","Collar_44_2026-06-07 02:37:41",2026-06-07 02:38:38,1042.76803155392,8.19499052948213,1.19002766293546e-141,0.993453010349415,13.1494891793674,1077.85892221916,8.55814827168024,0.0703526423031622,5139.09008188568,4.22174476950125,3.79013850021204e-134,0.99142427723585,15.0495467775185,785.311780181255,0.999123831263453,4.84843573403084,1077.98442292035,TRUE,8.54147411249622,0.0703782603024118,18.8727046598101,2026-06-07 02:38:06,2026-06-07 02:39:10,NA
"44","2026-06-07 03:37:41","Collar_44_2026-06-07 03:37:41",2026-06-07 03:38:38,1072.72443480466,7.88922259476486,2.13740150534547e-133,0.99118935047534,14.7552632223796,1044.27379655732,8.28442476495953,0.0618274092806879,5458.03347598234,3.71015974947716,1.76433532239679e-139,0.992921159666188,13.2258641273616,832.676800549869,0.998651933061627,5.81725952656258,1044.67845530858,TRUE,8.25785323737062,0.062231090079126,15.8439793643359,2026-06-07 03:38:06,2026-06-07 03:39:10,NA
"44","2026-06-07 04:37:39","Collar_44_2026-06-07 04:37:39",2026-06-07 04:38:36,1053.87620758623,9.73436917858993,1.7538960992579e-142,0.993645969656285,13.7234584776737,1101.7642685119,9.06353091804485,0.0771278150836454,5885.08709192497,4.62831159218314,3.04363776092009e-132,0.99081603516348,16.4988637661581,826.58499310526,0.998927571049452,5.682545310993,1102.35339417403,TRUE,9.02224677539089,0.0802936456003011,17.3136974381746,2026-06-07 04:38:04,2026-06-07 04:39:08,NA
"44","2026-06-07 05:37:39","Collar_44_2026-06-07 05:37:39",2026-06-07 05:38:36,1065.17834419419,9.24371244710292,4.9349441038757e-142,0.993542433146436,14.3331698672316,1101.82783480018,9.39296823095141,0.0771466740386469,5353.07079905179,4.62944328663027,3.38559547795941e-134,0.991439387363329,16.5028979959493,811.22417269027,0.999112201307152,5.35654496935084,1102.24923008713,TRUE,9.3556288282158,0.0759880187378375,20.3506524691377,2026-06-07 05:38:04,2026-06-07 05:39:08,NA
"44","2026-06-07 06:37:39","Collar_44_2026-06-07 06:37:39",2026-06-07 06:38:36,1105.66209001007,8.12516225618726,4.5337509735401e-128,0.989328405137109,16.748071830119,1019.90897918651,8.55087728816123,0.0562967015258558,5892.76516623684,3.37827119815615,2.09301887530537e-146,0.994482382185474,12.042757959004,834.349119628712,0.998716239776543,5.85479670932952,1021.87698036245,TRUE,8.49469725072929,0.0582359999008933,10.6895413713115,2026-06-07 06:38:04,2026-06-07 06:39:08,NA
"44","2026-06-07 07:37:41","Collar_44_2026-06-07 07:37:41",2026-06-07 07:38:38,1061.21131400251,9.4492304228821,1.11894684026002e-143,0.993913392865343,14.1161370402909,1108.75470904578,9.5274464929773,0.0792296257660714,5079.3387423454,4.75443774700156,1.63861101456334e-133,0.991225855873652,16.9484744296261,790.460956128729,0.999264624102704,4.94541382312377,1109.2496105473,TRUE,9.48697390450738,0.0788749468621969,20.2020724360731,2026-06-07 07:38:06,2026-06-07 07:39:10,NA
"44","2026-06-07 08:37:39","Collar_44_2026-06-07 08:37:39",2026-06-07 08:38:36,1051.1489196234,9.83750456233755,9.39803863582142e-146,0.994351374251631,13.5802576822093,1130.25856421247,9.50676296936322,0.0860610929194866,5075.02767197736,5.16438270114657,7.7306208321315e-129,0.989619303114619,18.4098336781015,857.547323719522,0.998764593570057,6.40119785354307,1133.75966391368,TRUE,9.3741169852584,0.0836514126436511,18.2623103948287,2026-06-07 08:38:04,2026-06-07 08:39:08,NA
"44","2026-06-07 09:37:40","Collar_44_2026-06-07 09:37:40",2026-06-07 09:38:37,1100.07436474664,7.25108099852448,1.94857667402758e-124,0.987838308584746,16.3919750034536,999.904367376315,7.83918142490419,0.0521276298347822,4271.82214807825,3.12809215683996,7.43550102377484e-146,0.99437200910074,11.1509273556377,859.402982660898,0.99814811616716,6.44704758493241,999.932667912027,TRUE,7.83048821223546,0.054820895457317,11.9028766594422,2026-06-07 09:38:05,2026-06-07 09:39:09,NA
"44","2026-06-07 10:37:38","Collar_44_2026-06-07 10:37:38",2026-06-07 10:38:35,851.483684238875,8.03841964933306,2.67641341839373e-162,0.996885214710138,6.30078282779985,1142.06820958916,5.88335702522498,0.0900602724273763,4434.4249871253,5.40436679580183,3.64810838740527e-100,0.970879983158744,19.2653216470726,794.404162848395,0.998052945437625,5.02098849877628,1144.85551287153,TRUE,5.75549139103029,0.082736025987167,21.3246548247794,2026-06-07 10:38:03,2026-06-07 10:39:07,NA
"44","2026-06-07 11:37:40","Collar_44_2026-06-07 11:37:40",2026-06-07 11:38:37,1099.29434664624,6.2914367499724,1.60928838692137e-117,0.984402350377865,16.3428716308816,860.243367854562,6.91228391211282,0.0304637496550323,4067.51744995334,1.82807882625536,1.23921746288072e-168,0.997519980173643,6.51667955094582,721.496098671686,0.999172866658814,3.79320457061722,860.57160349112,TRUE,6.89931055997391,0.0324241417838336,6.28695136133618,2026-06-07 11:38:05,2026-06-07 11:39:09,NA
"44","2026-06-07 12:37:39","Collar_44_2026-06-07 12:37:39",2026-06-07 12:38:36,520.310461676432,6.69169774889451,2.0197708059271e-65,0.990496907407451,12.8445816268398,480.436816318727,6.8961940098647,0.0624863271034786,4197.41494823728,3.7497003094452,8.17222454635693e-74,0.994854221942099,9.45176701962766,340.077272574899,0.999441633361273,3.16411726835001,481.683318787351,TRUE,6.84301918184834,0.0598719853203244,8.74861888970178,2026-06-07 12:38:04,2026-06-07 12:39:08,NA
"44","2026-06-07 13:37:39","Collar_44_2026-06-07 13:37:39",2026-06-07 13:38:36,548.505770576091,3.8958119907662,1.71046972312795e-50,0.97170980626664,15.9555870102612,363.419348423725,4.97371111707224,0.0254016313424316,3875.36817800686,1.52430954610911,1.87527074991869e-89,0.998359449566541,3.84228538460168,366.404614895063,0.998384861792154,3.87440510755073,363.472860775478,TRUE,4.97156611719264,0.0259144151455195,3.67924892527294,2026-06-07 13:38:04,2026-06-07 13:39:08,NA
"44","2026-06-07 14:37:36","Collar_44_2026-06-07 14:37:36",2026-06-07 14:38:33,527.759445803381,5.44579766237448,1.7013702998835e-60,0.986379215785232,13.6020693197974,454.739579170596,6.10214146710492,0.0512787641087994,4165.00621314124,3.07715313989112,7.25543564560861e-76,0.995570820671837,7.75649576279601,395.918378172016,0.998315052681557,4.8618599899229,455.957991549724,TRUE,6.05295468065871,0.0521392189862861,6.66957211691244,2026-06-07 14:38:01,2026-06-07 14:39:05,NA
"44","2026-06-07 15:37:38","Collar_44_2026-06-07 15:37:38",2026-06-07 15:38:35,530.156177207841,4.82362619369351,5.6048288550124e-58,0.983627595848981,13.8551683966179,424.607049424437,5.67277853374143,0.0406698902401694,3997.39854643787,2.44053230662962,3.39851309983625e-80,0.996772317108665,6.15178303930926,377.01992289132,0.998540467165441,4.20404999732942,424.633288427512,TRUE,5.66670847230779,0.0430135974524204,7.2865248187432,2026-06-07 15:38:03,2026-06-07 15:39:07,NA
"44","2026-06-07 16:37:38","Collar_44_2026-06-07 16:37:38",2026-06-07 16:38:35,492.883162859772,6.41774884356615,1.11436170056949e-68,0.992510700523598,10.4014252233902,496.021792152785,6.28204494983236,0.0704449952416289,4568.61038556006,4.22728671536363,5.10127606689081e-68,0.992140194427494,10.6556060115364,360.443067866184,0.999082041520981,3.70074472461417,496.491959691228,TRUE,6.24084350603074,0.0691228823225092,12.2150451504852,2026-06-07 16:38:03,2026-06-07 16:39:07,NA
"44","2026-06-07 17:37:39","Collar_44_2026-06-07 17:37:39",2026-06-07 17:38:36,436.810861464067,7.47126951992594,3.06139065410006e-83,0.997416450676671,6.75725972749727,553.387651008379,6.92159451789785,0.109520093347052,4708.5702106645,6.57211820489678,1.05704418536494e-58,0.984471869808381,16.5661586185081,371.617147570885,0.999108949802797,4.03291135440475,555.144754843535,TRUE,6.80021468568593,0.101117671304676,16.6959023840606,2026-06-07 17:38:04,2026-06-07 17:39:08,NA
"44","2026-06-07 18:37:41","Collar_44_2026-06-07 18:37:41",2026-06-07 18:38:38,514.49500606822,6.01388051781978,6.26551983605159e-66,0.9908435029082,12.2826510777098,488.766022167996,6.71470883628143,0.0666209158930446,4948.47301048271,3.99781008933337,2.40575610451251e-71,0.993836571666068,10.0771705562482,376.587853440003,0.998968229015202,4.19010056391162,490.613448769084,TRUE,6.64063928639454,0.0640238083148154,9.01376576966963,2026-06-07 18:38:06,2026-06-07 18:39:10,NA
"44","2026-06-07 19:37:40","Collar_44_2026-06-07 19:37:40",2026-06-07 19:38:37,426.285839446184,10.6330773373429,2.95549473635169e-88,0.998209367113514,6.23174091446529,618.327739052538,7.59372228940111,0.180484909808637,6067.28856738459,10.8305985250005,7.8678994344953e-48,0.965634268573316,27.3003934964003,385.365930664683,0.999102826842161,4.48280248500917,619.864310515293,TRUE,7.40514087131951,0.165687994933675,29.6725423936152,2026-06-07 19:38:05,2026-06-07 19:39:09,NA
"44","2026-06-07 20:37:40","Collar_44_2026-06-07 20:37:40",2026-06-07 20:38:37,475.259909881366,8.44400065493744,2.49883632126757e-78,0.996300525465829,9.08277127930934,554.489607954499,7.78673466576362,0.110452396275827,5667.70024324059,6.62806414927494,1.18781601477081e-61,0.987482730840031,16.7071800304389,372.80649996086,0.999280755537977,4.06997721079127,555.608222406169,TRUE,7.68780839023866,0.103951337743922,18.0734126956196,2026-06-07 20:38:05,2026-06-07 20:39:09,NA
"44","2026-06-07 21:37:38","Collar_44_2026-06-07 21:37:38",2026-06-07 21:38:35,490.15027795564,7.15668425843947,1.75571469743274e-71,0.993897890732309,10.1850468126051,510.373635892365,6.81316763560508,0.0786675695761604,5379.19997960003,4.72070969213054,3.1713992656004e-67,0.991670836119582,11.8993638144692,337.075961607616,0.999455503329176,3.09190407025415,511.679824467489,TRUE,6.73718983405731,0.0714725637467,12.6735950841447,2026-06-07 21:38:03,2026-06-07 21:39:07,NA
"44","2026-06-07 22:37:39","Collar_44_2026-06-07 22:37:39",2026-06-07 22:38:36,457.673426099094,8.13161148565957,6.18552862046753e-81,0.996942244717197,7.93353497370915,552.27086774827,7.47899121868839,0.10858327529658,5929.7079460935,6.51590131559345,5.0469998182277e-61,0.986894574101204,16.4244542431144,354.482482013404,0.999412224595044,3.53489436363535,552.986900524655,TRUE,7.40502368636432,0.104794290515566,19.1110964158032,2026-06-07 22:38:04,2026-06-07 22:39:08,NA
"44","2026-06-07 23:37:41","Collar_44_2026-06-07 23:37:41",2026-06-07 23:38:37.818182,543.233551854362,5.85262104777676,2.61277831216636e-61,0.986258556006072,14.3880564112452,454.245118501867,6.45996071795068,0.0483226355819674,4961.33690155232,2.89013042277413,4.75239917676547e-80,0.996431637599543,7.33196567486863,360.24386366969,0.999191650462641,3.54551792283972,454.311700313274,TRUE,6.46530524961137,0.0506230144724722,8.27287820319727,2026-06-07 23:38:06,2026-06-07 23:39:10,NA
"45","2026-06-07 00:25:34","Collar_45_2026-06-07 00:25:34",2026-06-07 00:26:31,475.655907550513,11.4160673521754,1.36941900525454e-83,0.997481594328357,9.11048081720782,594.785967629848,9.45093928417697,0.150589354061516,5397.82721258121,9.03661606784032,1.62984573125186e-58,0.984256994263969,22.7783509801849,410.532450581731,0.999130478108333,5.44031530836776,596.610338811504,TRUE,9.27861084093749,0.133051030210609,23.2816967177051,2026-06-07 00:25:59,2026-06-07 00:27:03,NA
"45","2026-06-07 00:46:45","Collar_45_2026-06-07 00:46:45",2026-06-07 00:47:42,427.266626617331,13.5807871015509,7.35545837361474e-98,0.999112592569028,6.2789341892443,638.79980052816,10.9324363107809,0.211267386978949,5245.30570119358,12.6778036580509,2.46496948601322e-53,0.977013537504255,31.9565929561474,405.296882539618,0.999404876058731,5.22556758135207,641.395780863979,TRUE,10.6463896402918,0.19134200449292,30.3537307596103,2026-06-07 00:47:10,2026-06-07 00:48:14,NA
"45","2026-06-07 01:46:44","Collar_45_2026-06-07 01:46:44",2026-06-07 01:47:41,968.959661487743,10.9444174832992,8.61473994282563e-166,0.997252978950052,9.89970111009604,1172.63517773938,9.92375961746821,0.101295744545741,5897.83456406629,6.07858874533693,3.05237918755927e-122,0.98683908028824,21.668767454896,707.384843939379,0.999643836769986,3.59281902580481,1173.51156029814,TRUE,9.84647290167447,0.101447016144651,25.6422000369445,2026-06-07 01:47:09,2026-06-07 01:48:13,NA
"45","2026-06-07 02:46:42","Collar_45_2026-06-07 02:46:42",2026-06-07 02:47:39,913.912626054065,10.5034126915132,2.46614935854489e-175,0.998051269402305,8.01075648131632,1193.56718463796,9.51681654367997,0.109788097414342,5614.92138365308,6.58820068214632,1.53879115945406e-115,0.98325052193911,23.485416518288,742.182546179069,0.999495703888257,4.10733522556766,1195.71257920215,TRUE,9.38075058160213,0.105374066203769,25.2948659017918,2026-06-07 02:47:07,2026-06-07 02:48:11,NA
"45","2026-06-07 03:46:43","Collar_45_2026-06-07 03:46:43",2026-06-07 03:47:55,504.844397900433,4.12551106375836,2.45989400243638e-64,0.985581029813726,8.66012802497373,424.045294688002,7.0221987152439,0.0575477078624918,5568.26693071887,2.48590111977589,2.21210836333229e-81,0.995453890507418,4.86269618389002,422.15323587754,0.995820884831728,4.7324043928476,424.108497103788,TRUE,7.01655125895773,0.0606693571730638,5.41580334052358,2026-06-07 03:47:38,2026-06-07 03:48:12,"Time changed"
"45","2026-06-07 04:46:42","Collar_45_2026-06-07 04:46:42",2026-06-07 04:47:39,796.855278604356,14.3662344190197,1.15918631876662e-209,0.999433260453214,5.1067573413132,1300.59910554447,11.1893179626303,0.165705705249179,6160.19989682559,9.94372309994662,5.93829548704007e-102,0.972694256053701,35.4470803200682,797.58756135244,0.99944732862929,5.08284257359802,1302.87786841255,TRUE,10.976970071354,0.160520875046461,37.919976206173,2026-06-07 04:47:07,2026-06-07 04:48:11,NA
"45","2026-06-07 05:46:42","Collar_45_2026-06-07 05:46:42",2026-06-07 05:47:39,894.721277483103,12.2078400190665,3.19108204573163e-181,0.998423290162722,7.44075498082276,1224.79523177631,9.81120069426471,0.12379908810971,5626.37810141834,7.42897687401716,1.20191860485317e-110,0.980027212700224,26.4825898008593,844.029173563831,0.998964761533378,6.0768851403235,1226.55324786088,TRUE,9.67968405683563,0.119139875375713,28.4909452276405,2026-06-07 05:47:07,2026-06-07 05:48:11,NA
"45","2026-06-07 06:46:42","Collar_45_2026-06-07 06:46:42",2026-06-07 06:47:39,1037.74747313819,8.72205837224185,8.38990431366205e-147,0.994560631262422,12.8980104673128,1126.08842598397,9.19956901623367,0.0846917702694985,5156.88875678371,5.08221193191752,6.49783727603477e-128,0.989268226745381,18.1169138303194,837.471188081717,0.998869899039451,5.9255246473048,1126.48917005449,TRUE,9.15668163783401,0.0877173571597487,21.6467551679859,2026-06-07 06:47:07,2026-06-07 06:48:11,NA
"45","2026-06-07 07:46:46","Collar_45_2026-06-07 07:46:46",2026-06-07 07:47:43,938.299280917524,12.3891918025017,2.40269951662402e-176,0.998120898827197,8.79848920179261,1230.97318296062,10.6385737045146,0.126775948713717,5041.75326630399,7.60761331570679,9.11454512308816e-114,0.982147719289379,27.1193875307456,852.723115048553,0.999056589583567,6.28352097851178,1233.36899443656,TRUE,10.4745963712559,0.119543190856622,28.3996109105581,2026-06-07 07:47:11,2026-06-07 07:48:15,NA
"45","2026-06-07 08:46:41","Collar_45_2026-06-07 08:46:41",2026-06-07 08:47:38,957.231910020405,11.6279612730604,6.83283349264837e-166,0.997262907341582,9.4630792231147,1195.37786859422,9.484304015138,0.110555348819088,4911.07279581056,6.63424215974887,5.68667301888524e-115,0.982904961545934,23.6495437710512,873.566348018723,0.998605486224404,6.80798895823322,1200.59739939434,TRUE,9.27617403566536,0.101961925425404,20.5875247307785,2026-06-07 08:47:06,2026-06-07 08:48:10,NA
"45","2026-06-07 09:46:39","Collar_45_2026-06-07 09:46:39",2026-06-07 09:47:36,931.340126893536,10.0679801050797,2.99516387946676e-167,0.997393436133193,8.56611280573025,1173.30716544516,8.79913853804054,0.101557888914735,4469.70266608763,6.0943195918613,1.63533265481212e-115,0.983234591602266,21.7248442959994,742.73730705046,0.999407572824938,4.11610838520721,1176.35313397542,TRUE,8.648488583992,0.0930631357191511,23.5809918886526,2026-06-07 09:47:04,2026-06-07 09:48:08,NA
"45","2026-06-07 10:46:39","Collar_45_2026-06-07 10:46:39",2026-06-07 10:47:36,1004.63683291989,9.37766184378562,2.39812637682785e-151,0.995380945859127,11.3557526383338,1105.04553249477,8.79263442390271,0.0781073551073448,4245.36799772479,4.68709215587184,7.06423107686424e-130,0.990000205279484,16.7084029238146,677.949766055741,0.999637074142709,3.20824898349116,1109.67897947009,TRUE,8.6492511404917,0.0675886054245426,16.9908290187365,2026-06-07 10:47:04,2026-06-07 10:48:08,NA
"45","2026-06-07 11:46:40","Collar_45_2026-06-07 11:46:40",2026-06-07 11:47:37,1088.76700830625,6.44943550260394,2.11451178141603e-120,0.985938161014968,15.6943700664283,883.353047989906,6.98964337478285,0.0332954524960154,4260.63097769491,1.99800459259953,2.5348942709714e-164,0.997103922352048,7.12242573147688,714.91917732049,0.99923130199926,3.69845566109589,890.287834179184,TRUE,6.91957967804458,0.0278366401647898,5.58501959072411,2026-06-07 11:47:05,2026-06-07 11:48:09,NA
"45","2026-06-07 12:46:40","Collar_45_2026-06-07 12:46:40",2026-06-07 12:47:37,529.898318809104,6.91536147682803,2.18122462688273e-65,0.990473682152902,13.8277135455808,491.097962017513,7.4146104159472,0.0678267445484301,4104.8375310693,4.07016985653091,1.48472154145664e-73,0.994755763300597,10.2595658424589,359.818150061545,0.999345640362464,3.68299771219784,491.746055035951,TRUE,7.37104757989415,0.0654269651610333,10.9950021549143,2026-06-07 12:47:05,2026-06-07 12:48:09,NA
"45","2026-06-07 13:46:40","Collar_45_2026-06-07 13:46:40",2026-06-07 13:47:37,521.052237224482,8.21889974001671,1.17628719100495e-68,0.99249783285767,12.918081865233,526.353446253322,7.79421157890656,0.0889569559844292,4087.86052815808,5.33815861555972,1.53593097175168e-67,0.991860335254608,13.4557504291733,398.140141471118,0.998935294590294,4.94566564433624,529.619896206207,TRUE,7.65594697510093,0.0797651934572298,11.567122677949,2026-06-07 13:47:05,2026-06-07 13:48:09,NA
"45","2026-06-07 14:46:37","Collar_45_2026-06-07 14:46:37",2026-06-07 14:47:34,544.698968035475,5.77682980671477,4.96394251772106e-59,0.984839954503092,15.4951326837134,462.646605737658,6.58951901664316,0.0544945116410694,3936.61862780982,3.27012478786271,2.65645302339838e-76,0.995709860087802,8.2429141182648,406.481863134118,0.998299864555193,5.27341761048034,466.003900052444,TRUE,6.50184297021412,0.0473385858483231,5.94422011983882,2026-06-07 14:47:02,2026-06-07 14:48:06,NA
"45","2026-06-07 15:46:39","Collar_45_2026-06-07 15:46:39",2026-06-07 15:47:36,531.587222270524,6.45450540148392,2.18371623831877e-63,0.988973879118448,14.0085291820027,494.051530249213,6.97871238322479,0.0693853905927332,4047.50086072016,4.16370160700426,2.74277781384591e-71,0.99381086770422,10.4953287678813,412.272735865392,0.998346124802608,5.5136334279997,496.595252537054,TRUE,6.88379678606073,0.0579638034646648,8.73551080891671,2026-06-07 15:47:04,2026-06-07 15:48:08,NA
"45","2026-06-07 16:49:27","Collar_45_2026-06-07 16:49:27",2026-06-07 16:50:39,NA,NA,NA,NA,NA,204.764982649172,6.9225474108529,0.0713484992834253,4569.90789951041,3.08205697239592,4.01270860080477e-42,0.996506731365074,4.26303551586063,204.423256134427,0.996914269128868,4.13388227227068,204.771954020367,TRUE,6.92752276962248,0.0747116994660391,3.31633473761472,2026-06-07 16:50:22,2026-06-07 16:50:56,"Time changed"
"45","2026-06-07 17:46:40","Collar_45_2026-06-07 17:46:40",2026-06-07 17:47:37,504.335112794081,7.46502221995675,4.5400352212772e-71,0.993711062126525,11.3592769220628,532.328950713413,7.47985773232971,0.0931413313047486,4574.94577221118,5.58925600215204,3.54423422727169e-65,0.990325760545817,14.0886847443051,405.180654966771,0.998713660564104,5.22089770741181,534.772931136574,TRUE,7.35747154007929,0.0813283855317364,13.4389094875408,2026-06-07 17:47:05,2026-06-07 17:48:09,NA
"45","2026-06-07 18:46:44","Collar_45_2026-06-07 18:46:44",2026-06-07 18:47:41,539.780336991389,7.00182635413353,4.12917646338136e-65,0.990278739524616,14.9198170224392,507.121042894235,7.91705171430692,0.0767237300053267,4660.27810022802,4.60406312034217,5.51296399469289e-72,0.994118189573495,11.6053359911243,387.239491814171,0.999125414663796,4.54787647114193,508.586412283135,TRUE,7.83802048560056,0.0729490550236878,11.4263955760798,2026-06-07 18:47:09,2026-06-07 18:48:13,NA
"45","2026-06-07 19:46:43","Collar_45_2026-06-07 19:46:43",2026-06-07 19:47:40,474.61665487116,11.2416267399345,4.85591582719589e-84,0.997563131458645,9.03793968571574,607.247185505819,9.51668139444882,0.165738649126141,5613.65214200456,9.94570000707762,4.01725379372335e-56,0.981250191623527,25.0698540033232,445.082193804811,0.998545300944191,7.09651824576485,611.525864333897,TRUE,9.22751103960109,0.127310464887171,21.007340171309,2026-06-07 19:47:08,2026-06-07 19:48:12,NA
"45","2026-06-07 20:46:45","Collar_45_2026-06-07 20:46:45",2026-06-07 20:47:42,426.919019428208,10.935351079252,4.56207389600516e-93,0.998740305894318,6.26216736438973,606.189728681892,9.16595425840341,0.164395952348281,6026.34003905395,9.86512701204309,2.47439714152872e-55,0.980136580385617,24.866755858327,389.668101404667,0.999332196018806,4.63363671144585,607.8011078759,TRUE,8.99020014003927,0.151528592508518,26.382333124666,2026-06-07 20:47:10,2026-06-07 20:48:14,NA
"45","2026-06-07 21:46:39","Collar_45_2026-06-07 21:46:39",2026-06-07 21:47:36,487.737019307098,10.070964283329,6.00043184278257e-80,0.99671353995289,9.99772050823067,580.870457415932,9.08798821916614,0.135302665607673,5568.85452821539,8.11928738038449,2.40885227125309e-60,0.986228060717111,20.4660656456974,385.922294877321,0.999354743795903,4.50202875781766,583.57097630172,TRUE,8.8997310230529,0.11519152913857,19.4903595888731,2026-06-07 21:47:04,2026-06-07 21:48:08,NA
"45","2026-06-07 22:46:42","Collar_45_2026-06-07 22:46:42",2026-06-07 22:47:39,451.604960717666,10.2729864754323,1.00347248969538e-86,0.997997353239245,7.57170448771386,585.254990513253,8.80862229932551,0.13994387006589,5284.21348166241,8.39779832189586,1.35881990876164e-58,0.984347604214755,21.1681005589815,340.115588933032,0.999661181217651,3.16505000157326,587.067386009407,TRUE,8.64940200884561,0.123192844572556,22.1514881358458,2026-06-07 22:47:07,2026-06-07 22:48:11,NA
"49","2026-06-07 01:37:27","Collar_49_2026-06-07 01:37:27",2026-06-07 01:38:39,507.650194379897,4.24064082008831,6.83067412167477e-56,0.974461022363472,8.83544002578469,530.866879300568,5.29863703102571,0.123424005231038,5724.95286107371,5.33157417049863,5.42057309785962e-51,0.964416830922244,10.4291458605351,512.098507613107,0.974296933735934,8.99707593404682,530.942467216684,TRUE,5.26781318303661,0.123206222831912,8.93331190668507,2026-06-07 01:38:22,2026-06-07 01:38:56,"Time changed"
"49","2026-06-07 02:37:29","Collar_49_2026-06-07 02:37:29",2026-06-07 02:38:41,523.086649661911,5.62353057611133,5.5130666690709e-46,0.950062517666482,9.86537650265071,560.369395846701,4.12098926381702,0.15237702624302,6007.85763226786,6.58226425057206,4.11016915089144e-38,0.914937819058155,12.87563330576,505.495585597288,0.963316462042851,8.58259143239015,560.391483828699,TRUE,4.14322385998589,0.159534282388376,13.1808786823081,2026-06-07 02:38:24,2026-06-07 02:38:58,"Time changed"
"49","2026-06-07 03:37:28","Collar_49_2026-06-07 03:37:28",2026-06-07 03:38:40,NA,NA,NA,NA,NA,467.150122508619,3.94329878764003,0.0782967373101617,5940.50879970578,3.38220155386918,1.44689133992836e-55,0.973891176438717,6.61595847811891,469.733124443538,0.974414379481502,6.64782510002356,467.229657323985,TRUE,3.92153235344806,0.073060363406038,6.40128202036959,2026-06-07 03:38:23,2026-06-07 03:38:57,"Time changed"
"49","2026-06-07 04:37:32","Collar_49_2026-06-07 04:37:32",2026-06-07 04:38:44,490.900361116586,3.91573037333745,3.27842155281756e-55,0.973255704328188,7.83914085242514,499.258480272511,4.60695148724397,0.0984797896233531,6185.97704988345,4.25405334796226,1.90321405970836e-53,0.969863926572761,8.32139654173598,490.0592874465,0.975042783735889,7.68658519585811,499.584948554291,TRUE,4.55694341596784,0.109988426182362,6.40854192686917,2026-06-07 04:38:27,2026-06-07 04:39:01,"Time changed"
"49","2026-06-07 05:37:30","Collar_49_2026-06-07 05:37:30",2026-06-07 05:38:42,545.264126624434,4.44822587334695,1.04369949170058e-50,0.96372489208491,11.5587399215627,538.708829571272,5.82394786338569,0.130534760452312,6768.38397061912,5.63873904332476,4.31591918970917e-52,0.96696773956349,11.029994157772,534.017571313986,0.970824659744487,10.5219586038075,538.890144214932,TRUE,5.85515452670483,0.131925212666487,10.7097978727564,2026-06-07 05:38:25,2026-06-07 05:38:59,"Time changed"
"49","2026-06-07 06:37:27","Collar_49_2026-06-07 06:37:27",2026-06-07 06:38:39,494.118758358071,3.15747102740389,8.86322239409953e-53,0.968469717209482,8.02143870092163,492.458379099581,4.34012624335664,0.093810725554071,6706.43697686851,4.0523627502087,3.95535464740652e-53,0.969208806038485,7.92686753484162,489.372330342016,0.972173203180673,7.64896076332064,492.609804147586,TRUE,4.30415430034242,0.0981356581077117,9.17908678820645,2026-06-07 06:38:22,2026-06-07 06:38:56,"Time changed"
"49","2026-06-07 07:37:28","Collar_49_2026-06-07 07:37:28",2026-06-07 07:38:40,506.28049487006,4.77881918281891,4.33070173544267e-49,0.959526628278982,8.74941937868994,514.326340211715,4.1467691061459,0.109670335575232,5672.80395333677,4.73745384723411,2.16201431484202e-47,0.954596694206092,9.26698112046278,469.100387602291,0.977526046356304,6.61784772276903,514.524309465279,TRUE,4.101324096947,0.129053279520223,9.35695976677588,2026-06-07 07:38:23,2026-06-07 07:38:57,"Time changed"
"49","2026-06-07 08:37:28","Collar_49_2026-06-07 08:37:28",2026-06-07 08:38:40,NA,NA,NA,NA,NA,524.67845282758,4.44950677793797,0.118087110675317,4924.73605937086,5.10103515087523,2.71027013329207e-47,0.954294086532248,9.97818616546024,528.522012563824,0.954396118835179,10.1169312122541,524.687922124263,TRUE,4.44904496681783,0.116540774881199,11.1342118912335,2026-06-07 08:38:23,2026-06-07 08:38:57,"Time changed"
"49","2026-06-07 09:37:28","Collar_49_2026-06-07 09:37:28",2026-06-07 09:38:40,507.5589993005,5.14020852600435,6.57744125954618e-57,0.9761592457107,8.82968655234221,543.885695382702,5.46780413256668,0.13545197749249,4888.42536162557,5.85114916008507,3.05106430503548e-49,0.959941163634558,11.4454917236137,481.680954927107,0.984442119792565,7.24007376482569,544.055907725616,TRUE,5.52153184030259,0.133408608693614,12.1659779789967,2026-06-07 09:38:23,2026-06-07 09:38:57,"Time changed"
"49","2026-06-07 11:10:00","Collar_49_2026-06-07 11:10:00",2026-06-07 11:11:12,239.07051430967,3.02364400497357,1.76816055449425e-31,0.984576653505065,6.95917193672091,217.099286850938,5.36532431819306,0.085096053212525,4748.17881585645,3.6759131132554,5.59331774192054e-36,0.991767143719535,5.0844446729496,208.827868989447,0.994201953370882,4.40235675523787,217.182271517815,TRUE,5.35043024679119,0.0865681193344635,5.7941250878722,2026-06-07 11:10:55,2026-06-07 11:11:29,"Time changed"
"49","2026-06-07 12:09:24","Collar_49_2026-06-07 12:09:24",2026-06-07 12:10:36,588.399126355032,6.16989404420593,3.0068178149752e-41,0.93119539227272,15.7296740438094,623.632260430836,5.50906326413749,0.239423868532077,4376.26538691873,10.3424460329008,8.33132719568211e-34,0.886181940716987,20.2309627105399,550.209355135932,0.962341462127434,11.812047294115,623.632260430836,TRUE,5.50906326413749,0.239423868532077,30.2289967880402,2026-06-07 12:10:19,2026-06-07 12:10:53,"Time changed"
"49","2026-06-07 13:09:26","Collar_49_2026-06-07 13:09:26",2026-06-07 13:10:38,457.4704530978,2.59608767180308,3.51952302640497e-60,0.980895869969165,6.17398308234052,453.985501599969,4.3194047799129,0.0712698179077543,4413.28559647647,3.07865815553333,6.4737845069748e-61,0.981823682285789,6.02219418355767,423.120618867446,0.988954205481742,4.76521797056863,454.29459084289,TRUE,4.29791791087717,0.0715587283629918,5.64313061978361,2026-06-07 13:10:21,2026-06-07 13:10:55,"Time changed"
"49","2026-06-07 14:09:30","Collar_49_2026-06-07 14:09:30",2026-06-07 14:10:42,547.599541735131,0.994644014974882,6.88322080260916e-25,0.792132906086622,11.7531746900413,537.507216630123,2.27816800870795,0.129419181512296,4629.95157212239,5.59054913204611,5.03070906979877e-27,0.820042118656605,10.9357293876199,536.453173746557,0.832577221957016,10.7066123719245,537.543737417979,TRUE,2.3005938007053,0.134031591269965,13.7042954880473,2026-06-07 14:10:25,2026-06-07 14:10:59,"Time changed"
"49","2026-06-07 15:09:25","Collar_49_2026-06-07 15:09:25",2026-06-07 15:10:37,NA,NA,NA,NA,NA,460.435686592932,3.413512237479,0.0746302317528911,4459.21672423038,3.22381869886022,8.40087828238643e-53,0.968519337650221,6.30614418240182,458.816211848491,0.970947769753705,6.14913733617458,460.447206908809,TRUE,3.41906737231011,0.0755184756191817,8.27100737624866,2026-06-07 15:10:20,2026-06-07 15:10:54,"Time changed"
"49","2026-06-07 16:09:26","Collar_49_2026-06-07 16:09:26",2026-06-07 16:10:38,NA,NA,NA,NA,NA,450.800033066647,2.8138642403229,0.0696665006222001,4388.95233565569,3.00939930259972,2.93779415443361e-49,0.959985685442883,5.88671624472023,433.431936198157,0.970512137814687,5.12943515454298,452.484791951981,TRUE,2.75868746335251,0.0583802568693405,4.55679653486036,2026-06-07 16:10:21,2026-06-07 16:10:55,"Time changed"
"49","2026-06-07 17:09:28","Collar_49_2026-06-07 17:09:28",2026-06-07 17:10:40,470.379490926518,2.65702271440273,6.62275619703385e-49,0.959018108658384,6.77034197534139,442.556105113714,3.21851654193956,0.0656826216742831,4760.79614568723,2.83730679873592,8.89111369562775e-55,0.972459618263784,5.55008436698488,446.249387209028,0.972580027533152,5.6212202591527,442.643424666071,TRUE,3.2176793517256,0.0731508725173383,6.29102268720462,2026-06-07 17:10:23,2026-06-07 17:10:57,"Time changed"
"49","2026-06-07 18:09:27","Collar_49_2026-06-07 18:09:27",2026-06-07 18:10:39,NA,NA,NA,NA,NA,469.720898240481,3.09004818141914,0.0797477570764661,4488.37859721585,3.44488157703348,4.4043239061618e-48,0.956671066039443,6.7385675018739,467.134250606433,0.96056216374875,6.52555732918479,469.870603851005,TRUE,3.08626024077655,0.0840924349673763,5.97382040976815,2026-06-07 18:10:22,2026-06-07 18:10:56,"Time changed"
"49","2026-06-07 19:09:27","Collar_49_2026-06-07 19:09:27",2026-06-07 19:10:39,513.506333028,3.24698773009269,9.63821982803336e-50,0.961275333527397,9.21286126265676,488.819770638267,4.50623885748262,0.0914039902001039,5355.74014684559,3.94839846850825,5.94333707770407e-55,0.972783821437934,7.72350195772196,485.501838343482,0.975485379206713,7.4403911341703,488.84293301118,TRUE,4.50476929508485,0.0976885968185104,7.19178927917963,2026-06-07 19:10:22,2026-06-07 19:10:56,"Time changed"
"49","2026-06-07 20:09:30","Collar_49_2026-06-07 20:09:30",2026-06-07 20:10:42,355.124512025887,3.4594089949326,5.20496632772536e-77,0.993887668031968,2.97219800969738,441.967121589499,3.6706340220898,0.0654068736775611,5512.1874447275,2.82539525126882,1.09262957551026e-58,0.978865282392076,5.52678406917669,346.314990641042,0.994909809776389,2.75311128896145,442.312434671812,TRUE,3.70349126019114,0.0707421224115299,5.93654117057981,2026-06-07 20:10:25,2026-06-07 20:10:59,"Time changed"
"49","2026-06-07 21:09:26","Collar_49_2026-06-07 21:09:26",2026-06-07 21:10:38,475.854411253421,2.66177446857914,4.55230154753732e-51,0.96459896448765,7.04035202700959,471.54369409642,3.59038134187311,0.0807928593496262,5650.24055055618,3.49002709207879,5.6034288115431e-52,0.966713250735783,6.82687709793312,464.002968732362,0.971772635138032,6.38122487045887,471.576170946839,TRUE,3.58343240947732,0.0827783288481679,8.49870513554717,2026-06-07 21:10:21,2026-06-07 21:10:55,"Time changed"
"49","2026-06-07 22:09:25","Collar_49_2026-06-07 22:09:25",2026-06-07 22:10:37,436.1059726859,3.14412735824124,2.69066098628488e-65,0.986489433391853,5.30017985250359,393.426664082019,4.43362286505693,0.0462429861394271,5490.79566799514,1.99756854435393,2.66466014284778e-74,0.992656851641237,3.90746392139857,372.925176590402,0.994825480769625,3.32944094907666,393.43068145141,TRUE,4.43604771279523,0.0484405506450126,4.75606010989704,2026-06-07 22:10:20,2026-06-07 22:10:54,"Time changed"
"49","2026-06-07 23:09:25","Collar_49_2026-06-07 23:09:25",2026-06-07 23:10:37,423.694772922674,2.39208230699671,6.77520764902318e-62,0.982990842090092,4.85053654922544,404.894323127038,3.6058832313948,0.0501902935156705,5602.67869664987,2.16808125791239,7.31545060981901e-66,0.986997078729034,4.24100555542793,400.184457455436,0.988518381182619,4.04512946336356,404.918294059621,TRUE,3.59961647025448,0.0436919775148822,3.55077300750084,2026-06-07 23:10:20,2026-06-07 23:10:54,"Time changed"
"50","2026-06-07 00:22:27","Collar_50_2026-06-07 00:22:27",2026-06-07 00:23:24,NA,NA,NA,NA,NA,424.03198643716,0.56907718325163,0.040490381807916,4985.27451640767,2.42976030489468,4.34638379079044e-21,0.758187575976929,6.12463034913901,424.714102165162,0.770221007486024,6.06737858587648,424.033778309744,TRUE,0.570740345287552,0.042209246132131,6.09895941571473,2026-06-07 00:22:52,2026-06-07 00:23:56,NA
"50","2026-06-07 01:22:29","Collar_50_2026-06-07 01:22:29",2026-06-07 01:23:26,NA,NA,NA,NA,NA,831.908237548916,1.06515176470644,0.0273182826022602,4906.43129537169,1.63932459268363,6.86516218951587e-73,0.92234207295134,5.8438142256628,829.971474641888,0.925808749582532,5.75704417814426,834.170201758055,TRUE,1.02991474060465,0.0261930128498215,4.90559518324011,2026-06-07 01:22:54,2026-06-07 01:23:58,NA
"50","2026-06-07 02:22:27","Collar_50_2026-06-07 02:22:27",2026-06-07 02:23:24,NA,NA,NA,NA,NA,917.239289088409,1.08299915708705,0.0379303856291273,4950.16687164636,2.27613920234714,2.31449942912848e-57,0.864296512420472,8.11391149112832,913.298807151011,0.872337299061822,7.9320690819915,918.017196999038,TRUE,1.06503654956783,0.0346857139281521,6.39705128266508,2026-06-07 02:22:52,2026-06-07 02:23:56,NA
"50","2026-06-07 03:22:28","Collar_50_2026-06-07 03:22:28",2026-06-07 03:23:25,1051.21832505275,6.66679774952765,5.37846718444009e-32,0.662670156937028,13.5838833338611,1077.04770622069,0.948944734416784,0.0701334798082247,5105.06364792879,4.20859319357768,1.89798899666594e-26,0.588524795500954,15.0026644414547,1026.61797926739,0.729287179894813,12.2650884538474,1079.25539851544,TRUE,0.970625248417045,0.0634736610947127,11.3407492535751,2026-06-07 03:22:53,2026-06-07 03:23:57,NA
"50","2026-06-07 04:22:29","Collar_50_2026-06-07 04:22:29",2026-06-07 04:23:26,NA,NA,NA,NA,NA,891.362317073376,0.606428911518364,0.0343370761284522,5383.86441480169,2.06051069013997,4.0436159945416e-36,0.709033233483177,7.34524555839076,863.698545334043,0.77193251287416,6.55444655144363,891.470185612916,TRUE,0.605844835705386,0.0365196612068434,8.09924884471019,2026-06-07 04:22:54,2026-06-07 04:23:58,NA
"50","2026-06-07 05:22:27","Collar_50_2026-06-07 05:22:27",2026-06-07 05:23:24,NA,NA,NA,NA,NA,817.630181166853,0.606460059007228,0.0258585310805661,5201.98408149691,1.55172733763062,3.57367200386026e-48,0.811221434833323,5.53155020699777,818.843399353288,0.815225173049507,5.51583965207345,818.094625662743,TRUE,0.592648900078793,0.0267448346468623,5.65401757455131,2026-06-07 05:22:52,2026-06-07 05:23:56,NA
"50","2026-06-07 06:22:30","Collar_50_2026-06-07 06:22:30",2026-06-07 06:23:27,NA,NA,NA,NA,NA,937.854026630602,0.629370521215116,0.0410602284177052,5659.16659097681,2.46395584987405,9.36671614678495e-31,0.647331517229865,8.7834345383226,911.521264096912,0.720724281886737,7.87802482593702,942.132019341963,TRUE,0.557449577054828,0.0343552597929406,6.54815002254294,2026-06-07 06:22:55,2026-06-07 06:23:59,NA
"50","2026-06-07 07:22:27","Collar_50_2026-06-07 07:22:27",2026-06-07 07:23:24,831.911595211009,0.778639034170491,6.87429353491906e-17,0.421104417904009,5.84388969366358,829.010683854903,0.26757670612653,0.0270155258752402,5187.89735491987,1.62115666626489,1.62452857212743e-17,0.433879237491648,5.77904975660617,799.825040814331,0.561423945350107,5.12677269571259,829.057750410587,TRUE,0.268566212933006,0.0235117137823126,4.67761424535217,2026-06-07 07:22:52,2026-06-07 07:23:56,NA
"50","2026-06-07 08:22:30","Collar_50_2026-06-07 08:22:30",2026-06-07 08:23:27,855.632510004599,0.984527708137582,1.19975899122785e-54,0.850392568550298,6.40213101626789,886.375063117591,0.788099466089951,0.0336847078402686,4724.09797389385,2.02136315682403,4.59514051950123e-48,0.810479742685825,7.2056936276064,845.196167268419,0.866117044813921,6.10422216277062,886.679979359624,TRUE,0.806505854434562,0.0369953468324431,5.5887139253739,2026-06-07 08:22:55,2026-06-07 08:23:59,NA
"50","2026-06-07 09:22:31","Collar_50_2026-06-07 09:22:31",2026-06-07 09:23:58,1114.31224409244,1.1939987856784,1.2445706046899e-25,0.576322158626559,17.3146499386421,1093.38067512504,1.12491736051567,0.0746805282292385,4326.86562703908,4.48145398827766,3.96042093795783e-30,0.639330765871014,15.9753502663425,1081.7534834013,0.680181987760502,15.1623672770002,1094.37415355893,TRUE,1.07330437998067,0.0755570896272641,14.916944027141,2026-06-07 09:23:26,2026-06-07 09:24:30,"Time changed"
"50","2026-06-07 10:22:32","Collar_50_2026-06-07 10:22:32",2026-06-07 10:23:29,NA,NA,NA,NA,NA,1118.81634783594,1.79529330938378,0.0823558014066659,3931.43264327524,4.94203433509202,6.45644895858818e-45,0.787800717056725,17.6172130156643,1116.77497762773,0.797436428929189,17.3486479530306,1119.19037205166,TRUE,1.76275552856264,0.0746513755862995,13.6390544831078,2026-06-07 10:22:57,2026-06-07 10:24:01,NA
"50","2026-06-07 11:22:32","Collar_50_2026-06-07 11:22:32",2026-06-07 11:23:29,NA,NA,NA,NA,NA,885.154003321724,1.09566104270071,0.0335268824175057,4038.9988212539,2.01189231633772,5.73594232738664e-64,0.892975454224236,7.17193226478057,816.747780257492,0.938681152359022,5.47156026663073,885.567849311574,TRUE,1.08640300621967,0.0386808841368517,6.66660356699843,2026-06-07 11:22:57,2026-06-07 11:24:01,NA
"50","2026-06-07 11:47:47","Collar_50_2026-06-07 11:47:47",2026-06-07 11:48:44,NA,NA,NA,NA,NA,426.364431309706,0.764130958909684,0.0412234118322394,4021.23312278806,2.47374821451347,3.3611408187786e-27,0.845054929495495,6.23550946989167,407.951317705054,0.890244678539734,5.33336383172128,426.590858016096,TRUE,0.757348992678913,0.0378528373137837,7.25119975678954,2026-06-07 11:48:12,2026-06-07 11:49:16,NA
"50","2026-06-07 12:42:32","Collar_50_2026-06-07 12:42:32",2026-06-07 12:43:29,NA,NA,NA,NA,NA,445.346240081923,1.02007295394857,0.0477042387653421,3951.58115022919,2.86265183364078,1.4007163459704e-30,0.878903101379067,7.2158081865177,397.010656514192,0.945867853419478,4.90288211906156,447.519171792667,TRUE,0.960104833165475,0.0484388620691475,6.47061668758356,2026-06-07 12:42:57,2026-06-07 12:44:01,NA
"50","2026-06-07 13:42:31","Collar_50_2026-06-07 13:42:31",2026-06-07 13:43:28,NA,NA,NA,NA,NA,409.146225217406,0.720006602987842,0.0361095944457377,3991.01612644137,2.16687655913745,6.55336206148058e-29,0.863216817155209,5.46198648080491,396.361452777262,0.894345979641115,4.87845877343587,409.349654809367,TRUE,0.710550867913105,0.0364714005415589,5.46150008424154,2026-06-07 13:42:56,2026-06-07 13:44:00,NA
"50","2026-06-07 14:42:29","Collar_50_2026-06-07 14:42:29",2026-06-07 14:43:26,NA,NA,NA,NA,NA,395.710085299276,0.699813638471081,0.0325638794479181,4000.57392748809,1.95410411369493,1.06110683080778e-30,0.879963656514075,4.92565679668232,347.420601550634,0.946303868319338,3.34799365849322,395.982503435058,TRUE,0.684942208365616,0.0345281062758611,5.23620569439385,2026-06-07 14:42:54,2026-06-07 14:43:58,NA
"50","2026-06-07 15:45:25","Collar_50_2026-06-07 15:45:25",2026-06-07 15:46:22,NA,NA,NA,NA,NA,410.220679782354,0.824329417743523,0.0364092782544526,3954.2056878757,2.18486008485202,5.75910282465544e-32,0.890548735539014,5.50731706224296,400.466798302015,0.911422205468326,5.03497683731778,412.420181659888,TRUE,0.778224375581274,0.0248766420422761,3.38375701592974,2026-06-07 15:45:50,2026-06-07 15:46:54,NA
"50","2026-06-07 16:42:27","Collar_50_2026-06-07 16:42:27",2026-06-07 16:43:24,NA,NA,NA,NA,NA,634.625092880958,0.51722506806346,0.204590707035771,4080.78151743729,12.2771472263239,0.0139874188910057,0.0921048445091435,30.9466692462287,635.077238842179,0.140331770997165,30.6032013353555,640.038617200496,TRUE,0.31620764441543,0.056087730437322,5.8852281896895,2026-06-07 16:42:52,2026-06-07 16:43:56,"Flux unusable, remove"
"50","2026-06-07 17:42:27","Collar_50_2026-06-07 17:42:27",2026-06-07 17:43:24,NA,NA,NA,NA,NA,408.254371510253,0.906248845077448,0.0358627155237964,4089.4374796128,2.15206176663948,1.11765865995689e-34,0.91020142013951,5.42464323852439,382.950118959796,0.942789668306379,4.40026707778206,408.483252231006,TRUE,0.892680745175524,0.0400505587018768,5.68044874410455,2026-06-07 17:42:52,2026-06-07 17:43:56,NA
"50","2026-06-07 18:42:29","Collar_50_2026-06-07 18:42:29",2026-06-07 18:43:26,NA,NA,NA,NA,NA,420.074218156746,1.55633231973222,0.0392762530556527,4270.3018281606,2.3569024627218,3.00346959329664e-46,0.961424534424338,5.94097957895979,403.478400378889,0.971900332810064,5.15297952357413,420.085417806642,TRUE,1.55229138425282,0.0418752336261321,5.53877774731157,2026-06-07 18:42:54,2026-06-07 18:43:58,NA
"50","2026-06-07 19:42:27","Collar_50_2026-06-07 19:42:27",2026-06-07 19:43:24,NA,NA,NA,NA,NA,447.144672858865,1.3752893494624,0.0483687698891772,5398.63022389769,2.90252923844574,1.1961005760103e-37,0.927707453805702,7.31632607020415,443.091082020179,0.936131924805619,6.98865438051696,447.257630408674,TRUE,1.36005506369665,0.0442942696976491,5.51640477534228,2026-06-07 19:42:52,2026-06-07 19:43:56,NA
"50","2026-06-07 20:42:32","Collar_50_2026-06-07 20:42:32",2026-06-07 20:43:29,NA,NA,NA,NA,NA,421.391886278504,1.6404093735923,0.0396763779570125,5246.29025025048,2.38091329094605,2.27924443207711e-47,0.964454719562361,6.00150301699356,414.782650210998,0.969807656293771,5.62111961372047,421.531420279735,TRUE,1.62842086675304,0.040943456491483,4.97240683082154,2026-06-07 20:42:57,2026-06-07 20:44:01,NA
"50","2026-06-07 21:42:29","Collar_50_2026-06-07 21:42:29",2026-06-07 21:43:26,NA,NA,NA,NA,NA,390.709956498871,0.749363764261005,0.0313351713649917,5202.29727055801,1.88037139019628,2.60905569673036e-33,0.900772008237601,4.73980073707231,381.265633824615,0.919312439689768,4.34361808354973,390.742347404777,TRUE,0.753150275701621,0.0304148222338713,4.5136723058479,2026-06-07 21:42:54,2026-06-07 21:43:58,NA
"50","2026-06-07 22:42:30","Collar_50_2026-06-07 22:42:30",2026-06-07 22:43:27,NA,NA,NA,NA,NA,409.740398039362,1.02181177933426,0.0362750132601819,5305.80871162071,2.17680306639852,2.06783358998845e-37,0.926441651275031,5.48700795617825,383.102058653562,0.95408830470765,4.40541297077312,411.645473024571,TRUE,0.977627342900684,0.0310842663066168,4.10630462987194,2026-06-07 22:42:55,2026-06-07 22:43:59,NA
"50","2026-06-07 23:42:29","Collar_50_2026-06-07 23:42:29",2026-06-07 23:43:26,NA,NA,NA,NA,NA,430.696193716461,1.04373160891761,0.0426201690283191,4872.878013922,2.55756528511336,6.74375973968253e-34,0.904936991544818,6.44678486744339,413.160122488202,0.931747385166923,5.55139851724263,430.772876281886,TRUE,1.0377419602354,0.0435823176800293,6.51661593618297,2026-06-07 23:42:54,2026-06-07 23:43:58,NA
"51","2026-06-07 00:25:25","Collar_51_2026-06-07 00:25:25",2026-06-07 00:26:22,350.805037531359,0.444032160694938,3.99951456032494e-18,0.700054254471236,3.48697354563586,355.295169495592,0.275218166664196,0.0238627750151706,5032.21138451324,1.43196534356114,3.57678368675328e-17,0.678601893022358,3.6095158787566,354.582936062902,0.70107740376897,3.53762691504786,355.304431284534,TRUE,0.273845805367794,0.0246976407637778,4.1350085008093,2026-06-07 00:25:50,2026-06-07 00:26:54,NA
"51","2026-06-07 01:25:27","Collar_51_2026-06-07 01:25:27",2026-06-07 01:26:24,744.493625650665,0.616272350825239,8.11688147687289e-61,0.880142246410766,4.17524758658145,736.031304776311,0.600956776614465,0.0188931370428666,4973.60591091551,1.13374565444867,1.25390997205061e-62,0.887695843116317,4.04154187237838,733.387491698289,0.893291093999426,3.97071953759181,737.44799267052,TRUE,0.579911880202639,0.0174782134839485,3.7692587123947,2026-06-07 01:25:52,2026-06-07 01:26:56,NA
"51","2026-06-07 02:25:25","Collar_51_2026-06-07 02:25:25",2026-06-07 02:26:22,NA,NA,NA,NA,NA,749.584913645293,0.293803948460357,0.0199041450015793,5027.43197444744,1.19441455645277,2.06856910190916e-29,0.629935271629892,4.25781252077175,707.899893838935,0.739590679527502,3.59994331486174,749.704750964211,TRUE,0.287446900732951,0.0210096668138568,4.91271630684208,2026-06-07 02:25:50,2026-06-07 02:26:54,NA
"51","2026-06-07 03:25:26","Collar_51_2026-06-07 03:25:26",2026-06-07 03:26:23,728.585084158196,1.27470209304046,1.09141095772783e-31,0.658934298054637,3.92743664806692,740.787007957996,0.28126845357816,0.0192418944163773,5147.33877483321,1.15467400296897,4.54909226076821e-29,0.625371044043971,4.11614660981009,716.658492405593,0.698260854107636,3.72328006255997,741.063838923499,TRUE,0.285678064329578,0.0178403592734839,4.30667330910294,2026-06-07 03:25:51,2026-06-07 03:26:55,NA
"51","2026-06-07 04:25:27","Collar_51_2026-06-07 04:25:27",2026-06-07 04:26:24,719.103384914045,0.194895291870393,1.90098651818253e-25,0.573524548543169,3.78679072758923,704.136365671526,0.241461824302055,0.0167119811109677,5432.61947441379,1.00285812349738,1.15470661746927e-28,0.619903985746414,3.57495800073468,700.734257055829,0.640941763911359,3.50208308288605,705.326264428999,TRUE,0.252462112961972,0.0180833364618439,2.73483110209605,2026-06-07 04:25:52,2026-06-07 04:26:56,NA
"51","2026-06-07 05:25:25","Collar_51_2026-06-07 05:25:25",2026-06-07 05:26:22,NA,NA,NA,NA,NA,708.040302389816,0.291793617498714,0.0169648072273594,5226.88703410513,1.01802979721889,4.41348594335997e-35,0.697997703635371,3.62904151971352,678.913447380104,0.765931768704094,3.22016231584189,708.050088637938,TRUE,0.292201313377639,0.0181381037586501,3.4630137813189,2026-06-07 05:25:50,2026-06-07 05:26:54,NA
"51","2026-06-07 06:25:30","Collar_51_2026-06-07 06:25:30",2026-06-07 06:26:27,NA,NA,NA,NA,NA,907.076460817842,-0.233969923161661,0.0364763724729437,5636.83156769421,2.18888629704115,2.49913595295232e-09,0.24324423231687,7.80287499992139,891.52403326046,0.348916902091594,7.29482205942546,907.700030198843,TRUE,-0.219446164875665,0.0383920938186929,6.81329871221227,2026-06-07 06:25:55,2026-06-07 06:26:59,NA
"51","2026-06-07 07:25:25","Collar_51_2026-06-07 07:25:25",2026-06-07 07:26:22,NA,NA,NA,NA,NA,781.052850250166,0.0917042704571987,0.0224649996508638,5186.60420036263,1.34808717438348,7.80806445828946e-05,0.115188019885667,4.80561997438177,743.277767526289,0.358359370129767,4.12467341453213,781.225679729174,TRUE,0.0849990374937804,0.0232234271381502,5.24879631305892,2026-06-07 07:25:50,2026-06-07 07:26:54,NA
"51","2026-06-07 08:25:28","Collar_51_2026-06-07 08:25:28",2026-06-07 08:26:25,NA,NA,NA,NA,NA,814.787888078626,0.337440080357116,0.0255773878097577,4663.94676543651,1.5348563986842,1.26154005308063e-25,0.576232996083136,5.47140919925873,811.519565615445,0.599275718971595,5.36263414114379,814.853389121949,TRUE,0.342511407725722,0.0251739038588438,4.73749457593263,2026-06-07 08:25:53,2026-06-07 08:26:57,NA
"51","2026-06-07 09:25:32","Collar_51_2026-06-07 09:25:32",2026-06-07 09:26:29,987.929058211491,-0.047666884518319,8.54828781186167e-10,0.255552554352058,10.6489764968354,988.570798452202,0.327596896047971,0.0499041657683161,4328.66649651281,2.99466578527132,1.18050464758633e-09,0.251868531249406,10.6752931025244,959.242297538724,0.421056066852368,9.46517858253972,991.912828816264,TRUE,0.272737685319859,0.0408357467082427,6.71986441286259,2026-06-07 09:25:57,2026-06-07 09:27:01,NA
"51","2026-06-07 10:25:30","Collar_51_2026-06-07 10:25:30",2026-06-07 10:26:27,NA,NA,NA,NA,NA,754.563102250729,0.236861949691825,0.0202889191194463,3983.07312731346,1.21750420975313,6.85789349761297e-22,0.51568858228877,4.3401218114543,721.525490448761,0.635756201818357,3.79363339879042,755.579002500431,TRUE,0.224644078456292,0.0200877388435024,4.43976137545952,2026-06-07 10:25:55,2026-06-07 10:26:59,NA
"51","2026-06-07 11:25:30","Collar_51_2026-06-07 11:25:30",2026-06-07 11:26:27,NA,NA,NA,NA,NA,1449.14954781731,-0.517356184347883,0.293407142681812,3940.04639002824,17.6068734506589,0.0802411246684721,0.0237140107702928,62.7644445765119,1431.54742983123,0.173181314869317,58.2170259052519,1450.44151951089,TRUE,-0.51234251187534,0.281074230656473,60.724234347889,2026-06-07 11:25:55,2026-06-07 11:26:59,"Flux unusable, remove"
"51","2026-06-07 11:50:45","Collar_51_2026-06-07 11:50:45",2026-06-07 11:51:42,NA,NA,NA,NA,NA,302.23844368903,0.12598882594573,0.0158661998977742,4062.50785384207,0.952104203018381,4.5303149487793e-11,0.500217401448193,2.39994302549195,301.161810728056,0.537766046660429,2.34556053166198,302.299329648072,TRUE,0.124413530157531,0.0166224514988008,2.7969884354824,2026-06-07 11:51:10,2026-06-07 11:52:14,NA
"51","2026-06-07 12:45:32","Collar_51_2026-06-07 12:45:32",2026-06-07 12:46:29,NA,NA,NA,NA,NA,356.249405534828,-0.00413821104230236,0.024038578834168,4001.64350016589,1.44251503763108,0.86387241193148,0.000470178644924126,3.63610820407558,324.351886690851,0.424628758938686,2.80361485938832,356.461351025302,TRUE,-0.0129194763691942,0.0249405114153075,3.67601282913419,2026-06-07 12:45:57,2026-06-07 12:47:01,NA
"51","2026-06-07 13:45:31","Collar_51_2026-06-07 13:45:31",2026-06-07 13:46:28,NA,NA,NA,NA,NA,353.456918185961,0.125382993435396,0.0235277204428671,4043.23290865603,1.41185927729536,1.4126338889657e-06,0.310721718823467,3.55883506740038,354.565689310577,0.340709249572338,3.537157618677,353.477698573901,TRUE,0.128588781728562,0.0232433107216294,4.01800118532963,2026-06-07 13:45:56,2026-06-07 13:47:00,NA
"51","2026-06-07 14:45:27","Collar_51_2026-06-07 14:45:27",2026-06-07 14:46:24,NA,NA,NA,NA,NA,329.315665131959,-0.0523793744969535,0.0195402682099552,4062.03385918908,1.17257891685927,0.0093685805194888,0.102379242579708,2.95568760691731,331.387390710311,0.128616742959805,2.95952525138882,329.340263770615,TRUE,-0.0526997358326418,0.0181141998605719,3.07710406712832,2026-06-07 14:45:52,2026-06-07 14:46:56,NA
"51","2026-06-07 15:48:23","Collar_51_2026-06-07 15:48:23",2026-06-07 15:49:20,NA,NA,NA,NA,NA,303.702459864763,0.324042255174865,0.0160458895956815,3963.89120846828,0.962887082202994,3.27201332025232e-29,0.866192815100732,2.42712313415211,303.541615511334,0.874489821985775,2.388894237305,303.777315842899,TRUE,0.322574883854662,0.0170139447939542,2.72748810564873,2026-06-07 15:48:48,2026-06-07 15:49:52,NA
"51","2026-06-07 16:45:25","Collar_51_2026-06-07 16:45:25",2026-06-07 16:46:22,343.022988931944,0.487094831494435,5.80014501844422e-23,0.789026066653213,3.28436151343122,346.84390980987,0.330582863721165,0.0223608133777362,4099.42685784688,1.34183512983717,3.72408492228729e-22,0.776252544432336,3.38232711398988,338.537510293949,0.814845842475948,3.12686150456771,347.259439390348,TRUE,0.339795473302839,0.0214084760828081,3.2420602877519,2026-06-07 16:45:50,2026-06-07 16:46:54,NA
"51","2026-06-07 17:45:28","Collar_51_2026-06-07 17:45:28",2026-06-07 17:46:25,NA,NA,NA,NA,NA,343.444561804527,0.364845267685547,0.0217836827816878,4158.61149705018,1.30720248498657,6.91867885782898e-25,0.816601459763208,3.29502955328168,336.414393311766,0.845225889791744,3.07620937988017,343.611621229584,TRUE,0.360510726268055,0.0238031713403027,3.37343953913175,2026-06-07 17:45:53,2026-06-07 17:46:57,NA
"51","2026-06-07 18:45:27","Collar_51_2026-06-07 18:45:27",2026-06-07 18:46:24,379.753550361247,0.4921554181424,2.83340455560917e-33,0.90051225430269,4.35670069258617,367.558978875288,0.694265372297103,0.0262235197696995,4391.22782251581,1.57362970033984,7.61797616858619e-36,0.917530734406765,3.96660534851635,369.463925051163,0.920146469457053,3.966663390143,367.571698311485,TRUE,0.691662165044732,0.0265814851383574,3.74636378606166,2026-06-07 18:45:52,2026-06-07 18:46:56,NA
"51","2026-06-07 19:45:25","Collar_51_2026-06-07 19:45:25",2026-06-07 19:46:22,345.832895230357,0.362923631668428,7.61036685187985e-20,0.735305461460938,3.35612465765326,342.193521793927,0.296385521201406,0.0215750554826131,5504.28418968002,1.29468310860198,1.29240050147333e-20,0.74971854219352,3.26347230362092,343.202577249258,0.760974178855097,3.2411069339189,342.28150310938,TRUE,0.299586109830094,0.0231061878648139,2.65928876234201,2026-06-07 19:45:50,2026-06-07 19:46:54,NA
"51","2026-06-07 20:45:30","Collar_51_2026-06-07 20:45:30",2026-06-07 20:46:27,NA,NA,NA,NA,NA,368.882708619368,0.918830942460506,0.0264919058231773,5409.74556588565,1.58973509994366,9.21446669857076e-43,0.950234701138401,4.00720178883181,369.424819464707,0.952812943114909,3.96547034883774,368.88636003365,TRUE,0.918672916033383,0.0277007834784332,4.13687871193994,2026-06-07 20:45:55,2026-06-07 20:46:59,NA
"51","2026-06-07 21:45:27","Collar_51_2026-06-07 21:45:27",2026-06-07 21:46:24,352.554411115137,-0.741145662704733,6.8251682958509e-14,0.592341516044604,3.53421390915313,353.808084820575,-0.222045979737842,0.0235913613633378,5217.94374199266,1.41567826282778,1.26111006234106e-13,0.584402575338503,3.56846147978669,355.661267999206,0.597904705536162,3.56709307866527,353.838113525429,TRUE,-0.22229445360085,0.0230154510153021,3.77031491237247,2026-06-07 21:45:52,2026-06-07 21:46:56,NA
"51","2026-06-07 22:45:28","Collar_51_2026-06-07 22:45:28",2026-06-07 22:46:25,NA,NA,NA,NA,NA,349.041191729163,-0.0554975864131516,0.0227419717430087,5326.08780300481,1.36470780785268,0.0174991361049049,0.0863625222805246,3.43998164791971,349.640901063282,0.132928279477294,3.40566589898423,349.071678027446,TRUE,-0.0572825833230617,0.023387193615336,3.93706960361085,2026-06-07 22:45:53,2026-06-07 22:46:57,NA
"51","2026-06-07 23:45:27","Collar_51_2026-06-07 23:45:27",2026-06-07 23:46:24,NA,NA,NA,NA,NA,343.780279596834,0.0161486035892226,0.0218400106351765,4938.45207787146,1.31058262556208,0.462407621450016,0.0086034199740613,3.30354978118705,327.998016218685,0.268737770557935,2.88336137007566,343.981681931536,TRUE,0.00684495185116482,0.0214439644673451,2.82555940874652,2026-06-07 23:45:52,2026-06-07 23:46:56,NA
"52","2026-06-07 00:28:24","Collar_52_2026-06-07 00:28:24",2026-06-07 00:29:21,NA,NA,NA,NA,NA,370.019287116046,-0.0366389098709388,0.0267245376695877,5031.52293328082,1.6036949491924,0.175244356997402,0.028970536881729,4.0423899990458,373.352425175513,0.0388818017843844,4.08710471138732,370.068633238482,TRUE,-0.0388623567206499,0.0294042754833618,4.41568195445084,2026-06-07 00:28:49,2026-06-07 00:29:53,NA
"52","2026-06-07 01:28:26","Collar_52_2026-06-07 01:28:26",2026-06-07 01:29:23,681.427767724505,0.361724931808556,2.52197176319574e-49,0.81886862104935,3.2759656044908,677.402494258823,0.369633333286266,0.0150790039845631,5015.21686827536,0.904865888715258,3.46479934908536e-50,0.824391167927591,3.2256382759041,679.279326364953,0.827235928402815,3.22469700468142,677.703941982629,TRUE,0.369102014868872,0.0154275448225077,3.13640459537229,2026-06-07 01:28:51,2026-06-07 01:29:55,NA
"52","2026-06-07 02:28:26","Collar_52_2026-06-07 02:28:26",2026-06-07 02:29:23,NA,NA,NA,NA,NA,697.44035962022,0.166406484257283,0.0162870778677874,5041.50441178746,0.977360388292056,2.76007383396066e-18,0.449199065248691,3.48406445324564,698.65844926889,0.460860605941513,3.47423420437465,697.53009423431,TRUE,0.165973612684774,0.0165503522594174,4.05235511586502,2026-06-07 02:28:51,2026-06-07 02:29:55,NA
"52","2026-06-07 03:28:27","Collar_52_2026-06-07 03:28:27",2026-06-07 03:29:24,NA,NA,NA,NA,NA,736.682097136538,0.313550043476959,0.0189404866975489,5162.94869799836,1.13658702828267,1.30799626874799e-33,0.681632464952918,4.05167071501617,733.386801721523,0.699006452108937,3.97070900028186,737.213917933164,TRUE,0.300455031937359,0.0191014470040009,3.48963694218136,2026-06-07 03:28:52,2026-06-07 03:29:56,NA
"52","2026-06-07 04:28:28","Collar_52_2026-06-07 04:28:28",2026-06-07 04:29:25,729.689987415305,0.203409885421154,1.74204528743123e-18,0.453109616993395,3.94416230620964,725.528892211881,0.193451199757905,0.0181451778500529,5442.66462507624,1.08886187031937,2.20569711891591e-19,0.470337526617659,3.88154152994037,725.824903927475,0.485215820741547,3.8568872489436,725.575469566215,TRUE,0.19466180374352,0.0181984771101938,3.80651776968805,2026-06-07 04:28:53,2026-06-07 04:29:57,NA
"52","2026-06-07 05:28:24","Collar_52_2026-06-07 05:28:24",2026-06-07 05:29:21,677.954228023762,0.176725262091636,2.19140122225708e-26,0.587604482595631,3.23249051893742,677.004381000195,0.204593317464993,0.0150559326086753,5228.09527465529,0.903481413913874,1.36949344958371e-26,0.590606675721398,3.22070294242865,679.335344079014,0.59582917553093,3.22539184935777,677.103151008029,TRUE,0.206216930004486,0.014310120574868,2.97577211452275,2026-06-07 05:28:49,2026-06-07 05:29:53,NA
"52","2026-06-07 06:28:29","Collar_52_2026-06-07 06:28:29",2026-06-07 06:29:26,NA,NA,NA,NA,NA,883.392428455752,-0.464747679899261,0.0333004959180674,5575.50541973748,1.99830723994825,1.76543807213551e-27,0.603438842865791,7.12350459949952,833.707868411826,0.737599459354737,5.84037451898282,883.784343810936,TRUE,-0.446681382530052,0.0353579647591291,7.42204656145453,2026-06-07 06:28:54,2026-06-07 06:29:58,NA
"52","2026-06-07 07:28:24","Collar_52_2026-06-07 07:28:24",2026-06-07 07:29:21,NA,NA,NA,NA,NA,953.095185165004,-0.488932893655385,0.0435391187292054,5143.79371115989,2.61270992454899,8.64310147378272e-21,0.496275219502994,9.31370851919884,863.197167859011,0.755372264601022,6.54181930015467,953.301667123768,TRUE,-0.472671063036661,0.0457286136658218,10.2076772156766,2026-06-07 07:28:49,2026-06-07 07:29:53,NA
"52","2026-06-07 08:28:27","Collar_52_2026-06-07 08:28:27",2026-06-07 08:29:24,NA,NA,NA,NA,NA,836.935369096546,-0.294631446606754,0.0278516244097968,4639.63120930223,1.67132954534229,3.53209595176495e-19,0.466459852865404,5.95790450313014,808.109049415434,0.585520229467755,5.29274983613556,837.373961341973,TRUE,-0.280591185518715,0.02887919906376,5.79300278214456,2026-06-07 08:28:52,2026-06-07 08:29:56,NA
"52","2026-06-07 09:28:34","Collar_52_2026-06-07 09:28:34",2026-06-07 09:29:31,1129.67610768171,5.57943417862235,2.53844116901246e-31,0.654424396133726,18.3686378089665,1142.53436757688,1.29967828993193,0.0902218877090669,4144.76850086364,5.41406505940377,1.46459575791976e-28,0.61849607642387,19.299893720873,1093.60073414081,0.746100291755784,15.8692435795537,1142.53459520364,TRUE,1.3000261114085,0.0914473519191149,24.4533129679616,2026-06-07 09:28:59,2026-06-07 09:30:03,"Flux unusable, remove"
"52","2026-06-07 10:28:31","Collar_52_2026-06-07 10:28:31",2026-06-07 10:29:28,NA,NA,NA,NA,NA,716.581482422154,0.262793615417002,0.017531367896638,3992.11717482024,1.05202815838669,5.90474168486546e-30,0.637082647902198,3.75023783893447,681.340570895458,0.7316419858873,3.25036356869606,716.880511894932,TRUE,0.266515559003166,0.0177252446462508,3.96762676805027,2026-06-07 10:28:56,2026-06-07 10:30:00,NA
"52","2026-06-07 11:53:47","Collar_52_2026-06-07 11:53:47",2026-06-07 11:54:44,NA,NA,NA,NA,NA,353.833117574464,-0.074481755277678,0.0235959045449167,4050.40635547597,1.41595089157974,0.00244939440613259,0.136558547779821,3.56914868762563,341.766850051399,0.325647651946545,3.20550890461692,353.863719665706,TRUE,-0.070492603749941,0.0245815986862774,3.84456147164611,2026-06-07 11:54:12,2026-06-07 11:55:16,NA
"52","2026-06-07 12:48:34","Collar_52_2026-06-07 12:48:34",2026-06-07 12:49:31,NA,NA,NA,NA,NA,357.307779385237,0.266487022904374,0.0242350838342909,3994.89342194309,1.45430697506642,2.70609260877746e-16,0.657441583702462,3.66583181827166,339.770186158495,0.754058275992981,3.15665180135019,357.328590228506,TRUE,0.269792727375177,0.0260257372373526,3.78327708969963,2026-06-07 12:48:59,2026-06-07 12:50:03,NA
"52","2026-06-07 13:48:33","Collar_52_2026-06-07 13:48:33",2026-06-07 13:49:30,297.781778381146,0.415260934946388,2.01075324838897e-22,0.780569150354863,2.3190623786703,297.906619109933,0.229453220657913,0.015346222098772,4040.49310071917,0.920901202230793,2.13671369247008e-22,0.780147300650688,2.32129047477619,294.196350101307,0.80473878026841,2.22319186359285,297.946046696148,TRUE,0.226510595528231,0.0156382502844644,2.38697177688441,2026-06-07 13:48:58,2026-06-07 13:50:02,NA
"52","2026-06-07 14:48:28","Collar_52_2026-06-07 14:48:28",2026-06-07 14:49:17.5,NA,NA,NA,NA,NA,89.6771531295656,0.222376527854591,0.080120544875537,4030.77108949277,2.80250167593092,0.0124734165149354,0.299707239348874,2.06611607561548,92.7704352251063,0.33074672100961,2.1423302170098,89.6793487251135,TRUE,0.219735653022232,0.0852969440418964,2.35215478509644,2026-06-07 14:49:08,2026-06-07 14:49:27,"Time changed"
"52","2026-06-07 15:51:24","Collar_52_2026-06-07 15:51:24",2026-06-07 15:52:21,NA,NA,NA,NA,NA,319.704699884757,0.384310683062763,0.0181477551673015,3967.64585616935,1.08901653083044,2.39852450106416e-30,0.876822062692709,2.7450541857985,308.600570974096,0.902362783166103,2.4836906982064,319.728679485408,TRUE,0.383551880472889,0.0173068533362805,2.3555277463709,2026-06-07 15:51:49,2026-06-07 15:52:53,NA
"52","2026-06-07 16:48:26","Collar_52_2026-06-07 16:48:26",2026-06-07 16:49:23,368.228592153873,0.59170380973483,1.6439036245061e-05,0.256909859867028,3.98708953286668,370.526020299671,0.116441333019963,0.0268289118064601,4140.51677967283,1.60995826712883,5.25749189447445e-05,0.230175624618755,4.05817777327294,362.55364635947,0.359677448187801,3.76131750201592,370.546102958486,TRUE,0.116272878230137,0.0267339712261813,3.63054127164539,2026-06-07 16:48:51,2026-06-07 16:49:55,NA
"52","2026-06-07 17:48:29","Collar_52_2026-06-07 17:48:29",2026-06-07 17:49:26,NA,NA,NA,NA,NA,338.058964979753,0.128434058172957,0.0208996732608442,4179.73648531524,1.25415454750146,6.00065646168033e-08,0.374778555833489,3.16131306806869,321.687604207894,0.542992250850786,2.74674101952373,338.073946195731,TRUE,0.130571350746545,0.0211222696149716,3.69183450631612,2026-06-07 17:48:54,2026-06-07 17:49:58,NA
"52","2026-06-07 18:48:28","Collar_52_2026-06-07 18:48:28",2026-06-07 18:49:25,NA,NA,NA,NA,NA,414.643135368871,0.448189061373501,0.03766919035554,4457.73510892091,2.26046530945576,9.24122499624138e-18,0.692026503886024,5.69789308417759,417.665710433123,0.696622950105691,5.7471739665395,415.467380430797,TRUE,0.453287399157218,0.0293051416939119,4.16259824885726,2026-06-07 18:48:53,2026-06-07 18:49:57,NA
"52","2026-06-07 19:48:26","Collar_52_2026-06-07 19:48:26",2026-06-07 19:49:23,NA,NA,NA,NA,NA,333.805843422965,0.304183764029193,0.0202269769444204,5504.4214990311,1.21378716310263,1.60538696057636e-22,0.782125307258765,3.05956010622041,328.930246564025,0.809933796754726,2.9041122755961,334.193535714936,TRUE,0.315485437758832,0.0202473457104103,2.8121549492898,2026-06-07 19:48:51,2026-06-07 19:49:55,NA
"52","2026-06-07 20:48:31","Collar_52_2026-06-07 20:48:31",2026-06-07 20:49:28,NA,NA,NA,NA,NA,362.485587928662,0.632526268427908,0.0252198308870085,5509.96675563338,1.51340000388512,1.72130447005686e-34,0.908963757426964,3.81478599988227,364.876691911531,0.911189449858185,3.82913479915156,362.571058726129,TRUE,0.627099119036411,0.0266108619384318,4.20743230199654,2026-06-07 20:48:56,2026-06-07 20:50:00,NA
"52","2026-06-07 21:48:28","Collar_52_2026-06-07 21:48:28",2026-06-07 21:49:25,NA,NA,NA,NA,NA,373.674700740729,0.23448699126537,0.0274866580069069,5148.01912189668,1.64942851999338,4.22244885776096e-12,0.536003591693729,4.15766936019839,363.087868867919,0.629273715223339,3.77680607747951,373.867069100487,TRUE,0.24546815196366,0.0279289076080162,3.85676275362884,2026-06-07 21:48:53,2026-06-07 21:49:57,NA
"52","2026-06-07 22:48:29","Collar_52_2026-06-07 22:48:29",2026-06-07 22:49:26,361.948515675818,0.200586816549691,0.277560626830956,0.0186862895403407,3.79905838933302,360.819093902473,0.0379645739092277,0.0248985965937698,5275.43523515806,1.49412326952422,0.132321735536245,0.0355900387101925,3.76619566277733,355.523277718603,0.164104238105958,3.56330874767893,360.863888269392,TRUE,0.0331098178191247,0.0248024191940433,4.11884454324574,2026-06-07 22:48:54,2026-06-07 22:49:58,NA
"52","2026-06-07 23:48:28","Collar_52_2026-06-07 23:48:28",2026-06-07 23:49:25,346.018253815759,0.217806119687869,0.677924840378801,0.002755642202111,3.3609133517016,346.169909918339,0.00364583929566479,0.022245181192516,4926.93062390941,1.33489623518932,0.870339698086045,0.000426184322294112,3.36483643202257,333.900836744497,0.221759524903045,3.01730203948818,346.196534986705,TRUE,0.00518107751169985,0.0223920132626702,3.36423517650831,2026-06-07 23:48:53,2026-06-07 23:49:57,NA
