"SN","label","chamber","Vtotal","obs_length","DeadBand","TimeClosing","start_time","end_time","Tcham","Pressure","V1_avg","V2_avg","V3_avg","V4_avg","Plot","Group","Treatment","LI8100A_Port","Date","Time_8100","total_seconds","unique_ID","Vtotal_m3","Time_7810","Time_7820","flag"
"81A-1767",41,101,6918.9,"01:30","00:25",13,2026-06-09 00:07:59,"2026-06-09 00:09:41",18.8900943396226,101.525283018868,2.66509433962264,-0.531660377358491,145.029018867925,0.0354433962264151,"Fresh",11,"Control",NA,"2026-06-09",00:07:59,60,"Collar_41_2026-06-09 00:07:59",0.0069189,"00:08:29","00:07:29","Time changed"
"81A-1767",42,101,6926.9,"01:30","00:25",14,2026-06-09 00:11:00,"2026-06-09 00:12:43",18.7477570093458,101.556822429907,2.61123364485981,0.349700934579439,10.8850093457944,0.0353084112149533,"Fresh",11,"Disturbance",NA,"2026-06-09",00:11:00,60,"Collar_42_2026-06-09 00:11:00",0.0069269,"00:11:00","00:11:00","Time changed"
"81A-1767",43,101,6926.9,"01:30","00:25",14,2026-06-09 00:14:00,"2026-06-09 00:15:43",18.7609345794393,101.570560747664,2.66729906542056,0.253514018691589,145.292663551402,0.055785046728972,"Fresh",11,"1 µm",NA,"2026-06-09",00:14:00,60,"Collar_43_2026-06-09 00:14:00",0.0069269,"00:14:30","00:14:00","Time changed"
"81A-1767",44,101,6926.9,"01:30","00:25",14,2026-06-09 00:17:02,"2026-06-09 00:18:45",165.603551401869,101.569906542056,2.56542056074766,0.767233644859813,19.868691588785,0.0485327102803738,"Fresh",11,"45 µm",NA,"2026-06-09",00:17:02,60,"Collar_44_2026-06-09 00:17:02",0.0069269,"00:17:32","00:17:02","Time changed"
"81A-1767",40,101,6926.9,"01:30","00:25",13,2026-06-09 00:20:04,"2026-06-09 00:21:46",18.8291509433962,101.565094339623,2.6691320754717,0.776132075471698,141.579471698113,0.128122641509434,"Fresh",10,"45 µm",NA,"2026-06-09",00:20:04,60,"Collar_40_2026-06-09 00:20:04",0.0069269,"00:20:04","00:20:04","Time changed"
"81A-1767",38,101,6926.9,"01:30","00:25",14,2026-06-09 00:23:05,"2026-06-09 00:24:47",-71.9314018691589,101.572336448598,2.66542056074766,-0.530710280373832,74.4103738317757,0.0510841121495327,"Fresh",10,"Disturbance",NA,"2026-06-09",00:23:05,90,"Collar_38_2026-06-09 00:23:05",0.0069269,"00:23:35","00:22:35","Time changed"
"81A-1767",45,101,6926.9,"01:30","00:25",14,2026-06-09 00:26:06,"2026-06-09 00:27:49",-69.1861682242991,101.565700934579,2.56635514018692,0.694785046728972,19.7264112149533,0.15092523364486,"Fresh",12,"Control",NA,"2026-06-09",00:26:06,60,"Collar_45_2026-06-09 00:26:06",0.0069269,"00:26:36","00:26:06","Time changed"
"81A-1767",41,101,6918.9,"01:30","00:25",13,2026-06-09 00:29:09,"2026-06-09 00:30:51",18.8169811320755,101.559056603774,2.66415094339623,-0.531141509433962,145.500471698113,0.035,"Fresh",11,"Control",NA,"2026-06-09",00:29:09,60,"Collar_41_2026-06-09 00:29:09",0.0069189,"00:29:39","00:28:39","Time changed"
"81A-1767",42,101,6926.9,"01:30","00:25",14,2026-06-09 00:32:10,"2026-06-09 00:33:53",18.6322429906542,101.564299065421,2.5771308411215,0.300626168224299,10.8691214953271,0.0350373831775701,"Fresh",11,"Disturbance",NA,"2026-06-09",00:32:10,60,"Collar_42_2026-06-09 00:32:10",0.0069269,"00:32:10","00:32:10","Time changed"
"81A-1767",43,101,6926.9,"01:30","00:25",14,2026-06-09 00:35:12,"2026-06-09 00:36:54",18.558785046729,101.566728971963,2.66448598130841,0.254542056074766,145.41938317757,0.0543551401869159,"Fresh",11,"1 µm",NA,"2026-06-09",00:35:12,60,"Collar_43_2026-06-09 00:35:12",0.0069269,"00:35:42","00:35:12","Time changed"
"81A-1767",44,101,6926.9,"01:30","00:25",14,2026-06-09 00:38:14,"2026-06-09 00:39:56",166.733271028037,101.560841121495,2.56542056074766,0.726523364485981,19.8171962616822,0.0480747663551402,"Fresh",11,"45 µm",NA,"2026-06-09",00:38:14,60,"Collar_44_2026-06-09 00:38:14",0.0069269,"00:38:44","00:38:14","Time changed"
"81A-1767",40,101,6926.9,"01:30","00:25",13,2026-06-09 00:41:14,"2026-06-09 00:42:56",18.5322641509434,101.554528301887,2.66981132075472,0.775509433962264,141.441075471698,0.130047169811321,"Fresh",10,"45 µm",NA,"2026-06-09",00:41:14,60,"Collar_40_2026-06-09 00:41:14",0.0069269,"00:41:14","00:41:14","Time changed"
"81A-1767",38,101,6926.9,"01:30","00:25",14,2026-06-09 00:44:13,"2026-06-09 00:45:56",-71.9428037383178,101.566261682243,2.66542056074766,-0.532084112149533,74.4140186915888,0.0502429906542056,"Fresh",10,"Disturbance",NA,"2026-06-09",00:44:13,90,"Collar_38_2026-06-09 00:44:13",0.0069269,"00:44:43","00:43:43","Time changed"
"81A-1767",45,101,6926.9,"01:30","00:25",14,2026-06-09 00:47:13,"2026-06-09 00:48:56",-69.1316822429906,101.565420560748,2.56448598130841,0.691803738317757,19.6823271028037,0.150467289719626,"Fresh",12,"Control",NA,"2026-06-09",00:47:13,60,"Collar_45_2026-06-09 00:47:13",0.0069269,"00:47:43","00:47:13","Time changed"
"81A-1767",41,101,6918.9,"01:30","00:25",13,2026-06-09 01:29:08,"2026-06-09 01:30:50",18.2167924528302,101.55179245283,2.58485849056604,-0.530943396226415,144.916377358491,0.035622641509434,"Fresh",11,"Control",NA,"2026-06-09",01:29:08,60,"Collar_41_2026-06-09 01:29:08",0.0069189,"01:29:38","01:28:38","Time changed"
"81A-1767",42,101,6926.9,"01:30","00:25",14,2026-06-09 01:32:09,"2026-06-09 01:33:52",17.961214953271,101.581121495327,2.57476635514019,0.349495327102804,10.812261682243,0.0356635514018692,"Fresh",11,"Disturbance",NA,"2026-06-09",01:32:09,60,"Collar_42_2026-06-09 01:32:09",0.0069269,"01:32:09","01:32:09","Time changed"
"81A-1767",43,101,6926.9,"01:30","00:25",14,2026-06-09 01:35:10,"2026-06-09 01:36:52",17.915046728972,101.591588785047,2.66448598130841,0.255775700934579,144.893102803738,0.0546355140186916,"Fresh",11,"1 µm",NA,"2026-06-09",01:35:10,60,"Collar_43_2026-06-09 01:35:10",0.0069269,"01:35:40","01:35:10","Time changed"
"81A-1767",44,101,6926.9,"01:30","00:25",14,2026-06-09 01:38:11,"2026-06-09 01:39:55",165.853457943925,101.587196261682,2.50808411214953,0.757158878504673,19.6726542056075,0.0475233644859813,"Fresh",11,"45 µm",NA,"2026-06-09",01:38:11,60,"Collar_44_2026-06-09 01:38:11",0.0069269,"01:38:41","01:38:11","Time changed"
"81A-1767",40,101,6926.9,"01:30","00:25",13,2026-06-09 01:41:14,"2026-06-09 01:42:55",17.8441509433962,101.584056603774,2.66792452830189,0.775452830188679,141.513009433962,0.140320754716981,"Fresh",10,"45 µm",NA,"2026-06-09",01:41:14,60,"Collar_40_2026-06-09 01:41:14",0.0069269,"01:41:44","01:41:14","Time changed"
"81A-1767",38,101,6926.9,"01:30","00:25",14,2026-06-09 01:44:13,"2026-06-09 01:45:55",-71.7011214953271,101.59308411215,2.66355140186916,-0.532766355140187,74.3982429906542,0.0499158878504673,"Fresh",10,"Disturbance",NA,"2026-06-09",01:44:13,90,"Collar_38_2026-06-09 01:44:13",0.0069269,"01:44:43","01:43:43","Time changed"
"81A-1767",45,101,6926.9,"01:30","00:25",14,2026-06-09 01:47:14,"2026-06-09 01:48:57",-69.1331775700935,101.586635514019,2.56448598130841,0.807560747663551,19.5528691588785,0.152738317757009,"Fresh",12,"Control",NA,"2026-06-09",01:47:14,60,"Collar_45_2026-06-09 01:47:14",0.0069269,"01:47:44","01:47:14","Time changed"
"81A-1767",41,101,6918.9,"01:30","00:25",13,2026-06-09 02:29:08,"2026-06-09 02:30:50",17.4718867924528,101.544433962264,2.66792452830189,-0.530943396226415,144.468009433962,0.0357358490566038,"Fresh",11,"Control",NA,"2026-06-09",02:29:08,60,"Collar_41_2026-06-09 02:29:08",0.0069189,"02:29:38","02:28:38","Time changed"
"81A-1767",42,101,6926.9,"01:30","00:25",13,2026-06-09 02:32:09,"2026-06-09 02:33:51",17.4310377358491,101.56141509434,2.5773679245283,0.350047169811321,10.7357641509434,0.0356981132075472,"Fresh",11,"Disturbance",NA,"2026-06-09",02:32:09,60,"Collar_42_2026-06-09 02:32:09",0.0069269,"02:32:09","02:32:09","Time changed"
"81A-1767",43,101,6926.9,"01:30","00:25",14,2026-06-09 02:35:10,"2026-06-09 02:36:54",17.3263551401869,101.578598130841,2.68615887850467,0.249644859813084,144.458663551402,0.0542990654205607,"Fresh",11,"1 µm",NA,"2026-06-09",02:35:10,60,"Collar_43_2026-06-09 02:35:10",0.0069269,"02:35:40","02:35:10","Time changed"
"81A-1767",44,101,6926.9,"01:30","00:25",14,2026-06-09 02:38:13,"2026-06-09 02:39:56",164.955887850467,101.57476635514,2.57407476635514,0.726523364485981,19.5121962616822,0.0472056074766355,"Fresh",11,"45 µm",NA,"2026-06-09",02:38:13,60,"Collar_44_2026-06-09 02:38:13",0.0069269,"02:38:43","02:38:13","Time changed"
"81A-1767",40,101,6926.9,"01:30","00:25",13,2026-06-09 02:41:13,"2026-06-09 02:42:55",17.3091509433962,101.571037735849,2.68882075471698,0.775094339622642,141.46570754717,0.161207547169811,"Fresh",10,"45 µm",NA,"2026-06-09",02:41:13,60,"Collar_40_2026-06-09 02:41:13",0.0069269,"02:41:43","02:41:13","Time changed"
"81A-1767",38,101,6926.9,"01:30","00:25",14,2026-06-09 02:44:12,"2026-06-09 02:45:55",-72.6223364485981,101.577663551402,2.66823364485981,-0.531878504672897,74.3909906542056,0.0497476635514019,"Fresh",10,"Disturbance",NA,"2026-06-09",02:44:12,90,"Collar_38_2026-06-09 02:44:12",0.0069269,"02:44:42","02:43:42","Time changed"
"81A-1767",45,101,6926.9,"01:30","00:25",14,2026-06-09 02:47:14,"2026-06-09 02:48:57",-68.9207476635514,101.56953271028,2.56635514018692,0.816504672897196,19.4125327102804,0.158607476635514,"Fresh",12,"Control",NA,"2026-06-09",02:47:14,60,"Collar_45_2026-06-09 02:47:14",0.0069269,"02:47:44","02:47:14","Time changed"
"81A-1767",41,101,6918.9,"01:30","00:25",13,2026-06-09 03:29:09,"2026-06-09 03:30:51",16.7949056603774,101.567547169811,2.67230188679245,-0.530943396226415,144.151650943396,0.0358679245283019,"Fresh",11,"Control",NA,"2026-06-09",03:29:09,60,"Collar_41_2026-06-09 03:29:09",0.0069189,"03:29:39","03:28:39","Time changed"
"81A-1767",42,101,6926.9,"01:30","00:25",14,2026-06-09 03:32:10,"2026-06-09 03:33:53",16.6570093457944,101.594859813084,2.57757009345794,0.348467289719626,10.6507663551402,0.0359158878504673,"Fresh",11,"Disturbance",NA,"2026-06-09",03:32:10,60,"Collar_42_2026-06-09 03:32:10",0.0069269,"03:32:10","03:32:10","Time changed"
"81A-1767",43,101,6926.9,"01:30","00:25",14,2026-06-09 03:35:12,"2026-06-09 03:36:55",16.4573831775701,101.598691588785,2.67571028037383,0.256224299065421,144.121476635514,0.0541121495327103,"Fresh",11,"1 µm",NA,"2026-06-09",03:35:12,60,"Collar_43_2026-06-09 03:35:12",0.0069269,"03:35:42","03:35:12","Time changed"
"81A-1767",44,101,6926.9,"01:30","00:25",14,2026-06-09 03:38:14,"2026-06-09 03:39:57",164.270280373832,101.588504672897,2.57291588785047,0.748934579439252,19.3517102803738,0.0470560747663551,"Fresh",11,"45 µm",NA,"2026-06-09",03:38:14,60,"Collar_44_2026-06-09 03:38:14",0.0069269,"03:38:44","03:38:14","Time changed"
"81A-1767",40,101,6926.9,"01:30","00:25",13,2026-06-09 03:41:14,"2026-06-09 03:42:56",16.2289622641509,101.58141509434,2.66792452830189,0.77561320754717,141.559679245283,0.179,"Fresh",10,"45 µm",NA,"2026-06-09",03:41:14,60,"Collar_40_2026-06-09 03:41:14",0.0069269,"03:41:14","03:41:14","Time changed"
"81A-1767",38,101,6926.9,"01:30","00:25",14,2026-06-09 03:44:13,"2026-06-09 03:45:56",-72.574953271028,101.587757009346,2.66728971962617,-0.531878504672897,74.3805140186916,0.0494392523364486,"Fresh",10,"Disturbance",NA,"2026-06-09",03:44:13,90,"Collar_38_2026-06-09 03:44:13",0.0069269,"03:44:43","03:43:43","Time changed"
"81A-1767",45,101,6926.9,"01:30","00:25",14,2026-06-09 03:47:13,"2026-06-09 03:48:56",-69.8128037383178,101.578224299065,2.56542056074766,0.764383177570093,19.247,0.160551401869159,"Fresh",12,"Control",NA,"2026-06-09",03:47:13,60,"Collar_45_2026-06-09 03:47:13",0.0069269,"03:47:43","03:47:13","Flux unusable, remove"
"81A-1767",41,101,6918.9,"01:30","00:25",13,2026-06-09 04:29:08,"2026-06-09 04:30:50",16.0866981132075,101.519905660377,2.58550943396226,-0.530141509433962,143.209188679245,0.037122641509434,"Fresh",11,"Control",NA,"2026-06-09",04:29:08,60,"Collar_41_2026-06-09 04:29:08",0.0069189,"04:29:38","04:28:38","Time changed"
"81A-1767",42,101,6926.9,"01:30","00:25",13,2026-06-09 04:32:09,"2026-06-09 04:33:51",16.1240566037736,101.536037735849,2.57547169811321,0.350358490566038,10.5364056603774,0.037122641509434,"Fresh",11,"Disturbance",NA,"2026-06-09",04:32:09,60,"Collar_42_2026-06-09 04:32:09",0.0069269,"04:32:09","04:32:09","Time changed"
"81A-1767",43,101,6926.9,"01:30","00:25",14,2026-06-09 04:35:08,"2026-06-09 04:36:51",16.098785046729,101.558971962617,2.67196261682243,0.249747663551402,143.101869158878,0.0547102803738318,"Fresh",11,"1 µm",NA,"2026-06-09",04:35:08,60,"Collar_43_2026-06-09 04:35:08",0.0069269,"04:35:38","04:35:08","Time changed"
"81A-1767",44,101,6926.9,"01:30","00:25",14,2026-06-09 04:38:09,"2026-06-09 04:39:52",163.028785046729,101.556074766355,2.56633644859813,0.73618691588785,19.1447196261682,0.0506822429906542,"Fresh",11,"45 µm",NA,"2026-06-09",04:38:09,60,"Collar_44_2026-06-09 04:38:09",0.0069269,"04:38:39","04:38:09","Time changed"
"81A-1767",40,101,6926.9,"01:30","00:25",13,2026-06-09 04:41:09,"2026-06-09 04:42:51",15.8925471698113,101.543018867925,2.6773679245283,0.775820754716981,141.118962264151,0.177688679245283,"Fresh",10,"45 µm",NA,"2026-06-09",04:41:09,60,"Collar_40_2026-06-09 04:41:09",0.0069269,"04:41:09","04:41:09","Time changed"
"81A-1767",38,101,6926.9,"01:30","00:25",14,2026-06-09 04:44:10,"2026-06-09 04:45:53",-73.3180373831776,101.547757009346,2.67383177570093,-0.531775700934579,74.3036542056075,0.0495327102803738,"Fresh",10,"Disturbance",NA,"2026-06-09",04:44:10,90,"Collar_38_2026-06-09 04:44:10",0.0069269,"04:44:40","04:43:40","Time changed"
"81A-1767",45,101,6926.9,"01:30","00:25",14,2026-06-09 04:47:12,"2026-06-09 04:48:55",-70.401308411215,101.536168224299,2.56915887850467,0.757392523364486,19.0621121495327,0.158803738317757,"Fresh",12,"Control",NA,"2026-06-09",04:47:12,60,"Collar_45_2026-06-09 04:47:12",0.0069269,"04:47:42","04:47:12","Time changed"
"81A-1767",41,101,6918.9,"01:30","00:25",13,2026-06-09 05:29:08,"2026-06-09 05:30:50",16.4621698113208,101.50358490566,2.67105660377359,-0.529952830188679,142.707613207547,0.0376509433962264,"Fresh",11,"Control",NA,"2026-06-09",05:29:08,60,"Collar_41_2026-06-09 05:29:08",0.0069189,"05:29:38","05:28:38","Time changed"
"81A-1767",42,101,6926.9,"01:30","00:25",14,2026-06-09 05:32:09,"2026-06-09 05:33:52",16.4942056074766,101.532242990654,2.58504672897196,0.350383177570093,10.4557476635514,0.0376542056074766,"Fresh",11,"Disturbance",NA,"2026-06-09",05:32:09,60,"Collar_42_2026-06-09 05:32:09",0.0069269,"05:32:09","05:32:09","Time changed"
"81A-1767",43,101,6926.9,"01:30","00:25",14,2026-06-09 05:35:10,"2026-06-09 05:36:53",16.4543925233645,101.550934579439,2.67946728971963,0.260130841121495,142.793121495327,0.0546168224299065,"Fresh",11,"1 µm",NA,"2026-06-09",05:35:10,60,"Collar_43_2026-06-09 05:35:10",0.0069269,"05:35:40","05:35:10","Time changed"
"81A-1767",44,101,6926.9,"01:30","00:25",14,2026-06-09 05:38:11,"2026-06-09 05:39:54",162.414859813084,101.544672897196,2.57570093457944,0.780906542056075,19.0014205607477,0.0525420560747664,"Fresh",11,"45 µm",NA,"2026-06-09",05:38:11,60,"Collar_44_2026-06-09 05:38:11",0.0069269,"05:38:41","05:38:11","Time changed"
"81A-1767",40,101,6926.9,"01:30","00:25",13,2026-06-09 05:41:12,"2026-06-09 05:42:54",16.3554716981132,101.539905660377,2.73809433962264,0.775716981132076,141.093254716981,0.176698113207547,"Fresh",10,"45 µm",NA,"2026-06-09",05:41:12,60,"Collar_40_2026-06-09 05:41:12",0.0069269,"05:41:12","05:41:12","Time changed"
"81A-1767",38,101,6926.9,"01:30","00:25",14,2026-06-09 05:44:11,"2026-06-09 05:45:54",-73.3285981308411,101.54476635514,2.72551401869159,-0.531775700934579,74.2855046728972,0.0487663551401869,"Fresh",10,"Disturbance",NA,"2026-06-09",05:44:11,90,"Collar_38_2026-06-09 05:44:11",0.0069269,"05:44:41","05:43:41","Time changed"
"81A-1767",45,101,6926.9,"01:30","00:25",14,2026-06-09 05:47:13,"2026-06-09 05:48:56",-70.3311214953271,101.538785046729,2.60256074766355,0.73385046728972,18.9412897196262,0.152542056074766,"Fresh",12,"Control",NA,"2026-06-09",05:47:13,60,"Collar_45_2026-06-09 05:47:13",0.0069269,"05:47:43","05:47:13","Time changed"
"81A-1767",41,101,6918.9,"01:30","00:25",13,2026-06-09 06:29:08,"2026-06-09 06:30:50",16.7460377358491,101.535,2.65930188679245,-0.529952830188679,142.637981132075,0.0376792452830189,"Fresh",11,"Control",NA,"2026-06-09",06:29:08,60,"Collar_41_2026-06-09 06:29:08",0.0069189,"06:29:38","06:28:38","Time changed"
"81A-1767",42,101,6926.9,"01:30","00:25",14,2026-06-09 06:32:08,"2026-06-09 06:33:51",16.8481308411215,101.557570093458,2.5785046728972,0.350588785046729,10.4072429906542,0.0376542056074766,"Fresh",11,"Disturbance",NA,"2026-06-09",06:32:08,60,"Collar_42_2026-06-09 06:32:08",0.0069269,"06:32:08","06:32:08","Time changed"
"81A-1767",43,101,6926.9,"01:30","00:25",14,2026-06-09 06:35:08,"2026-06-09 06:36:51",16.8451401869159,101.567476635514,2.68043925233645,0.253308411214953,142.655448598131,0.0545046728971963,"Fresh",11,"1 µm",NA,"2026-06-09",06:35:08,60,"Collar_43_2026-06-09 06:35:08",0.0069269,"06:35:38","06:35:08","Time changed"
"81A-1767",44,101,6926.9,"01:30","00:25",14,2026-06-09 06:38:10,"2026-06-09 06:39:53",162.100093457944,101.566822429907,2.57416822429907,0.726420560747664,18.9035327102804,0.0534859813084112,"Fresh",11,"45 µm",NA,"2026-06-09",06:38:10,60,"Collar_44_2026-06-09 06:38:10",0.0069269,"06:38:40","06:38:10","Time changed"
"81A-1767",40,101,6926.9,"01:30","00:25",13,2026-06-09 06:41:11,"2026-06-09 06:42:53",16.7970754716981,101.563301886792,2.6842641509434,0.776132075471698,141.058773584906,0.172462264150943,"Fresh",10,"45 µm",NA,"2026-06-09",06:41:11,60,"Collar_40_2026-06-09 06:41:11",0.0069269,"06:41:11","06:41:11","Time changed"
"81A-1767",38,101,6926.9,"01:30","00:25",14,2026-06-09 06:44:12,"2026-06-09 06:45:55",-73.1102803738318,101.577663551402,2.67759813084112,-0.531093457943925,74.2809813084112,0.0486728971962617,"Fresh",10,"Disturbance",NA,"2026-06-09",06:44:12,90,"Collar_38_2026-06-09 06:44:12",0.0069269,"06:44:42","06:43:42","Time changed"
"81A-1767",45,101,6926.9,"01:30","00:25",14,2026-06-09 06:47:14,"2026-06-09 06:48:57",-70.2065420560748,101.570373831776,2.57027102803738,0.707841121495327,18.816691588785,0.14892523364486,"Fresh",12,"Control",NA,"2026-06-09",06:47:14,60,"Collar_45_2026-06-09 06:47:14",0.0069269,"06:47:44","06:47:14","Time changed"
"81A-1767",41,101,6918.9,"01:30","00:25",13,2026-06-09 07:29:08,"2026-06-09 07:30:50",17.5108490566038,101.554811320755,2.62115094339623,-0.529952830188679,142.241669811321,0.0377358490566038,"Fresh",11,"Control",NA,"2026-06-09",07:29:08,60,"Collar_41_2026-06-09 07:29:08",0.0069189,"07:29:38","07:28:38","Time changed"
"81A-1767",42,101,6926.9,"01:30","00:25",14,2026-06-09 07:32:08,"2026-06-09 07:33:51",17.3968224299065,101.582429906542,2.57570093457944,0.351271028037383,10.3890841121495,0.0376728971962617,"Fresh",11,"Disturbance",NA,"2026-06-09",07:32:08,60,"Collar_42_2026-06-09 07:32:08",0.0069269,"07:32:08","07:32:08","Time changed"
"81A-1767",43,101,6926.9,"01:30","00:25",14,2026-06-09 07:35:10,"2026-06-09 07:36:53",17.3326168224299,101.599626168224,2.67571962616822,0.260233644859813,142.330448598131,0.0544859813084112,"Fresh",11,"1 µm",NA,"2026-06-09",07:35:10,60,"Collar_43_2026-06-09 07:35:10",0.0069269,"07:35:40","07:35:10","Time changed"
"81A-1767",44,101,6926.9,"01:30","00:25",14,2026-06-09 07:38:11,"2026-06-09 07:39:54",162.885981308411,101.597289719626,2.56915887850467,0.76488785046729,18.863261682243,0.0487102803738318,"Fresh",11,"45 µm",NA,"2026-06-09",07:38:11,60,"Collar_44_2026-06-09 07:38:11",0.0069269,"07:38:41","07:38:11","Time changed"
"81A-1767",40,101,6926.9,"01:30","00:25",13,2026-06-09 07:41:12,"2026-06-09 07:42:54",17.4706603773585,101.592075471698,2.70130188679245,0.776132075471698,140.915603773585,0.162481132075472,"Fresh",10,"45 µm",NA,"2026-06-09",07:41:12,60,"Collar_40_2026-06-09 07:41:12",0.0069269,"07:41:12","07:41:12","Time changed"
"81A-1767",38,101,6926.9,"01:30","00:25",14,2026-06-09 07:44:13,"2026-06-09 07:45:56",-72.7458878504673,101.597289719626,2.69267289719626,-0.531551401869159,74.3065140186916,0.0488878504672897,"Fresh",10,"Disturbance",NA,"2026-06-09",07:44:13,90,"Collar_38_2026-06-09 07:44:13",0.0069269,"07:44:43","07:43:43","Time changed"
"81A-1767",45,101,6926.9,"01:30","00:25",14,2026-06-09 07:47:16,"2026-06-09 07:48:59",-70.0051401869159,101.590560747664,2.59501869158878,0.703420560747663,19.2304392523364,0.142514018691589,"Fresh",12,"Control",NA,"2026-06-09",07:47:16,60,"Collar_45_2026-06-09 07:47:16",0.0069269,"07:47:46","07:47:16","Time changed"
"81A-1767",41,101,6918.9,"01:30","00:25",13,2026-06-09 08:29:08,"2026-06-09 08:30:50",17.9839622641509,101.539056603774,2.63166037735849,-0.529952830188679,142.58670754717,0.037688679245283,"Fresh",11,"Control",NA,"2026-06-09",08:29:08,60,"Collar_41_2026-06-09 08:29:08",0.0069189,"08:29:38","08:28:38","Time changed"
"81A-1767",42,101,6926.9,"01:30","00:25",14,2026-06-09 08:32:08,"2026-06-09 08:33:51",18.0543925233645,101.560186915888,2.58411214953271,0.467504672897196,10.7148037383178,0.0376448598130841,"Fresh",11,"Disturbance",NA,"2026-06-09",08:32:08,60,"Collar_42_2026-06-09 08:32:08",0.0069269,"08:32:08","08:32:08","Time changed"
"81A-1767",43,101,6926.9,"01:30","00:25",14,2026-06-09 08:35:10,"2026-06-09 08:36:53",17.9836448598131,101.570560747664,2.67943925233645,0.344224299065421,142.690018691589,0.0544485981308411,"Fresh",11,"1 µm",NA,"2026-06-09",08:35:10,60,"Collar_43_2026-06-09 08:35:10",0.0069269,"08:35:40","08:35:10","Time changed"
"81A-1767",44,101,6926.9,"01:30","00:25",14,2026-06-09 08:38:12,"2026-06-09 08:39:55",163.10261682243,101.565607476636,2.57570093457944,0.736411214953271,18.7959065420561,0.0527383177570093,"Fresh",11,"45 µm",NA,"2026-06-09",08:38:12,60,"Collar_44_2026-06-09 08:38:12",0.0069269,"08:38:42","08:38:12","Time changed"
"81A-1767",40,101,6926.9,"01:30","00:25",13,2026-06-09 08:41:14,"2026-06-09 08:42:56",17.8559433962264,101.560471698113,2.72315094339623,0.776132075471698,141.068905660377,0.154084905660377,"Fresh",10,"45 µm",NA,"2026-06-09",08:41:14,60,"Collar_40_2026-06-09 08:41:14",0.0069269,"08:41:14","08:41:14","Time changed"
"81A-1767",38,101,6926.9,"01:30","00:25",14,2026-06-09 08:44:15,"2026-06-09 08:45:58",-72.4199065420561,101.56523364486,2.70828971962617,-0.531775700934579,74.323214953271,0.0487476635514019,"Fresh",10,"Disturbance",NA,"2026-06-09",08:44:15,90,"Collar_38_2026-06-09 08:44:15",0.0069269,"08:44:45","08:43:45","Time changed"
"81A-1767",45,101,6926.9,"01:30","00:25",14,2026-06-09 08:47:17,"2026-06-09 08:49:00",-69.611214953271,101.553271028037,2.59017757009346,0.676588785046729,19.4999439252336,0.138009345794393,"Fresh",12,"Control",NA,"2026-06-09",08:47:17,60,"Collar_45_2026-06-09 08:47:17",0.0069269,"08:47:47","08:47:17","Time changed"
"81A-1767",41,101,6918.9,"01:30","00:25",13,2026-06-09 09:29:08,"2026-06-09 09:30:50",18.9980188679245,101.516981132075,2.60782075471698,-0.529952830188679,142.867773584906,0.0375094339622642,"Fresh",11,"Control",NA,"2026-06-09",09:29:08,60,"Collar_41_2026-06-09 09:29:08",0.0069189,"09:29:38","09:28:38","Time changed"
"81A-1767",42,101,6926.9,"01:30","00:25",14,2026-06-09 09:32:08,"2026-06-09 09:33:51",18.9895327102804,101.539345794393,2.57663551401869,0.496897196261682,10.8727196261682,0.037214953271028,"Fresh",11,"Disturbance",NA,"2026-06-09",09:32:08,60,"Collar_42_2026-06-09 09:32:08",0.0069269,"09:32:08","09:32:08","Time changed"
"81A-1767",43,101,6926.9,"01:30","00:25",14,2026-06-09 09:35:08,"2026-06-09 09:36:51",19.1253271028037,101.549252336449,2.68360747663551,0.444046728971963,143.232271028037,0.0540934579439252,"Fresh",11,"1 µm",NA,"2026-06-09",09:35:08,60,"Collar_43_2026-06-09 09:35:08",0.0069269,"09:35:38","09:35:08","Time changed"
"81A-1767",44,101,6926.9,"01:30","00:25",14,2026-06-09 09:38:09,"2026-06-09 09:39:52",163.608504672897,101.547196261682,2.56599065420561,0.762009345794393,19.0833364485981,0.0506448598130841,"Fresh",11,"45 µm",NA,"2026-06-09",09:38:09,60,"Collar_44_2026-06-09 09:38:09",0.0069269,"09:38:39","09:38:09","Time changed"
"81A-1767",40,101,6926.9,"01:30","00:25",13,2026-06-09 09:41:09,"2026-06-09 09:42:51",18.8966037735849,101.540660377358,2.67075471698113,0.774943396226415,141.251716981132,0.146066037735849,"Fresh",10,"45 µm",NA,"2026-06-09",09:41:09,60,"Collar_40_2026-06-09 09:41:09",0.0069269,"09:41:09","09:41:09","Time changed"
"81A-1767",38,101,6926.9,"01:30","00:25",14,2026-06-09 09:44:08,"2026-06-09 09:45:51",-72.6271962616822,101.545420560748,2.67476635514019,-0.531775700934579,74.3740280373832,0.0487009345794393,"Fresh",10,"Disturbance",NA,"2026-06-09",09:44:08,90,"Collar_38_2026-06-09 09:44:08",0.0069269,"09:44:38","09:43:38","Time changed"
"81A-1767",45,101,6926.9,"01:30","00:25",14,2026-06-09 09:47:09,"2026-06-09 09:48:52",-69.8558878504673,101.538411214953,2.56355140186916,0.779289719626168,19.5278598130841,0.131392523364486,"Fresh",12,"Control",NA,"2026-06-09",09:47:09,60,"Collar_45_2026-06-09 09:47:09",0.0069269,"09:47:39","09:47:09","Time changed"
"81A-1767",41,101,6918.9,"01:30","00:25",13,2026-06-09 10:29:08,"2026-06-09 10:30:50",20.197358490566,101.465377358491,2.62309433962264,-0.530943396226415,143.713037735849,0.0364433962264151,"Fresh",11,"Control",NA,"2026-06-09",10:29:08,60,"Collar_41_2026-06-09 10:29:08",0.0069189,"10:29:38","10:28:38","Time changed"
"81A-1767",42,101,6926.9,"01:30","00:25",14,2026-06-09 10:32:09,"2026-06-09 10:33:52",20.2194392523364,101.486261682243,2.57663551401869,0.49781308411215,11.203046728972,0.0363831775700935,"Fresh",11,"Disturbance",NA,"2026-06-09",10:32:09,60,"Collar_42_2026-06-09 10:32:09",0.0069269,"10:32:09","10:32:09","Time changed"
"81A-1767",43,101,6926.9,"01:30","00:25",14,2026-06-09 10:35:09,"2026-06-09 10:36:52",20.3922429906542,101.488504672897,2.68130841121495,0.486429906542056,143.794682242991,0.0540467289719626,"Fresh",11,"1 µm",NA,"2026-06-09",10:35:09,60,"Collar_43_2026-06-09 10:35:09",0.0069269,"10:35:39","10:35:09","Time changed"
"81A-1767",44,101,6926.9,"01:30","00:25",14,2026-06-09 10:38:09,"2026-06-09 10:39:52",164.179813084112,101.48691588785,2.57009345794393,0.781420560747664,19.2390654205607,0.0545700934579439,"Fresh",11,"45 µm",NA,"2026-06-09",10:38:09,60,"Collar_44_2026-06-09 10:38:09",0.0069269,"10:38:39","10:38:09","Time changed"
"81A-1767",40,101,6926.9,"01:30","00:25",13,2026-06-09 10:41:10,"2026-06-09 10:42:52",20.3216037735849,101.472830188679,2.66792452830189,0.775198113207547,141.375867924528,0.137150943396226,"Fresh",10,"45 µm",NA,"2026-06-09",10:41:10,60,"Collar_40_2026-06-09 10:41:10",0.0069269,"10:41:10","10:41:10","Time changed"
"81A-1767",38,101,6926.9,"01:30","00:25",14,2026-06-09 10:44:11,"2026-06-09 10:45:54",-72.3459813084112,101.478317757009,2.66728971962617,-0.531878504672897,74.4358130841122,0.0484766355140187,"Fresh",10,"Disturbance",NA,"2026-06-09",10:44:11,90,"Collar_38_2026-06-09 10:44:11",0.0069269,"10:44:41","10:43:41","Time changed"
"81A-1767",45,101,6926.9,"01:30","00:25",14,2026-06-09 10:47:13,"2026-06-09 10:48:56",-69.3817757009346,101.470280373832,2.56728971962617,0.75903738317757,19.6630654205607,0.116467289719626,"Fresh",12,"Control",NA,"2026-06-09",10:47:13,60,"Collar_45_2026-06-09 10:47:13",0.0069269,"10:47:43","10:47:13","Time changed"
"81A-1767",41,101,6918.9,"01:30","00:25",182,2026-06-09 11:29:08,"2026-06-09 11:33:39",NA,101.982690909091,2.68456727272727,-0.398505454545455,139.262676363636,0.0834072727272727,"Fresh",11,"Control",NA,"2026-06-09",11:29:08,60,"Collar_41_2026-06-09 11:29:08",0.0069189,"11:29:38","11:28:38","Time changed"
"81A-1767",42,101,6926.9,"01:30","00:25",13,2026-06-09 11:34:58,"2026-06-09 11:36:40",21.9738679245283,101.404622641509,2.59359433962264,0.393094339622642,11.3899339622642,0.0356792452830189,"Fresh",11,"Disturbance",NA,"2026-06-09",11:34:58,60,"Collar_42_2026-06-09 11:34:58",0.0069269,"11:34:58","11:34:58","Time changed"
"81A-1767",43,101,6926.9,"01:30","00:25",14,2026-06-09 11:37:57,"2026-06-09 11:39:40",21.9742990654206,101.415514018692,2.67102803738318,0.505233644859813,144.636514018692,0.0539906542056075,"Fresh",11,"1 µm",NA,"2026-06-09",11:37:57,60,"Collar_43_2026-06-09 11:37:57",0.0069269,"11:38:27","11:37:57","Time changed"
"81A-1767",44,101,6926.9,"01:30","00:25",14,2026-06-09 11:40:57,"2026-06-09 11:42:40",165.490841121495,101.410280373832,2.56915887850467,0.781420560747664,19.3559626168224,0.0564672897196262,"Fresh",11,"45 µm",NA,"2026-06-09",11:40:57,60,"Collar_44_2026-06-09 11:40:57",0.0069269,"11:41:27","11:40:57","Time changed"
"81A-1767",40,101,6926.9,"01:30","00:25",13,2026-06-09 11:43:59,"2026-06-09 11:45:41",21.6862264150943,101.403679245283,2.66415094339623,0.774783018867925,141.484141509434,0.132339622641509,"Fresh",10,"45 µm",NA,"2026-06-09",11:43:59,60,"Collar_40_2026-06-09 11:43:59",0.0069269,"11:43:59","11:43:59","Time changed"
"81A-1767",38,101,6926.9,"01:30","00:25",14,2026-06-09 11:46:58,"2026-06-09 11:48:41",-72.2943925233645,101.408878504673,2.66635514018692,-0.530102803738318,74.5069252336449,0.0485140186915888,"Fresh",10,"Disturbance",NA,"2026-06-09",11:46:58,90,"Collar_38_2026-06-09 11:46:58",0.0069269,"11:47:28","11:46:28","Time changed"
"81A-1767",45,101,6926.9,"01:30","00:25",14,2026-06-09 11:49:58,"2026-06-09 11:51:41",-69.2904672897196,101.400747663551,2.56542056074766,0.769728971962617,19.9621121495327,0.113588785046729,"Fresh",12,"Control",NA,"2026-06-09",11:49:58,60,"Collar_45_2026-06-09 11:49:58",0.0069269,"11:50:28","11:49:58","Time changed"
"81A-1767",41,101,6918.9,"01:30","00:25",13,2026-06-09 12:29:08,"2026-06-09 12:30:50",22.7370754716981,101.330377358491,2.65437735849057,-0.530943396226415,145.371188679245,0.035122641509434,"Fresh",11,"Control",NA,"2026-06-09",12:29:08,60,"Collar_41_2026-06-09 12:29:08",0.0069189,"12:29:38","12:28:38","Time changed"
"81A-1767",42,101,6926.9,"01:30","00:25",13,2026-06-09 12:32:07,"2026-06-09 12:33:49",22.6082075471698,101.342830188679,2.57075471698113,0.502905660377359,11.5423679245283,0.0350754716981132,"Fresh",11,"Disturbance",NA,"2026-06-09",12:32:07,60,"Collar_42_2026-06-09 12:32:07",0.0069269,"12:32:07","12:32:07","Time changed"
"81A-1767",43,101,6926.9,"01:30","00:25",14,2026-06-09 12:35:06,"2026-06-09 12:36:49",22.9414953271028,101.357009345794,2.65784112149533,0.50888785046729,145.526831775701,0.0539158878504673,"Fresh",11,"1 µm",NA,"2026-06-09",12:35:06,60,"Collar_43_2026-06-09 12:35:06",0.0069269,"12:35:36","12:35:06","Time changed"
"81A-1767",44,101,6926.9,"01:30","00:25",14,2026-06-09 12:38:06,"2026-06-09 12:39:49",166.466635514019,101.348691588785,2.55658878504673,0.756439252336449,19.5189906542056,0.0571308411214953,"Fresh",11,"45 µm",NA,"2026-06-09",12:38:06,60,"Collar_44_2026-06-09 12:38:06",0.0069269,"12:38:36","12:38:06","Time changed"
"81A-1767",40,101,6926.9,"01:30","00:25",13,2026-06-09 12:41:07,"2026-06-09 12:42:49",22.4491509433962,101.344245283019,2.66508490566038,0.77488679245283,141.444518867925,0.131415094339623,"Fresh",10,"45 µm",NA,"2026-06-09",12:41:07,60,"Collar_40_2026-06-09 12:41:07",0.0069269,"12:41:07","12:41:07","Time changed"
"81A-1767",38,101,6926.9,"01:30","00:25",14,2026-06-09 12:44:06,"2026-06-09 12:45:49",-71.7964485981308,101.353271028037,2.61834579439252,-0.52781308411215,74.5179345794393,0.0487943925233645,"Fresh",10,"Disturbance",NA,"2026-06-09",12:44:06,90,"Collar_38_2026-06-09 12:44:06",0.0069269,"12:44:36","12:43:36","Time changed"
"81A-1767",45,101,6926.9,"01:30","00:25",14,2026-06-09 12:47:07,"2026-06-09 12:48:50",-68.9177570093458,101.345327102804,2.56448598130841,0.709242990654206,20.0577943925234,0.112738317757009,"Fresh",12,"Control",NA,"2026-06-09",12:47:07,60,"Collar_45_2026-06-09 12:47:07",0.0069269,"12:47:37","12:47:07","Time changed"
"81A-1767",41,101,6918.9,"01:30","00:25",13,2026-06-09 13:29:08,"2026-06-09 13:30:50",22.161320754717,101.262264150943,2.66509433962264,-0.531245283018868,146.178433962264,0.0346981132075472,"Fresh",11,"Control",NA,"2026-06-09",13:29:08,60,"Collar_41_2026-06-09 13:29:08",0.0069189,"13:29:38","13:28:38","Time changed"
"81A-1767",42,101,6926.9,"01:30","00:25",13,2026-06-09 13:32:07,"2026-06-09 13:33:49",22.2154716981132,101.27858490566,2.57089622641509,0.502905660377359,11.607641509434,0.0346698113207547,"Fresh",11,"Disturbance",NA,"2026-06-09",13:32:07,60,"Collar_42_2026-06-09 13:32:07",0.0069269,"13:32:07","13:32:07","Time changed"
"81A-1767",43,101,6926.9,"01:30","00:25",14,2026-06-09 13:35:06,"2026-06-09 13:36:49",22.4585981308411,101.293457943925,2.66448598130841,0.508532710280374,146.137121495327,0.0546635514018692,"Fresh",11,"1 µm",NA,"2026-06-09",13:35:06,60,"Collar_43_2026-06-09 13:35:06",0.0069269,"13:35:36","13:35:06","Time changed"
"81A-1767",44,101,6926.9,"01:30","00:25",14,2026-06-09 13:38:06,"2026-06-09 13:39:49",167.183925233645,101.282803738318,2.56542056074766,0.77885046728972,19.666476635514,0.0586355140186916,"Fresh",11,"45 µm",NA,"2026-06-09",13:38:06,60,"Collar_44_2026-06-09 13:38:06",0.0069269,"13:38:36","13:38:06","Time changed"
"81A-1767",40,101,6926.9,"01:30","00:25",13,2026-06-09 13:41:07,"2026-06-09 13:42:49",22.0762264150943,101.278018867925,2.66415094339623,0.775301886792453,141.401132075472,0.130594339622642,"Fresh",10,"45 µm",NA,"2026-06-09",13:41:07,60,"Collar_40_2026-06-09 13:41:07",0.0069269,"13:41:07","13:41:07","Time changed"
"81A-1767",38,101,6926.9,"01:30","00:25",14,2026-06-09 13:44:06,"2026-06-09 13:45:49",-71.9976635514019,101.287570093458,2.66448598130841,-0.528429906542056,74.5568504672897,0.0486822429906542,"Fresh",10,"Disturbance",NA,"2026-06-09",13:44:06,90,"Collar_38_2026-06-09 13:44:06",0.0069269,"13:44:36","13:43:36","Time changed"
"81A-1767",45,101,6926.9,"01:30","00:25",14,2026-06-09 13:47:06,"2026-06-09 13:48:49",-69.0283177570093,101.277009345794,2.56448598130841,0.73014953271028,20.2194485981308,0.114271028037383,"Fresh",12,"Control",NA,"2026-06-09",13:47:06,60,"Collar_45_2026-06-09 13:47:06",0.0069269,"13:47:36","13:47:06","Time changed"
"81A-1767",41,101,6918.9,"01:30","00:25",13,2026-06-09 14:29:08,"2026-06-09 14:30:50",22.722358490566,101.143301886792,2.66509433962264,-0.531933962264151,146.443,0.0345849056603774,"Fresh",11,"Control",NA,"2026-06-09",14:29:08,60,"Collar_41_2026-06-09 14:29:08",0.0069189,"14:29:38","14:28:38","Time changed"
"81A-1767",42,101,6926.9,"01:30","00:25",14,2026-06-09 14:32:07,"2026-06-09 14:33:50",23.1248598130841,101.162523364486,2.56635514018692,0.503252336448598,11.7195700934579,0.0346635514018692,"Fresh",11,"Disturbance",NA,"2026-06-09",14:32:07,60,"Collar_42_2026-06-09 14:32:07",0.0069269,"14:32:07","14:32:07","Time changed"
"81A-1767",43,101,6926.9,"01:30","00:25",14,2026-06-09 14:35:07,"2026-06-09 14:36:50",23.2683177570093,101.167196261682,2.66542056074766,0.508579439252337,146.432448598131,0.0550093457943925,"Fresh",11,"1 µm",NA,"2026-06-09",14:35:07,60,"Collar_43_2026-06-09 14:35:07",0.0069269,"14:35:37","14:35:07","Time changed"
"81A-1767",44,101,6926.9,"01:30","00:25",14,2026-06-09 14:38:08,"2026-06-09 14:39:51",167.560280373832,101.161682242991,2.56542056074766,0.778747663551402,19.813214953271,0.0622616822429907,"Fresh",11,"45 µm",NA,"2026-06-09",14:38:08,60,"Collar_44_2026-06-09 14:38:08",0.0069269,"14:38:38","14:38:08","Time changed"
"81A-1767",40,101,6926.9,"01:30","00:25",13,2026-06-09 14:41:09,"2026-06-09 14:42:51",23.1728301886792,101.15858490566,2.66415094339623,0.776132075471698,141.307301886792,0.130150943396226,"Fresh",10,"45 µm",NA,"2026-06-09",14:41:09,60,"Collar_40_2026-06-09 14:41:09",0.0069269,"14:41:09","14:41:09","Time changed"
"81A-1767",38,101,6926.9,"01:30","00:25",14,2026-06-09 14:44:08,"2026-06-09 14:45:51",-71.7020560747663,101.168691588785,2.66448598130841,-0.525046728971963,74.5682242990654,0.0484766355140187,"Fresh",10,"Disturbance",NA,"2026-06-09",14:44:08,90,"Collar_38_2026-06-09 14:44:08",0.0069269,"14:44:38","14:43:38","Time changed"
"81A-1767",45,101,6926.9,"01:30","00:25",14,2026-06-09 14:47:08,"2026-06-09 14:48:51",-68.8190654205607,101.160560747664,2.56448598130841,0.73014953271028,20.3679626168224,0.111271028037383,"Fresh",12,"Control",NA,"2026-06-09",14:47:08,60,"Collar_45_2026-06-09 14:47:08",0.0069269,"14:47:38","14:47:08","Time changed"
"81A-1767",41,101,6918.9,"01:30","00:25",182,2026-06-09 15:29:08,"2026-06-09 15:33:39",NA,101.680036363636,2.58945454545455,-0.401410909090909,141.398269090909,0.0792109090909091,"Fresh",11,"Control",NA,"2026-06-09",15:29:08,60,"Collar_41_2026-06-09 15:29:08",0.0069189,"15:29:23","15:28:38","Time changed"
"81A-1767",42,101,6926.9,"01:30","00:25",13,2026-06-09 15:34:59,"2026-06-09 15:36:41",22.9829245283019,101.098867924528,2.47958490566038,0.395452830188679,11.8417641509434,0.0343584905660377,"Fresh",11,"Disturbance",NA,"2026-06-09",15:34:59,60,"Collar_42_2026-06-09 15:34:59",0.0069269,"15:34:59","15:34:59","Time changed"
"81A-1767",43,101,6926.9,"01:30","00:25",14,2026-06-09 15:37:58,"2026-06-09 15:39:41",23.0342990654206,101.113271028037,2.57570093457944,0.503252336448598,146.820934579439,0.0545700934579439,"Fresh",11,"1 µm",NA,"2026-06-09",15:37:58,60,"Collar_43_2026-06-09 15:37:58",0.0069269,"15:38:28","15:37:58","Time changed"
"81A-1767",44,101,6926.9,"01:30","00:25",14,2026-06-09 15:40:58,"2026-06-09 15:42:41",168.211401869159,101.103925233645,2.51576635514019,0.75592523364486,19.8826168224299,0.0604299065420561,"Fresh",11,"45 µm",NA,"2026-06-09",15:40:58,60,"Collar_44_2026-06-09 15:40:58",0.0069269,"15:41:28","15:40:58","Time changed"
"81A-1767",40,101,6926.9,"01:30","00:25",13,2026-06-09 15:43:59,"2026-06-09 15:45:41",22.871320754717,101.091320754717,2.66381132075472,0.775716981132076,141.300132075472,0.129820754716981,"Fresh",10,"45 µm",NA,"2026-06-09",15:43:59,60,"Collar_40_2026-06-09 15:43:59",0.0069269,"15:43:59","15:43:59","Time changed"
"81A-1767",38,101,6926.9,"01:30","00:25",14,2026-06-09 15:46:58,"2026-06-09 15:48:41",-71.991308411215,101.093177570093,2.66355140186916,-0.526551401869159,74.5824392523365,0.0484672897196262,"Fresh",10,"Disturbance",NA,"2026-06-09",15:46:58,90,"Collar_38_2026-06-09 15:46:58",0.0069269,"15:47:28","15:46:28","Time changed"
"81A-1767",45,101,6926.9,"01:30","00:25",14,2026-06-09 15:49:58,"2026-06-09 15:51:41",-69.0033644859813,101.081495327103,2.56166355140187,0.742383177570093,20.567,0.111551401869159,"Fresh",12,"Control",NA,"2026-06-09",15:49:58,60,"Collar_45_2026-06-09 15:49:58",0.0069269,"15:50:28","15:49:58","Time changed"
"81A-1767",41,101,6918.9,"01:30","00:25",13,2026-06-09 16:29:08,"2026-06-09 16:30:50",23.2525471698113,101.012641509434,2.66320754716981,-0.531933962264151,146.876962264151,0.0341320754716981,"Fresh",11,"Control",NA,"2026-06-09",16:29:08,60,"Collar_41_2026-06-09 16:29:08",0.0069189,"16:29:38","16:28:38","Time changed"
"81A-1767",42,101,6926.9,"01:30","00:25",13,2026-06-09 16:32:07,"2026-06-09 16:33:49",23.642641509434,101.026132075472,2.56603773584906,0.50488679245283,11.9086037735849,0.0344150943396226,"Fresh",11,"Disturbance",NA,"2026-06-09",16:32:07,60,"Collar_42_2026-06-09 16:32:07",0.0069269,"16:32:07","16:32:07","Time changed"
"81A-1767",43,101,6926.9,"01:30","00:25",14,2026-06-09 16:35:07,"2026-06-09 16:36:50",23.6905607476636,101.04046728972,2.66355140186916,0.502635514018692,146.89346728972,0.0548224299065421,"Fresh",11,"1 µm",NA,"2026-06-09",16:35:07,60,"Collar_43_2026-06-09 16:35:07",0.0069269,"16:35:37","16:35:07","Time changed"
"81A-1767",44,101,6926.9,"01:30","00:25",14,2026-06-09 16:38:07,"2026-06-09 16:39:50",168.317943925234,101.029252336449,2.56261682242991,0.752121495327103,19.982738317757,0.0616542056074766,"Fresh",11,"45 µm",NA,"2026-06-09",16:38:07,60,"Collar_44_2026-06-09 16:38:07",0.0069269,"16:38:37","16:38:07","Time changed"
"81A-1767",40,101,6926.9,"01:30","00:25",13,2026-06-09 16:41:07,"2026-06-09 16:42:49",23.5474528301887,101.019905660377,2.66415094339623,0.77488679245283,141.29520754717,0.129594339622642,"Fresh",10,"45 µm",NA,"2026-06-09",16:41:07,60,"Collar_40_2026-06-09 16:41:07",0.0069269,"16:41:07","16:41:07","Time changed"
"81A-1767",38,101,6926.9,"01:30","00:25",14,2026-06-09 16:44:06,"2026-06-09 16:45:49",-71.8698130841122,101.025327102804,2.66448598130841,-0.524672897196262,74.5884112149533,0.0485981308411215,"Fresh",10,"Disturbance",NA,"2026-06-09",16:44:06,90,"Collar_38_2026-06-09 16:44:06",0.0069269,"16:44:36","16:43:36","Time changed"
"81A-1767",45,101,6926.9,"01:30","00:25",14,2026-06-09 16:47:06,"2026-06-09 16:48:49",-68.8891588785047,101.013271028037,2.56355140186916,0.739775700934579,20.6360747663551,0.110551401869159,"Fresh",12,"Control",NA,"2026-06-09",16:47:06,60,"Collar_45_2026-06-09 16:47:06",0.0069269,"16:47:36","16:47:06","Time changed"
"81A-1767",41,101,6918.9,"01:30","00:25",13,2026-06-09 17:29:08,"2026-06-09 17:30:50",22.728679245283,100.920188679245,2.66319811320755,-0.531933962264151,147.098839622641,0.0339056603773585,"Fresh",11,"Control",NA,"2026-06-09",17:29:08,60,"Collar_41_2026-06-09 17:29:08",0.0069189,"17:29:38","17:28:38","Time changed"
"81A-1767",42,101,6926.9,"01:30","00:25",13,2026-06-09 17:32:09,"2026-06-09 17:33:51",23.1581132075472,100.93,2.56603773584906,0.501915094339623,11.9798113207547,0.0340377358490566,"Fresh",11,"Disturbance",NA,"2026-06-09",17:32:09,60,"Collar_42_2026-06-09 17:32:09",0.0069269,"17:32:09","17:32:09","Time changed"
"81A-1767",43,101,6926.9,"01:30","00:25",14,2026-06-09 17:35:08,"2026-06-09 17:36:51",22.8393457943925,100.949158878505,2.66355140186916,0.484130841121495,147.065102803738,0.0550747663551402,"Fresh",11,"1 µm",NA,"2026-06-09",17:35:08,60,"Collar_43_2026-06-09 17:35:08",0.0069269,"17:35:38","17:35:08","Time changed"
"81A-1767",44,101,6926.9,"01:30","00:25",14,2026-06-09 17:38:10,"2026-06-09 17:39:53",168.234579439252,100.941682242991,2.56258878504673,0.779224299065421,20.0391121495327,0.0607663551401869,"Fresh",11,"45 µm",NA,"2026-06-09",17:38:10,60,"Collar_44_2026-06-09 17:38:10",0.0069269,"17:38:40","17:38:10","Time changed"
"81A-1767",40,101,6926.9,"01:30","00:25",13,2026-06-09 17:41:10,"2026-06-09 17:42:52",22.6368867924528,100.931226415094,2.66664150943396,0.776235849056604,141.388622641509,0.127896226415094,"Fresh",10,"45 µm",NA,"2026-06-09",17:41:10,60,"Collar_40_2026-06-09 17:41:10",0.0069269,"17:41:10","17:41:10","Time changed"
"81A-1767",38,101,6926.9,"01:30","00:25",14,2026-06-09 17:44:10,"2026-06-09 17:45:53",-71.6382242990654,100.935794392523,2.66448598130841,-0.526,74.5513925233645,0.0488691588785047,"Fresh",10,"Disturbance",NA,"2026-06-09",17:44:10,90,"Collar_38_2026-06-09 17:44:10",0.0069269,"17:44:40","17:43:40","Time changed"
"81A-1767",45,101,6926.9,"01:30","00:25",14,2026-06-09 17:47:10,"2026-06-09 17:48:53",-68.7334579439252,100.92785046729,2.56259813084112,0.816364485981308,20.4860654205607,0.116831775700935,"Fresh",12,"Control",NA,"2026-06-09",17:47:10,60,"Collar_45_2026-06-09 17:47:10",0.0069269,"17:47:40","17:47:10","Time changed"
"81A-1767",41,101,6918.9,"01:30","00:25",13,2026-06-09 18:29:08,"2026-06-09 18:30:50",22.1122641509434,100.87679245283,2.65333018867925,-0.531933962264151,146.994830188679,0.0340283018867925,"Fresh",11,"Control",NA,"2026-06-09",18:29:08,60,"Collar_41_2026-06-09 18:29:08",0.0069189,"18:29:38","18:28:38","Time changed"
"81A-1767",42,101,6926.9,"01:30","00:25",14,2026-06-09 18:32:08,"2026-06-09 18:33:51",22.4347663551402,100.895794392523,2.56542056074766,0.492046728971963,11.9745420560748,0.034196261682243,"Fresh",11,"Disturbance",NA,"2026-06-09",18:32:08,60,"Collar_42_2026-06-09 18:32:08",0.0069269,"18:32:08","18:32:08","Time changed"
"81A-1767",43,101,6926.9,"01:30","00:25",14,2026-06-09 18:35:09,"2026-06-09 18:36:52",22.3516822429907,100.89691588785,2.66448598130841,0.477906542056075,146.911542056075,0.0546355140186916,"Fresh",11,"1 µm",NA,"2026-06-09",18:35:09,60,"Collar_43_2026-06-09 18:35:09",0.0069269,"18:35:39","18:35:09","Time changed"
"81A-1767",44,101,6926.9,"01:30","00:25",14,2026-06-09 18:38:11,"2026-06-09 18:39:54",168.995981308411,100.892056074766,2.56148598130841,0.75085046728972,20.0026542056075,0.0572429906542056,"Fresh",11,"45 µm",NA,"2026-06-09",18:38:11,60,"Collar_44_2026-06-09 18:38:11",0.0069269,"18:38:41","18:38:11","Time changed"
"81A-1767",40,101,6926.9,"01:30","00:25",13,2026-06-09 18:41:11,"2026-06-09 18:42:53",22.166320754717,100.884150943396,2.66415094339623,0.775301886792453,141.329009433962,0.127330188679245,"Fresh",10,"45 µm",NA,"2026-06-09",18:41:11,60,"Collar_40_2026-06-09 18:41:11",0.0069269,"18:41:11","18:41:11","Time changed"
"81A-1767",38,101,6926.9,"01:30","00:25",14,2026-06-09 18:44:10,"2026-06-09 18:45:53",-71.4595327102804,100.890186915888,2.66448598130841,-0.528018691588785,74.5619439252336,0.0485981308411215,"Fresh",10,"Disturbance",NA,"2026-06-09",18:44:10,90,"Collar_38_2026-06-09 18:44:10",0.0069269,"18:44:40","18:43:40","Time changed"
"81A-1767",45,101,6926.9,"01:30","00:25",14,2026-06-09 18:47:10,"2026-06-09 18:48:53",-68.58,100.879158878505,2.56355140186916,0.808242990654206,20.3641775700935,0.119345794392523,"Fresh",12,"Control",NA,"2026-06-09",18:47:10,60,"Collar_45_2026-06-09 18:47:10",0.0069269,"18:47:40","18:47:10","Time changed"
"81A-1767",41,101,6918.9,"01:30","00:25",13,2026-06-09 19:29:08,"2026-06-09 19:30:50",21.533679245283,100.835188679245,2.66415094339623,-0.531933962264151,146.720688679245,0.034311320754717,"Fresh",11,"Control",NA,"2026-06-09",19:29:08,60,"Collar_41_2026-06-09 19:29:08",0.0069189,"19:29:38","19:28:38","Time changed"
"81A-1767",42,101,6926.9,"01:30","00:25",13,2026-06-09 19:32:09,"2026-06-09 19:33:51",21.783679245283,100.845566037736,2.56603773584906,0.481688679245283,11.9792358490566,0.0343867924528302,"Fresh",11,"Disturbance",NA,"2026-06-09",19:32:09,60,"Collar_42_2026-06-09 19:32:09",0.0069269,"19:32:09","19:32:09","Time changed"
"81A-1767",43,101,6926.9,"01:30","00:25",14,2026-06-09 19:35:08,"2026-06-09 19:36:51",21.6824299065421,100.856635514019,2.66448598130841,0.469570093457944,146.684570093458,0.0548971962616822,"Fresh",11,"1 µm",NA,"2026-06-09",19:35:08,60,"Collar_43_2026-06-09 19:35:08",0.0069269,"19:35:38","19:35:08","Time changed"
"81A-1767",44,101,6926.9,"01:30","00:25",14,2026-06-09 19:38:10,"2026-06-09 19:39:53",168.485514018692,100.842803738318,2.56448598130841,0.764065420560748,19.980046728972,0.0566915887850467,"Fresh",11,"45 µm",NA,"2026-06-09",19:38:10,60,"Collar_44_2026-06-09 19:38:10",0.0069269,"19:38:40","19:38:10","Time changed"
"81A-1767",40,101,6926.9,"01:30","00:25",13,2026-06-09 19:41:10,"2026-06-09 19:42:52",21.5231132075472,100.834528301887,2.66415094339623,0.774103773584906,141.321452830189,0.127235849056604,"Fresh",10,"45 µm",NA,"2026-06-09",19:41:10,60,"Collar_40_2026-06-09 19:41:10",0.0069269,"19:41:10","19:41:10","Time changed"
"81A-1767",38,101,6926.9,"01:30","00:25",14,2026-06-09 19:44:09,"2026-06-09 19:45:52",-72.2761682242991,100.848224299065,2.66542056074766,-0.530102803738318,74.5681308411215,0.0492242990654206,"Fresh",10,"Disturbance",NA,"2026-06-09",19:44:09,90,"Collar_38_2026-06-09 19:44:09",0.0069269,"19:44:39","19:43:39","Time changed"
"81A-1767",45,101,6926.9,"01:30","00:25",14,2026-06-09 19:47:09,"2026-06-09 19:48:52",-68.282523364486,100.843738317757,2.56355140186916,0.816504672897196,20.2587476635514,0.122140186915888,"Fresh",12,"Control",NA,"2026-06-09",19:47:09,60,"Collar_45_2026-06-09 19:47:09",0.0069269,"19:47:39","19:47:09","Time changed"
"81A-1767",41,101,6918.9,"01:30","00:25",13,2026-06-09 20:29:08,"2026-06-09 20:30:50",21.1766037735849,100.794339622642,2.66381132075472,-0.531933962264151,146.483716981132,0.0345660377358491,"Fresh",11,"Control",NA,"2026-06-09",20:29:08,60,"Collar_41_2026-06-09 20:29:08",0.0069189,"20:29:38","20:28:38","Time changed"
"81A-1767",42,101,6926.9,"01:30","00:25",13,2026-06-09 20:32:09,"2026-06-09 20:33:51",21.3697169811321,100.806037735849,2.56603773584906,0.470056603773585,11.9609433962264,0.0346603773584906,"Fresh",11,"Disturbance",NA,"2026-06-09",20:32:09,60,"Collar_42_2026-06-09 20:32:09",0.0069269,"20:32:09","20:32:09","Time changed"
"81A-1767",43,101,6926.9,"01:30","00:25",14,2026-06-09 20:35:10,"2026-06-09 20:36:53",21.2953271028037,100.819626168224,2.66355140186916,0.461542056074766,146.43338317757,0.0548971962616822,"Fresh",11,"1 µm",NA,"2026-06-09",20:35:10,60,"Collar_43_2026-06-09 20:35:10",0.0069269,"20:35:40","20:35:10","Time changed"
"81A-1767",44,101,6926.9,"01:30","00:25",14,2026-06-09 20:38:11,"2026-06-09 20:39:54",167.889906542056,100.818598130841,2.56036448598131,0.755943925233645,19.9471214953271,0.0546635514018692,"Fresh",11,"45 µm",NA,"2026-06-09",20:38:11,60,"Collar_44_2026-06-09 20:38:11",0.0069269,"20:38:41","20:38:11","Time changed"
"81A-1767",40,101,6926.9,"01:30","00:25",13,2026-06-09 20:41:11,"2026-06-09 20:42:53",21.2116037735849,100.811320754717,2.66415094339623,0.77488679245283,141.427801886792,0.126669811320755,"Fresh",10,"45 µm",NA,"2026-06-09",20:41:11,60,"Collar_40_2026-06-09 20:41:11",0.0069269,"20:41:11","20:41:11","Time changed"
"81A-1767",38,101,6926.9,"01:30","00:25",14,2026-06-09 20:44:10,"2026-06-09 20:45:53",-72.2435514018692,100.815607476636,2.66355140186916,-0.530102803738318,74.5573177570093,0.0489906542056075,"Fresh",10,"Disturbance",NA,"2026-06-09",20:44:10,90,"Collar_38_2026-06-09 20:44:10",0.0069269,"20:44:40","20:43:40","Time changed"
"81A-1767",45,101,6926.9,"01:30","00:25",14,2026-06-09 20:47:10,"2026-06-09 20:48:53",-69.3738317757009,100.805420560748,2.56354205607477,0.773757009345794,20.1646261682243,0.12414953271028,"Fresh",12,"Control",NA,"2026-06-09",20:47:10,60,"Collar_45_2026-06-09 20:47:10",0.0069269,"20:47:40","20:47:10","Time changed"
"81A-1767",41,101,6918.9,"01:30","00:25",13,2026-06-09 21:29:08,"2026-06-09 21:30:50",20.9088679245283,100.745566037736,2.66415094339623,-0.531235849056604,146.157820754717,0.034688679245283,"Fresh",11,"Control",NA,"2026-06-09",21:29:08,60,"Collar_41_2026-06-09 21:29:08",0.0069189,"21:29:38","21:28:38","Time changed"
"81A-1767",42,101,6926.9,"01:30","00:25",14,2026-06-09 21:32:09,"2026-06-09 21:33:52",21.2129906542056,100.76476635514,2.56728971962617,0.465401869158878,11.9347663551402,0.0346822429906542,"Fresh",11,"Disturbance",NA,"2026-06-09",21:32:09,60,"Collar_42_2026-06-09 21:32:09",0.0069269,"21:32:09","21:32:09","Time changed"
"81A-1767",43,101,6926.9,"01:30","00:25",14,2026-06-09 21:35:09,"2026-06-09 21:36:52",21.1480373831776,100.777102803738,2.66542056074766,0.457803738317757,146.152551401869,0.055,"Fresh",11,"1 µm",NA,"2026-06-09",21:35:09,60,"Collar_43_2026-06-09 21:35:09",0.0069269,"21:35:39","21:35:09","Time changed"
"81A-1767",44,101,6926.9,"01:30","00:25",14,2026-06-09 21:38:11,"2026-06-09 21:39:54",167.476635514019,100.779813084112,2.56261682242991,0.752345794392523,19.9336635514019,0.0546915887850467,"Fresh",11,"45 µm",NA,"2026-06-09",21:38:11,60,"Collar_44_2026-06-09 21:38:11",0.0069269,"21:38:41","21:38:11","Time changed"
"81A-1767",40,101,6926.9,"01:30","00:25",13,2026-06-09 21:41:11,"2026-06-09 21:42:53",21.1201886792453,100.781226415094,2.66415094339623,0.77483962264151,141.41691509434,0.126735849056604,"Fresh",10,"45 µm",NA,"2026-06-09",21:41:11,60,"Collar_40_2026-06-09 21:41:11",0.0069269,"21:41:11","21:41:11","Time changed"
"81A-1767",38,101,6926.9,"01:30","00:25",14,2026-06-09 21:44:11,"2026-06-09 21:45:54",-72.1393457943925,100.789906542056,2.66542056074766,-0.530308411214953,74.5510186915888,0.0491214953271028,"Fresh",10,"Disturbance",NA,"2026-06-09",21:44:11,90,"Collar_38_2026-06-09 21:44:11",0.0069269,"21:44:41","21:43:41","Time changed"
"81A-1767",45,101,6926.9,"01:30","00:25",14,2026-06-09 21:47:12,"2026-06-09 21:48:55",-69.2335514018692,100.78046728972,2.56448598130841,0.738990654205607,20.0790747663551,0.125317757009346,"Fresh",12,"Control",NA,"2026-06-09",21:47:12,60,"Collar_45_2026-06-09 21:47:12",0.0069269,"21:47:42","21:47:12","Time changed"
"81A-1767",41,101,6918.9,"01:30","00:25",13,2026-06-09 22:29:08,"2026-06-09 22:30:50",20.9190566037736,100.769811320755,2.66415094339623,-0.531245283018868,145.979254716981,0.0347452830188679,"Fresh",11,"Control",NA,"2026-06-09",22:29:08,60,"Collar_41_2026-06-09 22:29:08",0.0069189,"22:29:38","22:28:38","Time changed"
"81A-1767",42,101,6926.9,"01:30","00:25",13,2026-06-09 22:32:08,"2026-06-09 22:33:50",21.1007547169811,100.79,2.56698113207547,0.462292452830189,11.908,0.0346792452830189,"Fresh",11,"Disturbance",NA,"2026-06-09",22:32:08,60,"Collar_42_2026-06-09 22:32:08",0.0069269,"22:32:08","22:32:08","Time changed"
"81A-1767",43,101,6926.9,"01:30","00:25",14,2026-06-09 22:35:09,"2026-06-09 22:36:52",21.0628971962617,100.813551401869,2.66355140186916,0.453719626168224,145.953542056075,0.0538691588785047,"Fresh",11,"1 µm",NA,"2026-06-09",22:35:09,60,"Collar_43_2026-06-09 22:35:09",0.0069269,"22:35:39","22:35:09","Time changed"
"81A-1767",44,101,6926.9,"01:30","00:25",14,2026-06-09 22:38:10,"2026-06-09 22:39:53",166.874953271028,100.812523364486,2.56448598130841,0.781747663551402,19.8899158878505,0.0565420560747664,"Fresh",11,"45 µm",NA,"2026-06-09",22:38:10,60,"Collar_44_2026-06-09 22:38:10",0.0069269,"22:38:40","22:38:10","Time changed"
"81A-1767",40,101,6926.9,"01:30","00:25",13,2026-06-09 22:41:10,"2026-06-09 22:42:52",21.0402830188679,100.809811320755,2.66415094339623,0.775405660377358,141.411669811321,0.126915094339623,"Fresh",10,"45 µm",NA,"2026-06-09",22:41:10,60,"Collar_40_2026-06-09 22:41:10",0.0069269,"22:41:10","22:41:10","Time changed"
"81A-1767",38,101,6926.9,"01:30","00:25",14,2026-06-09 22:44:09,"2026-06-09 22:45:52",-71.9321495327103,100.821401869159,2.66448598130841,-0.530102803738318,74.5625046728972,0.0490841121495327,"Fresh",10,"Disturbance",NA,"2026-06-09",22:44:09,90,"Collar_38_2026-06-09 22:44:09",0.0069269,"22:44:39","22:43:39","Time changed"
"81A-1767",45,101,6926.9,"01:30","00:25",14,2026-06-09 22:47:10,"2026-06-09 22:48:53",-69.1653271028037,100.818224299065,2.56261682242991,0.709242990654206,20.0049439252336,0.125644859813084,"Fresh",12,"Control",NA,"2026-06-09",22:47:10,60,"Collar_45_2026-06-09 22:47:10",0.0069269,"22:47:40","22:47:10","Time changed"
"81A-1767",41,101,6918.9,"01:30","00:25",13,2026-06-09 23:29:08,"2026-06-09 23:30:50",20.7825471698113,100.779056603774,2.57547169811321,-0.531141509433962,145.784047169811,0.0348207547169811,"Fresh",11,"Control",NA,"2026-06-09",23:29:08,60,"Collar_41_2026-06-09 23:29:08",0.0069189,"23:29:38","23:28:38","Time changed"
"81A-1767",42,101,6926.9,"01:30","00:25",14,2026-06-09 23:32:09,"2026-06-09 23:33:52",20.9752336448598,100.800280373832,2.5295046728972,0.459663551401869,11.8814859813084,0.0347570093457944,"Fresh",11,"Disturbance",NA,"2026-06-09",23:32:09,60,"Collar_42_2026-06-09 23:32:09",0.0069269,"23:32:09","23:32:09","Time changed"
"81A-1767",43,101,6926.9,"01:30","00:25",14,2026-06-09 23:35:11,"2026-06-09 23:36:54",20.966261682243,100.810841121495,2.59207476635514,0.44418691588785,145.791485981308,0.0549532710280374,"Fresh",11,"1 µm",NA,"2026-06-09",23:35:11,60,"Collar_43_2026-06-09 23:35:11",0.0069269,"23:35:41","23:35:11","Time changed"
"81A-1767",44,101,6926.9,"01:30","00:25",14,2026-06-09 23:38:12,"2026-06-09 23:39:55",167.028598130841,100.802429906542,2.54666355140187,0.781214953271028,19.8077476635514,0.0550934579439252,"Fresh",11,"45 µm",NA,"2026-06-09",23:38:12,60,"Collar_44_2026-06-09 23:38:12",0.0069269,"23:38:42","23:38:12","Time changed"
"81A-1767",40,101,6926.9,"01:30","00:25",13,2026-06-09 23:41:13,"2026-06-09 23:42:55",20.8803773584906,100.795,2.66509433962264,0.775518867924528,141.505358490566,0.127047169811321,"Fresh",10,"45 µm",NA,"2026-06-09",23:41:13,60,"Collar_40_2026-06-09 23:41:13",0.0069269,"23:41:13","23:41:13","Time changed"
"81A-1767",38,101,6926.9,"01:30","00:25",14,2026-06-09 23:44:12,"2026-06-09 23:45:55",-72.1523364485981,100.796355140187,2.66355140186916,-0.530205607476636,74.5607570093458,0.0492897196261682,"Fresh",10,"Disturbance",NA,"2026-06-09",23:44:12,90,"Collar_38_2026-06-09 23:44:12",0.0069269,"23:44:42","23:43:42","Time changed"
"81A-1678",29,101,6926.9,"01:30","00:25",12,2026-06-09 00:09:53,"2026-06-09 00:11:34",18.6867619047619,100.408095238095,3.67454285714286,0.50712380952381,94.5899428571429,0.0326,"Salt",8,"Control",NA,"2026-06-09",00:09:53,90,"Collar_29_2026-06-09 00:09:53",0.0069269,"00:09:53","00:09:53",NA
"81A-1678",30,101,6926.9,"01:30","00:25",13,2026-06-09 00:12:52,"2026-06-09 00:14:34",18.96,100.32320754717,5.00157547169811,-0.0584433962264151,57.1907547169811,0.0326792452830189,"Salt",8,"Disturbance",NA,"2026-06-09",00:12:52,90,"Collar_30_2026-06-09 00:12:52",0.0069269,"00:12:52","00:12:52",NA
"81A-1678",31,101,6926.9,"01:30","00:25",12,2026-06-09 00:15:52,"2026-06-09 00:17:33",18.2778095238095,100.297714285714,4.85047619047619,-0.511971428571429,119.134552380952,3.53213333333333,"Salt",8,"1 µm",NA,"2026-06-09",00:15:52,90,"Collar_31_2026-06-09 00:15:52",0.0069269,"00:15:52","00:15:52",NA
"81A-1678",32,101,6926.9,"01:30","00:25",13,2026-06-09 00:18:50,"2026-06-09 00:20:32",-53.7288679245283,100.315566037736,4.94339622641509,-0.532924528301887,22.5373113207547,0.0301509433962264,"Salt",8,"45 µm",NA,"2026-06-09",00:18:50,90,"Collar_32_2026-06-09 00:18:50",0.0069269,"00:18:50","00:18:50",NA
"81A-1678",50,101,6926.9,"01:30","00:25",12,2026-06-09 00:21:51,"2026-06-09 00:23:32",18.1637142857143,100.3,4.95142857142857,0.353085714285714,19.2882761904762,0.0324571428571429,"Salt",NA,"Control",NA,"2026-06-09",00:21:51,90,"Collar_50_2026-06-09 00:21:51",0.0069269,"00:21:51","00:21:51",NA
"81A-1678",51,101,6926.9,"01:30","00:25",13,2026-06-09 00:24:50,"2026-06-09 00:26:32",18.3138679245283,100.314905660377,4.93482075471698,-0.0703301886792453,79.9929905660377,0.0324811320754717,"Salt",NA,"Control",NA,"2026-06-09",00:24:50,90,"Collar_51_2026-06-09 00:24:50",0.0069269,"00:24:50","00:24:50",NA
"81A-1678",52,101,6926.9,"01:30","00:25",13,2026-06-09 00:27:51,"2026-06-09 00:29:33",18.3610377358491,100.318679245283,4.85377358490566,0.366509433962264,93.5713962264151,0.0322547169811321,"Salt",NA,"Control",NA,"2026-06-09",00:27:51,90,"Collar_52_2026-06-09 00:27:51",0.0069269,"00:27:51","00:27:51",NA
"81A-1678",29,101,6926.9,"01:30","00:25",12,2026-06-09 00:30:52,"2026-06-09 00:32:33",18.447619047619,100.36619047619,3.6647619047619,0.5042,94.5847238095238,0.0324,"Salt",8,"Control",NA,"2026-06-09",00:30:52,90,"Collar_29_2026-06-09 00:30:52",0.0069269,"00:30:52","00:30:52",NA
"81A-1678",30,101,6926.9,"01:30","00:25",13,2026-06-09 00:33:52,"2026-06-09 00:35:34",18.8296226415094,100.316226415094,4.95283018867925,-0.0584433962264151,57.1824905660377,0.0324433962264151,"Salt",8,"Disturbance",NA,"2026-06-09",00:33:52,90,"Collar_30_2026-06-09 00:33:52",0.0069269,"00:33:52","00:33:52",NA
"81A-1678",31,101,6926.9,"01:30","00:25",12,2026-06-09 00:36:51,"2026-06-09 00:38:32",18.225619047619,100.29980952381,4.76774285714286,-0.511971428571429,119.202438095238,3.53940952380952,"Salt",8,"1 µm",NA,"2026-06-09",00:36:51,90,"Collar_31_2026-06-09 00:36:51",0.0069269,"00:36:51","00:36:51",NA
"81A-1678",32,101,6926.9,"01:30","00:25",13,2026-06-09 00:39:49,"2026-06-09 00:41:31",-53.5939622641509,100.31679245283,4.93196226415094,-0.532924528301887,22.4773867924528,0.0300188679245283,"Salt",8,"45 µm",NA,"2026-06-09",00:39:49,90,"Collar_32_2026-06-09 00:39:49",0.0069269,"00:39:49","00:39:49",NA
"81A-1678",50,101,6926.9,"01:30","00:25",12,2026-06-09 00:42:50,"2026-06-09 00:44:31",18.0947619047619,100.31,4.94857142857143,0.345495238095238,19.2064666666667,0.032352380952381,"Salt",NA,"Control",NA,"2026-06-09",00:42:50,90,"Collar_50_2026-06-09 00:42:50",0.0069269,"00:42:50","00:42:50",NA
"81A-1678",51,101,6926.9,"01:30","00:25",13,2026-06-09 00:45:50,"2026-06-09 00:47:32",18.346320754717,100.321320754717,4.85662264150943,-0.0703301886792453,79.9828867924528,0.0323490566037736,"Salt",NA,"Control",NA,"2026-06-09",00:45:50,90,"Collar_51_2026-06-09 00:45:50",0.0069269,"00:45:50","00:45:50",NA
"81A-1678",52,101,6926.9,"01:30","00:25",13,2026-06-09 00:48:51,"2026-06-09 00:50:33",18.3564150943396,100.32141509434,4.85377358490566,0.366207547169811,93.5712830188679,0.0323018867924528,"Salt",NA,"Control",NA,"2026-06-09",00:48:51,90,"Collar_52_2026-06-09 00:48:51",0.0069269,"00:48:51","00:48:51",NA
"81A-1678",29,101,6926.9,"01:30","00:25",12,2026-06-09 01:30:51,"2026-06-09 01:32:32",17.8115238095238,100.415904761905,3.68278095238095,0.5004,94.2794285714286,0.0327142857142857,"Salt",8,"Control",NA,"2026-06-09",01:30:51,90,"Collar_29_2026-06-09 01:30:51",0.0069269,"01:30:51","01:30:51",NA
"81A-1678",30,101,6926.9,"01:30","00:25",13,2026-06-09 01:33:49,"2026-06-09 01:35:31",18.148679245283,100.318113207547,5.04339622641509,-0.0587452830188679,57.2589150943396,0.0327075471698113,"Salt",8,"Disturbance",NA,"2026-06-09",01:33:49,90,"Collar_30_2026-06-09 01:33:49",0.0069269,"01:33:49","01:33:49",NA
"81A-1678",31,101,6926.9,"01:30","00:25",12,2026-06-09 01:36:48,"2026-06-09 01:38:29",17.5145714285714,100.309142857143,4.85333333333333,-0.512647619047619,118.774704761905,3.49158095238095,"Salt",8,"1 µm",NA,"2026-06-09",01:36:48,90,"Collar_31_2026-06-09 01:36:48",0.0069269,"01:36:48","01:36:48",NA
"81A-1678",32,101,6926.9,"01:30","00:25",13,2026-06-09 01:39:47,"2026-06-09 01:41:29",-53.5933962264151,100.329056603774,4.95094339622641,-0.532924528301887,22.3036603773585,0.0305471698113208,"Salt",8,"45 µm",NA,"2026-06-09",01:39:47,90,"Collar_32_2026-06-09 01:39:47",0.0069269,"01:39:47","01:39:47",NA
"81A-1678",50,101,6926.9,"01:30","00:25",12,2026-06-09 01:42:48,"2026-06-09 01:44:29",17.4326666666667,100.318,4.95238095238095,0.372419047619048,18.9541428571429,0.0326761904761905,"Salt",NA,"Control",NA,"2026-06-09",01:42:48,90,"Collar_50_2026-06-09 01:42:48",0.0069269,"01:42:48","01:42:48",NA
"81A-1678",51,101,6926.9,"01:30","00:25",13,2026-06-09 01:45:46,"2026-06-09 01:47:28",17.5739622641509,100.319622641509,4.94528301886792,-0.0719905660377358,79.9526037735849,0.0326792452830189,"Salt",NA,"Control",NA,"2026-06-09",01:45:46,90,"Collar_51_2026-06-09 01:45:46",0.0069269,"01:45:46","01:45:46",NA
"81A-1678",52,101,6926.9,"01:30","00:25",13,2026-06-09 01:48:47,"2026-06-09 01:50:29",17.6495283018868,100.317264150943,4.87816981132076,0.360264150943396,93.2762641509434,0.0326981132075472,"Salt",NA,"Control",NA,"2026-06-09",01:48:47,90,"Collar_52_2026-06-09 01:48:47",0.0069269,"01:48:47","01:48:47",NA
"81A-1678",29,101,6926.9,"01:30","00:25",12,2026-06-09 02:30:51,"2026-06-09 02:32:32",17.206380952381,100.353428571429,3.75224761904762,0.497219047619048,94.1940190476191,0.0333809523809524,"Salt",8,"Control",NA,"2026-06-09",02:30:51,90,"Collar_29_2026-06-09 02:30:51",0.0069269,"02:30:51","02:30:51",NA
"81A-1678",30,101,6926.9,"01:30","00:25",13,2026-06-09 02:33:49,"2026-06-09 02:35:31",17.61,100.312452830189,5.05094339622641,-0.0593301886792453,57.4466698113208,0.0334245283018868,"Salt",8,"Disturbance",NA,"2026-06-09",02:33:49,90,"Collar_30_2026-06-09 02:33:49",0.0069269,"02:33:49","02:33:49",NA
"81A-1678",31,101,6926.9,"01:30","00:25",12,2026-06-09 02:36:48,"2026-06-09 02:38:29",16.9787619047619,100.299142857143,4.85333333333333,-0.511342857142857,118.184219047619,3.51469523809524,"Salt",8,"1 µm",NA,"2026-06-09",02:36:48,90,"Collar_31_2026-06-09 02:36:48",0.0069269,"02:36:48","02:36:48",NA
"81A-1678",32,101,6926.9,"01:30","00:25",13,2026-06-09 02:39:46,"2026-06-09 02:41:28",-54.0347169811321,100.316603773585,4.95283018867925,-0.532820754716981,22.1277169811321,0.0311603773584906,"Salt",8,"45 µm",NA,"2026-06-09",02:39:46,90,"Collar_32_2026-06-09 02:39:46",0.0069269,"02:39:46","02:39:46",NA
"81A-1678",50,101,6926.9,"01:30","00:25",12,2026-06-09 02:42:47,"2026-06-09 02:44:28",16.8718095238095,100.317047619048,4.95238095238095,0.371638095238095,18.7131142857143,0.0331904761904762,"Salt",NA,"Control",NA,"2026-06-09",02:42:47,90,"Collar_50_2026-06-09 02:42:47",0.0069269,"02:42:47","02:42:47",NA
"81A-1678",51,101,6926.9,"01:30","00:25",13,2026-06-09 02:45:47,"2026-06-09 02:47:29",16.9509433962264,100.319905660377,4.95,-0.0714245283018868,79.8247641509434,0.0331603773584906,"Salt",NA,"Control",NA,"2026-06-09",02:45:47,90,"Collar_51_2026-06-09 02:45:47",0.0069269,"02:45:47","02:45:47",NA
"81A-1678",52,101,6926.9,"01:30","00:25",13,2026-06-09 02:48:48,"2026-06-09 02:50:30",16.8322641509434,100.321981132075,4.94622641509434,0.357490566037736,93.0763773584906,0.0331981132075472,"Salt",NA,"Control",NA,"2026-06-09",02:48:48,90,"Collar_52_2026-06-09 02:48:48",0.0069269,"02:48:48","02:48:48",NA
"81A-1678",29,101,6926.9,"01:30","00:25",12,2026-06-09 03:30:51,"2026-06-09 03:32:32",16.2298095238095,100.345428571429,3.7638,0.492371428571429,94.2130571428571,0.0339238095238095,"Salt",8,"Control",NA,"2026-06-09",03:30:51,90,"Collar_29_2026-06-09 03:30:51",0.0069269,"03:30:51","03:30:51",NA
"81A-1678",30,101,6926.9,"01:30","00:25",13,2026-06-09 03:33:50,"2026-06-09 03:35:32",16.6854716981132,100.300660377358,5.05188679245283,-0.0600094339622642,57.5375849056604,0.0340094339622642,"Salt",8,"Disturbance",NA,"2026-06-09",03:33:50,90,"Collar_30_2026-06-09 03:33:50",0.0069269,"03:33:50","03:33:50",NA
"81A-1678",31,101,6926.9,"01:30","00:25",12,2026-06-09 03:36:49,"2026-06-09 03:38:30",16.050380952381,100.289523809524,4.85333333333333,-0.51207619047619,117.754980952381,3.51226666666667,"Salt",8,"1 µm",NA,"2026-06-09",03:36:49,90,"Collar_31_2026-06-09 03:36:49",0.0069269,"03:36:49","03:36:49",NA
"81A-1678",32,101,6926.9,"01:30","00:25",13,2026-06-09 03:39:47,"2026-06-09 03:41:29",-53.9219811320755,100.308301886792,4.95283018867925,-0.532820754716981,21.8726603773585,0.0315566037735849,"Salt",8,"45 µm",NA,"2026-06-09",03:39:47,90,"Collar_32_2026-06-09 03:39:47",0.0069269,"03:39:47","03:39:47",NA
"81A-1678",50,101,6926.9,"01:30","00:25",12,2026-06-09 03:42:46,"2026-06-09 03:44:27",15.8882857142857,100.300571428571,4.95238095238095,0.372314285714286,18.4864571428571,0.0337904761904762,"Salt",NA,"Control",NA,"2026-06-09",03:42:46,90,"Collar_50_2026-06-09 03:42:46",0.0069269,"03:42:46","03:42:46",NA
"81A-1678",51,101,6926.9,"01:30","00:25",13,2026-06-09 03:45:46,"2026-06-09 03:47:28",16.0816981132075,100.322547169811,4.95283018867925,-0.072311320754717,79.7537264150943,0.0337641509433962,"Salt",NA,"Control",NA,"2026-06-09",03:45:46,90,"Collar_51_2026-06-09 03:45:46",0.0069269,"03:45:46","03:45:46",NA
"81A-1678",52,101,6926.9,"01:30","00:25",13,2026-06-09 03:48:47,"2026-06-09 03:50:29",15.9055660377358,100.340471698113,4.95094339622641,0.356301886792453,93.0611886792453,0.0337169811320755,"Salt",NA,"Control",NA,"2026-06-09",03:48:47,90,"Collar_52_2026-06-09 03:48:47",0.0069269,"03:48:47","03:48:47",NA
"81A-1678",29,101,6926.9,"01:30","00:25",12,2026-06-09 04:30:51,"2026-06-09 04:32:32",16.2974285714286,100.30019047619,3.76380952380952,0.488619047619048,94.473980952381,0.0346,"Salt",8,"Control",NA,"2026-06-09",04:30:51,90,"Collar_29_2026-06-09 04:30:51",0.0069269,"04:30:51","04:30:51",NA
"81A-1678",30,101,6926.9,"01:30","00:25",13,2026-06-09 04:33:50,"2026-06-09 04:35:32",16.6004716981132,100.259622641509,5.05188679245283,-0.0601037735849057,57.3445377358491,0.0346320754716981,"Salt",8,"Disturbance",NA,"2026-06-09",04:33:50,90,"Collar_30_2026-06-09 04:33:50",0.0069269,"04:33:50","04:33:50",NA
"81A-1678",31,101,6926.9,"01:30","00:25",12,2026-06-09 04:36:49,"2026-06-09 04:38:30",16.1207619047619,100.251428571429,4.85333333333333,-0.51207619047619,116.967885714286,3.5148380952381,"Salt",8,"1 µm",NA,"2026-06-09",04:36:49,90,"Collar_31_2026-06-09 04:36:49",0.0069269,"04:36:49","04:36:49",NA
"81A-1678",32,101,6926.9,"01:30","00:25",13,2026-06-09 04:39:47,"2026-06-09 04:41:29",-53.8500943396226,100.270377358491,4.95283018867925,-0.531933962264151,21.6681603773585,0.0321698113207547,"Salt",8,"45 µm",NA,"2026-06-09",04:39:47,90,"Collar_32_2026-06-09 04:39:47",0.0069269,"04:39:47","04:39:47",NA
"81A-1678",50,101,6926.9,"01:30","00:25",12,2026-06-09 04:42:46,"2026-06-09 04:44:27",16.1098095238095,100.26219047619,4.95238095238095,0.369542857142857,18.2716571428571,0.0345428571428571,"Salt",NA,"Control",NA,"2026-06-09",04:42:46,90,"Collar_50_2026-06-09 04:42:46",0.0069269,"04:42:46","04:42:46",NA
"81A-1678",51,101,6926.9,"01:30","00:25",13,2026-06-09 04:45:44,"2026-06-09 04:47:26",16.2083962264151,100.271698113208,4.95283018867925,-0.072311320754717,79.7057264150943,0.0345188679245283,"Salt",NA,"Control",NA,"2026-06-09",04:45:44,90,"Collar_51_2026-06-09 04:45:44",0.0069269,"04:45:44","04:45:44",NA
"81A-1678",52,101,6926.9,"01:30","00:25",13,2026-06-09 04:48:45,"2026-06-09 04:50:27",16.1792452830189,100.27141509434,4.95094339622641,0.353424528301887,93.0318113207547,0.0344716981132075,"Salt",NA,"Control",NA,"2026-06-09",04:48:45,90,"Collar_52_2026-06-09 04:48:45",0.0069269,"04:48:45","04:48:45",NA
"81A-1678",29,101,6926.9,"01:30","00:25",12,2026-06-09 05:30:51,"2026-06-09 05:32:32",16.4758095238095,100.367714285714,3.76380952380952,0.486028571428571,94.4092380952381,0.0346761904761905,"Salt",8,"Control",NA,"2026-06-09",05:30:51,90,"Collar_29_2026-06-09 05:30:51",0.0069269,"05:30:51","05:30:51",NA
"81A-1678",30,101,6926.9,"01:30","00:25",13,2026-06-09 05:33:49,"2026-06-09 05:35:31",16.907641509434,100.275849056604,5.05188679245283,-0.0602075471698113,53.6899433962264,0.0346792452830189,"Salt",8,"Disturbance",NA,"2026-06-09",05:33:49,90,"Collar_30_2026-06-09 05:33:49",0.0069269,"05:33:49","05:33:49",NA
"81A-1678",31,101,6926.9,"01:30","00:25",12,2026-06-09 05:36:48,"2026-06-09 05:38:29",16.2672380952381,100.265619047619,4.85333333333333,-0.512752380952381,116.975666666667,3.5198,"Salt",8,"1 µm",NA,"2026-06-09",05:36:48,90,"Collar_31_2026-06-09 05:36:48",0.0069269,"05:36:48","05:36:48",NA
"81A-1678",32,101,6926.9,"01:30","00:25",13,2026-06-09 05:39:48,"2026-06-09 05:41:30",-54.2001886792453,100.282735849057,4.95283018867925,-0.531933962264151,21.6275754716981,0.0325943396226415,"Salt",8,"45 µm",NA,"2026-06-09",05:39:48,90,"Collar_32_2026-06-09 05:39:48",0.0069269,"05:39:48","05:39:48",NA
"81A-1678",50,101,6926.9,"01:30","00:25",12,2026-06-09 05:42:47,"2026-06-09 05:44:28",16.3613333333333,100.274285714286,4.95238095238095,0.365485714285714,18.120180952381,0.0346761904761905,"Salt",NA,"Control",NA,"2026-06-09",05:42:47,90,"Collar_50_2026-06-09 05:42:47",0.0069269,"05:42:47","05:42:47",NA
"81A-1678",51,101,6926.9,"01:30","00:25",13,2026-06-09 05:45:47,"2026-06-09 05:47:29",16.5246226415094,100.284433962264,4.95283018867925,-0.0725094339622641,79.6980943396226,0.034622641509434,"Salt",NA,"Control",NA,"2026-06-09",05:45:47,90,"Collar_51_2026-06-09 05:45:47",0.0069269,"05:45:47","05:45:47",NA
"81A-1678",52,101,6926.9,"01:30","00:25",13,2026-06-09 05:48:48,"2026-06-09 05:50:30",16.4499056603774,100.289811320755,4.95283018867925,0.353528301886792,92.9969905660377,0.0346603773584906,"Salt",NA,"Control",NA,"2026-06-09",05:48:48,90,"Collar_52_2026-06-09 05:48:48",0.0069269,"05:48:48","05:48:48","Flux unusable, remove"
"81A-1678",29,101,6926.9,"01:30","00:25",12,2026-06-09 06:30:51,"2026-06-09 06:32:32",17.3466666666667,100.39819047619,3.76380952380952,0.543771428571429,94.1581714285714,0.0348285714285714,"Salt",8,"Control",NA,"2026-06-09",06:30:51,90,"Collar_29_2026-06-09 06:30:51",0.0069269,"06:30:51","06:30:51",NA
"81A-1678",30,101,6926.9,"01:30","00:25",13,2026-06-09 06:33:51,"2026-06-09 06:35:33",17.531320754717,100.363679245283,5.05188679245283,-0.0532735849056604,51.9271320754717,0.0347641509433962,"Salt",8,"Disturbance",NA,"2026-06-09",06:33:51,90,"Collar_30_2026-06-09 06:33:51",0.0069269,"06:33:51","06:33:51",NA
"81A-1678",31,101,6926.9,"01:30","00:25",12,2026-06-09 06:36:52,"2026-06-09 06:38:33",17.086380952381,100.356666666667,4.85333333333333,-0.512647619047619,116.599980952381,3.52521904761905,"Salt",8,"1 µm",NA,"2026-06-09",06:36:52,90,"Collar_31_2026-06-09 06:36:52",0.0069269,"06:36:52","06:36:52",NA
"81A-1678",32,101,6926.9,"01:30","00:25",13,2026-06-09 06:39:52,"2026-06-09 06:41:34",-54.2559433962264,100.341132075472,4.95283018867925,-0.531933962264151,21.5562924528302,0.0330471698113208,"Salt",8,"45 µm",NA,"2026-06-09",06:39:52,90,"Collar_32_2026-06-09 06:39:52",0.0069269,"06:39:52","06:39:52",NA
"81A-1678",50,101,6926.9,"01:30","00:25",12,2026-06-09 06:42:53,"2026-06-09 06:44:34",17.4457142857143,100.306666666667,4.95238095238095,0.377685714285714,18.4259333333333,0.0346952380952381,"Salt",NA,"Control",NA,"2026-06-09",06:42:53,90,"Collar_50_2026-06-09 06:42:53",0.0069269,"06:42:53","06:42:53",NA
"81A-1678",51,101,6926.9,"01:30","00:25",13,2026-06-09 06:45:54,"2026-06-09 06:47:36",17.8042452830189,100.31320754717,4.95283018867925,-0.0634905660377359,79.7509622641509,0.0346792452830189,"Salt",NA,"Control",NA,"2026-06-09",06:45:54,90,"Collar_51_2026-06-09 06:45:54",0.0069269,"06:45:54","06:45:54",NA
"81A-1678",52,101,6926.9,"01:30","00:25",13,2026-06-09 06:48:53,"2026-06-09 06:50:35",17.4831132075472,100.31858490566,4.95,0.387207547169811,93.122820754717,0.0346981132075472,"Salt",NA,"Control",NA,"2026-06-09",06:48:53,90,"Collar_52_2026-06-09 06:48:53",0.0069269,"06:48:53","06:48:53",NA
"81A-1678",29,101,6926.9,"01:30","00:25",12,2026-06-09 07:30:51,"2026-06-09 07:32:32",18.2354285714286,100.360476190476,3.76380952380952,0.550704761904762,92.1877619047619,0.0347238095238095,"Salt",8,"Control",NA,"2026-06-09",07:30:51,90,"Collar_29_2026-06-09 07:30:51",0.0069269,"07:30:51","07:30:51",NA
"81A-1678",30,101,6926.9,"01:30","00:25",13,2026-06-09 07:33:51,"2026-06-09 07:35:33",18.2243396226415,100.315283018868,5.05188679245283,-0.0336792452830189,50.1809716981132,0.0347075471698113,"Salt",8,"Disturbance",NA,"2026-06-09",07:33:51,90,"Collar_30_2026-06-09 07:33:51",0.0069269,"07:33:51","07:33:51",NA
"81A-1678",31,101,6926.9,"01:30","00:25",12,2026-06-09 07:36:51,"2026-06-09 07:38:32",17.8828571428571,100.303619047619,4.85333333333333,-0.511866666666667,116.876447619048,3.52892380952381,"Salt",8,"1 µm",NA,"2026-06-09",07:36:51,90,"Collar_31_2026-06-09 07:36:51",0.0069269,"07:36:51","07:36:51",NA
"81A-1678",32,101,6926.9,"01:30","00:25",13,2026-06-09 07:39:50,"2026-06-09 07:41:32",-54.1614150943396,100.323867924528,4.95283018867925,-0.531933962264151,21.732,0.0326415094339623,"Salt",8,"45 µm",NA,"2026-06-09",07:39:50,90,"Collar_32_2026-06-09 07:39:50",0.0069269,"07:39:50","07:39:50",NA
"81A-1678",50,101,6926.9,"01:30","00:25",12,2026-06-09 07:42:49,"2026-06-09 07:44:30",18.4940952380952,100.309333333333,4.95238095238095,0.380342857142857,19.3518,0.0346952380952381,"Salt",NA,"Control",NA,"2026-06-09",07:42:49,90,"Collar_50_2026-06-09 07:42:49",0.0069269,"07:42:49","07:42:49",NA
"81A-1678",51,101,6926.9,"01:30","00:25",13,2026-06-09 07:45:47,"2026-06-09 07:47:29",18.3140566037736,100.315471698113,4.95283018867925,-0.0625094339622641,79.7763113207547,0.0346792452830189,"Salt",NA,"Control",NA,"2026-06-09",07:45:47,90,"Collar_51_2026-06-09 07:45:47",0.0069269,"07:45:47","07:45:47",NA
"81A-1678",52,101,6926.9,"01:30","00:25",13,2026-06-09 07:48:46,"2026-06-09 07:50:28",18.1495283018868,100.322358490566,4.94716981132076,0.393254716981132,92.9842264150943,0.034688679245283,"Salt",NA,"Control",NA,"2026-06-09",07:48:46,90,"Collar_52_2026-06-09 07:48:46",0.0069269,"07:48:46","07:48:46",NA
"81A-1678",29,101,6926.9,"01:30","00:25",12,2026-06-09 08:30:51,"2026-06-09 08:32:32",18.6120952380952,100.334095238095,3.7638,0.551695238095238,93.0429619047619,0.0346857142857143,"Salt",8,"Control",NA,"2026-06-09",08:30:51,90,"Collar_29_2026-06-09 08:30:51",0.0069269,"08:30:51","08:30:51",NA
"81A-1678",30,101,6926.9,"01:30","00:25",13,2026-06-09 08:33:49,"2026-06-09 08:35:31",18.7716981132075,100.325471698113,5.05094339622641,-0.0297169811320755,85.8879433962264,0.0346792452830189,"Salt",8,"Disturbance",NA,"2026-06-09",08:33:49,90,"Collar_30_2026-06-09 08:33:49",0.0069269,"08:33:49","08:33:49",NA
"81A-1678",31,101,6926.9,"01:30","00:25",12,2026-06-09 08:36:49,"2026-06-09 08:38:30",18.4198095238095,100.272761904762,4.85333333333333,-0.51207619047619,117.031657142857,3.5392,"Salt",8,"1 µm",NA,"2026-06-09",08:36:49,90,"Collar_31_2026-06-09 08:36:49",0.0069269,"08:36:49","08:36:49",NA
"81A-1678",32,101,6926.9,"01:30","00:25",13,2026-06-09 08:39:49,"2026-06-09 08:41:31",-53.9935849056604,100.270471698113,4.95283018867925,-0.531933962264151,21.9171037735849,0.0321320754716981,"Salt",8,"45 µm",NA,"2026-06-09",08:39:49,90,"Collar_32_2026-06-09 08:39:49",0.0069269,"08:39:49","08:39:49",NA
"81A-1678",50,101,6926.9,"01:30","00:25",12,2026-06-09 08:42:49,"2026-06-09 08:44:30",19.003619047619,100.260095238095,4.95238095238095,0.380447619047619,19.4882857142857,0.0346380952380952,"Salt",NA,"Control",NA,"2026-06-09",08:42:49,90,"Collar_50_2026-06-09 08:42:49",0.0069269,"08:42:49","08:42:49",NA
"81A-1678",51,101,6926.9,"01:30","00:25",13,2026-06-09 08:45:47,"2026-06-09 08:47:29",18.9270754716981,100.258113207547,4.95,-0.0633962264150943,79.7314716981132,0.034622641509434,"Salt",NA,"Control",NA,"2026-06-09",08:45:47,90,"Collar_51_2026-06-09 08:45:47",0.0069269,"08:45:47","08:45:47",NA
"81A-1678",52,101,6926.9,"01:30","00:25",13,2026-06-09 08:48:47,"2026-06-09 08:50:29",18.8415094339623,100.25858490566,4.94622641509434,0.39622641509434,93.580858490566,0.0345754716981132,"Salt",NA,"Control",NA,"2026-06-09",08:48:47,90,"Collar_52_2026-06-09 08:48:47",0.0069269,"08:48:47","08:48:47",NA
"81A-1678",29,101,6926.9,"01:30","00:25",12,2026-06-09 09:30:51,"2026-06-09 09:32:32",19.3917142857143,100.310666666667,3.75609523809524,0.553,93.9288571428571,0.0346285714285714,"Salt",8,"Control",NA,"2026-06-09",09:30:51,90,"Collar_29_2026-06-09 09:30:51",0.0069269,"09:30:51","09:30:51",NA
"81A-1678",30,101,6926.9,"01:30","00:25",13,2026-06-09 09:33:51,"2026-06-09 09:35:33",19.6703773584906,100.236509433962,5.04811320754717,-0.0277358490566038,101.902773584906,0.0346509433962264,"Salt",8,"Disturbance",NA,"2026-06-09",09:33:51,90,"Collar_30_2026-06-09 09:33:51",0.0069269,"09:33:51","09:33:51",NA
"81A-1678",31,101,6926.9,"01:30","00:25",12,2026-06-09 09:36:52,"2026-06-09 09:38:33",19.2414285714286,100.236952380952,4.85333333333333,-0.51207619047619,117.135771428571,3.56125714285714,"Salt",8,"1 µm",NA,"2026-06-09",09:36:52,90,"Collar_31_2026-06-09 09:36:52",0.0069269,"09:36:52","09:36:52",NA
"81A-1678",32,101,6926.9,"01:30","00:25",13,2026-06-09 09:39:51,"2026-06-09 09:41:33",-53.9184905660377,100.254528301887,4.95188679245283,-0.532820754716981,22.0626886792453,0.0317264150943396,"Salt",8,"45 µm",NA,"2026-06-09",09:39:51,90,"Collar_32_2026-06-09 09:39:51",0.0069269,"09:39:51","09:39:51",NA
"81A-1678",50,101,6926.9,"01:30","00:25",12,2026-06-09 09:42:50,"2026-06-09 09:44:31",19.8974285714286,100.238285714286,4.95238095238095,0.381038095238095,19.6013523809524,0.0344095238095238,"Salt",NA,"Control",NA,"2026-06-09",09:42:50,90,"Collar_50_2026-06-09 09:42:50",0.0069269,"09:42:50","09:42:50",NA
"81A-1678",51,101,6926.9,"01:30","00:25",13,2026-06-09 09:45:48,"2026-06-09 09:47:30",19.8709433962264,100.246037735849,4.94622641509434,-0.0633962264150943,79.6774622641509,0.0341509433962264,"Salt",NA,"Control",NA,"2026-06-09",09:45:48,90,"Collar_51_2026-06-09 09:45:48",0.0069269,"09:45:48","09:45:48",NA
"81A-1678",52,101,6926.9,"01:30","00:25",13,2026-06-09 09:48:47,"2026-06-09 09:50:29",19.7552830188679,100.245188679245,4.91154716981132,0.398990566037736,93.5147924528302,0.0340377358490566,"Salt",NA,"Control",NA,"2026-06-09",09:48:47,90,"Collar_52_2026-06-09 09:48:47",0.0069269,"09:48:47","09:48:47",NA
"81A-1678",29,101,6926.9,"01:30","00:25",12,2026-06-09 10:30:51,"2026-06-09 10:32:32",21.1049523809524,100.244571428571,3.7436,0.554666666666667,94.0448666666667,0.0338285714285714,"Salt",8,"Control",NA,"2026-06-09",10:30:51,90,"Collar_29_2026-06-09 10:30:51",0.0069269,"10:30:51","10:30:51",NA
"81A-1678",30,101,6926.9,"01:30","00:25",13,2026-06-09 10:33:50,"2026-06-09 10:35:32",21.2248113207547,100.194622641509,5.02233962264151,-0.0188207547169811,104.610764150943,0.0336603773584906,"Salt",8,"Disturbance",NA,"2026-06-09",10:33:50,90,"Collar_30_2026-06-09 10:33:50",0.0069269,"10:33:50","10:33:50",NA
"81A-1678",31,101,6926.9,"01:30","00:25",12,2026-06-09 10:36:49,"2026-06-09 10:38:30",20.8652380952381,100.174571428571,4.85333333333333,-0.51207619047619,117.931742857143,3.59012380952381,"Salt",8,"1 µm",NA,"2026-06-09",10:36:49,90,"Collar_31_2026-06-09 10:36:49",0.0069269,"10:36:49","10:36:49",NA
"81A-1678",32,101,6926.9,"01:30","00:25",13,2026-06-09 10:39:47,"2026-06-09 10:41:29",-52.5030188679245,100.184433962264,4.94339622641509,-0.532820754716981,22.5480754716981,0.0313867924528302,"Salt",8,"45 µm",NA,"2026-06-09",10:39:47,90,"Collar_32_2026-06-09 10:39:47",0.0069269,"10:39:47","10:39:47",NA
"81A-1678",50,101,6926.9,"01:30","00:25",182,2026-06-09 10:42:47,"2026-06-09 10:47:18",NA,100.770690909091,4.97781818181818,0.454618181818182,19.3941963636364,0.0770727272727273,"Salt",NA,"Control",NA,"2026-06-09",10:42:47,90,"Collar_50_2026-06-09 10:42:47",0.0069269,"10:42:47","10:42:47",NA
"81A-1678",51,101,6926.9,"01:30","00:25",13,2026-06-09 10:48:37,"2026-06-09 10:50:19",21.2216981132075,100.176603773585,4.88458490566038,-0.0168018867924528,79.6792641509434,0.0327830188679245,"Salt",NA,"Control",NA,"2026-06-09",10:48:37,90,"Collar_51_2026-06-09 10:48:37",0.0069269,"10:48:37","10:48:37",NA
"81A-1678",52,101,6926.9,"01:30","00:25",13,2026-06-09 10:51:37,"2026-06-09 10:53:19",21.1991509433962,100.168679245283,4.85377358490566,0.401179245283019,93.6419811320755,0.0327358490566038,"Salt",NA,"Control",NA,"2026-06-09",10:51:37,90,"Collar_52_2026-06-09 10:51:37",0.0069269,"10:51:37","10:51:37",NA
"81A-1678",29,101,6926.9,"01:30","00:25",12,2026-06-09 11:30:51,"2026-06-09 11:32:32",21.871619047619,100.199619047619,3.66985714285714,0.556647619047619,94.0990952380952,0.0327333333333333,"Salt",8,"Control",NA,"2026-06-09",11:30:51,90,"Collar_29_2026-06-09 11:30:51",0.0069269,"11:30:51","11:30:51",NA
"81A-1678",30,101,6926.9,"01:30","00:25",13,2026-06-09 11:33:51,"2026-06-09 11:35:33",22.1779245283019,100.130094339623,4.95283018867925,-0.0572358490566038,85.8007735849057,0.0326981132075472,"Salt",8,"Disturbance",NA,"2026-06-09",11:33:51,90,"Collar_30_2026-06-09 11:33:51",0.0069269,"11:33:51","11:33:51",NA
"81A-1678",31,101,6926.9,"01:30","00:25",12,2026-06-09 11:36:51,"2026-06-09 11:38:32",21.6912380952381,100.119428571429,4.84571428571429,-0.512752380952381,118.667476190476,3.58394285714286,"Salt",8,"1 µm",NA,"2026-06-09",11:36:51,90,"Collar_31_2026-06-09 11:36:51",0.0069269,"11:36:51","11:36:51",NA
"81A-1678",32,101,6926.9,"01:30","00:25",13,2026-06-09 11:39:49,"2026-06-09 11:41:31",-53.4039622641509,100.130660377358,4.92341509433962,-0.532924528301887,22.5400754716981,0.0314150943396226,"Salt",8,"45 µm",NA,"2026-06-09",11:39:49,90,"Collar_32_2026-06-09 11:39:49",0.0069269,"11:39:49","11:39:49",NA
"81A-1678",50,101,6926.9,"01:30","00:25",12,2026-06-09 11:42:48,"2026-06-09 11:44:29",22.002,100.116666666667,4.94346666666667,0.382219047619048,19.9581428571429,0.0326857142857143,"Salt",NA,"Control",NA,"2026-06-09",11:42:48,90,"Collar_50_2026-06-09 11:42:48",0.0069269,"11:42:48","11:42:48",NA
"81A-1678",51,101,6926.9,"01:30","00:25",13,2026-06-09 11:45:47,"2026-06-09 11:47:29",22.0618867924528,100.122452830189,4.85377358490566,-0.0624056603773585,79.6628962264151,0.0326698113207547,"Salt",NA,"Control",NA,"2026-06-09",11:45:47,90,"Collar_51_2026-06-09 11:45:47",0.0069269,"11:45:47","11:45:47",NA
"81A-1678",52,101,6926.9,"01:30","00:25",13,2026-06-09 11:48:46,"2026-06-09 11:50:28",22.0584905660377,100.116603773585,4.85377358490566,0.402433962264151,93.9279339622641,0.0326603773584906,"Salt",NA,"Control",NA,"2026-06-09",11:48:46,90,"Collar_52_2026-06-09 11:48:46",0.0069269,"11:48:46","11:48:46",NA
"81A-1678",29,101,6926.9,"01:30","00:25",12,2026-06-09 12:30:51,"2026-06-09 12:32:32",22.3609523809524,100.14380952381,3.6647619047619,0.557638095238095,93.8818380952381,0.032552380952381,"Salt",8,"Control",NA,"2026-06-09",12:30:51,90,"Collar_29_2026-06-09 12:30:51",0.0069269,"12:30:51","12:30:51",NA
"81A-1678",30,101,6926.9,"01:30","00:25",13,2026-06-09 12:33:51,"2026-06-09 12:35:33",22.6899056603774,100.064622641509,4.95283018867925,-0.0564622641509434,86.1163301886792,0.0324905660377358,"Salt",8,"Disturbance",NA,"2026-06-09",12:33:51,90,"Collar_30_2026-06-09 12:33:51",0.0069269,"12:33:51","12:33:51",NA
"81A-1678",31,101,6926.9,"01:30","00:25",12,2026-06-09 12:36:50,"2026-06-09 12:38:31",22.174380952381,100.040761904762,4.7635619047619,-0.512752380952381,119.325723809524,3.58731428571429,"Salt",8,"1 µm",NA,"2026-06-09",12:36:50,90,"Collar_31_2026-06-09 12:36:50",0.0069269,"12:36:50","12:36:50",NA
"81A-1678",32,101,6926.9,"01:30","00:25",13,2026-06-09 12:39:48,"2026-06-09 12:41:30",-53.4338679245283,100.055849056604,4.85377358490566,-0.533594339622642,22.7162169811321,0.0330188679245283,"Salt",8,"45 µm",NA,"2026-06-09",12:39:48,90,"Collar_32_2026-06-09 12:39:48",0.0069269,"12:39:48","12:39:48",NA
"81A-1678",50,101,6926.9,"01:30","00:25",12,2026-06-09 12:42:48,"2026-06-09 12:44:29",22.7157142857143,100.043619047619,4.86704761904762,0.367657142857143,20.1869523809524,0.0321142857142857,"Salt",NA,"Control",NA,"2026-06-09",12:42:48,90,"Collar_50_2026-06-09 12:42:48",0.0069269,"12:42:48","12:42:48",NA
"81A-1678",51,101,6926.9,"01:30","00:25",13,2026-06-09 12:45:47,"2026-06-09 12:47:29",22.7353773584906,100.082735849057,4.85377358490566,-0.062188679245283,79.552,0.0319433962264151,"Salt",NA,"Control",NA,"2026-06-09",12:45:47,90,"Collar_51_2026-06-09 12:45:47",0.0069269,"12:45:47","12:45:47",NA
"81A-1678",52,101,6926.9,"01:30","00:25",12,2026-06-09 12:48:46,"2026-06-09 12:50:27",22.9909523809524,100.040666666667,4.85333333333333,0.405104761904762,93.6214380952381,0.0318380952380952,"Salt",NA,"Control",NA,"2026-06-09",12:48:46,90,"Collar_52_2026-06-09 12:48:46",0.0069269,"12:48:46","12:48:46",NA
"81A-1678",29,101,6926.9,"01:30","00:25",12,2026-06-09 13:30:51,"2026-06-09 13:32:32",22.3130476190476,100.056285714286,3.6647619047619,0.558628571428571,93.1534571428571,0.031647619047619,"Salt",8,"Control",NA,"2026-06-09",13:30:51,90,"Collar_29_2026-06-09 13:30:51",0.0069269,"13:30:51","13:30:51",NA
"81A-1678",30,101,6926.9,"01:30","00:25",13,2026-06-09 13:33:51,"2026-06-09 13:35:33",23.3692452830189,100.003396226415,4.95283018867925,-0.0674622641509434,106.533650943396,0.0317924528301887,"Salt",8,"Disturbance",NA,"2026-06-09",13:33:51,90,"Collar_30_2026-06-09 13:33:51",0.0069269,"13:33:51","13:33:51",NA
"81A-1678",31,101,6926.9,"01:30","00:25",12,2026-06-09 13:36:50,"2026-06-09 13:38:31",22.3031428571429,99.9806666666667,4.75428571428571,-0.51207619047619,119.784761904762,3.58502857142857,"Salt",8,"1 µm",NA,"2026-06-09",13:36:50,90,"Collar_31_2026-06-09 13:36:50",0.0069269,"13:36:50","13:36:50",NA
"81A-1678",32,101,6926.9,"01:30","00:25",13,2026-06-09 13:39:48,"2026-06-09 13:41:30",-53.3534905660377,99.9865094339623,4.85377358490566,-0.533811320754717,22.8843396226415,0.0344245283018868,"Salt",8,"45 µm",NA,"2026-06-09",13:39:48,90,"Collar_32_2026-06-09 13:39:48",0.0069269,"13:39:48","13:39:48",NA
"81A-1678",50,101,6926.9,"01:30","00:25",12,2026-06-09 13:42:48,"2026-06-09 13:44:29",23.0574285714286,99.9929523809524,4.85333333333333,0.382219047619048,20.333219047619,0.0315142857142857,"Salt",NA,"Control",NA,"2026-06-09",13:42:48,90,"Collar_50_2026-06-09 13:42:48",0.0069269,"13:42:48","13:42:48",NA
"81A-1678",51,101,6926.9,"01:30","00:25",13,2026-06-09 13:45:47,"2026-06-09 13:47:29",23.1217924528302,99.9704716981132,4.85377358490566,-0.0617169811320755,79.4698867924528,0.0312924528301887,"Salt",NA,"Control",NA,"2026-06-09",13:45:47,90,"Collar_51_2026-06-09 13:45:47",0.0069269,"13:45:47","13:45:47",NA
"81A-1678",52,101,6926.9,"01:30","00:25",13,2026-06-09 13:48:46,"2026-06-09 13:50:28",23.4251886792453,99.9592452830189,4.85377358490566,0.406820754716981,93.4174622641509,0.0312924528301887,"Salt",NA,"Control",NA,"2026-06-09",13:48:46,90,"Collar_52_2026-06-09 13:48:46",0.0069269,"13:48:46","13:48:46",NA
"81A-1678",29,101,6926.9,"01:30","00:25",12,2026-06-09 14:30:51,"2026-06-09 14:32:32",23.26,99.9414285714286,3.6647619047619,0.560314285714286,91.8784571428571,0.0313333333333333,"Salt",8,"Control",NA,"2026-06-09",14:30:51,90,"Collar_29_2026-06-09 14:30:51",0.0069269,"14:30:51","14:30:51",NA
"81A-1678",30,101,6926.9,"01:30","00:25",13,2026-06-09 14:33:49,"2026-06-09 14:35:31",23.5328301886792,99.8949056603774,4.95283018867925,-0.0683490566037736,92.7457735849057,0.0312641509433962,"Salt",8,"Disturbance",NA,"2026-06-09",14:33:49,90,"Collar_30_2026-06-09 14:33:49",0.0069269,"14:33:49","14:33:49",NA
"81A-1678",31,101,6926.9,"01:30","00:25",12,2026-06-09 14:36:49,"2026-06-09 14:38:30",22.7890476190476,99.882,4.75428571428571,-0.512647619047619,120.122333333333,3.58768571428571,"Salt",8,"1 µm",NA,"2026-06-09",14:36:49,90,"Collar_31_2026-06-09 14:36:49",0.0069269,"14:36:49","14:36:49",NA
"81A-1678",32,101,6926.9,"01:30","00:25",13,2026-06-09 14:39:48,"2026-06-09 14:41:30",-53.3037735849057,99.897641509434,4.85377358490566,-0.533811320754717,23.0576886792453,0.0347735849056604,"Salt",8,"45 µm",NA,"2026-06-09",14:39:48,90,"Collar_32_2026-06-09 14:39:48",0.0069269,"14:39:48","14:39:48",NA
"81A-1678",50,101,6926.9,"01:30","00:25",12,2026-06-09 14:42:48,"2026-06-09 14:44:29",23.0773333333333,99.8850476190476,4.85333333333333,0.380342857142857,20.4793428571429,0.0308571428571429,"Salt",NA,"Control",NA,"2026-06-09",14:42:48,90,"Collar_50_2026-06-09 14:42:48",0.0069269,"14:42:48","14:42:48",NA
"81A-1678",51,101,6926.9,"01:30","00:25",13,2026-06-09 14:45:46,"2026-06-09 14:47:28",23.1610377358491,99.8882075471698,4.85377358490566,-0.0615188679245283,79.2276509433962,0.0308396226415094,"Salt",NA,"Control",NA,"2026-06-09",14:45:46,90,"Collar_51_2026-06-09 14:45:46",0.0069269,"14:45:46","14:45:46",NA
"81A-1678",52,101,6926.9,"01:30","00:25",13,2026-06-09 14:48:46,"2026-06-09 14:50:28",23.3202830188679,99.8800943396226,4.85377358490566,0.4065,94.392641509434,0.0308396226415094,"Salt",NA,"Control",NA,"2026-06-09",14:48:46,90,"Collar_52_2026-06-09 14:48:46",0.0069269,"14:48:46","14:48:46",NA
"81A-1678",29,101,6926.9,"01:30","00:25",12,2026-06-09 15:30:51,"2026-06-09 15:32:32",23.1724761904762,99.8743809523809,3.6647619047619,0.561409523809524,88.2431619047619,0.030952380952381,"Salt",8,"Control",NA,"2026-06-09",15:30:51,90,"Collar_29_2026-06-09 15:30:51",0.0069269,"15:30:51","15:30:51",NA
"81A-1678",30,101,6926.9,"01:30","00:25",13,2026-06-09 15:33:51,"2026-06-09 15:35:33",23.4330188679245,99.8283962264151,4.95283018867925,-0.0694433962264151,82.6597075471698,0.0308301886792453,"Salt",8,"Disturbance",NA,"2026-06-09",15:33:51,90,"Collar_30_2026-06-09 15:33:51",0.0069269,"15:33:51","15:33:51",NA
"81A-1678",31,101,6926.9,"01:30","00:25",12,2026-06-09 15:36:52,"2026-06-09 15:38:33",22.846380952381,99.8161904761905,4.75428571428571,-0.511971428571429,120.444142857143,3.58978095238095,"Salt",8,"1 µm",NA,"2026-06-09",15:36:52,90,"Collar_31_2026-06-09 15:36:52",0.0069269,"15:36:52","15:36:52",NA
"81A-1678",32,101,6926.9,"01:30","00:25",13,2026-06-09 15:39:52,"2026-06-09 15:41:34",-53.3335849056604,99.832358490566,4.85377358490566,-0.533811320754717,23.2093301886792,0.0365660377358491,"Salt",8,"45 µm",NA,"2026-06-09",15:39:52,90,"Collar_32_2026-06-09 15:39:52",0.0069269,"15:39:52","15:39:52",NA
"81A-1678",50,101,6926.9,"01:30","00:25",12,2026-06-09 15:42:51,"2026-06-09 15:44:32",23.3055238095238,99.8547619047619,4.85333333333333,0.380552380952381,20.6563904761905,0.0307619047619048,"Salt",NA,"Control",NA,"2026-06-09",15:42:51,90,"Collar_50_2026-06-09 15:42:51",0.0069269,"15:42:51","15:42:51",NA
"81A-1678",51,101,6926.9,"01:30","00:25",13,2026-06-09 15:45:51,"2026-06-09 15:47:33",23.3172641509434,99.8233962264151,4.85377358490566,-0.0614150943396226,79.1669905660377,0.0307358490566038,"Salt",NA,"Control",NA,"2026-06-09",15:45:51,90,"Collar_51_2026-06-09 15:45:51",0.0069269,"15:45:51","15:45:51",NA
"81A-1678",52,101,6926.9,"01:30","00:25",13,2026-06-09 15:48:51,"2026-06-09 15:50:33",23.3908490566038,99.8188679245283,4.85377358490566,0.40811320754717,94.4129622641509,0.0307358490566038,"Salt",NA,"Control",NA,"2026-06-09",15:48:51,90,"Collar_52_2026-06-09 15:48:51",0.0069269,"15:48:51","15:48:51",NA
"81A-1678",29,101,6926.9,"01:30","00:25",12,2026-06-09 16:30:51,"2026-06-09 16:32:32",23.8017142857143,99.8357142857143,3.6647619047619,0.560609523809524,88.2141238095238,0.0307809523809524,"Salt",8,"Control",NA,"2026-06-09",16:30:51,90,"Collar_29_2026-06-09 16:30:51",0.0069269,"16:30:51","16:30:51",NA
"81A-1678",30,101,6926.9,"01:30","00:25",13,2026-06-09 16:33:51,"2026-06-09 16:35:33",23.9569811320755,99.758679245283,4.95283018867925,-0.0385283018867925,69.5857358490566,0.0307452830188679,"Salt",8,"Disturbance",NA,"2026-06-09",16:33:51,90,"Collar_30_2026-06-09 16:33:51",0.0069269,"16:33:51","16:33:51",NA
"81A-1678",31,101,6926.9,"01:30","00:25",12,2026-06-09 16:36:50,"2026-06-09 16:38:31",23.31,99.7404761904762,4.75428571428571,-0.512752380952381,120.431657142857,3.61027619047619,"Salt",8,"1 µm",NA,"2026-06-09",16:36:50,90,"Collar_31_2026-06-09 16:36:50",0.0069269,"16:36:50","16:36:50",NA
"81A-1678",32,101,6926.9,"01:30","00:25",13,2026-06-09 16:39:49,"2026-06-09 16:41:31",-53.2381132075472,99.7567924528302,4.85377358490566,-0.533811320754717,23.3765566037736,0.0400754716981132,"Salt",8,"45 µm",NA,"2026-06-09",16:39:49,90,"Collar_32_2026-06-09 16:39:49",0.0069269,"16:39:49","16:39:49",NA
"81A-1678",50,101,6926.9,"01:30","00:25",12,2026-06-09 16:42:48,"2026-06-09 16:44:29",23.5285714285714,99.7475238095238,4.85333333333333,0.383209523809524,20.8009714285714,0.0307142857142857,"Salt",NA,"Control",NA,"2026-06-09",16:42:48,90,"Collar_50_2026-06-09 16:42:48",0.0069269,"16:42:48","16:42:48",NA
"81A-1678",51,101,6926.9,"01:30","00:25",13,2026-06-09 16:45:46,"2026-06-09 16:47:28",23.5435849056604,99.7506603773585,4.85377358490566,-0.0614150943396226,79.1509433962264,0.0307075471698113,"Salt",NA,"Control",NA,"2026-06-09",16:45:46,90,"Collar_51_2026-06-09 16:45:46",0.0069269,"16:45:46","16:45:46",NA
"81A-1678",52,101,6926.9,"01:30","00:25",13,2026-06-09 16:48:47,"2026-06-09 16:50:29",23.6882075471698,99.748679245283,4.85188679245283,0.401811320754717,94.3800471698113,0.0307452830188679,"Salt",NA,"Control",NA,"2026-06-09",16:48:47,90,"Collar_52_2026-06-09 16:48:47",0.0069269,"16:48:47","16:48:47",NA
"81A-1678",29,101,6926.9,"01:30","00:25",12,2026-06-09 17:30:51,"2026-06-09 17:32:32",22.6197142857143,99.7244761904762,3.6647619047619,0.559619047619048,88.2183523809524,0.0307142857142857,"Salt",8,"Control",NA,"2026-06-09",17:30:51,90,"Collar_29_2026-06-09 17:30:51",0.0069269,"17:30:51","17:30:51",NA
"81A-1678",30,101,6926.9,"01:30","00:25",13,2026-06-09 17:33:50,"2026-06-09 17:35:32",22.861320754717,99.6804716981132,4.95283018867925,-0.0475471698113208,71.281679245283,0.0307358490566038,"Salt",8,"Disturbance",NA,"2026-06-09",17:33:50,90,"Collar_30_2026-06-09 17:33:50",0.0069269,"17:33:50","17:33:50",NA
"81A-1678",31,101,6926.9,"01:30","00:25",12,2026-06-09 17:36:51,"2026-06-09 17:38:32",22.1611428571429,99.664380952381,4.75428571428571,-0.511971428571429,120.762714285714,3.58909523809524,"Salt",8,"1 µm",NA,"2026-06-09",17:36:51,90,"Collar_31_2026-06-09 17:36:51",0.0069269,"17:36:51","17:36:51",NA
"81A-1678",32,101,6926.9,"01:30","00:25",13,2026-06-09 17:39:49,"2026-06-09 17:41:31",-53.3661320754717,99.6777358490566,4.85377358490566,-0.533811320754717,23.3450188679245,0.0391037735849057,"Salt",8,"45 µm",NA,"2026-06-09",17:39:49,90,"Collar_32_2026-06-09 17:39:49",0.0069269,"17:39:49","17:39:49",NA
"81A-1678",50,101,6926.9,"01:30","00:25",12,2026-06-09 17:42:48,"2026-06-09 17:44:29",22.2488571428571,99.6758095238095,4.85333333333333,0.38232380952381,20.5628285714286,0.0307142857142857,"Salt",NA,"Control",NA,"2026-06-09",17:42:48,90,"Collar_50_2026-06-09 17:42:48",0.0069269,"17:42:48","17:42:48",NA
"81A-1678",51,101,6926.9,"01:30","00:25",13,2026-06-09 17:45:46,"2026-06-09 17:47:28",22.3489622641509,99.6746226415094,4.85377358490566,-0.0643867924528302,79.0283113207547,0.0307075471698113,"Salt",NA,"Control",NA,"2026-06-09",17:45:46,90,"Collar_51_2026-06-09 17:45:46",0.0069269,"17:45:46","17:45:46",NA
"81A-1678",52,101,6926.9,"01:30","00:25",13,2026-06-09 17:48:47,"2026-06-09 17:50:29",22.3533962264151,99.67,4.85377358490566,0.393330188679245,94.2787264150943,0.0306792452830189,"Salt",NA,"Control",NA,"2026-06-09",17:48:47,90,"Collar_52_2026-06-09 17:48:47",0.0069269,"17:48:47","17:48:47",NA
"81A-1678",29,101,6926.9,"01:30","00:25",12,2026-06-09 18:30:51,"2026-06-09 18:32:32",22.2582857142857,99.7297142857143,3.6647619047619,0.558628571428571,88.6326476190476,0.0307714285714286,"Salt",8,"Control",NA,"2026-06-09",18:30:51,90,"Collar_29_2026-06-09 18:30:51",0.0069269,"18:30:51","18:30:51",NA
"81A-1678",30,101,6926.9,"01:30","00:25",13,2026-06-09 18:33:51,"2026-06-09 18:35:33",22.6219811320755,99.6834905660377,4.95283018867925,-0.0505188679245283,67.9756886792453,0.0307735849056604,"Salt",8,"Disturbance",NA,"2026-06-09",18:33:51,90,"Collar_30_2026-06-09 18:33:51",0.0069269,"18:33:51","18:33:51",NA
"81A-1678",31,101,6926.9,"01:30","00:25",12,2026-06-09 18:36:51,"2026-06-09 18:38:32",21.9244761904762,99.6210476190476,4.75428571428571,-0.511866666666667,120.633180952381,3.5894,"Salt",8,"1 µm",NA,"2026-06-09",18:36:51,90,"Collar_31_2026-06-09 18:36:51",0.0069269,"18:36:51","18:36:51",NA
"81A-1678",32,101,6926.9,"01:30","00:25",13,2026-06-09 18:39:49,"2026-06-09 18:41:31",-53.1965094339623,99.6370754716981,4.85377358490566,-0.533811320754717,23.3088301886792,0.0361792452830189,"Salt",8,"45 µm",NA,"2026-06-09",18:39:49,90,"Collar_32_2026-06-09 18:39:49",0.0069269,"18:39:49","18:39:49",NA
"81A-1678",50,101,6926.9,"01:30","00:25",12,2026-06-09 18:42:48,"2026-06-09 18:44:29",21.9622857142857,99.6433333333333,4.85333333333333,0.381542857142857,20.2868095238095,0.0307142857142857,"Salt",NA,"Control",NA,"2026-06-09",18:42:48,90,"Collar_50_2026-06-09 18:42:48",0.0069269,"18:42:48","18:42:48",NA
"81A-1678",51,101,6926.9,"01:30","00:25",13,2026-06-09 18:45:48,"2026-06-09 18:47:30",21.9790566037736,99.6322641509434,4.85377358490566,-0.065377358490566,78.872858490566,0.0307169811320755,"Salt",NA,"Control",NA,"2026-06-09",18:45:48,90,"Collar_51_2026-06-09 18:45:48",0.0069269,"18:45:48","18:45:48",NA
"81A-1678",52,101,6926.9,"01:30","00:25",13,2026-06-09 18:48:47,"2026-06-09 18:50:29",21.9481132075472,99.6253773584906,4.85377358490566,0.394141509433962,94.3032169811321,0.0307358490566038,"Salt",NA,"Control",NA,"2026-06-09",18:48:47,90,"Collar_52_2026-06-09 18:48:47",0.0069269,"18:48:47","18:48:47",NA
"81A-1678",29,101,6926.9,"01:30","00:25",12,2026-06-09 19:30:51,"2026-06-09 19:32:32",21.5772380952381,99.6677142857143,3.6647619047619,0.556952380952381,91.406,0.030847619047619,"Salt",8,"Control",NA,"2026-06-09",19:30:51,90,"Collar_29_2026-06-09 19:30:51",0.0069269,"19:30:51","19:30:51",NA
"81A-1678",30,101,6926.9,"01:30","00:25",13,2026-06-09 19:33:49,"2026-06-09 19:35:31",22.0316037735849,99.6066981132075,4.95283018867925,-0.0525,66.8354716981132,0.0308301886792453,"Salt",8,"Disturbance",NA,"2026-06-09",19:33:49,90,"Collar_30_2026-06-09 19:33:49",0.0069269,"19:33:49","19:33:49",NA
"81A-1678",31,101,6926.9,"01:30","00:25",12,2026-06-09 19:36:49,"2026-06-09 19:38:30",21.4067619047619,99.6060952380952,4.75428571428571,-0.511971428571429,120.391571428571,3.56513333333333,"Salt",8,"1 µm",NA,"2026-06-09",19:36:49,90,"Collar_31_2026-06-09 19:36:49",0.0069269,"19:36:49","19:36:49",NA
"81A-1678",32,101,6926.9,"01:30","00:25",13,2026-06-09 19:39:47,"2026-06-09 19:41:29",-53.1416981132075,99.6146226415094,4.85377358490566,-0.533811320754717,23.2400754716981,0.0344716981132075,"Salt",8,"45 µm",NA,"2026-06-09",19:39:47,90,"Collar_32_2026-06-09 19:39:47",0.0069269,"19:39:47","19:39:47",NA
"81A-1678",50,101,6926.9,"01:30","00:25",12,2026-06-09 19:42:48,"2026-06-09 19:44:29",21.4392380952381,99.5890476190476,4.85333333333333,0.381019047619048,20.1175523809524,0.0307809523809524,"Salt",NA,"Control",NA,"2026-06-09",19:42:48,90,"Collar_50_2026-06-09 19:42:48",0.0069269,"19:42:48","19:42:48",NA
"81A-1678",51,101,6926.9,"01:30","00:25",13,2026-06-09 19:45:48,"2026-06-09 19:47:30",21.5116037735849,99.5965094339623,4.85377358490566,-0.065377358490566,78.8623773584906,0.0307547169811321,"Salt",NA,"Control",NA,"2026-06-09",19:45:48,90,"Collar_51_2026-06-09 19:45:48",0.0069269,"19:45:48","19:45:48",NA
"81A-1678",52,101,6926.9,"01:30","00:25",13,2026-06-09 19:48:49,"2026-06-09 19:50:31",21.4897169811321,99.6488679245283,4.85377358490566,0.39127358490566,95.0705660377358,0.0307735849056604,"Salt",NA,"Control",NA,"2026-06-09",19:48:49,90,"Collar_52_2026-06-09 19:48:49",0.0069269,"19:48:49","19:48:49",NA
"81A-1678",29,101,6926.9,"01:30","00:25",12,2026-06-09 20:30:51,"2026-06-09 20:32:32",21.2665714285714,99.5853333333333,3.6647619047619,0.556752380952381,92.5520571428572,0.0312285714285714,"Salt",8,"Control",NA,"2026-06-09",20:30:51,90,"Collar_29_2026-06-09 20:30:51",0.0069269,"20:30:51","20:30:51",NA
"81A-1678",30,101,6926.9,"01:30","00:25",13,2026-06-09 20:33:51,"2026-06-09 20:35:33",21.6509433962264,99.5383018867925,4.95283018867925,-0.0541698113207547,67.0837075471698,0.0312169811320755,"Salt",8,"Disturbance",NA,"2026-06-09",20:33:51,90,"Collar_30_2026-06-09 20:33:51",0.0069269,"20:33:51","20:33:51",NA
"81A-1678",31,101,6926.9,"01:30","00:25",12,2026-06-09 20:36:51,"2026-06-09 20:38:32",21.146,99.5268571428571,4.75428571428571,-0.51207619047619,120.120952380952,3.5532380952381,"Salt",8,"1 µm",NA,"2026-06-09",20:36:51,90,"Collar_31_2026-06-09 20:36:51",0.0069269,"20:36:51","20:36:51",NA
"81A-1678",32,101,6926.9,"01:30","00:25",13,2026-06-09 20:39:51,"2026-06-09 20:41:33",-53.0817924528302,99.5464150943396,4.85377358490566,-0.533811320754717,23.1465943396226,0.0330283018867925,"Salt",8,"45 µm",NA,"2026-06-09",20:39:51,90,"Collar_32_2026-06-09 20:39:51",0.0069269,"20:39:51","20:39:51",NA
"81A-1678",50,101,6926.9,"01:30","00:25",12,2026-06-09 20:42:50,"2026-06-09 20:44:31",21.184380952381,99.5329523809524,4.85333333333333,0.380342857142857,19.9589714285714,0.0309047619047619,"Salt",NA,"Control",NA,"2026-06-09",20:42:50,90,"Collar_50_2026-06-09 20:42:50",0.0069269,"20:42:50","20:42:50",NA
"81A-1678",51,101,6926.9,"01:30","00:25",13,2026-06-09 20:45:50,"2026-06-09 20:47:32",21.2881132075472,99.5390566037736,4.85377358490566,-0.0663679245283019,78.6300660377358,0.0309056603773585,"Salt",NA,"Control",NA,"2026-06-09",20:45:50,90,"Collar_51_2026-06-09 20:45:50",0.0069269,"20:45:50","20:45:50",NA
"81A-1678",52,101,6926.9,"01:30","00:25",13,2026-06-09 20:48:51,"2026-06-09 20:50:33",21.2914150943396,99.5348113207547,4.85377358490566,0.390179245283019,96.1074339622642,0.0309150943396226,"Salt",NA,"Control",NA,"2026-06-09",20:48:51,90,"Collar_52_2026-06-09 20:48:51",0.0069269,"20:48:51","20:48:51",NA
"81A-1678",29,101,6926.9,"01:30","00:25",12,2026-06-09 21:30:51,"2026-06-09 21:32:32",21.1480952380952,99.6334285714286,3.6647619047619,0.555466666666667,93.1950761904762,0.0314666666666667,"Salt",8,"Control",NA,"2026-06-09",21:30:51,90,"Collar_29_2026-06-09 21:30:51",0.0069269,"21:30:51","21:30:51",NA
"81A-1678",30,101,6926.9,"01:30","00:25",13,2026-06-09 21:33:49,"2026-06-09 21:35:31",21.5421698113208,99.5383962264151,4.95283018867925,-0.0535943396226415,66.2745471698113,0.0314811320754717,"Salt",8,"Disturbance",NA,"2026-06-09",21:33:49,90,"Collar_30_2026-06-09 21:33:49",0.0069269,"21:33:49","21:33:49",NA
"81A-1678",31,101,6926.9,"01:30","00:25",12,2026-06-09 21:36:50,"2026-06-09 21:38:31",20.9479047619048,99.5284761904762,4.75428571428571,-0.498619047619048,118.34719047619,3.55685714285714,"Salt",8,"1 µm",NA,"2026-06-09",21:36:50,90,"Collar_31_2026-06-09 21:36:50",0.0069269,"21:36:50","21:36:50",NA
"81A-1678",32,101,6926.9,"01:30","00:25",13,2026-06-09 21:39:49,"2026-06-09 21:41:31",-52.9616981132075,99.5782075471698,4.85377358490566,-0.533811320754717,23.036320754717,0.0303207547169811,"Salt",8,"45 µm",NA,"2026-06-09",21:39:49,90,"Collar_32_2026-06-09 21:39:49",0.0069269,"21:39:49","21:39:49",NA
"81A-1678",50,101,6926.9,"01:30","00:25",12,2026-06-09 21:42:48,"2026-06-09 21:44:29",21.142,99.5400952380952,4.85333333333333,0.37667619047619,19.8224285714286,0.0310952380952381,"Salt",NA,"Control",NA,"2026-06-09",21:42:48,90,"Collar_50_2026-06-09 21:42:48",0.0069269,"21:42:48","21:42:48",NA
"81A-1678",51,101,6926.9,"01:30","00:25",13,2026-06-09 21:45:48,"2026-06-09 21:47:30",21.1838679245283,99.5505660377358,4.85377358490566,-0.0663679245283019,78.4254528301887,0.0312264150943396,"Salt",NA,"Control",NA,"2026-06-09",21:45:48,90,"Collar_51_2026-06-09 21:45:48",0.0069269,"21:45:48","21:45:48",NA
"81A-1678",52,101,6926.9,"01:30","00:25",13,2026-06-09 21:48:49,"2026-06-09 21:50:31",21.1554716981132,99.5457547169811,4.85377358490566,0.389084905660377,96.0972641509434,0.0311981132075472,"Salt",NA,"Control",NA,"2026-06-09",21:48:49,90,"Collar_52_2026-06-09 21:48:49",0.0069269,"21:48:49","21:48:49",NA
"81A-1678",29,101,6926.9,"01:30","00:25",12,2026-06-09 22:30:51,"2026-06-09 22:32:32",21.0600952380952,99.6395238095238,3.6647619047619,0.553780952380952,93.2245047619048,0.031647619047619,"Salt",8,"Control",NA,"2026-06-09",22:30:51,90,"Collar_29_2026-06-09 22:30:51",0.0069269,"22:30:51","22:30:51",NA
"81A-1678",30,101,6926.9,"01:30","00:25",13,2026-06-09 22:33:49,"2026-06-09 22:35:31",21.4316981132075,99.5652830188679,4.95283018867925,-0.0544811320754717,66.1462075471698,0.0317075471698113,"Salt",8,"Disturbance",NA,"2026-06-09",22:33:49,90,"Collar_30_2026-06-09 22:33:49",0.0069269,"22:33:49","22:33:49",NA
"81A-1678",31,101,6926.9,"01:30","00:25",12,2026-06-09 22:36:49,"2026-06-09 22:38:30",20.8418095238095,99.5550476190476,4.75428571428571,-0.512752380952381,119.825038095238,3.56004761904762,"Salt",8,"1 µm",NA,"2026-06-09",22:36:49,90,"Collar_31_2026-06-09 22:36:49",0.0069269,"22:36:49","22:36:49",NA
"81A-1678",32,101,6926.9,"01:30","00:25",13,2026-06-09 22:39:49,"2026-06-09 22:41:31",-53.5360377358491,99.57,4.85377358490566,-0.533594339622642,23.027179245283,0.0301132075471698,"Salt",8,"45 µm",NA,"2026-06-09",22:39:49,90,"Collar_32_2026-06-09 22:39:49",0.0069269,"22:39:49","22:39:49",NA
"81A-1678",50,101,6926.9,"01:30","00:25",12,2026-06-09 22:42:48,"2026-06-09 22:44:29",20.9541904761905,99.5599047619048,4.85333333333333,0.379352380952381,19.7076857142857,0.0314857142857143,"Salt",NA,"Control",NA,"2026-06-09",22:42:48,90,"Collar_50_2026-06-09 22:42:48",0.0069269,"22:42:48","22:42:48",NA
"81A-1678",51,101,6926.9,"01:30","00:25",13,2026-06-09 22:45:47,"2026-06-09 22:47:29",21.0316981132075,99.6217924528302,4.85377358490566,-0.0664716981132076,78.2820471698113,0.0313867924528302,"Salt",NA,"Control",NA,"2026-06-09",22:45:47,90,"Collar_51_2026-06-09 22:45:47",0.0069269,"22:45:47","22:45:47",NA
"81A-1678",52,101,6926.9,"01:30","00:25",13,2026-06-09 22:48:47,"2026-06-09 22:50:29",21.0205660377359,99.6211320754717,4.85377358490566,0.389188679245283,96.0359056603774,0.031311320754717,"Salt",NA,"Control",NA,"2026-06-09",22:48:47,90,"Collar_52_2026-06-09 22:48:47",0.0069269,"22:48:47","22:48:47",NA
"81A-1678",29,101,6926.9,"01:30","00:25",12,2026-06-09 23:30:51,"2026-06-09 23:32:32",20.9017142857143,99.5702857142857,3.6647619047619,0.553676190476191,93.1642666666667,0.0318952380952381,"Salt",8,"Control",NA,"2026-06-09",23:30:51,90,"Collar_29_2026-06-09 23:30:51",0.0069269,"23:30:51","23:30:51",NA
"81A-1678",30,101,6926.9,"01:30","00:25",13,2026-06-09 23:33:51,"2026-06-09 23:35:33",21.3120754716981,99.522641509434,4.95283018867925,-0.0544811320754717,60.4954905660377,0.0318490566037736,"Salt",8,"Disturbance",NA,"2026-06-09",23:33:51,90,"Collar_30_2026-06-09 23:33:51",0.0069269,"23:33:51","23:33:51",NA
"81A-1678",31,101,6926.9,"01:30","00:25",12,2026-06-09 23:36:50,"2026-06-09 23:38:31",20.7392380952381,99.5104761904762,4.75428571428571,-0.511971428571429,119.671695238095,3.55193333333333,"Salt",8,"1 µm",NA,"2026-06-09",23:36:50,90,"Collar_31_2026-06-09 23:36:50",0.0069269,"23:36:50","23:36:50",NA
"81A-1678",32,101,6926.9,"01:30","00:25",13,2026-06-09 23:39:50,"2026-06-09 23:41:32",-53.4807547169811,99.5227358490566,4.85377358490566,-0.533811320754717,22.9863962264151,0.0301603773584906,"Salt",8,"45 µm",NA,"2026-06-09",23:39:50,90,"Collar_32_2026-06-09 23:39:50",0.0069269,"23:39:50","23:39:50",NA
"81A-1678",50,101,6926.9,"01:30","00:25",12,2026-06-09 23:42:50,"2026-06-09 23:44:31",20.7472380952381,99.5115238095238,4.85333333333333,0.378361904761905,19.6048285714286,0.0316190476190476,"Salt",NA,"Control",NA,"2026-06-09",23:42:50,90,"Collar_50_2026-06-09 23:42:50",0.0069269,"23:42:50","23:42:50",NA
"81A-1678",51,101,6926.9,"01:30","00:25",13,2026-06-09 23:45:50,"2026-06-09 23:47:32",20.8500943396226,99.5239622641509,4.85377358490566,-0.0673584905660377,77.966962264151,0.0316320754716981,"Salt",NA,"Control",NA,"2026-06-09",23:45:50,90,"Collar_51_2026-06-09 23:45:50",0.0069269,"23:45:50","23:45:50",NA
"81A-1652",14,101,6926.9,"01:30","00:25",12,2026-06-09 00:00:31,"2026-06-09 00:02:12",-71.0072380952381,99.6369523809524,5.34857142857143,0.816257142857143,84.8016571428571,0.0397238095238095,"Control",4,"Disturbance",NA,"2026-06-09",00:00:31,60,"Collar_14_2026-06-09 00:00:31",0.0069269,"00:01:01","00:01:01","Time changed"
"81A-1652",15,101,6926.9,"01:30","00:25",12,2026-06-09 00:03:31,"2026-06-09 00:05:12",18.4374285714286,99.6221904761905,5.34857142857143,0.820742857142857,147.707466666667,0.0358571428571429,"Control",4,"1 µm",NA,"2026-06-09",00:03:31,90,"Collar_15_2026-06-09 00:03:31",0.0069269,"00:04:01","00:04:01","Time changed"
"81A-1652",16,101,6926.9,"01:30","00:25",12,2026-06-09 00:06:31,"2026-06-09 00:08:12",18.3997142857143,99.8166666666667,5.15047619047619,0.816152380952381,26.5995619047619,0.0331238095238095,"Control",4,"45 µm",NA,"2026-06-09",00:06:31,90,"Collar_16_2026-06-09 00:06:31",0.0069269,"00:07:01","00:07:01","Time changed"
"81A-1652",13,101,6926.9,"01:30","00:25",12,2026-06-09 00:57:31,"2026-06-09 00:59:12",-69.8401904761905,99.5906666666667,5.30917142857143,0.881057142857143,86.449419047619,0.0308952380952381,"Control",4,"Control",NA,"2026-06-09",00:57:31,90,"Collar_13_2026-06-09 00:57:31",0.0069269,"00:58:01","00:58:01","Time changed"
"81A-1652",14,101,6926.9,"01:30","00:25",12,2026-06-09 01:00:31,"2026-06-09 01:02:12",-71.4854285714286,99.6339047619048,5.35835238095238,0.816361904761905,84.2953047619048,0.0394476190476191,"Control",4,"Disturbance",NA,"2026-06-09",01:00:31,60,"Collar_14_2026-06-09 01:00:31",0.0069269,"01:01:01","01:01:01","Time changed"
"81A-1652",15,101,6926.9,"01:30","00:25",12,2026-06-09 01:03:30,"2026-06-09 01:05:11",17.7386666666667,99.6139047619048,5.34857142857143,0.820742857142857,147.263876190476,0.0359428571428571,"Control",4,"1 µm",NA,"2026-06-09",01:03:30,90,"Collar_15_2026-06-09 01:03:30",0.0069269,"01:04:00","01:04:00","Time changed"
"81A-1652",16,101,6926.9,"01:30","00:25",12,2026-06-09 01:06:28,"2026-06-09 01:08:09",17.8339047619048,99.8067619047619,5.15047619047619,0.816952380952381,26.5729047619048,0.0336571428571429,"Control",4,"45 µm",NA,"2026-06-09",01:06:28,90,"Collar_16_2026-06-09 01:06:28",0.0069269,"01:06:58","01:06:58","Time changed"
"81A-1652",49,101,6926.9,"01:30","00:25",12,2026-06-09 01:09:27,"2026-06-09 01:11:08",17.9068571428571,99.6290476190476,5.38844761904762,0.238704761904762,88.1773333333333,0.0354285714285714,"Control",NA,"Control",NA,"2026-06-09",01:09:27,90,"Collar_49_2026-06-09 01:09:27",0.0069269,"01:09:57","01:09:27","Time changed"
"81A-1652",13,101,6926.9,"01:30","00:25",12,2026-06-09 01:57:31,"2026-06-09 01:59:12",-69.2833333333333,99.5879047619048,5.34664761904762,0.881628571428571,86.4662761904762,0.0312095238095238,"Control",4,"Control",NA,"2026-06-09",01:57:31,90,"Collar_13_2026-06-09 01:57:31",0.0069269,"01:58:01","01:58:01","Time changed"
"81A-1652",14,101,6926.9,"01:30","00:25",12,2026-06-09 02:00:29,"2026-06-09 02:02:10",-71.072,99.6334285714286,5.40629523809524,0.815580952380952,81.690419047619,0.0395809523809524,"Control",4,"Disturbance",NA,"2026-06-09",02:00:29,60,"Collar_14_2026-06-09 02:00:29",0.0069269,"02:00:59","02:00:59","Time changed"
"81A-1652",15,101,6926.9,"01:30","00:25",12,2026-06-09 02:03:27,"2026-06-09 02:05:08",17.1805714285714,99.6168571428571,5.34857142857143,0.822095238095238,147.008066666667,0.0359619047619048,"Control",4,"1 µm",NA,"2026-06-09",02:03:27,90,"Collar_15_2026-06-09 02:03:27",0.0069269,"02:03:57","02:03:57","Time changed"
"81A-1652",16,101,6926.9,"01:30","00:25",12,2026-06-09 02:06:27,"2026-06-09 02:08:08",17.1873333333333,99.8148571428571,5.15047619047619,0.816257142857143,26.3765904761905,0.0339047619047619,"Control",4,"45 µm",NA,"2026-06-09",02:06:27,90,"Collar_16_2026-06-09 02:06:27",0.0069269,"02:06:57","02:06:57","Time changed"
"81A-1652",49,101,6926.9,"01:30","00:25",12,2026-06-09 02:09:27,"2026-06-09 02:11:08",17.3106666666667,99.6300952380952,5.43809523809524,0.2386,88.1907523809524,0.0354666666666667,"Control",NA,"Control",NA,"2026-06-09",02:09:27,90,"Collar_49_2026-06-09 02:09:27",0.0069269,"02:09:57","02:09:27","Time changed"
"81A-1652",13,101,6926.9,"01:30","00:25",12,2026-06-09 02:57:31,"2026-06-09 02:59:12",-69.8613333333333,99.5967619047619,5.34857142857143,0.881733333333333,86.362,0.0318,"Control",4,"Control",NA,"2026-06-09",02:57:31,90,"Collar_13_2026-06-09 02:57:31",0.0069269,"02:58:01","02:58:01","Time changed"
"81A-1652",14,101,6926.9,"01:30","00:25",12,2026-06-09 03:00:31,"2026-06-09 03:02:12",-71.5061904761905,99.6473333333333,5.44284761904762,0.816257142857143,83.6657523809524,0.0391904761904762,"Control",4,"Disturbance",NA,"2026-06-09",03:00:31,60,"Collar_14_2026-06-09 03:00:31",0.0069269,"03:01:01","03:01:01","Time changed"
"81A-1652",15,101,6926.9,"01:30","00:25",12,2026-06-09 03:03:29,"2026-06-09 03:05:10",16.4932380952381,99.6380952380952,5.34857142857143,0.821209523809524,146.635428571429,0.0358095238095238,"Control",4,"1 µm",NA,"2026-06-09",03:03:29,90,"Collar_15_2026-06-09 03:03:29",0.0069269,"03:03:59","03:03:59","Time changed"
"81A-1652",16,101,6926.9,"01:30","00:25",12,2026-06-09 03:06:29,"2026-06-09 03:08:10",16.3726666666667,99.8405714285714,5.15047619047619,0.81547619047619,26.3129428571429,0.0343619047619048,"Control",4,"45 µm",NA,"2026-06-09",03:06:29,90,"Collar_16_2026-06-09 03:06:29",0.0069269,"03:06:59","03:06:59","Time changed"
"81A-1652",49,101,6926.9,"01:30","00:25",12,2026-06-09 03:09:27,"2026-06-09 03:11:08",16.4700952380952,99.6549523809524,5.44095238095238,0.23792380952381,88.1341714285714,0.0357904761904762,"Control",NA,"Control",NA,"2026-06-09",03:09:27,90,"Collar_49_2026-06-09 03:09:27",0.0069269,"03:09:57","03:09:27","Time changed"
"81A-1652",13,101,6926.9,"01:30","00:25",12,2026-06-09 03:57:31,"2026-06-09 03:59:12",-69.1713333333333,99.5728571428571,5.34857142857143,0.881628571428571,86.38,0.0322285714285714,"Control",4,"Control",NA,"2026-06-09",03:57:31,90,"Collar_13_2026-06-09 03:57:31",0.0069269,"03:58:01","03:58:01","Time changed"
"81A-1652",14,101,6926.9,"01:30","00:25",12,2026-06-09 04:00:31,"2026-06-09 04:02:12",-71.0689523809524,99.6159047619048,5.44761904761905,0.816257142857143,76.399019047619,0.0404380952380952,"Control",4,"Disturbance",NA,"2026-06-09",04:00:31,60,"Collar_14_2026-06-09 04:00:31",0.0069269,"04:01:01","04:01:01","Time changed"
"81A-1652",15,101,6926.9,"01:30","00:25",12,2026-06-09 04:03:31,"2026-06-09 04:05:12",15.6453333333333,99.5928571428571,5.34857142857143,0.8218,146.376114285714,0.035952380952381,"Control",4,"1 µm",NA,"2026-06-09",04:03:31,90,"Collar_15_2026-06-09 04:03:31",0.0069269,"04:04:01","04:04:01","Time changed"
"81A-1652",16,101,6926.9,"01:30","00:25",12,2026-06-09 04:06:31,"2026-06-09 04:08:12",15.4957142857143,99.7902857142857,5.18591428571429,0.816152380952381,25.8309238095238,0.0346952380952381,"Control",4,"45 µm",NA,"2026-06-09",04:06:31,90,"Collar_16_2026-06-09 04:06:31",0.0069269,"04:07:01","04:07:01","Time changed"
"81A-1652",49,101,6926.9,"01:30","00:25",12,2026-06-09 04:09:29,"2026-06-09 04:11:10",15.7331428571429,99.6027619047619,5.44571428571429,0.23792380952381,88.1422571428571,0.0362857142857143,"Control",NA,"Control",NA,"2026-06-09",04:09:29,90,"Collar_49_2026-06-09 04:09:29",0.0069269,"04:09:59","04:09:29","Time changed"
"81A-1652",13,101,6926.9,"01:30","00:25",13,2026-06-09 04:57:31,"2026-06-09 04:59:13",-69.9239622641509,99.5478301886792,5.34905660377358,0.881509433962264,86.3423490566038,0.0327264150943396,"Control",4,"Control",NA,"2026-06-09",04:57:31,90,"Collar_13_2026-06-09 04:57:31",0.0069269,"04:58:01","04:58:01","Time changed"
"81A-1652",14,101,6926.9,"01:30","00:25",12,2026-06-09 05:00:30,"2026-06-09 05:02:11",-71.5431428571429,99.5865714285714,5.44761904761905,0.816257142857143,82.3627238095238,0.0384857142857143,"Control",4,"Disturbance",NA,"2026-06-09",05:00:30,60,"Collar_14_2026-06-09 05:00:30",0.0069269,"05:01:00","05:01:00","Time changed"
"81A-1652",15,101,6926.9,"01:30","00:25",12,2026-06-09 05:03:28,"2026-06-09 05:05:09",16.0194285714286,99.572,5.34857142857143,0.820533333333333,145.621847619048,0.0355904761904762,"Control",4,"1 µm",NA,"2026-06-09",05:03:28,90,"Collar_15_2026-06-09 05:03:28",0.0069269,"05:03:58","05:03:58","Time changed"
"81A-1652",16,101,6926.9,"01:30","00:25",12,2026-06-09 05:06:28,"2026-06-09 05:08:09",15.8892380952381,99.7725714285714,5.20029523809524,0.81547619047619,25.7780761904762,0.0347238095238095,"Control",4,"45 µm",NA,"2026-06-09",05:06:28,90,"Collar_16_2026-06-09 05:06:28",0.0069269,"05:06:58","05:06:58","Time changed"
"81A-1652",49,101,6926.9,"01:30","00:25",12,2026-06-09 05:09:26,"2026-06-09 05:11:07",16.114380952381,99.5872380952381,5.44666666666667,0.237714285714286,88.1840952380952,0.0354,"Control",NA,"Control",NA,"2026-06-09",05:09:26,90,"Collar_49_2026-06-09 05:09:26",0.0069269,"05:09:56","05:09:26","Time changed"
"81A-1652",13,101,6926.9,"01:30","00:25",13,2026-06-09 05:57:31,"2026-06-09 05:59:13",-70.7025471698113,99.5765094339623,5.34905660377358,0.881707547169811,86.2578018867924,0.0329245283018868,"Control",4,"Control",NA,"2026-06-09",05:57:31,90,"Collar_13_2026-06-09 05:57:31",0.0069269,"05:58:01","05:58:01","Time changed"
"81A-1652",14,101,6926.9,"01:30","00:25",12,2026-06-09 06:00:30,"2026-06-09 06:02:11",-72.1571428571429,99.611619047619,5.44761904761905,0.816257142857143,74.8260571428571,0.0376190476190476,"Control",4,"Disturbance",NA,"2026-06-09",06:00:30,60,"Collar_14_2026-06-09 06:00:30",0.0069269,"06:01:00","06:01:00","Time changed"
"81A-1652",15,101,6926.9,"01:30","00:25",12,2026-06-09 06:03:28,"2026-06-09 06:05:09",16.194380952381,99.5977142857143,5.3507619047619,0.822095238095238,145.399580952381,0.035647619047619,"Control",4,"1 µm",NA,"2026-06-09",06:03:28,90,"Collar_15_2026-06-09 06:03:28",0.0069269,"06:03:58","06:03:58","Time changed"
"81A-1652",16,101,6926.9,"01:30","00:25",12,2026-06-09 06:06:28,"2026-06-09 06:08:09",16.2284761904762,99.8025714285714,5.21172380952381,0.816952380952381,25.8387904761905,0.0349142857142857,"Control",4,"45 µm",NA,"2026-06-09",06:06:28,90,"Collar_16_2026-06-09 06:06:28",0.0069269,"06:06:58","06:06:58","Time changed"
"81A-1652",49,101,6926.9,"01:30","00:25",12,2026-06-09 06:09:28,"2026-06-09 06:11:09",16.4434285714286,99.6164761904762,5.44761904761905,0.237714285714286,88.1452,0.0352095238095238,"Control",NA,"Control",NA,"2026-06-09",06:09:28,90,"Collar_49_2026-06-09 06:09:28",0.0069269,"06:09:58","06:09:28","Time changed"
"81A-1652",13,101,6926.9,"01:30","00:25",13,2026-06-09 06:57:31,"2026-06-09 06:59:13",-70.4235849056604,99.608679245283,5.34905660377358,0.881707547169811,86.2437075471698,0.0331037735849057,"Control",4,"Control",NA,"2026-06-09",06:57:31,90,"Collar_13_2026-06-09 06:57:31",0.0069269,"06:58:01","06:58:01","Time changed"
"81A-1652",14,101,6926.9,"01:30","00:25",12,2026-06-09 07:00:32,"2026-06-09 07:02:13",-72.2108571428572,99.6444761904762,5.44761904761905,0.816257142857143,72.8724857142857,0.0366380952380952,"Control",4,"Disturbance",NA,"2026-06-09",07:00:32,60,"Collar_14_2026-06-09 07:00:32",0.0069269,"07:01:02","07:01:02","Time changed"
"81A-1652",15,101,6926.9,"01:30","00:25",12,2026-06-09 07:03:32,"2026-06-09 07:05:13",16.9530476190476,99.6261904761905,5.34857142857143,0.821419047619048,144.908028571429,0.0360190476190476,"Control",4,"1 µm",NA,"2026-06-09",07:03:32,90,"Collar_15_2026-06-09 07:03:32",0.0069269,"07:04:02","07:04:02","Time changed"
"81A-1652",16,101,6926.9,"01:30","00:25",12,2026-06-09 07:06:30,"2026-06-09 07:08:11",16.902,99.8330476190476,5.18258095238095,0.815580952380952,25.8807142857143,0.0355714285714286,"Control",4,"45 µm",NA,"2026-06-09",07:06:30,90,"Collar_16_2026-06-09 07:06:30",0.0069269,"07:07:00","07:07:00","Time changed"
"81A-1652",49,101,6926.9,"01:30","00:25",12,2026-06-09 07:09:29,"2026-06-09 07:11:10",17.1089523809524,99.644,5.44761904761905,0.237714285714286,88.116819047619,0.0353619047619048,"Control",NA,"Control",NA,"2026-06-09",07:09:29,90,"Collar_49_2026-06-09 07:09:29",0.0069269,"07:09:59","07:09:29","Time changed"
"81A-1652",13,101,6926.9,"01:30","00:25",12,2026-06-09 07:57:31,"2026-06-09 07:59:12",-70.3031428571429,99.6047619047619,5.34857142857143,0.88027619047619,86.3080380952381,0.0327809523809524,"Control",4,"Control",NA,"2026-06-09",07:57:31,90,"Collar_13_2026-06-09 07:57:31",0.0069269,"07:58:01","07:58:01","Time changed"
"81A-1652",14,101,6926.9,"01:30","00:25",12,2026-06-09 08:00:29,"2026-06-09 08:02:10",-71.9085714285714,99.6525714285714,5.44571428571429,0.815580952380952,81.3937619047619,0.0364,"Control",4,"Disturbance",NA,"2026-06-09",08:00:29,60,"Collar_14_2026-06-09 08:00:29",0.0069269,"08:00:59","08:00:59","Time changed"
"81A-1652",15,101,6926.9,"01:30","00:25",12,2026-06-09 08:03:29,"2026-06-09 08:05:10",17.4228571428571,99.6326666666667,5.34857142857143,0.821419047619048,145.508276190476,0.0353714285714286,"Control",4,"1 µm",NA,"2026-06-09",08:03:29,90,"Collar_15_2026-06-09 08:03:29",0.0069269,"08:03:59","08:03:59","Time changed"
"81A-1652",16,101,6926.9,"01:30","00:25",12,2026-06-09 08:06:29,"2026-06-09 08:08:10",17.3631428571429,99.8358095238095,5.15420952380952,0.816152380952381,25.8801619047619,0.034952380952381,"Control",4,"45 µm",NA,"2026-06-09",08:06:29,90,"Collar_16_2026-06-09 08:06:29",0.0069269,"08:06:59","08:06:59","Time changed"
"81A-1652",49,101,6926.9,"01:30","00:25",12,2026-06-09 08:09:27,"2026-06-09 08:11:08",17.7422857142857,99.6321904761905,5.44761904761905,0.237714285714286,88.1333142857143,0.0350666666666667,"Control",NA,"Control",NA,"2026-06-09",08:09:27,90,"Collar_49_2026-06-09 08:09:27",0.0069269,"08:09:57","08:09:27","Time changed"
"81A-1652",13,101,6926.9,"01:30","00:25",12,2026-06-09 08:57:31,"2026-06-09 08:59:12",-69.482,99.5729523809524,5.34857142857143,0.881628571428571,86.3309428571429,0.0324857142857143,"Control",4,"Control",NA,"2026-06-09",08:57:31,90,"Collar_13_2026-06-09 08:57:31",0.0069269,"08:58:01","08:58:01","Time changed"
"81A-1652",14,101,6926.9,"01:30","00:25",12,2026-06-09 09:00:29,"2026-06-09 09:02:10",-71.2032380952381,99.6169523809524,5.44476190476191,0.816257142857143,82.6022476190476,0.0353428571428571,"Control",4,"Disturbance",NA,"2026-06-09",09:00:29,60,"Collar_14_2026-06-09 09:00:29",0.0069269,"09:00:59","09:00:59","Time changed"
"81A-1652",15,101,6926.9,"01:30","00:25",12,2026-06-09 09:03:27,"2026-06-09 09:05:08",18.6618095238095,99.5987619047619,5.34857142857143,0.8218,145.927304761905,0.0350285714285714,"Control",4,"1 µm",NA,"2026-06-09",09:03:27,90,"Collar_15_2026-06-09 09:03:27",0.0069269,"09:03:57","09:03:57","Time changed"
"81A-1652",16,101,6926.9,"01:30","00:25",12,2026-06-09 09:06:27,"2026-06-09 09:08:08",18.7220952380952,99.8047619047619,5.15047619047619,0.816257142857143,26.0069619047619,0.0347142857142857,"Control",4,"45 µm",NA,"2026-06-09",09:06:27,90,"Collar_16_2026-06-09 09:06:27",0.0069269,"09:06:57","09:06:57","Time changed"
"81A-1652",49,101,6926.9,"01:30","00:25",12,2026-06-09 09:09:27,"2026-06-09 09:11:08",18.921619047619,99.6084761904762,5.44095238095238,0.236933333333333,88.1688857142857,0.0347714285714286,"Control",NA,"Control",NA,"2026-06-09",09:09:27,90,"Collar_49_2026-06-09 09:09:27",0.0069269,"09:09:57","09:09:27","Time changed"
"81A-1652",13,101,6926.9,"01:30","00:25",12,2026-06-09 09:57:31,"2026-06-09 09:59:12",-69.6482857142857,99.5293333333333,5.34666666666667,0.881733333333333,83.5044476190476,0.033,"Control",4,"Control",NA,"2026-06-09",09:57:31,90,"Collar_13_2026-06-09 09:57:31",0.0069269,"09:58:01","09:58:01","Time changed"
"81A-1652",14,101,6926.9,"01:30","00:25",12,2026-06-09 10:00:30,"2026-06-09 10:02:11",-71.4332380952381,99.5772380952381,5.40053333333333,0.816257142857143,78.8239333333333,0.0339714285714286,"Control",4,"Disturbance",NA,"2026-06-09",10:00:30,60,"Collar_14_2026-06-09 10:00:30",0.0069269,"10:01:00","10:01:00","Time changed"
"81A-1652",15,101,6926.9,"01:30","00:25",12,2026-06-09 10:03:30,"2026-06-09 10:05:11",20.3399047619048,99.5568571428571,5.34857142857143,0.821419047619048,146.463628571429,0.0348380952380952,"Control",4,"1 µm",NA,"2026-06-09",10:03:30,90,"Collar_15_2026-06-09 10:03:30",0.0069269,"10:04:00","10:04:00","Time changed"
"81A-1652",16,101,6926.9,"01:30","00:25",12,2026-06-09 10:06:28,"2026-06-09 10:08:09",20.5524761904762,99.7647619047619,5.15047619047619,0.816257142857143,25.8575619047619,0.0344857142857143,"Control",4,"45 µm",NA,"2026-06-09",10:06:28,90,"Collar_16_2026-06-09 10:06:28",0.0069269,"10:06:58","10:06:58","Time changed"
"81A-1652",49,101,6926.9,"01:30","00:25",32,2026-06-09 10:09:27,"2026-06-09 10:11:28",20.70304,99.714,5.391624,0.582808,83.07404,0.129784,"Control",NA,"Control",NA,"2026-06-09",10:09:27,90,"Collar_49_2026-06-09 10:09:27",0.0069269,"10:09:57","10:09:27","Time changed"
"81A-1652",13,101,6926.9,"01:30","00:25",13,2026-06-09 10:57:31,"2026-06-09 10:59:13",-68.6278301886793,99.4656603773585,5.26094339622642,0.8825,85.8600660377358,0.0360377358490566,"Control",4,"Control",NA,"2026-06-09",10:57:31,90,"Collar_13_2026-06-09 10:57:31",0.0069269,"10:58:01","10:58:01","Time changed"
"81A-1652",14,101,6926.9,"01:30","00:25",12,2026-06-09 11:00:30,"2026-06-09 11:02:11",-70.2981904761905,99.5014285714286,5.34857142857143,0.816257142857143,81.6682666666667,0.0332952380952381,"Control",4,"Disturbance",NA,"2026-06-09",11:00:30,60,"Collar_14_2026-06-09 11:00:30",0.0069269,"11:01:00","11:01:00","Time changed"
"81A-1652",15,101,6926.9,"01:30","00:25",12,2026-06-09 11:03:30,"2026-06-09 11:05:11",23.2058095238095,99.4769523809524,5.34857142857143,0.822095238095238,147.547914285714,0.034152380952381,"Control",4,"1 µm",NA,"2026-06-09",11:03:30,90,"Collar_15_2026-06-09 11:03:30",0.0069269,"11:04:00","11:04:00","Time changed"
"81A-1652",16,101,6926.9,"01:30","00:25",12,2026-06-09 11:06:30,"2026-06-09 11:08:11",22.7886666666667,99.6802857142857,5.15047619047619,0.816466666666667,26.0069904761905,0.0351809523809524,"Control",4,"45 µm",NA,"2026-06-09",11:06:30,90,"Collar_16_2026-06-09 11:06:30",0.0069269,"11:07:00","11:07:00","Time changed"
"81A-1652",49,101,6926.9,"01:30","00:25",12,2026-06-09 11:09:29,"2026-06-09 11:11:10",23.6864761904762,99.4864761904762,5.34857142857143,0.237609523809524,88.2144857142857,0.0339333333333333,"Control",NA,"Control",NA,"2026-06-09",11:09:29,90,"Collar_49_2026-06-09 11:09:29",0.0069269,"11:09:59","11:09:29","Time changed"
"81A-1652",13,101,6926.9,"01:30","00:25",13,2026-06-09 11:57:31,"2026-06-09 11:59:13",-68.8854716981132,99.4166981132075,5.25,0.882698113207547,85.6997735849057,0.0388207547169811,"Control",4,"Control",NA,"2026-06-09",11:57:31,90,"Collar_13_2026-06-09 11:57:31",0.0069269,"11:58:01","11:58:01","Time changed"
"81A-1652",14,101,6926.9,"01:30","00:25",12,2026-06-09 12:00:32,"2026-06-09 12:02:13",-70.822,99.4497142857143,5.34857142857143,0.816571428571429,81.5627809523809,0.0337428571428571,"Control",4,"Disturbance",NA,"2026-06-09",12:00:32,60,"Collar_14_2026-06-09 12:00:32",0.0069269,"12:01:02","12:01:02","Time changed"
"81A-1652",15,101,6926.9,"01:30","00:25",12,2026-06-09 12:03:32,"2026-06-09 12:05:13",24.5549523809524,99.4264761904762,5.34476190476191,0.821419047619048,148.423161904762,0.0349333333333333,"Control",4,"1 µm",NA,"2026-06-09",12:03:32,90,"Collar_15_2026-06-09 12:03:32",0.0069269,"12:04:02","12:04:02","Time changed"
"81A-1652",16,101,6926.9,"01:30","00:25",12,2026-06-09 12:06:32,"2026-06-09 12:08:13",23.909619047619,99.6275238095238,5.15047619047619,0.816466666666667,26.0604857142857,0.0363619047619048,"Control",4,"45 µm",NA,"2026-06-09",12:06:32,90,"Collar_16_2026-06-09 12:06:32",0.0069269,"12:07:02","12:07:02","Time changed"
"81A-1652",49,101,6926.9,"01:30","00:25",12,2026-06-09 12:09:30,"2026-06-09 12:11:11",24.3464761904762,99.4302857142857,5.34857142857143,0.236933333333333,88.2356571428571,0.0344,"Control",NA,"Control",NA,"2026-06-09",12:09:30,90,"Collar_49_2026-06-09 12:09:30",0.0069269,"12:10:00","12:09:30","Time changed"
"81A-1652",13,101,6926.9,"01:30","00:25",12,2026-06-09 12:57:31,"2026-06-09 12:59:12",-68.9711428571429,99.3438095238095,5.24952380952381,0.881942857142857,83.6996952380952,0.0416761904761905,"Control",4,"Control",NA,"2026-06-09",12:57:31,90,"Collar_13_2026-06-09 12:57:31",0.0069269,"12:58:01","12:58:01","Time changed"
"81A-1652",14,101,6926.9,"01:30","00:25",12,2026-06-09 13:00:29,"2026-06-09 13:02:10",-70.6092380952381,99.3860952380952,5.34857142857143,0.817352380952381,83.8292666666667,0.0342285714285714,"Control",4,"Disturbance",NA,"2026-06-09",13:00:29,60,"Collar_14_2026-06-09 13:00:29",0.0069269,"13:00:59","13:00:59","Time changed"
"81A-1652",15,101,6926.9,"01:30","00:25",12,2026-06-09 13:03:27,"2026-06-09 13:05:08",24.6981904761905,99.3637142857143,5.29464761904762,0.821409523809524,149.446285714286,0.0357238095238095,"Control",4,"1 µm",NA,"2026-06-09",13:03:27,90,"Collar_15_2026-06-09 13:03:27",0.0069269,"13:03:57","13:03:57","Time changed"
"81A-1652",16,101,6926.9,"01:30","00:25",12,2026-06-09 13:06:25,"2026-06-09 13:08:06",23.7393333333333,99.5690476190476,5.15047619047619,0.817142857142857,25.9056285714286,0.0363809523809524,"Control",4,"45 µm",NA,"2026-06-09",13:06:25,90,"Collar_16_2026-06-09 13:06:25",0.0069269,"13:06:55","13:06:55","Time changed"
"81A-1652",49,101,6926.9,"01:30","00:25",12,2026-06-09 13:09:25,"2026-06-09 13:11:06",23.7794285714286,99.373619047619,5.34857142857143,0.23672380952381,88.2482095238095,0.0338952380952381,"Control",NA,"Control",NA,"2026-06-09",13:09:25,90,"Collar_49_2026-06-09 13:09:25",0.0069269,"13:09:55","13:09:25","Time changed"
"81A-1652",13,101,6926.9,"01:30","00:25",182,2026-06-09 13:57:31,"2026-06-09 14:01:52",NA,100.182938931298,5.29580152671756,0.913595419847328,82.0621984732824,0.0790152671755725,"Control",4,"Control",NA,"2026-06-09",13:57:31,90,"Collar_13_2026-06-09 13:57:31",0.0069269,"13:58:01","13:58:01","Flux unusable, remove"
"81A-1652",14,101,6926.9,"01:30","00:25",12,2026-06-09 14:03:20,"2026-06-09 14:05:01",-70.4490476190476,99.2547619047619,5.34571428571429,0.824161904761905,76.6863333333333,0.0338952380952381,"Control",4,"Disturbance",NA,"2026-06-09",14:03:20,60,"Collar_14_2026-06-09 14:03:20",0.0069269,"14:03:50","14:03:50","Time changed"
"81A-1652",15,101,6926.9,"01:30","00:25",12,2026-06-09 14:06:18,"2026-06-09 14:07:59",24.1754285714286,99.2271428571429,5.24952380952381,0.822095238095238,150.027238095238,0.035247619047619,"Control",4,"1 µm",NA,"2026-06-09",14:06:18,90,"Collar_15_2026-06-09 14:06:18",0.0069269,"14:06:48","14:06:48","Time changed"
"81A-1652",16,101,6926.9,"01:30","00:25",12,2026-06-09 14:09:18,"2026-06-09 14:10:59",23.8685714285714,99.4122857142857,5.13612380952381,0.816466666666667,26.0438285714286,0.0359428571428571,"Control",4,"45 µm",NA,"2026-06-09",14:09:18,90,"Collar_16_2026-06-09 14:09:18",0.0069269,"14:09:48","14:09:48","Time changed"
"81A-1652",49,101,6926.9,"01:30","00:25",12,2026-06-09 14:12:16,"2026-06-09 14:13:57",24.2841904761905,99.2287619047619,5.34666666666667,0.23672380952381,88.2207047619048,0.0338380952380952,"Control",NA,"Control",NA,"2026-06-09",14:12:16,90,"Collar_49_2026-06-09 14:12:16",0.0069269,"14:12:46","14:12:16","Time changed"
"81A-1652",13,101,6926.9,"01:30","00:25",13,2026-06-09 14:57:31,"2026-06-09 14:59:13",-68.5356603773585,99.1509433962264,5.25,0.8825,84.0307641509434,0.0412830188679245,"Control",4,"Control",NA,"2026-06-09",14:57:31,90,"Collar_13_2026-06-09 14:57:31",0.0069269,"14:58:01","14:58:01","Time changed"
"81A-1652",14,101,6926.9,"01:30","00:25",12,2026-06-09 15:00:30,"2026-06-09 15:02:11",-70.6663809523809,99.1821904761905,5.34666666666667,0.81667619047619,78.0422952380952,0.0342857142857143,"Control",4,"Disturbance",NA,"2026-06-09",15:00:30,60,"Collar_14_2026-06-09 15:00:30",0.0069269,"15:01:00","15:01:00","Time changed"
"81A-1652",15,101,6926.9,"01:30","00:25",12,2026-06-09 15:03:28,"2026-06-09 15:05:09",24.5210476190476,99.1603809523809,5.24952380952381,0.821419047619048,150.184666666667,0.0350285714285714,"Control",4,"1 µm",NA,"2026-06-09",15:03:28,90,"Collar_15_2026-06-09 15:03:28",0.0069269,"15:03:58","15:03:58","Time changed"
"81A-1652",16,101,6926.9,"01:30","00:25",12,2026-06-09 15:06:28,"2026-06-09 15:08:09",24.2659047619048,99.3464761904762,5.08817142857143,0.816466666666667,26.6162,0.0359619047619048,"Control",4,"45 µm",NA,"2026-06-09",15:06:28,90,"Collar_16_2026-06-09 15:06:28",0.0069269,"15:06:58","15:06:58","Time changed"
"81A-1652",49,101,6926.9,"01:30","00:25",12,2026-06-09 15:09:26,"2026-06-09 15:11:07",24.7314285714286,99.1634285714286,5.33965714285714,0.235933333333333,88.2342380952381,0.0341333333333333,"Control",NA,"Control",NA,"2026-06-09",15:09:26,90,"Collar_49_2026-06-09 15:09:26",0.0069269,"15:09:56","15:09:26","Time changed"
"81A-1652",13,101,6926.9,"01:30","00:25",13,2026-06-09 15:57:31,"2026-06-09 15:59:13",-67.983679245283,99.0887735849057,5.24905660377358,0.882698113207547,86.0668113207547,0.0422075471698113,"Control",4,"Control",NA,"2026-06-09",15:57:31,90,"Collar_13_2026-06-09 15:57:31",0.0069269,"15:58:01","15:58:01","Time changed"
"81A-1652",14,101,6926.9,"01:30","00:25",12,2026-06-09 16:00:30,"2026-06-09 16:02:11",-69.9408571428571,99.1198095238095,5.34666666666667,0.817247619047619,78.5515523809524,0.0349809523809524,"Control",4,"Disturbance",NA,"2026-06-09",16:00:30,60,"Collar_14_2026-06-09 16:00:30",0.0069269,"16:01:00","16:01:00","Time changed"
"81A-1652",15,101,6926.9,"01:30","00:25",12,2026-06-09 16:03:30,"2026-06-09 16:05:11",24.9802857142857,99.0992380952381,5.24952380952381,0.822095238095238,150.412742857143,0.0349238095238095,"Control",4,"1 µm",NA,"2026-06-09",16:03:30,90,"Collar_15_2026-06-09 16:03:30",0.0069269,"16:04:00","16:04:00","Time changed"
"81A-1652",16,101,6926.9,"01:30","00:25",12,2026-06-09 16:06:30,"2026-06-09 16:08:11",24.7255238095238,99.29,5.05142857142857,0.816466666666667,26.6598285714286,0.0364285714285714,"Control",4,"45 µm",NA,"2026-06-09",16:06:30,90,"Collar_16_2026-06-09 16:06:30",0.0069269,"16:07:00","16:07:00","Time changed"
"81A-1652",49,101,6926.9,"01:30","00:25",12,2026-06-09 16:09:28,"2026-06-09 16:11:09",24.8635238095238,99.1114285714286,5.33904761904762,0.235733333333333,88.2676285714286,0.0338095238095238,"Control",NA,"Control",NA,"2026-06-09",16:09:28,90,"Collar_49_2026-06-09 16:09:28",0.0069269,"16:09:58","16:09:28","Time changed"
"81A-1652",13,101,6926.9,"01:30","00:25",13,2026-06-09 16:57:31,"2026-06-09 16:59:13",-68.5893396226415,99.0157547169811,5.24811320754717,0.882698113207547,86.0232924528302,0.0420754716981132,"Control",4,"Control",NA,"2026-06-09",16:57:31,90,"Collar_13_2026-06-09 16:57:31",0.0069269,"16:58:01","16:58:01","Time changed"
"81A-1652",14,101,6926.9,"01:30","00:25",12,2026-06-09 17:00:30,"2026-06-09 17:02:11",-70.4609523809524,99.0404761904762,5.3438,0.816571428571429,76.3750476190476,0.0354571428571429,"Control",4,"Disturbance",NA,"2026-06-09",17:00:30,60,"Collar_14_2026-06-09 17:00:30",0.0069269,"17:01:00","17:01:00","Time changed"
"81A-1652",15,101,6926.9,"01:30","00:25",12,2026-06-09 17:03:30,"2026-06-09 17:05:11",24.9708571428571,99.0182857142857,5.24952380952381,0.822095238095238,150.758180952381,0.0351428571428571,"Control",4,"1 µm",NA,"2026-06-09",17:03:30,90,"Collar_15_2026-06-09 17:03:30",0.0069269,"17:04:00","17:04:00","Time changed"
"81A-1652",16,101,6926.9,"01:30","00:25",12,2026-06-09 17:06:30,"2026-06-09 17:08:11",24.6117142857143,99.204,5.05142857142857,0.816466666666667,26.6303333333333,0.0361428571428571,"Control",4,"45 µm",NA,"2026-06-09",17:06:30,90,"Collar_16_2026-06-09 17:06:30",0.0069269,"17:07:00","17:07:00","Time changed"
"81A-1652",49,101,6926.9,"01:30","00:25",12,2026-06-09 17:09:28,"2026-06-09 17:11:09",24.5965714285714,99.02,5.33809523809524,0.234742857142857,88.2303238095238,0.0339428571428571,"Control",NA,"Control",NA,"2026-06-09",17:09:28,90,"Collar_49_2026-06-09 17:09:28",0.0069269,"17:09:58","17:09:28","Time changed"
"81A-1652",13,101,6926.9,"01:30","00:25",12,2026-06-09 17:57:31,"2026-06-09 17:59:12",-69.0184761904762,98.938,5.24952380952381,0.881733333333333,86.0339428571428,0.0392285714285714,"Control",4,"Control",NA,"2026-06-09",17:57:31,90,"Collar_13_2026-06-09 17:57:31",0.0069269,"17:58:01","17:58:01","Time changed"
"81A-1652",14,101,6926.9,"01:30","00:25",12,2026-06-09 18:00:29,"2026-06-09 18:02:10",-70.8092380952381,98.9752380952381,5.34,0.817257142857143,78.1162952380952,0.0370190476190476,"Control",4,"Disturbance",NA,"2026-06-09",18:00:29,60,"Collar_14_2026-06-09 18:00:29",0.0069269,"18:00:59","18:00:59","Time changed"
"81A-1652",15,101,6926.9,"01:30","00:25",12,2026-06-09 18:03:27,"2026-06-09 18:05:08",23.6973333333333,98.9568571428571,5.24952380952381,0.822790476190476,150.643304761905,0.0357904761904762,"Control",4,"1 µm",NA,"2026-06-09",18:03:27,90,"Collar_15_2026-06-09 18:03:27",0.0069269,"18:03:57","18:03:57","Time changed"
"81A-1652",16,101,6926.9,"01:30","00:25",12,2026-06-09 18:06:27,"2026-06-09 18:08:08",23.6707619047619,99.1442857142857,5.05142857142857,0.817142857142857,26.5417047619048,0.0344952380952381,"Control",4,"45 µm",NA,"2026-06-09",18:06:27,90,"Collar_16_2026-06-09 18:06:27",0.0069269,"18:06:57","18:06:57","Time changed"
"81A-1652",49,101,6926.9,"01:30","00:25",12,2026-06-09 18:09:26,"2026-06-09 18:11:07",23.8839047619048,98.9600952380952,5.33870476190476,0.234742857142857,88.2513142857143,0.0338190476190476,"Control",NA,"Control",NA,"2026-06-09",18:09:26,90,"Collar_49_2026-06-09 18:09:26",0.0069269,"18:09:56","18:09:26","Time changed"
"81A-1652",13,101,6926.9,"01:30","00:25",12,2026-06-09 18:57:31,"2026-06-09 18:59:12",-68.6379047619048,98.8985714285714,5.24857142857143,0.882619047619048,86.0299142857143,0.0365142857142857,"Control",4,"Control",NA,"2026-06-09",18:57:31,90,"Collar_13_2026-06-09 18:57:31",0.0069269,"18:58:01","18:58:01","Time changed"
"81A-1652",14,101,6926.9,"01:30","00:25",12,2026-06-09 19:00:31,"2026-06-09 19:02:12",-70.286,98.9445714285714,5.34285714285714,0.817247619047619,78.3088095238095,0.0373904761904762,"Control",4,"Disturbance",NA,"2026-06-09",19:00:31,60,"Collar_14_2026-06-09 19:00:31",0.0069269,"19:01:01","19:01:01","Time changed"
"81A-1652",15,101,6926.9,"01:30","00:25",12,2026-06-09 19:03:31,"2026-06-09 19:05:12",22.5901904761905,98.9308571428571,5.24952380952381,0.822095238095238,150.44599047619,0.0358380952380952,"Control",4,"1 µm",NA,"2026-06-09",19:03:31,90,"Collar_15_2026-06-09 19:03:31",0.0069269,"19:04:01","19:04:01","Time changed"
"81A-1652",16,101,6926.9,"01:30","00:25",12,2026-06-09 19:06:31,"2026-06-09 19:08:12",22.4709523809524,99.1234285714286,5.05142857142857,0.816257142857143,27.5280285714286,0.0335142857142857,"Control",4,"45 µm",NA,"2026-06-09",19:06:31,90,"Collar_16_2026-06-09 19:06:31",0.0069269,"19:07:01","19:07:01","Time changed"
"81A-1652",49,101,6926.9,"01:30","00:25",12,2026-06-09 19:09:31,"2026-06-09 19:11:12",22.6450476190476,98.9447619047619,5.33904761904762,0.234066666666667,88.2416190476191,0.0343333333333333,"Control",NA,"Control",NA,"2026-06-09",19:09:31,90,"Collar_49_2026-06-09 19:09:31",0.0069269,"19:10:01","19:09:31","Time changed"
"81A-1652",13,101,6926.9,"01:30","00:25",12,2026-06-09 19:57:31,"2026-06-09 19:59:12",-69.2373333333333,98.8700952380952,5.24952380952381,0.881057142857143,86.0194095238095,0.0360380952380952,"Control",4,"Control",NA,"2026-06-09",19:57:31,90,"Collar_13_2026-06-09 19:57:31",0.0069269,"19:58:01","19:58:01","Time changed"
"81A-1652",14,101,6926.9,"01:30","00:25",12,2026-06-09 20:00:29,"2026-06-09 20:02:10",-70.8336190476191,98.9080952380952,5.34666666666667,0.816571428571429,81.0459428571429,0.0378952380952381,"Control",4,"Disturbance",NA,"2026-06-09",20:00:29,60,"Collar_14_2026-06-09 20:00:29",0.0069269,"20:00:59","20:00:59","Time changed"
"81A-1652",15,101,6926.9,"01:30","00:25",12,2026-06-09 20:03:29,"2026-06-09 20:05:10",21.9889523809524,98.8862857142857,5.24952380952381,0.822095238095238,149.952266666667,0.0357047619047619,"Control",4,"1 µm",NA,"2026-06-09",20:03:29,90,"Collar_15_2026-06-09 20:03:29",0.0069269,"20:03:59","20:03:59","Time changed"
"81A-1652",16,101,6926.9,"01:30","00:25",12,2026-06-09 20:06:29,"2026-06-09 20:08:10",21.8311428571429,99.0741904761905,5.05142857142857,0.816466666666667,27.7316571428571,0.0330761904761905,"Control",4,"45 µm",NA,"2026-06-09",20:06:29,90,"Collar_16_2026-06-09 20:06:29",0.0069269,"20:06:59","20:06:59","Time changed"
"81A-1652",49,101,6926.9,"01:30","00:25",12,2026-06-09 20:09:27,"2026-06-09 20:11:08",22.1110476190476,98.8918095238095,5.34190476190476,0.234742857142857,88.2368095238095,0.0345619047619048,"Control",NA,"Control",NA,"2026-06-09",20:09:27,90,"Collar_49_2026-06-09 20:09:27",0.0069269,"20:09:57","20:09:27","Time changed"
"81A-1652",13,101,6926.9,"01:30","00:25",13,2026-06-09 20:57:31,"2026-06-09 20:59:13",-68.547641509434,98.8219811320755,5.25,0.881811320754717,86.0122830188679,0.034877358490566,"Control",4,"Control",NA,"2026-06-09",20:57:31,90,"Collar_13_2026-06-09 20:57:31",0.0069269,"20:58:01","20:58:01","Time changed"
"81A-1652",14,101,6926.9,"01:30","00:25",12,2026-06-09 21:00:30,"2026-06-09 21:02:11",-70.3552380952381,98.8581904761905,5.34857142857143,0.816257142857143,81.1034761904762,0.0372285714285714,"Control",4,"Disturbance",NA,"2026-06-09",21:00:30,60,"Collar_14_2026-06-09 21:00:30",0.0069269,"21:01:00","21:01:00","Time changed"
"81A-1652",15,101,6926.9,"01:30","00:25",12,2026-06-09 21:03:30,"2026-06-09 21:05:11",21.7037142857143,98.846,5.24952380952381,0.822095238095238,149.387733333333,0.0357904761904762,"Control",4,"1 µm",NA,"2026-06-09",21:03:30,90,"Collar_15_2026-06-09 21:03:30",0.0069269,"21:04:00","21:04:00","Time changed"
"81A-1652",16,101,6926.9,"01:30","00:25",12,2026-06-09 21:06:30,"2026-06-09 21:08:11",21.6274285714286,99.0418095238095,5.05457142857143,0.816466666666667,27.8026095238095,0.0330285714285714,"Control",4,"45 µm",NA,"2026-06-09",21:06:30,90,"Collar_16_2026-06-09 21:06:30",0.0069269,"21:07:00","21:07:00","Time changed"
"81A-1652",49,101,6926.9,"01:30","00:25",12,2026-06-09 21:09:28,"2026-06-09 21:11:09",21.7990476190476,98.8485714285714,5.34666666666667,0.234638095238095,88.2419428571429,0.0344095238095238,"Control",NA,"Control",NA,"2026-06-09",21:09:28,90,"Collar_49_2026-06-09 21:09:28",0.0069269,"21:09:58","21:09:28","Time changed"
"81A-1652",13,101,6926.9,"01:30","00:25",12,2026-06-09 21:57:31,"2026-06-09 21:59:12",-69.142380952381,98.8246666666667,5.24952380952381,0.881733333333333,86.0568285714286,0.0352285714285714,"Control",4,"Control",NA,"2026-06-09",21:57:31,90,"Collar_13_2026-06-09 21:57:31",0.0069269,"21:58:01","21:58:01","Time changed"
"81A-1652",14,101,6926.9,"01:30","00:25",12,2026-06-09 22:00:30,"2026-06-09 22:02:11",-70.8572380952381,98.8698095238095,5.34857142857143,0.816571428571429,80.6156666666667,0.0372190476190476,"Control",4,"Disturbance",NA,"2026-06-09",22:00:30,60,"Collar_14_2026-06-09 22:00:30",0.0069269,"22:01:00","22:01:00","Time changed"
"81A-1652",15,101,6926.9,"01:30","00:25",12,2026-06-09 22:03:28,"2026-06-09 22:05:09",21.56,98.8429523809524,5.24952380952381,0.822095238095238,149.222457142857,0.0355619047619048,"Control",4,"1 µm",NA,"2026-06-09",22:03:28,90,"Collar_15_2026-06-09 22:03:28",0.0069269,"22:03:58","22:03:58","Time changed"
"81A-1652",16,101,6926.9,"01:30","00:25",12,2026-06-09 22:06:28,"2026-06-09 22:08:09",21.4406666666667,99.0449523809524,5.0696,0.816466666666667,28.028580952381,0.0332285714285714,"Control",4,"45 µm",NA,"2026-06-09",22:06:28,90,"Collar_16_2026-06-09 22:06:28",0.0069269,"22:06:58","22:06:58","Time changed"
"81A-1652",49,101,6926.9,"01:30","00:25",12,2026-06-09 22:09:28,"2026-06-09 22:11:09",21.6182857142857,98.868,5.34761904761905,0.233752380952381,88.2413047619048,0.0345047619047619,"Control",NA,"Control",NA,"2026-06-09",22:09:28,90,"Collar_49_2026-06-09 22:09:28",0.0069269,"22:09:58","22:09:28","Time changed"
"81A-1652",13,101,6926.9,"01:30","00:25",12,2026-06-09 22:57:31,"2026-06-09 22:59:12",-69.4519047619048,98.848,5.24952380952381,0.881733333333333,86.0390761904762,0.0345428571428571,"Control",4,"Control",NA,"2026-06-09",22:57:31,90,"Collar_13_2026-06-09 22:57:31",0.0069269,"22:58:01","22:58:01","Time changed"
"81A-1652",14,101,6926.9,"01:30","00:25",12,2026-06-09 23:00:31,"2026-06-09 23:02:12",-70.1702857142857,98.8821904761905,5.34857142857143,0.816571428571429,79.0368571428571,0.0377047619047619,"Control",4,"Disturbance",NA,"2026-06-09",23:00:31,60,"Collar_14_2026-06-09 23:00:31",0.0069269,"23:01:01","23:01:01","Time changed"
"81A-1652",15,101,6926.9,"01:30","00:25",12,2026-06-09 23:03:30,"2026-06-09 23:05:11",21.176,98.8655238095238,5.24952380952381,0.822095238095238,149.033742857143,0.0356285714285714,"Control",4,"1 µm",NA,"2026-06-09",23:03:30,90,"Collar_15_2026-06-09 23:03:30",0.0069269,"23:04:00","23:04:00","Time changed"
"81A-1652",16,101,6926.9,"01:30","00:25",12,2026-06-09 23:06:30,"2026-06-09 23:08:11",21.0652380952381,99.0581904761905,5.09402857142857,0.817142857142857,28.4658,0.0329142857142857,"Control",4,"45 µm",NA,"2026-06-09",23:06:30,90,"Collar_16_2026-06-09 23:06:30",0.0069269,"23:07:00","23:07:00","Time changed"
"81A-1652",49,101,6926.9,"01:30","00:25",12,2026-06-09 23:09:30,"2026-06-09 23:11:11",21.2728571428571,98.8721904761905,5.34857142857143,0.233752380952381,88.231419047619,0.0348857142857143,"Control",NA,"Control",NA,"2026-06-09",23:09:30,90,"Collar_49_2026-06-09 23:09:30",0.0069269,"23:10:00","23:09:30","Time changed"
"81A-1652",13,101,6926.9,"01:30","00:25",12,2026-06-09 23:57:31,"2026-06-09 23:59:12",-69.1565714285714,98.8002857142857,5.24952380952381,0.881733333333333,86.0340571428571,0.034247619047619,"Control",4,"Control",NA,"2026-06-09",23:57:31,90,"Collar_13_2026-06-09 23:57:31",0.0069269,"23:58:01","23:58:01","Time changed"
