"label","StartTime","Plot","TIMESTAMP","HM81_AIC","HM81_flux.estimate","HM81_p.value","HM81_r.squared","HM81_RMSE","lin_AIC","lin_flux.estimate","lin_flux.std.error","lin_int.estimate","lin_int.std.error","lin_p.value","lin_r.squared","lin_RMSE","poly_AIC","poly_r.squared","poly_RMSE","rob_AIC","rob_converged","rob_flux.estimate","rob_flux.std.error","rob_RMSE","TIMESTAMP_min","TIMESTAMP_max","flag"
"13","2026-06-10 00:57:31","Collar_13_2026-06-10 00:57:31",2026-06-10 00:59:00.5,NA,NA,NA,NA,NA,25.2121799024149,0.0102235497334672,0.00215317696700014,645.814088990721,0.133430392084636,1.38736998152017e-05,0.279902736356233,0.288838879077424,28.5878019237734,0.287357429098406,0.292425967153115,25.224980120159,TRUE,0.010292258698672,0.00225186706736547,0.256851222535631,2026-06-10 00:58:31,2026-06-10 00:59:30,"Time changed"
"13","2026-06-10 01:57:31","Collar_13_2026-06-10 01:57:31",2026-06-10 01:59:00.5,15.428346137853,0.023387308477053,4.19082709789329e-09,0.254622692010814,0.253789473921597,17.6457167455581,0.00825834549933131,0.00135019081130814,648.711250148284,0.083670080120222,1.28005276266339e-08,0.24072150608564,0.256145111250643,16.0896849604823,0.275074879556467,0.252431824164904,18.0669545665213,TRUE,0.00910761888596408,0.00141067373014675,0.214655760626332,2026-06-10 01:58:31,2026-06-10 01:59:30,"Time changed"
"13","2026-06-10 02:57:31","Collar_13_2026-06-10 02:57:31",2026-06-10 02:59:00.5,NA,NA,NA,NA,NA,-6.38855402164666,0.00892672423766459,0.00122152872707797,647.703061736203,0.0756970093469557,3.50253987934084e-11,0.311569512956701,0.231736587949445,-2.97568567023188,0.314929613886808,0.233154696015093,-6.35808461454365,TRUE,0.00872367370957331,0.0012855798520671,0.248884847906061,2026-06-10 02:58:31,2026-06-10 02:59:30,"Time changed"
"13","2026-06-10 03:57:31","Collar_13_2026-06-10 03:57:31",2026-06-10 03:59:00.5,NA,NA,NA,NA,NA,124.320457955351,0.0136457764512443,0.00210586016378842,649.776138166671,0.130498213401001,2.21617347643059e-09,0.262450146685313,0.399503374940966,120.853913519934,0.306942838430338,0.390590160716889,124.485027244469,TRUE,0.0143081309860472,0.00219400784880482,0.427774134131705,2026-06-10 03:58:31,2026-06-10 03:59:30,"Time changed"
"13","2026-06-10 04:57:31","Collar_13_2026-06-10 04:57:31",2026-06-10 04:59:00.5,NA,NA,NA,NA,NA,-5.59705625977266,0.0052699058209981,0.00122556386573387,649.243454995069,0.0759470631703173,3.53687997003199e-05,0.135466964161543,0.232502095336454,-7.69937191315384,0.178331616089758,0.228610604378874,-5.56976393169453,TRUE,0.00507698431006282,0.00130823140055237,0.238020092240616,2026-06-10 04:58:31,2026-06-10 04:59:30,"Time changed"
"13","2026-06-10 05:57:31","Collar_13_2026-06-10 05:57:31",2026-06-10 05:59:00.5,NA,NA,NA,NA,NA,1959.74557470614,2.35241628493095,4.41308233148395,619.725385862399,273.474644590903,0.59499791843226,0.00240224749678151,837.207197152392,1960.53616003818,0.028729489368166,833.177115147694,1962.04882606964,TRUE,0.00752205806995231,0.0013243694764651,0.273486110143424,2026-06-10 05:58:31,2026-06-10 05:59:30,"Time changed"
"13","2026-06-10 06:57:31","Collar_13_2026-06-10 06:57:31",2026-06-10 06:59:00.5,NA,NA,NA,NA,NA,12.7459288453046,0.00698063812758823,0.001940719896806,650.143299131521,0.120264623264132,0.000666488294298334,0.182383720149667,0.260338731180874,12.4854428272068,0.238427761926175,0.255705196588636,13.4514107211895,TRUE,0.00633622423784017,0.00168132569700093,0.21563842140472,2026-06-10 06:58:31,2026-06-10 06:59:30,"Time changed"
"13","2026-06-10 07:57:31","Collar_13_2026-06-10 07:57:31",2026-06-10 07:59:00.5,NA,NA,NA,NA,NA,58.8898941419143,0.00808008103163847,0.00285077825578395,647.301702903524,0.176660100978863,0.00630909058396838,0.121657887080699,0.382418913316787,61.3804274854904,0.143479381553049,0.384323025254072,59.4036284974547,TRUE,0.00947881259650342,0.00271009220115763,0.422136237393558,2026-06-10 07:58:31,2026-06-10 07:59:30,"Time changed"
"13","2026-06-10 08:57:31","Collar_13_2026-06-10 08:57:31",2026-06-10 08:59:00.5,NA,NA,NA,NA,NA,-25.8576919372532,0.00444933419342743,0.00140686263719105,647.249187587533,0.0871819809363651,0.00248812237041827,0.147083855056274,0.188724212347635,-21.9275897249139,0.148076892377905,0.191952881645383,-25.8389109469399,TRUE,0.00457094982695107,0.00141056050563468,0.194748421338428,2026-06-10 08:58:31,2026-06-10 08:59:30,"Time changed"
"13","2026-06-10 09:57:31","Collar_13_2026-06-10 09:57:31",2026-06-10 09:59:00.5,NA,NA,NA,NA,NA,-12.438985718599,0.00678396213282341,0.00157331474625262,646.121847460614,0.0974968647177678,6.3611359975855e-05,0.24274477422185,0.211053004331881,-19.8009071548396,0.373383322763015,0.195385062036877,-12.3607528431209,TRUE,0.00714105347022967,0.00149595911216555,0.217987277375112,2026-06-10 09:58:31,2026-06-10 09:59:30,"Time changed"
"13","2026-06-10 10:57:31","Collar_13_2026-06-10 10:57:31",2026-06-10 10:59:00.5,NA,NA,NA,NA,NA,27.6860088448033,0.0131064584271402,0.00219802592721289,646.604440319237,0.136209640812209,1.56941510659901e-07,0.380046213592749,0.294855162733702,17.1724162868355,0.51324947252994,0.265890166932748,28.1213245245307,TRUE,0.0140469469337461,0.00208168773006103,0.296760006436494,2026-06-10 10:58:31,2026-06-10 10:59:30,"Time changed"
"13","2026-06-10 11:57:31","Collar_13_2026-06-10 11:57:31",2026-06-10 11:59:00.5,NA,NA,NA,NA,NA,55.8735093493055,0.00584996943763936,0.00278001268118538,647.2413425791,0.172274823544869,0.0396974805109081,0.0709306257329712,0.372926033930846,56.8220461419251,0.11699956593311,0.369997740687755,55.9506873542952,TRUE,0.00530083113030764,0.00277390530830345,0.465350359994401,2026-06-10 11:58:31,2026-06-10 11:59:30,"Time changed"
"13","2026-06-10 12:57:31","Collar_13_2026-06-10 12:57:31",2026-06-10 12:59:00.5,NA,NA,NA,NA,NA,-5.02273378746912,0.0096548961829152,0.0016736164039958,647.654777202408,0.10371246600114,3.26689101140163e-07,0.3645924899527,0.22450801468921,-5.46836521136193,0.40997041240911,0.220172237569983,-4.95768417082373,TRUE,0.00992884958537012,0.00179085912201708,0.198731389445611,2026-06-10 12:58:31,2026-06-10 12:59:30,"Time changed"
"13","2026-06-10 13:57:31","Collar_13_2026-06-10 13:57:31",2026-06-10 13:59:00.5,NA,NA,NA,NA,NA,-17.673949319141,-0.00083163214568148,0.00150615493167707,648.185682316297,0.0933350329090098,0.582963143791823,0.00522899665213821,0.202043821223224,-14.7039489129576,0.0221601506698451,0.20386274332973,-17.5745554162014,TRUE,-0.000857462728374086,0.00150043396320097,0.182820766236223,2026-06-10 13:58:31,2026-06-10 13:59:30,"Flux unusable, remove"
"13","2026-06-10 14:57:31","Collar_13_2026-06-10 14:57:31",2026-06-10 14:59:00.5,NA,NA,NA,NA,NA,-30.5077036726775,0.0082339286479987,0.00135338931170615,647.853888567441,0.0838682882418626,9.9060716210206e-08,0.389565117936305,0.181551009387397,-27.9056693786867,0.403623489794333,0.182624586043351,-30.3246153032626,TRUE,0.00807648972525563,0.00141790996521876,0.164742257444636,2026-06-10 14:58:31,2026-06-10 14:59:30,"Time changed"
"13","2026-06-10 15:57:31","Collar_13_2026-06-10 15:57:31",2026-06-10 15:59:00.5,NA,NA,NA,NA,NA,19.3321286032068,0.00431525379022225,0.00205021360042603,648.630923073657,0.127049847158281,0.0396533805615153,0.070961104741904,0.275026812608619,20.2563829617801,0.117385806246089,0.272812034446371,19.4177878680807,TRUE,0.00372852627720407,0.00226805206872372,0.287926728686487,2026-06-10 15:58:31,2026-06-10 15:59:30,"Time changed"
"13","2026-06-10 16:57:31","Collar_13_2026-06-10 16:57:31",2026-06-10 16:59:00.5,NA,NA,NA,NA,NA,-48.6436022348756,0.00421797893876175,0.0011635545178158,646.774385199191,0.0721044010331927,0.000610053814483543,0.184720074674254,0.156085536777603,-52.2283509904301,0.281533527194799,0.149118842683685,-48.2105922344989,TRUE,0.00497180593077,0.00108091540412065,0.142471887986259,2026-06-10 16:58:31,2026-06-10 16:59:30,"Time changed"
"13","2026-06-10 17:57:31","Collar_13_2026-06-10 17:57:31",2026-06-10 17:59:00.5,NA,NA,NA,NA,NA,-36.5243210797551,0.00903782048618289,0.00128720547361263,646.017631887338,0.0797669367961484,2.69967249434913e-09,0.459450736756972,0.172672749076724,-41.9165471709208,0.537776437644378,0.162499559082871,-36.3713227694662,TRUE,0.00939552205870772,0.00111176211948032,0.145151584577306,2026-06-10 17:58:31,2026-06-10 17:59:30,"Time changed"
"13","2026-06-10 18:57:31","Collar_13_2026-06-10 18:57:31",2026-06-10 18:59:00.5,-19.5766710603623,-0.000866731392281289,2.10623774546042e-05,0.269873881257223,0.198865475995788,-17.4908345611233,0.00652730490532879,0.00150845501277449,646.158603345711,0.0934775668146562,6.03742762341621e-05,0.244045471960042,0.202352366622021,-17.6853103505711,0.295087771520404,0.198860239105614,-17.348190311558,TRUE,0.00699593449696215,0.00171298959332139,0.180403318553193,2026-06-10 18:58:31,2026-06-10 18:59:30,"Time changed"
"13","2026-06-10 19:57:31","Collar_13_2026-06-10 19:57:31",2026-06-10 19:59:00.5,18.6610244805956,0.029684203399139,1.02094958153953e-05,0.287192993906226,0.273493008633903,18.5587608838215,0.00987645559305743,0.00203704301132732,647.40110622096,0.126233677891026,9.69866326091091e-06,0.288406862628347,0.273260038093396,22.2390561093123,0.292188440834818,0.277356953047514,18.8260875636582,TRUE,0.00978520309120587,0.00206123128238523,0.274097445122966,2026-06-10 19:58:31,2026-06-10 19:59:30,"Time changed"
"13","2026-06-10 20:57:31","Collar_13_2026-06-10 20:57:31",2026-06-10 20:59:00.5,49.3954326159253,0.00970421861981242,0.00205358864402612,0.152283434496638,0.353327760713483,50.1999547730477,0.00817624073004106,0.00265163350693158,647.618201209669,0.164319284442084,0.00313050293288799,0.140840106526309,0.355704552670058,52.8788556728869,0.159550619636852,0.358037231213006,50.859305550112,TRUE,0.00774430716611415,0.00261600904615533,0.3298705895791,2026-06-10 20:58:31,2026-06-10 20:59:30,"Time changed"
"13","2026-06-10 21:57:31","Collar_13_2026-06-10 21:57:31",2026-06-10 21:59:00.5,NA,NA,NA,NA,NA,42.5916476205745,0.00785793854147056,0.00248873191133446,650.686375683834,0.154224422707602,0.00252612209228164,0.146672521984492,0.333852045888995,44.4506690599808,0.17658493021292,0.333753297679776,42.642032829105,TRUE,0.00744656472946839,0.00257554847210829,0.409017498184054,2026-06-10 21:58:31,2026-06-10 21:59:30,"Time changed"
"13","2026-06-10 22:57:31","Collar_13_2026-06-10 22:57:31",2026-06-10 22:59:00.5,NA,NA,NA,NA,NA,31.3526933361603,0.00358997774244555,0.00226622478298691,654.054779177271,0.140435861046364,0.118603786608718,0.0414719426239171,0.304003728484698,31.3525441459592,0.103292536644753,0.299241532830821,32.7331608345303,TRUE,0.00505824184000419,0.00170553238492117,0.191615993903084,2026-06-10 22:58:31,2026-06-10 22:59:30,"Time changed"
"13","2026-06-10 23:57:31","Collar_13_2026-06-10 23:57:31",2026-06-10 23:59:00.5,NA,NA,NA,NA,NA,-2.92068981378803,0.00651628939339661,0.00170319147547134,651.232673640302,0.105545205921449,0.000321208586935526,0.201516914351434,0.228475375767538,-1.355315792544,0.233268492150987,0.227849551638696,-2.82929205390636,TRUE,0.00690475376113316,0.00166754865317847,0.222029108593418,2026-06-10 23:58:31,2026-06-10 23:59:30,"Time changed"
"14","2026-06-10 00:00:31","Collar_14_2026-06-10 00:00:31",2026-06-10 00:01:45.5,NA,NA,NA,NA,NA,-4.96701625331205,-0.00217282917718676,0.00440060791608047,648.599468975165,0.199496921961687,0.625329166617375,0.00863182760638588,0.208623163131111,-1.1098748972678,0.0133414556144641,0.21598362313205,-4.86293033350583,TRUE,-0.00339739526846886,0.00443493837228012,0.161795021132166,2026-06-10 00:01:31,2026-06-10 00:02:00,"Time changed"
"14","2026-06-10 01:00:31","Collar_14_2026-06-10 01:00:31",2026-06-10 01:01:45.5,NA,NA,NA,NA,NA,4.81329447824715,-0.00772328103123921,0.00363466822868335,646.998608620576,0.164773853477068,0.0378676788063445,0.072225192597586,0.243685463314983,7.19375244070238,0.096933068792266,0.244674262521686,5.22639477471478,TRUE,-0.00919016727955243,0.00338029127753473,0.237904439564979,2026-06-10 01:01:31,2026-06-10 01:02:00,"Time changed"
"14","2026-06-10 02:00:31","Collar_14_2026-06-10 02:00:31",2026-06-10 02:01:45.5,NA,NA,NA,NA,NA,45.5845784110915,-0.00360131181312093,0.00510529652388303,649.070376795969,0.231443237306975,0.483380533556516,0.00850631510817633,0.342283386132735,47.5236884763189,0.0419840634010247,0.342410594438546,45.7031555555693,TRUE,-0.00237606242449226,0.00515338593233811,0.391376782089274,2026-06-10 02:01:31,2026-06-10 02:02:00,"Time changed"
"14","2026-06-10 03:00:31","Collar_14_2026-06-10 03:00:31",2026-06-10 03:01:45.5,NA,NA,NA,NA,NA,26.9973794899482,-0.00241217751394053,0.00437271986649378,647.078585051469,0.198232646625607,0.583312630600939,0.00521932767635275,0.293167959101226,26.6467696609466,0.0747979748636868,0.287733948149057,26.9974325630233,TRUE,-0.00238105751454117,0.00454505163641552,0.323660626922825,2026-06-10 03:01:31,2026-06-10 03:02:00,"Time changed"
"14","2026-06-10 04:00:31","Collar_14_2026-06-10 04:00:31",2026-06-10 04:01:45.5,NA,NA,NA,NA,NA,44.463854396307,-0.00682544149347645,0.0050578382471592,649.804995474348,0.229291766349198,0.182427634290374,0.0304422883719517,0.339101557304367,45.8704927740508,0.0714564285377814,0.337725675377148,44.4854365033801,TRUE,-0.00674775106923497,0.00522442428651797,0.382413047351088,2026-06-10 04:01:31,2026-06-10 04:02:00,"Time changed"
"14","2026-06-10 05:00:30","Collar_14_2026-06-10 05:00:30",2026-06-10 05:01:44.5,NA,NA,NA,NA,NA,-11.807628294049,-0.00257509966336058,0.00316454772253504,648.531045745695,0.143461435802922,0.419125640284803,0.0112877326472412,0.21216634626035,-14.2661276300005,0.11218649789296,0.204607897252755,-11.7740421590033,TRUE,-0.00277586859635604,0.00325368322678287,0.24780915441691,2026-06-10 05:01:30,2026-06-10 05:01:59,"Time changed"
"14","2026-06-10 06:00:29","Collar_14_2026-06-10 06:00:29",2026-06-10 06:01:43.5,-14.5989612612633,0.0258044592966124,7.46031263175488e-05,0.238763939794853,0.207288078864534,-14.3082033256217,0.0130845492436938,0.00309928679982291,651.860904567242,0.140502900651932,8.64557028710207e-05,0.235066063383818,0.207790943283548,-14.4690855828307,0.286315180854137,0.204262133067147,-13.7895206139953,TRUE,0.0150704279544124,0.0028297380856259,0.18102965556363,2026-06-10 06:01:29,2026-06-10 06:01:58,"Time changed"
"14","2026-06-10 07:00:31","Collar_14_2026-06-10 07:00:31",2026-06-10 07:01:45.5,NA,NA,NA,NA,NA,14.2035344833805,-0.00607291501189593,0.00605722559760379,650.744630662042,0.274597938601581,0.324644851796692,0.0346554256552593,0.287159771574553,17.2622566952604,0.0644737705706696,0.293361248373373,14.3398329268682,TRUE,-0.00608946879939356,0.00690931689947112,0.254074065165291,2026-06-10 07:01:31,2026-06-10 07:02:00,"Time changed"
"14","2026-06-10 08:00:30","Collar_14_2026-06-10 08:00:30",2026-06-10 08:01:44.5,NA,NA,NA,NA,NA,26.4161145887049,0.0193166988254547,0.00742457077417931,645.095565677024,0.336585091101397,0.014656778056639,0.194684415117116,0.351982605435045,28.6344658894365,0.241118270206895,0.354582697874096,26.5186728397502,TRUE,0.0176753786879824,0.0078141326389315,0.356503212719491,2026-06-10 08:01:30,2026-06-10 08:01:59,"Time changed"
"14","2026-06-10 09:00:30","Collar_14_2026-06-10 09:00:30",2026-06-10 09:01:44.5,NA,NA,NA,NA,NA,-7.23536779991887,0.00484454262408624,0.00423734475063052,646.867772646712,0.192095558423261,0.262596714582216,0.0446010116020268,0.200883214776588,-16.5139405613481,0.3862977043361,0.167079234543618,-7.01594326243281,TRUE,0.00658704852262505,0.00403991972396458,0.170153174537567,2026-06-10 09:01:30,2026-06-10 09:01:59,"Time changed"
"14","2026-06-10 10:00:32","Collar_14_2026-06-10 10:00:32",2026-06-10 10:01:46.5,NA,NA,NA,NA,NA,9.93387749509223,0.00372132030602431,0.00564116679842196,645.994402428119,0.255736351435738,0.514854100558086,0.0153038406804418,0.267435337044344,5.89442577736119,0.246784480016369,0.242727867885055,9.94666637386821,TRUE,0.00433496197593388,0.00672507003073902,0.291949986419658,2026-06-10 10:01:32,2026-06-10 10:02:01,"Time changed"
"14","2026-06-10 11:00:30","Collar_14_2026-06-10 11:00:30",2026-06-10 11:01:44.5,NA,NA,NA,NA,NA,-5.9444232479153,0.00780965287286263,0.00432950223248017,646.504303383772,0.196273420735776,0.0820290927812212,0.104108225302546,0.205252198729786,-3.81076680823429,0.158144683366093,0.206476730494279,-5.93278446382538,TRUE,0.00762103140318758,0.00450201483758096,0.254416253051234,2026-06-10 11:01:30,2026-06-10 11:01:59,"Time changed"
"14","2026-06-10 12:00:30","Collar_14_2026-06-10 12:00:30",2026-06-10 12:01:44.5,NA,NA,NA,NA,NA,18.9384623405663,0.000665658158028396,0.00655460160013715,646.969207886455,0.297145955479075,0.919832993683715,0.000368206920992157,0.310739276245906,18.5076394933894,0.137622672891595,0.299513999436012,18.9838463662555,TRUE,0.000966570571203266,0.00774374278008038,0.283604788441367,2026-06-10 12:01:30,2026-06-10 12:01:59,"Flux unusable, remove"
"14","2026-06-10 13:00:30","Collar_14_2026-06-10 13:00:30",2026-06-10 13:01:44.5,NA,NA,NA,NA,NA,-14.2670652666899,-0.00815334649814489,0.00376874433083643,648.295101386545,0.170852052261926,0.0391958736460165,0.143216062890529,0.178667897328111,-10.7265241398921,0.156237990432867,0.183998038752726,-14.2070495789759,TRUE,-0.00887578175109444,0.00344148461002823,0.13427237524456,2026-06-10 13:01:30,2026-06-10 13:01:59,"Time changed"
"14","2026-06-10 14:00:22","Collar_14_2026-06-10 14:00:22",2026-06-10 14:01:36.5,-10.312301534943,0.00870488020675798,0.21615497761727,0.0540941050241663,0.190841165773362,-10.0764349201832,-0.00472933479120568,0.00404137797341054,648.262467635451,0.183211611112418,0.251773484993134,0.0466278721888582,0.191592859963825,-8.27406792857278,0.113969943173576,0.191674643358958,-10.0116000598328,TRUE,-0.00446872950831004,0.00410361588955485,0.182926933017163,2026-06-10 14:01:22,2026-06-10 14:01:51,"Time changed"
"14","2026-06-10 15:00:31","Collar_14_2026-06-10 15:00:31",2026-06-10 15:01:45.5,NA,NA,NA,NA,NA,0.0957399905208103,0.00250301769299583,0.00478804394044852,647.589094762044,0.217060925797626,0.605250691282373,0.00966574545857356,0.226990654726817,1.64772867582995,0.0872681459267778,0.226141892578374,0.182238869768818,TRUE,0.00385776021386471,0.00502789114105309,0.128862175333057,2026-06-10 15:01:31,2026-06-10 15:02:00,"Time changed"
"14","2026-06-10 16:00:30","Collar_14_2026-06-10 16:00:30",2026-06-10 16:01:44.5,NA,NA,NA,NA,NA,9.2834300096864,-0.00547965513127629,0.00558034237391195,647.757005432519,0.252978940255002,0.334530347287205,0.0332906778160914,0.264551784571846,11.7183481987053,0.0824303782825653,0.267469704105797,9.30489747218703,TRUE,-0.00562019588462879,0.00595853556702366,0.294689202860759,2026-06-10 16:01:30,2026-06-10 16:01:59,"Time changed"
"14","2026-06-10 17:00:29","Collar_14_2026-06-10 17:00:29",2026-06-10 17:01:43.5,NA,NA,NA,NA,NA,-21.9413333539554,-0.00648714510732516,0.00331625922796148,646.58157905836,0.150339117008773,0.0604886336670847,0.120232082945248,0.157216571685912,-19.6814045464801,0.169809021430088,0.15848771648917,-21.8458966797555,TRUE,-0.00745660317694733,0.00303009387951203,0.15440738552731,2026-06-10 17:01:29,2026-06-10 17:01:58,"Time changed"
"14","2026-06-10 18:00:31","Collar_14_2026-06-10 18:00:31",2026-06-10 18:01:45.5,-11.8396723367966,-0.0131678125879552,0.584148285417464,0.0108325982724567,0.186044391504654,-11.6815977997778,-0.00156338959083695,0.00393469355340808,646.124818942811,0.17837518536906,0.694133595136166,0.0056067698877728,0.186535185755589,-12.8114458028479,0.161899686869388,0.177714157755282,-11.6275609996417,TRUE,-0.00105927512609898,0.00401706861547295,0.202263162437336,2026-06-10 18:01:31,2026-06-10 18:02:00,"Time changed"
"14","2026-06-10 19:00:32","Collar_14_2026-06-10 19:00:32",2026-06-10 19:01:46.5,-17.9895507796714,-0.0108902712974255,0.243252550242375,0.0482972078031118,0.167919942853594,-18.1828500062744,0.00448145016824856,0.00353063873114311,646.001676872129,0.160057785845443,0.214782542924536,0.0544096084072185,0.167379833425455,-16.5926260827581,0.12739445415612,0.166860266210531,-17.9892711194456,TRUE,0.00302913230175653,0.00375703884262753,0.139402790589015,2026-06-10 19:01:32,2026-06-10 19:02:01,"Time changed"
"14","2026-06-10 20:00:32","Collar_14_2026-06-10 20:00:32",2026-06-10 20:01:46.5,NA,NA,NA,NA,NA,14.6019978035029,0.00486168726648758,0.00609758583693175,648.061756174402,0.276427627514821,0.431978719543128,0.0221998610300591,0.289073161941042,18.5939510643355,0.0224620959487572,0.299945168215642,14.6709995684225,TRUE,0.00581918303340342,0.00556194793094709,0.286700608136082,2026-06-10 20:01:32,2026-06-10 20:02:01,"Time changed"
"14","2026-06-10 21:00:32","Collar_14_2026-06-10 21:00:32",2026-06-10 21:01:46.5,32.3288870881491,0.00201418487887898,0.69760354753009,0.0054740788991825,0.388435823747575,32.3033559881214,0.00345622697847711,0.00819001365234633,648.700284195719,0.371285637263171,0.676244039790166,0.00632009687768142,0.388270572344312,36.1209661438493,0.0123430071245188,0.40170444361527,32.3982315783651,TRUE,0.00297594315174026,0.00857204210840396,0.434329902672815,2026-06-10 21:01:32,2026-06-10 21:02:01,"Time changed"
"14","2026-06-10 22:00:32","Collar_14_2026-06-10 22:00:32",2026-06-10 22:01:46.5,NA,NA,NA,NA,NA,26.8043357116716,-0.00332600056698376,0.00747276611316627,653.343915227154,0.338769976000064,0.659681766501806,0.00702525399374838,0.354267440680397,30.1301365213887,0.0290917968457658,0.363532769540985,27.3269984580428,TRUE,-0.00646612229682756,0.00738492570057953,0.269280753483163,2026-06-10 22:01:32,2026-06-10 22:02:01,"Time changed"
"14","2026-06-10 23:00:32","Collar_14_2026-06-10 23:00:32",2026-06-10 23:01:46.5,27.6738457233975,-0.026742999548856,0.716235512597273,0.00479231563800882,0.359438806235483,27.7325150817947,-0.00214472990106971,0.00758926601901715,652.598521067623,0.344051376449568,0.779561767595792,0.00284413807633195,0.359790445530312,28.9346274814804,0.0916369180630496,0.356361010794015,27.9095662712262,TRUE,-0.00485871702482037,0.00787832717905384,0.307562184152131,2026-06-10 23:01:32,2026-06-10 23:02:01,"Time changed"
"15","2026-06-10 00:03:31","Collar_15_2026-06-10 00:03:31",2026-06-10 00:05:00.5,NA,NA,NA,NA,NA,-6.18564639671888,0.000723443296218662,0.00165747582549714,647.22576604931,0.102712249228177,0.664114183375131,0.00327387756928139,0.222342829628871,-5.14174917515324,0.051190869970512,0.220772318712693,-6.10994397469579,TRUE,0.000455395859358389,0.0017930006414122,0.204024988759388,2026-06-10 00:04:31,2026-06-10 00:05:30,"Time changed"
"15","2026-06-10 01:03:31","Collar_15_2026-06-10 01:03:31",2026-06-10 01:05:00.5,NA,NA,NA,NA,NA,38.1755222140168,-0.00300215556090553,0.00147077104000642,648.553371429472,0.0911423257551372,0.0434602126250794,0.0341054627837632,0.279020423270154,39.5582844539321,0.054943854590341,0.278363284722135,38.7830688955324,TRUE,-0.00324118213452697,0.00155109552034457,0.253947805883984,2026-06-10 01:04:31,2026-06-10 01:05:30,"Time changed"
"15","2026-06-10 02:03:31","Collar_15_2026-06-10 02:03:31",2026-06-10 02:05:00.5,NA,NA,NA,NA,NA,41.7751440709498,-0.00105821724562164,0.00149299654540756,648.184087648921,0.0925196198398333,0.479854337134809,0.00423940582796445,0.28323683068894,42.1197310098995,0.0341147040730351,0.28135008110682,42.0970202016629,TRUE,-0.000672510263215531,0.00150622549957831,0.276247832875983,2026-06-10 02:04:31,2026-06-10 02:05:30,"Time changed"
"15","2026-06-10 03:03:30","Collar_15_2026-06-10 03:03:30",2026-06-10 03:04:59.5,NA,NA,NA,NA,NA,24.4137270921085,0.00416484064526669,0.00138880819722031,647.624401692217,0.0860631639319639,0.00330578641992921,0.0708160847272584,0.263471227328338,18.4508012236319,0.144845368437816,0.254927500604767,24.5143579528989,TRUE,0.00422650668544889,0.00135109325293307,0.248507688060834,2026-06-10 03:04:30,2026-06-10 03:05:29,"Time changed"
"15","2026-06-10 04:03:31","Collar_15_2026-06-10 04:03:31",2026-06-10 04:05:00.5,NA,NA,NA,NA,NA,124.994196427671,7.21158982723483e-05,0.00211178013183727,649.116919252903,0.130865068364617,0.972815762507274,9.8827619906182e-06,0.400626453887862,123.54293719057,0.0444202390014164,0.394991044796431,125.644029403398,TRUE,-0.00110319345920061,0.00209531961102492,0.439584101261088,2026-06-10 04:04:31,2026-06-10 04:05:30,"Time changed"
"15","2026-06-10 05:03:30","Collar_15_2026-06-10 05:03:30",2026-06-10 05:04:59.5,NA,NA,NA,NA,NA,-40.1220956004021,-0.000110208126616988,0.00106135533155206,648.270730399073,0.0657712116563344,0.917474852211542,9.13658585568114e-05,0.201350044156701,-50.6487063501094,0.114095799096117,0.191151169525689,-40.0721718999016,TRUE,-8.30088290015922e-05,0.000904983102523081,0.155783438422737,2026-06-10 05:04:30,2026-06-10 05:05:29,"Time changed"
"15","2026-06-10 06:03:29","Collar_15_2026-06-10 06:03:29",2026-06-10 06:04:58.5,-10.2569207161533,-0.0167327892066921,0.000109928823395542,0.119526584651487,0.228031353598981,-10.4373938239702,-0.00483737145348419,0.00120109418655506,652.078437434123,0.0744306997050507,0.000100102673304437,0.120849770850841,0.227859945024789,-9.06050329731055,0.139858813064873,0.227317736233138,-10.4337147680985,TRUE,-0.00477670826287552,0.00125190281787814,0.268365973328082,2026-06-10 06:04:29,2026-06-10 06:05:28,"Time changed"
"15","2026-06-10 07:03:29","Collar_15_2026-06-10 07:03:29",2026-06-10 07:04:58.5,68.080544585366,0.0104831108920961,0.799778067863644,0.00111812039175356,0.41285869566072,68.070778075679,0.000839278695213131,0.00307744404000665,649.393481476288,0.190706370711696,0.786037562885567,0.00128070031863267,0.412825095457637,71.7633875975779,0.00638422940421214,0.419057473246149,68.1099124390021,TRUE,0.00135975761689686,0.00325197276789161,0.464230889193014,2026-06-10 07:04:29,2026-06-10 07:05:28,"Time changed"
"15","2026-06-10 08:03:28","Collar_15_2026-06-10 08:03:28",2026-06-10 08:04:57.5,23.8281779953185,-0.00841652988605169,0.591849386262094,0.00498671527474084,0.285526736179906,23.5618081055478,0.00157507868744622,0.00212376681641667,647.822148692318,0.131607872160002,0.461295753287419,0.00939428398856427,0.284893641385297,25.0324196728685,0.0502867313993629,0.283889008167648,23.658976932015,TRUE,0.00148539662723146,0.00202491840349094,0.298431050507111,2026-06-10 08:04:28,2026-06-10 08:05:27,"Time changed"
"15","2026-06-10 09:03:30","Collar_15_2026-06-10 09:03:30",2026-06-10 09:04:59.5,NA,NA,NA,NA,NA,-7.48993309596235,0.000652691585194192,0.00163955817856374,646.501393786918,0.101601909162219,0.692025485764459,0.00272489234498679,0.219939258935302,-11.4881952990587,0.127186154847501,0.209399704521246,-7.48009397569066,TRUE,0.000592889728729034,0.00174556136325007,0.209769263348004,2026-06-10 09:04:30,2026-06-10 09:05:29,"Time changed"
"15","2026-06-10 10:03:30","Collar_15_2026-06-10 10:03:30",2026-06-10 10:04:59.5,NA,NA,NA,NA,NA,20.1192845255362,-0.000578243866869479,0.00206370645427367,646.272656392897,0.127885986874999,0.780323510409403,0.00135179475696774,0.276836817471498,22.3741961839521,0.029978958011941,0.277669479320723,20.1434039735947,TRUE,-0.00052548438154029,0.00215260635121483,0.316506661931926,2026-06-10 10:04:30,2026-06-10 10:05:29,"Time changed"
"15","2026-06-10 11:03:30","Collar_15_2026-06-10 11:03:30",2026-06-10 11:04:59.5,33.869002910804,0.00905723093113315,0.0409136243097941,0.070103442771491,0.310445763854138,32.9380898269075,-0.00531041238072818,0.00229636397881041,647.05859712337,0.142303559232569,0.0243173953313165,0.0844196439588821,0.308046764273847,24.9408538971952,0.25035167171274,0.283672469815764,33.1740966785967,TRUE,-0.00439589534457504,0.00196306894980434,0.228163978180019,2026-06-10 11:04:30,2026-06-10 11:05:29,"Time changed"
"15","2026-06-10 12:03:30","Collar_15_2026-06-10 12:03:30",2026-06-10 12:04:59.5,NA,NA,NA,NA,NA,-13.7688285928002,-0.000286167277895999,0.0015559754890373,647.373217396247,0.096422366929544,0.854721607026052,0.000582845232261627,0.208727021983535,-14.7346883253029,0.0799684757414594,0.203810528176703,-13.5739480189614,TRUE,-0.000176608854688717,0.00168723190676994,0.181559591174759,2026-06-10 12:04:30,2026-06-10 12:05:29,"Time changed"
"15","2026-06-10 13:03:29","Collar_15_2026-06-10 13:03:29",2026-06-10 13:04:58.5,NA,NA,NA,NA,NA,-8.84450484658578,-0.000660717186741736,0.00162115475055931,648.704613604885,0.100461465691029,0.685097471493286,0.00285569801496971,0.217470522924539,-5.02531008633343,0.00585599041607455,0.220986643741986,-8.80525992984521,TRUE,-0.000819530477411102,0.00176854248443729,0.187371218731932,2026-06-10 13:04:29,2026-06-10 13:05:28,"Time changed"
"15","2026-06-10 14:03:22","Collar_15_2026-06-10 14:03:22",2026-06-10 14:04:51.5,NA,NA,NA,NA,NA,6.17266066776116,-0.0065015483701149,0.00183727179327625,648.544984847371,0.113854039635413,0.000799444593747852,0.177566010668114,0.246461639458195,9.99610440986185,0.179982551255085,0.250455364312298,6.20590920624317,TRUE,-0.00683039835951832,0.00206768511764748,0.243828915421483,2026-06-10 14:04:22,2026-06-10 14:05:21,"Time changed"
"15","2026-06-10 15:03:29","Collar_15_2026-06-10 15:03:29",2026-06-10 15:04:58.5,NA,NA,NA,NA,NA,-11.5243328695953,-0.00297823727799615,0.00158535253810106,648.109178728129,0.0982428355835109,0.0653285256018405,0.0573569640786796,0.212667819257621,-21.3340079470447,0.251159194077197,0.192904731647582,-11.5013894148004,TRUE,-0.00280608454674311,0.00166555942685208,0.195154125628758,2026-06-10 15:04:29,2026-06-10 15:05:28,"Time changed"
"15","2026-06-10 16:03:29","Collar_15_2026-06-10 16:03:29",2026-06-10 16:04:58.5,NA,NA,NA,NA,NA,22.9449450478969,0.000404867570105959,0.00211287755123403,647.011213127345,0.130933074433154,0.848709889108274,0.000632665978147741,0.283432896078462,26.5849472622006,0.00661088063251623,0.287585749636656,22.9491766704096,TRUE,0.000527706085477317,0.00216256724533396,0.351817609061856,2026-06-10 16:04:29,2026-06-10 16:05:28,"Time changed"
"15","2026-06-10 17:03:29","Collar_15_2026-06-10 17:03:29",2026-06-10 17:04:58.5,NA,NA,NA,NA,NA,-43.8888139419927,-0.000290849420543651,0.00121058388786866,646.113858140707,0.0750187677488972,0.810979362078676,0.000994229466071787,0.162394312478799,-40.6445550082111,0.0134984758144155,0.164231205250572,-43.758737132799,TRUE,-0.000572902053654221,0.00120813354438433,0.169409957973598,2026-06-10 17:04:29,2026-06-10 17:05:28,"Time changed"
"15","2026-06-10 18:03:31","Collar_15_2026-06-10 18:03:31",2026-06-10 18:05:00.5,NA,NA,NA,NA,NA,-38.7700334802762,-0.000209885307809539,0.00126334036834698,646.107088050478,0.0782880382190503,0.868628341133625,0.000475651328851223,0.169471353947739,-36.2285355453649,0.0244795272782695,0.170387522220679,-38.7346835915399,TRUE,-0.000133987048502843,0.00127228108638167,0.173653790353632,2026-06-10 18:04:31,2026-06-10 18:05:30,"Time changed"
"15","2026-06-10 19:03:32","Collar_15_2026-06-10 19:03:32",2026-06-10 19:05:01.5,NA,NA,NA,NA,NA,-38.9563072419669,-0.000554301580670652,0.00126138082992869,646.164655007498,0.0781666074293545,0.661975504388151,0.00331839614397513,0.169208490797649,-38.9123451516962,0.0669139746086048,0.166619089375876,-38.8534641100452,TRUE,-0.000950945663346408,0.00132732966419096,0.186199078661552,2026-06-10 19:04:32,2026-06-10 19:05:31,"Time changed"
"15","2026-06-10 20:03:31","Collar_15_2026-06-10 20:03:31",2026-06-10 20:05:00.5,49.0032444613386,-0.00797642398436591,0.794678655184136,0.00117708473122512,0.352174887649181,48.8821586488459,-0.00113005660592847,0.00262267354218977,647.560584832365,0.162524662119126,0.668153029775976,0.00319077354211567,0.351819705357298,50.309458499827,0.0450289095420478,0.350452555749993,49.1699462445447,TRUE,-0.00102609954859346,0.00279474161440661,0.345451718776341,2026-06-10 20:04:31,2026-06-10 20:05:30,"Time changed"
"15","2026-06-10 21:03:30","Collar_15_2026-06-10 21:03:30",2026-06-10 21:04:59.5,NA,NA,NA,NA,NA,36.2973863300693,0.00729038314164336,0.00236155696106339,647.023350558268,0.146343508255106,0.00309786673020733,0.141125521485301,0.316792105788392,39.6358246149681,0.150543479286206,0.32062697849341,38.4338850419205,TRUE,0.00622104398273949,0.00177636055331513,0.165749454460397,2026-06-10 21:04:30,2026-06-10 21:05:29,"Time changed"
"15","2026-06-10 22:03:30","Collar_15_2026-06-10 22:03:30",2026-06-10 22:04:59.5,NA,NA,NA,NA,NA,56.1010672323182,0.00275168118204292,0.00278528946449826,651.891075467754,0.172601820943213,0.327288743494387,0.0165493197221025,0.373633890368372,58.550009093036,0.0416466795826338,0.375364138428546,56.9860491953986,TRUE,0.00415586450300006,0.00254747312600178,0.343447273581829,2026-06-10 22:04:30,2026-06-10 22:05:29,"Time changed"
"15","2026-06-10 23:03:30","Collar_15_2026-06-10 23:03:30",2026-06-10 23:04:59.5,NA,NA,NA,NA,NA,48.9541051180199,0.00222118286848478,0.00262424644783983,651.56439957235,0.16262213363253,0.400804009462804,0.0122011264297725,0.352030703483239,51.1814087267494,0.0409586728976367,0.35300830641502,49.1269684639721,TRUE,0.00138099547080864,0.0027755408421386,0.386661390871781,2026-06-10 23:04:30,2026-06-10 23:05:29,"Time changed"
"16","2026-06-10 00:06:31","Collar_16_2026-06-10 00:06:31",2026-06-10 00:08:00.5,-9.90202328366015,0.00195172577408998,0.156426499985106,0.0343242068360564,0.215562450468287,-10.4327543266523,0.00257728024463751,0.00159983946841256,646.483025947339,0.0991405773024646,0.112617410213135,0.042828441224666,0.214611174948573,-12.1922055487095,0.130436128393454,0.208174804973385,-10.4110761878025,TRUE,0.00261553944109359,0.00156883835224242,0.243140965342565,2026-06-10 00:07:31,2026-06-10 00:08:30,"Time changed"
"16","2026-06-10 01:06:31","Collar_16_2026-06-10 01:06:31",2026-06-10 01:08:00.5,-50.6830981129954,0.0218093260330317,0.0525610737505594,0.0314748146491139,0.192681916732913,-51.2984725258195,0.00213972568808372,0.00101306305473759,646.245673165646,0.0627785837726205,0.0367837964127826,0.0364288149154298,0.192188501570579,-51.1936192077463,0.0672037352823496,0.190717658806733,-51.2772150298428,TRUE,0.00227046540753187,0.00106114758731629,0.227403124007227,2026-06-10 01:07:31,2026-06-10 01:08:30,"Time changed"
"16","2026-06-10 02:06:29","Collar_16_2026-06-10 02:06:29",2026-06-10 02:07:58.5,NA,NA,NA,NA,NA,71.9128104143007,-0.00618325018209257,0.00169275742962315,647.963765840315,0.104898617717186,0.00038826688922951,0.101587013800829,0.321133529053636,52.3525335274226,0.261741364802139,0.293605318486668,72.1344942080455,TRUE,-0.00572072358471728,0.00173711770470463,0.340776252677597,2026-06-10 02:07:29,2026-06-10 02:08:28,"Time changed"
"16","2026-06-10 03:06:30","Collar_16_2026-06-10 03:06:30",2026-06-10 03:07:59.5,NA,NA,NA,NA,NA,-30.6578145433118,-0.00205195464106214,0.00110404555486543,648.85423753752,0.0684166854479378,0.065578811200425,0.0284412440195322,0.209448819461891,-31.7676644250986,0.0689437779924885,0.206796576221993,-30.6109639678553,TRUE,-0.0022826496131467,0.00112010821810296,0.251378760242947,2026-06-10 03:07:30,2026-06-10 03:08:29,"Time changed"
"16","2026-06-10 04:06:29","Collar_16_2026-06-10 04:06:29",2026-06-10 04:07:58.5,NA,NA,NA,NA,NA,113.54664646839,0.00100364175486542,0.0020134167033113,648.371017518983,0.124769577359391,0.61907582035662,0.00210133136884543,0.381965897815518,117.318031042181,0.00400064681970581,0.384877839636081,115.235243315501,TRUE,0.000676466155236971,0.00184376357894812,0.299105796337174,2026-06-10 04:07:29,2026-06-10 04:08:28,"Time changed"
"16","2026-06-10 05:06:28","Collar_16_2026-06-10 05:06:28",2026-06-10 05:07:57.5,-1.87640251947869,-0.0127166034922964,0.242819750790395,0.0115424924608805,0.236134595201106,-1.65995567035573,-0.00134341639063596,0.00124583454477055,647.916289025551,0.077203218466951,0.283087470854068,0.00975797928531262,0.236347652048507,0.616201099872429,0.0238814752118004,0.236670377194612,-1.53280620531706,TRUE,-0.00174960402620987,0.0012823931552112,0.248159902954952,2026-06-10 05:07:28,2026-06-10 05:08:27,"Time changed"
"16","2026-06-10 06:06:27","Collar_16_2026-06-10 06:06:27",2026-06-10 06:07:56.5,NA,NA,NA,NA,NA,12.648365616938,-0.00384738657309652,0.00132236741683351,650.244696008084,0.0819458900091563,0.00432803154824359,0.066935574466318,0.25086672658576,15.3467715718282,0.0770014777801032,0.251651636554615,13.2190116797583,TRUE,-0.00368297582285451,0.001225018222858,0.246610402557608,2026-06-10 06:07:27,2026-06-10 06:08:26,"Time changed"
"16","2026-06-10 07:06:27","Collar_16_2026-06-10 07:06:27",2026-06-10 07:07:56.5,NA,NA,NA,NA,NA,42.1471773040131,0.00263504317289255,0.00247953089958548,648.242679429936,0.153654244489993,0.292314515046452,0.0190999911326618,0.332617772087686,45.996528958745,0.0215597512373739,0.338080575517252,42.1906776622679,TRUE,0.00238766187927908,0.00249916785129794,0.405324750031092,2026-06-10 07:07:27,2026-06-10 07:08:26,"Time changed"
"16","2026-06-10 08:06:27","Collar_16_2026-06-10 08:06:27",2026-06-10 08:07:56.5,NA,NA,NA,NA,NA,24.3395699334968,0.000290888425892344,0.00213757639342581,646.983243271176,0.132463638919118,0.892226671130145,0.000319185355734278,0.286746133217127,27.8576991298731,0.00831564848266198,0.290652193482555,24.75544356682,TRUE,-0.000381139665821773,0.00228230052820834,0.265570433508137,2026-06-10 08:07:27,2026-06-10 08:08:26,"Time changed"
"16","2026-06-10 09:06:30","Collar_16_2026-06-10 09:06:30",2026-06-10 09:07:59.5,NA,NA,NA,NA,NA,-16.9404235451438,0.00210526745852058,0.00151538982356864,645.92586477134,0.0939073106478285,0.170065160452215,0.0322048492298603,0.203282639891286,-16.5237063547091,0.0883108719338433,0.20079455988245,-16.8290660822024,TRUE,0.00182786580733898,0.00153741013362857,0.17258887210637,2026-06-10 09:07:30,2026-06-10 09:08:29,"Time changed"
"16","2026-06-10 10:06:28","Collar_16_2026-06-10 10:06:28",2026-06-10 10:07:57.5,-22.4481101706439,0.0204731402173904,0.0227966900845462,0.0862022663616599,0.194163373645049,-22.1463105350555,0.00329389860410221,0.00145105419537536,645.930876372708,0.0899204910661565,0.0269398954747192,0.0815942899803195,0.19465230851728,-18.5675978656839,0.0880202486219658,0.197403501704564,-22.0053217202447,TRUE,0.00276884541966818,0.0015248100237184,0.168191406947746,2026-06-10 10:07:28,2026-06-10 10:08:27,"Time changed"
"16","2026-06-10 11:06:30","Collar_16_2026-06-10 11:06:30",2026-06-10 11:07:59.5,NA,NA,NA,NA,NA,57.2913823093822,-0.00406376177167803,0.00281305504465457,646.389027001846,0.174322428354259,0.153948972149196,0.0347312391248969,0.377358516431253,59.4360835877269,0.0641221873827722,0.378146068186893,57.3001633524101,TRUE,-0.00430692872206706,0.00303147144757828,0.45773932164058,2026-06-10 11:07:30,2026-06-10 11:08:29,"Time changed"
"16","2026-06-10 12:06:28","Collar_16_2026-06-10 12:06:28",2026-06-10 12:07:57.5,NA,NA,NA,NA,NA,1.61598358638431,0.00155489291684629,0.00176881431086006,646.625152566431,0.109611792546617,0.382996532715385,0.0131480245100901,0.237278380121597,-5.01289424524668,0.173357686855419,0.221009509383625,1.77244185879923,TRUE,0.000921927408905757,0.00201313656683488,0.227733353000432,2026-06-10 12:07:28,2026-06-10 12:08:27,"Time changed"
"16","2026-06-10 13:06:29","Collar_16_2026-06-10 13:06:29",2026-06-10 13:07:58.5,33.5350396066699,-0.0283911132302854,0.0097073841836649,0.109788068445507,0.30958298586969,33.4541797147148,-0.00620589529024567,0.00230626133180565,647.453175783102,0.142916889075399,0.00929459046547242,0.110986967750187,0.309374449080435,37.2466294519049,0.114056903114647,0.314306437919966,33.4687462762302,TRUE,-0.00613978452223277,0.00236419494021845,0.373314809995724,2026-06-10 13:07:29,2026-06-10 13:08:28,"Time changed"
"16","2026-06-10 14:06:22","Collar_16_2026-06-10 14:06:22",2026-06-10 14:07:51.5,NA,NA,NA,NA,NA,0.398708289232829,-0.000761289990870331,0.00175096222631551,647.179474304202,0.108505515321468,0.665332831497324,0.00324866938804058,0.234883604323755,-6.35268086599543,0.166768510635184,0.218555686671037,0.415717629821203,TRUE,-0.00053852541634494,0.00185926808962649,0.23951373089466,2026-06-10 14:07:22,2026-06-10 14:08:21,"Time changed"
"16","2026-06-10 15:06:29","Collar_16_2026-06-10 15:06:29",2026-06-10 15:07:58.5,NA,NA,NA,NA,NA,-22.8751400936199,0.00086670996028728,0.00144226781154708,646.625894603613,0.089376006958635,0.550224278821217,0.00618774074265009,0.193473655162261,-31.0558912961125,0.188782833242374,0.17789273460234,-22.7255908765019,TRUE,0.00106356363226388,0.00155707323100806,0.200857716879006,2026-06-10 15:07:29,2026-06-10 15:08:28,"Time changed"
"16","2026-06-10 16:06:29","Collar_16_2026-06-10 16:06:29",2026-06-10 16:07:58.5,NA,NA,NA,NA,NA,35.9552129720631,0.00151680118856974,0.00235483270358108,647.088696886213,0.145926812216604,0.522035082265207,0.00710253872193251,0.315890077286515,39.6485370683871,0.0121645531559881,0.320660946588694,35.9649591260173,TRUE,0.00166265382040042,0.00248458995593878,0.375534359796243,2026-06-10 16:07:29,2026-06-10 16:08:28,"Time changed"
"16","2026-06-10 17:06:29","Collar_16_2026-06-10 17:06:29",2026-06-10 17:07:58.5,NA,NA,NA,NA,NA,-25.4197656831627,0.00068087945411761,0.00141200620094528,645.47886710117,0.087500722841447,0.631473623798843,0.00399302140706417,0.189414197988391,-23.7583572138358,0.0420670953022071,0.189046598592971,-25.2204672190709,TRUE,0.000930592978436784,0.00159341678775815,0.168080059591876,2026-06-10 17:07:29,2026-06-10 17:08:28,"Time changed"
"16","2026-06-10 18:06:30","Collar_16_2026-06-10 18:06:30",2026-06-10 18:07:59.5,NA,NA,NA,NA,NA,-37.3254771088986,0.00289777273383745,0.00127864032695638,645.129473321621,0.0792361625522651,0.0271802498086664,0.0813493765474661,0.171523773680255,-38.7648552905761,0.1609673872415,0.166824003831365,-37.2043770594449,TRUE,0.00321989710248782,0.00132035347866586,0.138601953651187,2026-06-10 18:07:30,2026-06-10 18:08:29,"Time changed"
"16","2026-06-10 19:06:32","Collar_16_2026-06-10 19:06:32",2026-06-10 19:08:01.5,NA,NA,NA,NA,NA,-18.7621891412685,0.00475467110245243,0.00149255786370024,645.571227944825,0.092492435138759,0.00232603763688636,0.148910653077355,0.200219836509771,-22.2341328693134,0.248564995243199,0.19146315875071,-18.0219556508979,TRUE,0.00349864036431782,0.00132559893353489,0.185004513108035,2026-06-10 19:07:32,2026-06-10 19:08:31,"Time changed"
"16","2026-06-10 20:06:29","Collar_16_2026-06-10 20:06:29",2026-06-10 20:07:58.5,NA,NA,NA,NA,NA,42.2387356435797,0.00840031548542185,0.00248142346926316,646.225689021723,0.153771525288557,0.00128109878747428,0.164988567219022,0.332871651686369,35.7443116811772,0.298978644666053,0.310396065359883,42.6305074222258,TRUE,0.00864343035726999,0.00252959127193806,0.285921579855101,2026-06-10 20:07:29,2026-06-10 20:08:28,"Time changed"
"16","2026-06-10 21:06:30","Collar_16_2026-06-10 21:06:30",2026-06-10 21:07:59.5,NA,NA,NA,NA,NA,-17.0270704608489,0.0032017699589841,0.00151429601972501,647.492903436255,0.093839528631786,0.038793827683547,0.0715621734071151,0.203135911089628,-18.1147695201212,0.147043599460398,0.19814982481239,-16.9928104617143,TRUE,0.00319017094493137,0.00170938836420213,0.219716563274502,2026-06-10 21:07:30,2026-06-10 21:08:29,"Time changed"
"16","2026-06-10 22:06:30","Collar_16_2026-06-10 22:06:30",2026-06-10 22:07:59.5,NA,NA,NA,NA,NA,49.9621641556752,0.00521489877100867,0.00264638426316426,651.131228325757,0.163993993643995,0.0535518651959807,0.0627499566375846,0.355000390537081,53.6995817596197,0.0668427503435662,0.36049437845229,51.2894081082611,TRUE,0.0040445754455833,0.00268059085137452,0.301042167586722,2026-06-10 22:07:30,2026-06-10 22:08:29,"Time changed"
"16","2026-06-10 23:06:28","Collar_16_2026-06-10 23:06:28",2026-06-10 23:07:57.5,NA,NA,NA,NA,NA,63.0761861650421,-0.00113941339019818,0.00295198491333834,651.61922644928,0.182931784266407,0.700922143895616,0.0025620774442455,0.395995325275118,62.6796837939526,0.0730358661258416,0.388506750892168,63.3614271521306,TRUE,-0.00116806506363246,0.00296069637456786,0.37657132314162,2026-06-10 23:07:28,2026-06-10 23:08:27,"Time changed"
"29","2026-06-10 00:10:08","Collar_29_2026-06-10 00:10:08",2026-06-10 00:10:52.5,NA,NA,NA,NA,NA,4.98719620905072,-0.0131867644645564,0.00519473823373685,601.680268435299,0.235497982958281,0.0169771553210966,0.187084054412072,0.246271138585227,7.31780140536089,0.23108439059654,0.248554927588999,5.25232256280405,TRUE,-0.0105979377423337,0.00494255236623432,0.223956248940124,2026-06-10 00:10:38,2026-06-10 00:11:07,"Time changed"
"29","2026-06-10 00:31:13","Collar_29_2026-06-10 00:31:13",2026-06-10 00:31:57.5,NA,NA,NA,NA,NA,17.5823226507319,0.01788150967948,0.00640811405974668,599.247025324872,0.290505097222458,0.00936811195986037,0.217584248091478,0.303794623457395,19.9734694058065,0.258438713790122,0.306921390468948,17.8064582891174,TRUE,0.0208135357876638,0.00643961089896045,0.29011587515686,2026-06-10 00:31:43,2026-06-10 00:32:12,"Time changed"
"29","2026-06-10 01:31:12","Collar_29_2026-06-10 01:31:12",2026-06-10 01:31:56.870968,NA,NA,NA,NA,NA,-15.9122594296216,0.0197712890813261,0.0029905223821277,600.629728824196,0.136717324790001,1.146854637686e-08,0.421460918454546,0.206128526151888,-12.6606506034621,0.428402383794416,0.208390818277829,-15.6969043856355,TRUE,0.0184533705424283,0.00308015566589423,0.208817888508063,2026-06-10 01:31:42,2026-06-10 01:32:11,"Time changed"
"29","2026-06-10 02:31:12","Collar_29_2026-06-10 02:31:12",2026-06-10 02:31:56.5,NA,NA,NA,NA,NA,-0.661235389897646,-0.0138494677542763,0.00347257624860405,602.693447062681,0.157425584393078,0.000188919760712487,0.215219957963544,0.232818045223407,1.6727090812932,0.23671164302987,0.233672156067089,-0.585884910730666,TRUE,-0.0140667231875802,0.00410506292353392,0.239304502823779,2026-06-10 02:31:42,2026-06-10 02:32:11,"Time changed"
"29","2026-06-10 03:31:12","Collar_29_2026-06-10 03:31:12",2026-06-10 03:31:56.5,NA,NA,NA,NA,NA,-16.7863244308265,-0.00675162183633541,0.00303593974117594,601.261042463684,0.137631128511265,0.0300632470905305,0.0785712544317191,0.203543854865901,-26.3887822181817,0.265479562752619,0.184947745736662,-16.2668859709889,TRUE,-0.00637879884114858,0.00300978833613041,0.19534092333458,2026-06-10 03:31:42,2026-06-10 03:32:11,"Time changed"
"29","2026-06-10 04:31:12","Collar_29_2026-06-10 04:31:12",2026-06-10 04:31:56.5,27.1046888704939,-0.00926150065179832,0.0447917148378721,0.0676241483398724,0.293430240289605,27.1927850076068,-0.00888515687048403,0.00437984611361154,600.487020115946,0.198555707528156,0.0470939887226171,0.0662541643189991,0.293645736637256,30.4071832022716,0.078400347172353,0.296893367259848,27.3959830097273,TRUE,-0.0108074830785417,0.00445847056135178,0.277476733626042,2026-06-10 04:31:42,2026-06-10 04:32:11,"Time changed"
"29","2026-06-10 05:31:12","Collar_29_2026-06-10 05:31:12",2026-06-10 05:31:56.5,NA,NA,NA,NA,NA,32.6376385705935,2.45037859706129e-06,0.00458315382665506,600.131854524093,0.207772448427758,0.999575246534916,4.92844048995177e-09,0.307276453701759,29.7614700148596,0.108279747791128,0.295300091413543,32.6553751444465,TRUE,8.7469360837816e-05,0.00505391234504672,0.300646736406174,2026-06-10 05:31:42,2026-06-10 05:32:11,"Time changed"
"29","2026-06-10 06:31:12","Collar_29_2026-06-10 06:31:12",2026-06-10 06:31:56.5,NA,NA,NA,NA,NA,30.9319319579971,0.00777994003044827,0.00800493717059717,599.899745612032,0.362895390019935,0.339425566200783,0.0326339361947266,0.379496502538502,34.3777348363896,0.0503402689508322,0.390201295472114,30.9871048171515,TRUE,0.00876737063113346,0.00797847812004128,0.41323816020006,2026-06-10 06:31:42,2026-06-10 06:32:11,"Time changed"
"29","2026-06-10 07:31:12","Collar_29_2026-06-10 07:31:12",2026-06-10 07:31:56.5,NA,NA,NA,NA,NA,26.321035905268,-0.00669657640342227,0.00741281478426816,601.01291787445,0.336052145688715,0.374031876205934,0.0283207186523343,0.351425279754645,29.0138075347704,0.0697517243953254,0.356831599299664,26.4481993620233,TRUE,-0.0088427571200492,0.00847297493877144,0.338307180556627,2026-06-10 07:31:42,2026-06-10 07:32:11,"Time changed"
"29","2026-06-10 08:31:12","Collar_29_2026-06-10 08:31:12",2026-06-10 08:31:56.5,-4.78151582300979,-0.0451494117204311,0.00607954900358112,0.239314420048997,0.209269155991698,-3.60211477777728,-0.0122380235165256,0.00450186183379184,601.937476375123,0.204087161607025,0.0111299755038113,0.208813692863014,0.213423389144243,-7.59289625001186,0.393821746017949,0.19386309810784,-3.3467056930517,TRUE,-0.0140628625118556,0.00447245817201254,0.199676040415368,2026-06-10 08:31:42,2026-06-10 08:32:11,"Time changed"
"29","2026-06-10 09:31:12","Collar_29_2026-06-10 09:31:12",2026-06-10 09:31:56.5,-8.96481068947134,-0.038515331355492,0.00468889576248988,0.252167681215845,0.195175600754141,-8.70334581722542,-0.0124849191794932,0.00413493055843501,601.623953245836,0.187452718957028,0.00535414470975629,0.2456214665103,0.196027982696659,-13.3226227583327,0.434005113071792,0.176206532699128,-8.70220882580809,TRUE,-0.0123883006570496,0.0045206898364304,0.189011951959858,2026-06-10 09:31:42,2026-06-10 09:32:11,"Time changed"
"29","2026-06-10 10:31:12","Collar_29_2026-06-10 10:31:12",2026-06-10 10:31:56.5,-26.8633288137427,-0.0168051108862193,4.56778401800156e-05,0.453214070303215,0.144834402002756,-25.0937450336229,-0.014168121072799,0.00314652042232851,602.864958620557,0.142644187147494,0.000107833009651417,0.419991070889953,0.14916962744263,-26.7141466455256,0.519081999692058,0.140958387612584,-24.7318517014143,TRUE,-0.0143017108719403,0.00319748589064884,0.103118873947159,2026-06-10 10:31:42,2026-06-10 10:32:11,"Time changed"
"29","2026-06-10 11:31:12","Collar_29_2026-06-10 11:31:12",2026-06-10 11:31:56.5,NA,NA,NA,NA,NA,2.77703477665548,-0.00941596813188506,0.00500686620445578,602.91113899877,0.226981002513985,0.070463840319879,0.112145478204826,0.237364538006417,1.08203898242572,0.265658110540395,0.224019809669994,2.81510518065103,TRUE,-0.00994097076741744,0.00538112024946554,0.25377283033143,2026-06-10 11:31:42,2026-06-10 11:32:11,"Time changed"
"29","2026-06-10 12:31:12","Collar_29_2026-06-10 12:31:12",2026-06-10 12:31:56.5,NA,NA,NA,NA,NA,17.3255094031458,-0.0447706631281574,0.00638074453229862,605.446200536904,0.289264328541049,1.24577420670906e-07,0.637454306519225,0.302497094229955,-5.68030010098133,0.852628462043119,0.20014234383708,17.4986251776427,TRUE,-0.0461361643256807,0.00658046917829565,0.319576500783656,2026-06-10 12:31:42,2026-06-10 12:32:11,"Time changed"
"29","2026-06-10 13:31:12","Collar_29_2026-06-10 13:31:12",2026-06-10 13:31:56.5,-2.24475101399023,-0.0421248124939976,6.52452447175257e-05,0.43964186861187,0.218306636653414,-0.902503261140572,-0.0209442146639981,0.00470904240976342,605.03191397867,0.213479474665761,0.000125292256022923,0.414001229518244,0.223245365544497,-2.64869890508522,0.516148599109153,0.210514707318822,-0.894340472585855,TRUE,-0.0209222846900918,0.00443561322213369,0.199604347659186,2026-06-10 13:31:42,2026-06-10 13:32:11,"Time changed"
"29","2026-06-10 14:31:12","Collar_29_2026-06-10 14:31:12",2026-06-10 14:31:56.5,NA,NA,NA,NA,NA,-2.09008054804428,-0.0100252075239079,0.00461675290025928,603.525554399168,0.209295627018678,0.0385223599861251,0.144132518628282,0.218870122449966,-10.0680724847615,0.425873844779505,0.186028389326097,-1.70672448298943,TRUE,-0.0122541316345244,0.00561576982184228,0.181671136293614,2026-06-10 14:31:42,2026-06-10 14:32:11,"Time changed"
"29","2026-06-10 15:31:12","Collar_29_2026-06-10 15:31:12",2026-06-10 15:31:56.5,NA,NA,NA,NA,NA,0.287135174931959,-0.0044529064607086,0.00480334180283558,603.547064923551,0.217754438266133,0.361826474048436,0.0297791789748727,0.227715892807826,-1.87162004815905,0.209842845550278,0.21325888142689,0.345791751488047,TRUE,-0.00333800664251683,0.00494977414755092,0.226651139193902,2026-06-10 15:31:42,2026-06-10 15:32:11,"Time changed"
"29","2026-06-10 16:31:12","Collar_29_2026-06-10 16:31:12",2026-06-10 16:31:56.5,NA,NA,NA,NA,NA,-2.47211969956666,-0.0105002046061807,0.00458744995053143,604.599639765054,0.207967208675898,0.0298340252586416,0.157617412956363,0.217480933915591,-4.24353204928643,0.305040286082882,0.20499282259143,-2.46954742270703,TRUE,-0.0104269925715978,0.00517071262103437,0.241047856376794,2026-06-10 16:31:42,2026-06-10 16:32:11,"Time changed"
"29","2026-06-10 17:31:12","Collar_29_2026-06-10 17:31:12",2026-06-10 17:31:56.5,NA,NA,NA,NA,NA,7.9682852333499,-0.0119822192058762,0.00545935719098512,602.180136374515,0.247494204496409,0.0366346207461267,0.146787962898758,0.258816142579757,9.63871635952919,0.21053476471678,0.258357884666959,8.07275841758893,TRUE,-0.0126701151969942,0.00525968787027755,0.200163992821699,2026-06-10 17:31:42,2026-06-10 17:32:11,"Time changed"
"29","2026-06-10 18:31:12","Collar_29_2026-06-10 18:31:12",2026-06-10 18:31:56.5,NA,NA,NA,NA,NA,-16.0901009082846,0.0191808309377497,0.0036559572114674,599.983889226701,0.165738967074576,1.41412202210492e-05,0.495725697468997,0.173320907536716,-12.7582164956754,0.506832017404024,0.177871887735284,-16.0326337662137,TRUE,0.019518646410972,0.00401667525699798,0.16850980067952,2026-06-10 18:31:42,2026-06-10 18:32:11,"Time changed"
"29","2026-06-10 19:31:12","Collar_29_2026-06-10 19:31:12",2026-06-10 19:31:56.5,NA,NA,NA,NA,NA,14.3123665986909,0.00244635068602902,0.00606822257937357,600.155466354893,0.275096475180113,0.68990625041015,0.00577089092528337,0.287681114344792,17.3936338438505,0.0357570873323428,0.294004301542516,14.7672637976211,TRUE,0.00313424935024336,0.00479091075562227,0.22992550994763,2026-06-10 19:31:42,2026-06-10 19:32:11,"Time changed"
"29","2026-06-10 20:31:12","Collar_29_2026-06-10 20:31:12",2026-06-10 20:31:56.5,-14.3000130757705,0.0347178195308699,8.97634303591108e-05,0.427236129163405,0.17856981233179,-12.6440176957931,0.0165462615467938,0.00387208325149116,599.624833513352,0.175536813318263,0.000201183547694132,0.394730759292045,0.183566968754758,-13.9001984172436,0.492007155956292,0.174518460575468,-12.5664479982295,TRUE,0.0158095591333192,0.00429244308375909,0.183768868801318,2026-06-10 20:31:42,2026-06-10 20:32:11,"Time changed"
"29","2026-06-10 21:31:12","Collar_29_2026-06-10 21:31:12",2026-06-10 21:31:56.5,NA,NA,NA,NA,NA,20.8919782191221,0.0134568546425871,0.00677152239487815,601.723995582814,0.306979831090256,0.0567540372159452,0.123610064863889,0.321023015040816,18.6337811287766,0.288621559264943,0.300144348242586,20.9392032747304,TRUE,0.0120352457109876,0.00768029787394031,0.326170400072437,2026-06-10 21:31:42,2026-06-10 21:32:11,"Time changed"
"29","2026-06-10 22:31:12","Collar_29_2026-06-10 22:31:12",2026-06-10 22:31:56.5,NA,NA,NA,NA,NA,12.3753799282569,0.00306161192347971,0.00587544986864884,601.919243461667,0.266357327507523,0.60640426374071,0.00960436633287624,0.278542183214437,9.59095768829641,0.210059927281069,0.258152319335968,12.7072368017358,TRUE,0.00370804997905164,0.00738898324176201,0.206441300695197,2026-06-10 22:31:42,2026-06-10 22:32:11,"Time changed"
"29","2026-06-10 23:31:12","Collar_29_2026-06-10 23:31:12",2026-06-10 23:31:56.5,NA,NA,NA,NA,NA,4.47144454837189,0.0035025159113904,0.00515027635372925,602.896500111389,0.233482350487655,0.502048744567048,0.016248988387239,0.244163298436132,8.43367000535694,0.0174869003612049,0.253220757532813,4.49619043412864,TRUE,0.00416178331821558,0.00606819610963083,0.246950603342148,2026-06-10 23:31:42,2026-06-10 23:32:11,"Time changed"
"30","2026-06-10 00:13:07","Collar_30_2026-06-10 00:13:07",2026-06-10 00:14:06.5,NA,NA,NA,NA,NA,4.84552126026136,-0.01338771353081,0.0018170644424654,601.222725768688,0.112601808730565,7.06218307977263e-10,0.483452857554439,0.243750915422604,2.71199678747657,0.533647796851086,0.235704716751732,4.9881564685227,TRUE,-0.0129898944546308,0.0017065357183544,0.195543986576914,2026-06-10 00:13:37,2026-06-10 00:14:36,NA
"30","2026-06-10 00:34:12","Collar_30_2026-06-10 00:34:12",2026-06-10 00:35:11.5,NA,NA,NA,NA,NA,-11.1330752946765,-0.00509788170982535,0.00159052998390517,599.978879481215,0.0985636771279949,0.00219600781611222,0.150468996946197,0.213362350020983,-14.0471018319393,0.242933829981399,0.204981691676453,-11.1017776730942,TRUE,-0.00522074575636461,0.00154791614549235,0.222121472969736,2026-06-10 00:34:42,2026-06-10 00:35:41,NA
"30","2026-06-10 01:34:10","Collar_30_2026-06-10 01:34:10",2026-06-10 01:35:09.5,NA,NA,NA,NA,NA,-80.2677342746077,-0.00710946280941784,0.000897872872196278,602.15801787672,0.0556403543301046,1.47691869700921e-12,0.3469716030609,0.170335736853984,-86.9264442161474,0.402473859658218,0.164335050955423,-79.7609567167405,TRUE,-0.00774082888825065,0.00087296766906125,0.166128711959412,2026-06-10 01:34:40,2026-06-10 01:35:39,NA
"30","2026-06-10 02:34:12","Collar_30_2026-06-10 02:34:12",2026-06-10 02:35:11.5,NA,NA,NA,NA,NA,-54.7368622763398,-0.011564725316538,0.000998652753267189,602.047429201704,0.0618855906723219,3.52253863780495e-21,0.531939144944932,0.189454718876772,-75.1893392163909,0.618226432177784,0.172571551460892,-54.2773799968159,TRUE,-0.0118503433606238,0.0009952934607178,0.172753295470086,2026-06-10 02:34:42,2026-06-10 02:35:41,NA
"30","2026-06-10 03:34:12","Collar_30_2026-06-10 03:34:12",2026-06-10 03:35:11.5,-21.1798307332249,-0.0643848274245967,3.87770553238043e-22,0.549003656893141,0.217885786468167,-17.2110916493928,-0.0135736745548954,0.00116766872991144,600.504356280208,0.0723593549647341,2.76639242025834e-21,0.533838539088116,0.221518791434587,-17.2072283764071,0.549106613780159,0.219730999804046,-17.1846422541992,TRUE,-0.0135773599622938,0.00107905648277571,0.217645666500673,2026-06-10 03:34:42,2026-06-10 03:35:41,NA
"30","2026-06-10 04:34:12","Collar_30_2026-06-10 04:34:12",2026-06-10 04:35:11.5,NA,NA,NA,NA,NA,17.709868454714,-0.00733794366956105,0.00135055176391472,600.051448401997,0.0836924480205656,3.01801138672406e-07,0.200112117874345,0.256213587679897,18.7857503048591,0.219367944386862,0.255283531206014,17.7731281929389,TRUE,-0.00754954818057462,0.00143179502515334,0.28564510493611,2026-06-10 04:34:42,2026-06-10 04:35:41,NA
"30","2026-06-10 05:34:11","Collar_30_2026-06-10 05:34:11",2026-06-10 05:35:10.5,0.959016317706055,-0.0124705844457674,5.07630435180121e-12,0.333377983994889,0.238940891694766,0.0305059332480475,-0.0097496811926292,0.00125464066948899,600.438176295839,0.0777489258992406,3.19239181382049e-12,0.33851612548894,0.238018264658812,3.61447068118858,0.340805493042956,0.239645596195624,0.138319457337882,TRUE,-0.00981577689727608,0.00129294758169448,0.249883201833784,2026-06-10 05:34:41,2026-06-10 05:35:40,NA
"30","2026-06-10 06:34:10","Collar_30_2026-06-10 06:34:10",2026-06-10 06:35:09.5,NA,NA,NA,NA,NA,11.269686125781,0.000587904692868837,0.00191699137034374,600.323855147189,0.118794188349597,0.76018456425667,0.00161898140296779,0.257155657476036,10.4456221078239,0.0787477197716046,0.251395324740073,11.3737604182317,TRUE,0.000669424210146847,0.00209629737674874,0.249884777866514,2026-06-10 06:34:40,2026-06-10 06:35:39,NA
"30","2026-06-10 07:34:12","Collar_30_2026-06-10 07:34:12",2026-06-10 07:35:11.5,NA,NA,NA,NA,NA,23.4878193214333,-0.0105788404989016,0.0021224577623179,601.601126642773,0.131526751284043,5.94813655936301e-06,0.29987758958092,0.28471803774271,27.0958056063052,0.304436971977554,0.288812655846058,23.5255681284383,TRUE,-0.0108510028048665,0.00212651810371954,0.32463634618061,2026-06-10 07:34:42,2026-06-10 07:35:41,NA
"30","2026-06-10 08:34:10","Collar_30_2026-06-10 08:34:10",2026-06-10 08:35:09.5,3.68550215628244,-0.0138380021028048,2.75052738479212e-08,0.415352071877358,0.241405970118127,2.4886124469436,-0.0117112034213944,0.00178172384591357,601.867785525042,0.110411784535301,1.52282471466905e-08,0.42689916876994,0.23901013542616,1.39287150683134,0.4735624788253,0.23312787219846,2.49867522407369,TRUE,-0.0115550598813778,0.00183570172085871,0.245765477560668,2026-06-10 08:34:40,2026-06-10 08:35:39,NA
"30","2026-06-10 09:34:12","Collar_30_2026-06-10 09:34:12",2026-06-10 09:35:11.5,-12.5514050523392,-0.0180065000539078,3.16844342309306e-11,0.535123093348169,0.210855376600152,-13.8693037138485,-0.0129640518811289,0.00155467322742036,601.830281658115,0.0963416669774229,1.6610472292419e-11,0.54522277849796,0.208552329521435,-14.1924502292649,0.576837936695687,0.204733560643103,-13.5170759203623,TRUE,-0.0125658459618689,0.00154008094253242,0.18808196443394,2026-06-10 09:34:42,2026-06-10 09:35:41,NA
"30","2026-06-10 10:34:12","Collar_30_2026-06-10 10:34:12",2026-06-10 10:35:11.5,NA,NA,NA,NA,NA,1.22783140859597,-0.0119032782846323,0.00176310214474039,602.889519069094,0.109257814877024,7.65919561450121e-09,0.44004855697269,0.23651211906438,4.36475053485373,0.448045624456122,0.238973524420335,1.27245826343852,TRUE,-0.0115926948150687,0.00188607749594847,0.191835976732833,2026-06-10 10:34:42,2026-06-10 10:35:41,NA
"30","2026-06-10 11:34:12","Collar_30_2026-06-10 11:34:12",2026-06-10 11:35:11.5,NA,NA,NA,NA,NA,-2.48305624852929,-0.0167173395386742,0.00170941426364276,603.150114645976,0.105930826368954,7.04342804267136e-14,0.622494202894974,0.229310134446326,0.388269317107209,0.629529179493221,0.231184345754174,-2.3275458342045,TRUE,-0.0160857664496008,0.00171768756716708,0.219238813313145,2026-06-10 11:34:42,2026-06-10 11:35:41,NA
"30","2026-06-10 12:34:12","Collar_30_2026-06-10 12:34:12",2026-06-10 12:35:11.5,-38.2458053321183,-0.0546195159009457,1.43851094976962e-24,0.837658147134836,0.170213320550533,-33.6517113276785,-0.0217808490307459,0.00131839090762644,604.105174664087,0.0816994693987009,1.33504719962214e-23,0.8247396560462,0.176856132951874,-40.7028167115159,0.854221629450398,0.16415148802278,-33.4936524809457,TRUE,-0.0214969999905152,0.00130393482494932,0.162806744530875,2026-06-10 12:34:42,2026-06-10 12:35:41,NA
"30","2026-06-10 13:34:12","Collar_30_2026-06-10 13:34:12",2026-06-10 13:35:11.5,NA,NA,NA,NA,NA,-20.1347908135119,-0.0232963810451163,0.001475582737311,604.846554284324,0.0914405022022116,1.15855127874942e-22,0.8112337976058,0.197942700652565,-16.5707846399763,0.812600507597441,0.200715799803247,-20.0556753678069,TRUE,-0.0236554021027791,0.00157130676104896,0.188735797121172,2026-06-10 13:34:42,2026-06-10 13:35:41,NA
"30","2026-06-10 14:34:12","Collar_30_2026-06-10 14:34:12",2026-06-10 14:35:11.5,-37.5093427217266,-0.0254197283067426,9.46436224066777e-19,0.742844920996669,0.171261163887407,-37.6634920209694,-0.016532604682892,0.00127504373228133,603.653432129825,0.0790132848951959,8.7811147619456e-19,0.743504744293325,0.17104130689264,-40.6496565418965,0.771696908960327,0.164224223473766,-37.6601640729098,TRUE,-0.0165286578566885,0.00133175592785007,0.16260021395489,2026-06-10 14:34:42,2026-06-10 14:35:41,NA
"30","2026-06-10 15:34:12","Collar_30_2026-06-10 15:34:12",2026-06-10 15:35:11.5,-12.9907376938137,-0.0199429923184924,3.85450771825161e-22,0.803276938653575,0.210084824251078,-16.0063518243137,-0.0242453803000245,0.00152723154116996,604.280281473208,0.0946411309731965,8.92232518767502e-23,0.812919926782697,0.204871152350195,-13.0418796931416,0.816121001136586,0.206706004871812,-15.9680314714033,TRUE,-0.0240859678928535,0.00164624357637269,0.214350016773644,2026-06-10 15:34:42,2026-06-10 15:35:41,NA
"30","2026-06-10 16:34:12","Collar_30_2026-06-10 16:34:12",2026-06-10 16:35:11.5,NA,NA,NA,NA,NA,7.69211966188977,-0.00528177995078089,0.00186068352828141,604.757976406065,0.115304843275335,0.0062354069800474,0.121980830411344,0.249602217032537,5.99551794417378,0.201507907486999,0.242243276917297,7.72761150957402,TRUE,-0.0056223322647978,0.00165099567480672,0.188274122459967,2026-06-10 16:34:42,2026-06-10 16:35:41,NA
"30","2026-06-10 17:34:13","Collar_30_2026-06-10 17:34:13",2026-06-10 17:35:12.5,-33.9601947317418,-0.0333133031259928,1.59156652193372e-16,0.693484194743197,0.176402073643245,-26.7539095450945,-0.0146327654204241,0.00139639465026343,602.21133820787,0.086533289434693,5.32715290539213e-15,0.654368190502661,0.187319979599138,-32.2473350024081,0.704948382254488,0.176135230743552,-26.7062047270871,TRUE,-0.0144125833211541,0.00142703016324529,0.186674141394598,2026-06-10 17:34:43,2026-06-10 17:35:42,NA
"30","2026-06-10 18:34:12","Collar_30_2026-06-10 18:34:12",2026-06-10 18:35:11.5,-50.3061065864963,-0.0188790446241394,1.42653615162769e-07,0.382032233680839,0.153938006585606,-47.8126253313558,-0.00663147070260639,0.00117163987135038,601.461793511269,0.0726054429395462,4.91918311592943e-07,0.355809610065445,0.157170150112998,-47.5717137635356,0.39493079187273,0.155019187589555,-47.7878641696328,TRUE,-0.00672432742859987,0.00121367392133614,0.174683145621727,2026-06-10 18:34:42,2026-06-10 18:35:41,NA
"30","2026-06-10 19:34:11","Collar_30_2026-06-10 19:34:11",2026-06-10 19:35:10.5,NA,NA,NA,NA,NA,-4.43909625261144,0.00318998884196581,0.00168177610880534,600.428230706758,0.104218115387473,0.0628379724255837,0.0584085574034485,0.225602601909355,-22.1433192356361,0.344214064381626,0.191608109134601,-4.29692516418859,TRUE,0.00294738861237654,0.001757469435298,0.231212330101616,2026-06-10 19:34:41,2026-06-10 19:35:40,NA
"30","2026-06-10 20:34:10","Collar_30_2026-06-10 20:34:10",2026-06-10 20:35:09.5,-18.358249063083,-0.00638893833555636,0.296974306469689,0.0187383145369847,0.200894945607502,-17.9544460028237,-0.00126713942124218,0.00150263844759163,600.45867473602,0.0931171196313411,0.40253832434539,0.0121121009780505,0.201572100906176,-18.2361490005815,0.0801528525596948,0.197949498454184,-17.9137092489529,TRUE,-0.0011615964873399,0.00156654600042076,0.212380605937761,2026-06-10 20:34:40,2026-06-10 20:35:39,NA
"30","2026-06-10 21:34:10","Collar_30_2026-06-10 21:34:10",2026-06-10 21:35:09.5,NA,NA,NA,NA,NA,42.2568055640068,-0.00578171606952075,0.00248179715676985,603.042532212248,0.153794682358923,0.0233275373942478,0.085566738128355,0.332921780162668,23.5240074913891,0.373953581338628,0.280342829125454,42.3845082313954,TRUE,-0.00514347655601752,0.00266195245777802,0.245036979421136,2026-06-10 21:34:40,2026-06-10 21:35:39,NA
"30","2026-06-10 22:34:13","Collar_30_2026-06-10 22:34:13",2026-06-10 22:35:12.5,NA,NA,NA,NA,NA,4.57798438776832,-0.0122484071552995,0.0018130178572026,602.7907487067,0.112351045571525,7.52781304346235e-09,0.440375864438744,0.243208084448044,-16.8564514336165,0.633734636272602,0.200238552760742,4.80717329505118,TRUE,-0.0130090550225797,0.00185040497777763,0.248503719143957,2026-06-10 22:34:43,2026-06-10 22:35:42,NA
"30","2026-06-10 23:34:11","Collar_30_2026-06-10 23:34:11",2026-06-10 23:35:10.5,NA,NA,NA,NA,NA,24.1838734298065,-0.0103358936532316,0.00213480474878848,603.531069697301,0.132291882655538,9.93837711597965e-06,0.287829701644835,0.286374329718151,25.8279931264897,0.315250968215132,0.285777382324591,24.2041720755678,TRUE,-0.010326493713439,0.00202723665399974,0.232260560145557,2026-06-10 23:34:41,2026-06-10 23:35:40,NA
"31","2026-06-10 00:16:07","Collar_31_2026-06-10 00:16:07",2026-06-10 00:17:06.5,NA,NA,NA,NA,NA,13.104457976566,-0.00889996106428277,0.00194652693928266,600.518332674705,0.120624480334122,2.58166698897507e-05,0.264941184243151,0.261117719469073,15.2615004954375,0.287175990158109,0.261689587019403,13.1630880139391,TRUE,-0.00856265254914606,0.00202624118094418,0.254278474467103,2026-06-10 00:16:37,2026-06-10 00:17:36,NA
"31","2026-06-10 00:37:13","Collar_31_2026-06-10 00:37:13",2026-06-10 00:38:12.5,NA,NA,NA,NA,NA,-1.22982524950569,0.00482608840483049,0.00172736023527579,600.113464343496,0.107042921690441,0.00704567124792868,0.118620478811693,0.231717504769288,-1.92426489064153,0.184951470359506,0.226771818580251,-1.04563877524645,TRUE,0.00468683826802321,0.00166314097618524,0.224448715469543,2026-06-10 00:37:43,2026-06-10 00:38:42,NA
"31","2026-06-10 01:37:10","Collar_31_2026-06-10 01:37:10",2026-06-10 01:38:09.5,NA,NA,NA,NA,NA,-61.6762400941658,-0.00708320370522568,0.000970191087632817,602.117461841035,0.0601218474857751,3.63027111444314e-11,0.31115876122176,0.184055247595205,-60.9128498100125,0.329489693373363,0.183148502727171,-61.2818915369257,TRUE,-0.00761579110234601,0.00104167867023182,0.150254061927046,2026-06-10 01:37:40,2026-06-10 01:38:39,NA
"31","2026-06-10 02:37:11","Collar_31_2026-06-10 02:37:11",2026-06-10 02:38:10.5,-5.3686013078108,-0.0179317792237266,2.56732370822933e-13,0.365781892839418,0.232723518434829,0.545602085356073,-0.00966665129636306,0.00125733631361711,601.837206972315,0.0779159724813142,4.91304640415618e-12,0.333741361562029,0.238529656129787,-7.90610067763147,0.399409251621698,0.228413770881807,0.58963469664627,TRUE,-0.00956212567293965,0.00131257640810662,0.24739478515667,2026-06-10 02:37:41,2026-06-10 02:38:40,NA
"31","2026-06-10 03:37:12","Collar_31_2026-06-10 03:37:12",2026-06-10 03:38:11.5,NA,NA,NA,NA,NA,4.727780092952,-0.00793399648079998,0.00127943834430242,599.947529736306,0.0792856149516756,8.54059868778745e-09,0.2457863086672,0.242722639122516,-0.656557241821218,0.302520636423604,0.235418598499485,4.76609759294697,TRUE,-0.00768768754801515,0.00141784258840008,0.242495529426458,2026-06-10 03:37:42,2026-06-10 03:38:41,NA
"31","2026-06-10 04:37:12","Collar_31_2026-06-10 04:37:12",2026-06-10 04:38:11.5,NA,NA,NA,NA,NA,-2.94532624021632,-0.00646613400931508,0.00123918005103696,600.40949270854,0.0767908456236564,7.83643834800397e-07,0.187486202540172,0.235085226009585,-16.7767890894158,0.299680001146545,0.220125440307607,-2.81473865476498,TRUE,-0.00635462861183056,0.00122400928288998,0.241062763708753,2026-06-10 04:37:42,2026-06-10 04:38:41,NA
"31","2026-06-10 05:37:12","Collar_31_2026-06-10 05:37:12",2026-06-10 05:38:11.5,NA,NA,NA,NA,NA,18.0117402609204,-0.00662701809146318,0.00135225155560705,600.533818381529,0.0837977825450593,3.07361454828669e-06,0.169114389922747,0.256536055681077,19.9080636931992,0.183553412401919,0.256480110664918,18.438588991147,TRUE,-0.00718860139596013,0.00140035258309039,0.252327065489617,2026-06-10 05:37:42,2026-06-10 05:38:41,NA
"31","2026-06-10 06:37:11","Collar_31_2026-06-10 06:37:11",2026-06-10 06:38:10.5,NA,NA,NA,NA,NA,19.9647446728431,0.00073263455776794,0.00206105045745103,600.644689212773,0.127721397199904,0.723529615215213,0.00217382435925282,0.276480527599907,20.7772898209295,0.0537991695123326,0.273998855679918,20.0062276646568,TRUE,0.000351475095226808,0.0022245654388229,0.265687365614078,2026-06-10 06:37:41,2026-06-10 06:38:40,NA
"31","2026-06-10 07:37:12","Collar_31_2026-06-10 07:37:12",2026-06-10 07:38:11.5,39.4033991119985,0.0163034266341553,0.294889791344496,0.0188992189068675,0.325098814548451,39.5675176495972,-0.00237254264337504,0.00242679686462345,601.754259262993,0.150386364947796,0.332310849157567,0.016211931544608,0.325543741582481,40.9101198613935,0.058833057865399,0.324049899163917,39.5989930189712,TRUE,-0.00218397262054573,0.00249991471306255,0.372969046392419,2026-06-10 07:37:42,2026-06-10 07:38:41,NA
"31","2026-06-10 08:37:10","Collar_31_2026-06-10 08:37:10",2026-06-10 08:38:09.5,NA,NA,NA,NA,NA,0.500010283311822,-0.011992546037079,0.00175244098344107,602.060777036428,0.108597152537585,5.36971355393759e-09,0.446729997889934,0.235081972854127,4.22539258568331,0.449256507180446,0.238696161668864,0.68715491433743,TRUE,-0.0123718041573495,0.00174227378890781,0.224762434690862,2026-06-10 08:37:40,2026-06-10 08:38:39,NA
"31","2026-06-10 09:37:11","Collar_31_2026-06-10 09:37:11",2026-06-10 09:38:10.5,-39.7859748061499,-0.0209202875157687,6.44433747869121e-17,0.702827293552299,0.168042635772245,-37.5460461272933,-0.0145531354908191,0.00127629224857475,601.784555350449,0.079090654299155,1.91742124445969e-16,0.691523514735816,0.171208789664483,-35.705213960324,0.702427025577409,0.171132207065671,-37.5236707616007,TRUE,-0.0143654636886842,0.00130759191178559,0.201030103244881,2026-06-10 09:37:41,2026-06-10 09:38:40,NA
"31","2026-06-10 10:37:11","Collar_31_2026-06-10 10:37:11",2026-06-10 10:38:10.5,8.18227883484343,-0.0233981328084178,5.8543964797093e-11,0.525318828337948,0.250623842243369,3.75226621871279,-0.015442073502018,0.00180058533205243,602.936808233935,0.111580613446895,6.68080833431877e-12,0.559103648367308,0.241540317848496,4.02674955404051,0.585647163430852,0.238301360784242,3.79819404436638,TRUE,-0.0157231192310746,0.00193940896030561,0.246372655407128,2026-06-10 10:37:41,2026-06-10 10:38:40,NA
"31","2026-06-10 11:37:11","Collar_31_2026-06-10 11:37:11",2026-06-10 11:38:10.5,5.95676627898311,-0.0838572016482169,1.51722334172502e-19,0.758493283880377,0.246018624054874,15.2250656934314,-0.0240851608090969,0.00198123117853249,603.792807893682,0.122775070053904,1.3737109054726e-17,0.71815171220398,0.265773135033043,5.31262650532932,0.776481328228891,0.240868643151152,15.6054600442891,TRUE,-0.0230971903642433,0.00192636801953354,0.226648194675116,2026-06-10 11:37:41,2026-06-10 11:38:40,NA
"31","2026-06-10 12:37:12","Collar_31_2026-06-10 12:37:12",2026-06-10 12:38:11.5,-4.07226496816988,-0.0683010963123266,1.49113103802253e-21,0.793922115566053,0.226293307859038,11.8042636685305,-0.0242047327209361,0.00192555025811278,604.146073466819,0.119324574736008,3.33553580059853e-18,0.731496758171945,0.258303793271304,-13.3285712823573,0.834773751359297,0.206212753710115,11.8982323677726,TRUE,-0.0237508884272841,0.0020356652101552,0.215235209303579,2026-06-10 12:37:42,2026-06-10 12:38:41,NA
"31","2026-06-10 13:37:11","Collar_31_2026-06-10 13:37:11",2026-06-10 13:38:10.5,3.06326634829981,-0.0595363094731558,6.57612675614423e-22,0.799634623865502,0.240157447905124,23.5470777903812,-0.0258116852832324,0.00212350613446214,604.894807540492,0.131591717939548,1.38056408339431e-17,0.718103653470333,0.284858672088906,-24.6318963606652,0.881857695443178,0.187675431976361,26.3566704203787,TRUE,-0.0227100684645096,0.00161684315941128,0.197973602608193,2026-06-10 13:37:41,2026-06-10 13:38:40,NA
"31","2026-06-10 14:37:13","Collar_31_2026-06-10 14:37:13",2026-06-10 14:38:12.5,-39.6342686156738,-0.0434653067408639,6.24669232905177e-23,0.81519711764469,0.168255212683326,-22.7365011794982,-0.0193085466948555,0.00144393506149602,603.219842842022,0.0894793249012842,2.28341981937568e-19,0.755083040195986,0.193697309146014,-57.4290397184831,0.871485264463062,0.142794212046994,-21.6875700638774,TRUE,-0.0181534652072194,0.00144185651718416,0.158777609095693,2026-06-10 14:37:43,2026-06-10 14:38:42,NA
"31","2026-06-10 15:37:13","Collar_31_2026-06-10 15:37:13",2026-06-10 15:38:12.5,-1.56416260780833,-0.040611542834766,1.04435107232256e-09,0.47655846103606,0.231072804813192,0.427168693654999,-0.0122831359219987,0.00175137755134063,603.401665887146,0.108531252630474,2.78297434131516e-09,0.458894534305607,0.234939318283428,1.74421148515005,0.482557580541204,0.233811431897564,0.493715382111816,TRUE,-0.01236632419028,0.00167357696015699,0.241031852688066,2026-06-10 15:37:43,2026-06-10 15:38:42,NA
"31","2026-06-10 16:37:11","Collar_31_2026-06-10 16:37:11",2026-06-10 16:38:10.5,NA,NA,NA,NA,NA,-21.5801621107921,-0.00996527678420951,0.00145791630374823,604.595485077816,0.0903457295972907,5.53926426121712e-09,0.446148187939816,0.195572829088001,-22.8821825651127,0.492990289565713,0.190431965344406,-21.1950737353945,TRUE,-0.00974466546282676,0.00153341239886023,0.179568207122672,2026-06-10 16:37:41,2026-06-10 16:38:40,NA
"31","2026-06-10 17:37:14","Collar_31_2026-06-10 17:37:14",2026-06-10 17:38:13.5,-4.3079632885083,-0.0214039632148485,1.05802987807519e-07,0.388211431690466,0.225849269476661,-1.40995589697462,-0.00980752013131291,0.00172476925942469,601.809169287169,0.106882361305024,4.45706763131853e-07,0.357936717698405,0.231369937164758,-2.18736678584266,0.407077704247768,0.226275162448692,-1.34882662946366,TRUE,-0.0101128439192854,0.00175367969220004,0.206796824770777,2026-06-10 17:37:44,2026-06-10 17:38:43,NA
"31","2026-06-10 18:37:12","Collar_31_2026-06-10 18:37:12",2026-06-10 18:38:11.5,NA,NA,NA,NA,NA,-72.9203596795678,0.0163697468298383,0.000950443318067549,600.245244199442,0.0588980964071251,1.78342068251892e-24,0.836454426088754,0.127497640381939,-73.5937890352478,0.848709594996604,0.124798229968979,-72.7607648165735,TRUE,0.0166259482551651,0.0010221217210339,0.112246334423067,2026-06-10 18:37:42,2026-06-10 18:38:41,NA
"31","2026-06-10 19:37:11","Collar_31_2026-06-10 19:37:11",2026-06-10 19:38:10.5,NA,NA,NA,NA,NA,-30.4807864765203,-0.0123599994719018,0.00135369292446973,601.080538973004,0.083887102844985,8.07989252004064e-13,0.58972171754191,0.181591737656207,-37.072380530785,0.656114380856684,0.16919355302624,-30.4357121020604,TRUE,-0.01240215483727,0.00141058008213961,0.184035247124848,2026-06-10 19:37:41,2026-06-10 19:38:40,NA
"31","2026-06-10 20:37:10","Collar_31_2026-06-10 20:37:10",2026-06-10 20:38:09.5,NA,NA,NA,NA,NA,-3.15690786291293,-0.00641544755234404,0.00169984206844935,600.560164761701,0.105337646255409,0.000379611028073499,0.197166914359234,0.228026068077258,-1.50109788145455,0.227928628997521,0.227572916511286,-2.72923997441721,TRUE,-0.00698493956161023,0.00145788010235485,0.179706491296697,2026-06-10 20:37:40,2026-06-10 20:38:39,NA
"31","2026-06-10 21:37:10","Collar_31_2026-06-10 21:37:10",2026-06-10 21:38:09.5,NA,NA,NA,NA,NA,22.1647936057732,-0.013996527093527,0.00209918573592684,603.029048167496,0.130084605258168,1.05774987301747e-08,0.433908119687292,0.281596201442362,20.2841685016192,0.486758764472151,0.272875210340588,22.634400682802,TRUE,-0.0144988779153572,0.00205526910153159,0.241598088132962,2026-06-10 21:37:40,2026-06-10 21:38:39,NA
"31","2026-06-10 22:37:14","Collar_31_2026-06-10 22:37:14",2026-06-10 22:38:13.5,-14.9387188123981,-0.0169708566945521,2.31254065149257e-06,0.321576346600551,0.206702011508963,-17.6447121345091,-0.00844677486220288,0.00150652194080008,602.161588526476,0.093357776126094,6.0038099737874e-07,0.35149347744421,0.202093053824782,-16.2396891503691,0.37894326113835,0.201270365310405,-17.6402962679012,TRUE,-0.00847949145015969,0.00153297398924181,0.221588951240677,2026-06-10 22:37:44,2026-06-10 22:38:43,NA
"31","2026-06-10 23:37:11","Collar_31_2026-06-10 23:37:11",2026-06-10 23:38:10.5,22.8574396207285,0.00538892045349693,0.374247812000403,0.0136361566776931,0.28322628877916,22.8678613960282,-0.00187868185850523,0.00211152075108031,603.090750556291,0.130848994778176,0.377286876796063,0.0134648140916872,0.28325088752016,26.399788035157,0.0211310528619309,0.287142348847646,22.8767372398466,TRUE,-0.00200313177379588,0.00206174251888589,0.31938068656252,2026-06-10 23:37:41,2026-06-10 23:38:40,NA
"32","2026-06-10 00:19:08","Collar_32_2026-06-10 00:19:08",2026-06-10 00:20:07.5,NA,NA,NA,NA,NA,5.46788110744912,-0.00530236427608511,0.00182651282207674,600.171973862388,0.113187316106609,0.0052191538407225,0.126866339316407,0.245018372495507,9.2777042495832,0.129629454932492,0.248960450438119,5.48524898563231,TRUE,-0.0052115849570552,0.00184184104805419,0.222149913476471,2026-06-10 00:19:38,2026-06-10 00:20:37,NA
"32","2026-06-10 00:40:11","Collar_32_2026-06-10 00:40:11",2026-06-10 00:41:10.5,NA,NA,NA,NA,NA,-19.3243122179716,0.0014654741436742,0.00148558253710136,600.61193053298,0.0920601805785109,0.32800275991708,0.0165009407375096,0.199284128229914,-20.0574712565475,0.0911039807846108,0.19496776834885,-19.3182201178476,TRUE,0.00151901617057944,0.00148990204162288,0.189605062779837,2026-06-10 00:40:41,2026-06-10 00:41:40,NA
"32","2026-06-10 01:40:08","Collar_32_2026-06-10 01:40:08",2026-06-10 01:41:07.5,-43.8561033514246,-0.00804243776125923,0.0431662250194934,0.0341997418314795,0.198241610328012,-43.3630641471846,-0.00200804361405125,0.00104711909104912,601.618462210166,0.064889004953759,0.0575680651170768,0.0302234338534521,0.198649282622201,-41.0652760600849,0.0438827026372477,0.198938461465134,-42.5403260763599,TRUE,-0.0015279397559008,0.000744724023275679,0.135745660131452,2026-06-10 01:40:38,2026-06-10 01:41:37,NA
"32","2026-06-10 02:40:11","Collar_32_2026-06-10 02:40:11",2026-06-10 02:41:10.5,NA,NA,NA,NA,NA,-102.439336244057,-0.00357523321868882,0.000818641955667137,601.190686527643,0.0507304874590887,2.71719891287139e-05,0.139145317267889,0.15530481547689,-100.710714088929,0.15528645983382,0.155162488321855,-102.241892657337,TRUE,-0.00370288886454028,0.000728038362054985,0.114563239239817,2026-06-10 02:40:41,2026-06-10 02:41:40,NA
"32","2026-06-10 03:40:12","Collar_32_2026-06-10 03:40:12",2026-06-10 03:41:11.5,21.2065358098941,0.00152209081003846,2.70003629430392e-06,0.170870771388919,0.259973803666415,18.6841779952703,-0.00709059121919753,0.00135604563901982,600.434457326059,0.0840328983971817,7.47391318353315e-07,0.188116887670862,0.257255832404276,20.3335939923697,0.203865469729106,0.25693526429173,18.7528900661607,TRUE,-0.00731624933750398,0.00142535109530691,0.222782109158124,2026-06-10 03:40:42,2026-06-10 03:41:41,NA
"32","2026-06-10 04:40:12","Collar_32_2026-06-10 04:40:12",2026-06-10 04:41:11.5,NA,NA,NA,NA,NA,24.3413152118246,-0.00912604459538037,0.00138838923454025,599.786096360099,0.0860372012008341,1.4034025333926e-09,0.268016703735534,0.263391745790325,23.7061302126634,0.295751587396055,0.260571265954698,24.6276778268501,TRUE,-0.00917940898486444,0.0014482433393561,0.260671604141238,2026-06-10 04:40:42,2026-06-10 04:41:41,NA
"32","2026-06-10 05:40:10","Collar_32_2026-06-10 05:40:10",2026-06-10 05:41:09.5,NA,NA,NA,NA,NA,43.5485845681743,0.0067240064035982,0.00150406965872968,600.389745214931,0.0932058104664335,1.80386715367323e-05,0.14483919888621,0.285337514399737,-3.86272306224305,0.442834702873446,0.232294549317805,43.6291536819618,TRUE,0.00632445785668066,0.0016188946274822,0.284681989894752,2026-06-10 05:40:40,2026-06-10 05:41:39,NA
"32","2026-06-10 06:40:09","Collar_32_2026-06-10 06:40:09",2026-06-10 06:41:08.5,NA,NA,NA,NA,NA,54.404040560269,-0.00410955255669559,0.00274617742117182,599.923392330159,0.170178083667429,0.139955265254469,0.0371750231850002,0.368387187971878,29.6003777747448,0.404256264266353,0.294903936102547,54.7696224281952,TRUE,-0.00443466887370454,0.00271987810497781,0.362031270285434,2026-06-10 06:40:39,2026-06-10 06:41:38,NA
"32","2026-06-10 07:40:11","Collar_32_2026-06-10 07:40:11",2026-06-10 07:41:10.5,NA,NA,NA,NA,NA,27.6006261796516,-0.0061888974572073,0.00219646253920701,601.330453263161,0.136112759098443,0.00660382929485944,0.120402368489932,0.294645441356359,26.7733883813803,0.188397569472722,0.28803771258314,27.6470028666554,TRUE,-0.00611511044686797,0.00220994982975739,0.316123520322105,2026-06-10 07:40:41,2026-06-10 07:41:40,NA
"32","2026-06-10 08:40:10","Collar_32_2026-06-10 08:40:10",2026-06-10 08:41:09.5,NA,NA,NA,NA,NA,7.95604272354589,-0.000787333065409644,0.00186478034259204,600.46892910365,0.115558719082174,0.674431149866328,0.00306408539517195,0.250151786004992,5.72283075546693,0.101434481410412,0.241693429903508,8.14758765140725,TRUE,-0.00157346129641258,0.00190348291438706,0.228567326100961,2026-06-10 08:40:40,2026-06-10 08:41:39,NA
"32","2026-06-10 09:40:11","Collar_32_2026-06-10 09:40:11",2026-06-10 09:41:10.5,-3.86838839310296,-0.0246340761904832,8.12829059655516e-07,0.344879765149683,0.226678100513739,1.19231170207419,-0.00852117207359699,0.00176258034804657,601.315794869057,0.109225479616842,1.01950778987773e-05,0.287226438062899,0.236442122415492,-11.8636373232648,0.46359044312489,0.208745582916794,1.509327616038,TRUE,-0.00882678965868095,0.00168362220710943,0.254195739881024,2026-06-10 09:40:41,2026-06-10 09:41:40,NA
"32","2026-06-10 10:40:11","Collar_32_2026-06-10 10:40:11",2026-06-10 10:41:10.5,-3.01294057147931,-0.0782971966313221,2.39470259702767e-10,0.502057858568978,0.228299801375409,0.593831740526988,-0.0126084035666114,0.00175381165725506,602.683849529918,0.108682091930502,1.41008098405978e-09,0.471207153696073,0.235265842500738,-0.518948428506079,0.514400719797606,0.229443148062019,0.659495090889614,TRUE,-0.0124348273774734,0.00183575579044444,0.202558330024169,2026-06-10 10:40:41,2026-06-10 10:41:40,NA
"32","2026-06-10 11:40:11","Collar_32_2026-06-10 11:40:11",2026-06-10 11:41:10.5,29.584211165951,-0.018830008097154,4.92581029281713e-06,0.30425818127332,0.299556370338464,32.2355402915013,-0.0106496292150083,0.00228295901193446,602.636605014705,0.141472865790482,1.86372569795896e-05,0.272824784512716,0.306248549047761,23.320601224512,0.413649064881104,0.279868035902805,32.9167373097206,TRUE,-0.00900626931225823,0.00229103955986045,0.284860847532636,2026-06-10 11:40:41,2026-06-10 11:41:40,NA
"32","2026-06-10 12:40:10","Collar_32_2026-06-10 12:40:10",2026-06-10 12:41:09.5,-22.9275497180715,-0.0350117775590938,8.86673809098726e-22,0.797567734985157,0.193389174598512,-14.7652436683447,-0.0213860328402436,0.00154310900251411,604.278383452195,0.0956250426186062,4.66603784749806e-20,0.768068105356354,0.207001041443162,-20.9714726934085,0.804347533765625,0.193488402590826,-14.7626655561374,TRUE,-0.0213103303816328,0.00156152309994668,0.176741628748351,2026-06-10 12:40:40,2026-06-10 12:41:39,NA
"32","2026-06-10 13:40:09","Collar_32_2026-06-10 13:40:09",2026-06-10 13:41:08.5,-41.7893537889425,-0.0473637388253819,3.72582322242534e-20,0.769851977078848,0.165260481805393,-24.7058581924578,-0.0162928237717557,0.00142043158673502,604.572324998979,0.088022836233248,1.50908822911229e-16,0.694042070733855,0.190544425101442,-60.2131005236343,0.841620576691176,0.139519448943128,-24.3510119799904,TRUE,-0.0155390944082547,0.00134059419281738,0.196579832265292,2026-06-10 13:40:39,2026-06-10 13:41:38,NA
"32","2026-06-10 14:40:12","Collar_32_2026-06-10 14:40:12",2026-06-10 14:41:11.5,-30.9632162547872,-0.0243442572040288,8.90265485514103e-12,0.554773261552717,0.180863159322582,-23.6832092995617,-0.0108523445387013,0.00143258833676978,603.037285651464,0.0887761788281547,3.16215249726151e-10,0.497338427151873,0.192175197725839,-41.607219128023,0.651193627221301,0.162918980016553,-23.681765941846,TRUE,-0.0107990347718794,0.00144266970246795,0.220220001330393,2026-06-10 14:40:42,2026-06-10 14:41:41,NA
"32","2026-06-10 15:40:13","Collar_32_2026-06-10 15:40:13",2026-06-10 15:41:12.5,NA,NA,NA,NA,NA,-17.2868002937227,-0.0147608219968361,0.0015110219987393,603.811106778795,0.093636640568932,7.33300879294682e-14,0.621974518913344,0.202696716092616,-14.3048351043129,0.62833446261832,0.204541909104912,-17.2664433056996,TRUE,-0.0148284119353821,0.00159285596206341,0.203055948047522,2026-06-10 15:40:43,2026-06-10 15:41:42,NA
"32","2026-06-10 16:40:10","Collar_32_2026-06-10 16:40:10",2026-06-10 16:41:09.5,0.627590993407824,-0.0174944551419079,1.3612838699218e-15,0.670124088857355,0.235332038470588,5.37402318871711,-0.0186525711589224,0.00182508477485581,604.916030292254,0.113098821336544,1.37661388722204e-14,0.642968590336755,0.24482680646778,1.44320920343904,0.687175125655425,0.233225685379915,5.38367879757432,TRUE,-0.0188193655377902,0.00180993118386907,0.22906182654602,2026-06-10 16:40:40,2026-06-10 16:41:39,NA
"32","2026-06-10 17:40:13","Collar_32_2026-06-10 17:40:13",2026-06-10 17:41:12.5,-22.6002322368561,-0.0184004397608777,1.35487214838477e-10,0.511593175353232,0.193917391811747,-16.5672508344563,-0.0106834108517087,0.00152010967633441,602.118915871941,0.0941997955734851,2.62980546215342e-09,0.459930191794814,0.203915786633597,-28.9699489457123,0.58911223316824,0.181012050604194,-16.5269349137083,TRUE,-0.0106210741055159,0.001630121271924,0.188374027541238,2026-06-10 17:40:43,2026-06-10 17:41:42,NA
"32","2026-06-10 18:40:11","Collar_32_2026-06-10 18:40:11",2026-06-10 18:41:10.5,NA,NA,NA,NA,NA,-1.90541863288006,0.00189205169358363,0.00171766261653957,601.089820827986,0.10644196919555,0.275217652562597,0.0204913490234472,0.230416613403449,-46.7681557158936,0.566161598496904,0.156060728572994,-1.69473442943427,TRUE,0.00265319893571902,0.00173058982341048,0.228648365186377,2026-06-10 18:40:41,2026-06-10 18:41:40,NA
"32","2026-06-10 19:40:10","Collar_32_2026-06-10 19:40:10",2026-06-10 19:41:09.5,17.460502501265,-0.0148898064956431,0.586193287226745,0.00514007064754642,0.270770529921828,17.7429255004756,0.000325545682778832,0.002023240884205,600.786127924612,0.12537837279453,0.872728880192341,0.000446176700050438,0.271408545629937,-17.5818684692158,0.48100421077455,0.199031733654321,17.821845933482,TRUE,0.000880201895975076,0.00211952569035342,0.307059157881478,2026-06-10 19:40:40,2026-06-10 19:41:39,NA
"32","2026-06-10 20:40:08","Collar_32_2026-06-10 20:40:08",2026-06-10 20:41:07.5,19.5689505744701,-0.0290808721370116,1.26423350209795e-10,0.512740241168886,0.275570118476411,28.0525918043891,-0.0148453881039541,0.00220475085090688,601.765826757689,0.136626378135235,8.2087082428583e-09,0.438735997751689,0.29575728060484,7.84041812984272,0.625101561297505,0.245996342008165,28.4203005221966,TRUE,-0.0148288720178558,0.002056609560195,0.262026520403125,2026-06-10 20:40:38,2026-06-10 20:41:37,NA
"32","2026-06-10 21:40:09","Collar_32_2026-06-10 21:40:09",2026-06-10 21:41:08.5,NA,NA,NA,NA,NA,11.0555978872313,-0.00846648006684038,0.00191357437511217,602.723192310912,0.118582440304505,4.31913920932326e-05,0.252342233447491,0.256697283135412,3.77193821792089,0.380517564824555,0.237795881913612,11.4322181459924,TRUE,-0.00764154746473,0.00188891687823371,0.218508987867262,2026-06-10 21:40:39,2026-06-10 21:41:38,NA
"32","2026-06-10 22:40:15","Collar_32_2026-06-10 22:40:15",2026-06-10 22:41:14.5,-20.575838249371,-0.0385468774786156,8.28529353141396e-08,0.393224028725155,0.197216518302219,-15.5073834805616,-0.00837800142270339,0.0015335950969937,602.375180108826,0.095035474662372,1.02662154633061e-06,0.339739869987592,0.205724794368128,-24.1430549461528,0.465121633171717,0.188441520680094,-15.2245355433249,TRUE,-0.00763202362463892,0.00137731405547503,0.220154922135219,2026-06-10 22:40:45,2026-06-10 22:41:44,NA
"32","2026-06-10 23:40:11","Collar_32_2026-06-10 23:40:11",2026-06-10 23:41:10.5,38.406635399676,-0.0696134217454193,1.65127806907471e-09,0.468371783732105,0.322409609591205,45.3400425636788,-0.0159414670462881,0.002546389820541,604.574423340321,0.157797430198449,5.05180039770506e-08,0.403248254930924,0.341586591688252,29.9384937935146,0.568122474037045,0.29573603903921,45.5741282006783,TRUE,-0.0162679341770358,0.00245013541157732,0.277641722839447,2026-06-10 23:40:41,2026-06-10 23:41:40,NA
"38","2026-06-10 00:23:16","Collar_38_2026-06-10 00:23:16",2026-06-10 00:24:15.5,NA,NA,NA,NA,NA,20.2346161457253,-0.00180295246426247,0.00206569082945065,632.430114429934,0.128008956775739,0.386366651674782,0.0129641145255059,0.277103012359597,20.0374599309143,0.0796502201076094,0.272314781189766,20.2428471380227,TRUE,-0.00197676551011543,0.00203718086408429,0.275251264367436,2026-06-10 00:23:46,2026-06-10 00:24:45,"Time changed"
"38","2026-06-10 00:44:26","Collar_38_2026-06-10 00:44:26",2026-06-10 00:45:25.5,47.4018864856022,0.0128400513523851,0.738338849264816,0.00193877320359769,0.347506455679988,47.288172543772,0.00122190921316858,0.00258806635523358,631.68698621736,0.160380086640528,0.638604065297651,0.00382853980264555,0.347177308916295,46.337774494778,0.0827200107768831,0.339043347852578,47.7315707774022,TRUE,0.00034639999488993,0.0025347498818923,0.306841512190173,2026-06-10 00:44:56,2026-06-10 00:45:55,"Time changed"
"38","2026-06-10 01:44:20","Collar_38_2026-06-10 01:44:20",2026-06-10 01:45:19.5,57.2848792006861,-0.0215201252776896,0.451442875269455,0.00481408167971292,0.302145080674745,57.1938406296284,-0.00129417863250348,0.00159206158972846,631.413919969982,0.0986585893291993,0.41791544510538,0.00556879789182844,0.30203049050806,54.9090180092343,0.056310308295639,0.296749524160966,57.2489320654811,TRUE,-0.00103193338227892,0.00152872062701188,0.316922346122292,2026-06-10 01:44:50,2026-06-10 01:45:49,"Time changed"
"38","2026-06-10 02:44:21","Collar_38_2026-06-10 02:44:21",2026-06-10 02:45:20.5,NA,NA,NA,NA,NA,52.1027241098702,0.000993487861195021,0.00155864489730873,631.300714293268,0.0965877876997594,0.52509597976584,0.00343127882985566,0.29569099958145,48.7555934288831,0.0626169430542879,0.289237792411766,52.1144127733796,TRUE,0.00115554983346757,0.00140285092656436,0.243238499730376,2026-06-10 02:44:51,2026-06-10 02:45:50,"Time changed"
"38","2026-06-10 03:44:23","Collar_38_2026-06-10 03:44:23",2026-06-10 03:45:22.5,NA,NA,NA,NA,NA,112.533597889502,-0.00155814736353889,0.00200493591089223,631.629925055097,0.124244030469837,0.438622138646921,0.00509233351183232,0.380357004095103,111.467737137448,0.0462186721480248,0.375609394757615,112.54290512765,TRUE,-0.00170527532062779,0.00198795032209929,0.339633470654317,2026-06-10 03:44:53,2026-06-10 03:45:52,"Time changed"
"38","2026-06-10 04:44:25","Collar_38_2026-06-10 04:44:25",2026-06-10 04:45:24.5,NA,NA,NA,NA,NA,65.1662951876405,-0.00774362235099586,0.00164583579021622,634.382097098343,0.101990926970316,6.96169005287605e-06,0.157965793108122,0.312232010508782,50.6650927022548,0.278275164632148,0.291548218695157,65.531341910733,TRUE,-0.00862723567810097,0.00160534026011281,0.293958555962782,2026-06-10 04:44:55,2026-06-10 04:45:54,"Time changed"
"38","2026-06-10 05:44:25","Collar_38_2026-06-10 05:44:25",2026-06-10 05:45:24.5,NA,NA,NA,NA,NA,80.6218933448886,-0.00355369526249459,0.00175531207215703,631.361629956749,0.10877507125906,0.0451725534174561,0.0335691589732827,0.333000789397054,83.9911370726241,0.038635684336165,0.334977687820002,80.6833126494431,TRUE,-0.00398451967061493,0.00178766461619917,0.292350635127431,2026-06-10 05:44:55,2026-06-10 05:45:54,"Time changed"
"38","2026-06-10 06:44:24","Collar_38_2026-06-10 06:44:24",2026-06-10 06:45:23.5,NA,NA,NA,NA,NA,37.6439658530516,3.20859039549514e-05,0.00238820640679378,632.976093655987,0.147994949844507,0.989326734200846,3.11211398317747e-06,0.32036700750375,40.5786233676517,0.0176020616815932,0.32315595610012,37.8294830245834,TRUE,0.000370816934163174,0.00227420328412561,0.286028722800915,2026-06-10 06:44:54,2026-06-10 06:45:53,"Time changed"
"38","2026-06-10 07:44:23","Collar_38_2026-06-10 07:44:23",2026-06-10 07:45:22.5,NA,NA,NA,NA,NA,44.8331199086215,-0.00106557575561597,0.00253565565323422,632.732933284007,0.157132243744016,0.675865324613049,0.00303556671785536,0.340146652054753,45.0179584281284,0.0644551649034473,0.335334822137422,44.8856254052783,TRUE,-0.00142645378137478,0.00249810416432648,0.330221988225513,2026-06-10 07:44:53,2026-06-10 07:45:52,"Time changed"
"38","2026-06-10 08:44:17","Collar_38_2026-06-10 08:44:17",2026-06-10 08:45:16.5,NA,NA,NA,NA,NA,23.675235139233,0.00260845802394306,0.00212577520354149,629.666693842769,0.131732330059018,0.224756859261643,0.0253031505603859,0.285163057366787,27.2817583646295,0.0316742466166155,0.289260548701845,23.7430487274442,TRUE,0.00249786764545438,0.00235173058267947,0.275230138117691,2026-06-10 08:44:47,2026-06-10 08:45:46,"Time changed"
"38","2026-06-10 09:44:22","Collar_38_2026-06-10 09:44:22",2026-06-10 09:45:21.5,NA,NA,NA,NA,NA,16.6614684501836,-0.00172082319161178,0.00200508906612009,634.264865555393,0.124253521358146,0.394299514573857,0.0125399756374168,0.268973561943405,17.8703151873123,0.0574237732407538,0.267441042831725,16.6980879177156,TRUE,-0.00164191429666446,0.00223732410449065,0.283115501247393,2026-06-10 09:44:52,2026-06-10 09:45:51,"Time changed"
"38","2026-06-10 10:44:20","Collar_38_2026-06-10 10:44:20",2026-06-10 10:45:19.5,NA,NA,NA,NA,NA,50.397208609969,-0.00442752770037435,0.00265599579863883,633.039554342951,0.164589611638504,0.100907372407875,0.0457209456650338,0.356289734225611,51.9965567562196,0.0831487235270737,0.355414419617644,50.4767326519566,TRUE,-0.00468901354474511,0.00284427537753806,0.347661361139219,2026-06-10 10:44:50,2026-06-10 10:45:49,"Time changed"
"38","2026-06-10 11:44:18","Collar_38_2026-06-10 11:44:18",2026-06-10 11:45:17.5,NA,NA,NA,NA,NA,42.7323764630079,-0.00448743092239453,0.00249165225974671,631.567255834599,0.154405394007055,0.0769045309944204,0.0529615063015067,0.334243797321803,41.6897301636221,0.129301611158813,0.326162024711932,42.8163492975982,TRUE,-0.00391762001026724,0.0020539601053009,0.249829400168645,2026-06-10 11:44:48,2026-06-10 11:45:47,"Time changed"
"38","2026-06-10 12:44:18","Collar_38_2026-06-10 12:44:18",2026-06-10 12:45:17.5,NA,NA,NA,NA,NA,42.2099762105083,-0.00223272195228279,0.00248082883775306,635.241125687991,0.153734676521942,0.371847049880225,0.0137728757894801,0.332791884578754,46.0127049176025,0.0170101227390461,0.33812615173468,42.213480038437,TRUE,-0.00226776463630024,0.0024800786938404,0.364177590995134,2026-06-10 12:44:48,2026-06-10 12:45:47,"Time changed"
"38","2026-06-10 13:44:18","Collar_38_2026-06-10 13:44:18",2026-06-10 13:45:17.5,NA,NA,NA,NA,NA,34.1828944520494,-0.0083566394906723,0.00232030899689399,635.936480658114,0.143787409933339,0.000656962440938064,0.182764181313143,0.311258879343231,37.1146536508232,0.197185499134062,0.313960954236567,34.2409545390692,TRUE,-0.00889261254855066,0.00250881103654833,0.328348092064462,2026-06-10 13:44:48,2026-06-10 13:45:47,"Time changed"
"38","2026-06-10 14:44:19","Collar_38_2026-06-10 14:44:19",2026-06-10 14:45:18.5,13.6412445931827,-0.00960611954378735,0.0876712067806758,0.0494552948197907,0.262288373290574,13.5176906177597,-0.00346303981957743,0.00195324156447581,633.445175332799,0.121040579468542,0.0814844642250993,0.0514106737907969,0.262018455843249,17.0054335010599,0.0594748940745043,0.265520431899977,13.5276119042618,TRUE,-0.00354543084964106,0.00197573669068067,0.312967194822596,2026-06-10 14:44:49,2026-06-10 14:45:48,"Time changed"
"38","2026-06-10 15:44:19","Collar_38_2026-06-10 15:44:19",2026-06-10 15:45:18.5,20.80931702283,-0.0113920577989221,0.371533311049318,0.0137908324746837,0.278433289817493,20.9929797890221,-0.00165169420331262,0.00207878670704872,634.10813353297,0.12882049624016,0.43011615342272,0.0107673756359244,0.278859764667435,19.8061465489146,0.0926917083166359,0.271790369674604,21.0166949993889,TRUE,-0.00176030077141655,0.00218549545784726,0.240040826934103,2026-06-10 15:44:49,2026-06-10 15:45:48,"Time changed"
"38","2026-06-10 16:44:20","Collar_38_2026-06-10 16:44:20",2026-06-10 16:45:19.5,NA,NA,NA,NA,NA,46.6643426497695,0.00249002526845676,0.00257464698995997,636.190639264657,0.159548500943009,0.337493300812962,0.0158707076263835,0.34537716221077,48.587281602526,0.0493560481748353,0.345458963371736,47.4540250405733,TRUE,0.00065847415547566,0.00246297091770786,0.344366002636751,2026-06-10 16:44:50,2026-06-10 16:45:49,"Time changed"
"38","2026-06-10 17:44:22","Collar_38_2026-06-10 17:44:22",2026-06-10 17:45:21.5,NA,NA,NA,NA,NA,31.8669074233134,0.000666499980466198,0.00227595665844362,631.735398106968,0.14103893639865,0.770686638144332,0.0014763952847452,0.305309215233497,33.7458498497274,0.0361585277710123,0.305269582602176,31.8700549972052,TRUE,0.000631788973666762,0.00237048942185431,0.33403900505338,2026-06-10 17:44:52,2026-06-10 17:45:51,"Time changed"
"38","2026-06-10 18:44:20","Collar_38_2026-06-10 18:44:20",2026-06-10 18:45:19.5,NA,NA,NA,NA,NA,23.0423010487515,0.00619463074413016,0.00211459242435062,633.955062492369,0.131039343539609,0.00484768411061431,0.128890849344639,0.283662938493157,21.4004903221035,0.207068286199021,0.275425525597428,23.1060169896837,TRUE,0.00635909201923801,0.00211462179774533,0.290889453738106,2026-06-10 18:44:50,2026-06-10 18:45:49,"Time changed"
"38","2026-06-10 19:44:20","Collar_38_2026-06-10 19:44:20",2026-06-10 19:45:19.5,NA,NA,NA,NA,NA,26.1297304668766,0.00353700197125586,0.00216970381021826,642.465898332765,0.134454545326247,0.108483437918613,0.0438112203043292,0.291055879789846,20.4266472586628,0.186588356165068,0.273199393764362,26.1681152679341,TRUE,0.0033993379544626,0.00209989059873985,0.265998028247212,2026-06-10 19:44:50,2026-06-10 19:45:49,"Time changed"
"38","2026-06-10 20:44:23","Collar_38_2026-06-10 20:44:23",2026-06-10 20:45:22.5,NA,NA,NA,NA,NA,116.856013315654,-0.0226098353132725,0.00462114736804714,641.06730871666,0.286368243135388,8.27440008118138e-06,0.292151196862398,0.619905862962092,80.5652715312259,0.638335078147647,0.45095028966156,120.374485327051,TRUE,-0.0151505741181944,0.00314991950749327,0.403534832871855,2026-06-10 20:44:53,2026-06-10 20:45:52,"Time changed"
"38","2026-06-10 21:44:23","Collar_38_2026-06-10 21:44:23",2026-06-10 21:45:22.5,NA,NA,NA,NA,NA,45.3567697082788,-0.00659477016527259,0.00254674479387027,634.920473809746,0.157819427568488,0.0121326338214503,0.103630491145874,0.341634209742921,46.2185304522095,0.149309188655595,0.338706607694662,45.5134476783911,TRUE,-0.0069206473995791,0.002741508264331,0.3109383859013,2026-06-10 21:44:53,2026-06-10 21:45:52,"Time changed"
"38","2026-06-10 22:44:25","Collar_38_2026-06-10 22:44:25",2026-06-10 22:45:24.5,NA,NA,NA,NA,NA,24.7606305423206,-0.00115177958752662,0.00214508997784055,639.171891061416,0.132929248820108,0.593364548983313,0.00494613906666482,0.287754046330386,25.0678172453798,0.0643420431250642,0.283972762034487,24.8923871017435,TRUE,-0.000511648518214662,0.00211904947907878,0.295546324303912,2026-06-10 22:44:55,2026-06-10 22:45:54,"Time changed"
"38","2026-06-10 23:44:24","Collar_38_2026-06-10 23:44:24",2026-06-10 23:45:23.5,NA,NA,NA,NA,NA,25.7486898019213,-0.00519534908771188,0.00216282519211461,638.892794795054,0.134028283702313,0.019523555767423,0.0904834671645545,0.290133144513968,28.5273880276286,0.108809556297681,0.29227878260611,25.8470294852648,TRUE,-0.0049090137914849,0.0024124625916134,0.224860431553948,2026-06-10 23:44:54,2026-06-10 23:45:53,"Time changed"
"40","2026-06-10 00:20:17","Collar_40_2026-06-10 00:20:17",2026-06-10 00:21:01.5,30.3491415109447,0.158660776274686,1.10769487466091e-23,0.973764063443874,0.375828231052615,22.5284155432921,0.256351349660574,0.00695875021029812,633.682822058889,0.315467606778112,2.87170779142654e-25,0.979784710386753,0.32989907485435,25.5617061203705,0.980425737174093,0.336880725107009,23.6468272333724,TRUE,0.263527727453011,0.00545729041517398,0.200096365425924,2026-06-10 00:20:47,2026-06-10 00:21:16,"Time changed"
"40","2026-06-10 00:41:24","Collar_40_2026-06-10 00:41:24",2026-06-10 00:42:08.5,13.5155672659483,0.142408687878215,4.7362890764848e-23,0.970897741885129,0.283885967872296,22.3447704368795,0.182078084194575,0.00693748376550697,635.085307815503,0.314503514916758,2.93051961043802e-21,0.960939077527371,0.328890879381022,13.8853278752155,0.9742146167696,0.277306289114135,22.3453886120373,TRUE,0.182124325441099,0.0071357947230989,0.419786739105418,2026-06-10 00:41:54,2026-06-10 00:42:23,"Time changed"
"40","2026-06-10 01:41:21","Collar_40_2026-06-10 01:41:21",2026-06-10 01:42:05.5,50.2415921687433,0.171327399452235,2.81741993133618e-52,0.981964556252508,0.355827995844956,53.6395586611393,0.298085769490714,0.00545975201560828,636.190111498495,0.247512103454584,1.45659882252524e-51,0.980913682945949,0.366047769919944,45.876989444101,0.984311485667645,0.337743959974434,53.7696149972726,TRUE,0.296326890545656,0.00576700683862444,0.39391162367414,2026-06-10 01:41:51,2026-06-10 01:42:20,"Time changed"
"40","2026-06-10 02:41:22","Collar_40_2026-06-10 02:41:22",2026-06-10 02:42:06.5,48.2428308733464,0.165593736048726,5.28205425629907e-54,0.984275008134518,0.349950288740706,33.6720937256511,0.315039650716172,0.00462283350197084,634.476379422706,0.209571284688769,4.6084249296512e-57,0.987665432751348,0.309936768056507,21.2014654159335,0.990626419056891,0.274969099707647,33.690970564214,TRUE,0.315303656965162,0.00498369837357434,0.398217307470436,2026-06-10 02:41:52,2026-06-10 02:42:21,"Time changed"
"40","2026-06-10 03:41:24","Collar_40_2026-06-10 03:41:24",2026-06-10 03:42:08.5,65.3452412138664,0.184206824463249,2.0147660249951e-52,0.982171831108956,0.40355435942373,51.7138043060444,0.340871854177692,0.00537283346984578,637.528846527928,0.243571742788131,2.76752021751093e-55,0.985795069633281,0.360220336778275,53.2431818681404,0.986368107657622,0.359125902526308,51.752975425075,TRUE,0.339838843081543,0.00520088502370959,0.381695772179659,2026-06-10 03:41:54,2026-06-10 03:42:23,"Time changed"
"40","2026-06-10 04:41:25","Collar_40_2026-06-10 04:41:25",2026-06-10 04:42:09.5,NA,NA,NA,NA,NA,38.6933632773248,0.309153472971157,0.00482037507844724,638.93492844869,0.21852662386418,1.48916091647367e-55,0.986095342153198,0.323180895872008,36.3810562849361,0.98748386309236,0.312047467989356,38.7197115379288,TRUE,0.309124648229647,0.00540594424427744,0.345568210012609,2026-06-10 04:41:55,2026-06-10 04:42:24,"Time changed"
"40","2026-06-10 05:41:25","Collar_40_2026-06-10 05:41:25",2026-06-10 05:42:09.5,95.0222952154255,0.184550187120552,7.78165746909077e-48,0.974342401544063,0.516781410663895,57.9874229519534,0.363933163917492,0.00566119823871326,634.612697295213,0.256644455669695,1.30193768589305e-55,0.986159599428633,0.379553683836102,59.5036544062597,0.986720841841492,0.378359058475569,58.3459812219936,TRUE,0.360636942276531,0.00547260321741298,0.361041714088354,2026-06-10 05:41:55,2026-06-10 05:42:24,"Time changed"
"40","2026-06-10 06:41:24","Collar_40_2026-06-10 06:41:24",2026-06-10 06:42:08.5,NA,NA,NA,NA,NA,17.6219244375788,-0.000324567059012747,0.0064123450019851,632.602949249766,0.290696902529738,0.959990899338654,9.14907846764479e-05,0.303995203143119,16.2731168298145,0.163379805840306,0.288564639552905,17.7301039478697,TRUE,0.0009092345133708,0.00627322628288121,0.272774518388521,2026-06-10 06:41:54,2026-06-10 06:42:23,"Time changed"
"40","2026-06-10 07:41:23","Collar_40_2026-06-10 07:41:23",2026-06-10 07:42:07.5,15.6453874428378,-0.0120776024934845,0.343579646541826,0.0320861878954433,0.29414405752145,15.3813534041475,-0.0067214085080813,0.00617730559427107,632.315242347099,0.280041638695097,0.285836847354653,0.0405675501068464,0.292852500672721,12.253555272896,0.243465118995204,0.269866238194566,15.4502066683844,TRUE,-0.00771809013944127,0.00690259933872945,0.275216474121556,2026-06-10 07:41:53,2026-06-10 07:42:22,"Time changed"
"40","2026-06-10 08:41:18","Collar_40_2026-06-10 08:41:18",2026-06-10 08:42:02.5,NA,NA,NA,NA,NA,20.1974835995483,-0.00721873126201553,0.0066935945046098,629.619323263664,0.303447052315147,0.290034762336273,0.0398813476363125,0.317328624794298,23.0803946663606,0.0749751747469246,0.323233103426624,20.2304561508032,TRUE,-0.00837619834998967,0.00702548322744944,0.362650237674462,2026-06-10 08:41:48,2026-06-10 08:42:17,"Time changed"
"40","2026-06-10 09:41:23","Collar_40_2026-06-10 09:41:23",2026-06-10 09:42:07.5,NA,NA,NA,NA,NA,10.6627497292417,-0.00625208493312065,0.00571011288877231,633.341648838841,0.258861949777714,0.282883550302895,0.0410577160948989,0.270703919869425,13.0669932052192,0.0907327955109765,0.273549808654108,10.6722214035449,TRUE,-0.0063632561904854,0.00681810873825539,0.286113384425347,2026-06-10 09:41:53,2026-06-10 09:42:22,"Time changed"
"40","2026-06-10 10:41:21","Collar_40_2026-06-10 10:41:21",2026-06-10 10:42:05.5,NA,NA,NA,NA,NA,5.12468584359631,-0.00578133597452461,0.00520665559382303,632.245073902205,0.236038243917776,0.276282761582361,0.0421760939109392,0.24683611447146,7.3621070643229,0.0968295267867995,0.248738535202044,5.17942073138897,TRUE,-0.00569126812110533,0.00561025392367044,0.250433025214562,2026-06-10 10:41:51,2026-06-10 10:42:20,"Time changed"
"40","2026-06-10 11:41:19","Collar_40_2026-06-10 11:41:19",2026-06-10 11:42:03.5,NA,NA,NA,NA,NA,22.2133769893312,0.00432597524789259,0.00692230805632361,630.154528582401,0.313815540135,0.537075358738151,0.0137560122239206,0.328171432315306,23.9897332103731,0.0842143627677088,0.328169219274941,22.2572020582649,TRUE,0.0044902179985589,0.00665814240002582,0.331779179530896,2026-06-10 11:41:49,2026-06-10 11:42:18,"Time changed"
"40","2026-06-10 12:41:19","Collar_40_2026-06-10 12:41:19",2026-06-10 12:42:03.5,NA,NA,NA,NA,NA,25.0241523996655,-0.00424811166527983,0.00725430804147305,634.465082181746,0.32886640955843,0.56283600005472,0.0120991590406399,0.343910822959099,27.4312443479678,0.0631854026972808,0.347542829138813,25.2658654525081,TRUE,-0.00149323765097949,0.00703052769428948,0.304159314742599,2026-06-10 12:41:49,2026-06-10 12:42:18,"Time changed"
"40","2026-06-10 13:41:19","Collar_40_2026-06-10 13:41:19",2026-06-10 13:42:03.5,5.90405186179355,0.0603183855679253,0.706216929609543,0.00515251535698663,0.25006329001538,6.04369862945615,0.000632457930382236,0.00528701920022833,633.90356083523,0.239681443316889,0.905634674095043,0.000510812573608664,0.250645976674278,-4.34896812449232,0.3813814929534,0.204632911603073,6.05188591073905,TRUE,0.00028337323655449,0.00579005244964418,0.220514703854305,2026-06-10 13:41:49,2026-06-10 13:42:18,"Time changed"
"40","2026-06-10 14:41:20","Collar_40_2026-06-10 14:41:20",2026-06-10 14:42:04.5,NA,NA,NA,NA,NA,9.48939069474317,-0.00941345769499503,0.00559953080789817,632.821536009133,0.253848827686583,0.103863792745425,0.0916802520410697,0.265461466113597,12.6683418046289,0.116202321820777,0.271738316361813,9.50221634117043,TRUE,-0.00933388116234505,0.0050979524499743,0.202377124347163,2026-06-10 14:41:50,2026-06-10 14:42:19,"Time changed"
"40","2026-06-10 15:41:20","Collar_40_2026-06-10 15:41:20",2026-06-10 15:42:04.5,NA,NA,NA,NA,NA,15.6847890559597,-0.00863640740801638,0.00620862496846607,633.394514671995,0.281461469515933,0.175171152180328,0.0646392764678153,0.294337283465564,19.6616619957245,0.0653600700613428,0.305330521690545,15.7569060464886,TRUE,-0.00755003225334894,0.00601256914020018,0.319825379930969,2026-06-10 15:41:50,2026-06-10 15:42:19,"Time changed"
"40","2026-06-10 16:41:21","Collar_40_2026-06-10 16:41:21",2026-06-10 16:42:05.5,NA,NA,NA,NA,NA,30.0885430624528,-0.00797214660641555,0.00789320305263621,635.38787912046,0.357830041541634,0.321143516338895,0.035151596491086,0.374199433232805,32.6249462228117,0.0810934478882847,0.378967179855228,30.3405090551523,TRUE,-0.0108092202389435,0.00860948055993159,0.325110461318277,2026-06-10 16:41:51,2026-06-10 16:42:20,"Time changed"
"40","2026-06-10 17:41:23","Collar_40_2026-06-10 17:41:23",2026-06-10 17:42:07.5,NA,NA,NA,NA,NA,37.5003173565138,0.00943705660258434,0.00893102873037242,631.873141121015,0.404878774850641,0.299698981578804,0.0383469246740891,0.423400470861456,36.2178844551608,0.193605835867152,0.402353843235381,37.584179219047,TRUE,0.011764752382105,0.00874700552655583,0.396407131834774,2026-06-10 17:41:53,2026-06-10 17:42:22,"Time changed"
"40","2026-06-10 18:41:19","Collar_40_2026-06-10 18:41:19",2026-06-10 18:42:03.5,13.4806436888905,0.0223565825560669,0.00695222578522084,0.232616932410628,0.283720777394403,13.1381107473963,0.0177590147730068,0.00595061639984661,632.814599195529,0.269764922979434,0.00583822985629334,0.241328901472583,0.282105663487872,16.6078624130792,0.254620560321061,0.29017906786448,13.4427275358663,TRUE,0.0158582303130138,0.00582578788336752,0.258112759227288,2026-06-10 18:41:49,2026-06-10 18:42:18,"Time changed"
"40","2026-06-10 19:41:20","Collar_40_2026-06-10 19:41:20",2026-06-10 19:42:04.5,NA,NA,NA,NA,NA,21.794065892751,0.0803494876882232,0.00687410002750684,636.986293866418,0.311630079956273,2.76227077673153e-12,0.82991789206311,0.325885995472974,25.392628410091,0.832178643597877,0.335932744393758,21.7973941199509,TRUE,0.0799746944259791,0.00811004831421076,0.333611684051378,2026-06-10 19:41:50,2026-06-10 19:42:19,"Time changed"
"40","2026-06-10 20:41:22","Collar_40_2026-06-10 20:41:22",2026-06-10 20:42:06.5,NA,NA,NA,NA,NA,18.5133720140819,0.102768982414671,0.00650832742067862,640.46089992023,0.29504816432287,1.79516238673494e-15,0.899039502967923,0.30854551895736,21.9569827384609,0.900894690940294,0.317237344085355,18.5231882838678,TRUE,0.10232236226101,0.00673505114527315,0.373816514864328,2026-06-10 20:41:52,2026-06-10 20:42:21,"Time changed"
"40","2026-06-10 21:41:22","Collar_40_2026-06-10 21:41:22",2026-06-10 21:42:06.5,20.054000326563,0.11779225288805,4.71912215724856e-24,0.975313980677074,0.316570675602473,14.7680116254889,0.222552581010543,0.0061144805913375,636.592199727743,0.277193533399989,3.99686994260726e-25,0.979301992477214,0.289874105167902,13.1225477721664,0.982852449897243,0.273803208301207,14.7750883759303,TRUE,0.222206294983425,0.0062759414135875,0.235554689795017,2026-06-10 21:41:52,2026-06-10 21:42:21,"Time changed"
"40","2026-06-10 22:41:24","Collar_40_2026-06-10 22:41:24",2026-06-10 22:42:08.5,NA,NA,NA,NA,NA,21.6137938067475,0.284973361204093,0.00685347755097177,640.572828042806,0.310695181717114,1.02627268796546e-26,0.98406343979174,0.324908329121327,21.8606843212713,0.98593749262598,0.316728594890602,21.7822524892681,TRUE,0.283513925102724,0.00714952047541489,0.268346321991104,2026-06-10 22:41:54,2026-06-10 22:42:23,"Time changed"
"40","2026-06-10 23:41:25","Collar_40_2026-06-10 23:41:25",2026-06-10 23:42:09.5,NA,NA,NA,NA,NA,26.6867879273555,0.350857499298156,0.00745814032642927,642.971306657814,0.338106931372835,3.39464967720305e-28,0.987506118001193,0.353574064230929,26.7212790703075,0.989053109363189,0.343454674881926,26.7075444266049,TRUE,0.350029049193955,0.00754410302835212,0.335120285200258,2026-06-10 23:41:55,2026-06-10 23:42:24,"Time changed"
"41","2026-06-10 00:08:14","Collar_41_2026-06-10 00:08:14",2026-06-10 00:09:13.5,3.0011482648405,-0.00687929803627766,0.043085933471575,0.0686865097120321,0.240033162406201,3.39299581494555,-0.0035325993484369,0.00179520258533589,640.31944666054,0.111247049594091,0.0538786274026705,0.0625843904039299,0.240818246903194,6.69349596160505,0.0734496333984474,0.243656386615931,3.51223661595265,TRUE,-0.00294918954576037,0.00175031820397442,0.262417090423026,2026-06-10 00:08:44,2026-06-10 00:09:43,"Time changed"
"41","2026-06-10 00:29:21","Collar_41_2026-06-10 00:29:21",2026-06-10 00:30:20.5,NA,NA,NA,NA,NA,23.2487045404996,-0.0203995436402617,0.00211823271465584,632.705896473959,0.131264928974607,1.22948795076301e-13,0.615245952413801,0.28415126685046,24.5772243585393,0.632001219977778,0.282814173486037,23.37395594643,TRUE,-0.0211203347906522,0.00209689753645553,0.334052236057591,2026-06-10 00:29:51,2026-06-10 00:30:50,"Time changed"
"41","2026-06-10 01:29:20","Collar_41_2026-06-10 01:29:20",2026-06-10 01:30:19.5,330.908746404222,-0.01804210326018,0.00572266944567659,0.0629155932765931,0.94483163564919,327.46967619253,-0.0167093748298056,0.00490953429252288,635.719953794302,0.304239315041982,0.000909516128625975,0.0893902394704985,0.93138925033028,307.073111233799,0.256915524326583,0.848586608338807,332.381261091667,TRUE,-0.0216996405534301,0.00271573215753176,0.436659451286585,2026-06-10 01:29:50,2026-06-10 01:30:49,"Time changed"
"41","2026-06-10 02:29:20","Collar_41_2026-06-10 02:29:20",2026-06-10 02:30:19.5,NA,NA,NA,NA,NA,262.412473487153,0.025205639500225,0.00374382348197529,630.999581270195,0.232001290535632,6.38192136488142e-10,0.277526578132395,0.710241896376287,250.289807984504,0.368356541437101,0.669797250157798,263.878194149148,TRUE,0.023052546563447,0.00244714611779816,0.458957937565242,2026-06-10 02:29:50,2026-06-10 02:30:49,"Time changed"
"41","2026-06-10 03:29:20","Collar_41_2026-06-10 03:29:20",2026-06-10 03:30:19.5,NA,NA,NA,NA,NA,262.338512028148,-0.0347578063758145,0.00374266991537088,640.280488360959,0.231929805076387,9.75834777636216e-16,0.422266826804595,0.710023052903389,254.184794750214,0.477914615315653,0.68075615050464,262.871226332513,TRUE,-0.0365354900406466,0.003067213253545,0.477258055895338,2026-06-10 03:29:50,2026-06-10 03:30:49,"Time changed"
"41","2026-06-10 04:29:20","Collar_41_2026-06-10 04:29:20",2026-06-10 04:30:19.5,NA,NA,NA,NA,NA,377.763819343282,0.0420066924247754,0.00605411386306776,633.153402723273,0.375167856081803,2.28107804652551e-10,0.289769710502293,1.14852779028848,378.330310146327,0.30980325667008,1.14193234650835,385.310140128738,TRUE,0.0315593836435168,0.00346586270910695,0.557480993304586,2026-06-10 04:29:50,2026-06-10 04:30:49,"Time changed"
"41","2026-06-10 05:29:20","Collar_41_2026-06-10 05:29:20",2026-06-10 05:30:19.5,NA,NA,NA,NA,NA,403.655992539148,0.0443805343609728,0.00674378994529126,630.297118574565,0.417906447230066,1.35037895098257e-09,0.268484179934831,1.27936645051969,389.134574176142,0.373108365420236,1.19451427107541,407.775904142011,TRUE,0.0371213973780362,0.00419051262778384,0.594053664304354,2026-06-10 05:29:50,2026-06-10 05:30:49,"Time changed"
"41","2026-06-10 06:29:20","Collar_41_2026-06-10 06:29:20",2026-06-10 06:30:19.5,NA,NA,NA,NA,NA,294.979074142525,-0.208932038297903,0.0203891289162135,651.793787424056,1.26349552649398,1.24586061131982e-14,0.644184150141171,2.73510874014649,258.963875750732,0.817364320129475,1.99422771900566,295.044469470603,TRUE,-0.211338826332906,0.0206110145684891,3.17760049645926,2026-06-10 06:29:50,2026-06-10 06:30:49,"Time changed"
"41","2026-06-10 07:29:20","Collar_41_2026-06-10 07:29:20",2026-06-10 07:30:19.5,NA,NA,NA,NA,NA,222.734154758105,-0.0341393884443986,0.0111669761831888,635.613357534277,0.692007221588754,0.00337633737778726,0.138779869165261,1.49799897215616,212.892464124838,0.316206961421465,1.35842839131516,226.52547716912,TRUE,-0.0437622771198479,0.00454004688465934,0.573256444175872,2026-06-10 07:29:50,2026-06-10 07:30:49,"Time changed"
"41","2026-06-10 08:29:20","Collar_41_2026-06-10 08:29:20",2026-06-10 08:30:19.5,NA,NA,NA,NA,NA,236.39475942038,-0.0583545276054392,0.0125133896105705,635.926970152039,0.775443220708634,1.87342040836115e-05,0.272699834654412,1.67861419844737,225.945793466745,0.428352138374653,1.51453154727753,238.609756747288,TRUE,-0.0669179505629582,0.00779783610739415,0.947862005564874,2026-06-10 08:29:50,2026-06-10 08:30:49,"Time changed"
"41","2026-06-10 09:29:20","Collar_41_2026-06-10 09:29:20",2026-06-10 09:30:19.5,NA,NA,NA,NA,NA,253.953561547916,-0.0915262174793102,0.014485129781885,641.52403539652,0.897630141792998,4.04294741346523e-08,0.407710717730144,1.9431141581083,231.376868134261,0.619665823621294,1.58465249461406,255.100121055726,TRUE,-0.0985655051071312,0.0110430095769373,1.73149623966666,2026-06-10 09:29:50,2026-06-10 09:30:49,"Time changed"
"41","2026-06-10 10:29:20","Collar_41_2026-06-10 10:29:20",2026-06-10 10:30:19.5,NA,NA,NA,NA,NA,255.300843454859,-0.0377906503946982,0.0146486757685053,636.264468312766,0.907764935845256,0.0124414810043237,0.10293603118122,1.96505310700893,244.67885127116,0.296950498511374,1.77041679535182,258.660742716174,TRUE,-0.050115320003741,0.00543430714464646,0.79630328315797,2026-06-10 10:29:50,2026-06-10 10:30:49,"Time changed"
"41","2026-06-10 11:29:20","Collar_41_2026-06-10 11:29:20",2026-06-10 11:30:19.5,NA,NA,NA,NA,NA,300.378180905831,-0.0603674642461875,0.021327438131286,638.432573409771,1.32164168372238,0.0063757766704935,0.12136881348037,2.86097864590122,292.503306716319,0.279135881635403,2.63729066036588,303.289151406441,TRUE,-0.0775496885555783,0.00866661959708163,1.27144750887508,2026-06-10 11:29:50,2026-06-10 11:30:49,"Time changed"
"41","2026-06-10 12:29:20","Collar_41_2026-06-10 12:29:20",2026-06-10 12:30:19.5,NA,NA,NA,NA,NA,335.66253820275,-0.039666146565217,0.028617852309478,639.073838776986,1.77342193084755,0.171033660380573,0.0320616344989713,3.8389544888125,328.385683035462,0.197909995104728,3.55648226250867,339.557422512222,TRUE,-0.0665125570355184,0.00767511702922466,1.11891271913713,2026-06-10 12:29:50,2026-06-10 12:30:49,"Time changed"
"41","2026-06-10 13:29:20","Collar_41_2026-06-10 13:29:20",2026-06-10 13:30:19.5,NA,NA,NA,NA,NA,361.91029333921,-0.0470003446948626,0.0356148263804503,641.076925488564,2.20701796498895,0.192125757113023,0.0291516946483782,4.77756667841304,355.520711503072,0.183513373157115,4.45887800083861,365.918160508268,TRUE,-0.0781456407663502,0.0075050322594041,1.0998371164644,2026-06-10 13:29:50,2026-06-10 13:30:49,"Time changed"
"41","2026-06-10 14:29:20","Collar_41_2026-06-10 14:29:20",2026-06-10 14:30:19.5,NA,NA,NA,NA,NA,378.775222134927,-0.0575270326898973,0.040988973676545,641.611914302024,2.5400489196334,0.165806406171666,0.0328456348778467,5.49848405064539,372.575498745559,0.184042128227123,5.13983198960273,382.378200609043,TRUE,-0.0913897653660329,0.0100455109040237,1.48246914949644,2026-06-10 14:29:50,2026-06-10 14:30:49,"Time changed"
"41","2026-06-10 15:29:20","Collar_41_2026-06-10 15:29:20",2026-06-10 15:30:19.5,NA,NA,NA,NA,NA,408.46537478258,-0.0635050990001329,0.0524951631326657,641.668912849989,3.25307687509647,0.231289300469111,0.024610956609511,7.04198693772515,403.000101638703,0.166959835346763,6.62306828364859,411.956532619678,TRUE,-0.106350115273275,0.0109220232736406,1.58434484251684,2026-06-10 15:29:50,2026-06-10 15:30:49,"Time changed"
"41","2026-06-10 16:29:20","Collar_41_2026-06-10 16:29:20",2026-06-10 16:30:19.5,NA,NA,NA,NA,NA,417.751254028369,-0.224293874553166,0.0567186659256277,658.420679726443,3.51480345041862,0.000211142477700259,0.212363799441103,7.60855059282459,410.892580685597,0.342753972288951,7.07331610083551,419.484260469182,TRUE,-0.256550220208354,0.0239956982843188,4.03628908426367,2026-06-10 16:29:50,2026-06-10 16:30:49,"Time changed"
"41","2026-06-10 17:29:20","Collar_41_2026-06-10 17:29:20",2026-06-10 17:30:19.5,NA,NA,NA,NA,NA,421.281354162485,-0.0230989179112782,0.0584119716429993,637.511760356931,3.61973604502222,0.693962813847984,0.00268894660487908,7.83569983918794,418.596455839919,0.107837992698693,7.54230899479379,424.333751728934,TRUE,-0.0680402309736967,0.00747485913805556,1.07033377545373,2026-06-10 17:29:50,2026-06-10 17:30:49,"Time changed"
"41","2026-06-10 18:29:20","Collar_41_2026-06-10 18:29:20",2026-06-10 18:30:19.5,NA,NA,NA,NA,NA,385.238386687049,0.0539847562009191,0.043257161367289,631.225197917722,2.68060642026428,0.217047474723536,0.0261510928792111,5.80275109426163,385.438697699308,0.0859109316616247,5.721401064243,387.839835172739,TRUE,0.0229075387908513,0.0033564766897022,0.441281550997198,2026-06-10 18:29:50,2026-06-10 18:30:49,"Time changed"
"41","2026-06-10 19:29:20","Collar_41_2026-06-10 19:29:20",2026-06-10 19:30:19.5,NA,NA,NA,NA,NA,353.255430153628,0.054845932300736,0.0331365917474994,640.85386122307,2.05344404894754,0.103296504305509,0.0451026308761286,4.44512279458788,352.393878265445,0.119422446476457,4.3441939152139,355.806529252897,TRUE,0.033847602088447,0.00397644713919898,0.462755717632848,2026-06-10 19:29:50,2026-06-10 19:30:49,"Time changed"
"41","2026-06-10 20:29:20","Collar_41_2026-06-10 20:29:20",2026-06-10 20:30:19.5,NA,NA,NA,NA,NA,353.779127123747,0.101256653227552,0.0332815205348235,633.64496278416,2.06242515231869,0.00352194414554988,0.137628183928554,4.46456433103301,351.325957456158,0.225565031133975,4.30570497331295,357.18266312691,TRUE,0.0744188445167558,0.00796133611256194,0.994498556338897,2026-06-10 20:29:50,2026-06-10 20:30:49,"Time changed"
"41","2026-06-10 21:29:20","Collar_41_2026-06-10 21:29:20",2026-06-10 21:30:19.5,367.173664341112,-0.0299969816374091,0.264065830617982,0.0214577178380656,4.99178109432771,367.500326225419,0.0363686926413492,0.0373131432264436,636.907141081565,2.31226109461454,0.333762535331078,0.0161156478486413,5.00538814484756,365.108933429982,0.115533048736839,4.82977080643779,371.736144821879,TRUE,0.00208423718893803,0.00364819727227924,0.457034686256347,2026-06-10 21:29:50,2026-06-10 21:30:49,"Time changed"
"41","2026-06-10 22:29:20","Collar_41_2026-06-10 22:29:20",2026-06-10 22:30:19.5,NA,NA,NA,NA,NA,392.629564934631,0.127461945741849,0.0460052698774546,633.231427458928,2.85090417173679,0.00750564242777889,0.116879393002895,6.17139732902292,389.268446971451,0.218842745583945,5.90694214501337,396.587640124514,TRUE,0.0823409115098904,0.00884238761130088,1.17795157840035,2026-06-10 22:29:50,2026-06-10 22:30:49,"Time changed"
"41","2026-06-10 23:29:21","Collar_41_2026-06-10 23:29:21",2026-06-10 23:30:20.5,NA,NA,NA,NA,NA,430.054285406226,0.0892769171552118,0.0628423131634847,635.783636247274,3.89428022564794,0.160772490074347,0.0336272031530479,8.43000996711486,428.517552643137,0.118812175003967,8.19237771125309,433.376425995636,TRUE,0.041275101901385,0.00484399791546935,0.617600774613366,2026-06-10 23:29:51,2026-06-10 23:30:50,"Time changed"
"42","2026-06-10 00:11:15","Collar_42_2026-06-10 00:11:15",2026-06-10 00:12:14.5,NA,NA,NA,NA,NA,73.9064143942262,0.0344517451747777,0.00323079972018458,636.198821070652,0.200209680866019,2.71957482296699e-15,0.662223102771595,0.433397061181598,76.1776979475899,0.671816248537627,0.434759931766975,74.0597852231779,TRUE,0.0334562606287146,0.00328697111575153,0.383323126514325,2026-06-10 00:11:45,2026-06-10 00:12:44,NA
"42","2026-06-10 00:32:21","Collar_42_2026-06-10 00:32:21",2026-06-10 00:33:20.5,58.8469053075166,0.0808512267789964,1.66674743210897e-24,0.8368343181267,0.382281939991807,57.7228929497511,0.0492392633357962,0.00282318878032739,636.172079524574,0.174950406613747,9.66442093299748e-25,0.839862535662654,0.378717910896949,53.8556927873115,0.859541426357861,0.360963659868601,57.9012434028794,TRUE,0.048604747316677,0.00267687755414512,0.417738808089379,2026-06-10 00:32:51,2026-06-10 00:33:50,NA
"42","2026-06-10 01:32:20","Collar_42_2026-06-10 01:32:20",2026-06-10 01:33:19.5,176.476665718246,0.0997295926739586,2.32391565783957e-58,0.889853602551563,0.496478284529658,188.275209468309,0.080284100395353,0.00274890360709043,639.894624230667,0.170347022896108,7.73185587382004e-56,0.878473594940567,0.521495342997693,178.258763060879,0.891870687948823,0.496133826108722,188.31969026387,TRUE,0.0799647736628878,0.00303708524423811,0.522843051882367,2026-06-10 01:32:50,2026-06-10 01:33:49,NA
"42","2026-06-10 02:32:20","Collar_42_2026-06-10 02:32:20",2026-06-10 02:33:19.5,196.824109530834,0.310470465178654,1.99088239296335e-82,0.956916132209089,0.540406028318882,285.422700369588,0.142199452587906,0.00412053642833857,639.064741600449,0.255345844609439,1.69080309138464e-63,0.909850426361433,0.781708224503859,162.891743859517,0.968592535657198,0.465362398825661,288.776511162288,TRUE,0.13526021187498,0.00372739873139913,0.692556723628734,2026-06-10 02:32:50,2026-06-10 02:33:49,NA
"42","2026-06-10 03:32:20","Collar_42_2026-06-10 03:32:20",2026-06-10 03:33:19.5,345.486469037183,0.42978029802903,1.83105003361209e-61,0.902406955898892,1.0039999588416,410.776544586817,0.167839961876379,0.00694686890069573,647.188194807968,0.430491062920763,1.66459827540884e-47,0.831844325489007,1.31789262118319,279.451039358651,0.945555728307475,0.756331812725148,426.299542650252,TRUE,0.143360727983357,0.00509636652364772,0.690261371038735,2026-06-10 03:32:50,2026-06-10 03:33:49,NA
"42","2026-06-10 04:32:20","Collar_42_2026-06-10 04:32:20",2026-06-10 04:33:19.5,423.650750137245,0.539043797324476,6.39758855586435e-71,0.932507632467233,1.3905182019961,510.825998541725,0.284289236123188,0.0105398547795779,649.019591850729,0.653145086218133,2.7385768608974e-52,0.860442748614301,1.99951906980092,245.858241209154,0.985163699065476,0.657543021151243,518.308021542499,TRUE,0.259647730212928,0.00845778526944591,1.79177096123214,2026-06-10 04:32:50,2026-06-10 04:33:49,NA
"42","2026-06-10 05:32:20","Collar_42_2026-06-10 05:32:20",2026-06-10 05:33:19.5,530.718340048551,0.936831942965243,3.20451272592141e-65,0.915706359962966,2.17231070673205,613.897421854431,0.390645144004849,0.0161937931315324,645.684194861267,1.00351443471377,1.93823737482189e-47,0.831410724769804,3.07212944163609,314.3529569663,0.986564126920437,0.874720880984779,633.885212353322,TRUE,0.328401997787455,0.0107837537276658,1.96777532091056,2026-06-10 05:32:50,2026-06-10 05:33:49,NA
"42","2026-06-10 06:32:21","Collar_42_2026-06-10 06:32:21",2026-06-10 06:33:20.5,NA,NA,NA,NA,NA,21.590353851345,0.0075569337270481,0.00208916095155937,632.397215845105,0.129463378610654,0.000625356819835076,0.1840663076989,0.280251422297837,23.6486096256399,0.210049181495376,0.280634074597075,21.6154471560397,TRUE,0.0077628967985381,0.00181884245317684,0.195459932879172,2026-06-10 06:32:51,2026-06-10 06:33:50,NA
"42","2026-06-10 07:32:20","Collar_42_2026-06-10 07:32:20",2026-06-10 07:33:19.5,NA,NA,NA,NA,NA,33.8128404431572,0.00296606410716703,0.00231316468792168,632.080309627805,0.143344683691159,0.204855113682931,0.0275663918707464,0.310300502847954,36.4338546510735,0.0496610529294922,0.312184794835338,33.8295648022527,TRUE,0.00317373426872104,0.002513597925386,0.316899300354612,2026-06-10 07:32:50,2026-06-10 07:33:49,NA
"42","2026-06-10 08:32:19","Collar_42_2026-06-10 08:32:19",2026-06-10 08:33:18.5,NA,NA,NA,NA,NA,21.7044615601574,-0.000340510736805322,0.00209114847445431,629.895772547803,0.129586543572574,0.871214906017212,0.000456946540519813,0.280518039437958,22.6416519454408,0.0502000332593541,0.278289038684204,21.7531744855196,TRUE,-0.000598303688297514,0.00221027881443544,0.281046175316998,2026-06-10 08:32:49,2026-06-10 08:33:48,NA
"42","2026-06-10 09:32:21","Collar_42_2026-06-10 09:32:21",2026-06-10 09:33:20.5,NA,NA,NA,NA,NA,30.3274452562765,0.0011098668347933,0.0022469452381866,632.886045134042,0.139241125424841,0.623210686929653,0.00418895521265749,0.301417465397832,34.0099501439065,0.00944445697454459,0.305942170680058,30.3524532117999,TRUE,0.00114225079590891,0.00233669511158729,0.335801180003174,2026-06-10 09:32:51,2026-06-10 09:33:50,NA
"42","2026-06-10 10:32:19","Collar_42_2026-06-10 10:32:19",2026-06-10 10:33:18.5,NA,NA,NA,NA,NA,20.1146581128465,0.000828532220202379,0.00206362689282629,631.76783707388,0.127881056525436,0.689532545698478,0.00277155251334754,0.276826144665858,21.893733688695,0.03900954982636,0.276559953901147,20.698876661169,TRUE,0.00185874133987701,0.0019443183340841,0.244873698446762,2026-06-10 10:32:49,2026-06-10 10:33:48,NA
"42","2026-06-10 11:32:19","Collar_42_2026-06-10 11:32:19",2026-06-10 11:33:18.5,47.2238148358842,-0.020216614362719,0.063646973988955,0.0580622979875573,0.34699116270525,47.3685473266155,-0.00479417052394077,0.00258980039648442,631.671475057042,0.160487543578595,0.0692382206825853,0.0557874055047331,0.347409922648861,51.1846892481296,0.0586763288668042,0.353017956974403,47.4113064949548,TRUE,-0.00427890359412639,0.00255246831923366,0.320359056492439,2026-06-10 11:32:49,2026-06-10 11:33:48,NA
"42","2026-06-10 12:32:19","Collar_42_2026-06-10 12:32:19",2026-06-10 12:33:18.5,NA,NA,NA,NA,NA,43.1539841386792,0.000263558174685772,0.00250042182051645,632.574213109033,0.154948835605145,0.916417758797268,0.000191520489890519,0.335420193940174,46.7373296384682,0.00711038127112581,0.340174116940156,43.2242801478128,TRUE,3.14265493774537e-05,0.00231671799084854,0.298718985607572,2026-06-10 12:32:49,2026-06-10 12:33:48,NA
"42","2026-06-10 13:32:19","Collar_42_2026-06-10 13:32:19",2026-06-10 13:33:18.5,22.4531691216487,-0.0369387485229508,6.55700346353225e-05,0.241988676132314,0.282273727289571,23.0160167857094,-0.0089199178034455,0.00211412930420978,634.151885874532,0.131010644411334,8.72213823286664e-05,0.234844470979977,0.283600813036491,26.0187804845558,0.247456716889967,0.286232099636524,23.040740553784,TRUE,-0.00859317316668175,0.00220999316769572,0.252771800841608,2026-06-10 13:32:49,2026-06-10 13:33:48,NA
"42","2026-06-10 14:32:21","Collar_42_2026-06-10 14:32:21",2026-06-10 14:33:20.5,17.8078013582277,0.00931587478998652,0.000408073114015212,0.195278906682255,0.271555317486146,18.0998971689877,-0.00751778535373774,0.00202926850909246,633.108949064225,0.125751899153208,0.000474109359584163,0.191351760911661,0.272217124043452,13.688694279735,0.29712624300816,0.258282074709706,18.2242269441694,TRUE,-0.00803364664645263,0.00206014397768999,0.282365374358061,2026-06-10 14:32:51,2026-06-10 14:33:50,NA
"42","2026-06-10 15:32:19","Collar_42_2026-06-10 15:32:19",2026-06-10 15:33:18.5,26.3938271121585,0.00405168754983287,0.00106433938343794,0.169947391372677,0.291697142523601,26.4612311907713,-0.00747272966961686,0.00217570591669325,632.219889542014,0.134826490332424,0.00110217378013574,0.169014385212549,0.291861035024603,29.375431017255,0.183917204882322,0.29435163988448,26.5024663110252,TRUE,-0.00708042224042811,0.00227317179745572,0.229654841060419,2026-06-10 15:32:49,2026-06-10 15:33:48,NA
"42","2026-06-10 16:32:19","Collar_42_2026-06-10 16:32:19",2026-06-10 16:33:18.5,NA,NA,NA,NA,NA,26.219619239211,-0.00490065763983351,0.00217132968585734,634.869840862954,0.134555299341048,0.0277913745407158,0.0807363790162962,0.291273983598455,29.5467447839155,0.0909879382755378,0.29477216071852,26.2589468634688,TRUE,-0.00503236609217269,0.0022491515692856,0.307297752785333,2026-06-10 16:32:49,2026-06-10 16:33:48,NA
"42","2026-06-10 17:32:21","Collar_42_2026-06-10 17:32:21",2026-06-10 17:33:20.5,NA,NA,NA,NA,NA,45.9467011629225,0.00237111344721099,0.00255929565972726,631.735459240693,0.158597193157646,0.358040414130507,0.0145832954091995,0.343317851209064,48.0003639216783,0.0460362736449582,0.343773455511518,45.9562529628417,TRUE,0.0025905348593775,0.00282927426116287,0.332369738858432,2026-06-10 17:32:51,2026-06-10 17:33:50,NA
"42","2026-06-10 18:32:20","Collar_42_2026-06-10 18:32:20",2026-06-10 18:33:19.5,NA,NA,NA,NA,NA,39.1629727104345,0.00102094713011107,0.00241862940288122,632.415966575237,0.149880234871493,0.674499495386145,0.00306272279350136,0.32444811380516,41.3747635590629,0.0323365312321739,0.325307062675972,39.2484996757042,TRUE,0.00122467312038153,0.00257415880090589,0.332746633697996,2026-06-10 18:32:50,2026-06-10 18:33:49,NA
"42","2026-06-10 19:32:20","Collar_42_2026-06-10 19:32:20",2026-06-10 19:33:19.5,67.7995875206118,0.0314171900001402,0.00171573324513221,0.15713656502558,0.411893196640056,67.77286990243,0.0101088239867805,0.00306981355109456,644.689708777066,0.190233516346754,0.00169201078979855,0.15751180319771,0.41180150013874,67.9985332955634,0.208876535423224,0.406114155928252,67.863589270939,TRUE,0.00993887993557596,0.00319205254828049,0.453131396183455,2026-06-10 19:32:50,2026-06-10 19:33:49,NA
"42","2026-06-10 20:32:20","Collar_42_2026-06-10 20:32:20",2026-06-10 20:33:19.5,NA,NA,NA,NA,NA,52.9947003254433,0.0323426076850831,0.00271411359049107,639.159299060767,0.168191117633035,3.15674601718591e-17,0.710002693763959,0.364085971186311,56.4181675456073,0.71277589795219,0.368754549203507,53.2140617406446,TRUE,0.0311606034442602,0.00288360365686733,0.316905590361885,2026-06-10 20:32:50,2026-06-10 20:33:49,NA
"42","2026-06-10 21:32:20","Collar_42_2026-06-10 21:32:20",2026-06-10 21:33:19.5,56.6916338495584,0.0202868607462976,4.97731926623171e-18,0.727787981263389,0.375477220041292,57.8433623099864,0.0347288682113061,0.00282602443468025,636.13548003561,0.175126129500401,8.71491161911536e-18,0.722512269540543,0.379098301007602,58.4394926384254,0.737816259795726,0.375018598287708,57.97210439111,TRUE,0.0354007033034163,0.00295656003472414,0.346626346505758,2026-06-10 21:32:50,2026-06-10 21:33:49,NA
"42","2026-06-10 22:32:20","Collar_42_2026-06-10 22:32:20",2026-06-10 22:33:19.5,46.6476055557582,0.0212158454251408,2.1881069159537e-17,0.713620690683767,0.345328993819733,49.54114719045,0.0306397544599418,0.00263711575956616,637.405832839736,0.163419633018702,8.94538514965322e-17,0.699471412554447,0.353757063011741,48.5100811402725,0.723643477160697,0.345236788248976,49.5673661718231,TRUE,0.0308788863229338,0.0028520436132256,0.395621173036397,2026-06-10 22:32:50,2026-06-10 22:33:49,NA
"42","2026-06-10 23:32:21","Collar_42_2026-06-10 23:32:21",2026-06-10 23:33:20.5,NA,NA,NA,NA,NA,56.8979457454545,0.0347641350518531,0.00280384715830851,638.888061855768,0.173751824124204,5.98400198696049e-18,0.726064181990017,0.376123320434068,54.9737600380703,0.751819225600991,0.364342556790004,57.7889751046495,TRUE,0.0323420342410883,0.00264409983633486,0.306473257529141,2026-06-10 23:32:51,2026-06-10 23:33:50,NA
"43","2026-06-10 00:14:16","Collar_43_2026-06-10 00:14:16",2026-06-10 00:15:15.5,54.1722688972074,0.073625541599501,8.10112095550005e-32,0.908580705805004,0.36767636038984,55.8281574317857,0.0657134630023096,0.00277896222215076,643.873455244342,0.172209727566691,1.80601336003482e-31,0.906022565527251,0.372785119637814,55.7763412042074,0.912159345903163,0.366787511103128,55.9529809471816,TRUE,0.0660800772856934,0.00281415366027708,0.363153721338396,2026-06-10 00:14:46,2026-06-10 00:15:45,"Time changed"
"43","2026-06-10 00:35:22","Collar_43_2026-06-10 00:35:22",2026-06-10 00:36:21.5,26.5434653069935,0.0813679839496625,7.23209742758257e-40,0.951715095085556,0.292061111356982,30.7042034476261,0.0734796474500645,0.0022540109495184,642.554815768128,0.139678981043681,5.41259442807482e-39,0.948247920245146,0.302365298377768,25.5965982289242,0.955536385655689,0.285226851386141,30.7299312707522,TRUE,0.0736403005284127,0.00232684350452302,0.324272576098825,2026-06-10 00:35:52,2026-06-10 00:36:51,"Time changed"
"43","2026-06-10 01:35:20","Collar_43_2026-06-10 01:35:20",2026-06-10 01:36:19.5,53.0551551880741,0.0887664560295349,1.19139338291308e-82,0.957289309181442,0.296866769778316,59.392564007683,0.0803783208275775,0.00160671403463503,642.754272669589,0.0995665878350563,2.69021548565066e-81,0.954973058999908,0.304810210307108,45.3022489763122,0.961274109781242,0.285105767564239,59.6354791466206,TRUE,0.0802924722835472,0.00173079287917254,0.284710217496233,2026-06-10 01:35:50,2026-06-10 01:36:49,"Time changed"
"43","2026-06-10 02:35:21","Collar_43_2026-06-10 02:35:21",2026-06-10 02:36:20.5,99.8071821788777,0.125946004062989,4.10010792100134e-94,0.972691252226955,0.360713337527591,119.710584755028,0.122955009691621,0.00206579720488085,643.408702807239,0.128015548763103,7.3082799302792e-90,0.96776448579985,0.391903018768738,91.9851615931447,0.975253347090334,0.346323171769973,119.931299253048,TRUE,0.122021837866825,0.00225451307132687,0.373034996049938,2026-06-10 02:35:51,2026-06-10 02:36:50,"Time changed"
"43","2026-06-10 03:35:22","Collar_43_2026-06-10 03:35:22",2026-06-10 03:36:21.5,106.561791651771,0.147497360102899,3.17250289254531e-97,0.97581322861116,0.371009537621393,106.621291685313,0.134935706102281,0.00195614849500209,648.757757498317,0.121220719273969,3.26670246995505e-97,0.975801233023257,0.371101528523687,77.9434712053807,0.981569875815616,0.326642179118438,106.91260978519,TRUE,0.135983287594932,0.00204022070558642,0.349993177878516,2026-06-10 03:35:52,2026-06-10 03:36:51,"Time changed"
"43","2026-06-10 04:35:22","Collar_43_2026-06-10 04:35:22",2026-06-10 04:36:21.5,92.1550580383231,0.13154855958604,8.81209700946906e-101,0.978947055641987,0.349393821170246,132.587585821363,0.135834274935354,0.00217966322005789,652.309474801828,0.135071720774526,3.80546682890669e-92,0.970512154651337,0.41350457529017,82.8505237828237,0.981156475895382,0.333389464857717,132.634595305201,TRUE,0.13561215972189,0.00239138273323935,0.43851075153337,2026-06-10 04:35:52,2026-06-10 04:36:51,"Time changed"
"43","2026-06-10 05:35:22","Collar_43_2026-06-10 05:35:22",2026-06-10 05:36:21.5,109.681042837012,0.170546824727047,9.96107568430061e-105,0.981951983764552,0.375862975492965,195.671782978011,0.157213129290321,0.00283494121110432,647.432884629539,0.175678693916902,2.31151270042241e-86,0.963047796655083,0.53781756313673,112.401974168389,0.982143334260289,0.377074361736727,195.9515764129,TRUE,0.156602201100669,0.00284407011501328,0.58250302908835,2026-06-10 05:35:52,2026-06-10 05:36:51,"Time changed"
"43","2026-06-10 06:35:23","Collar_43_2026-06-10 06:35:23",2026-06-10 06:36:22.5,28.3200397183561,0.0623902097083386,2.65747899267393e-30,0.896909684767211,0.296417179598708,47.0397099151456,0.0485814425465947,0.00258271325092519,642.472156712925,0.160048359700436,2.3061252232393e-26,0.859163456180036,0.346459214364981,28.5372159216568,0.903208576740504,0.292302720960546,47.0634739578944,TRUE,0.048204626155718,0.00273292468003984,0.414433502419432,2026-06-10 06:35:53,2026-06-10 06:36:52,"Time changed"
"43","2026-06-10 07:35:20","Collar_43_2026-06-10 07:35:20",2026-06-10 07:36:19.5,33.4913227229345,0.0201097998579421,4.45385306830203e-15,0.656477434279228,0.309470223049436,31.41484820732,0.0245030646684919,0.00226739889460886,634.628719462166,0.14050861966141,1.61889758898312e-15,0.668162664870168,0.304161230208892,35.3996864296062,0.668246508341464,0.309505924807887,31.4321652189494,TRUE,0.0245011356366839,0.00229820782469121,0.322784913489925,2026-06-10 07:35:50,2026-06-10 07:36:49,"Time changed"
"43","2026-06-10 08:35:18","Collar_43_2026-06-10 08:35:18",2026-06-10 08:36:17.5,NA,NA,NA,NA,NA,34.363247233167,0.0483801769218768,0.00232379890363569,631.500558488554,0.144003676237513,1.35270274908557e-28,0.881981605632561,0.311727034430717,37.9145447054734,0.882860899554018,0.316060732760335,34.5794886298558,TRUE,0.047367893887091,0.00225934555755673,0.330123549787845,2026-06-10 08:35:48,2026-06-10 08:36:47,"Time changed"
"43","2026-06-10 09:35:20","Collar_43_2026-06-10 09:35:20",2026-06-10 09:36:19.5,55.5710439734577,0.0779477532629058,2.95284594665205e-41,0.956753379156699,0.371987240787821,48.6673843155472,0.0995758977912802,0.00261798371565586,635.613078461875,0.162234037891383,1.04730494809558e-42,0.96145377751341,0.351190586497175,47.5330705078051,0.964615063448333,0.342437366376581,48.7299428314568,TRUE,0.0999780569607023,0.00263447389634749,0.301213282165677,2026-06-10 09:35:50,2026-06-10 09:36:49,"Time changed"
"43","2026-06-10 10:35:18","Collar_43_2026-06-10 10:35:18",2026-06-10 10:36:17.5,74.0456714813212,0.155093414205646,5.17009310291956e-50,0.978414733212093,0.433900299892407,63.1666659038491,0.166151310600521,0.0029542115428691,637.076981432231,0.183069766446167,2.68615544373057e-52,0.981994194580869,0.396294017480934,55.251211671785,0.985237305963517,0.365185926704242,63.2668472482005,TRUE,0.165664015296865,0.00328659483019128,0.381867775444325,2026-06-10 10:35:48,2026-06-10 10:36:47,"Time changed"
"43","2026-06-10 11:35:18","Collar_43_2026-06-10 11:35:18",2026-06-10 11:36:17.5,91.8425898983812,0.179099971255529,3.60556375359521e-54,0.984480644699809,0.503267801734446,74.102401864717,0.228022871282472,0.00323608066704845,636.882271982049,0.20053693627578,6.79677873886646e-58,0.988453086481795,0.43410547614052,58.3482781471942,0.991692300145262,0.374733647178013,74.1556728744358,TRUE,0.228747758777953,0.0031887643375382,0.474814370933884,2026-06-10 11:35:48,2026-06-10 11:36:47,"Time changed"
"43","2026-06-10 12:35:18","Collar_43_2026-06-10 12:35:18",2026-06-10 12:36:17.5,136.376031789363,0.243312491012055,2.3982557152617e-52,0.982064425641948,0.729408880366857,46.4231210314177,0.308588706847386,0.00256947668404414,640.228513505645,0.159228101850821,3.12618309349111e-71,0.995994890361318,0.344683589230888,43.1052252187296,0.996454759408989,0.330032144846934,46.5334110701048,TRUE,0.309213111198114,0.0024523682226214,0.299017704817351,2026-06-10 12:35:48,2026-06-10 12:36:47,"Time changed"
"43","2026-06-10 13:35:18","Collar_43_2026-06-10 13:35:18",2026-06-10 13:36:17.5,NA,NA,NA,NA,NA,86.6344796351982,0.334392076989323,0.00359231524013275,637.701056541503,0.222612464432188,7.58602242003727e-65,0.993350827875358,0.481892720921262,87.7311210306462,0.993664916184013,0.478699247026808,86.8155632978568,TRUE,0.333482520504393,0.00344079172326442,0.409744007212209,2026-06-10 13:35:48,2026-06-10 13:36:47,"Time changed"
"43","2026-06-10 14:35:20","Collar_43_2026-06-10 14:35:20",2026-06-10 14:36:19.5,142.825702466614,0.293664152427086,2.05936456733719e-55,0.985939070105115,0.769685283705144,80.1565910125528,0.367592968478167,0.00340353467920105,642.603175074019,0.210913907068291,1.43546301550534e-68,0.995052339538019,0.456568668859212,62.9473769871393,0.996525578707947,0.389374390059616,80.5607643243364,TRUE,0.365475164974284,0.00310887776287757,0.332458658603866,2026-06-10 14:35:50,2026-06-10 14:36:49,"Time changed"
"43","2026-06-10 15:35:18","Collar_43_2026-06-10 15:35:18",2026-06-10 15:36:17.5,130.983399906394,0.276473319963354,1.70925584187723e-55,0.98602910765101,0.697355869873407,96.5492398799455,0.333629714351232,0.00390172947652809,642.2259238709,0.24178657947779,1.00802822630369e-62,0.992129879448124,0.523399230874108,74.8177825693495,0.994874563160493,0.429860771736829,96.5736255097748,TRUE,0.333927735970583,0.00415119830476468,0.54886014945651,2026-06-10 15:35:48,2026-06-10 15:36:47,"Time changed"
"43","2026-06-10 16:35:18","Collar_43_2026-06-10 16:35:18",2026-06-10 16:36:17.5,101.196221642263,0.275388069904717,1.25615385715861e-60,0.990705371695447,0.544065350172263,87.2259549982754,0.319203866831325,0.00361006533196298,646.509133292204,0.223712421262836,1.46605270214188e-63,0.992636032468898,0.484273814861213,42.7847449181265,0.996715398443214,0.329151914097772,87.3040830683266,TRUE,0.318214886105145,0.00356741069872127,0.540939613764858,2026-06-10 16:35:48,2026-06-10 16:36:47,"Time changed"
"43","2026-06-10 17:35:21","Collar_43_2026-06-10 17:35:21",2026-06-10 17:36:20.5,97.0476586063159,0.331736945599333,1.50692731002768e-65,0.993711225822866,0.525577684985625,118.33384806127,0.374572661476027,0.00467841001523026,645.630160487945,0.289916756602952,4.43426226111246e-61,0.991033136121607,0.627587386161935,48.2583185092892,0.997391060459701,0.344513233180565,118.462311996966,TRUE,0.373723457377504,0.00503042456195512,0.635329310188056,2026-06-10 17:35:51,2026-06-10 17:36:50,"Time changed"
"43","2026-06-10 18:35:19","Collar_43_2026-06-10 18:35:19",2026-06-10 18:36:18.5,156.198169395365,0.421498012737275,2.82430847095867e-56,0.986869888372587,0.860418529644671,191.757041911418,0.421205739099766,0.00862632229403928,676.657178943142,0.534565241771892,8.26626089934646e-49,0.976250628540837,1.15718182952806,155.2562491303,0.987908014808854,0.840319287912348,191.945104976362,TRUE,0.422041441308415,0.00901895080191576,1.08451484262621,2026-06-10 18:35:49,2026-06-10 18:36:48,"Time changed"
"43","2026-06-10 19:35:19","Collar_43_2026-06-10 19:35:19",2026-06-10 19:36:18.5,108.941547378956,0.366408689160165,7.86499925476144e-51,0.979771324200404,0.580339774299086,157.595198037179,0.226319365467757,0.00648918034931181,689.530936233717,0.402128525238183,1.30022940265157e-40,0.95448711970001,0.870493975624227,111.426714599953,0.980275648703944,0.583203279047001,158.309961169861,TRUE,0.228355080895458,0.00621466981513782,0.760266368347722,2026-06-10 19:35:49,2026-06-10 19:36:48,"Time changed"
"43","2026-06-10 20:35:21","Collar_43_2026-06-10 20:35:21",2026-06-10 20:36:20.5,NA,NA,NA,NA,NA,118.384762240367,0.060902454667292,0.0046803954147663,655.531692573874,0.290039789982278,7.53137447032362e-19,0.744851426995771,0.627853718463134,91.483382211591,0.847552082329521,0.493904098928152,120.940103302326,TRUE,0.0673983994279706,0.00322777004791425,0.447856846979767,2026-06-10 20:35:51,2026-06-10 20:36:50,"Time changed"
"43","2026-06-10 21:35:21","Collar_43_2026-06-10 21:35:21",2026-06-10 21:36:20.5,53.8119200831115,0.105230414939015,2.38069697634954e-33,0.919034813204054,0.36657391864619,61.4072742624407,0.0696978438785663,0.00291121405985853,647.546494570073,0.180405252054326,9.40893300622636e-32,0.908108502506842,0.39052610105499,52.4817299055087,0.925917245925208,0.356854307913173,61.8824404099214,TRUE,0.0710242040003444,0.00302432374746873,0.362506436540651,2026-06-10 21:35:51,2026-06-10 21:36:50,"Time changed"
"43","2026-06-10 22:35:21","Collar_43_2026-06-10 22:35:21",2026-06-10 22:36:20.5,36.6469194377509,0.0820746317338588,5.93859756224745e-41,0.955699587632099,0.317716195378192,47.4660339955564,0.0833942522792967,0.00259190517643423,651.231578839201,0.160617974852132,1.11337586229861e-38,0.94694587804364,0.347692269288606,38.7464846785544,0.957080765895309,0.318259542255518,47.5512646985514,TRUE,0.0830656804511115,0.0026419816243497,0.350320231446499,2026-06-10 22:35:51,2026-06-10 22:36:50,"Time changed"
"43","2026-06-10 23:35:22","Collar_43_2026-06-10 23:35:22",2026-06-10 23:36:21.5,78.1962108974343,0.109046379077715,4.07622850529766e-33,0.917521637843009,0.449170528758507,91.2110776998424,0.0841214525911834,0.00373196619770861,652.952684916974,0.231266505558359,2.22230010782285e-30,0.897542259192392,0.500626260554328,82.4558653453113,0.917163933178074,0.45811125038967,92.0185657411416,TRUE,0.0863772991184349,0.00388247141982998,0.397254546357037,2026-06-10 23:35:52,2026-06-10 23:36:51,"Time changed"
"44","2026-06-10 00:17:17","Collar_44_2026-06-10 00:17:17",2026-06-10 00:18:16.5,NA,NA,NA,NA,NA,128.741905004977,0.289885756273634,0.00510230357810241,625.614812713767,0.31618504999594,1.50832922157028e-52,0.982348867345505,0.684450776131552,62.8076697451442,0.994497352353304,0.388921333656552,128.782832900698,TRUE,0.290510246858094,0.00546081143799818,0.736255561825036,2026-06-10 00:17:47,2026-06-10 00:18:46,"Time changed"
"44","2026-06-10 00:38:24","Collar_44_2026-06-10 00:38:24",2026-06-10 00:39:23.5,NA,NA,NA,NA,NA,74.3962931400234,0.329395879236136,0.00324401584569981,628.477505972103,0.201028671983035,5.05185240907151e-67,0.994406014374359,0.435169944199609,59.7584998206099,0.995899691820912,0.379163437900198,75.0278151760103,TRUE,0.33192263441807,0.00320249145132474,0.433888899545006,2026-06-10 00:38:54,2026-06-10 00:39:53,"Time changed"
"44","2026-06-10 01:38:21","Collar_44_2026-06-10 01:38:21",2026-06-10 01:39:20.5,365.572840047919,0.182021402642015,2.23087534360108e-80,0.953330064224771,1.09164441043102,254.825413698937,0.286647296778836,0.00362732209617096,627.115445006739,0.224781807035428,4.94972004433215e-104,0.981454911849887,0.688140382888135,222.179548810569,0.986335205828113,0.595766597238675,257.485110792254,TRUE,0.291539560049577,0.00287357822612163,0.569191846848251,2026-06-10 01:38:51,2026-06-10 01:39:50,"Time changed"
"44","2026-06-10 02:38:22","Collar_44_2026-06-10 02:38:22",2026-06-10 02:39:21.5,285.017901315646,0.148247576277482,2.37256248904767e-81,0.955068812110154,0.780390857669027,140.77790702199,0.209380162477206,0.00225533093208196,628.474080143558,0.139760779146531,3.7069222393112e-112,0.986494024610452,0.42785952005217,125.543115906979,0.98849430324164,0.398296686572061,141.287191094108,TRUE,0.210703176261002,0.00208948345368503,0.333612003662488,2026-06-10 02:38:52,2026-06-10 02:39:51,"Time changed"
"44","2026-06-10 03:38:23","Collar_44_2026-06-10 03:38:23",2026-06-10 03:39:22.5,211.118022190196,0.14127434784468,7.04451720434533e-86,0.962343468145386,0.573569279634224,113.062428133878,0.167831572224853,0.00200935857646687,631.563613381821,0.124518098979174,8.04659337267105e-107,0.983367202858904,0.381196029332241,116.643703751445,0.983425139699512,0.383797967274975,113.474143727367,TRUE,0.166889514668929,0.00202433324740646,0.399509894977651,2026-06-10 03:38:53,2026-06-10 03:39:52,"Time changed"
"44","2026-06-10 04:38:23","Collar_44_2026-06-10 04:38:23",2026-06-10 04:39:22.5,NA,NA,NA,NA,NA,108.558388339098,0.285521175213004,0.00197200091954035,629.742971528263,0.122203079411594,9.93590597736823e-135,0.994402657722014,0.374108896825218,100.487341679504,0.994938312952273,0.358811834051334,109.457755308011,TRUE,0.28598274057076,0.00195301185542079,0.325105397858414,2026-06-10 04:38:53,2026-06-10 04:39:52,"Time changed"
"44","2026-06-10 05:38:23","Collar_44_2026-06-10 05:38:23",2026-06-10 05:39:22.5,244.287535600009,0.239518002988758,9.43804265980371e-109,0.984574278366391,0.658579364185635,189.703676954842,0.302133941898534,0.00276531372567368,628.400628552959,0.17136394281968,2.08196919321355e-120,0.990211865729397,0.524608511606854,142.707632474444,0.993600602623381,0.427825751601612,192.940824669294,TRUE,0.305280363960179,0.00221568577195147,0.38669395890559,2026-06-10 05:38:53,2026-06-10 05:39:52,"Time changed"
"44","2026-06-10 06:38:24","Collar_44_2026-06-10 06:38:24",2026-06-10 06:39:23.5,NA,NA,NA,NA,NA,37.4781974399846,0.0114973950751251,0.00238490960787165,632.874259285043,0.147790650253927,1.07030765407321e-05,0.286074884064698,0.319924756950356,39.738715459363,0.306475400357049,0.320902009556911,37.5827428122958,TRUE,0.0118590540402003,0.0023658231629573,0.309979847306212,2026-06-10 06:38:54,2026-06-10 06:39:53,"Time changed"
"44","2026-06-10 07:38:21","Collar_44_2026-06-10 07:38:21",2026-06-10 07:39:20.5,NA,NA,NA,NA,NA,58.7149669329056,0.00891685638325623,0.00284662562751971,632.218166840897,0.176402766432762,0.00271685746800574,0.144695663141848,0.381861857156773,60.2129744288067,0.179628341149699,0.380602161902546,58.7449996232981,TRUE,0.00900051596796485,0.00287673439318484,0.423406834438716,2026-06-10 07:38:51,2026-06-10 07:39:50,"Time changed"
"44","2026-06-10 08:38:18","Collar_44_2026-06-10 08:38:18",2026-06-10 08:39:17.5,NA,NA,NA,NA,NA,27.6251807801757,-9.57001353241721e-05,0.00219691202902825,630.546618985407,0.136140613568376,0.965403801504459,3.27158017697229e-05,0.294705738367759,29.8251039634453,0.0295874577546234,0.295456725530356,27.6522007959163,TRUE,-0.000177821900604432,0.00241788039408424,0.352557054243743,2026-06-10 08:38:48,2026-06-10 08:39:47,"Time changed"
"44","2026-06-10 09:38:23","Collar_44_2026-06-10 09:38:23",2026-06-10 09:39:22.5,NA,NA,NA,NA,NA,37.6523277235788,0.00720358772853385,0.0023883728281984,633.893127519151,0.148005262825563,0.00379653437191978,0.135578553340571,0.320389332176874,36.9683625302377,0.200493750658776,0.313578439945665,37.7219904693598,TRUE,0.00721640514004921,0.00241202896673146,0.359459808347515,2026-06-10 09:38:53,2026-06-10 09:39:52,"Time changed"
"44","2026-06-10 10:38:19","Collar_44_2026-06-10 10:38:19",2026-06-10 10:39:18.5,NA,NA,NA,NA,NA,50.0995435906538,0.0095907798826322,0.00264941565450171,632.772025704971,0.164181846171176,0.00061996779555893,0.184294733174338,0.355407037872332,42.087241553577,0.332293929051963,0.327244258888958,50.1500347827746,TRUE,0.00902485780451445,0.00281139522826472,0.374515314355599,2026-06-10 10:38:49,2026-06-10 10:39:48,"Time changed"
"44","2026-06-10 11:38:19","Collar_44_2026-06-10 11:38:19",2026-06-10 11:39:18.5,NA,NA,NA,NA,NA,46.6418677459496,0.0103349215198057,0.00257416482725147,631.940354255227,0.159518621764367,0.000172993855179624,0.217475999405247,0.34531248228042,49.5239164892255,0.231921399213296,0.348165921568506,46.7297978569985,TRUE,0.0105956054927173,0.00283620945442066,0.326956610578643,2026-06-10 11:38:49,2026-06-10 11:39:48,"Time changed"
"44","2026-06-10 12:38:18","Collar_44_2026-06-10 12:38:18",2026-06-10 12:39:17.5,34.0900637119938,0.019265352528513,1.21331411971803e-14,0.644505879413347,0.311018185853227,37.4612336580433,0.0233930098078982,0.00238457248931275,635.309464423492,0.147769759327551,6.28482793597376e-14,0.623960242271405,0.319879534031776,37.5739581494202,0.647550640374193,0.315164954266511,37.4942176436687,TRUE,0.0234588219580639,0.00224775955825262,0.306805360533651,2026-06-10 12:38:48,2026-06-10 12:39:47,"Time changed"
"44","2026-06-10 13:38:19","Collar_44_2026-06-10 13:38:19",2026-06-10 13:39:18.5,NA,NA,NA,NA,NA,35.5000673262025,0.021725881486176,0.00234591802166462,635.321822264501,0.145374377594809,4.93052907273655e-13,0.596574397798305,0.314694213327563,38.4468398945001,0.603594253520028,0.317465826872308,35.5129436111737,TRUE,0.0217629976197428,0.00261207659590598,0.336126371875185,2026-06-10 13:38:49,2026-06-10 13:39:48,"Time changed"
"44","2026-06-10 14:38:20","Collar_44_2026-06-10 14:38:20",2026-06-10 14:39:19.5,NA,NA,NA,NA,NA,52.6682928968399,0.025032962399616,0.00270674106491625,634.926224497557,0.167734249018342,5.17414462501958e-13,0.595910280870467,0.363096980473687,55.4359491835085,0.604125251930292,0.36574855583286,52.6702320605746,TRUE,0.0250681671785339,0.00266070854634466,0.372378178988117,2026-06-10 14:38:50,2026-06-10 14:39:49,"Time changed"
"44","2026-06-10 15:38:20","Collar_44_2026-06-10 15:38:20",2026-06-10 15:39:19.5,47.395744877522,0.0375697114195052,1.02830289733283e-15,0.673274455306978,0.347488670731309,43.5679884098451,0.0287408863307666,0.0025090632628653,634.260851338755,0.155484337822778,1.59413691328929e-16,0.693467261260213,0.33657940405616,46.5789176647012,0.698478883437495,0.33972534943686,43.9058991944176,TRUE,0.029909745022942,0.00260113487074796,0.273757921991351,2026-06-10 15:38:50,2026-06-10 15:39:49,"Time changed"
"44","2026-06-10 16:38:19","Collar_44_2026-06-10 16:38:19",2026-06-10 16:39:18.5,NA,NA,NA,NA,NA,52.8973959710939,0.0142653584919866,0.00271191369027312,638.224364391629,0.168054791844154,2.17285879177041e-06,0.322985804194342,0.363790864596016,54.465799036,0.349874366967727,0.36280355131419,52.9593221842705,TRUE,0.0147069308619536,0.00272350403753613,0.347260801520516,2026-06-10 16:38:49,2026-06-10 16:39:48,"Time changed"
"44","2026-06-10 17:38:23","Collar_44_2026-06-10 17:38:23",2026-06-10 17:39:22.5,14.2186242544005,0.0153297524750703,1.11873271604428e-11,0.551298233010627,0.263553413987517,14.1564484256397,0.0165922048633208,0.00196366635451104,634.598055292688,0.121686594098607,1.0851817910894e-11,0.551762965580105,0.26341689392546,16.8864147543341,0.561151189155589,0.265257213212757,14.2237870535992,TRUE,0.0168774684447576,0.00210770675102718,0.263927160370275,2026-06-10 17:38:53,2026-06-10 17:39:52,"Time changed"
"44","2026-06-10 18:38:19","Collar_44_2026-06-10 18:38:19",2026-06-10 18:39:18.5,NA,NA,NA,NA,NA,19.8007015114741,0.0579590751736948,0.00205823487210599,635.213241368729,0.127546917971167,1.60381576594723e-35,0.93184194054645,0.276102829655209,22.6716684295508,0.933112493980941,0.278358657878586,19.8204695134888,TRUE,0.05795005529526,0.00228126745721892,0.24333905697326,2026-06-10 18:38:49,2026-06-10 18:39:48,"Time changed"
"44","2026-06-10 19:38:20","Collar_44_2026-06-10 19:38:20",2026-06-10 19:39:19.5,26.505185525093,0.0258528765224405,1.64063615192174e-18,0.737948644529174,0.291967959251745,28.0037352599704,0.0276907146894417,0.00220385339604754,640.976742436651,0.136570763684777,3.39972588131368e-18,0.731321277216671,0.295636891124753,30.3108713307741,0.738795943403766,0.296655176559801,28.0238498587291,TRUE,0.0278173111860046,0.00224567733750513,0.251733574196899,2026-06-10 19:38:50,2026-06-10 19:39:49,"Time changed"
"44","2026-06-10 20:38:22","Collar_44_2026-06-10 20:38:22",2026-06-10 20:39:21.5,NA,NA,NA,NA,NA,61.2639388962369,0.00780230740581647,0.0029077388030237,637.768848612638,0.180189893591379,0.00948411492751715,0.110430088876125,0.390059911185759,58.904072543914,0.199897113552263,0.376473296610342,61.7495802261284,TRUE,0.00924438914332519,0.00298592934440363,0.344477705121745,2026-06-10 20:38:52,2026-06-10 20:39:51,"Time changed"
"44","2026-06-10 21:38:23","Collar_44_2026-06-10 21:38:23",2026-06-10 21:39:22.5,NA,NA,NA,NA,NA,84.0095998688784,0.00836392299037564,0.00351459012218647,637.674853300476,0.217795910511474,0.0206323981458195,0.0889572680551663,0.471466250506692,74.0831684071725,0.277669629022829,0.427237295020768,87.9763533943524,TRUE,0.0143781119688158,0.00192017387940776,0.292502687364281,2026-06-10 21:38:53,2026-06-10 21:39:52,"Time changed"
"44","2026-06-10 22:38:23","Collar_44_2026-06-10 22:38:23",2026-06-10 22:39:22.5,NA,NA,NA,NA,NA,46.8847662762261,0.022616207687913,0.00257938061135709,639.345533429201,0.15984183909806,3.20721122331243e-12,0.569985502392939,0.346012155952239,50.8773870314825,0.57003838551125,0.352115086853654,47.0147682584759,TRUE,0.02353100687259,0.00268560635781025,0.366153696773464,2026-06-10 22:38:53,2026-06-10 22:39:52,"Time changed"
"44","2026-06-10 23:38:23","Collar_44_2026-06-10 23:38:23",2026-06-10 23:39:22.5,NA,NA,NA,NA,NA,47.4233545679041,0.0264763990185275,0.00259098349843466,638.985677842551,0.160560859315999,1.38395615982352e-14,0.642903685566057,0.347568630384629,48.9938360253432,0.657074384912065,0.346631347153383,47.4890736054492,TRUE,0.0270661183571786,0.00256113086458318,0.338311771761985,2026-06-10 23:38:53,2026-06-10 23:39:52,"Time changed"
"45","2026-06-10 00:26:17","Collar_45_2026-06-10 00:26:17",2026-06-10 00:27:16.5,NA,NA,NA,NA,NA,34.3696868563859,0.0340919777948995,0.00232392361022656,639.07780376363,0.144011404190008,3.54235427449993e-21,0.787708414346137,0.311743763251651,35.2467183104137,0.798475440379579,0.309111638339885,34.4044262896236,TRUE,0.0343000627613829,0.00239363908952779,0.370800155301844,2026-06-10 00:26:47,2026-06-10 00:27:46,NA
"45","2026-06-10 00:47:26","Collar_45_2026-06-10 00:47:26",2026-06-10 00:48:25.5,NA,NA,NA,NA,NA,91.2844441492451,0.029976414913259,0.0037342485712545,638.89169253543,0.231407942143358,5.50958668713584e-11,0.526297104941315,0.500932430565774,71.7647229249805,0.679915517820802,0.419062136429822,93.4576179794428,TRUE,0.034835487786275,0.00263206092800145,0.352234031543861,2026-06-10 00:47:56,2026-06-10 00:48:55,NA
"45","2026-06-10 01:47:20","Collar_45_2026-06-10 01:47:20",2026-06-10 01:48:19.5,NA,NA,NA,NA,NA,174.500248650887,0.0475649190236467,0.00259557085160925,637.866531139221,0.160845133364113,2.59451928699269e-36,0.73998554304158,0.492406539117416,109.906626567354,0.853192278173774,0.373174124455345,181.377502689036,TRUE,0.0531317342090286,0.00185933470654213,0.307438106761826,2026-06-10 01:47:50,2026-06-10 01:48:49,NA
"45","2026-06-10 02:47:21","Collar_45_2026-06-10 02:47:21",2026-06-10 02:48:20.5,109.25559971603,0.17879589243533,1.61762973695763e-73,0.939009736731601,0.37519728104315,127.206830269745,0.0838545594587633,0.00213133930509654,638.187871159417,0.132077132304011,1.10718146853375e-69,0.929168216402768,0.404337030621539,86.9470157060001,0.951016866096922,0.339128837586623,128.145837535853,TRUE,0.0858187845973675,0.0020750298166874,0.326875708017836,2026-06-10 02:47:51,2026-06-10 02:48:50,NA
"45","2026-06-10 03:47:23","Collar_45_2026-06-10 03:47:23",2026-06-10 03:48:22.5,132.461974533639,0.0875977855841688,9.30428776998952e-81,0.954016433687436,0.413288211739568,117.550694926614,0.108093426364789,0.00204728938419752,640.603118766928,0.126868636173819,6.07445408426857e-84,0.959389631523742,0.388391894453395,114.469307581519,0.961716773342416,0.380336468057769,117.729009520364,TRUE,0.108897253241123,0.00204642837100411,0.472053362531947,2026-06-10 03:47:53,2026-06-10 03:48:52,NA
"45","2026-06-10 04:47:27","Collar_45_2026-06-10 04:47:27",2026-06-10 04:48:26.5,NA,NA,NA,NA,NA,513.632698497856,0.087277514276479,0.0106638375380104,649.231818562909,0.660828183484604,3.62642727303964e-13,0.362110513565428,2.02303987677567,434.63524782003,0.680575919050366,1.44386821898682,533.721778494444,TRUE,0.129101305345922,0.00185317592718272,0.267942720299922,2026-06-10 04:47:57,2026-06-10 04:48:56,NA
"45","2026-06-10 05:47:26","Collar_45_2026-06-10 05:47:26",2026-06-10 05:48:25.5,NA,NA,NA,NA,NA,616.621273834355,0.0679050118033723,0.0163786296019809,647.320651617663,1.01496858042565,6.4029689789156e-05,0.127147388163877,3.10719482490614,458.481641664877,0.773984606301668,1.59470018944776,657.559897567039,TRUE,0.163907096643777,0.00306170525813153,0.530958779865515,2026-06-10 05:47:56,2026-06-10 05:48:55,"Time changed"
"45","2026-06-10 06:47:24","Collar_45_2026-06-10 06:47:24",2026-06-10 06:48:23.5,64.9739444918801,-0.0121456862880377,0.0101622297462291,0.108524337509633,0.402307635763433,63.1798213031292,0.00888106597083916,0.00295453542589219,633.411336855632,0.183089837178588,0.00390818039399564,0.1347866842967,0.396337464912694,62.7902433578742,0.19582536616326,0.388864858642483,63.2589043997784,TRUE,0.00806400410986562,0.00297233621354911,0.36707547325418,2026-06-10 06:47:54,2026-06-10 06:48:53,NA
"45","2026-06-10 07:47:25","Collar_45_2026-06-10 07:47:25",2026-06-10 07:48:24.5,NA,NA,NA,NA,NA,21.8063291260925,0.00712899949092563,0.00209292439651042,634.17613036371,0.129696595825543,0.00120197693793986,0.166696121784162,0.280756271289717,24.6657297792778,0.182387599481631,0.283022838655032,21.8674088230719,TRUE,0.00663630895994766,0.00219542098063981,0.242738974978131,2026-06-10 07:47:55,2026-06-10 07:48:54,NA
"45","2026-06-10 08:47:17","Collar_45_2026-06-10 08:47:17",2026-06-10 08:48:16.5,NA,NA,NA,NA,NA,33.3522176402341,0.0125719020565988,0.00230430257084,630.860728258646,0.142795506463727,1.05424348613397e-06,0.339153121462779,0.309111690222074,34.3540873636195,0.371363414742462,0.3068208140358,33.3583786489341,TRUE,0.0125678335922023,0.00243901007661469,0.344977935163321,2026-06-10 08:47:47,2026-06-10 08:48:46,NA
"45","2026-06-10 09:47:22","Collar_45_2026-06-10 09:47:22",2026-06-10 09:48:21.5,NA,NA,NA,NA,NA,21.4037792474664,0.00986602816184108,0.00208591527224396,635.204580706009,0.129262246854986,1.48053211944843e-05,0.278349431389382,0.279816029206755,25.0652288779357,0.282409882833173,0.283966636885111,21.4955563866625,TRUE,0.00952350539457462,0.00211337274370237,0.2318545182665,2026-06-10 09:47:52,2026-06-10 09:48:51,NA
"45","2026-06-10 10:47:20","Collar_45_2026-06-10 10:47:20",2026-06-10 10:48:19.5,NA,NA,NA,NA,NA,15.9700290485798,0.0130108528047905,0.0019935689741488,633.459405843175,0.123539631876632,1.821430858055e-08,0.423425175886239,0.267428194097262,17.5530088276746,0.446190119836395,0.266734804104064,16.0087635723732,TRUE,0.0131788026951698,0.00209006828993786,0.233585499194015,2026-06-10 10:47:50,2026-06-10 10:48:49,NA
"45","2026-06-10 11:47:18","Collar_45_2026-06-10 11:47:18",2026-06-10 11:48:17.5,25.8284325454636,0.0380883437991112,9.17526824972949e-12,0.554315931338594,0.290326008696001,26.5743340471672,0.0182891727806748,0.00217775753800779,631.745013937789,0.134953627414329,1.32208852375323e-11,0.548740741686368,0.292136250675646,29.3443430740805,0.557897313751775,0.294275393202592,26.5926944144063,TRUE,0.0181536445227489,0.00221587882156294,0.359106757569503,2026-06-10 11:47:48,2026-06-10 11:48:47,NA
"45","2026-06-10 12:47:18","Collar_45_2026-06-10 12:47:18",2026-06-10 12:48:17.5,NA,NA,NA,NA,NA,43.5552737923195,0.0149082072261976,0.00250879742878434,636.023021440271,0.155467864329797,1.69599860993897e-07,0.378427911406046,0.336543743625483,46.8763081664218,0.385422031746187,0.340568319319872,43.7443038077989,TRUE,0.0138401825855584,0.00260855101231529,0.281579376170298,2026-06-10 12:47:48,2026-06-10 12:48:47,NA
"45","2026-06-10 13:47:18","Collar_45_2026-06-10 13:47:18",2026-06-10 13:48:17.5,NA,NA,NA,NA,NA,43.8000647743044,0.00900820392115939,0.00251392041047493,635.926381865004,0.155785330783365,0.000695514083875826,0.181256380957501,0.337230968276184,47.5181131112583,0.185094790594181,0.342394685940909,43.9428878850005,TRUE,0.00817062337270516,0.00269518401837327,0.347091560630468,2026-06-10 13:47:48,2026-06-10 13:48:47,NA
"45","2026-06-10 14:47:19","Collar_45_2026-06-10 14:47:19",2026-06-10 14:48:18.5,NA,NA,NA,NA,NA,27.8276885542311,-0.0010536946248694,0.00220062259042731,633.588331521038,0.13637055363829,0.633869336459804,0.00393728710722379,0.295203493272106,29.1573769409013,0.0472952668927519,0.293817254094369,27.8803969885986,TRUE,-0.00144447684814775,0.00203635016193469,0.249346940045141,2026-06-10 14:47:49,2026-06-10 14:48:48,NA
"45","2026-06-10 15:47:21","Collar_45_2026-06-10 15:47:21",2026-06-10 15:48:20.5,NA,NA,NA,NA,NA,35.4672254169576,0.00553241935229889,0.00234527607262407,634.535192364436,0.145334596604444,0.0217155568790671,0.0875439613085946,0.314608098788841,35.8038816951435,0.141587993040678,0.310550189427843,35.5326905050661,TRUE,0.00605326420187744,0.00271862011421005,0.266175895901191,2026-06-10 15:47:51,2026-06-10 15:48:50,NA
"45","2026-06-10 16:47:21","Collar_45_2026-06-10 16:47:21",2026-06-10 16:48:20.5,NA,NA,NA,NA,NA,116.028934288483,0.019581697686203,0.00458940642756182,631.649568611939,0.284401286308801,7.42169963615646e-05,0.238893813057509,0.615647960424979,95.4199512256909,0.494967306655762,0.510375183103167,121.304657180997,TRUE,0.0106664711292879,0.00268518577986381,0.331111467195095,2026-06-10 16:47:51,2026-06-10 16:48:50,NA
"45","2026-06-10 17:47:22","Collar_45_2026-06-10 17:47:22",2026-06-10 17:48:21.5,NA,NA,NA,NA,NA,26.4529009262608,-0.000384246239721754,0.00217555488688728,631.943317269416,0.13481713115455,0.86042227027384,0.000537548497754206,0.291840775064306,29.2374983164877,0.0205796904394876,0.294013494954687,26.4681439760419,TRUE,-0.000624187353019596,0.00225224575106313,0.322957529044379,2026-06-10 17:47:52,2026-06-10 17:48:51,NA
"45","2026-06-10 18:47:23","Collar_45_2026-06-10 18:47:23",2026-06-10 18:48:22.5,74.2590336141254,0.187149885344543,7.04090997089668e-53,0.982806403585258,0.434672468598903,82.1866201203705,0.186343207539626,0.00346160173922351,652.054779684479,0.21451226925809,3.25251710598987e-51,0.980377763179494,0.46435810037611,51.7107306681446,0.988954033957736,0.354568871073333,84.6876675065531,TRUE,0.190879969246522,0.00289488973297859,0.374140072532235,2026-06-10 18:47:53,2026-06-10 18:48:52,NA
"45","2026-06-10 19:47:21","Collar_45_2026-06-10 19:47:21",2026-06-10 19:48:20.5,69.2317814715633,0.113775218615159,3.34730735096519e-41,0.956566131139272,0.416838573890301,94.6627122312775,0.109718922472276,0.00384086978176621,652.800363886983,0.238015160287131,7.37835523559144e-36,0.933640404401212,0.51523518013168,69.6560317319398,0.959078987005477,0.411762521602328,94.7669381739897,TRUE,0.110899491466249,0.00397053968396484,0.531406401242875,2026-06-10 19:47:51,2026-06-10 19:48:50,NA
"45","2026-06-10 20:47:25","Collar_45_2026-06-10 20:47:25",2026-06-10 20:48:24.5,NA,NA,NA,NA,NA,234.059428444531,-0.0383056651446187,0.0122722197170519,649.456053425435,0.760498144691018,0.0028058772162918,0.14381931165974,1.64626235613308,166.608449600042,0.739752841010655,0.92369653729171,250.371389776524,TRUE,0.00581001193733768,0.00406864356768736,0.568803574800225,2026-06-10 20:47:55,2026-06-10 20:48:54,NA
"45","2026-06-10 21:47:27","Collar_45_2026-06-10 21:47:27",2026-06-10 21:48:26.5,NA,NA,NA,NA,NA,33.1256527930033,0.0244355884070414,0.00229995605899334,636.086862104888,0.142526157130723,3.13555348694478e-15,0.66057511592288,0.308528625462916,35.4432215015113,0.66996056529266,0.309618231534424,33.1323044685906,TRUE,0.0244702569590624,0.00230387138121393,0.369391499864183,2026-06-10 21:47:57,2026-06-10 21:48:56,NA
"45","2026-06-10 22:47:29","Collar_45_2026-06-10 22:47:29",2026-06-10 22:48:28.5,NA,NA,NA,NA,NA,59.0954758376906,-0.0016585346421962,0.00285566634024218,645.778320113764,0.176963011067444,0.563633860743738,0.00578212852826246,0.383074627574086,48.5271614801393,0.220111368050711,0.345285931426967,59.6338304492025,TRUE,0.000162926203870615,0.00268765777346185,0.410023162901446,2026-06-10 22:47:59,2026-06-10 22:48:58,NA
"49","2026-06-10 01:09:31","Collar_49_2026-06-10 01:09:31",2026-06-10 01:10:30.5,NA,NA,NA,NA,NA,35.4163016369331,-0.00121772113833086,0.00145395877790322,647.183410121579,0.0901004853682849,0.403992849755395,0.00590929279724828,0.27583096389098,23.8162497113927,0.127093869802453,0.260690851625713,36.2054104212876,TRUE,-0.000599550038979065,0.00142163578175628,0.255190504253544,2026-06-10 01:10:01,2026-06-10 01:11:00,"Time changed"
"49","2026-06-10 02:09:27","Collar_49_2026-06-10 02:09:27",2026-06-10 02:10:26.5,NA,NA,NA,NA,NA,-24.4139766318415,-0.00157653988800373,0.00113314528225724,646.607530884766,0.0702199687334983,0.166753415640444,0.0161395065086693,0.214969337634368,-28.4573460069692,0.0799242220685419,0.209668681968716,-24.3205990779844,TRUE,-0.0012742828382464,0.00109146846061335,0.214546681165466,2026-06-10 02:09:57,2026-06-10 02:10:56,"Time changed"
"49","2026-06-10 03:09:30","Collar_49_2026-06-10 03:09:30",2026-06-10 03:10:29.5,NA,NA,NA,NA,NA,6.73610283458098,0.00210191349816747,0.00129018961964373,648.446749519914,0.07995186157524,0.105947925309118,0.0219978577974584,0.244762266851664,7.31166891170341,0.0495125948610782,0.243365917022267,6.77284522490497,TRUE,0.00234113427362838,0.00126633184684422,0.219670831470302,2026-06-10 03:10:00,2026-06-10 03:10:59,"Time changed"
"49","2026-06-10 04:09:28","Collar_49_2026-06-10 04:09:28",2026-06-10 04:10:27.5,118.093774607034,0.0652369106012331,0.181841354969019,0.0150555970175708,0.389271755174446,118.184463906123,0.00268677527337738,0.0020527028141174,648.307681600478,0.127204101436453,0.193112786640782,0.0143109496920154,0.389418877897113,120.674790895504,0.0266338403983423,0.390298754747236,118.552552463061,TRUE,0.0024455699672237,0.00202037126654594,0.443515450811192,2026-06-10 04:09:58,2026-06-10 04:10:57,"Time changed"
"49","2026-06-10 05:09:28","Collar_49_2026-06-10 05:09:28",2026-06-10 05:10:27.5,7.05991068045596,0.0227406885456657,0.00423061246136518,0.0672633779780181,0.245092722820279,5.96308626497689,-0.00399937493426411,0.00128604073000678,647.858422105693,0.0796947587084254,0.00234709195269051,0.0757499369592924,0.243975179731293,-6.75874363472204,0.195972008777241,0.22950835249161,6.0501275894436,TRUE,-0.00423546269747079,0.00149605138541154,0.245156164789039,2026-06-10 05:09:58,2026-06-10 05:10:57,"Time changed"
"49","2026-06-10 06:09:26","Collar_49_2026-06-10 06:09:26",2026-06-10 06:10:25.5,NA,NA,NA,NA,NA,-12.5757191848188,-0.00275567072962401,0.00119044034258449,650.497555042588,0.0737704908137294,0.022350726774615,0.0434380641134388,0.225838801030745,-16.6306787298271,0.105539380760517,0.220259491971827,-12.555968836742,TRUE,-0.002906920023889,0.00119304621500675,0.241774192408132,2026-06-10 06:09:56,2026-06-10 06:10:55,"Time changed"
"49","2026-06-10 07:09:25","Collar_49_2026-06-10 07:09:25",2026-06-10 07:10:24.5,69.5302678872904,0.0496992771262824,0.398989452407147,0.012294862744741,0.417876703235142,69.6806907216613,0.00236499110689338,0.00311900903392705,648.479649677458,0.193282115074929,0.451371001932899,0.00981553270678833,0.418400849999334,72.270277168308,0.0328202485901283,0.420831349294895,69.7235497762156,TRUE,0.00218904168724623,0.00322599819427718,0.513078468522088,2026-06-10 07:09:55,2026-06-10 07:10:54,"Time changed"
"49","2026-06-10 08:09:25","Collar_49_2026-06-10 08:09:25",2026-06-10 08:10:24.5,NA,NA,NA,NA,NA,14.3096983956908,-0.00438337964083301,0.0019661757215886,647.613150073209,0.121842097263547,0.0296749342208106,0.0789293396070458,0.263753514084873,13.1710552069671,0.154529986638846,0.257170333489296,14.4083349344719,TRUE,-0.00468746741140119,0.00193721993311879,0.25782989203079,2026-06-10 08:09:55,2026-06-10 08:10:54,"Time changed"
"49","2026-06-10 09:09:30","Collar_49_2026-06-10 09:09:30",2026-06-10 09:10:29.5,NA,NA,NA,NA,NA,-2.07160257298986,-0.00341892776497821,0.00171528553004784,647.070618479694,0.106294663336593,0.0509493674662945,0.0641069660095963,0.230097738081883,-3.98188233805567,0.151901718330597,0.22291655204927,-1.61338052363861,TRUE,-0.00453014607124757,0.00174947730760073,0.225454571337857,2026-06-10 09:10:00,2026-06-10 09:10:59,"Time changed"
"49","2026-06-10 10:09:27","Collar_49_2026-06-10 10:09:27",2026-06-10 10:10:26.5,NA,NA,NA,NA,NA,-13.589190349306,-0.00629453445641248,0.00155830650588246,646.906242432757,0.096566817894965,0.000159499637670267,0.219552017194471,0.209039717271932,-11.9659419333429,0.24986321841797,0.208567695126774,-13.3097194432151,TRUE,-0.0055176028144247,0.00151274880616699,0.226753560327978,2026-06-10 10:09:57,2026-06-10 10:10:56,"Time changed"
"49","2026-06-10 11:09:29","Collar_49_2026-06-10 11:09:29",2026-06-10 11:10:28.5,NA,NA,NA,NA,NA,58.2559089288656,-0.00517961742846074,0.00283575671121376,646.938656388902,0.175729229707047,0.0729169781423203,0.0543926568073193,0.380403841559025,61.1731670307546,0.0713037564153047,0.383659806789782,58.3668434468931,TRUE,-0.00481566450037271,0.00300195115941715,0.385379339721095,2026-06-10 11:09:59,2026-06-10 11:10:58,"Time changed"
"49","2026-06-10 12:09:26","Collar_49_2026-06-10 12:09:26",2026-06-10 12:10:25.5,NA,NA,NA,NA,NA,-46.1486805540212,-0.00518777354792948,0.00118799923073236,647.511308253242,0.0736192173621996,5.26872634706215e-05,0.247428394340227,0.159364683631949,-44.5933485817327,0.277475245278226,0.158914863639238,-46.1227537572271,TRUE,-0.00510424404977005,0.00126602148922392,0.174140726089541,2026-06-10 12:09:56,2026-06-10 12:10:55,"Time changed"
"49","2026-06-10 13:09:27","Collar_49_2026-06-10 13:09:27",2026-06-10 13:10:26.5,NA,NA,NA,NA,NA,38.7231778764107,-0.00367017074933517,0.00240978145382111,647.440070507671,0.149331935623299,0.13318517643965,0.0384555132875481,0.323261201754816,41.2738405387851,0.0614039361647608,0.325033586265006,38.7392900728391,TRUE,-0.00387982411857121,0.00264078872183769,0.361508597394433,2026-06-10 13:09:57,2026-06-10 13:10:56,"Time changed"
"49","2026-06-10 14:09:20","Collar_49_2026-06-10 14:09:20",2026-06-10 14:10:19.5,NA,NA,NA,NA,NA,4.70490136845703,-0.0040103089350092,0.00181493639452254,647.812305952352,0.112469935560946,0.0310936900131024,0.0776432618123505,0.243465447487613,7.16375974991678,0.101032958189328,0.244613116500903,4.73308620429076,TRUE,-0.00388051144769935,0.00194160331695548,0.232588030198339,2026-06-10 14:09:50,2026-06-10 14:10:49,"Time changed"
"49","2026-06-10 15:09:27","Collar_49_2026-06-10 15:09:27",2026-06-10 15:10:26.5,-29.5982992456723,-0.0129410529840431,6.97701264198485e-11,0.522480620054849,0.182932096737047,-29.5815538428338,-0.0108620593721149,0.00136387506775094,647.964321439907,0.0845180808793484,7.03455490488667e-11,0.522347330549478,0.182957625781997,-26.1397741859122,0.526770646054367,0.185331923147719,-29.4906535384925,TRUE,-0.0111508856015248,0.00142374965912103,0.198523749807825,2026-06-10 15:09:57,2026-06-10 15:10:56,"Time changed"
"49","2026-06-10 16:09:27","Collar_49_2026-06-10 16:09:27",2026-06-10 16:10:26.5,NA,NA,NA,NA,NA,26.4837629661044,-0.00296158099184176,0.00217611447602279,647.779820235025,0.134851808377511,0.178794551131231,0.0309459458515054,0.291915841397043,29.5072826839493,0.0465893412812451,0.294675240584914,26.4857769047568,TRUE,-0.0030569135147062,0.00239061213542405,0.326657530717312,2026-06-10 16:09:57,2026-06-10 16:10:56,"Time changed"
"49","2026-06-10 17:09:29","Collar_49_2026-06-10 17:09:29",2026-06-10 17:10:28.5,NA,NA,NA,NA,NA,1.86820971491288,-0.00198894999336252,0.00177253606405164,646.066508682257,0.109842426161599,0.266446882289554,0.0212472424270841,0.237777636353915,4.33083030446005,0.046007247393855,0.238905983658224,1.93376335021543,TRUE,-0.00154287364719987,0.00177195701431786,0.254931220149485,2026-06-10 17:09:59,2026-06-10 17:10:58,"Time changed"
"49","2026-06-10 18:09:30","Collar_49_2026-06-10 18:09:30",2026-06-10 18:10:29.5,NA,NA,NA,NA,NA,-21.482476888931,0.000260164208846557,0.00145910359424895,645.699902007818,0.0904193048953074,0.859105461803273,0.0005478439383792,0.195732098698731,-31.9088079500165,0.214148035858581,0.176632820115366,-21.3836220807453,TRUE,0.000474972223695499,0.00145478935942701,0.180685844044552,2026-06-10 18:10:00,2026-06-10 18:10:59,"Time changed"
"49","2026-06-10 19:09:32","Collar_49_2026-06-10 19:09:32",2026-06-10 19:10:31.5,-68.933669625389,0.0047798893180423,0.000548706179548258,0.187512636042819,0.131804567300863,-67.3594806755854,0.00338143761927597,0.000995523953219487,646.473571386986,0.0616917018171476,0.00123761745902476,0.165913724769712,0.133545002175673,-66.758963835759,0.211857593957982,0.13211267402145,-67.3066637309859,TRUE,0.00360642178848274,0.000993248168856132,0.139808722264657,2026-06-10 19:10:02,2026-06-10 19:11:01,"Time changed"
"49","2026-06-10 20:09:27","Collar_49_2026-06-10 20:09:27",2026-06-10 20:10:26.5,NA,NA,NA,NA,NA,56.4520577259662,0.00107302077748543,0.00279344814145772,647.27417456112,0.173107406634625,0.702293794577616,0.00253748583224225,0.374728339707114,60.0794553113496,0.00871257456695677,0.380178916870312,60.3412152272841,TRUE,0.000590563854213395,0.00210448514355806,0.232051298849731,2026-06-10 20:09:57,2026-06-10 20:10:56,"Time changed"
"49","2026-06-10 21:09:30","Collar_49_2026-06-10 21:09:30",2026-06-10 21:10:29.5,NA,NA,NA,NA,NA,-31.3084992128628,0.00650918891881856,0.00134438781223939,647.646449564065,0.0833104736164943,9.9334437698413e-06,0.287841442882034,0.180343499249661,-32.0627960062965,0.342093845172899,0.176406304277465,-31.2927951225498,TRUE,0.0065673454998048,0.00142689792346689,0.210449811184774,2026-06-10 21:10:00,2026-06-10 21:10:59,"Time changed"
"49","2026-06-10 22:09:28","Collar_49_2026-06-10 22:09:28",2026-06-10 22:10:27.5,NA,NA,NA,NA,NA,-43.0975442280535,0.00265376824300166,0.00121859275011445,651.090658714541,0.0755150695605857,0.0335064118247009,0.0755869593444335,0.163468664856339,-59.99431000137,0.347455356572919,0.139774060425844,-43.0489422056494,TRUE,0.00290937117913697,0.00127442317292383,0.185691948899906,2026-06-10 22:09:58,2026-06-10 22:10:57,"Time changed"
"49","2026-06-10 23:09:27","Collar_49_2026-06-10 23:09:27",2026-06-10 23:10:26.5,NA,NA,NA,NA,NA,57.1143985051474,0.000765518071194702,0.00280890922613975,651.60382106098,0.174065515802053,0.786180809588464,0.00127894449783672,0.376802373768095,59.2151333972284,0.0323977563888391,0.377450446742111,57.5737032834486,TRUE,0.000515882779984471,0.00293545970572415,0.368225884154186,2026-06-10 23:09:57,2026-06-10 23:10:56,"Time changed"
"50","2026-06-10 00:22:09","Collar_50_2026-06-10 00:22:09",2026-06-10 00:23:08.5,NA,NA,NA,NA,NA,-12.5518322912701,-0.00381751447300494,0.00157183591522542,600.065540841088,0.0974052229220355,0.0182738134817261,0.0923115000714972,0.210854625887942,-10.2885065814323,0.118207571487786,0.211503657893676,-12.4741220253971,TRUE,-0.00342864754654993,0.00163870619631193,0.19671898462719,2026-06-10 00:22:39,2026-06-10 00:23:38,NA
"50","2026-06-10 00:43:12","Collar_50_2026-06-10 00:43:12",2026-06-10 00:44:11.5,NA,NA,NA,NA,NA,2.36481330026683,0.00245455740031755,0.00177988666131989,600.506689499953,0.110297935899344,0.173173555034586,0.0317484052934518,0.23876368548413,1.15977274483162,0.112204619150349,0.232675463253927,2.4772672521425,TRUE,0.00198625046116131,0.00177693937970372,0.24928876474966,2026-06-10 00:43:42,2026-06-10 00:44:41,NA
"50","2026-06-10 01:43:07","Collar_50_2026-06-10 01:43:07",2026-06-10 01:44:06.5,NA,NA,NA,NA,NA,-35.6576207600648,-0.00167171995194492,0.00108128341687369,601.820577829715,0.0670061367362109,0.124769890232675,0.0198543904446652,0.205130607310419,-49.9826561096041,0.158662814275956,0.191682390820038,-35.3197744666356,TRUE,-0.0022243256039155,0.0010855403078727,0.214626408041664,2026-06-10 01:43:37,2026-06-10 01:44:36,NA
"50","2026-06-10 02:43:10","Collar_50_2026-06-10 02:43:10",2026-06-10 02:44:09.5,NA,NA,NA,NA,NA,14.5458814609332,-0.00824696143681109,0.00133286391114387,600.867594642661,0.0825963480870619,9.12216587775883e-09,0.244963870674927,0.2528580197277,13.4145431008123,0.276569523242516,0.249633735230379,15.7366948821199,TRUE,-0.00843236589720311,0.0011097546434393,0.213638125424267,2026-06-10 02:43:40,2026-06-10 02:44:39,NA
"50","2026-06-10 03:43:12","Collar_50_2026-06-10 03:43:12",2026-06-10 03:44:11.5,NA,NA,NA,NA,NA,51.8574082925292,-0.00936926997928355,0.00155705254356342,600.236788554529,0.0964891110058182,2.04813871336658e-08,0.234799930435271,0.295388913666017,14.743012100982,0.456778388917966,0.251019361105654,51.862533243601,TRUE,-0.00936649134929958,0.00160296395890858,0.290172401138417,2026-06-10 03:43:42,2026-06-10 03:44:41,NA
"50","2026-06-10 04:43:13","Collar_50_2026-06-10 04:43:13",2026-06-10 04:44:12.5,25.470249820187,-0.0665751501384522,9.62775819988838e-05,0.12139997611111,0.264633631255099,25.0628647068679,-0.00570125802625271,0.00139256964696786,599.615886541281,0.0862962575059317,7.79541834794604e-05,0.124377656908563,0.264184813108942,22.4996659158983,0.170982255567695,0.259264678067332,25.6712239843775,TRUE,-0.00501724213708749,0.00138570847705174,0.256570785366199,2026-06-10 04:43:43,2026-06-10 04:44:42,NA
"50","2026-06-10 05:43:09","Collar_50_2026-06-10 05:43:09",2026-06-10 05:44:08.5,NA,NA,NA,NA,NA,41.4638697879488,0.00395608149202451,0.00149106141962987,601.188311248623,0.0923997018789744,0.00907142993047658,0.0562979135391296,0.282869717386538,23.7284490381869,0.212642797803306,0.260595498934043,41.4937177436524,TRUE,0.00370419097232067,0.00163640963464327,0.283342726066161,2026-06-10 05:43:39,2026-06-10 05:44:38,NA
"50","2026-06-10 06:43:10","Collar_50_2026-06-10 06:43:10",2026-06-10 06:44:09.5,NA,NA,NA,NA,NA,22.1875763848285,-0.00721784518544715,0.00209958431780247,601.196689560589,0.130109305009632,0.00109167410731947,0.169270126736156,0.281649669384821,8.99892442409477,0.376201657496255,0.248382745492241,22.193039807286,TRUE,-0.00715903026128087,0.00205170889839358,0.278318352172676,2026-06-10 06:43:40,2026-06-10 06:44:39,NA
"50","2026-06-10 07:43:11","Collar_50_2026-06-10 07:43:11",2026-06-10 07:44:10.5,NA,NA,NA,NA,NA,40.892428449977,-0.0064379646429308,0.00245373940432145,601.208229823715,0.152055969300229,0.0110961853657512,0.106096912043625,0.3291579605181,42.6808502910657,0.138446004127665,0.328867061465294,41.013720109362,TRUE,-0.00658908875988919,0.00240267269852134,0.364232715967454,2026-06-10 07:43:41,2026-06-10 07:44:40,NA
"50","2026-06-10 08:43:10","Collar_50_2026-06-10 08:43:10",2026-06-10 08:44:09.5,3.78442276797827,-0.0246302596791513,2.78983781091926e-05,0.263054272726518,0.241605052381026,4.75189186725659,-0.00800623139539992,0.0018156472400798,601.191708233876,0.11251398600495,4.5467303848391e-05,0.251075082823216,0.243560804180121,7.44175600333137,0.267251057299246,0.245180452818911,4.79695682652121,TRUE,-0.00775577536754564,0.00204044037380303,0.265690993574501,2026-06-10 08:43:40,2026-06-10 08:44:39,NA
"50","2026-06-10 09:43:11","Collar_50_2026-06-10 09:43:11",2026-06-10 09:44:10.5,17.9707861469292,-0.0276424144506248,6.56327656513736e-07,0.349554884256158,0.271924396289047,24.0609959961009,-0.0101300273970532,0.00213261987320405,601.501869961295,0.132156487929347,1.37795174216738e-05,0.280065367665705,0.286081238613981,3.9934035413123,0.517956731569024,0.238235149982361,24.2817392205526,TRUE,-0.00915945279978514,0.00212320469810987,0.209933931871351,2026-06-10 09:43:41,2026-06-10 09:44:40,NA
"50","2026-06-10 10:43:11","Collar_50_2026-06-10 10:43:11",2026-06-10 10:44:10.5,-12.5748298863223,-0.0197596731112084,3.94082318415335e-05,0.254599688303006,0.210814220182365,-11.7421928069165,-0.00685016922007349,0.00158247694250719,602.384575494223,0.0980646375749649,6.00404422492912e-05,0.244183448594509,0.212282071211482,-9.0133099341467,0.260027218023704,0.213763215342556,-11.6976673423962,TRUE,-0.00671267852536791,0.00155286339556907,0.200859495282899,2026-06-10 10:43:41,2026-06-10 10:44:40,NA
"50","2026-06-10 11:43:11","Collar_50_2026-06-10 11:43:11",2026-06-10 11:44:10.5,-26.3458039056956,-0.0109281463678336,1.83543857308909e-07,0.376775440440378,0.187958116932153,-23.7225642258183,-0.00798439139775253,0.00143211858540037,602.640042590863,0.0887470687687572,6.75624512482139e-07,0.348923228449775,0.192112182720075,-25.1709859308974,0.405440654431537,0.186834207388922,-23.6004090389106,TRUE,-0.00798554429477704,0.00150298199930258,0.202168409871325,2026-06-10 11:43:41,2026-06-10 11:44:40,NA
"50","2026-06-10 12:43:09","Collar_50_2026-06-10 12:43:09",2026-06-10 12:44:08.5,-15.548254685579,-0.0330482878621883,6.43661881977752e-17,0.702839489501497,0.205654737797142,-3.57347993661168,-0.0170969676445414,0.00169395140942005,604.108402994525,0.104972607544721,2.20059452487148e-14,0.637199893657751,0.227235863009525,-23.2339562312514,0.755427756482776,0.189874541517855,-3.30751222230835,TRUE,-0.0162634131271851,0.00174851987238562,0.177117995318808,2026-06-10 12:43:39,2026-06-10 12:44:38,NA
"50","2026-06-10 13:43:08","Collar_50_2026-06-10 13:43:08",2026-06-10 13:44:07.5,-14.8328184957695,-0.0492134360949057,8.81901116694906e-27,0.863743142207978,0.206884507094091,-5.14717618827006,-0.0291604074121379,0.00167188172990269,604.986327549739,0.10360496984642,9.6465948303429e-25,0.839872697983224,0.224275316063738,-10.5887147155967,0.8631876661247,0.210975193220896,-4.51921839123125,TRUE,-0.0279011611940513,0.00163488881311208,0.210943980208603,2026-06-10 13:43:38,2026-06-10 13:44:37,NA
"50","2026-06-10 14:43:11","Collar_50_2026-06-10 14:43:11",2026-06-10 14:44:10.5,-17.7469705332652,-0.0537795677489586,1.65287870382933e-17,0.716359609566898,0.201920912913058,-6.04260233942717,-0.0174238195065985,0.00165945277078037,603.080915039484,0.102834758705249,4.93789295145754e-15,0.655263620285857,0.222608027830578,-22.9724867675823,0.756784325024579,0.190288712529586,-6.0311449540997,TRUE,-0.0175381957255896,0.00187291552123447,0.236387292708645,2026-06-10 14:43:41,2026-06-10 14:44:40,NA
"50","2026-06-10 15:43:14","Collar_50_2026-06-10 15:43:14",2026-06-10 15:44:13.5,NA,NA,NA,NA,NA,-28.0714800681863,-0.00357481066068881,0.00138114644398186,603.01342807406,0.0855883721455343,0.0121704266580546,0.103544571994466,0.185274502205589,-24.0951907961476,0.103898762185363,0.188516698948973,-27.963752493718,TRUE,-0.00332076484745897,0.00147683884928963,0.183914168593017,2026-06-10 15:43:44,2026-06-10 15:44:43,NA
"50","2026-06-10 16:43:11","Collar_50_2026-06-10 16:43:11",2026-06-10 16:44:10.5,NA,NA,NA,NA,NA,-21.3054594347007,-0.000771215353172405,0.00146125757260497,603.5774653235,0.0905527849487313,0.599668825461664,0.00477957270126853,0.196021045080495,-17.9372864576521,0.0152047050242978,0.198443110295078,-21.0087736903357,TRUE,-0.00100471859609843,0.00138778056235382,0.186203903353688,2026-06-10 16:43:41,2026-06-10 16:44:40,NA
"50","2026-06-10 17:43:14","Collar_50_2026-06-10 17:43:14",2026-06-10 17:44:13.5,NA,NA,NA,NA,NA,-27.5143383287103,-0.00720515194322959,0.00138757380583661,601.700296318641,0.0859866698356415,2.78526134785392e-06,0.317352843440052,0.186136703511846,-24.1427367256345,0.32446510695062,0.188442020397077,-27.4312519226766,TRUE,-0.00738620073690279,0.00139102631466188,0.188560841549767,2026-06-10 17:43:44,2026-06-10 17:44:43,NA
"50","2026-06-10 18:43:12","Collar_50_2026-06-10 18:43:12",2026-06-10 18:44:11.5,-22.120630838181,0.102033009578544,0.000174933447304758,0.217190656059295,0.194693968076963,-20.3621273325527,0.00550124157299397,0.00147278993489573,600.49346916923,0.0912674348106334,0.000430030664495367,0.193908254838061,0.197568058934083,-21.9284392910752,0.26532685634154,0.19195152267792,-19.9888954614369,TRUE,0.0047498006577239,0.00151375747452396,0.182286881036641,2026-06-10 18:43:42,2026-06-10 18:44:41,NA
"50","2026-06-10 19:43:11","Collar_50_2026-06-10 19:43:11",2026-06-10 19:44:10.5,NA,NA,NA,NA,NA,-10.9525676483913,0.00180678649050571,0.00159292430779225,600.015580717811,0.0987120511724539,0.261352779970642,0.021700377186692,0.213683537660592,-8.86750922920855,0.052430492697568,0.214023096751695,-10.8439414294197,TRUE,0.00142660887025801,0.00158964614143399,0.216806516921008,2026-06-10 19:43:41,2026-06-10 19:44:40,NA
"50","2026-06-10 20:43:09","Collar_50_2026-06-10 20:43:09",2026-06-10 20:44:08.5,NA,NA,NA,NA,NA,-9.43613259906002,-0.00114966979794092,0.00161318175322407,600.537928270965,0.0999673863947914,0.47890602804706,0.00868090733004694,0.216400981661329,-17.6163216163207,0.190810343527742,0.1989745979435,-9.28109576646234,TRUE,-0.00053585332064182,0.00163337613384967,0.20190109598193,2026-06-10 20:43:39,2026-06-10 20:44:38,NA
"50","2026-06-10 21:43:11","Collar_50_2026-06-10 21:43:11",2026-06-10 21:44:10.5,-23.0828000911427,0.0231072419028296,3.74803086614166e-08,0.409220775314647,0.193139138529989,-19.3117365460122,0.00868806348027705,0.00148573823024812,602.534036487161,0.0920698287393148,2.42718645878133e-07,0.370897975658769,0.199305013756129,-25.7645447585249,0.471480355877169,0.185912346736497,-19.3037665518073,TRUE,0.00856689963887459,0.00149480856453121,0.169369679745925,2026-06-10 21:43:41,2026-06-10 21:44:40,NA
"50","2026-06-10 22:43:15","Collar_50_2026-06-10 22:43:15",2026-06-10 22:44:14.5,NA,NA,NA,NA,NA,-28.7884292107319,-0.00596247137909192,0.00137291928070533,604.187062687628,0.0850785424201766,5.71963819640032e-05,0.245390131509787,0.184170865739474,-30.5875092324391,0.314910455561878,0.178588439502376,-28.7822243975559,TRUE,-0.00602360090368367,0.00125303520278286,0.143658560890459,2026-06-10 22:43:45,2026-06-10 22:44:44,NA
"50","2026-06-10 23:43:12","Collar_50_2026-06-10 23:43:12",2026-06-10 23:44:11.5,-9.04372795574843,-0.015317970636284,8.57168039880521e-07,0.343713896443418,0.217109779511429,-8.57543616005482,-0.00885311563451372,0.00162479384538989,604.122780732108,0.100686977043565,1.08232795689479e-06,0.338571631912726,0.217958690914364,-5.95400093221294,0.353595408052071,0.219283008927731,-8.51086902995461,TRUE,-0.00856456326288862,0.00169602075484728,0.189902467719423,2026-06-10 23:43:42,2026-06-10 23:44:41,NA
"51","2026-06-10 00:25:10","Collar_51_2026-06-10 00:25:10",2026-06-10 00:26:09.5,NA,NA,NA,NA,NA,-12.4993066958994,-0.00438024471055241,0.00157252407930099,600.396850827045,0.0974478678155246,0.00720876281964681,0.117990587918091,0.210946939963029,-14.3851648249281,0.200405206071183,0.204405031637123,-12.3087979035951,TRUE,-0.00501953572489225,0.0015786041215097,0.19157777932338,2026-06-10 00:25:40,2026-06-10 00:26:39,NA
"51","2026-06-10 00:46:12","Collar_51_2026-06-10 00:46:12",2026-06-10 00:47:11.5,NA,NA,NA,NA,NA,6.23998180413982,-0.0141728227909932,0.00183830280932876,600.747674809896,0.11391793074991,1.88003816212618e-10,0.506130681654123,0.246599945563769,8.95705292674069,0.516578571271151,0.248296092632052,6.26711138547058,TRUE,-0.0142983670409413,0.00180103860926505,0.230568096724258,2026-06-10 00:46:42,2026-06-10 00:47:41,NA
"51","2026-06-10 01:46:07","Collar_51_2026-06-10 01:46:07",2026-06-10 01:47:06.5,NA,NA,NA,NA,NA,-24.8739743956134,-0.0045154167635905,0.00113097551104266,601.496134477405,0.0700855100111864,0.000114029337544138,0.119008743601851,0.21455770967446,-31.6543240244313,0.194702757708679,0.206894259314036,-24.4586333373617,TRUE,-0.00482679351903574,0.00118069102172831,0.204943681800192,2026-06-10 01:46:37,2026-06-10 01:47:36,NA
"51","2026-06-10 02:46:10","Collar_51_2026-06-10 02:46:10",2026-06-10 02:47:09.5,NA,NA,NA,NA,NA,-9.12089936251919,-0.00991028873682127,0.00120770076417978,600.393010236571,0.0748401032312415,3.23647904274813e-13,0.363322039075052,0.229113280884057,-13.6992617854915,0.407247099419589,0.222966290756965,-7.87325205387566,TRUE,-0.00951599587843323,0.001027404869916,0.210772877729717,2026-06-10 02:46:40,2026-06-10 02:47:39,NA
"51","2026-06-10 03:46:11","Collar_51_2026-06-10 03:46:11",2026-06-10 03:47:10.5,NA,NA,NA,NA,NA,-50.6377189305353,-0.00672887807225525,0.00101585600205951,599.769403749787,0.0629516601439301,1.09314955578533e-09,0.271044239196125,0.192718352460171,-63.7786119738805,0.368074018102294,0.180974590673307,-50.5172407309578,TRUE,-0.00693481794333408,0.00116791251570268,0.204382603521628,2026-06-10 03:46:41,2026-06-10 03:47:40,NA
"51","2026-06-10 04:46:11","Collar_51_2026-06-10 04:46:11",2026-06-10 04:47:10.5,NA,NA,NA,NA,NA,20.4861154216017,-0.000847292295115054,0.00136626524490364,599.56594550429,0.0846661979544997,0.536353440698718,0.0032486378730603,0.259194596958237,23.395311426337,0.0122680852965059,0.260234024193092,20.5459948021448,TRUE,-0.000577704098410313,0.00139746965129313,0.275912327637119,2026-06-10 04:46:41,2026-06-10 04:47:40,NA
"51","2026-06-10 05:46:08","Collar_51_2026-06-10 05:46:08",2026-06-10 05:47:07.5,52.7415195162888,-0.0176344308414056,3.78224914621114e-20,0.51286999433258,0.296479073120909,52.4509178027868,-0.0174390821014639,0.00156090783146364,601.288565727387,0.0967280196436165,3.27503378350265e-20,0.514048240541429,0.296120301511226,54.6201023110129,0.521406036370714,0.296392507445319,52.6504661772685,TRUE,-0.0171266227416264,0.00151048128615718,0.258947685785771,2026-06-10 05:46:38,2026-06-10 05:47:37,NA
"51","2026-06-10 06:46:10","Collar_51_2026-06-10 06:46:10",2026-06-10 06:47:09.5,NA,NA,NA,NA,NA,27.9636396478569,-0.0059391771818511,0.00220311714529847,600.456888208144,0.136525138904451,0.00917383301040715,0.111347701766034,0.295538126441524,21.3224051897442,0.255768504891494,0.27524636190699,27.9861890410054,TRUE,-0.00565206851252635,0.00216210656355844,0.334008207468025,2026-06-10 06:46:40,2026-06-10 06:47:39,NA
"51","2026-06-10 07:46:11","Collar_51_2026-06-10 07:46:11",2026-06-10 07:47:10.5,NA,NA,NA,NA,NA,65.5207471787967,-0.00561867869182553,0.0030127375119462,601.962983268076,0.18669656680711,0.0672466262795227,0.0565750773246333,0.404145009556471,54.5278531673684,0.265172908722763,0.362991211991628,65.863315970349,TRUE,-0.00555346848205008,0.00309555325449126,0.391872782276143,2026-06-10 07:46:41,2026-06-10 07:47:40,NA
"51","2026-06-10 08:46:08","Collar_51_2026-06-10 08:46:08",2026-06-10 08:47:07.5,-1.04477181883793,-0.00969466562738719,2.96684819408467e-10,0.498424556912736,0.232075114762429,-4.26853858485064,-0.0134753055532554,0.00168416814007307,601.311827902237,0.104366347360425,6.09723994698827e-11,0.524662734430984,0.225923482004526,-2.94046542090367,0.545366103985445,0.224859546538441,-3.64424733476366,TRUE,-0.0125262444085572,0.0016548372528241,0.185630255029394,2026-06-10 08:46:38,2026-06-10 08:47:37,NA
"51","2026-06-10 09:46:09","Collar_51_2026-06-10 09:46:09",2026-06-10 09:47:08.5,NA,NA,NA,NA,NA,-28.158093495004,-0.00940191546004034,0.00138014992177222,601.633362128755,0.0855266185826867,6.05469421338518e-09,0.44447979238588,0.185140823291863,-37.5768982560671,0.555807405514841,0.168483703399815,-28.1344830151438,TRUE,-0.00959475328961762,0.00132264027434278,0.198010500116479,2026-06-10 09:46:39,2026-06-10 09:47:38,NA
"51","2026-06-10 10:46:09","Collar_51_2026-06-10 10:46:09",2026-06-10 10:47:08.5,NA,NA,NA,NA,NA,-13.6954334708183,-0.0125751865074026,0.00155692745522142,602.662458943786,0.0964813593965569,4.55203771904577e-11,0.529361053120921,0.208854723909459,-10.6538087689001,0.536818812474645,0.210860780667995,-13.6843737379492,TRUE,-0.0124207221575065,0.00158160855585179,0.20119364687154,2026-06-10 10:46:39,2026-06-10 10:47:38,NA
"51","2026-06-10 11:46:12","Collar_51_2026-06-10 11:46:12",2026-06-10 11:47:11.5,-35.2853818164954,-0.0137809959083806,2.55450106576439e-07,0.369817134749832,0.174464742609428,-32.8537938857064,-0.00731536507053658,0.00132718651007652,602.309868238944,0.0822445247757185,8.5562476978722e-07,0.343753483905952,0.178036022943001,-32.7421204485839,0.384933087704937,0.175410483008539,-32.8437411412007,TRUE,-0.00742760581591293,0.00139032082753491,0.18440742667108,2026-06-10 11:46:42,2026-06-10 11:47:41,NA
"51","2026-06-10 12:46:09","Collar_51_2026-06-10 12:46:09",2026-06-10 12:47:08.5,NA,NA,NA,NA,NA,-9.48429183946509,-0.0112460645787519,0.00161253446972001,603.510120224214,0.0999272748326392,3.23916938479831e-09,0.456108068470681,0.216314151528635,-36.5236164756191,0.675777990847392,0.169969052703432,-9.4091018269787,TRUE,-0.0110094359480527,0.00166654991888855,0.191560609007544,2026-06-10 12:46:39,2026-06-10 12:47:38,NA
"51","2026-06-10 13:46:07","Collar_51_2026-06-10 13:46:07",2026-06-10 13:47:06.5,-5.22034939221262,-0.0303774560177583,2.56072396148077e-16,0.688453486002132,0.224138599889129,6.07796816851243,-0.0180073961054061,0.00183582256633108,603.885283164375,0.113764232377358,6.31417350881321e-14,0.623900422394619,0.246267232266968,-12.9967985435012,0.743975153301984,0.206783673996265,6.33030391569743,TRUE,-0.0173417389214856,0.00174826713278255,0.235785641161188,2026-06-10 13:46:37,2026-06-10 13:47:36,NA
"51","2026-06-10 14:46:11","Collar_51_2026-06-10 14:46:11",2026-06-10 14:47:10.5,-47.2211097267135,-0.0157808276755312,3.72204009862783e-12,0.567799419034354,0.157946801014909,-40.9874868673746,-0.00984030763156597,0.00124020975280204,602.81789442942,0.0768546552929733,7.89009093233756e-11,0.520481007455383,0.166368487268054,-53.5010777998936,0.635853234950808,0.147545637276522,-40.8923683193844,TRUE,-0.00961380396948258,0.0013955907743783,0.169317957028596,2026-06-10 14:46:41,2026-06-10 14:47:40,NA
"51","2026-06-10 15:46:14","Collar_51_2026-06-10 15:46:14",2026-06-10 15:47:13.5,NA,NA,NA,NA,NA,7.99580553351247,-0.0130907422700218,0.00186539835253053,603.655702811322,0.115597016588449,2.73759104445464e-09,0.459195526929401,0.250234689222252,-1.61740596770686,0.568972911898842,0.227352451949407,8.09015603141197,TRUE,-0.0136129374130922,0.00194281980086173,0.230710973583451,2026-06-10 15:46:44,2026-06-10 15:47:43,NA
"51","2026-06-10 16:46:10","Collar_51_2026-06-10 16:46:10",2026-06-10 16:47:09.5,NA,NA,NA,NA,NA,32.3936319169064,-0.00143174951479866,0.00228596863315654,604.207624954069,0.141659369243678,0.53356193299986,0.0067179712314522,0.306652276021231,25.7638581782327,0.167983938799545,0.28562468715256,32.4557924609249,TRUE,-0.000884458804861516,0.0025439366496578,0.299107305243522,2026-06-10 16:46:40,2026-06-10 16:47:39,NA
"51","2026-06-10 17:46:13","Collar_51_2026-06-10 17:46:13",2026-06-10 17:47:12.5,NA,NA,NA,NA,NA,-11.638354000095,-0.0132778924573183,0.00158384688945805,601.644580999601,0.098149531924844,1.39968434097421e-11,0.547864132245035,0.212465843352716,-16.5987424288768,0.610586048732954,0.200669042167294,-11.6026281821838,TRUE,-0.0132082674978498,0.00161080290512453,0.172487750087272,2026-06-10 17:46:43,2026-06-10 17:47:42,NA
"51","2026-06-10 18:46:11","Collar_51_2026-06-10 18:46:11",2026-06-10 18:47:10.5,NA,NA,NA,NA,NA,-24.1089620765642,0.010712961907743,0.00142751460554955,600.086321650858,0.0884617643808411,4.15767425372612e-10,0.492649530711887,0.191494579801324,-30.7943734318855,0.575415163392898,0.178280841752827,-24.0819062496676,TRUE,0.0106653135344907,0.00145002663494135,0.217999368027748,2026-06-10 18:46:41,2026-06-10 18:47:40,NA
"51","2026-06-10 19:46:11","Collar_51_2026-06-10 19:46:11",2026-06-10 19:47:10.5,NA,NA,NA,NA,NA,-0.944070485541158,-0.00789110859422263,0.00173147848183473,600.868539089624,0.107298125633955,2.71889725923572e-05,0.263681455645587,0.232269948780198,-17.6583765386887,0.478648543100744,0.198904877983914,-0.83602188977761,TRUE,-0.00839345688513033,0.00192002756078171,0.237803882397173,2026-06-10 19:46:41,2026-06-10 19:47:40,NA
"51","2026-06-10 20:46:08","Collar_51_2026-06-10 20:46:08",2026-06-10 20:47:07.5,NA,NA,NA,NA,NA,8.4157544713821,-0.00233677373390864,0.00187193788912782,600.907634516834,0.116002265643962,0.216930370292261,0.0261642432641288,0.251111938259092,5.72527100246086,0.128919317994371,0.24169834488403,8.49319599794322,TRUE,-0.00240743067506495,0.0019983305373078,0.23765386541282,2026-06-10 20:46:38,2026-06-10 20:47:37,NA
"51","2026-06-10 21:46:10","Collar_51_2026-06-10 21:46:10",2026-06-10 21:47:09.5,NA,NA,NA,NA,NA,23.0680816908461,-0.00840610277975542,0.00211504676940822,602.484976441423,0.131067498884063,0.000197729112111438,0.214050439097291,0.283723886812391,23.6776326842391,0.257230969977939,0.280701956632278,23.1074814729008,TRUE,-0.00816844091989912,0.00208605247618117,0.250967693443635,2026-06-10 21:46:40,2026-06-10 21:47:39,NA
"51","2026-06-10 22:46:15","Collar_51_2026-06-10 22:46:15",2026-06-10 22:47:14.5,-15.6649468605484,-0.0454782892532471,4.59700565818096e-14,0.627954782762703,0.205454849180164,-7.81047496538356,-0.0145123418916918,0.00163518446396223,603.678373991554,0.10133087409957,2.13300936713519e-12,0.575919513648068,0.219352545050533,-17.9876849324318,0.665165482979245,0.198359784210173,-7.51614390730528,TRUE,-0.01388404750363,0.00159369494241513,0.216311277418312,2026-06-10 22:46:45,2026-06-10 22:47:44,NA
"51","2026-06-10 23:46:12","Collar_51_2026-06-10 23:46:12",2026-06-10 23:47:11.5,NA,NA,NA,NA,NA,6.0240048166147,-0.00392481220015499,0.00183499719243501,603.557994247664,0.113713084717757,0.0366686843593814,0.0731084978228212,0.246156512119663,8.07926813018054,0.102669505257646,0.246486464840445,6.71917654016332,TRUE,-0.00353644793260712,0.00145076755757975,0.191597609232894,2026-06-10 23:46:42,2026-06-10 23:47:41,NA
"52","2026-06-10 00:28:10","Collar_52_2026-06-10 00:28:10",2026-06-10 00:29:09.5,NA,NA,NA,NA,NA,5.86625193159832,-0.00831102372967926,0.00183258647651213,600.40368539279,0.113563694873947,2.93947611432002e-05,0.26178064073747,0.245833125563141,4.15489259481067,0.328810378164932,0.238555968877699,5.97186713472114,TRUE,-0.00807279866577046,0.00201099846839619,0.234759269903904,2026-06-10 00:28:40,2026-06-10 00:29:39,NA
"52","2026-06-10 00:49:12","Collar_52_2026-06-10 00:49:12",2026-06-10 00:50:11.5,-7.320476781637,0.032182965830195,3.08194878484376e-24,0.833350438227256,0.220250062467029,-1.5311981046905,0.0276771898330894,0.0017230275158529,598.850083278109,0.106774427061226,5.10874679903061e-23,0.816469447353172,0.231136290200933,-5.22763177458695,0.83856424549825,0.220614371068294,-1.36089751518191,TRUE,0.0282298984859386,0.00162269134057385,0.189612969707731,2026-06-10 00:49:42,2026-06-10 00:50:41,NA
"52","2026-06-10 01:49:06","Collar_52_2026-06-10 01:49:06",2026-06-10 01:50:05.5,-33.9987723636932,0.027698854052427,2.73741756261929e-42,0.793960363123989,0.206553354311967,-6.63241944888463,0.0224320854162072,0.00122028815485731,601.209806670978,0.0756201322298638,1.97443586135976e-36,0.741182934002239,0.231501238614512,-53.1992217778215,0.830181285315517,0.189130533645047,-4.05252229810896,TRUE,0.0208290782148455,0.00105135115068364,0.179052344677705,2026-06-10 01:49:36,2026-06-10 01:50:35,NA
"52","2026-06-10 02:49:09","Collar_52_2026-06-10 02:49:09",2026-06-10 02:50:08.5,-16.6880830373107,0.0390800479345183,7.49876134486836e-45,0.813530045178658,0.222002052120042,7.85547238620003,0.0258517097767965,0.0012962211701392,599.285468910138,0.0803256312002283,1.33994637408381e-39,0.771211097680386,0.245906514138594,-39.4166172883962,0.850763493343138,0.200309756231378,8.89739727976448,TRUE,0.0247550437558391,0.00132138852136722,0.263144090419922,2026-06-10 02:49:39,2026-06-10 02:50:38,NA
"52","2026-06-10 03:49:12","Collar_52_2026-06-10 03:49:12",2026-06-10 03:50:11.5,-17.5527902734128,0.0346233445812701,7.18740860805204e-40,0.773607971596638,0.221203629733374,6.937443468618,0.0226248788780757,0.00129127243876269,599.396337552081,0.0800189628780189,1.26033044497167e-34,0.722352196488073,0.244967688797486,-37.0303980780495,0.813837229029229,0.202311285711267,7.40645105326838,TRUE,0.0217982241778501,0.00131696435512031,0.189786413434602,2026-06-10 03:49:42,2026-06-10 03:50:41,NA
"52","2026-06-10 04:49:11","Collar_52_2026-06-10 04:49:11",2026-06-10 04:50:10.5,-44.8394373644199,0.03013765966698,3.36397133177026e-53,0.865309291667362,0.197431031531228,-8.79474085828532,0.0278615241338982,0.00120934313772641,599.319622646242,0.0749418796061681,1.71928018018071e-45,0.818118828232668,0.229424856071278,-57.6254523747776,0.882891876308756,0.185674437374354,-8.76885890665553,TRUE,0.0278019247966333,0.00123816708678539,0.295869319402255,2026-06-10 04:49:41,2026-06-10 04:50:40,NA
"52","2026-06-10 05:49:07","Collar_52_2026-06-10 05:49:07",2026-06-10 05:50:06.5,10.1433247301983,0.117035599869314,4.41000764583563e-56,0.87962330431722,0.248261880301138,65.6191750373248,0.0368493447573431,0.00164894441338411,598.521402149477,0.102183565482845,3.22065149760846e-44,0.808875564773875,0.31282174835954,-49.5965390928396,0.929228213548622,0.191991021656463,65.7851620311354,TRUE,0.0374966718208596,0.00173666728397457,0.333892999874823,2026-06-10 05:49:37,2026-06-10 05:50:36,NA
"52","2026-06-10 06:49:09","Collar_52_2026-06-10 06:49:09",2026-06-10 06:50:08.5,-33.4850093721931,0.0210444808349392,2.33462672813994e-26,0.85910395235626,0.177101989208686,-16.1505468389535,0.0241360152891265,0.00152539748352853,599.390032783553,0.0945274761115888,1.04391313523906e-22,0.811908212209939,0.204625121874562,-36.4419810293511,0.874529227863943,0.170084721205588,-16.0036345069491,TRUE,0.0240198923413896,0.00150750943184997,0.216375943676009,2026-06-10 06:49:39,2026-06-10 06:50:38,NA
"52","2026-06-10 07:49:13","Collar_52_2026-06-10 07:49:13",2026-06-10 07:50:12.5,-17.3201577071245,0.0416187962953585,1.51870342966168e-16,0.693975537609385,0.202640378605334,-8.23647242919717,0.0166883510598667,0.00162938988507633,601.579694310411,0.100971789386813,1.26965356032545e-14,0.643954049898278,0.218575228696244,-24.0870536459847,0.744245813151317,0.188529482621459,-6.20914022203984,TRUE,0.0145495031671229,0.00112822978958253,0.15065441781807,2026-06-10 07:49:43,2026-06-10 07:50:42,NA
"52","2026-06-10 08:49:07","Collar_52_2026-06-10 08:49:07",2026-06-10 08:50:06.5,2.95375608252027,0.10271439935131,1.87133140583623e-20,0.775226899200657,0.239938383661517,17.3094020380651,0.0242860668844624,0.00201594471827509,600.646014915565,0.124926236116652,2.00668837128283e-17,0.714468539214816,0.270429798215741,-3.26201821942901,0.810416692096514,0.224257817959238,17.6172565330899,TRUE,0.0235286397751776,0.00205408835633357,0.238897797090953,2026-06-10 08:49:37,2026-06-10 08:50:36,NA
"52","2026-06-10 09:49:10","Collar_52_2026-06-10 09:49:10",2026-06-10 09:50:09.5,-32.0053345176399,0.0467312327626676,7.24822555559113e-24,0.828379855952347,0.179299286391703,-15.8530192524999,0.0216363922033189,0.00152918424128951,601.385317601734,0.0947621379998224,1.83875787681568e-20,0.775362313038571,0.205133098173669,-35.1329039443635,0.847602727525945,0.171950328729676,-15.322923438938,TRUE,0.0210359597378451,0.00158114242788071,0.184378152899126,2026-06-10 09:49:40,2026-06-10 09:50:39,NA
"52","2026-06-10 10:49:08","Collar_52_2026-06-10 10:49:08",2026-06-10 10:50:07.5,-21.1581529308265,0.0615516276343895,2.68304640149072e-28,0.879167785927176,0.196261819288927,-2.47563125429724,0.0292909148249375,0.00170952003684048,601.752620059004,0.105937381036527,2.29622062539109e-24,0.835027584025407,0.22932432343884,-22.5716802354574,0.889592566096225,0.190925349797389,-2.18427570161727,TRUE,0.0284694358496114,0.00175245346647876,0.218361223558695,2026-06-10 10:49:38,2026-06-10 10:50:37,NA
"52","2026-06-10 11:49:13","Collar_52_2026-06-10 11:49:13",2026-06-10 11:50:12.5,-33.4077872917176,0.0918540091515631,2.49383174028072e-32,0.912214538240226,0.177215994087335,-15.4796410356181,0.031884255273919,0.0015339496852931,602.231466405566,0.0950574481724653,1.46985897322571e-28,0.881643845051693,0.205772360772795,-31.9341936239588,0.915834160596901,0.176595457874287,-14.923887716813,TRUE,0.0308394689943506,0.00141152613003741,0.197790731612139,2026-06-10 11:49:43,2026-06-10 11:50:42,NA
"52","2026-06-10 12:49:08","Collar_52_2026-06-10 12:49:08",2026-06-10 12:50:07.5,-43.5302890248159,0.0481782464997839,2.941383523567e-34,0.924659799987978,0.162880224727811,-19.576188308299,0.0317412551464329,0.00148246761795767,602.914100456846,0.0918671519101643,3.20088149208713e-29,0.887691576369932,0.198866276020054,-45.2009658937691,0.931454169776888,0.158112235546398,-19.5030956039518,TRUE,0.031464223816043,0.00139231922192457,0.197204750736016,2026-06-10 12:49:38,2026-06-10 12:50:37,NA
"52","2026-06-10 13:49:09","Collar_52_2026-06-10 13:49:09",2026-06-10 13:50:08.5,-52.0465899303564,0.0438133411042749,1.38683978049265e-39,0.950619728545658,0.151721399174609,-24.3962606759427,0.0372139593025164,0.00142410100230468,603.051909418317,0.0882502265340385,8.96494120754144e-34,0.921712354838395,0.191036660480259,-52.3966449959537,0.954073143109379,0.148909857535768,-24.1129043954776,TRUE,0.0365836081451948,0.00153738320739919,0.193651381753955,2026-06-10 13:49:39,2026-06-10 13:50:38,NA
"52","2026-06-10 14:49:11","Collar_52_2026-06-10 14:49:11",2026-06-10 14:50:10.5,NA,NA,NA,NA,NA,3.68348656180005,0.0356349855804611,0.00179955359741231,602.544192126072,0.111516677802186,1.73787523613136e-27,0.87114666350036,0.241401915347669,-1.61562677668351,0.889646416193083,0.22735582283641,3.76517816911558,TRUE,0.0353226489052839,0.00154986647437374,0.184345704946119,2026-06-10 14:49:41,2026-06-10 14:50:40,NA
"52","2026-06-10 15:49:12","Collar_52_2026-06-10 15:49:12",2026-06-10 15:50:11.5,-49.1830381890892,0.0297413381866132,1.29476120535373e-39,0.95073647186787,0.155385460229513,-54.3558067937612,0.0388367780425265,0.00110946493076101,602.567887166003,0.0687525191772061,1.06043460588862e-40,0.954805689604575,0.148829665135788,-55.269736125565,0.958359536262556,0.145386936209121,-54.3105976813258,TRUE,0.0389206880639872,0.00114757616644598,0.146860361194087,2026-06-10 15:49:42,2026-06-10 15:50:41,NA
"52","2026-06-10 16:49:09","Collar_52_2026-06-10 16:49:09",2026-06-10 16:50:08.5,5.22601770099067,0.0666147812813437,1.13091355427334e-30,0.899896940299728,0.244525028351943,18.2009830676701,0.041060387244037,0.0020309786495451,603.912779980952,0.125857874980839,6.06293240758893e-28,0.875730862772493,0.272446531592843,8.49856928626793,0.901103276164867,0.247349238468103,18.2236400110672,TRUE,0.0408525212712002,0.00193758953859879,0.268951840386982,2026-06-10 16:49:39,2026-06-10 16:50:38,NA
"52","2026-06-10 17:49:13","Collar_52_2026-06-10 17:49:13",2026-06-10 17:50:12.5,-45.1197738944221,0.0557850589772024,1.63588083019176e-35,0.931795455727088,0.160736986642519,-29.0950310844991,0.033349258352937,0.00136941592797169,601.152936869979,0.0848614428802761,3.82150024415148e-32,0.910915064952445,0.183700906933437,-41.9546929917911,0.932737970762387,0.162447911633264,-29.0940722776787,TRUE,0.033331076111201,0.00149551856254985,0.205910886510955,2026-06-10 17:49:43,2026-06-10 17:50:42,NA
"52","2026-06-10 18:49:12","Collar_52_2026-06-10 18:49:12",2026-06-10 18:50:11.5,-11.6005640955977,0.0509948177611664,5.82844290745783e-27,0.865670283023268,0.212532762755231,9.49137741493359,0.0296124889625984,0.00188879247571705,601.227917661469,0.117046728840203,1.61081000941584e-22,0.809084731221806,0.253372904251371,-28.3836886801624,0.904996670115241,0.181898549109936,9.66462436824028,TRUE,0.0289910714067492,0.00185585604811475,0.311886144053483,2026-06-10 18:49:42,2026-06-10 18:50:41,NA
"52","2026-06-10 19:49:11","Collar_52_2026-06-10 19:49:11",2026-06-10 19:50:10.5,-21.652650739444,0.0327415824411032,1.14428355995108e-25,0.851188609572394,0.195454724711842,-7.19600285631641,0.0258989107553687,0.00164357906537383,600.614825700356,0.101851079811832,1.26850798794006e-22,0.810644954686973,0.220478642579528,-23.2535657270972,0.864451286503055,0.189843516185944,-7.16093483697658,TRUE,0.0261118800432086,0.00180761682372416,0.23260885722042,2026-06-10 19:49:41,2026-06-10 19:50:40,NA
"52","2026-06-10 20:49:08","Collar_52_2026-06-10 20:49:08",2026-06-10 20:50:07.5,-10.5025960438,0.0492000071918262,4.4097537400342e-28,0.877084532269494,0.214486304515475,5.70746981254359,0.0318129909925339,0.00183016323036558,600.669669055382,0.113413528543726,1.13850119763111e-24,0.838958092015376,0.245508058134209,-10.4551930349263,0.884920838967046,0.211210071888962,7.35154419499999,TRUE,0.0301503804798274,0.00172665029493104,0.202515230839264,2026-06-10 20:49:38,2026-06-10 20:50:37,NA
"52","2026-06-10 21:49:11","Collar_52_2026-06-10 21:49:11",2026-06-10 21:50:10.5,-11.5917051950594,0.0407578273524053,4.21637872890886e-31,0.903239392876865,0.212548453389451,11.6098763477345,0.0359234921794381,0.0019224335951622,600.882014009291,0.119131438005556,3.20632631991268e-26,0.857558272541053,0.257885707137696,-18.3778913867817,0.919160137601632,0.197715821204081,11.7987768010259,TRUE,0.0358869641215691,0.0016745425468428,0.264425810541618,2026-06-10 21:49:41,2026-06-10 21:50:40,NA
"52","2026-06-10 22:49:15","Collar_52_2026-06-10 22:49:15",2026-06-10 22:50:14.5,-39.4198855362062,0.0443400007434954,2.03431992065347e-29,0.88942969905634,0.168556073606448,-25.7394910620342,0.026705049902008,0.00140824908987052,602.221866690457,0.0872678981310335,1.53751097822907e-26,0.861113354439123,0.188910198657154,-46.95915548464,0.908774874276471,0.155812529791119,-24.1351763023948,TRUE,0.0254452170977359,0.00129282204086545,0.161147035755839,2026-06-10 22:49:45,2026-06-10 22:50:44,NA
"52","2026-06-10 23:49:12","Collar_52_2026-06-10 23:49:12",2026-06-10 23:50:11.5,-26.4162381753449,0.0461936292453572,6.11053601869669e-33,0.916363913889545,0.187847826863731,-2.05479832345186,0.034484289141603,0.00171552574758423,602.434231344237,0.106309549395917,8.11988785260394e-28,0.8744757362515,0.230129962169828,-31.6571391922288,0.928302200120824,0.177003650192739,-1.76841901925355,TRUE,0.0337243486825081,0.00178271289715086,0.256778982127077,2026-06-10 23:49:42,2026-06-10 23:50:41,NA
