"label","StartTime","Plot","TIMESTAMP","HM81_AIC","HM81_flux.estimate","HM81_p.value","HM81_r.squared","HM81_RMSE","lin_AIC","lin_flux.estimate","lin_flux.std.error","lin_int.estimate","lin_int.std.error","lin_p.value","lin_r.squared","lin_RMSE","poly_AIC","poly_r.squared","poly_RMSE","rob_AIC","rob_converged","rob_flux.estimate","rob_flux.std.error","rob_RMSE","TIMESTAMP_min","TIMESTAMP_max","flag"
"13","2026-06-11 00:57:31","Collar_13_2026-06-11 00:57:31",2026-06-11 00:58:45.5,95.7007935711174,-0.939625939276993,1.71379746208253e-33,0.994770525425207,1.11691579102192,70.6076040202782,-1.72197969513084,0.0155074367422589,3528.89207596539,0.703013301024035,1.40507964939613e-38,0.997734328557466,0.735173541229095,62.0266750486464,0.998510401145458,0.61861209879461,71.0442496814087,TRUE,-1.71223402950717,0.0175431416631584,0.616580479691279,2026-06-11 00:58:31,2026-06-11 00:59:00,"Time changed"
"13","2026-06-11 01:57:31","Collar_13_2026-06-11 01:57:31",2026-06-11 01:58:45.5,188.97548321562,-0.790011629211044,4.96829225508671e-65,0.993447151832785,1.13066723972839,94.0435310413503,-1.58553656904029,0.00764539220462009,3569.71795484318,0.346595797921047,5.86190832584712e-85,0.998653241509603,0.512583494390214,74.7312921290525,0.999086833206964,0.429551059634854,94.1002663018786,TRUE,-1.58726293261165,0.00770810446743739,0.567306839165962,2026-06-11 01:58:31,2026-06-11 01:59:00,"Time changed"
"13","2026-06-11 02:57:31","Collar_13_2026-06-11 02:57:31",2026-06-11 02:58:45.5,208.100912440797,-0.9488412875113,4.23686095151641e-63,0.992361593230899,1.32602601797901,150.014799371154,-1.72095265818044,0.0121889569799962,3557.8680554809,0.552573518432993,2.71173233670437e-75,0.997098908171098,0.81720570960413,99.7547149484788,0.998825605825473,0.529148515146435,150.54306755137,TRUE,-1.72625559046307,0.011658336574392,0.682926603750805,2026-06-11 02:58:31,2026-06-11 02:59:00,"Time changed"
"13","2026-06-11 03:57:31","Collar_13_2026-06-11 03:57:31",2026-06-11 03:58:45.5,174.812665904251,-0.833802268610963,1.71481898043708e-67,0.994610575305036,1.0047959222989,127.781790422384,-1.5528186495765,0.0101275081585917,3608.65083829993,0.459119908728532,2.29824975929306e-77,0.99753894352558,0.678996365714151,88.8144467246868,0.998797421112283,0.483040372714517,127.85732977038,TRUE,-1.5540814490189,0.00978272241826794,0.800966227930286,2026-06-11 03:58:31,2026-06-11 03:59:00,"Time changed"
"13","2026-06-11 04:57:31","Collar_13_2026-06-11 04:57:31",2026-06-11 04:58:45.5,180.161145164525,-1.01122260138422,2.98173577563527e-70,0.995671012248183,1.05059337017441,184.094422095613,-1.80960831671425,0.0161921609361237,3618.0600061374,0.734054550704462,1.99600311507304e-69,0.995377718776076,1.08559956274728,147.35841120002,0.997655775040215,0.786794116074218,184.137223360704,TRUE,-1.8099830775025,0.0157133256758131,1.15707196971206,2026-06-11 04:58:31,2026-06-11 04:59:00,"Time changed"
"13","2026-06-11 05:57:31","Collar_13_2026-06-11 05:57:31",2026-06-11 05:58:45.5,NA,NA,NA,NA,NA,143.573453932392,-1.54389182425824,0.0115519297114758,3613.38217769035,0.523694558594036,6.48337530428712e-74,0.996763352552189,0.774496368529028,144.261258904792,0.996937183843546,0.766747088451194,144.230247060984,TRUE,-1.5366941697362,0.0118297662202273,0.55453219197337,2026-06-11 05:58:31,2026-06-11 05:59:00,"Time changed"
"13","2026-06-11 06:57:31","Collar_13_2026-06-11 06:57:31",2026-06-11 06:58:45.5,168.709454127576,-0.889137851219563,2.84433833265509e-70,0.995678048103949,0.954969725895342,141.31637460395,-1.64779608469352,0.0113366801895537,3637.7084378578,0.513936448374704,5.05351626963799e-76,0.997262196921536,0.760065015740355,96.6024106180994,0.998784377364365,0.515429192285631,141.31643865656,TRUE,-1.64782083861179,0.0117214956227004,0.93423965115988,2026-06-11 06:58:31,2026-06-11 06:59:00,"Time changed"
"13","2026-06-11 07:57:31","Collar_13_2026-06-11 07:57:31",2026-06-11 07:58:45.5,116.098154119418,-0.966771459793175,8.5539726582171e-30,0.990393791879226,1.56913912015839,89.6064501071448,-1.78340640237231,0.0212842451235569,3634.12263926344,0.964898820663305,3.6469093057235e-35,0.996027670222442,1.0090393480202,84.3884687659278,0.99707853055702,0.89800441104167,89.6808496375761,TRUE,-1.77805066200748,0.0224897261026146,0.913131642376864,2026-06-11 07:58:31,2026-06-11 07:59:00,"Time changed"
"13","2026-06-11 08:57:31","Collar_13_2026-06-11 08:57:31",2026-06-11 08:58:45.5,110.253785650126,-0.957024431517903,1.22970465853677e-30,0.991636249731751,1.42350337223509,72.3672812152252,-1.73529313856333,0.015968972997664,3907.6452632408,0.723936560737899,2.57094284817429e-38,0.997634419510281,0.757053962147861,73.1114936753657,0.99787770682438,0.744137176996112,72.40813197384,TRUE,-1.73257049429868,0.0171204714130951,0.664904659556015,2026-06-11 08:58:31,2026-06-11 08:59:00,"Time changed"
"13","2026-06-11 09:57:31","Collar_13_2026-06-11 09:57:31",2026-06-11 09:58:45.5,88.481325909022,-0.913894457671386,3.86045564033637e-34,0.995298585667908,0.990294077176064,64.3171628436024,-1.61035782316776,0.0139639500531696,3810.15779724975,0.633040958694475,4.88360566514523e-39,0.997899046513258,0.662000224844347,51.0660869250899,0.998817825642076,0.515327154113187,64.4058385021077,TRUE,-1.60829130283096,0.0155527895219011,0.637066106610331,2026-06-11 09:58:31,2026-06-11 09:59:00,"Time changed"
"13","2026-06-11 10:57:31","Collar_13_2026-06-11 10:57:31",2026-06-11 10:58:45.5,102.904765943523,-0.878824238515638,1.36062439372014e-31,0.992852920450494,1.25940241535312,46.5503785328452,-1.6618509678456,0.0103850361734487,3602.95535902698,0.47079466986668,5.14185606083502e-43,0.998907766984961,0.492331772576002,46.0147135152315,0.999061023283016,0.473718087595446,46.8335699814033,TRUE,-1.66604122485938,0.0103046606027797,0.486072353668485,2026-06-11 10:58:31,2026-06-11 10:59:00,"Time changed"
"13","2026-06-11 11:57:31","Collar_13_2026-06-11 11:57:31",2026-06-11 11:58:45.5,95.3382837340961,-0.807486292701924,1.50649385312012e-32,0.993892346251838,1.11018791979428,51.0232719363438,-1.58447533889839,0.0111888099131281,3583.79210317613,0.507232905237234,1.56910381512935e-41,0.998605723507206,0.530436921503467,45.0849332473669,0.998998901716053,0.466433777919308,51.1398011460576,TRUE,-1.5866708197466,0.0116187474446656,0.497357369447024,2026-06-11 11:58:31,2026-06-11 11:59:00,"Time changed"
"13","2026-06-11 12:57:31","Collar_13_2026-06-11 12:57:31",2026-06-11 12:58:45.5,100.506975944051,-0.717854113700869,7.48937686550751e-31,0.991927226038223,1.21006511023557,59.1945078102625,-1.50170199035517,0.0128212176633047,3605.33484933126,0.581236390154995,3.16509902368446e-39,0.997963128831357,0.607825790236157,61.3126725834905,0.998086972532452,0.611294217305383,59.4836685333005,TRUE,-1.50831581546036,0.0128404231878685,0.544228566342279,2026-06-11 12:58:31,2026-06-11 12:59:00,"Time changed"
"13","2026-06-11 13:57:31","Collar_13_2026-06-11 13:57:31",2026-06-11 13:58:45.5,84.4719578538586,-0.764163637181567,1.40889498665405e-33,0.994843180769964,0.926282390733761,64.7991793512374,-1.43780376399654,0.0140765827783017,3647.1211150218,0.638147044581812,1.44969676805274e-37,0.997323364279638,0.667339895143822,55.068754448479,0.998306360357805,0.550877838065897,65.0178524964256,TRUE,-1.43255437546422,0.0153269271119826,0.734868031201932,2026-06-11 13:58:31,2026-06-11 13:59:00,"Time changed"
"13","2026-06-11 14:57:31","Collar_13_2026-06-11 14:57:31",2026-06-11 14:58:45.5,NA,NA,NA,NA,NA,68.9542902026025,-1.51308435928308,0.0150859593728531,3616.81824381858,0.683906068687857,2.41120509123908e-37,0.997224313115198,0.715192224176894,68.4703907394779,0.997609661644681,0.688746776282388,68.9672828142335,TRUE,-1.51430385110695,0.0162217434176367,0.80793930150855,2026-06-11 14:58:31,2026-06-11 14:59:00,"Time changed"
"13","2026-06-11 15:57:31","Collar_13_2026-06-11 15:57:31",2026-06-11 15:58:45.5,84.3483731508345,-1.02610772408113,2.63714332415279e-36,0.996707164172482,0.924376448715329,73.9302819186796,-1.79592071007946,0.0163904305857666,3588.90015278789,0.743042896309541,2.03936504893208e-38,0.997673233723538,0.777034341411888,39.9661352766369,0.999343604723139,0.428290950510822,73.9700130747016,TRUE,-1.79309497871093,0.0167412656740979,0.781107876451449,2026-06-11 15:58:31,2026-06-11 15:59:00,"Time changed"
"13","2026-06-11 16:57:31","Collar_13_2026-06-11 16:57:31",2026-06-11 16:58:45.5,97.2972453658116,-0.769588251479091,6.34426398606037e-32,0.993231915364668,1.14703305757659,12.7597479810138,-1.55590977014417,0.00591320960690879,3591.38713711721,0.268069125445579,4.65380762475871e-49,0.999595740569353,0.280332289532705,7.24701302710124,0.999705592264553,0.248261853837583,12.7878001428304,TRUE,-1.55686368393202,0.00590986427960519,0.304788794515385,2026-06-11 16:58:31,2026-06-11 16:59:00,"Time changed"
"13","2026-06-11 17:57:31","Collar_13_2026-06-11 17:57:31",2026-06-11 17:58:45.5,105.347190791819,-0.874963598164563,3.15507484927728e-31,0.992410503204136,1.31172677193486,55.7594562195331,-1.67938490813758,0.0121078084228567,3553.61733808622,0.548894734119625,2.80399326748382e-41,0.998546694226737,0.574004623891079,45.7047650780697,0.999090307728232,0.471277261094583,55.7860255248714,TRUE,-1.67750149855189,0.0129250609463163,0.579205577348117,2026-06-11 17:58:31,2026-06-11 17:59:00,"Time changed"
"13","2026-06-11 18:57:31","Collar_13_2026-06-11 18:57:31",2026-06-11 18:58:45.5,NA,NA,NA,NA,NA,48.2138476968497,-1.4045893225561,0.0106769843201186,3541.89543733289,0.484029831404301,1.23132839519314e-40,0.998384695396376,0.506172393460669,47.4312306368845,0.998622730412737,0.485034979756436,48.3306791895358,TRUE,-1.40201153298815,0.0104918003932424,0.581621300267981,2026-06-11 18:58:31,2026-06-11 18:59:00,"Time changed"
"13","2026-06-11 19:57:31","Collar_13_2026-06-11 19:57:31",2026-06-11 19:58:45.5,NA,NA,NA,NA,NA,21.7540182977345,-1.35459947713908,0.00686951337214802,3529.98031333671,0.311422148769575,1.49172181144862e-45,0.99928042585385,0.325668552208907,23.8353149187491,0.999325006680324,0.32732571633948,21.7990301115118,TRUE,-1.35406711836658,0.00726985870779559,0.30677116906481,2026-06-11 19:58:31,2026-06-11 19:59:00,"Time changed"
"13","2026-06-11 20:57:31","Collar_13_2026-06-11 20:57:31",2026-06-11 20:58:45.5,NA,NA,NA,NA,NA,54.6133667843502,-1.23038678319608,0.0118787261064391,3568.6630041968,0.538509528740575,9.81222071461323e-38,0.99739695012089,0.563144334044804,46.3066884057598,0.998272869820384,0.476028935394195,54.61980450112,TRUE,-1.22996201932112,0.0120020595554262,0.711413462421818,2026-06-11 20:58:31,2026-06-11 20:59:00,"Time changed"
"13","2026-06-11 21:57:31","Collar_13_2026-06-11 21:57:31",2026-06-11 21:58:45.5,95.6004350238318,-0.833749727029102,3.4476789039982e-32,0.993520346110267,1.11504915179667,39.9275257240834,-1.54535120088312,0.00929972714439193,3493.67483735879,0.421593328869478,1.7912005814373e-43,0.998987012937682,0.440879653474636,37.4027797084969,0.999185017045202,0.410378605947177,40.845198712798,TRUE,-1.53716884386775,0.00833615066549248,0.282574956337549,2026-06-11 21:58:31,2026-06-11 21:59:00,"Time changed"
"13","2026-06-11 22:57:31","Collar_13_2026-06-11 22:57:31",2026-06-11 22:58:45.5,NA,NA,NA,NA,NA,53.9646671432459,-1.49185639317998,0.0117509891191707,3513.69797731719,0.532718707048055,3.32829996601271e-40,0.998265800594297,0.557088603827303,50.0302811376246,0.998668819242805,0.50650719042776,55.3843504066951,TRUE,-1.50236453891526,0.0100319665358771,0.418219377866514,2026-06-11 22:58:31,2026-06-11 22:59:00,"Time changed"
"13","2026-06-11 23:57:31","Collar_13_2026-06-11 23:57:31",2026-06-11 23:58:45.5,NA,NA,NA,NA,NA,70.7637949506077,-1.53523281891424,0.0155478580142632,3560.20511845407,0.704845756789329,3.73025955162946e-37,0.997136446758997,0.737089825020816,71.7315282578675,0.997411735201452,0.727217765009295,71.9363936164467,TRUE,-1.54482483172106,0.0118640011171774,0.479215407640273,2026-06-11 23:58:31,2026-06-11 23:59:00,"Time changed"
"14","2026-06-11 00:00:32","Collar_14_2026-06-11 00:00:32",2026-06-11 00:01:46.5,40.3332158774975,-0.235579558376008,1.51685408659083e-23,0.973168841491047,0.443870763181256,39.4733764509042,-0.298489585477126,0.0092296018019151,3568.60589590814,0.418414270375192,1.01513063914868e-23,0.973926941784852,0.437555164894385,40.663815058508,0.976257884830802,0.433300183355442,39.5606686080597,TRUE,-0.298504810436377,0.0101117258876338,0.351566481460521,2026-06-11 00:01:32,2026-06-11 00:02:01,"Time changed"
"14","2026-06-11 01:00:32","Collar_14_2026-06-11 01:00:32",2026-06-11 01:01:46.5,NA,NA,NA,NA,NA,140.044330667333,-0.120777199089324,0.0112171419227991,3544.86278249778,0.508517307035837,1.86747863958921e-15,0.666537447843812,0.752050601195423,101.59353857214,0.835646865821122,0.537319381774627,140.160418971502,TRUE,-0.118314417489698,0.0115868315147468,0.686450308101836,2026-06-11 01:01:32,2026-06-11 01:02:01,"Time changed"
"14","2026-06-11 02:00:32","Collar_14_2026-06-11 02:00:32",2026-06-11 02:01:46.5,NA,NA,NA,NA,NA,29.6526491984288,-0.25265957803763,0.00447055453576595,3592.04166373646,0.202667878246588,2.03602432466138e-52,0.982165379341026,0.299727261136475,19.7928345301011,0.985843913995087,0.271760220692614,30.29057093564,TRUE,-0.25551925654791,0.00440635355766103,0.315589831921499,2026-06-11 02:01:32,2026-06-11 02:02:01,"Time changed"
"14","2026-06-11 03:00:30","Collar_14_2026-06-11 03:00:30",2026-06-11 03:01:44.5,126.984663209003,-0.135680732872379,1.97800356413208e-32,0.912912110351492,0.674500925892982,124.228823597795,-0.248596634115667,0.00983204790699887,3596.22331153824,0.445725529615726,5.21023305783483e-33,0.916821643615301,0.659187303711636,127.159142614905,0.918291408292408,0.664901806249897,124.293980755713,TRUE,-0.250310412932975,0.0108900666550718,0.66534359097988,2026-06-11 03:01:30,2026-06-11 03:01:59,"Time changed"
"14","2026-06-11 04:00:32","Collar_14_2026-06-11 04:00:32",2026-06-11 04:01:46.5,NA,NA,NA,NA,NA,116.47171591684,-0.224995964816577,0.0092165859428686,3688.10304335097,0.417824210123068,3.36088478381535e-32,0.911308107263573,0.617923803318874,110.521814790154,0.924861220368478,0.578821981320675,116.619520317895,TRUE,-0.224677504832318,0.0103117112180001,0.610439226775985,2026-06-11 04:01:32,2026-06-11 04:02:01,"Time changed"
"14","2026-06-11 05:00:32","Collar_14_2026-06-11 05:00:32",2026-06-11 05:01:46.5,NA,NA,NA,NA,NA,97.7198251733803,-0.250837369209492,0.00788323950911855,3658.78114502351,0.357378354797095,2.05108556016929e-38,0.945817350401337,0.528529910114634,92.0913942444548,0.95385046475923,0.496412946393808,97.9437326021684,TRUE,-0.253145087512495,0.00788852293268591,0.500353622371906,2026-06-11 05:01:32,2026-06-11 05:02:01,"Time changed"
"14","2026-06-11 06:00:32","Collar_14_2026-06-11 06:00:32",2026-06-11 06:01:46.5,110.608926053354,-0.0998756450380951,3.12133358926349e-09,0.456789568960017,0.588459774668929,116.292691440414,-0.0575618756282306,0.00920284624040581,3598.42957774627,0.417201335192543,5.16170587106292e-08,0.402815445507357,0.617002628248744,70.9800317334705,0.737474415947239,0.416330790033929,116.459830778826,TRUE,-0.060737969903022,0.00884680749437684,0.686067674898824,2026-06-11 06:01:32,2026-06-11 06:02:01,"Time changed"
"14","2026-06-11 07:00:30","Collar_14_2026-06-11 07:00:30",2026-06-11 07:01:44.5,NA,NA,NA,NA,NA,130.942076451597,-0.136039294088607,0.010397766449307,3659.10474713252,0.47137178350595,5.9385292164818e-19,0.746921900593137,0.697115768268682,118.744169237944,0.806798629744757,0.619872983567164,130.950420417917,TRUE,-0.135253508007834,0.0112811640099767,0.882425547057379,2026-06-11 07:01:30,2026-06-11 07:01:59,"Time changed"
"14","2026-06-11 08:00:30","Collar_14_2026-06-11 08:00:30",2026-06-11 08:01:44.5,NA,NA,NA,NA,NA,30.9694314914618,-0.25021524531042,0.00800994175783685,3646.41285912725,0.363122267707982,2.61369960975212e-23,0.972106496958699,0.379733759035791,22.8644956984974,0.981367713000539,0.322072098620347,30.9695009703814,TRUE,-0.250159860183602,0.0082934652936568,0.516827035813643,2026-06-11 08:01:30,2026-06-11 08:01:59,"Time changed"
"14","2026-06-11 09:00:31","Collar_14_2026-06-11 09:00:31",2026-06-11 09:01:45.5,NA,NA,NA,NA,NA,76.5656354548959,-0.248823174019195,0.0171263844143787,3942.1044922967,0.77640658748901,1.44610106074239e-14,0.882885149697297,0.811924297202419,71.4479996036203,0.913578724924847,0.723789420433979,76.6039122405718,TRUE,-0.245724153845213,0.018306694604329,0.796612349256592,2026-06-11 09:01:31,2026-06-11 09:02:00,"Time changed"
"14","2026-06-11 10:00:32","Collar_14_2026-06-11 10:00:32",2026-06-11 10:01:46.5,NA,NA,NA,NA,NA,38.3507264582417,-0.418849459466649,0.00905851385243323,3832.17027206641,0.41065817849942,5.47259058003571e-28,0.987072778407113,0.42944426070224,38.3904207311982,0.988671461214288,0.417189621580067,38.4860093910207,TRUE,-0.418581902121081,0.00920640795453137,0.440930571913258,2026-06-11 10:01:32,2026-06-11 10:02:01,"Time changed"
"14","2026-06-11 11:00:30","Collar_14_2026-06-11 11:00:30",2026-06-11 11:01:44.5,46.2561728328239,-0.118908349222361,2.34690659042028e-18,0.937081807542228,0.489923568067048,42.9682674472384,-0.211770927200023,0.00978317515307438,3604.40310546905,0.443509934824811,5.0434905954352e-19,0.943613007415817,0.46379886252578,46.6259900439303,0.944252684473586,0.478568968353469,43.1959398120763,TRUE,-0.212986338960082,0.0104624542729594,0.355517245571098,2026-06-11 11:01:30,2026-06-11 11:01:59,"Time changed"
"14","2026-06-11 12:00:32","Collar_14_2026-06-11 12:00:32",2026-06-11 12:01:46.5,NA,NA,NA,NA,NA,38.1079745474397,-0.0796171648183533,0.0090219383662898,3592.53073122361,0.409000067382953,1.40946964967551e-09,0.735544197492041,0.427710297177697,32.4308220170374,0.808458903629566,0.377743049487457,38.284870380191,TRUE,-0.0808518259746507,0.00932047941681297,0.424185222506855,2026-06-11 12:01:32,2026-06-11 12:02:01,"Time changed"
"14","2026-06-11 13:00:31","Collar_14_2026-06-11 13:00:31",2026-06-11 13:01:45.5,NA,NA,NA,NA,NA,7.56515615141751,-0.209483466749666,0.00542279971249353,3605.95021170689,0.245836909737859,7.78939326493985e-26,0.981582425751543,0.257083032758466,7.14904260499254,0.984103458877529,0.24785681263449,7.67557174902988,TRUE,-0.20788871917252,0.00603003051432748,0.252420342926439,2026-06-11 13:01:31,2026-06-11 13:02:00,"Time changed"
"14","2026-06-11 14:00:32","Collar_14_2026-06-11 14:00:32",2026-06-11 14:01:46.5,11.3426681671564,-0.146859516790059,5.43478751029694e-29,0.989037985648613,0.273788976518951,-13.3716335550214,-0.291174284474275,0.00382541033671682,3630.30102127791,0.173420945916753,5.30957897964228e-34,0.995190341910095,0.181354308300007,-11.3902673582719,0.995503325134022,0.181973798354307,-13.1828546283922,TRUE,-0.290492432349551,0.0039475561665769,0.139971901801965,2026-06-11 14:01:32,2026-06-11 14:02:01,"Time changed"
"14","2026-06-11 15:00:30","Collar_14_2026-06-11 15:00:30",2026-06-11 15:01:44.5,NA,NA,NA,NA,NA,29.8314367782406,-0.158261104922216,0.00785945221542723,3615.85943535128,0.35629998290764,3.39397615013197e-18,0.935405697798148,0.372599380114886,33.4007260272176,0.936326454333806,0.383898912046093,29.9076004261457,TRUE,-0.16002944488515,0.00791739192409416,0.391103211261537,2026-06-11 15:01:30,2026-06-11 15:01:59,"Time changed"
"14","2026-06-11 16:00:32","Collar_14_2026-06-11 16:00:32",2026-06-11 16:01:46.5,20.8423300347565,-0.144905029123296,1.20091869588146e-26,0.983883638334825,0.320757488083122,16.1978306319743,-0.280061817541735,0.00626194063220113,3610.55026719264,0.283878478940614,1.37320137674805e-27,0.986195172336276,0.296864862069466,16.0800270705296,0.987965732045826,0.28763748427484,16.2806876062779,TRUE,-0.279329453153481,0.00710510489059614,0.315377623030898,2026-06-11 16:01:32,2026-06-11 16:02:01,"Time changed"
"14","2026-06-11 17:00:32","Collar_14_2026-06-11 17:00:32",2026-06-11 17:01:46.5,NA,NA,NA,NA,NA,76.7826477324743,-0.265628647184116,0.0171884404993053,3591.37108269309,0.779219834696656,3.08996331336331e-15,0.895061676172239,0.814866239992101,36.5643771621952,0.975966938782704,0.40468410980123,77.5234580920787,TRUE,-0.278408222946365,0.0166901463044895,0.749377211591798,2026-06-11 17:01:32,2026-06-11 17:02:01,"Time changed"
"14","2026-06-11 18:00:32","Collar_14_2026-06-11 18:00:32",2026-06-11 18:01:46.5,15.1653177363301,-0.174603979151221,2.32854120316277e-28,0.987837898773502,0.291799953614821,10.2052820702471,-0.293805518627715,0.00566674190612919,3579.4081032567,0.256895771989382,2.29852961487068e-29,0.989691280014153,0.268647796770148,9.66501650280818,0.991139103433915,0.258471156980529,10.2097148698176,TRUE,-0.294168323410035,0.00597615370349874,0.314935402292078,2026-06-11 18:01:32,2026-06-11 18:02:01,"Time changed"
"14","2026-06-11 19:00:32","Collar_14_2026-06-11 19:00:32",2026-06-11 19:01:46.5,13.0621471628071,-0.129783319894277,3.63021757181168e-26,0.982559329682172,0.281748726863239,-6.78668095462949,-0.237053549179845,0.00426915087479699,3568.65447318237,0.193537455541056,3.43102054477722e-30,0.9910004259406,0.202391073317292,-5.99853127195439,0.991914150389952,0.199083628413691,-6.31964614302517,TRUE,-0.2396873741503,0.00413050583577047,0.141359031894486,2026-06-11 19:01:32,2026-06-11 19:02:01,"Time changed"
"14","2026-06-11 20:00:32","Collar_14_2026-06-11 20:00:32",2026-06-11 20:01:46.5,0.816904408705941,-0.172098117714019,1.67175395746356e-31,0.992747040986277,0.229735409905468,1.75479941996038,-0.299963496210341,0.00492228550090904,3569.3640995806,0.223146625460472,2.59002084901599e-31,0.992516708820571,0.233354752483536,-5.73783696299326,0.99489824390388,0.199950509790854,2.31723635394963,TRUE,-0.302102196478609,0.00478734067117857,0.213651900422563,2026-06-11 20:01:32,2026-06-11 20:02:01,"Time changed"
"14","2026-06-11 21:00:30","Collar_14_2026-06-11 21:00:30",2026-06-11 21:01:44.5,16.0945261816424,-0.132014555026544,9.48176808153812e-23,0.969420040738869,0.296354177472236,10.1464436405036,-0.186769618292395,0.00566118759337434,3559.13896124943,0.256643973074474,5.89172321869286e-24,0.974919881258683,0.268384478992688,12.4372325115183,0.976308845610634,0.27069364209942,10.2342496691675,TRUE,-0.188277276422573,0.0057277647236939,0.257230865694448,2026-06-11 21:01:30,2026-06-11 21:01:59,"Time changed"
"14","2026-06-11 22:00:32","Collar_14_2026-06-11 22:00:32",2026-06-11 22:01:46.5,NA,NA,NA,NA,NA,79.0868890222914,-0.22759236515663,0.0178613849169832,3504.6035024339,0.80972706063866,3.56983488499947e-13,0.852912030443705,0.846769057899229,63.1126544948259,0.924417632446497,0.629910707897812,80.5586391440319,TRUE,-0.217343547942265,0.0119539954927557,0.437536445948658,2026-06-11 22:01:32,2026-06-11 22:02:01,"Time changed"
"14","2026-06-11 23:00:32","Collar_14_2026-06-11 23:00:32",2026-06-11 23:01:46.5,39.0424351637926,-0.219583806855956,3.98052363571421e-24,0.975612043650907,0.434423747399223,44.6240753112656,-0.30590089968041,0.0100569193171039,3519.21617005714,0.455919837995075,5.3977451052e-23,0.970624996554011,0.476776472546393,17.7661259045341,0.989498209397278,0.295835216809158,44.624075311286,TRUE,-0.30590089968041,0.0100569193171039,0.631585814230132,2026-06-11 23:01:32,2026-06-11 23:02:01,"Time changed"
"15","2026-06-11 00:03:31","Collar_15_2026-06-11 00:03:31",2026-06-11 00:04:45.5,11.3209217657019,-0.162510289698907,8.61355012084757e-29,0.988671544779978,0.273689762416331,-2.83814465139818,-0.285997659496051,0.0045595497859075,3563.27305065935,0.206702384117373,1.16059883438738e-31,0.99293361636217,0.216158248344251,-0.639753992333157,0.99334548749808,0.217682577328446,-2.79806946451831,TRUE,-0.286349353074922,0.00511003512066794,0.1592869704729,2026-06-11 00:04:31,2026-06-11 00:05:00,"Time changed"
"15","2026-06-11 01:03:32","Collar_15_2026-06-11 01:03:32",2026-06-11 01:04:46.5,33.4111898206561,-0.129060934740536,2.26114740164746e-51,0.980622140246349,0.309263635807746,-9.18209539135337,-0.251157519981631,0.00323454926202338,3562.69450384746,0.146634881819204,2.57939626477311e-60,0.990471921435446,0.216859582756699,-8.02341414050041,0.990912609755221,0.215533869378378,-8.91480957783723,TRUE,-0.2495350938359,0.00320133461697959,0.181172244320552,2026-06-11 01:04:32,2026-06-11 01:05:01,"Time changed"
"15","2026-06-11 02:03:32","Collar_15_2026-06-11 02:03:32",2026-06-11 02:04:46.5,45.1397791125877,-0.115649739009393,1.17049231880461e-45,0.969502855085165,0.341017006186125,22.8628749424234,-0.219471642326486,0.00422462713995247,3587.42358813182,0.191519018946589,2.45589395432231e-50,0.978961558041769,0.283239117619628,26.0384307977807,0.979248664667729,0.286278974727819,23.3007735805982,TRUE,-0.217401913820171,0.00363668159909403,0.171990533381895,2026-06-11 02:04:32,2026-06-11 02:05:01,"Time changed"
"15","2026-06-11 03:03:30","Collar_15_2026-06-11 03:03:30",2026-06-11 03:04:44.5,22.984801304374,-0.141642513330224,4.90455401257177e-57,0.987638921108272,0.283527049831832,2.45075651877038,-0.288403675028523,0.00356380936511213,3609.89237250399,0.161561541577044,2.39639803643364e-61,0.991221384937623,0.238934747730254,0.25158682898474,0.992083104373748,0.230921171899593,2.79083341898935,TRUE,-0.287219811865169,0.00354101260956989,0.209935714716794,2026-06-11 03:04:30,2026-06-11 03:04:59,"Time changed"
"15","2026-06-11 04:03:30","Collar_15_2026-06-11 04:03:30",2026-06-11 04:04:44.5,NA,NA,NA,NA,NA,-0.880632251627827,-0.24409278220188,0.0034662331128791,3662.12285299776,0.157138025020181,7.03591801934024e-58,0.988439312497683,0.232392771203675,1.81158443535972,0.988688567437653,0.233942740138044,-0.479920361817544,TRUE,-0.243892647240134,0.00339134205251721,0.175603845267489,2026-06-11 04:04:30,2026-06-11 04:04:59,"Time changed"
"15","2026-06-11 05:03:32","Collar_15_2026-06-11 05:03:32",2026-06-11 05:04:46.5,16.1670575268155,-0.121796713990414,2.92664306844429e-51,0.980449043465259,0.267867646185274,11.1709265646899,-0.215647089812347,0.003832426305966,3671.694760314,0.173739007488354,2.61398414809143e-52,0.982011091680823,0.256944106375331,2.29744783344405,0.985484785363028,0.234891862062128,11.397158239655,TRUE,-0.217385688900468,0.00431335989320685,0.23887699069873,2026-06-11 05:04:32,2026-06-11 05:05:01,"Time changed"
"15","2026-06-11 06:03:32","Collar_15_2026-06-11 06:03:32",2026-06-11 06:04:46.5,12.8845163149925,-0.132315804068886,6.82363760718066e-55,0.98534619275988,0.260639568915656,-22.5552361274484,-0.243581525922614,0.00289344185590025,3613.42016663309,0.131171137064477,2.47460377144883e-62,0.991882374860713,0.193990118180727,-49.3599439778552,0.995142004795923,0.152726231452549,-22.5314412792777,TRUE,-0.243623001920899,0.0030078014619269,0.233129474032578,2026-06-11 06:04:32,2026-06-11 06:05:01,"Time changed"
"15","2026-06-11 07:03:30","Collar_15_2026-06-11 07:03:30",2026-06-11 07:04:44.5,62.5083996479948,-0.13845663826843,1.64818905493296e-48,0.975678951450731,0.394126077598356,14.9162487338259,-0.285489886598076,0.00395392644124283,3677.28239023033,0.179247088069013,1.6754902753981e-58,0.988997311460428,0.265090053926779,6.26690607007654,0.991088725454427,0.24279174645849,14.9704787059557,TRUE,-0.284827617234149,0.00388300208210532,0.274750771500235,2026-06-11 07:04:30,2026-06-11 07:04:59,"Time changed"
"15","2026-06-11 08:03:29","Collar_15_2026-06-11 08:03:29",2026-06-11 08:04:43.5,18.4333229493705,-0.122838129226167,2.49392929006154e-25,0.979987215485726,0.308134147097594,-4.08735820096462,-0.241965877603983,0.00446560034771569,3635.29524937585,0.202443285352675,6.7675135339418e-30,0.990553144608042,0.211704311673742,-0.833543053615854,0.990785216514676,0.216980636470515,-4.06396538726849,TRUE,-0.241559732591791,0.00448693236592106,0.229919791003151,2026-06-11 08:04:29,2026-06-11 08:04:58,"Time changed"
"15","2026-06-11 09:03:30","Collar_15_2026-06-11 09:03:30",2026-06-11 09:04:44.5,NA,NA,NA,NA,NA,23.9385140918969,-0.559388961932248,0.00712422916699039,4023.94102135747,0.322969420877229,2.23221388561781e-34,0.995478962647667,0.337744069008596,-8.16484022892443,0.998642972933875,0.192023897503978,23.9692892983154,TRUE,-0.558443853058458,0.00768408473682246,0.402365164861444,2026-06-11 09:04:30,2026-06-11 09:04:59,"Time changed"
"15","2026-06-11 10:03:30","Collar_15_2026-06-11 10:03:30",2026-06-11 10:04:44.5,NA,NA,NA,NA,NA,11.5069604085511,-0.299487674327414,0.00579102306895919,3706.84064657849,0.262529927523167,2.46616207345237e-29,0.989639334246917,0.274539693935643,-4.34384294951286,0.994654136675897,0.204650392007623,11.5133152544023,TRUE,-0.299784712808423,0.00624544030305902,0.294657758026766,2026-06-11 10:04:30,2026-06-11 10:04:59,"Time changed"
"15","2026-06-11 11:03:29","Collar_15_2026-06-11 11:03:29",2026-06-11 11:04:43.5,5.87845586487706,-0.154164449335745,1.10158929652411e-29,0.990218713172932,0.249956635779674,1.22926035362008,-0.280911242082769,0.00487935954712176,3616.10843663152,0.221200622586292,1.2574093488594e-30,0.991622932867116,0.231319727225594,-4.59914906036303,0.993963138715715,0.203781433810419,1.258815316718,TRUE,-0.28053676102618,0.00535216092801972,0.268205995387808,2026-06-11 11:04:29,2026-06-11 11:04:58,"Time changed"
"15","2026-06-11 12:03:30","Collar_15_2026-06-11 12:03:30",2026-06-11 12:04:44.5,NA,NA,NA,NA,NA,9.48081828588028,-0.22031041652915,0.00559873084058783,3609.04551361342,0.253812562011675,4.68695382378488e-26,0.98223832086293,0.26542354141913,12.6955565215775,0.982697207806344,0.271861599008283,9.48081828584061,TRUE,-0.22031041652915,0.00559873084058783,0.393401733904366,2026-06-11 12:04:30,2026-06-11 12:04:59,"Time changed"
"15","2026-06-11 13:03:29","Collar_15_2026-06-11 13:03:29",2026-06-11 13:04:43.5,10.5183169633964,-0.134475244121332,2.73564788645754e-26,0.982908046601972,0.27005306162965,0.845889592672566,-0.229127415238176,0.00484828220767032,3601.06552488795,0.219791764155468,2.99070725960278e-28,0.987618622298071,0.229846418768741,3.51614782760706,0.988155438464915,0.23329481746072,0.964900087274042,TRUE,-0.229354631090397,0.00471914542374727,0.24638944505971,2026-06-11 13:04:29,2026-06-11 13:04:58,"Time changed"
"15","2026-06-11 14:03:30","Collar_15_2026-06-11 14:03:30",2026-06-11 14:04:44.5,-2.64470990275893,-0.0978065946792039,1.55007715219143e-26,0.983587309857592,0.216856248158758,-11.6303049138038,-0.187781800823582,0.00393805868806166,3624.99060147763,0.178527740201978,2.33541083814324e-28,0.98783534043466,0.186694719403935,-13.7190736149703,0.990069845524574,0.175046083582643,-11.5502751954778,TRUE,-0.188736671907277,0.00343720095585995,0.18164690419069,2026-06-11 14:04:30,2026-06-11 14:04:59,"Time changed"
"15","2026-06-11 15:03:30","Collar_15_2026-06-11 15:03:30",2026-06-11 15:04:44.5,11.0069594395562,-0.125175891666991,1.89094858026931e-25,0.980378723192777,0.27226136495966,6.38047484141383,-0.215114012351135,0.00531677834517897,3621.09945480022,0.241030542789298,2.17995917872461e-26,0.983182863848536,0.252056792422937,5.28938207695883,0.985807760751327,0.240292485008479,6.42671257335497,TRUE,-0.214973856897431,0.00530343815706123,0.180556680146773,2026-06-11 15:04:30,2026-06-11 15:04:59,"Time changed"
"15","2026-06-11 16:03:32","Collar_15_2026-06-11 16:03:32",2026-06-11 16:04:46.5,-15.5893362666143,-0.125035661740296,4.03872275799697e-29,0.989267921653305,0.174773510576008,-10.5371144291661,-0.187105824649836,0.00401046712487823,3610.59218617696,0.181810300371944,4.27154575937406e-28,0.987299458537393,0.190127444476044,-16.2035308518529,0.990797908946522,0.167945857957658,-9.78538229924662,TRUE,-0.184826123646696,0.00386054972118591,0.138203141745384,2026-06-11 16:04:32,2026-06-11 16:05:01,"Time changed"
"15","2026-06-11 17:03:32","Collar_15_2026-06-11 17:03:32",2026-06-11 17:04:46.5,35.0009235995522,-0.19463984031549,3.58799418426054e-25,0.979460817662776,0.406125371275941,24.184142598501,-0.314025786552654,0.00715345417648646,3605.35518848793,0.324294305881744,2.29786988014259e-27,0.9856783120428,0.339129562567639,27.9672639624577,0.985781474303666,0.350661568831843,24.4803642987032,TRUE,-0.31403696425537,0.00597022173291812,0.235652192846867,2026-06-11 17:04:32,2026-06-11 17:05:01,"Time changed"
"15","2026-06-11 18:03:32","Collar_15_2026-06-11 18:03:32",2026-06-11 18:04:46.5,NA,NA,NA,NA,NA,1.16376076734442,-0.290068410996853,0.00487403585295473,3592.18300892768,0.220959278522007,5.0036414740705e-31,0.99215641256295,0.231067342569236,-0.597377765234295,0.993526879081218,0.217836374405424,2.67261170091441,TRUE,-0.284674031375689,0.00421134295992158,0.127796168044109,2026-06-11 18:04:32,2026-06-11 18:05:01,"Time changed"
"15","2026-06-11 19:03:32","Collar_15_2026-06-11 19:03:32",2026-06-11 19:04:46.5,10.4649004661444,-0.167429134648154,9.38106096106884e-30,0.990330272988196,0.269812747141434,6.26510012236747,-0.304965952121703,0.00530656447171925,3582.00763896026,0.240567507600666,1.32073908017304e-30,0.99159348724133,0.251572575098962,3.34104901062474,0.99332609577257,0.232614982486614,6.88601916658848,TRUE,-0.300951554968346,0.00538820393425651,0.195138787475562,2026-06-11 19:04:32,2026-06-11 19:05:01,"Time changed"
"15","2026-06-11 20:03:32","Collar_15_2026-06-11 20:03:32",2026-06-11 20:04:46.5,NA,NA,NA,NA,NA,-15.0739848479362,-0.300873459516723,0.00371839906784824,3590.4573317367,0.168569702824524,9.65681117505726e-35,0.995741575930433,0.176281138904375,-14.3969519205626,0.996188077763104,0.173079547724967,-14.9248288245048,TRUE,-0.299527314004002,0.00377267974952058,0.144412861480844,2026-06-11 20:04:32,2026-06-11 20:05:01,"Time changed"
"15","2026-06-11 21:03:29","Collar_15_2026-06-11 21:03:29",2026-06-11 21:04:43.5,14.1255399360717,-0.128624189732,6.64627763900074e-26,0.981789902949084,0.286786732479056,-5.98244134314488,-0.236102025530616,0.00432675977762666,3558.40037176323,0.196149094435335,5.56483666179892e-30,0.99068421586224,0.205122184964144,-2.09832418329881,0.990720131102388,0.212454623949928,-5.67896073343285,TRUE,-0.237678689450116,0.00434706729238944,0.202478163592462,2026-06-11 21:04:29,2026-06-11 21:04:58,"Time changed"
"15","2026-06-11 22:03:30","Collar_15_2026-06-11 22:03:30",2026-06-11 22:04:44.5,6.43533826416263,-0.131834416347268,2.89981702793112e-27,0.985438430134717,0.252287376134625,-16.4798793568911,-0.232563991141247,0.00363228396689245,3524.64410594427,0.164665765481612,6.55441256630668e-32,0.993216146726048,0.172198610967927,-12.9714639200017,0.993326402179321,0.17724083112754,-16.4723979672382,TRUE,-0.232274720998062,0.00366416443870266,0.145046791963696,2026-06-11 22:04:30,2026-06-11 22:04:59,"Time changed"
"15","2026-06-11 23:03:31","Collar_15_2026-06-11 23:03:31",2026-06-11 23:04:45.5,NA,NA,NA,NA,NA,9.88200117496416,-0.300567762775178,0.00563629152340788,3553.54913620228,0.255515335981153,1.05326843000116e-29,0.990249991887403,0.267204210955866,12.3966248002012,0.990720983401022,0.270510499926719,9.94466052931995,TRUE,-0.301901633424917,0.00569205335126255,0.232047952312546,2026-06-11 23:04:31,2026-06-11 23:05:00,"Time changed"
"16","2026-06-11 00:06:31","Collar_16_2026-06-11 00:06:31",2026-06-11 00:07:45.5,NA,NA,NA,NA,NA,26.2487411111924,-0.17753345269586,0.00740388836448963,3571.08813451076,0.335647475855839,3.31314182694539e-20,0.953562735654096,0.351002097784075,24.7934094063629,0.96128381004465,0.332594486960672,26.261129512304,TRUE,-0.176857884336405,0.00795205421301086,0.409235939620572,2026-06-11 00:07:31,2026-06-11 00:08:00,"Time changed"
"16","2026-06-11 01:06:30","Collar_16_2026-06-11 01:06:30",2026-06-11 01:07:44.5,NA,NA,NA,NA,NA,10.0271724221364,-0.215011753087521,0.00379607188780738,3574.53565271558,0.172090918255989,1.79660789064697e-52,0.982242124572288,0.254506733092505,1.62671854845426,0.985557794281876,0.23358261733485,10.0633813810841,TRUE,-0.215418705380011,0.00389312099050707,0.2883826342302,2026-06-11 01:07:30,2026-06-11 01:07:59,"Time changed"
"16","2026-06-11 02:06:32","Collar_16_2026-06-11 02:06:32",2026-06-11 02:07:46.5,3.31279813563055,-0.0958036987013583,2.39751968793294e-46,0.97112471878306,0.240657358466693,6.85857739981484,-0.158390550575826,0.00369714854797505,3607.27274145377,0.167606332902542,1.33178186287019e-45,0.969366866141536,0.247874441399561,2.40036799142739,0.973394656683558,0.235093407709001,6.89510848821295,TRUE,-0.158082567609053,0.00414486858695498,0.223037370921418,2026-06-11 02:07:32,2026-06-11 02:08:01,"Time changed"
"16","2026-06-11 03:06:30","Collar_16_2026-06-11 03:06:30",2026-06-11 03:07:44.5,6.46374447043509,-0.116068015458728,9.11141795704351e-55,0.985199397428611,0.247060206730077,-24.5917984627385,-0.229661613787583,0.00284475058047502,3602.09319561355,0.128963769410061,2.75092159128412e-61,0.991179526864993,0.190725623248904,-28.7207339851175,0.992297127946325,0.181388365491508,-24.4803957031099,TRUE,-0.23021033782415,0.0028395631955441,0.222316815618942,2026-06-11 03:07:30,2026-06-11 03:07:59,"Time changed"
"16","2026-06-11 04:06:28","Collar_16_2026-06-11 04:06:28",2026-06-11 04:07:42.5,NA,NA,NA,NA,NA,-3.52785604006282,-0.218573170174647,0.00339060458052356,3639.84959140729,0.153709485212697,1.11062281298181e-55,0.986235225844801,0.227322274314454,0.0519076968636298,0.986331296636036,0.230537240257974,-2.95089175336275,TRUE,-0.217445383005651,0.00333458143267745,0.217411425148433,2026-06-11 04:07:28,2026-06-11 04:07:57,"Time changed"
"16","2026-06-11 05:06:32","Collar_16_2026-06-11 05:06:32",2026-06-11 05:07:46.5,24.7590609410074,-0.129211065321385,3.52773685944541e-50,0.978697268376483,0.287750282528927,28.0709583895802,-0.221412966780776,0.00441201588330664,3690.61143694239,0.200014090132736,1.74965542920145e-49,0.977488335422571,0.295802551163276,24.3634978439126,0.980202098944633,0.282310914388407,28.0822392601056,TRUE,-0.220952398101076,0.00472944877104426,0.377528143790116,2026-06-11 05:07:32,2026-06-11 05:08:01,"Time changed"
"16","2026-06-11 06:06:30","Collar_16_2026-06-11 06:06:30",2026-06-11 06:07:44.5,NA,NA,NA,NA,NA,-20.8633015188412,-0.208215596020625,0.00293452676615391,3626.85074171263,0.133033678170383,4.56395617869539e-58,0.988610546907962,0.196744646176269,-18.4193629167617,0.98890212772317,0.197647503196591,-20.737548836777,TRUE,-0.207885947792236,0.00310781869602348,0.206107294985555,2026-06-11 06:07:30,2026-06-11 06:07:59,"Time changed"
"16","2026-06-11 07:06:30","Collar_16_2026-06-11 07:06:30",2026-06-11 07:07:44.5,-18.4542759921058,-0.11498789037593,2.68058133385872e-56,0.986893509583957,0.200734248873778,-11.8064903908019,-0.197708076313592,0.00316457773058673,3682.90037892276,0.143462796186319,6.66784892486123e-55,0.98535785541566,0.212168358143008,-35.8315868896314,0.99082191071427,0.170952081275703,-10.4408442171561,TRUE,-0.194658310624309,0.00301211609442764,0.187528311201395,2026-06-11 07:07:30,2026-06-11 07:07:59,"Time changed"
"16","2026-06-11 08:06:29","Collar_16_2026-06-11 08:06:29",2026-06-11 08:07:43.5,NA,NA,NA,NA,NA,7.11633465029199,-0.176342776900348,0.00538238656821862,3631.28824415391,0.244004822434608,7.12239545245616e-24,0.974578037562779,0.255167134284553,1.98515718666846,0.981249116314845,0.227417254112406,7.25701023252464,TRUE,-0.174414794771394,0.00548412079972149,0.26455495273624,2026-06-11 08:07:29,2026-06-11 08:07:58,"Time changed"
"16","2026-06-11 09:06:28","Collar_16_2026-06-11 09:06:28",2026-06-11 09:07:42.5,NA,NA,NA,NA,NA,3.78124418829329,-0.0187904800219535,0.0050913704341241,3887.32483248726,0.230811912704818,0.000956834748669359,0.327261343612673,0.241370698070562,4.35934742920991,0.399781531802664,0.236596531439537,3.79372165676796,TRUE,-0.0182411789571985,0.00562585776394389,0.277165735142258,2026-06-11 09:07:28,2026-06-11 09:07:57,"Time changed"
"16","2026-06-11 10:06:28","Collar_16_2026-06-11 10:06:28",2026-06-11 10:07:42.5,-13.1854883639118,-0.101882040298353,3.75726299872074e-28,0.987415255587999,0.181917819177976,-16.3388101174928,-0.179973301070056,0.00364083407320351,3655.7787407599,0.165053375540047,8.62041374514862e-29,0.988670900480742,0.172603952742913,-16.5706681084524,0.990161407509098,0.166921342609768,-16.293592766457,TRUE,-0.180637320658645,0.00418056510632419,0.156359351023597,2026-06-11 10:07:28,2026-06-11 10:07:57,"Time changed"
"16","2026-06-11 11:06:29","Collar_16_2026-06-11 11:06:29",2026-06-11 11:07:43.5,3.56796876224178,-0.135514952067041,8.90732818074743e-25,0.97808357849401,0.240514247163986,21.3402869011672,-0.177706740907672,0.00682230742469596,3611.90067023628,0.309282116893397,3.59231305634711e-21,0.960367606524711,0.323430621844772,-5.55422830833348,0.985848372611424,0.200563324364813,21.5310879411436,TRUE,-0.18017038927164,0.00700481779635884,0.354637288286844,2026-06-11 11:07:29,2026-06-11 11:07:58,"Time changed"
"16","2026-06-11 12:06:28","Collar_16_2026-06-11 12:06:28",2026-06-11 12:07:42.5,NA,NA,NA,NA,NA,-5.25510936327635,-0.132630585236205,0.00437952881577025,3597.14767706492,0.198541323164929,6.07968851780373e-23,0.970374558094019,0.207623849248452,-1.59333999486678,0.97070669002027,0.214250273570029,-5.24101107996201,TRUE,-0.133117070364217,0.00459058723721277,0.204520539866707,2026-06-11 12:07:28,2026-06-11 12:07:57,"Time changed"
"16","2026-06-11 13:06:28","Collar_16_2026-06-11 13:06:28",2026-06-11 13:07:42.5,4.14996199300768,-0.0850844821983241,1.53272368763486e-22,0.968353973584133,0.242858559628827,-2.96241993402042,-0.150464056284284,0.00455011557064048,3596.97093891756,0.206274693911204,5.52842317654588e-24,0.97503354321214,0.215710992904049,-0.236554391275396,0.976071695500953,0.219150328917747,-2.54941451761033,TRUE,-0.152660066138074,0.00429940243511336,0.1676896217783,2026-06-11 13:07:28,2026-06-11 13:07:57,"Time changed"
"16","2026-06-11 14:06:29","Collar_16_2026-06-11 14:06:29",2026-06-11 14:07:43.5,NA,NA,NA,NA,NA,-12.7671009156729,-0.160071342129385,0.00386414825191404,3639.59025058373,0.175177088475335,1.13839383644265e-26,0.983945038834924,0.183190787840031,-22.2090562072201,0.989743078640523,0.151949702904814,-12.6208398553352,TRUE,-0.160044694437418,0.00379892497533065,0.161696487411576,2026-06-11 14:07:29,2026-06-11 14:07:58,"Time changed"
"16","2026-06-11 15:06:28","Collar_16_2026-06-11 15:06:28",2026-06-11 15:07:42.5,11.2092251159347,-0.159772298461127,1.17575125872252e-29,0.990173101901917,0.273180732545474,-26.1856824562347,-0.307154316378893,0.00308977495268415,3644.52783090669,0.140071691086676,3.09053508491786e-37,0.997174666500168,0.146479449268086,-25.4421598753839,0.997465295243583,0.143978574888249,-26.1568902348832,TRUE,-0.307495172780949,0.00336955726150409,0.114239154745297,2026-06-11 15:07:28,2026-06-11 15:07:57,"Time changed"
"16","2026-06-11 16:06:30","Collar_16_2026-06-11 16:06:30",2026-06-11 16:07:44.5,-17.1589406254636,-0.10343652712444,5.0856422511961e-29,0.989089834063793,0.170260707824613,-15.3463736697452,-0.18088250363793,0.00370155648884221,3614.96277112773,0.167806162256112,1.18533009764309e-28,0.988410333202458,0.175482669198705,-19.7973196071586,0.991255580636301,0.158181826839893,-15.3444801194924,TRUE,-0.18082140548713,0.0037822310399727,0.180711364903617,2026-06-11 16:07:30,2026-06-11 16:07:59,"Time changed"
"16","2026-06-11 17:06:33","Collar_16_2026-06-11 17:06:33",2026-06-11 17:07:47.5,-9.08960827952491,-0.12478840219115,1.60609470283208e-29,0.989951791790215,0.194770065238946,-5.75311208940083,-0.215652575136993,0.00434332896563347,3616.97372613278,0.196900241110931,7.62471028426534e-29,0.988769751792394,0.205907693802562,-9.97845342605391,0.99146280221152,0.186306458429232,-5.73960807049147,TRUE,-0.21613894306125,0.0044727088410145,0.233043951581333,2026-06-11 17:07:33,2026-06-11 17:08:02,"Time changed"
"16","2026-06-11 18:06:33","Collar_16_2026-06-11 18:06:33",2026-06-11 18:07:47.5,NA,NA,NA,NA,NA,-12.8447991213324,-0.212516971389242,0.00385914753407663,3579.55244415587,0.17495038620256,4.31931316651804e-30,0.99085124456723,0.182953714782612,-14.5031253652129,0.992423836196928,0.172773544353742,-12.6304764993808,TRUE,-0.214223039415995,0.00425767655206715,0.131132583023004,2026-06-11 18:07:33,2026-06-11 18:08:02,"Time changed"
"16","2026-06-11 19:06:30","Collar_16_2026-06-11 19:06:30",2026-06-11 19:07:44.5,NA,NA,NA,NA,NA,6.85900686734733,-0.247993889027669,0.00535935203868722,3586.63660513644,0.242960576314985,5.35959888424297e-28,0.987092019977447,0.254075117794168,10.1598695033468,0.9873893569022,0.260611725864247,6.93148468930303,TRUE,-0.246946475987738,0.00513638525169783,0.200169461540658,2026-06-11 19:07:30,2026-06-11 19:07:59,"Time changed"
"16","2026-06-11 20:06:32","Collar_16_2026-06-11 20:06:32",2026-06-11 20:07:46.5,NA,NA,NA,NA,NA,-24.1972474410526,-0.24104178057789,0.00319388754508642,3586.00171006698,0.144791525736295,6.73345478473303e-34,0.995108040479726,0.151415198774278,-27.0755222020491,0.996110358018674,0.140111957235552,-24.0800358713081,TRUE,-0.242009040689127,0.0029929182275792,0.164416895152445,2026-06-11 20:07:32,2026-06-11 20:08:01,"Time changed"
"16","2026-06-11 21:06:29","Collar_16_2026-06-11 21:06:29",2026-06-11 21:07:43.5,NA,NA,NA,NA,NA,-16.0341453756498,-0.224044961672577,0.00365936831902396,3551.4304807051,0.165893606040599,2.27480090964776e-31,0.992585737709385,0.173482620659494,-26.5599015927654,0.995431368953032,0.141321222690964,-15.7610487289098,TRUE,-0.22520964277341,0.00343927621088234,0.119120282588518,2026-06-11 21:07:29,2026-06-11 21:07:58,"Time changed"
"16","2026-06-11 22:06:30","Collar_16_2026-06-11 22:06:30",2026-06-11 22:07:44.5,-11.4983661418988,-0.0941598925558748,6.39061790744686e-28,0.986928850234707,0.187105708983814,-24.6639595817901,-0.181895286752056,0.00316914015088633,3527.17894336485,0.143669628702149,1.36870988572031e-30,0.991572043126281,0.150241979129236,-22.7798666497256,0.992145990676112,0.150510982774022,-24.3920576903233,TRUE,-0.181268791709115,0.00334851727248046,0.143415873557703,2026-06-11 22:07:30,2026-06-11 22:07:59,"Time changed"
"16","2026-06-11 23:06:31","Collar_16_2026-06-11 23:06:31",2026-06-11 23:07:45.5,31.7372065522212,-0.0997386090248386,6.70600908989279e-20,0.951168115177083,0.384624150139599,24.3130848578444,-0.190534192585365,0.00716884374934312,3571.89758097822,0.324991975947735,2.08713079802399e-21,0.961873378930711,0.339859148440732,24.0070821152195,0.96697121912415,0.328264122604166,24.3797467327169,TRUE,-0.192098944427438,0.00797057716344174,0.359536848238892,2026-06-11 23:07:31,2026-06-11 23:08:00,"Time changed"
"29","2026-06-11 00:31:12","Collar_29_2026-06-11 00:31:12",2026-06-11 00:32:11.5,NA,NA,NA,NA,NA,22.9624866471824,0.00263234130205125,0.0021131864342376,3640.24950162426,0.130952215628191,0.217892808882755,0.0260564099259451,0.283474331325952,-5.64049244020007,0.434352890991998,0.219856650319588,22.9717312285637,TRUE,0.0026029715844813,0.00210937037808405,0.368601673330722,2026-06-11 00:31:42,2026-06-11 00:32:41,NA
"29","2026-06-11 01:31:13","Collar_29_2026-06-11 01:31:13",2026-06-11 01:32:12.5,-49.6942910278265,0.0369716008350825,8.51872817937531e-39,0.76394353764744,0.193477409519735,-45.2483918607746,0.0198132444671655,0.00103892563747832,3658.64863497924,0.0643812641877959,7.62415099501472e-38,0.755033814318629,0.197094900042463,-46.4658112144034,0.765456355279625,0.194511893097891,-45.0663179603964,TRUE,0.0201995881969779,0.00110711349055571,0.194099850844618,2026-06-11 01:31:43,2026-06-11 01:32:42,NA
"29","2026-06-11 02:31:13","Collar_29_2026-06-11 02:31:13",2026-06-11 02:32:12.5,-62.5891249201079,0.0437991843844711,8.65702796700329e-35,0.724108509339766,0.183356488856261,-71.9517298272109,0.0172504977173246,0.000929529467420045,3675.53746092029,0.0576020843585735,8.55467952600148e-37,0.744815725041143,0.176341319203898,-68.5366264161412,0.746056502158215,0.177422089154494,-71.8788516452361,TRUE,0.0170342792103998,0.000893405529477812,0.181367911187027,2026-06-11 02:31:43,2026-06-11 02:32:42,NA
"29","2026-06-11 03:31:13","Collar_29_2026-06-11 03:31:13",2026-06-11 03:32:12.5,-60.8007403930038,0.00647574255526033,0.0510806653122652,0.0318687817559594,0.184727891699796,-64.5863654941683,0.0026753372034482,0.000958498049138039,3675.71790550555,0.0593972406676032,0.00612707546659079,0.0619335785459366,0.181836957690535,-97.6752432141253,0.311340621955382,0.157137414619179,-64.3754099206169,TRUE,0.0030926387138242,0.000955330050684632,0.162902149346175,2026-06-11 03:31:43,2026-06-11 03:32:42,NA
"29","2026-06-11 04:31:13","Collar_29_2026-06-11 04:31:13",2026-06-11 04:32:12.5,-80.1890989526576,0.0183220422808341,5.8736504424417e-08,0.221376682428696,0.170391556020927,-77.2592438484842,0.00497109730805535,0.000909198886564826,3680.56926766266,0.0563422170014562,2.58762892670718e-07,0.202132261883791,0.172484398499553,-78.9583675500667,0.239139412602869,0.169882607912161,-77.2401056940282,TRUE,0.00490241875728563,0.000932569030947565,0.159078466515954,2026-06-11 04:31:43,2026-06-11 04:32:42,NA
"29","2026-06-11 05:31:13","Collar_29_2026-06-11 05:31:13",2026-06-11 05:32:12.5,NA,NA,NA,NA,NA,-74.7405363012423,0.0101708610016867,0.000918790822438506,3696.87592614164,0.0569366204267626,5.74080525153911e-20,0.50943955429141,0.174304087584159,-81.470981055258,0.55140156596252,0.168113346572198,-74.6718120179702,TRUE,0.0100771580455289,0.000962128192257224,0.207829395816573,2026-06-11 05:31:43,2026-06-11 05:32:42,NA
"29","2026-06-11 05:54:56","Collar_29_2026-06-11 05:54:56",2026-06-11 05:55:55.5,57.2273350869094,0.0627024865311042,6.84352194377527e-23,0.81461689176735,0.377157163795905,63.7364576020008,0.0442959848460403,0.00296827227525134,3703.50259441342,0.183941097072266,1.61104388171228e-21,0.79337409947771,0.398180200661665,37.7426822782467,0.874662053781367,0.315608398712074,63.882256090348,TRUE,0.0436419537296816,0.00300223455382508,0.427624498659697,2026-06-11 05:55:26,2026-06-11 05:56:25,NA
"29","2026-06-11 06:15:58","Collar_29_2026-06-11 06:15:58",2026-06-11 06:16:57.5,NA,NA,NA,NA,NA,-54.9863336372498,0.00898124272059739,0.00110365065752901,3693.04352806746,0.0683922140239729,3.60048927641354e-11,0.533098172918102,0.148049706874707,-60.3663128919016,0.60067084462859,0.139341428402997,-54.9116010502471,TRUE,0.0090233157132367,0.00112451149616621,0.14982045312512,2026-06-11 06:16:28,2026-06-11 06:17:27,NA
"29","2026-06-11 07:15:57","Collar_29_2026-06-11 07:15:57",2026-06-11 07:16:56.5,24.55325083671,-0.0377670390077195,1.21183409292869e-28,0.882427304751522,0.287257189533976,23.0290828240747,-0.044752747539023,0.00211435951086407,3786.50893522159,0.131024910105521,5.79174095643377e-29,0.885376364664719,0.283631694210218,22.5249614363422,0.89366597325182,0.278018556136955,23.4564811201307,TRUE,-0.0442751091942593,0.00203634469639862,0.228941692680296,2026-06-11 07:16:27,2026-06-11 07:17:26,NA
"29","2026-06-11 08:15:57","Collar_29_2026-06-11 08:15:57",2026-06-11 08:16:56.5,NA,NA,NA,NA,NA,134.877569042578,0.0176753610319341,0.00536997177996941,3743.69854615436,0.332772201758696,0.00169940490200526,0.157394293441858,0.720357245770064,108.258844577542,0.494176877619748,0.568008785671927,134.881215821476,TRUE,0.0175441645152,0.00591891582485697,0.772574310521545,2026-06-11 08:16:27,2026-06-11 08:17:26,NA
"29","2026-06-11 09:15:56","Collar_29_2026-06-11 09:15:56",2026-06-11 09:16:55.5,159.497343099839,0.141807618603738,2.61310887112211e-38,0.945363427047989,0.88440229808455,148.221373641649,0.209886833020285,0.00600156954011879,3910.75438835304,0.3719117328182,1.11728818121454e-40,0.954724290774009,0.805083207391103,146.340928812766,0.958951132193402,0.780151076144955,148.329549942828,TRUE,0.211325254130531,0.00682432845215495,0.840942383485777,2026-06-11 09:16:26,2026-06-11 09:17:25,NA
"29","2026-06-11 10:15:56","Collar_29_2026-06-11 10:15:56",2026-06-11 10:16:55.5,159.789901189277,0.181412904103814,1.89952083066954e-25,0.848572750874495,0.886561087283973,170.806187820775,0.11698648698195,0.00724439314141794,3842.18686888217,0.448928365893383,3.96919194552227e-23,0.818053973934541,0.971802330524929,154.873837714314,0.869482900620564,0.83764565288757,170.806640624139,TRUE,0.116860250281859,0.00815446027004145,1.01336436366354,2026-06-11 10:16:26,2026-06-11 10:17:25,NA
"29","2026-06-11 11:15:56","Collar_29_2026-06-11 11:15:56",2026-06-11 11:16:55.5,NA,NA,NA,NA,NA,-36.1996032169172,-0.00585794903285841,0.001290693345631,3694.47768949497,0.0799830770103924,2.90401925419002e-05,0.262076634931941,0.173140631215346,-41.2748461903595,0.365659467161823,0.163370854355918,-35.9194027753015,TRUE,-0.00521153162701395,0.0012976616152383,0.194052101637165,2026-06-11 11:16:26,2026-06-11 11:17:25,NA
"29","2026-06-11 12:15:56","Collar_29_2026-06-11 12:15:56",2026-06-11 12:16:55.5,NA,NA,NA,NA,NA,55.9736877168035,-0.0074224637703666,0.00278233445961731,3683.55572641744,0.172418702014337,0.00988374853413772,0.10929121317143,0.373237489928202,38.8589974456292,0.373526778157976,0.318558084372372,56.3967648577438,TRUE,-0.0060904863498249,0.00281927725529417,0.354254409265209,2026-06-11 12:16:26,2026-06-11 12:17:25,NA
"29","2026-06-11 13:15:56","Collar_29_2026-06-11 13:15:56",2026-06-11 13:16:55.5,NA,NA,NA,NA,NA,-11.9267329864375,-0.00463385601995117,0.00158004522461785,3686.09002170884,0.0979139462586507,0.00480355771525203,0.129141451017875,0.211955867336856,-15.3793662020982,0.230863075161903,0.202718529595536,-11.6602117173034,TRUE,-0.00472065540148546,0.00149411797949727,0.171225654301887,2026-06-11 13:16:26,2026-06-11 13:17:25,NA
"29","2026-06-11 14:15:56","Collar_29_2026-06-11 14:15:56",2026-06-11 14:16:55.5,-29.9971407516122,-0.00430533088042593,0.0247432593683409,0.0839405336812496,0.182325098421779,-29.0358188096215,0.00284383032998929,0.00137009181331384,3704.06386039666,0.0849033268719725,0.0423701223080518,0.069145190027758,0.183791573872385,-39.5874072081324,0.269611312416853,0.165684402347153,-28.9639390123895,TRUE,0.00309268520694528,0.00136195641312018,0.161211419436884,2026-06-11 14:16:26,2026-06-11 14:17:25,NA
"29","2026-06-11 15:15:56","Collar_29_2026-06-11 15:15:56",2026-06-11 15:16:55.5,32.6972794574654,0.0653576181994443,2.28934129533026e-16,0.689645829957215,0.307429210327647,46.6703911289558,0.0244342437224805,0.00257477676571998,3691.5536986809,0.159556543027244,2.08312144083522e-13,0.60825962022825,0.345394571037646,2.75445667927525,0.823732907382496,0.235788131481361,46.687739524017,TRUE,0.0243796157829513,0.00266926940878862,0.455658742135242,2026-06-11 15:16:26,2026-06-11 15:17:25,NA
"29","2026-06-11 16:15:56","Collar_29_2026-06-11 16:15:56",2026-06-11 16:16:55.5,NA,NA,NA,NA,NA,120.540090905932,-0.00780390112456615,0.00476521982310694,3704.73799071276,0.295296280385391,0.10690332623271,0.0441975098289345,0.63923252633588,93.9238050071873,0.426200598889576,0.504051388028364,121.832231941048,TRUE,-0.0131583356879578,0.00407583491138342,0.453030735484705,2026-06-11 16:16:26,2026-06-11 16:17:25,NA
"29","2026-06-11 17:15:56","Collar_29_2026-06-11 17:15:56",2026-06-11 17:16:55.5,NA,NA,NA,NA,NA,-22.466112249602,-0.00952421724655947,0.00144719226354965,3679.7234459994,0.0896811707104188,1.47548101273147e-08,0.427509862111271,0.194134247959923,-41.2055997176359,0.608101040148559,0.163465155356767,-22.449068877001,TRUE,-0.00946386672962592,0.00140687791151444,0.217051703868442,2026-06-11 17:16:26,2026-06-11 17:17:25,NA
"29","2026-06-11 18:15:56","Collar_29_2026-06-11 18:15:56",2026-06-11 18:16:55.5,-27.4561194313005,0.0310029094996705,6.19538904905805e-31,0.901949154983704,0.186227031035327,-32.1090650356138,0.0321958940479098,0.00133544873892132,3661.86833520091,0.0827565274820224,6.51153121408064e-32,0.909265552829327,0.179144363295322,-29.9273618425031,0.911974008340371,0.179573602589758,-31.8506708694386,TRUE,0.0319976179521439,0.00136721460242915,0.171535025983957,2026-06-11 18:16:26,2026-06-11 18:17:25,NA
"29","2026-06-11 19:15:56","Collar_29_2026-06-11 19:15:56",2026-06-11 19:16:55.5,NA,NA,NA,NA,NA,-6.85835998397279,-0.000644738493590337,0.00164821010043979,3656.21870062024,0.102138060786494,0.69710127820449,0.00263129657643098,0.221099874832112,-3.4248961089698,0.012004398603574,0.223953635774054,-6.77523231132125,TRUE,-0.000767748494550371,0.00172289472836802,0.24186277088143,2026-06-11 19:16:26,2026-06-11 19:17:25,NA
"29","2026-06-11 20:15:56","Collar_29_2026-06-11 20:15:56",2026-06-11 20:16:55.5,-30.7996015834945,0.0193658284437944,2.33653168093255e-14,0.636456200076306,0.181109926398675,-29.4494481660301,0.0135159001250711,0.00136537735817795,3666.61887132415,0.084611176432465,4.51522121305107e-14,0.628182797769149,0.183159151197528,-27.722697787854,0.642006493506029,0.182903257702126,-29.4439800355833,TRUE,0.013533462777575,0.00153474854304053,0.191341062401501,2026-06-11 20:16:26,2026-06-11 20:17:25,NA
"29","2026-06-11 21:15:56","Collar_29_2026-06-11 21:15:56",2026-06-11 21:16:55.5,NA,NA,NA,NA,NA,-18.9713036929024,0.00557798560650622,0.00148995916556073,3600.08762437856,0.0923313962102458,0.000418537993631369,0.194616905212305,0.199871232995438,-41.4507454515015,0.481990268348985,0.163131556345418,-18.9622642819426,TRUE,0.00556306814432122,0.00165826224637878,0.223747764592467,2026-06-11 21:16:26,2026-06-11 21:17:25,NA
"29","2026-06-11 22:15:56","Collar_29_2026-06-11 22:15:56",2026-06-11 22:16:55.5,NA,NA,NA,NA,NA,-29.0447991911224,0.000142764595166933,0.00136998928425722,3596.14649245844,0.0848969732408339,0.917363370906036,0.000187196358526962,0.183777820066618,-32.6677512704456,0.119474521623779,0.175519226146951,-28.9948072216622,TRUE,0.000184464681404197,0.00156437010930711,0.191240757988753,2026-06-11 22:16:26,2026-06-11 22:17:25,NA
"29","2026-06-11 23:15:56","Collar_29_2026-06-11 23:15:56",2026-06-11 23:16:55.5,51.1454549194927,0.160775627451677,1.477978697558e-21,0.793984793929516,0.358518278912827,66.0743205195389,0.0384658296280268,0.0030266677110983,3631.27490886307,0.187559808409249,2.08544287364482e-18,0.735784671590636,0.40601368229916,28.5335836307936,0.867786400365241,0.29229387335693,66.3787006883771,TRUE,0.0391201590187476,0.00298949469162785,0.372056706029478,2026-06-11 23:16:26,2026-06-11 23:17:25,NA
"30","2026-06-11 00:34:11","Collar_30_2026-06-11 00:34:11",2026-06-11 00:35:10.5,-39.4516290763686,-0.00692806295413324,0.0145548779647628,0.0986005480709199,0.168511491449255,-39.9710535315834,0.00328639107366674,0.00125075928961661,3640.78875439441,0.0775084003659764,0.0109868518133267,0.106370349658387,0.1677836595623,-37.4613254827877,0.128292822297276,0.168646049305913,-39.8777305975809,TRUE,0.0035464501654976,0.0012945595922402,0.178918618910484,2026-06-11 00:34:41,2026-06-11 00:35:40,NA
"30","2026-06-11 01:34:10","Collar_30_2026-06-11 01:34:10",2026-06-11 01:35:09.5,-71.0635083176427,0.0235348945143782,1.57447468996917e-22,0.55579607404602,0.176995153990121,-66.1257756072978,0.011144554646,0.000952369717721637,3660.02417917459,0.0590174736181468,1.81416532060137e-21,0.537136811016144,0.180674350065532,-67.3734436413769,0.556941881113664,0.178284069293005,-65.9607416544702,TRUE,0.0108672245064295,0.000927022424529985,0.201599442085502,2026-06-11 01:34:40,2026-06-11 01:35:39,NA
"30","2026-06-11 02:34:11","Collar_30_2026-06-11 02:34:11",2026-06-11 02:35:10.5,NA,NA,NA,NA,NA,-99.430989792237,0.0132564845189754,0.000828968032258264,3677.20258305665,0.0513703849080056,2.54654806620506e-31,0.684263788790322,0.157263778621258,-97.7603866203151,0.690333643019718,0.157081677778479,-99.2635768815627,TRUE,0.0129527986092394,0.000864390135225176,0.167584658782149,2026-06-11 02:34:41,2026-06-11 02:35:40,NA
"30","2026-06-11 03:34:12","Collar_30_2026-06-11 03:34:12",2026-06-11 03:35:11.5,NA,NA,NA,NA,NA,-76.6580758412528,0.00700593659993206,0.000911479163278875,3677.3642382113,0.056483523647719,4.96086512870907e-12,0.333633711308884,0.172916990491522,-88.8514529333752,0.417753036711346,0.163022213021291,-76.3356898841275,TRUE,0.00698806150295866,0.000954983132452915,0.155178941337132,2026-06-11 03:34:42,2026-06-11 03:35:41,NA
"30","2026-06-11 04:34:12","Collar_30_2026-06-11 04:34:12",2026-06-11 04:35:11.5,-40.1125327727011,0.0187887791920918,0.601441352361671,0.00231921948761679,0.201358067132287,-40.3689811527324,-0.00076994067821066,0.00106026408751889,3680.76722761199,0.0657035882693868,0.469167483326865,0.00444905637153657,0.20114302391783,-46.845135645498,0.0876761655636649,0.194204706280763,-40.342494333745,TRUE,-0.000598990334590569,0.00103002147921658,0.144711159215688,2026-06-11 04:34:42,2026-06-11 04:35:41,NA
"30","2026-06-11 05:34:13","Collar_30_2026-06-11 05:34:13",2026-06-11 05:35:12.5,NA,NA,NA,NA,NA,66.8144473564544,-0.0171680313983996,0.00165717713714462,3694.44460463724,0.102693739786269,2.80195686044263e-18,0.476313277235348,0.314383580898964,52.7641291054119,0.549447625246555,0.294109278215488,67.1273466942422,TRUE,-0.0174925071143288,0.00172829027579525,0.339570252330026,2026-06-11 05:34:43,2026-06-11 05:35:42,NA
"30","2026-06-11 05:57:56","Collar_30_2026-06-11 05:57:56",2026-06-11 05:58:56.090909,-32.0071333715208,-0.0299180805627767,4.75749190089451e-07,0.382968897077056,0.174481372366969,-32.8629303957322,-0.00760319395413483,0.00129931810514918,3696.51217607539,0.0814924948093331,3.11464555253661e-07,0.392495558278563,0.173129178845098,-30.1257203616067,0.406284843936179,0.174476706568162,-32.8444666217443,TRUE,-0.00775516006490728,0.00137477926223893,0.186077460488119,2026-06-11 05:58:26,2026-06-11 05:59:25,NA
"30","2026-06-11 06:18:56","Collar_30_2026-06-11 06:18:56",2026-06-11 06:19:55.5,NA,NA,NA,NA,NA,-45.3078227219188,0.00690983340927298,0.00119635295158078,3693.68650486758,0.07413688974364,3.18347355311876e-07,0.36514377011546,0.160485297219667,-46.0739440301483,0.413622835192629,0.156966171597977,-45.2211681127663,TRUE,0.00704735972437499,0.00136680174512713,0.146188730455153,2026-06-11 06:19:26,2026-06-11 06:20:25,NA
"30","2026-06-11 07:18:57","Collar_30_2026-06-11 07:18:57",2026-06-11 07:19:56.5,NA,NA,NA,NA,NA,-25.4763479672495,-0.0535361731081919,0.00141134057008648,3784.73114239227,0.0874594743106315,1.21745877211855e-42,0.961253289564234,0.189324906641658,-21.9595700565246,0.961564090773709,0.191901732487976,-25.4682895778329,TRUE,-0.0535467430726312,0.00144472252401934,0.209218268423966,2026-06-11 07:19:27,2026-06-11 07:20:26,NA
"30","2026-06-11 08:18:57","Collar_30_2026-06-11 08:18:57",2026-06-11 08:19:56.5,-1.34397766894882,0.0172171326943006,5.63356325775833e-16,0.679932465339751,0.231497183630059,1.07487391929113,0.0189692236210565,0.00176085624576187,3738.04047681764,0.109118638587346,1.83048308535993e-15,0.666765577934136,0.236210841949948,2.59458319003421,0.680260042167444,0.235474205052422,1.24598125647828,TRUE,0.0196461634416207,0.00188500051241396,0.232715003622955,2026-06-11 08:19:27,2026-06-11 08:20:26,NA
"30","2026-06-11 09:18:56","Collar_30_2026-06-11 09:18:56",2026-06-11 09:19:55.5,NA,NA,NA,NA,NA,199.12807079204,0.130147248362463,0.00917280842173887,3928.42277503604,0.56843048341497,1.62152154035592e-20,0.776329484111772,1.23049045347086,179.434424267295,0.849301681288482,1.02789337218678,199.300123590788,TRUE,0.126580379637171,0.00873522966516302,1.18026183912356,2026-06-11 09:19:26,2026-06-11 09:20:25,NA
"30","2026-06-11 10:18:56","Collar_30_2026-06-11 10:18:56",2026-06-11 10:19:55.5,NA,NA,NA,NA,NA,368.270530501796,-0.168720582746014,0.0375534029601036,3846.5049570631,2.3271497688646,3.40684700842922e-05,0.258173599721937,5.037617893364,316.593447073083,0.70670941846183,3.22361465885877,370.246805165882,TRUE,-0.161678188324697,0.0379826849616523,3.40049096879821,2026-06-11 10:19:26,2026-06-11 10:20:25,"Flux unusable, remove"
"30","2026-06-11 11:18:55","Collar_30_2026-06-11 11:18:55",2026-06-11 11:19:54.5,36.7316738880374,-0.0731676694691142,7.45077386433642e-13,0.590854116499194,0.317940673487576,45.1818932617674,-0.0205240520290601,0.00254303611619715,3693.03734174002,0.157589604231334,4.66284464875622e-11,0.52897613318095,0.341136707531825,27.1696964753237,0.673627678899583,0.288990549094332,45.8151109069586,TRUE,-0.0207463414848555,0.00262219739381089,0.303492095558639,2026-06-11 11:19:25,2026-06-11 11:20:24,NA
"30","2026-06-11 12:18:54","Collar_30_2026-06-11 12:18:54",2026-06-11 12:19:53.5,-60.2473143174087,0.0118687362573133,1.89944049418475e-06,0.326019141749821,0.141699209638373,-56.9409172557328,0.00525719657659756,0.00108581978896324,3685.07047366576,0.0672872515334741,9.93576214638991e-06,0.287835924500454,0.145657777103746,-60.3230100952036,0.37028115164507,0.139391719755984,-56.9136475219157,TRUE,0.00542880757810647,0.00112136323550015,0.16525931405866,2026-06-11 12:19:24,2026-06-11 12:20:23,NA
"30","2026-06-11 13:18:55","Collar_30_2026-06-11 13:18:55",2026-06-11 13:19:54.5,NA,NA,NA,NA,NA,91.250514878178,-0.0509013164609266,0.00373319288440601,3687.93416534347,0.231342522202373,9.65971314217948e-20,0.762205042679598,0.500790814985332,76.3863147259119,0.826356309732233,0.435516407602155,91.6936479570108,TRUE,-0.0490327349117409,0.00371752222839043,0.533435707500042,2026-06-11 13:19:25,2026-06-11 13:20:24,NA
"30","2026-06-11 14:18:56","Collar_30_2026-06-11 14:18:56",2026-06-11 14:19:55.5,NA,NA,NA,NA,NA,35.40228793485,0.00517739562350757,0.00234400727993085,3703.53861057516,0.145255970690677,0.0311548292824376,0.0775891841562192,0.314437896030356,-5.19134931632622,0.561322987734944,0.220681084750938,35.4059678158903,TRUE,0.00530345685827506,0.0023798679210882,0.381364340379684,2026-06-11 14:19:26,2026-06-11 14:20:25,NA
"30","2026-06-11 15:18:56","Collar_30_2026-06-11 15:18:56",2026-06-11 15:19:55.5,NA,NA,NA,NA,NA,-22.0505432936969,0.0182100944267781,0.00145221268639802,3689.95990864523,0.0899922816870619,3.70278570245707e-18,0.730533769526767,0.194807714809254,-27.0822272263508,0.768190708880055,0.183882068728445,-21.9773094404372,TRUE,0.0178654647472875,0.00159374345509,0.200316130846593,2026-06-11 15:19:26,2026-06-11 15:20:25,NA
"30","2026-06-11 16:18:55","Collar_30_2026-06-11 16:18:55",2026-06-11 16:19:54.5,129.142281140424,-0.119346286039318,4.07309035146602e-16,0.683465255238311,0.686738238003075,118.557650737065,-0.0593965174698488,0.00468714349576573,3702.69818859469,0.290457962342179,2.36126865129446e-18,0.734657218047892,0.62875894278128,113.939508915178,0.770159219643129,0.595544287206391,118.620092921681,TRUE,-0.0597415025984383,0.00479100839398855,0.71568360893462,2026-06-11 16:19:25,2026-06-11 16:20:24,NA
"30","2026-06-11 17:18:54","Collar_30_2026-06-11 17:18:54",2026-06-11 17:19:53.5,NA,NA,NA,NA,NA,10.2197051713967,-0.00165235679424211,0.00190029116870921,3677.88078947388,0.117759292246704,0.388142564055818,0.0128681037130572,0.254915401521969,-33.0356463615495,0.550913970512145,0.174981944650437,10.2197079231189,TRUE,-0.00165542111078397,0.0021460945753042,0.259506185631825,2026-06-11 17:19:24,2026-06-11 17:20:23,NA
"30","2026-06-11 18:18:55","Collar_30_2026-06-11 18:18:55",2026-06-11 18:19:54.5,-31.3888397514789,0.0114912015706926,9.86681397958582e-08,0.389646662525966,0.180222798876676,-29.1255561897916,0.00792513276420004,0.00136906762589514,3663.41422119152,0.0848398589216184,3.031721453765e-07,0.366183535772455,0.183654183796921,-40.6445226782352,0.51063433928665,0.164231249497169,-29.086354903793,TRUE,0.00815428111896503,0.00143151961821845,0.209258585075335,2026-06-11 18:19:25,2026-06-11 18:20:24,NA
"30","2026-06-11 19:18:56","Collar_30_2026-06-11 19:18:56",2026-06-11 19:19:55.5,NA,NA,NA,NA,NA,4.44322735384196,-0.00872984321474543,0.00181098302570841,3656.95681321989,0.112224948939312,1.07181522004053e-05,0.286041526624544,0.242935121074897,-11.7410190917126,0.489994916822093,0.208958992049449,4.46002209857983,TRUE,-0.00882061085256549,0.00193213563787897,0.217805772793107,2026-06-11 19:19:26,2026-06-11 19:20:25,NA
"30","2026-06-11 20:18:55","Collar_30_2026-06-11 20:18:55",2026-06-11 20:19:54.5,NA,NA,NA,NA,NA,-25.3083220955131,0.00672778842270488,0.00141331813535229,3667.99657109035,0.0875820222074529,1.3286575270569e-05,0.280934578992072,0.189590188011203,-27.7583378030655,0.354224396346082,0.182848943477468,-25.282607958057,TRUE,0.00654219754718604,0.00145750595451331,0.226440870812917,2026-06-11 20:19:25,2026-06-11 20:20:24,NA
"30","2026-06-11 21:18:56","Collar_30_2026-06-11 21:18:56",2026-06-11 21:19:55.5,NA,NA,NA,NA,NA,100.416424232701,-0.0254465076607591,0.00402951671379147,3601.64420940266,0.24970543679086,4.09915433392247e-08,0.407435066910311,0.540541306484817,42.7244465366224,0.788068982949512,0.328986561247631,101.504565388797,TRUE,-0.0233358438272196,0.00391182490500805,0.443060457624857,2026-06-11 21:19:26,2026-06-11 21:20:25,NA
"30","2026-06-11 22:18:54","Collar_30_2026-06-11 22:18:54",2026-06-11 22:19:53.5,NA,NA,NA,NA,NA,-27.8564577024488,-0.000424658286456347,0.00138362347402114,3597.13901835426,0.0857418714140161,0.760005382105553,0.00162147627947624,0.185606784498662,-24.9132614294021,0.019052352931166,0.18723590320442,-27.8139292971242,TRUE,-0.000574353560040386,0.00146816413104671,0.177967376905897,2026-06-11 22:19:24,2026-06-11 22:20:23,NA
"30","2026-06-11 23:18:55","Collar_30_2026-06-11 23:18:55",2026-06-11 23:19:54.5,27.5295804381113,0.0548087407108901,1.20995767799795e-29,0.891389114158346,0.294471048786887,34.9428678970306,0.0475083457587016,0.00233505040396251,3633.58584569741,0.144700921342377,4.38796156647712e-28,0.877105479394162,0.313236371931603,31.1531829893171,0.892068329146651,0.298744802747084,34.9888981989064,TRUE,0.0474081817764038,0.00256419872752638,0.299973379046732,2026-06-11 23:19:25,2026-06-11 23:20:24,NA
"31","2026-06-11 00:37:11","Collar_31_2026-06-11 00:37:11",2026-06-11 00:38:10.5,NA,NA,NA,NA,NA,-22.804618038774,0.00872654276176114,0.00144311565806975,3641.44728630622,0.0894285472261933,1.13998036083396e-07,0.386674314280318,0.193587389910026,-21.8282808989332,0.416816602753432,0.192111802523336,-22.7930700067688,TRUE,0.0086620872729597,0.00150743903140588,0.225149380979752,2026-06-11 00:37:41,2026-06-11 00:38:40,NA
"31","2026-06-11 01:37:10","Collar_31_2026-06-11 01:37:10",2026-06-11 01:38:09.5,-93.5264792670704,0.0077280697649156,2.70695843698868e-27,0.630785630096757,0.161180787918509,-86.2467398795143,0.0118404051549848,0.000875780919021289,3661.9766228106,0.0542713363537693,9.88089573911895e-26,0.607694089844818,0.166144665668816,-92.2296134082343,0.639009621450771,0.160743640206905,-86.0930699010834,TRUE,0.0116183486610617,0.000917901999235955,0.141731572511757,2026-06-11 01:37:40,2026-06-11 01:38:39,NA
"31","2026-06-11 02:37:11","Collar_31_2026-06-11 02:37:11",2026-06-11 02:38:10.5,NA,NA,NA,NA,NA,-19.1754102543202,0.00971571853110555,0.00115815076117347,3679.16228278693,0.0717695352146529,1.22361885062206e-13,0.373590585931432,0.219713134677891,-53.924825435784,0.546455958170803,0.188559589631975,-18.8856045015154,TRUE,0.00961969466616823,0.00113425716363246,0.216412928714531,2026-06-11 02:37:41,2026-06-11 02:38:40,NA
"31","2026-06-11 03:37:13","Collar_31_2026-06-11 03:37:13",2026-06-11 03:38:12.5,NA,NA,NA,NA,NA,-25.7405872281921,0.0121541632198475,0.00112689905074358,3678.50071592523,0.0698328955236824,2.72323571691571e-19,0.496429957213022,0.213784363145901,-72.1221383841404,0.669080032986107,0.174791169640515,-25.5686800667204,TRUE,0.0121165218712328,0.00114467226005837,0.239140650281386,2026-06-11 03:37:43,2026-06-11 03:38:42,NA
"31","2026-06-11 04:37:12","Collar_31_2026-06-11 04:37:12",2026-06-11 04:38:11.5,241.105117425655,-0.211453905630108,9.44383353693177e-24,0.576356433541484,0.649904195752074,239.108822340354,-0.0436678836359784,0.00339739466930527,3680.62397312793,0.210533416314231,3.51834827649854e-24,0.583345782088602,0.644520780502436,239.696505940679,0.595026880146467,0.64087619604323,240.253153375109,TRUE,-0.0415346654957489,0.00327077571650232,0.627101330928883,2026-06-11 04:37:42,2026-06-11 04:38:41,NA
"31","2026-06-11 05:37:13","Collar_31_2026-06-11 05:37:13",2026-06-11 05:38:12.5,NA,NA,NA,NA,NA,88.9442548552133,-0.0165054604571909,0.00181724781369188,3690.30219638927,0.112613172076459,2.95004435542914e-15,0.411456283473286,0.344750637842894,10.1146334685621,0.704873415671662,0.246224854483993,88.9991878886306,TRUE,-0.0168811423266087,0.00190782867740789,0.408011551612157,2026-06-11 05:37:43,2026-06-11 05:38:42,NA
"31","2026-06-11 06:00:56","Collar_31_2026-06-11 06:00:56",2026-06-11 06:01:55.5,NA,NA,NA,NA,NA,-58.5908029223538,-0.000527597415389581,0.00107099296234665,3693.53868498189,0.0663684467537733,0.624137684844716,0.00416668569879469,0.14366882587222,-59.212091158693,0.0779878347772063,0.140688152303544,-58.539930195529,TRUE,-0.000353595647069282,0.00120132671977812,0.148057615165782,2026-06-11 06:01:26,2026-06-11 06:02:25,NA
"31","2026-06-11 06:21:57","Collar_31_2026-06-11 06:21:57",2026-06-11 06:22:56.5,-21.9040327138545,0.0114797928076732,2.03577068656681e-13,0.608566862857634,0.195045704990476,-15.0873684162836,0.0132620102774272,0.00153897227726743,3695.29969746468,0.095368693567845,5.70365855277128e-12,0.561471069313096,0.20644611860049,-23.8264924605817,0.645358630516151,0.18893928958853,-14.7792099654613,TRUE,0.013432386432333,0.00140504738400371,0.185171041504567,2026-06-11 06:22:27,2026-06-11 06:23:26,NA
"31","2026-06-11 07:21:59","Collar_31_2026-06-11 07:21:59",2026-06-11 07:22:58.5,NA,NA,NA,NA,NA,-10.3663299555801,-0.0378002082681139,0.00160072528297614,3778.56293089265,0.0991954704145236,1.94089528723362e-31,0.905789266063332,0.214730002936024,-14.512880750693,0.917750420524054,0.204187599215522,-10.2391112063802,TRUE,-0.037998724958407,0.00149937595532604,0.201082262500974,2026-06-11 07:22:29,2026-06-11 07:23:28,NA
"31","2026-06-11 08:21:57","Collar_31_2026-06-11 08:21:57",2026-06-11 08:22:56.5,74.5254414585898,-0.0907555634372135,5.92178973349054e-16,0.679385530248055,0.435638541870083,87.5857909855897,-0.033873589319974,0.0036209068405515,3740.32015169944,0.224384259557564,3.46007407563953e-13,0.601418551669913,0.485728153838552,50.0813413890293,0.8004288053636,0.349786986695054,88.3236855494805,TRUE,-0.034525760349932,0.00331007899624397,0.43320503737094,2026-06-11 08:22:27,2026-06-11 08:23:26,NA
"31","2026-06-11 09:21:55","Collar_31_2026-06-11 09:21:55",2026-06-11 09:22:54.5,NA,NA,NA,NA,NA,288.258345479243,-0.041269499445723,0.0192786022732256,4010.72603246749,1.19467721398864,0.0365146490079449,0.0732241017377951,2.5861366511532,290.376695222207,0.101837554195169,2.59096492106128,289.244242583953,TRUE,-0.0318094482458243,0.0179896388907979,1.9582984828761,2026-06-11 09:22:25,2026-06-11 09:23:24,NA
"31","2026-06-11 10:21:57","Collar_31_2026-06-11 10:21:57",2026-06-11 10:22:56.5,NA,NA,NA,NA,NA,185.876546464493,0.0113535833362686,0.00821378739454742,3826.97375148552,0.509000834279421,0.172192222400936,0.0318915058636684,1.10184215249466,182.861942144404,0.138707567418247,1.05767604095865,185.974862628558,TRUE,0.00940197038387693,0.00746031671032443,0.867749183649239,2026-06-11 10:22:27,2026-06-11 10:23:26,NA
"31","2026-06-11 11:21:56","Collar_31_2026-06-11 11:21:56",2026-06-11 11:22:55.5,NA,NA,NA,NA,NA,-27.439631764135,0.00723595817154914,0.0013884379153875,3689.44668767308,0.08604021790807,2.59826166477319e-06,0.318933776171711,0.186252619870745,-23.9406040617945,0.324596690429674,0.188759706946766,-27.4247176987998,TRUE,0.0072165925786952,0.00145023443071011,0.184002340729731,2026-06-11 11:22:26,2026-06-11 11:23:25,NA
"31","2026-06-11 12:21:54","Collar_31_2026-06-11 12:21:54",2026-06-11 12:22:53.5,NA,NA,NA,NA,NA,47.9170064812011,-0.0235131622994342,0.00260166415190416,3686.5589014216,0.161222729567259,1.14898668943906e-12,0.584767351503228,0.349001391380695,-8.97028209367547,0.849486795327724,0.213839877165274,47.976275152699,TRUE,-0.0229640229513076,0.00284144314417644,0.395988550048573,2026-06-11 12:22:24,2026-06-11 12:23:23,NA
"31","2026-06-11 13:21:55","Collar_31_2026-06-11 13:21:55",2026-06-11 13:22:54.5,NA,NA,NA,NA,NA,126.011440315651,-0.0153340746786412,0.0049875172822487,3680.81595554181,0.309071849039197,0.00321252248154967,0.140135549686098,0.669052717571588,50.3638612410877,0.772006958291099,0.350611471600968,126.28565526072,TRUE,-0.0156926310542774,0.0051648779933838,0.682214239477027,2026-06-11 13:22:25,2026-06-11 13:23:24,NA
"31","2026-06-11 14:21:55","Collar_31_2026-06-11 14:21:55",2026-06-11 14:22:54.5,NA,NA,NA,NA,NA,27.6533961409682,-0.00116560498511715,0.00219742864530742,3704.48792472328,0.136172627803036,0.597831743950779,0.00482773584478328,0.294775040087625,-1.33553734830946,0.425729641182988,0.227887108980809,27.6763048627828,TRUE,-0.00127169300267929,0.00236056439652003,0.33825654429768,2026-06-11 14:22:25,2026-06-11 14:23:24,NA
"31","2026-06-11 15:21:57","Collar_31_2026-06-11 15:21:57",2026-06-11 15:22:56.5,-33.632353011844,0.00684075198383651,6.58230852760342e-08,0.397905775536822,0.176884665560567,-31.6334126287765,0.00795169140952874,0.0013407526554537,3690.12551514222,0.08308520630097,1.77224405508822e-07,0.377508716921602,0.179855859530611,-30.9703794182296,0.411184134816493,0.178019545961443,-31.4818531663904,TRUE,0.00842477504880578,0.00135321741113805,0.1716207377808,2026-06-11 15:22:27,2026-06-11 15:23:26,NA
"31","2026-06-11 16:21:56","Collar_31_2026-06-11 16:21:56",2026-06-11 16:22:55.5,101.950427284648,0.0305096886767107,0.00192968204698775,0.153965526216915,0.547495594812675,102.078086918593,0.0131819592900274,0.00408570230196354,3694.22848773911,0.253187205904223,0.00206271306305796,0.152163535697588,0.548078347125995,98.6532354388572,0.250849240853491,0.52431368647067,102.911338102878,TRUE,0.0100319409863325,0.00328267730055011,0.405040036225092,2026-06-11 16:22:26,2026-06-11 16:23:25,NA
"31","2026-06-11 17:21:55","Collar_31_2026-06-11 17:21:55",2026-06-11 17:22:54.5,NA,NA,NA,NA,NA,84.7622885334437,-0.0393504410453497,0.00353670433889713,3679.51507905333,0.219166308138595,5.1289390154886e-16,0.680958619023015,0.474432771914024,32.4551058987472,0.875180615125757,0.302003638105874,84.7796610800354,TRUE,-0.0397136105192029,0.00353395839723726,0.474936401983081,2026-06-11 17:22:25,2026-06-11 17:23:24,NA
"31","2026-06-11 18:21:55","Collar_31_2026-06-11 18:21:55",2026-06-11 18:22:54.5,NA,NA,NA,NA,NA,-20.9609677604065,0.00448460053391884,0.00146545852525627,3664.37978791205,0.0908131141125587,0.003347130782776,0.139016761835112,0.196584583736841,-21.7642616128921,0.205255929578475,0.192214320370882,-20.9446377277603,TRUE,0.00464193605716668,0.00158088607059668,0.15687748813761,2026-06-11 18:22:25,2026-06-11 18:23:24,NA
"31","2026-06-11 19:21:56","Collar_31_2026-06-11 19:21:56",2026-06-11 19:22:55.5,-29.560143396004,-0.0225113885769537,2.04888462998287e-10,0.50468677317821,0.182990272065283,-29.7250456947591,-0.0105007712835019,0.00136224516777363,3654.66120992516,0.0844170774800157,1.88953398452951e-10,0.506046209033362,0.182738982126751,-28.1494961008707,0.525607771648641,0.182253889826026,-29.3772209179549,TRUE,-0.00995756685800947,0.00133357399642527,0.17277160927906,2026-06-11 19:22:26,2026-06-11 19:23:25,NA
"31","2026-06-11 20:21:56","Collar_31_2026-06-11 20:21:56",2026-06-11 20:22:55.5,-52.9584256661263,0.009950664081028,2.04954482679949e-16,0.69081905884523,0.150572893289969,-53.4749614104952,0.0128024221966595,0.00111763878583807,3668.98024930845,0.069259045442576,1.59381946031908e-16,0.693469351180528,0.149926150549845,-49.9497644653111,0.695885473527348,0.15197739778045,-53.4122737356694,TRUE,0.0127775185612285,0.00112160521228999,0.146668511152666,2026-06-11 20:22:26,2026-06-11 20:23:25,NA
"31","2026-06-11 21:21:57","Collar_31_2026-06-11 21:21:57",2026-06-11 21:22:56.5,11.5430265521199,-0.0137181135674265,0.915627614932317,0.000195171964761413,0.257742083756267,11.4312434105717,-0.000663576079148934,0.00191957397445376,3599.33615612744,0.118954229945936,0.730827000349224,0.00205612664201998,0.257502102049647,11.8923974036476,0.0592134611681334,0.254444607460081,11.5390708376729,TRUE,-0.000446356394155823,0.00196491611058483,0.238369471088007,2026-06-11 21:22:27,2026-06-11 21:23:26,NA
"31","2026-06-11 22:21:54","Collar_31_2026-06-11 22:21:54",2026-06-11 22:22:53.5,-31.3921853757245,0.00696567630735714,0.00929004896621925,0.111000449953359,0.180217774298674,-31.2877834290048,0.00359002274863531,0.00134461991600086,3597.30460198145,0.0833248568726649,0.00982625308786396,0.109452215293925,0.180374634911671,-28.3330943022734,0.124832834902223,0.181975257312409,-31.2803952603546,TRUE,0.00357861477169509,0.00143334703086843,0.197695155194687,2026-06-11 22:22:24,2026-06-11 22:23:23,NA
"31","2026-06-11 23:21:56","Collar_31_2026-06-11 23:21:56",2026-06-11 23:22:55.5,-16.8174973176351,0.0212498222434664,3.11721098503335e-29,0.887793893308322,0.203490986320234,-21.2891127969904,0.0326432354477592,0.00146145664156462,3640.96514483655,0.090565121068681,3.57473935971877e-30,0.895852257313624,0.196047749274365,-25.655485577911,0.909407543549682,0.186081385606707,-20.9660983035679,TRUE,0.0319571086643409,0.00131515279920983,0.150749441309236,2026-06-11 23:22:26,2026-06-11 23:23:25,NA
"32","2026-06-11 00:40:11","Collar_32_2026-06-11 00:40:11",2026-06-11 00:41:10.5,37.8243692827152,0.060932067509436,4.98995949322729e-28,0.876560725624844,0.320848997273042,37.6843919674003,0.0485483335022091,0.00238901109153974,3642.28647575251,0.148044815416545,4.66279106678107e-28,0.876848368269528,0.320474952295839,39.5721863251593,0.881108305665072,0.320456988966923,37.8233938298465,TRUE,0.0481917477258918,0.0024962102924079,0.279986063829177,2026-06-11 00:40:41,2026-06-11 00:41:40,NA
"32","2026-06-11 01:40:11","Collar_32_2026-06-11 01:40:11",2026-06-11 01:41:10.5,NA,NA,NA,NA,NA,56.0514418736249,0.0442319010502059,0.00158450139233834,3663.461193227,0.098190090865087,8.20021784937733e-54,0.868489450004407,0.300596243151796,20.1382406123899,0.905700388859075,0.25672621116703,63.3195836959842,TRUE,0.0406040476191287,0.00128496910858765,0.213525045054494,2026-06-11 01:40:41,2026-06-11 01:41:40,NA
"32","2026-06-11 02:40:11","Collar_32_2026-06-11 02:40:11",2026-06-11 02:41:10.5,-12.2003319424782,0.0262366030519681,3.03226288262153e-48,0.83662050053872,0.226192314946338,-33.2571438000268,0.0297654954635093,0.00109215266634803,3678.50554068746,0.0676796941080636,9.52700839809017e-53,0.86291484801062,0.207192615948382,-31.1544190015523,0.865065206122706,0.207325656275521,-33.1451862194083,TRUE,0.0298308894508693,0.00119870805321018,0.217937802493495,2026-06-11 02:40:41,2026-06-11 02:41:40,NA
"32","2026-06-11 03:40:13","Collar_32_2026-06-11 03:40:13",2026-06-11 03:41:12.5,273.346787243748,0.0472387439225203,9.62878871640515e-24,0.576217982203904,0.743348702651144,276.490840257553,0.0491454504595019,0.00397000467443884,3686.07972164177,0.246017530563793,4.56116193542584e-23,0.564967972052901,0.753150799489209,269.331605137028,0.603599117064511,0.725104568126533,277.063228137757,TRUE,0.0466036490897098,0.00395943829762999,0.630187278355005,2026-06-11 03:40:43,2026-06-11 03:41:42,NA
"32","2026-06-11 04:40:12","Collar_32_2026-06-11 04:40:12",2026-06-11 04:41:11.5,NA,NA,NA,NA,NA,205.886719512292,-0.0181035448022882,0.00295820727849795,3673.79758269161,0.183317378500259,1.25985552114448e-08,0.240921148235088,0.561202406435567,133.014981910737,0.599982679399701,0.410891810990065,205.922752797724,TRUE,-0.0179991961070673,0.00300821674443966,0.613813845067697,2026-06-11 04:40:42,2026-06-11 04:41:41,NA
"32","2026-06-11 05:40:11","Collar_32_2026-06-11 05:40:11",2026-06-11 05:41:10.5,NA,NA,NA,NA,NA,-84.3931333858775,0.010053859942685,0.000882571078352637,3688.76222216009,0.0546921162691151,9.87866092044559e-21,0.523747256908304,0.167432828869729,-83.4800871010577,0.535842436123032,0.166711897626434,-83.6166007446919,TRUE,0.0092931869091915,0.00074727841338297,0.136098943176669,2026-06-11 05:40:41,2026-06-11 05:41:40,NA
"32","2026-06-11 06:03:56","Collar_32_2026-06-11 06:03:56",2026-06-11 06:04:55.5,NA,NA,NA,NA,NA,-3.3222289151772,0.025391860160121,0.0016975018501881,3694.24091777353,0.105192625086714,1.44470355949173e-21,0.794145806756787,0.22771213846082,-9.12845804263672,0.825184528983075,0.213558193475193,-3.32128804099667,TRUE,0.0254161890003739,0.00185676928513433,0.220309434094552,2026-06-11 06:04:26,2026-06-11 06:05:25,NA
"32","2026-06-11 06:24:56","Collar_32_2026-06-11 06:24:56",2026-06-11 06:25:55.5,NA,NA,NA,NA,NA,-52.9351357280224,0.00401777145928446,0.00112267786260554,3697.12494642759,0.0695713123853926,0.000705576162647635,0.180876290823219,0.150602119737426,-59.0565692217042,0.308028642908204,0.140870604624897,-52.7740410758923,TRUE,0.00429877747565897,0.00114884128240925,0.149506411526656,2026-06-11 06:25:26,2026-06-11 06:26:25,NA
"32","2026-06-11 07:24:58","Collar_32_2026-06-11 07:24:58",2026-06-11 07:25:57.5,NA,NA,NA,NA,NA,-0.568932739729303,-0.0465300264794582,0.00173689980914336,3773.981476065,0.10763408029049,2.36392555974829e-34,0.925224702667554,0.232997195136133,-24.0971928342378,0.952739103270679,0.188513553828443,-0.489443851529129,TRUE,-0.0468278990676149,0.00185840473964448,0.204567930188068,2026-06-11 07:25:28,2026-06-11 07:26:27,NA
"32","2026-06-11 08:24:55","Collar_32_2026-06-11 08:24:55",2026-06-11 08:25:54.5,NA,NA,NA,NA,NA,-56.9564453130535,0.00308716372871145,0.00108567929245423,3739.54943410792,0.0672785450943052,0.00615190832510649,0.12235138637318,0.145638930137241,-58.9539192199607,0.205837259723512,0.140991159244848,-56.8274038237927,TRUE,0.0027065029167844,0.00110240353839201,0.145220732853458,2026-06-11 08:25:25,2026-06-11 08:26:24,NA
"32","2026-06-11 09:24:53","Collar_32_2026-06-11 09:24:53",2026-06-11 09:25:52.5,NA,NA,NA,NA,NA,247.97134064459,0.322236938635641,0.0137807232550885,4005.46156622477,0.853978718571442,3.25631319010194e-31,0.904096160360191,1.84862123219791,138.635005313009,0.985496252028067,0.731627539853737,249.768582198237,TRUE,0.306790970978409,0.0129843772729136,1.84118554785786,2026-06-11 09:25:23,2026-06-11 09:26:22,NA
"32","2026-06-11 10:24:57","Collar_32_2026-06-11 10:24:57",2026-06-11 10:25:56.5,NA,NA,NA,NA,NA,71.8398050565669,-0.0437399235238343,0.0031756360833664,3826.76531221286,0.196791241136135,6.15242422178552e-20,0.76585703365446,0.425997110657979,69.3626251999878,0.789816933023775,0.410756969639168,71.8483264230797,TRUE,-0.0439148372940039,0.00331087196045811,0.518670982428552,2026-06-11 10:25:27,2026-06-11 10:26:26,NA
"32","2026-06-11 11:24:56","Collar_32_2026-06-11 11:24:56",2026-06-11 11:25:55.5,NA,NA,NA,NA,NA,-39.5543640237811,0.00515031190614505,0.00125510999123357,3689.86855777019,0.0777780093351837,0.000128790439631796,0.22499786366252,0.168367286360051,-36.7791644663609,0.240657866044403,0.169607477423508,-39.4771089825119,TRUE,0.00489131171641664,0.00138791515805992,0.151551011257776,2026-06-11 11:25:26,2026-06-11 11:26:25,NA
"32","2026-06-11 12:24:53","Collar_32_2026-06-11 12:24:53",2026-06-11 12:25:52.5,NA,NA,NA,NA,NA,-41.9066345630372,0.00249255711598514,0.00123074657484055,3684.34057943078,0.0762682308768105,0.0474533072256071,0.0660465594194059,0.165099045063907,-38.1952554099884,0.0705284116948346,0.167617743922665,-41.8255948366851,TRUE,0.00242663749229391,0.0012263806704099,0.138042013955196,2026-06-11 12:25:23,2026-06-11 12:26:22,NA
"32","2026-06-11 13:24:53","Collar_32_2026-06-11 13:24:53",2026-06-11 13:25:52.5,NA,NA,NA,NA,NA,9.12507820239949,0.0185463605809965,0.00188303573974894,3676.15125896548,0.116689989218182,5.43469184605793e-14,0.625821839325481,0.25260066435207,-0.0265035263129008,0.699472573122873,0.230386650238145,9.21234385139741,TRUE,0.0190457533058867,0.00152863849202513,0.184296234352365,2026-06-11 13:25:23,2026-06-11 13:26:22,NA
"32","2026-06-11 14:24:55","Collar_32_2026-06-11 14:24:55",2026-06-11 14:25:54.5,-23.5298563418208,0.0455147205857121,1.86020514016135e-21,0.792351371779324,0.192420943341429,-18.7287002745748,0.0211052968078083,0.00149297445575527,3703.48023044886,0.0925182509644407,1.91408186505324e-20,0.775052592230967,0.200275720435733,-26.6105842058455,0.815465722380722,0.184606213322777,-18.6058898385787,TRUE,0.0206312476032542,0.00163613503606085,0.200871648702637,2026-06-11 14:25:25,2026-06-11 14:26:24,NA
"32","2026-06-11 15:24:55","Collar_32_2026-06-11 15:24:55",2026-06-11 15:25:54.5,NA,NA,NA,NA,NA,156.670358093296,-0.0129804216279549,0.00643936046689872,3690.31093086979,0.399041233043501,0.0484622653710298,0.0654721185649251,0.863810865404999,65.4931081787196,0.808717008281695,0.397722986715432,156.671055237674,TRUE,-0.0129948464916426,0.00650581086068344,1.2499679296214,2026-06-11 15:25:25,2026-06-11 15:26:24,"Flux unusable, remove"
"32","2026-06-11 16:24:54","Collar_32_2026-06-11 16:24:54",2026-06-11 16:25:53.5,NA,NA,NA,NA,NA,82.8574408776321,-0.0377631531821117,0.00348100688023708,3693.62282913943,0.215714787961188,1.39269949353827e-15,0.669866541007319,0.466961211622701,62.8347478440085,0.778788606354032,0.389009103978262,84.833748778509,TRUE,-0.0417243151521426,0.00281710019932191,0.289952740592862,2026-06-11 16:25:24,2026-06-11 16:26:23,NA
"32","2026-06-11 17:24:53","Collar_32_2026-06-11 17:24:53",2026-06-11 17:25:52.5,NA,NA,NA,NA,NA,-2.46451386129209,-0.0105751314898206,0.00170967842256135,3677.51813216902,0.105947196053667,6.72729016757888e-08,0.397463944003642,0.229345570161603,-23.1628981583185,0.600781945839527,0.189987009138614,-2.44216541024578,TRUE,-0.0107007713566882,0.00176481189549441,0.223221292379652,2026-06-11 17:25:23,2026-06-11 17:26:22,NA
"32","2026-06-11 18:24:53","Collar_32_2026-06-11 18:24:53",2026-06-11 18:25:52.5,50.9668954154768,0.0262846898503107,2.99791861118634e-10,0.498247224013779,0.357985201902186,56.2930007731208,0.0192827616557278,0.00278974794967698,3664.05631902933,0.1728781091604,4.11859617304367e-09,0.451670741664449,0.374231975839814,50.6319777394258,0.533219608958578,0.351395720066538,56.3448208777932,TRUE,0.0198784795218852,0.00288568113892346,0.400704676546403,2026-06-11 18:25:23,2026-06-11 18:26:22,NA
"32","2026-06-11 19:24:56","Collar_32_2026-06-11 19:24:56",2026-06-11 19:25:55.5,-7.43254911518106,0.0401018416985443,2.94021655537927e-35,0.930404239402802,0.220044459005024,7.75066739278107,0.0451819164446025,0.00186159157310065,3652.24922633999,0.115361113975848,4.5712116854306e-32,0.910363978667486,0.249724027107491,-5.00525160005474,0.932204762681163,0.221023585642405,7.79382578924433,TRUE,0.0454414830733567,0.00192786833495476,0.232208515255085,2026-06-11 19:25:26,2026-06-11 19:26:25,NA
"32","2026-06-11 20:24:55","Collar_32_2026-06-11 20:24:55",2026-06-11 20:25:54.5,NA,NA,NA,NA,NA,115.952455815443,0.156711004371168,0.00458648243612294,3665.34561799041,0.284220089254345,4.04882961499783e-40,0.952670575202487,0.615255720296749,101.732487920187,0.96506580813393,0.537941910269698,116.16659048887,TRUE,0.154738134541109,0.00418712075327148,0.604327401843964,2026-06-11 20:25:25,2026-06-11 20:26:24,NA
"32","2026-06-11 21:24:55","Collar_32_2026-06-11 21:24:55",2026-06-11 21:25:54.5,NA,NA,NA,NA,NA,100.697208826793,0.0466698806751558,0.00403895630499101,3598.19983130449,0.250290399557125,1.11950983284972e-16,0.697154095330885,0.541807584632323,102.21190425137,0.70944224533413,0.540095360209958,101.832895352963,TRUE,0.0435089151105892,0.00321087113266181,0.425391083793389,2026-06-11 21:25:25,2026-06-11 21:26:24,NA
"32","2026-06-11 22:24:52","Collar_32_2026-06-11 22:24:52",2026-06-11 22:25:51.5,NA,NA,NA,NA,NA,106.866435942668,0.0944261204585191,0.00425203012014622,3595.20756722958,0.263494387494419,4.82961112641311e-30,0.894768220338339,0.570390466055174,108.436889223311,0.898944194151937,0.568852168875295,107.024733998338,TRUE,0.0935373597455897,0.00316419641635837,0.347697691328601,2026-06-11 22:25:22,2026-06-11 22:26:21,NA
"32","2026-06-11 23:24:55","Collar_32_2026-06-11 23:24:55",2026-06-11 23:25:54.5,NA,NA,NA,NA,NA,61.5709752045164,0.0729819171340877,0.00291518817396968,3642.976392202,0.180651524242895,8.82690413965982e-33,0.915298090352187,0.391059210354774,56.0986510946273,0.927668039970509,0.367773995671554,61.6359611069826,TRUE,0.0722544661292761,0.00327276339822349,0.39233830053216,2026-06-11 23:25:25,2026-06-11 23:26:24,NA
"38","2026-06-11 00:23:33","Collar_38_2026-06-11 00:23:33",2026-06-11 00:24:32.5,3.72931264053509,-0.00880067910118973,1.02749772327533e-09,0.476846927631376,0.241494120478876,2.96149150026448,-0.0131803840738021,0.00178875886382513,3649.53571074637,0.110847738111179,7.04356711587106e-10,0.483499072844906,0.239953851023626,6.68624555021237,0.485863059524489,0.243641665318655,3.04103804366759,TRUE,-0.0136303886778124,0.00181161320229573,0.239859335654315,2026-06-11 00:24:03,2026-06-11 00:25:02,NA
"38","2026-06-11 00:44:44","Collar_38_2026-06-11 00:44:44",2026-06-11 00:45:43.5,NA,NA,NA,NA,NA,-11.7783886029509,-0.00469785480414098,0.0015819996893828,3661.10008880191,0.0980350626387252,0.00433142670780328,0.131974726043723,0.212218049879469,-9.43400364673184,0.155599213305249,0.213015120431562,-11.7548126366476,TRUE,-0.0048528988810897,0.00183297225345238,0.174155470340759,2026-06-11 00:45:14,2026-06-11 00:46:13,NA
"38","2026-06-11 01:44:41","Collar_38_2026-06-11 01:44:41",2026-06-11 01:45:40.5,NA,NA,NA,NA,NA,34.4883367052028,-0.00934278734440519,0.00144834787074539,3669.36242276701,0.0897527826232281,2.55639262795485e-09,0.260702141235439,0.274766516980127,26.8803018839491,0.328867037722641,0.264040397638693,34.8907591914596,TRUE,-0.00921388540999181,0.00150608831747213,0.272163061041208,2026-06-11 01:45:11,2026-06-11 01:46:10,NA
"38","2026-06-11 02:44:42","Collar_38_2026-06-11 02:44:42",2026-06-11 02:45:41.5,NA,NA,NA,NA,NA,27.8118128939506,-0.00511895760258683,0.00140861176861303,3682.2673156366,0.0872903729984294,0.000414493435537064,0.100652791435235,0.267228168906569,27.5231400316113,0.132226933969165,0.264748575807373,28.3526073092853,TRUE,-0.00559437424016215,0.00134510125207415,0.283289372712901,2026-06-11 02:45:12,2026-06-11 02:46:11,NA
"38","2026-06-11 03:44:39","Collar_38_2026-06-11 03:44:39",2026-06-11 03:45:38.5,46.8064611521009,-0.00967262109415772,3.43828944070438e-14,0.386751740490828,0.289237232881921,49.6651315819602,-0.0128984803810914,0.00154289443043488,3704.10905319126,0.0956117457846251,1.4284447194825e-13,0.371967385790386,0.29270297369958,49.6087816456136,0.392841921853069,0.290267848377495,49.7149911400855,TRUE,-0.0131874135837677,0.00146789717889758,0.255926253853317,2026-06-11 03:45:09,2026-06-11 03:46:08,NA
"38","2026-06-11 04:44:40","Collar_38_2026-06-11 04:44:40",2026-06-11 04:45:39.5,33.2577123139456,-0.0532545709885855,8.19656380637078e-25,0.593450528236905,0.273361229695429,38.7285143434012,-0.0186067438688955,0.00147416380056454,3695.99136564628,0.0913525719998521,1.22647414291438e-23,0.574486940253256,0.279664064912006,36.5121514720899,0.595968592481615,0.274852563018162,39.0149599428449,TRUE,-0.0179893752341257,0.00152835541549578,0.306272853990444,2026-06-11 04:45:10,2026-06-11 04:46:09,NA
"38","2026-06-11 05:44:42","Collar_38_2026-06-11 05:44:42",2026-06-11 05:45:41.5,-19.7964408322158,-0.00953995284852531,4.93811117866915e-25,0.596907996796169,0.219145333893983,-20.595288187469,-0.0153039905494473,0.00115131918648286,3708.28561809908,0.0713461888276654,3.32690230340531e-25,0.599582492949,0.21841711455652,-18.5207435155716,0.605956105946091,0.218531701354098,-20.5587134846357,TRUE,-0.0152493237050425,0.00123440782768996,0.228728692658618,2026-06-11 05:45:12,2026-06-11 05:46:11,NA
"38","2026-06-11 06:44:41","Collar_38_2026-06-11 06:44:41",2026-06-11 06:45:40.5,NA,NA,NA,NA,NA,32.936166517919,-0.00837986517851511,0.00229632717395968,3715.74382139154,0.142301278469892,0.000565269391175111,0.186729718200809,0.308041827070825,36.1512594091461,0.197299459018243,0.31145047700587,32.9414601874011,TRUE,-0.00833737652982352,0.00264548915185986,0.32303272585992,2026-06-11 06:45:11,2026-06-11 06:46:10,NA
"38","2026-06-11 07:44:47","Collar_38_2026-06-11 07:44:47",2026-06-11 07:45:46.5,68.5171478401275,-0.0312961033015588,0.822001578360269,0.000879789344118065,0.414363560373127,68.548791782224,0.000442000666811285,0.00308972732561161,3734.82966285232,0.191467554599261,0.886742651420321,0.000352715332294016,0.41447284225221,71.0679564116494,0.0247226306536541,0.416635949739144,68.569089047286,TRUE,9.35324635960953e-06,0.00344100370890338,0.433290963768438,2026-06-11 07:45:17,2026-06-11 07:46:16,NA
"38","2026-06-11 08:44:44","Collar_38_2026-06-11 08:44:44",2026-06-11 08:45:43.5,NA,NA,NA,NA,NA,1.10984140324454,-0.00329167179845612,0.00176136942646521,3742.21028615654,0.109150439922539,0.0667012298765573,0.0567950176208103,0.236279682802971,4.80298415909457,0.0616065247774569,0.239847838537182,1.11492295161149,TRUE,-0.0034125153997752,0.00175664582046773,0.243369763383802,2026-06-11 08:45:14,2026-06-11 08:46:13,NA
"38","2026-06-11 09:44:42","Collar_38_2026-06-11 09:44:42",2026-06-11 09:45:41.5,1.00211671613772,0.0366877075393226,0.000960206488650836,0.172693610104398,0.236067668356336,2.63785831336519,0.00570347283024423,0.00178394118215476,4195.7131126435,0.110549190818473,0.00224851947597529,0.149829030441672,0.239307580979526,0.28702770662186,0.235218407444339,0.23098938238007,2.66564967593414,TRUE,0.00597180377179135,0.00156367548357424,0.178715893182147,2026-06-11 09:45:12,2026-06-11 09:46:11,NA
"38","2026-06-11 10:44:38","Collar_38_2026-06-11 10:44:38",2026-06-11 10:45:37.5,NA,NA,NA,NA,NA,7.07045723602979,-0.00248943668766468,0.00185106914490461,3737.50200326277,0.11470904879895,0.183904634398547,0.0302407680380913,0.248312491310901,-4.96189325365131,0.257634295676229,0.221103460214905,7.1198337357668,TRUE,-0.00212012962782907,0.00191960257700368,0.245289468672166,2026-06-11 10:45:08,2026-06-11 10:46:07,NA
"38","2026-06-11 11:44:36","Collar_38_2026-06-11 11:44:36",2026-06-11 11:45:35.5,NA,NA,NA,NA,NA,-5.33264420219852,-0.00091747092748324,0.00166929972088396,3698.11766608668,0.103444965127339,0.584694160844917,0.00518121916394813,0.223928951318913,-9.00753784718935,0.124630838119612,0.21377349775541,-5.17262699898362,TRUE,-0.000268483819575764,0.00157719851750816,0.212009512263102,2026-06-11 11:45:06,2026-06-11 11:46:05,NA
"38","2026-06-11 12:44:37","Collar_38_2026-06-11 12:44:37",2026-06-11 12:45:36.5,NA,NA,NA,NA,NA,16.6151040202502,0.00356966495440702,0.002004314509,3682.9458725486,0.124205522767315,0.0801507508866078,0.0518526563369105,0.268869658635049,4.87337915578487,0.270654297043879,0.239988580546201,16.6481958950388,TRUE,0.00375930446368227,0.00199791653214656,0.240912901920795,2026-06-11 12:45:07,2026-06-11 12:46:06,NA
"38","2026-06-11 13:44:38","Collar_38_2026-06-11 13:44:38",2026-06-11 13:45:37.5,-17.3486242258241,-0.0136214608821574,0.21234454036287,0.0266858170140545,0.202592313755497,-17.7222918309875,0.00210910448519019,0.00150554829294022,3668.57180255708,0.0932974400656194,0.166575371313654,0.0327285806053429,0.201962443400851,-14.4749044908516,0.0447858142226066,0.204252228452587,-17.6665664928957,TRUE,0.00186150029539478,0.00148426218421545,0.176887875538975,2026-06-11 13:45:08,2026-06-11 13:46:07,NA
"38","2026-06-11 14:44:43","Collar_38_2026-06-11 14:44:43",2026-06-11 14:45:42.5,17.064948543905,0.00992029680547275,0.511288589798861,0.00747471304898446,0.269879463044216,17.0521243992873,0.00134837507123569,0.00201162720245488,3707.61224172479,0.124658683640682,0.505332696643512,0.00768682851011215,0.269850623141411,18.6320010769423,0.0469156918235945,0.269143992321944,17.0570957057214,TRUE,0.00136875313428751,0.00214662795815499,0.258108747327784,2026-06-11 14:45:13,2026-06-11 14:46:12,NA
"38","2026-06-11 15:44:38","Collar_38_2026-06-11 15:44:38",2026-06-11 15:45:37.5,NA,NA,NA,NA,NA,3.45528011450842,0.00426871590267169,0.00179613460165324,3681.20343109144,0.111304805786248,0.0207936815028776,0.0887421663510144,0.240943272645393,2.59042516401541,0.159711769909817,0.235466045961519,4.27265234159585,TRUE,0.00332674340141648,0.00167448635946435,0.201649642572677,2026-06-11 15:45:08,2026-06-11 15:46:07,NA
"38","2026-06-11 16:44:38","Collar_38_2026-06-11 16:44:38",2026-06-11 16:45:37.5,NA,NA,NA,NA,NA,-17.1494814128939,-0.00621338781862279,0.0015127520871895,3687.58756356397,0.093743852555587,0.000127134518819859,0.225326434547485,0.202928799574987,-13.5235774965043,0.230141447418845,0.205877919441898,-16.8861541722398,TRUE,-0.0057843409947727,0.00160615644608265,0.174599565213241,2026-06-11 16:45:08,2026-06-11 16:46:07,NA
"38","2026-06-11 17:44:41","Collar_38_2026-06-11 17:44:41",2026-06-11 17:45:40.5,-9.87406571015663,-0.00840906760949872,0.00329944243096467,0.13940796908457,0.215612678011173,-9.97480141386071,-0.00495215970874068,0.00160595655944169,3676.5016052056,0.0995196477954821,0.00312917881909962,0.140851629241688,0.215431754837337,-8.02526569741123,0.169716484566449,0.215530543793823,-9.82614999772532,TRUE,-0.00442911742169236,0.00166667733556037,0.240327434782343,2026-06-11 17:45:11,2026-06-11 17:46:10,NA
"38","2026-06-11 18:44:42","Collar_38_2026-06-11 18:44:42",2026-06-11 18:45:41.5,NA,NA,NA,NA,NA,21.1257207506308,-0.00800203331919659,0.00208108748056342,3671.17156639271,0.128963073054267,0.000301838442436501,0.20313203228129,0.279168402950857,19.6483461951601,0.272656084009709,0.271433199428689,21.2936963365971,TRUE,-0.00864044352150777,0.00205976439312125,0.340331714383363,2026-06-11 18:45:12,2026-06-11 18:46:11,NA
"38","2026-06-11 19:44:42","Collar_38_2026-06-11 19:44:42",2026-06-11 19:45:41.5,NA,NA,NA,NA,NA,10.8597088048006,-0.0078391959689466,0.00191045318726201,3659.72066676765,0.118389023170196,0.0001288581555439,0.224984515073148,0.256278590007142,11.9458661286316,0.261723094374016,0.254558006294751,10.9162467943962,TRUE,-0.00764992242718213,0.00190991709017599,0.245379063462682,2026-06-11 19:45:12,2026-06-11 19:46:11,NA
"38","2026-06-11 20:44:38","Collar_38_2026-06-11 20:44:38",2026-06-11 20:45:37.5,1.67001461627039,-0.00932273730302332,3.59304101250029e-10,0.495155213002952,0.237385240804325,2.86844013391243,-0.0132090130032651,0.00178737234766342,3692.12227536257,0.110761816982576,6.47517573237237e-10,0.484970187066624,0.239767856198256,3.99300699381077,0.509070318578469,0.238234362720716,2.87442314722924,TRUE,-0.0133115612614218,0.00195516031975835,0.249741324971243,2026-06-11 20:45:08,2026-06-11 20:46:07,NA
"38","2026-06-11 21:44:42","Collar_38_2026-06-11 21:44:42",2026-06-11 21:45:41.5,NA,NA,NA,NA,NA,-22.3581421253868,-0.016344248330007,0.00144849496225117,3606.26129386065,0.0897618977482687,2.92622240667164e-16,0.687027495325946,0.194308999054928,-20.3891496477852,0.697444353230371,0.194429624105279,-22.2946070171486,TRUE,-0.0166525223236581,0.00148511072187146,0.188865478074286,2026-06-11 21:45:12,2026-06-11 21:46:11,NA
"38","2026-06-11 22:44:44","Collar_38_2026-06-11 22:44:44",2026-06-11 22:45:43.5,NA,NA,NA,NA,NA,-21.4508830595785,-0.0144927141976816,0.00145948780040703,3612.93353423243,0.090443113796805,4.02441251264925e-14,0.629641229053232,0.195783638204186,-24.5739063308107,0.671099546340766,0.187766148093082,-21.3836629197952,TRUE,-0.0148642293305761,0.00145134909493542,0.211636152372832,2026-06-11 22:45:14,2026-06-11 22:46:13,NA
"38","2026-06-11 23:44:42","Collar_38_2026-06-11 23:44:42",2026-06-11 23:45:41.5,3.43358362546768,-0.0102943326905101,0.00650791230279047,0.120804759251632,0.240899713057767,2.53122904610202,-0.0053378676491015,0.00178235671670986,3673.18498324427,0.110451002955237,0.00403286745292056,0.13392825900767,0.239095032159778,5.56203606192459,0.147805718707239,0.241369788276396,2.53342514484918,TRUE,-0.00536890221157529,0.00196121868813218,0.28229203807667,2026-06-11 23:45:12,2026-06-11 23:46:11,NA
"40","2026-06-11 00:20:33","Collar_40_2026-06-11 00:20:33",2026-06-11 00:21:32.5,NA,NA,NA,NA,NA,-35.3218632424991,-0.00933394613090719,0.00130016873344764,3636.51199615623,0.0805702580600252,1.46638679180123e-09,0.470505442474586,0.174411711315927,-32.4201586320388,0.480109629538565,0.175881743907155,-35.2424627555241,TRUE,-0.00942353061122752,0.00130802813729159,0.174718067684119,2026-06-11 00:21:03,2026-06-11 00:22:02,NA
"40","2026-06-11 00:41:44","Collar_40_2026-06-11 00:41:44",2026-06-11 00:42:43.5,NA,NA,NA,NA,NA,-14.1079430373903,-0.00925587541530477,0.00155158458151214,3666.12896128154,0.0961502664372628,1.5540009127549e-07,0.380251850003236,0.208138001746399,-10.1517452085429,0.380704123470908,0.211744841391886,-13.8754001181047,TRUE,-0.00866898301611919,0.00161411081467408,0.203878303377264,2026-06-11 00:42:14,2026-06-11 00:43:13,NA
"40","2026-06-11 01:41:42","Collar_40_2026-06-11 01:41:42",2026-06-11 01:42:41.5,NA,NA,NA,NA,NA,16.9643974582797,-0.00467538672028629,0.00134636328405704,3646.69004626465,0.0834328917842627,0.000721259045501437,0.0927193153975494,0.255418989886658,8.20433355810768,0.184241788811841,0.244272786457647,17.1188741529403,TRUE,-0.00519928655866328,0.00133652667791769,0.279339882470667,2026-06-11 01:42:12,2026-06-11 01:43:11,"Flux unusable, remove"
"40","2026-06-11 02:41:43","Collar_40_2026-06-11 02:41:43",2026-06-11 02:42:42.5,NA,NA,NA,NA,NA,-1.63520886475366,-0.01212091865685,0.00124596301149903,3685.92378292007,0.0772111794317084,8.84742857521073e-17,0.445063544586522,0.236372023510809,0.874187617247584,0.451914160306419,0.236924921340339,-1.4746487742869,TRUE,-0.0122917444581849,0.00117732679581464,0.226284912703472,2026-06-11 02:42:13,2026-06-11 02:43:12,NA
"40","2026-06-11 03:41:40","Collar_40_2026-06-11 03:41:40",2026-06-11 03:42:54.5,NA,NA,NA,NA,NA,34.8671570577613,-0.0190775984960569,0.00145063577445066,3688.14904576522,0.0898945619071072,7.09564470662002e-25,0.594437626073762,0.275200555890931,28.2760491399505,0.628698110936493,0.265580428328544,35.1512112957268,TRUE,-0.0183342626467765,0.00148320561040838,0.304390645217111,2026-06-11 03:42:25,2026-06-11 03:43:24,"Time changed"
"40","2026-06-11 04:41:41","Collar_40_2026-06-11 04:41:41",2026-06-11 04:42:40.5,34.225163443512,-0.0150355081092043,4.40042324765849e-22,0.548042495489741,0.274465385445331,34.2016292750193,-0.0173073705233712,0.00144661868673819,3686.72491957342,0.0896456266840727,4.34945821892638e-22,0.548131123832349,0.274438472953915,36.8144183510028,0.55332469227695,0.275198942872224,35.0988104491785,TRUE,-0.0185605208069083,0.00140961023245189,0.264557264861308,2026-06-11 04:42:11,2026-06-11 04:43:10,NA
"40","2026-06-11 05:41:42","Collar_40_2026-06-11 05:41:42",2026-06-11 05:42:41.5,NA,NA,NA,NA,NA,19.5111682929091,-0.0158963668560718,0.00136072635121516,3705.75427225417,0.0843229578177646,2.01948953769293e-21,0.536300833093642,0.258143811744653,21.4490195229945,0.544201228434274,0.258132177500948,19.5510702593844,TRUE,-0.0157523579019122,0.00152050444670637,0.271990335412241,2026-06-11 05:42:12,2026-06-11 05:43:11,NA
"40","2026-06-11 06:41:42","Collar_40_2026-06-11 06:41:42",2026-06-11 06:42:41.5,NA,NA,NA,NA,NA,21.0081081527411,-0.0212259233644158,0.00207904879558074,3713.85477981778,0.128836737624925,1.43179670922911e-14,0.64248875548732,0.278894922649787,23.5626621180014,0.650998560241599,0.280433148233081,21.083775012795,TRUE,-0.021452782131601,0.00231606193193778,0.2659063681116,2026-06-11 06:42:12,2026-06-11 06:43:11,NA
"40","2026-06-11 07:41:46","Collar_40_2026-06-11 07:41:46",2026-06-11 07:42:45.5,NA,NA,NA,NA,NA,59.1648376483665,-0.000863283489985138,0.00285731743560894,3740.55094698225,0.177065327925525,0.763633166972826,0.00157137167175829,0.383296114494248,63.1010684614629,0.00263195766287652,0.389873405585469,59.1813894127368,TRUE,-0.000969347018218694,0.00294621491203928,0.479721245359483,2026-06-11 07:42:16,2026-06-11 07:43:15,NA
"40","2026-06-11 08:41:43","Collar_40_2026-06-11 08:41:43",2026-06-11 08:42:42.5,NA,NA,NA,NA,NA,16.3866169889025,0.00856741092011274,0.00200050180768817,3722.43234057601,0.123969253181148,7.02985662520895e-05,0.24025025957945,0.268358202126808,16.4814004715572,0.288125132426074,0.264363447677386,16.8387441984063,TRUE,0.00763173666506252,0.00198304384064631,0.232334176295243,2026-06-11 08:42:13,2026-06-11 08:43:12,NA
"40","2026-06-11 09:41:42","Collar_40_2026-06-11 09:41:42",2026-06-11 09:42:41.5,NA,NA,NA,NA,NA,6.15550588953976,0.0147599958834623,0.00183700916213122,4208.37811756227,0.11383776462542,5.35517393416152e-11,0.526754541925763,0.246426408686781,-0.555444550055743,0.604125060482685,0.229373377130588,6.34926120815535,TRUE,0.0155466040031656,0.00196649794307851,0.224662650507004,2026-06-11 09:42:12,2026-06-11 09:43:11,NA
"40","2026-06-11 10:41:39","Collar_40_2026-06-11 10:41:39",2026-06-11 10:42:38.5,NA,NA,NA,NA,NA,-4.85067050156156,0.00281955199765839,0.00167601785807487,3740.95651646203,0.103861281897024,0.0978890099767402,0.0465247822157809,0.224830158811585,-5.68674262131453,0.120360440650423,0.219771929897894,-4.48900055320401,TRUE,0.00183528852430229,0.00163376767143124,0.167229959448106,2026-06-11 10:42:09,2026-06-11 10:43:08,NA
"40","2026-06-11 11:41:37","Collar_40_2026-06-11 11:41:37",2026-06-11 11:42:36.5,NA,NA,NA,NA,NA,-49.7446181689506,0.00382535504915305,0.00115292757696078,3692.84657218928,0.0714458593031456,0.00156999248940436,0.159527315148474,0.154659981084025,-48.7686198874048,0.200837403557603,0.15348067793501,-49.6108498286758,TRUE,0.00413260588510546,0.00117613035810962,0.140841690713558,2026-06-11 11:42:07,2026-06-11 11:43:06,NA
"40","2026-06-11 12:41:38","Collar_40_2026-06-11 12:41:38",2026-06-11 12:42:37.5,-29.2396429918423,-0.0077009120359634,2.43396694823634e-06,0.320416632502291,0.183479662449888,-27.9651704032248,-0.00698783411527152,0.00138237056293147,3680.96392462631,0.085664229668584,4.60291216326503e-06,0.305827058054141,0.185438712184927,-26.3165637073848,0.332505442323512,0.185059084659451,-27.9595089532832,TRUE,-0.00708949346980077,0.00147576592960035,0.17717608591794,2026-06-11 12:42:08,2026-06-11 12:43:07,NA
"40","2026-06-11 13:41:38","Collar_40_2026-06-11 13:41:38",2026-06-11 13:42:37.5,NA,NA,NA,NA,NA,2.03900338710889,-0.0012812658601499,0.00177506067643704,3662.12924452536,0.109998874064213,0.473308139767821,0.0089030791829825,0.238116301601908,5.24102644301908,0.0219970221770546,0.240724967603172,2.04296489109485,TRUE,-0.00118601685846895,0.00184125738530253,0.250547334693081,2026-06-11 13:42:08,2026-06-11 13:43:07,NA
"40","2026-06-11 14:41:42","Collar_40_2026-06-11 14:41:42",2026-06-11 14:42:41.5,NA,NA,NA,NA,NA,1.36771585429143,-0.00897129635539641,0.00176515859783354,3708.87243434755,0.109385251379795,4.16535543987307e-06,0.308132682111495,0.236787982876506,4.66470374862045,0.316191893882205,0.239571612240903,1.52626883555283,TRUE,-0.0096069970704565,0.00177621884130923,0.217028539557778,2026-06-11 14:42:12,2026-06-11 14:43:11,NA
"40","2026-06-11 15:41:39","Collar_40_2026-06-11 15:41:39",2026-06-11 15:42:38.5,NA,NA,NA,NA,NA,-9.52309198727018,0.00266855627274429,0.00161201316587094,3692.44983115791,0.0998949701135929,0.103241267078331,0.0451167535526517,0.216244220992627,-7.73416659635157,0.0796649076948417,0.216054018028693,-9.50504334227019,TRUE,0.00246743131027787,0.00162225515435709,0.244852225165766,2026-06-11 15:42:09,2026-06-11 15:43:08,NA
"40","2026-06-11 16:41:39","Collar_40_2026-06-11 16:41:39",2026-06-11 16:42:38.5,NA,NA,NA,NA,NA,5.32891272389037,0.00288162551755832,0.00182439881694221,3683.80257323007,0.113056313156878,0.11966177694674,0.041239888494648,0.244734788339267,8.74912703086083,0.0504598599501939,0.247866238584514,6.10126144018877,TRUE,0.00147350957547573,0.00178577734036811,0.197866788017406,2026-06-11 16:42:09,2026-06-11 16:43:08,NA
"40","2026-06-11 17:41:41","Collar_40_2026-06-11 17:41:41",2026-06-11 17:42:40.5,NA,NA,NA,NA,NA,14.5144861962663,-0.00237317573025888,0.00196953399300754,3677.16102939987,0.122050206248095,0.233118934883557,0.0244212107059543,0.264204010893613,14.8724869125904,0.0818773963713145,0.260842620568532,14.5232696645776,TRUE,-0.00254358155792004,0.00217321536137107,0.256285009410432,2026-06-11 17:42:11,2026-06-11 17:43:10,NA
"40","2026-06-11 18:41:42","Collar_40_2026-06-11 18:41:42",2026-06-11 18:42:41.5,31.2883864622648,-0.0184279712644683,6.25083568582088e-05,0.243180592231102,0.303840859383346,31.5734417762879,-0.00970532710480074,0.00227039749969499,3668.95159266185,0.140694440454815,7.22191918114344e-05,0.239576447606427,0.30456347941792,35.0890343327552,0.245690978840603,0.308705722153005,31.6593117400809,TRUE,-0.00905160291517579,0.00232910160634142,0.254242154016626,2026-06-11 18:42:12,2026-06-11 18:43:11,NA
"40","2026-06-11 19:41:41","Collar_40_2026-06-11 19:41:41",2026-06-11 19:42:40.5,NA,NA,NA,NA,NA,7.5068801906075,-0.00906308895439789,0.00185781347710449,3659.93567741394,0.115126988849197,8.71133954257713e-06,0.290939917073096,0.249217212744667,11.2294803334667,0.294210570020073,0.253042852275137,7.55486434542168,TRUE,-0.00933257679513274,0.00194137924386886,0.240973068737329,2026-06-11 19:42:11,2026-06-11 19:43:10,NA
"40","2026-06-11 20:41:39","Collar_40_2026-06-11 20:41:39",2026-06-11 20:42:38.5,NA,NA,NA,NA,NA,4.83196287995223,-0.00934844312069859,0.00181685915030693,3688.31682806751,0.112589086964721,3.31083313106238e-06,0.313406377925804,0.243723376414968,8.38422354659228,0.318510891320165,0.247113656296578,4.87547637598069,TRUE,-0.00928706672054352,0.00202752548471709,0.244387105511786,2026-06-11 20:42:09,2026-06-11 20:43:08,NA
"40","2026-06-11 21:41:42","Collar_40_2026-06-11 21:41:42",2026-06-11 21:42:41.5,NA,NA,NA,NA,NA,0.966260472216071,-0.00635474222022502,0.0017592631945934,3607.94105758998,0.109019918674734,0.000635365219056062,0.183647139324432,0.235997141394506,2.87761690468726,0.211576042218611,0.236030253371074,1.03105824524567,TRUE,-0.00610353256616088,0.00178324197609348,0.276232164777054,2026-06-11 21:42:12,2026-06-11 21:43:11,NA
"40","2026-06-11 22:41:45","Collar_40_2026-06-11 22:41:45",2026-06-11 22:42:44.5,NA,NA,NA,NA,NA,-19.8826975676103,-0.00207606495031748,0.00147868586600924,3597.5152299812,0.0916328002275208,0.165652982572027,0.0328690621211458,0.198358971227892,-16.3045091894742,0.0396443362956614,0.201161675060573,-19.794888703035,TRUE,-0.00226347634406738,0.00148888635765107,0.185423715813958,2026-06-11 22:42:15,2026-06-11 22:43:14,NA
"40","2026-06-11 23:41:42","Collar_40_2026-06-11 23:41:42",2026-06-11 23:42:41.5,NA,NA,NA,NA,NA,-24.6878552829663,-0.00849646118190584,0.00142064470189829,3672.90874680443,0.0880360427834903,1.46651156311312e-07,0.38145782417503,0.190573013529527,-28.8824904079534,0.460421581629987,0.181144024101411,-24.6519088828189,TRUE,-0.00853368526550832,0.00149227510876284,0.179081081510019,2026-06-11 23:42:12,2026-06-11 23:43:11,NA
"41","2026-06-11 00:08:28","Collar_41_2026-06-11 00:08:28",2026-06-11 00:09:27.5,NA,NA,NA,NA,NA,53.8847655079156,-0.0203851008551372,0.00273431958397015,3637.96851333295,0.169443264425284,5.03290238962344e-10,0.489351687561479,0.366796513142031,53.5489618043795,0.524951110392594,0.360042181909697,54.0223650979285,TRUE,-0.0200087021851245,0.00268279278571183,0.348679475502323,2026-06-11 00:08:58,2026-06-11 00:09:57,NA
"41","2026-06-11 00:29:40","Collar_41_2026-06-11 00:29:40",2026-06-11 00:30:39.5,-30.5187769891998,-0.0660208376388829,2.01609860984464e-24,0.835763631606135,0.181534257062076,-20.2358545407222,-0.0228179321906151,0.00147434052805034,3658.09308142749,0.0913635236392593,2.95659981950762e-22,0.805060607669201,0.197776063940428,-30.6354359796416,0.846654173033703,0.178517127385704,-20.2323938727792,TRUE,-0.0228999524794652,0.00156812186957581,0.2030763059639,2026-06-11 00:30:10,2026-06-11 00:31:09,NA
"41","2026-06-11 01:29:39","Collar_41_2026-06-11 01:29:39",2026-06-11 01:30:53.5,NA,NA,NA,NA,NA,169.861453892686,-0.0218688141894731,0.00254588457245078,3669.18197661533,0.157766120439979,4.18555466099796e-14,0.384730398137757,0.482980539920794,167.46362320529,0.416674532991071,0.474312293424247,170.035160474073,TRUE,-0.0218231178626934,0.0027956581090319,0.48217476969308,2026-06-11 01:30:24,2026-06-11 01:31:23,"Time changed"
"41","2026-06-11 02:29:39","Collar_41_2026-06-11 02:29:39",2026-06-11 02:30:38.5,188.235624588541,-0.0420771247082022,4.52407044545807e-12,0.33465740071712,0.521409336213854,189.89867857121,-0.0208783682947975,0.00276756147473177,3682.15319627174,0.171503233757083,1.03863351657608e-11,0.325372370890589,0.525034932767275,192.171811437459,0.335011120057494,0.525745226924184,189.898847569372,TRUE,-0.0209066404388619,0.00281153186661666,0.699404349425181,2026-06-11 02:30:09,2026-06-11 02:31:08,NA
"41","2026-06-11 03:29:39","Collar_41_2026-06-11 03:29:39",2026-06-11 03:30:38.5,169.842032156168,-0.0211113918145163,2.23353454220573e-14,0.391163103450964,0.482941456832235,170.732857693776,-0.022036363483623,0.00255514509695099,3675.84578791484,0.15833998660793,3.48048606618262e-14,0.386626556855698,0.484737356852505,173.617960443552,0.392298902087127,0.486632405288253,170.740652307805,TRUE,-0.0221466900638994,0.00286380531778213,0.543721777566635,2026-06-11 03:30:09,2026-06-11 03:31:08,NA
"41","2026-06-11 04:29:39","Collar_41_2026-06-11 04:29:39",2026-06-11 04:30:38.5,198.18290688364,-0.11117628447727,2.24275389227287e-25,0.602235352196188,0.543474298704433,205.616034828251,-0.0374744495525972,0.00295487273677716,3682.401461834,0.183110740023234,8.85257775178802e-24,0.576817627805878,0.560569809507127,200.825001876147,0.606711036354823,0.545046818293475,205.665500101393,TRUE,-0.0368650253272803,0.00298409289871696,0.64683112254626,2026-06-11 04:30:09,2026-06-11 04:31:08,NA
"41","2026-06-11 05:29:39","Collar_41_2026-06-11 05:29:39",2026-06-11 05:30:38.5,156.287117327612,-0.0586832337408061,8.24011943346284e-30,0.665176677260404,0.456421455478586,162.925032942961,-0.0363052557733026,0.00247335717592882,3684.28509454802,0.153271664525245,2.18507034397329e-28,0.646133769647891,0.469221345371959,159.948264083916,0.666120810030985,0.459689818900607,162.963416669669,TRUE,-0.0358592295774649,0.00259200565680801,0.574026840808663,2026-06-11 05:30:09,2026-06-11 05:31:08,NA
"41","2026-06-11 06:29:39","Collar_41_2026-06-11 06:29:39",2026-06-11 06:30:38.5,91.0824442836528,-0.0509672504785078,3.06978974979608e-21,0.788749373175903,0.500089904193572,96.3956153263475,-0.0541756037578857,0.00389673766040711,3709.89585772726,0.241477241233676,4.05149901072741e-20,0.769189256119509,0.522729601486908,94.4530917373226,0.790953644433149,0.506279529197476,96.4131525967652,TRUE,-0.0545018486579174,0.00408350786408004,0.622309556669417,2026-06-11 06:30:09,2026-06-11 06:31:08,NA
"41","2026-06-11 07:29:40","Collar_41_2026-06-11 07:29:40",2026-06-11 07:30:39.5,115.348358404981,0.0192154219293192,0.732389120494223,0.00203140633494282,0.612166216764244,115.322700409082,-0.00172483267241417,0.00456247579992154,3754.78942526646,0.282732420135607,0.706775388773305,0.00245807966662779,0.612035339437627,119.180394847082,0.00482120556907268,0.622130454858159,115.330456385489,TRUE,-0.00139641043277268,0.00574705813195722,0.599591104762555,2026-06-11 07:30:10,2026-06-11 07:31:09,NA
"41","2026-06-11 08:29:39","Collar_41_2026-06-11 08:29:39",2026-06-11 08:30:38.5,NA,NA,NA,NA,NA,112.633840514708,-9.904408995258e-05,0.00446138050756478,3720.40179636423,0.276467638046716,0.982364360684153,8.49741672557316e-06,0.598473866613118,116.594947004185,0.00065650703303642,0.608869772482963,112.633859633378,TRUE,-8.57181235046532e-05,0.00460902431076912,0.770093613039993,2026-06-11 08:30:09,2026-06-11 08:31:08,NA
"41","2026-06-11 09:29:39","Collar_41_2026-06-11 09:29:39",2026-06-11 09:30:38.5,NA,NA,NA,NA,NA,61.5337506658917,-0.00402413005755912,0.00291428400975832,4126.0519277875,0.180595494020076,0.172629164768802,0.0318276768464247,0.390937920845685,64.8759196124394,0.0423845958411589,0.395682654171582,61.5348748122833,TRUE,-0.00411894039623129,0.00319841384865629,0.497651859869872,2026-06-11 09:30:09,2026-06-11 09:31:08,NA
"41","2026-06-11 10:29:39","Collar_41_2026-06-11 10:29:39",2026-06-11 10:30:38.5,73.9297811168139,-0.0123931387144772,0.896905092609835,0.000291927005942609,0.433481461639499,73.9244343981947,-0.000480440508269626,0.00323128491514523,3728.74619938062,0.200239747950531,0.882318704476609,0.000381008999542826,0.433462147874757,77.7458043616735,0.00335261626647944,0.440478462642583,73.9292627502506,TRUE,-0.000635995147408067,0.00337780704716948,0.522482006108081,2026-06-11 10:30:09,2026-06-11 10:31:08,NA
"41","2026-06-11 11:29:39","Collar_41_2026-06-11 11:29:39",2026-06-11 11:30:38.5,NA,NA,NA,NA,NA,26.5960460468562,-0.000466994207879125,0.00217815160258132,3694.52865567222,0.134978047232745,0.830987687186468,0.000791907997626785,0.292189112642613,28.1002823965321,0.0415024595700189,0.29124034908985,26.6866080971187,TRUE,5.65606941108126e-05,0.00237098689931415,0.333571044240318,2026-06-11 11:30:09,2026-06-11 11:31:08,NA
"41","2026-06-11 12:29:39","Collar_41_2026-06-11 12:29:39",2026-06-11 12:30:38.5,NA,NA,NA,NA,NA,-0.0531779506222838,0.00126709403461856,0.0017443809944883,3699.8526834577,0.108097682450987,0.470523534402365,0.00901517189610026,0.234000762061807,3.0454542396186,0.0237912685868181,0.236360606746421,-0.00550480523417196,TRUE,0.00118098445062347,0.00179489630232076,0.246038949787943,2026-06-11 12:30:09,2026-06-11 12:31:08,NA
"41","2026-06-11 13:29:39","Collar_41_2026-06-11 13:29:39",2026-06-11 13:30:38.5,NA,NA,NA,NA,NA,-28.5467942374635,-0.000776518851961707,0.0013756866102327,3670.84453804216,0.0852500312803695,0.574618257276708,0.0054633345098945,0.184542090386112,-27.2161231756982,0.0487393068751548,0.1836770076186,-28.5086343937364,TRUE,-0.000514347657106856,0.00129671941094915,0.143234428829065,2026-06-11 13:30:09,2026-06-11 13:31:08,NA
"41","2026-06-11 14:29:39","Collar_41_2026-06-11 14:29:39",2026-06-11 14:30:38.5,-13.332862034104,-0.00744981588868719,0.32436671680044,0.0167487464547077,0.209486717835212,-13.0536836371177,-0.00132276731248146,0.00156527607530915,3685.64517089193,0.0969987156885591,0.401544578428244,0.0121630443400568,0.209974653253374,-11.8075787873041,0.0564782594503994,0.208843122129348,-13.0348337712015,TRUE,-0.00135371799621709,0.00162998110352333,0.227242059430413,2026-06-11 14:30:09,2026-06-11 14:31:08,NA
"41","2026-06-11 15:29:39","Collar_41_2026-06-11 15:29:39",2026-06-11 15:30:38.5,NA,NA,NA,NA,NA,-24.8764329602088,-0.00329943840198705,0.00141841393950674,3676.78925029149,0.087897804494156,0.023527104392839,0.0853315750561127,0.190273766919268,-22.5291128049246,0.11018199023017,0.190993088490808,-24.3714452244827,TRUE,-0.00351117271927427,0.00127249381580336,0.16722552725806,2026-06-11 15:30:09,2026-06-11 15:31:08,NA
"41","2026-06-11 16:29:39","Collar_41_2026-06-11 16:29:39",2026-06-11 16:30:38.5,NA,NA,NA,NA,NA,-46.8551637880854,0.00128326256149212,0.00118102559952653,3683.62354800607,0.0731870678638959,0.281723735457054,0.0199495392246988,0.158429202781344,-44.9193477199801,0.053092894051745,0.158483731951711,-46.668400229466,TRUE,0.00133370609824781,0.00123812696842853,0.162790424210966,2026-06-11 16:30:09,2026-06-11 16:31:08,NA
"41","2026-06-11 17:29:39","Collar_41_2026-06-11 17:29:39",2026-06-11 17:30:38.5,-18.9583153907329,-0.0179072387104951,8.98127592602597e-10,0.47922707726447,0.199892867399302,-14.8188456440567,-0.0104553127149883,0.00154241987567562,3675.09439022845,0.0955823380635859,6.89651232831898e-09,0.442029964950056,0.206908598217815,-18.0879300138306,0.505694447083589,0.198194148464555,-14.7640572931661,TRUE,-0.0102739982366221,0.00151946628991858,0.189689379604737,2026-06-11 17:30:09,2026-06-11 17:31:08,NA
"41","2026-06-11 18:29:39","Collar_41_2026-06-11 18:29:39",2026-06-11 18:30:38.5,NA,NA,NA,NA,NA,-20.7647453249778,-0.00876804676809427,0.00146785678419648,3660.2334589914,0.0909617320086336,1.50793565092362e-07,0.380878380891252,0.196906299245897,-17.840962967523,0.391884537461468,0.19860246368413,-20.7506659558539,TRUE,-0.0089158381894161,0.00151004504028575,0.221102805568453,2026-06-11 18:30:09,2026-06-11 18:31:08,NA
"41","2026-06-11 19:29:39","Collar_41_2026-06-11 19:29:39",2026-06-11 19:30:38.5,NA,NA,NA,NA,NA,-18.4693583274576,-0.0107687333896567,0.00149620453574779,3651.77280651454,0.0927184160444462,1.36590630644151e-09,0.471776922723536,0.200709020948727,-16.6061799402983,0.490257857062481,0.200656605233605,-18.0664255843549,TRUE,-0.010588727639766,0.00154461677263699,0.171771616259984,2026-06-11 19:30:09,2026-06-11 19:31:08,NA
"41","2026-06-11 20:29:39","Collar_41_2026-06-11 20:29:39",2026-06-11 20:30:38.5,NA,NA,NA,NA,NA,-31.1768855971735,-0.00402973434770101,0.00134586311897554,3688.58467285971,0.0834018970151587,0.00404056766782786,0.133876107125708,0.180541404926015,-32.6774192538837,0.209747590007563,0.175505085741818,-31.0439109304685,TRUE,-0.00412328023335389,0.00135578761610723,0.190901150147211,2026-06-11 20:30:09,2026-06-11 20:31:08,NA
"41","2026-06-11 21:29:39","Collar_41_2026-06-11 21:29:39",2026-06-11 21:30:38.5,NA,NA,NA,NA,NA,-32.9922633627904,-0.00149479204689239,0.00132565593646985,3598.67136470808,0.0821496765400268,0.264137641873131,0.0214513362105487,0.177830703467793,-31.718146882879,0.0649134174604878,0.176913684864289,-32.830329092924,TRUE,-0.0018639233207609,0.00146376674348495,0.15632697232615,2026-06-11 21:30:09,2026-06-11 21:31:08,NA
"41","2026-06-11 22:29:39","Collar_41_2026-06-11 22:29:39",2026-06-11 22:30:38.5,-10.7167011472894,-0.0123359346418942,5.01344049305834e-05,0.248658958625529,0.21410395727376,-9.82030924533287,-0.00683185443719684,0.00160802545520198,3601.9594771744,0.0996478553588677,7.89362670289356e-05,0.237349756245227,0.215709287776564,-6.83176165629694,0.250098406032609,0.217684877518284,-9.76523937205247,TRUE,-0.00704194779412227,0.0017335258305362,0.239812042018675,2026-06-11 22:30:09,2026-06-11 22:31:08,NA
"41","2026-06-11 23:29:40","Collar_41_2026-06-11 23:29:40",2026-06-11 23:30:39.5,NA,NA,NA,NA,NA,35.1802080781358,-0.00968251507170989,0.00233967331818397,3652.12090023127,0.14498739907579,0.000114555338757938,0.22796773162816,0.313856514809899,38.393039839799,0.238030234619308,0.317323528116266,35.1933557335732,TRUE,-0.00951595004234726,0.00245528394196453,0.364513862390125,2026-06-11 23:30:10,2026-06-11 23:31:09,NA
"42","2026-06-11 00:11:29","Collar_42_2026-06-11 00:11:29",2026-06-11 00:12:28.5,69.3398223200489,-0.0758097902546694,2.10826918337703e-28,0.880165879508106,0.417214039498405,66.5969528771071,-0.0643881725995553,0.00303987841231107,3642.04236171497,0.188378463387241,5.58348293015871e-29,0.885520706192255,0.407785837671712,69.2598301674298,0.888043703195806,0.410405255503722,66.6671202506354,TRUE,-0.0650105859422602,0.00327107690187443,0.4263931991228,2026-06-11 00:11:59,2026-06-11 00:12:58,NA
"42","2026-06-11 00:32:40","Collar_42_2026-06-11 00:32:40",2026-06-11 00:33:39.5,-23.5435184765225,-0.0644463303038859,2.95738670672418e-49,0.97707733514066,0.192399037248075,2.89108522485744,-0.0708490693900437,0.00178770967290197,3657.61215659072,0.110782720716699,1.05319992994792e-43,0.964387279861372,0.239813106841969,-23.6279122590322,0.978585828483818,0.189252211786149,3.09515067439298,TRUE,-0.0708953705826779,0.00182621428596241,0.204466173751275,2026-06-11 00:33:10,2026-06-11 00:34:09,NA
"42","2026-06-11 01:32:39","Collar_42_2026-06-11 01:32:39",2026-06-11 01:33:38.5,NA,NA,NA,NA,NA,234.398210828888,-0.0953843819847218,0.0033313622891828,3682.97809840676,0.206441450579386,6.02762360608576e-55,0.874174331216357,0.631993757498755,224.300788218885,0.888120897525342,0.601055617906608,234.468764624217,TRUE,-0.0946387617490753,0.00353712070948485,0.700124479087207,2026-06-11 01:33:09,2026-06-11 01:34:08,NA
"42","2026-06-11 02:32:39","Collar_42_2026-06-11 02:32:39",2026-06-11 02:33:38.5,193.456289600151,-0.126416419389841,2.14556682598606e-63,0.90948603229083,0.532875694434755,217.721006785074,-0.0956353314287743,0.00310773127373045,3686.04659168452,0.192583242670138,3.29267581144861e-58,0.889201841441639,0.58956864924562,196.80051876586,0.909979320048698,0.535983306755561,217.780032461834,TRUE,-0.0962843099171498,0.00327093438489787,0.686732769405334,2026-06-11 02:33:09,2026-06-11 02:34:08,NA
"42","2026-06-11 03:32:39","Collar_42_2026-06-11 03:32:39",2026-06-11 03:33:38.5,224.779657571595,-0.198546531202085,1.01975893384798e-62,0.907064895241988,0.607165988888994,245.229012113847,-0.107575505277504,0.00348514501617064,3678.69962759185,0.215971224430915,2.39390047238253e-58,0.889798254152479,0.661167925611012,228.337540845543,0.907406666628949,0.611250754496486,245.482117903004,TRUE,-0.10594318348365,0.00353838848085796,0.794886344274475,2026-06-11 03:33:09,2026-06-11 03:34:08,NA
"42","2026-06-11 04:32:39","Collar_42_2026-06-11 04:32:39",2026-06-11 04:33:38.5,218.044365269951,-0.0824785755089022,5.66175321002324e-65,0.914889875131556,0.590363526376557,229.65063674186,-0.11030679016006,0.00326611027162987,3683.55094197575,0.202397843193723,1.71095992550046e-62,0.906246881006396,0.619614777316517,220.075639286911,0.916274804410576,0.590566759605619,229.741121325875,TRUE,-0.109755931482073,0.00346562031455813,0.732807612213002,2026-06-11 04:33:09,2026-06-11 04:34:08,NA
"42","2026-06-11 05:32:39","Collar_42_2026-06-11 05:32:39",2026-06-11 05:33:38.5,189.723466584355,-0.11963941618804,2.42048499558339e-73,0.938591937476495,0.524651770924024,195.225322844844,-0.117267960615609,0.0028296724123057,3682.5385951344,0.175352191311548,3.62542682053608e-72,0.935710910210901,0.536818017707206,187.224493758247,0.941829227893802,0.515018546313569,195.31032232687,TRUE,-0.116607285035827,0.00299807985382591,0.644709294228444,2026-06-11 05:33:09,2026-06-11 05:34:08,NA
"42","2026-06-11 06:32:39","Collar_42_2026-06-11 06:32:39",2026-06-11 06:33:38.5,105.28779433887,-0.0813417296348768,9.46822470042408e-37,0.938171212414989,0.562935922780017,107.015654080064,-0.124372455743183,0.00425732074232343,3694.82182545935,0.26382224247443,2.18456802134039e-36,0.936364802512239,0.571100178913294,105.261531571635,0.942184049658315,0.553997003535092,107.041767705059,TRUE,-0.123812338017674,0.00458929020023714,0.682655571813202,2026-06-11 06:33:09,2026-06-11 06:34:08,NA
"42","2026-06-11 07:32:41","Collar_42_2026-06-11 07:32:41",2026-06-11 07:33:40.5,NA,NA,NA,NA,NA,141.425689939671,-0.0075020146891097,0.00567114097425337,3736.31603627785,0.351435379144023,0.191080481664137,0.0292871897731105,0.760757720892564,145.393790499729,0.0298031391899612,0.77401772126488,141.425818389669,TRUE,-0.0074894962296756,0.0057544578765585,1.05788013154656,2026-06-11 07:33:11,2026-06-11 07:34:10,NA
"42","2026-06-11 08:32:38","Collar_42_2026-06-11 08:32:38",2026-06-11 08:33:37.5,NA,NA,NA,NA,NA,119.087693467094,-0.00219365609027932,0.0047078925059105,3722.47023073662,0.291743759376708,0.642994393593582,0.0037293517702137,0.631542327948423,122.748599936425,0.00934395339370644,0.64090731216443,119.091498932946,TRUE,-0.00225022144223469,0.00471831534814219,0.777428598481534,2026-06-11 08:33:08,2026-06-11 08:34:07,NA
"42","2026-06-11 09:32:38","Collar_42_2026-06-11 09:32:38",2026-06-11 09:33:37.5,81.155303369824,-0.0165704336612697,0.0263401610933347,0.0822151510948816,0.460384364858707,81.1585743014806,-0.0078204533964279,0.00343207269823603,4144.56498683342,0.2126823818047,0.0263879901233772,0.0821651162057135,0.460396914078015,84.8606405619646,0.0867113857915962,0.467384310003328,81.1911836741071,TRUE,-0.00808903499879926,0.00374072882899698,0.53500060667264,2026-06-11 09:33:08,2026-06-11 09:34:07,NA
"42","2026-06-11 10:32:38","Collar_42_2026-06-11 10:32:38",2026-06-11 10:33:37.5,82.8525663564888,-0.058188128102043,5.56817795916795e-12,0.561829886700269,0.466942243572128,89.011184369527,-0.0287248576307399,0.00366417343695396,3767.65716956222,0.227065450658261,1.13887321531962e-10,0.514465252821626,0.491532170599791,75.3469050757476,0.638288764989843,0.431760365056882,89.0622964619831,TRUE,-0.0279947762975121,0.00383375211272617,0.515312662227016,2026-06-11 10:33:08,2026-06-11 10:34:07,NA
"42","2026-06-11 11:32:38","Collar_42_2026-06-11 11:32:38",2026-06-11 11:33:37.5,NA,NA,NA,NA,NA,42.9270210443615,-0.00166590365362315,0.00249569709438946,3691.15878224664,0.154656048681786,0.507093530077605,0.00762367573048908,0.334786393458661,44.2304805329326,0.0512360305762966,0.333141453797177,42.9612337637294,TRUE,-0.0014695446450716,0.00253995234360181,0.395832812475488,2026-06-11 11:33:08,2026-06-11 11:34:07,NA
"42","2026-06-11 12:32:38","Collar_42_2026-06-11 12:32:38",2026-06-11 12:33:37.5,7.9182126101491,-0.0104473754244974,0.0310256346925631,0.0777035835391935,0.250072937847199,7.83776506274018,-0.00415352009145295,0.00186294323263823,3674.42401349905,0.115444875071582,0.0296641380676533,0.0789393629701994,0.249905346075562,10.6000659359414,0.0977446676536775,0.251719086844158,8.01862084853677,TRUE,-0.00450128185007474,0.00201559473457029,0.239865972896571,2026-06-11 12:33:08,2026-06-11 12:34:07,NA
"42","2026-06-11 13:32:38","Collar_42_2026-06-11 13:32:38",2026-06-11 13:33:37.5,-20.4802777462435,-0.0174743487499041,7.63216712675919e-06,0.294049306627947,0.197373631765873,-18.1774739190966,-0.00688382984016004,0.00149984828855979,3665.90236058279,0.092944216047798,2.42832423475783e-05,0.266428214827306,0.201197813785538,-18.7240252830749,0.319961371375451,0.197146341686672,-18.1495964548694,TRUE,-0.00666267294771855,0.00146597275090009,0.215416267817554,2026-06-11 13:33:08,2026-06-11 13:34:07,NA
"42","2026-06-11 14:32:39","Collar_42_2026-06-11 14:32:39",2026-06-11 14:33:38.5,NA,NA,NA,NA,NA,-34.3991894080482,-0.00839957288349858,0.00131020419567245,3700.38352623568,0.0811921464045173,2.8387075586822e-08,0.414729582030701,0.175757922846359,-36.1093435815346,0.46786098737226,0.170556846493691,-34.3682379042227,TRUE,-0.00852870017011236,0.0014348810172871,0.171433536319695,2026-06-11 14:33:09,2026-06-11 14:34:08,NA
"42","2026-06-11 15:32:39","Collar_42_2026-06-11 15:32:39",2026-06-11 15:33:38.5,NA,NA,NA,NA,NA,2.51221248283407,-0.00772426519413266,0.00178207428659508,3708.04303814543,0.110433501021337,5.88868087178714e-05,0.244666069226102,0.239057145446786,6.49018308370918,0.244943344198559,0.243243915457671,2.51612043857467,TRUE,-0.00766401487037152,0.00187330893194394,0.316692574203988,2026-06-11 15:33:09,2026-06-11 15:34:08,NA
"42","2026-06-11 16:32:38","Collar_42_2026-06-11 16:32:38",2026-06-11 16:33:37.5,1.35289872450603,-0.0394229530592792,1.5764414269768e-17,0.71681934123671,0.236758747029225,11.5495550391198,-0.020588045812527,0.00192146747375478,3711.57579910625,0.119071568352402,2.25829081832437e-15,0.664363296281331,0.257756106353066,-0.878994480566977,0.744755942057938,0.22875576229131,11.6884402807919,TRUE,-0.0199691178408964,0.00194759459066058,0.260091603857041,2026-06-11 16:33:08,2026-06-11 16:34:07,NA
"42","2026-06-11 17:32:39","Collar_42_2026-06-11 17:32:39",2026-06-11 17:33:38.5,-35.2191406766509,-0.0174546415124959,2.04938106847979e-11,0.541960860515512,0.174561075390396,-33.619577504447,-0.0106561976165435,0.00131874399606947,3681.52797165126,0.0817213499640775,4.48857989794141e-11,0.529585592616628,0.176903498157643,-34.6020319531784,0.567071270881098,0.172712710627916,-33.6065569908058,TRUE,-0.0105082848631941,0.00141684270815854,0.20704903198752,2026-06-11 17:33:09,2026-06-11 17:34:08,NA
"42","2026-06-11 18:32:41","Collar_42_2026-06-11 18:32:41",2026-06-11 18:33:40.5,-13.7598559180674,-0.0176459964169601,6.65482566576604e-09,0.442702313916452,0.208742629564337,-9.37378392682983,-0.0100455287992034,0.00161402013550846,3665.77088559386,0.100019340172227,5.80819016882343e-08,0.400437188329236,0.216513446824655,-14.4779286720659,0.484846457680604,0.204247081052846,-9.34375679611028,TRUE,-0.00977629584376173,0.00173206881399024,0.223678468432331,2026-06-11 18:33:11,2026-06-11 18:34:10,NA
"42","2026-06-11 19:32:39","Collar_42_2026-06-11 19:32:39",2026-06-11 19:33:38.5,-27.1334774529172,-0.0180950347943175,3.59721015983432e-18,0.730800800895534,0.186728410239211,-21.1909579259482,-0.0171285009726385,0.00146265253966293,3657.06571529058,0.0906392297715867,6.47832693587374e-17,0.702773755503504,0.196208173555091,-23.8505255504457,0.73399879973503,0.188901453419777,-21.0604606801617,TRUE,-0.0166316415997432,0.00146060135827111,0.193809737682077,2026-06-11 19:33:09,2026-06-11 19:34:08,NA
"42","2026-06-11 20:32:39","Collar_42_2026-06-11 20:32:39",2026-06-11 20:33:38.5,-16.9684038578421,-0.0341658313919021,1.14625311946703e-18,0.74115049013769,0.20323524615163,-19.2572310353956,-0.0196510972116211,0.00148641322453932,3691.5883562995,0.0921116575134054,3.76823203527221e-19,0.750838886298531,0.199395561164652,-16.6372768224307,0.756504376980173,0.200604613680442,-19.2463137114351,TRUE,-0.0195564839376846,0.00158353438241768,0.197397781117475,2026-06-11 20:33:09,2026-06-11 20:34:08,NA
"42","2026-06-11 21:32:40","Collar_42_2026-06-11 21:32:40",2026-06-11 21:33:39.5,NA,NA,NA,NA,NA,-20.5378006697585,-0.0263721347077294,0.001470635429628,3607.47719805794,0.0911339221049771,2.47110007282345e-25,0.847196999980622,0.197279041869516,-21.6137948068993,0.859592401866331,0.192455487161373,-20.5370344552544,TRUE,-0.0263545487936473,0.00161097167108329,0.220604504676826,2026-06-11 21:33:10,2026-06-11 21:34:09,NA
"42","2026-06-11 22:32:40","Collar_42_2026-06-11 22:32:40",2026-06-11 22:33:39.5,-1.66274063256578,-0.0351784145073421,1.7381532326673e-32,0.913298822632337,0.230883060254265,8.33169768553367,-0.0421750137321087,0.00187062710591345,3598.79134242569,0.115921037616302,2.19604816904371e-30,0.89758415515485,0.250936102663525,1.18799584954557,0.91494372710358,0.232730193222746,8.36501086912804,TRUE,-0.0421692797896,0.00194686781608541,0.242516242884081,2026-06-11 22:33:10,2026-06-11 22:34:09,NA
"42","2026-06-11 23:32:41","Collar_42_2026-06-11 23:32:41",2026-06-11 23:33:40.5,60.3808431050994,-0.0570188663580734,8.46492789611274e-27,0.863935041785257,0.387199945310086,62.4056596998519,-0.0552412821429647,0.00293553604523187,3654.20735030065,0.181912463070596,2.25830468512826e-26,0.859264907188247,0.393788784568626,62.12900288473,0.868947011301434,0.386727974998293,62.4236691044797,TRUE,-0.0553058070631347,0.00332141642129861,0.439189824454275,2026-06-11 23:33:11,2026-06-11 23:34:10,NA
"43","2026-06-11 00:14:31","Collar_43_2026-06-11 00:14:31",2026-06-11 00:15:30.5,NA,NA,NA,NA,NA,24.8368201298273,-0.00126863912707748,0.00214645235629564,3643.18095753462,0.13301367415728,0.556790049575386,0.00598684254995471,0.287936803192399,28.8349040364497,0.00601858574355534,0.293028746509381,24.9007069573946,TRUE,-0.00175070107543237,0.00229974730127377,0.312152729810949,2026-06-11 00:15:01,2026-06-11 00:16:00,NA
"43","2026-06-11 00:35:41","Collar_43_2026-06-11 00:35:41",2026-06-11 00:36:40.5,NA,NA,NA,NA,NA,-15.215132629778,0.000838945149434227,0.00153733460271801,3657.70419223141,0.095267208385445,0.587355309473123,0.00510832047203027,0.206226432021822,-17.5732469061181,0.105141777453209,0.199046033873442,-15.1513816619545,TRUE,0.00119213320715268,0.00144613007379013,0.209067223794247,2026-06-11 00:36:11,2026-06-11 00:37:10,NA
"43","2026-06-11 01:35:41","Collar_43_2026-06-11 01:35:41",2026-06-11 01:36:40.5,NA,NA,NA,NA,NA,93.2103940773946,-0.00536998205695594,0.00184983925548521,3683.86961646875,0.114632833685206,0.00441297301481658,0.0666557379604403,0.350933570221083,96.8445084770577,0.0694972140760821,0.353406743072077,93.211357756679,TRUE,-0.00533848110300347,0.0018733013857768,0.471791496082451,2026-06-11 01:36:11,2026-06-11 01:37:10,NA
"43","2026-06-11 02:35:41","Collar_43_2026-06-11 02:35:41",2026-06-11 02:36:40.5,NA,NA,NA,NA,NA,120.823897526591,-0.00350496107345579,0.00207540229242765,3694.87548411761,0.128610767185471,0.0938966732308682,0.0235997651778094,0.39372520286127,124.237069539882,0.0283629340492,0.39613509868347,120.83934039553,TRUE,-0.00350602079280686,0.00226151223492046,0.455129847822125,2026-06-11 02:36:11,2026-06-11 02:37:10,NA
"43","2026-06-11 03:35:39","Collar_43_2026-06-11 03:35:39",2026-06-11 03:36:38.5,79.35910054074,-0.0174287750438652,0.00176412130424701,0.079861943411921,0.331253261687393,79.1947997271834,-0.00563183799796904,0.001744905564798,3686.14644705183,0.108130189589589,0.00161639981462211,0.081120909937352,0.331026567707139,82.3192320860074,0.0878010165910519,0.332652251755092,79.1985925502358,TRUE,-0.00555841875682877,0.00178571348012572,0.41215260928365,2026-06-11 03:36:09,2026-06-11 03:37:08,NA
"43","2026-06-11 04:35:40","Collar_43_2026-06-11 04:35:40",2026-06-11 04:36:39.5,NA,NA,NA,NA,NA,142.521461751674,-0.00529653697624117,0.00227177514561993,3684.86733063169,0.140779811903021,0.0214259742119695,0.0440364843526997,0.430979156825605,142.286273694413,0.0771870911707245,0.42707529333325,142.65865060018,TRUE,-0.00584052850284729,0.00236776888407086,0.487139034638028,2026-06-11 04:36:10,2026-06-11 04:37:09,NA
"43","2026-06-11 05:35:41","Collar_43_2026-06-11 05:35:41",2026-06-11 05:36:40.5,NA,NA,NA,NA,NA,106.481145678558,-0.00778994920959197,0.0019550065517812,3691.00853429436,0.121149954105087,0.000117414251680768,0.118594985776612,0.370884890126427,104.942501374752,0.158352002065114,0.365534723474449,106.630941412857,TRUE,-0.00781529501346978,0.00184958124652306,0.383668248760518,2026-06-11 05:36:11,2026-06-11 05:37:10,NA
"43","2026-06-11 06:35:40","Collar_43_2026-06-11 06:35:40",2026-06-11 06:36:39.5,NA,NA,NA,NA,NA,58.7722557924889,-0.00528290510519868,0.00284798495143489,3701.10463507648,0.176487002482911,0.0686865851088032,0.0560031908012444,0.382044204266174,61.7950442936869,0.0712534069196196,0.385653211804911,58.8279483074572,TRUE,-0.00462746674546913,0.00304943898780654,0.415162123338815,2026-06-11 06:36:10,2026-06-11 06:37:09,NA
"43","2026-06-11 07:35:42","Collar_43_2026-06-11 07:35:42",2026-06-11 07:36:41.5,NA,NA,NA,NA,NA,112.07115776391,0.00229670523432392,0.00444050996156941,3742.47889922837,0.275174309547544,0.606971948806156,0.00459111680064956,0.595674177965401,115.45024766883,0.0148389906814795,0.603089279975233,112.087343999417,TRUE,0.00277350014464575,0.00447425144854296,0.724058020134604,2026-06-11 07:36:12,2026-06-11 07:37:11,NA
"43","2026-06-11 08:35:39","Collar_43_2026-06-11 08:35:39",2026-06-11 08:36:38.5,NA,NA,NA,NA,NA,64.663238398655,-0.00141419410522225,0.00299128550965984,3724.33734078517,0.185367205997507,0.638150615236974,0.00383887443495272,0.401267321196749,68.1836073312062,0.0117702946365477,0.406740982390843,64.7391648577394,TRUE,-0.00214887388210907,0.00322156436836274,0.426895310728066,2026-06-11 08:36:09,2026-06-11 08:37:08,NA
"43","2026-06-11 09:35:40","Collar_43_2026-06-11 09:35:40",2026-06-11 09:36:39.5,44.9191831336524,0.121559766175356,3.65087544819832e-09,0.45390199973612,0.340390690537866,50.4505871284503,0.016563083366264,0.00265717750411658,4197.01388415425,0.164662840837795,5.60285262229838e-08,0.401163555122975,0.356448254630958,39.893111663554,0.530173290840107,0.321315159054499,50.5648201391321,TRUE,0.0158273728078472,0.00285469124055223,0.356963186818475,2026-06-11 09:36:10,2026-06-11 09:37:09,NA
"43","2026-06-11 10:35:37","Collar_43_2026-06-11 10:35:37",2026-06-11 10:36:36.5,46.9951338247484,-0.023237946539528,0.52660568038092,0.00694826923673014,0.346330539955149,47.0431747649379,-0.00154767742648043,0.00258278782461406,3777.92193121223,0.160052980963202,0.551354781225325,0.00615283185282706,0.346469218085544,50.3900175999965,0.0169131308506879,0.35068790259289,47.0769462746171,TRUE,-0.00201359834418011,0.00261902688267481,0.396324937077615,2026-06-11 10:36:07,2026-06-11 10:37:06,NA
"43","2026-06-11 11:35:37","Collar_43_2026-06-11 11:35:37",2026-06-11 11:36:36.5,NA,NA,NA,NA,NA,-0.495133455143347,-0.00430211048624289,0.0017379683207014,3681.8657558455,0.107700294966907,0.0162526688533314,0.0955510517854424,0.233140531092924,-3.15376586557217,0.19055514021895,0.224460212874911,-0.324090056143192,TRUE,-0.00407635578167919,0.00183000609654594,0.225965208779518,2026-06-11 11:36:07,2026-06-11 11:37:06,NA
"43","2026-06-11 12:35:38","Collar_43_2026-06-11 12:35:38",2026-06-11 12:36:37.5,-19.5065342645517,0.00929203641322867,0.253116860298571,0.0224561479315373,0.198981741530225,-20.097552544851,0.00204510570102308,0.00147604070958608,3672.21878439363,0.0914688823219902,0.171194198519324,0.0320379832300226,0.198004135546496,-18.5540869583312,0.0708681947274372,0.19742572879268,-19.8995547506142,TRUE,0.00260952542227476,0.00146264040030552,0.166639520991733,2026-06-11 12:36:08,2026-06-11 12:37:07,NA
"43","2026-06-11 13:35:37","Collar_43_2026-06-11 13:35:37",2026-06-11 13:36:36.5,NA,NA,NA,NA,NA,-11.4008811996905,0.00324888592588519,0.00158698433080701,3663.43698678787,0.0983439562734924,0.0451768149653712,0.0673900384974653,0.212886716813789,-8.33273433970335,0.0817624005321334,0.214979009978926,-11.3416046815838,TRUE,0.00347067793443521,0.0016169613559117,0.232834100637038,2026-06-11 13:36:07,2026-06-11 13:37:06,NA
"43","2026-06-11 14:35:39","Collar_43_2026-06-11 14:35:39",2026-06-11 14:36:38.5,NA,NA,NA,NA,NA,-16.3443034760696,-0.00692939609434632,0.00152293650513631,3703.89646563589,0.0943749715488808,2.79038327869519e-05,0.263049510564342,0.204294992836803,-16.357163078008,0.310725415289868,0.201073428219103,-16.2481423267236,TRUE,-0.00739302790530507,0.00158406087777313,0.19486149841728,2026-06-11 14:36:09,2026-06-11 14:37:08,NA
"43","2026-06-11 15:35:38","Collar_43_2026-06-11 15:35:38",2026-06-11 15:36:37.5,NA,NA,NA,NA,NA,-11.8556164905389,0.00422294462036105,0.00158098189614155,3693.27745671866,0.0979719909296545,0.00979578874903852,0.109537903157302,0.212081517553776,-8.69627147001392,0.12192709842554,0.214328721722928,-11.4797419312921,TRUE,0.00329300725437004,0.00177045246049909,0.199668690173713,2026-06-11 15:36:08,2026-06-11 15:37:07,NA
"43","2026-06-11 16:35:37","Collar_43_2026-06-11 16:35:37",2026-06-11 16:36:36.5,NA,NA,NA,NA,NA,9.11911090362263,-0.000458957994273683,0.00188294210343655,3699.82457880567,0.116684186662207,0.80828831645053,0.00102329137559832,0.252588103467422,4.22033578087971,0.138720955882156,0.23868610321499,9.24962259126081,TRUE,-0.00106788706378805,0.00203362933861476,0.249038228725693,2026-06-11 16:36:07,2026-06-11 16:37:06,NA
"43","2026-06-11 17:35:39","Collar_43_2026-06-11 17:35:39",2026-06-11 17:36:38.5,NA,NA,NA,NA,NA,-46.9256678626813,0.00984885180429613,0.00118033191068795,3680.81826047651,0.073144080605935,1.627087696901e-11,0.545542271707572,0.158336147584473,-42.9489760902218,0.545718780823406,0.161107479067033,-46.7847121557727,TRUE,0.0102017928464666,0.00122901344547119,0.155897608284366,2026-06-11 17:36:09,2026-06-11 17:37:08,NA
"43","2026-06-11 18:35:41","Collar_43_2026-06-11 18:35:41",2026-06-11 18:36:40.5,NA,NA,NA,NA,NA,-33.4920413393725,0.00338158914007258,0.00132014630405802,3676.54523631752,0.0818082496976353,0.0130434071970258,0.101630604080432,0.177091611384628,-34.3783787316709,0.171892993273679,0.173034908738397,-33.4898909694231,TRUE,0.00339835141132771,0.00139709482309636,0.15398100919843,2026-06-11 18:36:11,2026-06-11 18:37:10,NA
"43","2026-06-11 19:35:40","Collar_43_2026-06-11 19:35:40",2026-06-11 19:36:39.5,NA,NA,NA,NA,NA,-7.58150496631,0.00609745690655271,0.00163830751074143,3662.06928523731,0.101524406429998,0.000448914391976648,0.192783073991436,0.219771487545663,-6.69605537810795,0.233616065548833,0.217931193474173,-7.54401777393901,TRUE,0.0062660642398694,0.00162623577438942,0.272484447466318,2026-06-11 19:36:10,2026-06-11 19:37:09,NA
"43","2026-06-11 20:35:38","Collar_43_2026-06-11 20:35:38",2026-06-11 20:36:37.5,NA,NA,NA,NA,NA,-17.5580114900444,0.00484297972325701,0.00150761080430064,3688.59409174668,0.0934252519936297,0.00214984296684587,0.151044156306532,0.202239119901927,-14.2816462020214,0.16122155888424,0.204581438777036,-17.4333448790222,TRUE,0.00519662431930316,0.00155328180201364,0.197104121211739,2026-06-11 20:36:08,2026-06-11 20:37:07,NA
"43","2026-06-11 21:35:40","Collar_43_2026-06-11 21:35:40",2026-06-11 21:36:39.5,NA,NA,NA,NA,NA,-35.5323460103592,0.000264901359062968,0.00129789020637883,3607.2534490856,0.0804290598376649,0.838988653292988,0.000717716047030143,0.174106057291854,-32.8730767556525,0.022799556890882,0.17521916151338,-35.4753420794387,TRUE,9.67911734188517e-05,0.00132074730545684,0.204427306451396,2026-06-11 21:36:10,2026-06-11 21:37:09,NA
"43","2026-06-11 22:35:41","Collar_43_2026-06-11 22:35:41",2026-06-11 22:36:40.5,NA,NA,NA,NA,NA,-17.3874111804001,0.00595362716517785,0.00150975565248871,3597.07616985966,0.0935581662589609,0.000218960407165264,0.211428306070263,0.202526841513262,-25.8391820545548,0.359215112194287,0.185796749399202,-17.275319234936,TRUE,0.00642516490738403,0.00142927641941173,0.196976131817899,2026-06-11 22:36:11,2026-06-11 22:37:10,NA
"43","2026-06-11 23:35:41","Collar_43_2026-06-11 23:35:41",2026-06-11 23:36:40.5,21.9365777061551,-0.0101674252056566,0.0552067504625407,0.0619219335171988,0.281061170943556,21.9243235003426,0.00410593856066608,0.00209498335282077,3658.37611135401,0.129824187450377,0.0548192487361698,0.0621135039819414,0.281032470897026,25.3382530172632,0.0712300336197461,0.284613453647156,21.9803010573048,TRUE,0.00420902918184177,0.00218427011615255,0.296547804361748,2026-06-11 23:36:11,2026-06-11 23:37:10,NA
"44","2026-06-11 00:17:33","Collar_44_2026-06-11 00:17:33",2026-06-11 00:18:47.5,NA,NA,NA,NA,NA,29.4340523162784,-0.0207294352189174,0.00223027897972069,3640.59445622435,0.138208332748821,4.34622924376711e-13,0.598306304507842,0.29918176276517,30.6759265533763,0.616353680975412,0.297559013335108,29.4340528586884,TRUE,-0.0207306928680789,0.00226913579916076,0.383502096444084,2026-06-11 00:18:18,2026-06-11 00:19:17,"Time changed"
"44","2026-06-11 00:38:42","Collar_44_2026-06-11 00:38:42",2026-06-11 00:39:56.5,-12.4171274936231,-0.0180339693145041,1.31163644959793e-20,0.777951658918709,0.211091451533811,-7.68146239070085,-0.0221671825569565,0.00163694340396336,3665.21719519874,0.101439873990244,1.3085937092755e-19,0.759715686329867,0.219588498836997,-9.0739751705356,0.780369267054448,0.213655176020903,-7.6481585213475,TRUE,-0.0218796884430624,0.00164279313180148,0.218252167512476,2026-06-11 00:39:27,2026-06-11 00:40:26,"Time changed"
"44","2026-06-11 01:38:42","Collar_44_2026-06-11 01:38:42",2026-06-11 01:39:56.5,152.414802399616,-0.161923322595071,5.46959265517258e-15,0.405337939351742,0.449116348214354,151.588451053997,-0.0213381987747853,0.00235924263570258,3659.48420357023,0.146200091645586,3.62588942645881e-15,0.409418870330131,0.44757264108753,155.239391757739,0.411134272828152,0.450758470508585,151.607089166334,TRUE,-0.0216468489005521,0.00257474088007936,0.537748443432481,2026-06-11 01:39:27,2026-06-11 01:40:26,"Time changed"
"44","2026-06-11 02:38:43","Collar_44_2026-06-11 02:38:43",2026-06-11 02:39:57.5,103.483705837464,-0.0369336584504028,1.97799332250353e-28,0.646727749789832,0.36628159125279,102.028422601513,-0.0284705777295633,0.00191906968951982,3687.27923484931,0.118922979873374,9.64032394068387e-29,0.650986135969282,0.364067297009332,105.55392476798,0.652363463781561,0.366467146026184,102.051685896225,TRUE,-0.0287027742459603,0.00216095425905014,0.340093680460373,2026-06-11 02:39:28,2026-06-11 02:40:27,"Time changed"
"44","2026-06-11 03:38:40","Collar_44_2026-06-11 03:38:40",2026-06-11 03:39:54.5,134.983648458931,-0.00765058636297532,3.69094494952302e-33,0.70605187401204,0.417653513417143,130.55035281838,-0.0373425204481654,0.00216123951751699,3683.08433628344,0.133930020908998,4.14309458199446e-34,0.716713379269143,0.410009409053322,134.297864512204,0.717308807297178,0.413094049756004,130.667428026426,TRUE,-0.0379573899866156,0.00230315561505106,0.45457448280261,2026-06-11 03:39:25,2026-06-11 03:40:24,"Time changed"
"44","2026-06-11 04:38:41","Collar_44_2026-06-11 04:38:41",2026-06-11 04:39:55.5,NA,NA,NA,NA,NA,152.443896681035,-0.0380314200030842,0.00236766682267033,3688.30010543058,0.146722130747494,1.7749868126712e-31,0.68618221166802,0.449170796170484,154.765809265045,0.690540117385582,0.449869883669908,152.511576553698,TRUE,-0.0378654946172651,0.00242451659694178,0.522928886288786,2026-06-11 04:39:26,2026-06-11 04:40:25,"Time changed"
"44","2026-06-11 05:38:42","Collar_44_2026-06-11 05:38:42",2026-06-11 05:39:56.5,97.8900728625298,-0.142804937836927,4.10143990519697e-42,0.792546606031193,0.357843452959722,109.423001400686,-0.0395170389117375,0.00197911797226333,3691.56865574717,0.122644116609124,1.20567245338179e-39,0.771619192308042,0.375459075071311,101.687535418614,0.792896453044704,0.36061067695563,109.477465880097,TRUE,-0.0395342817016235,0.00218148318455229,0.406567620374753,2026-06-11 05:39:27,2026-06-11 05:40:26,"Time changed"
"44","2026-06-11 06:38:42","Collar_44_2026-06-11 06:38:42",2026-06-11 06:39:56.5,NA,NA,NA,NA,NA,79.4605078290798,-0.065501710438204,0.00338384896932682,3698.04409782406,0.209694001771495,5.47637282282393e-27,0.865957844046754,0.453927920578388,83.2933809250986,0.866330692040054,0.461319728069943,79.4724639789877,TRUE,-0.0657202777073216,0.00365153294975548,0.4992192252377,2026-06-11 06:39:27,2026-06-11 06:40:26,"Time changed"
"44","2026-06-11 07:38:44","Collar_44_2026-06-11 07:38:44",2026-06-11 07:39:58.5,NA,NA,NA,NA,NA,113.948315500055,-0.00479491312586534,0.0045105189219389,3744.29937094224,0.279512700295125,0.292164809611849,0.0191117306098249,0.605065561000057,117.56827761343,0.0253050076533483,0.613828451996111,113.948391557785,TRUE,-0.004791575753437,0.00457973065771138,0.832482621614851,2026-06-11 07:39:29,2026-06-11 07:40:28,"Time changed"
"44","2026-06-11 08:38:41","Collar_44_2026-06-11 08:38:41",2026-06-11 08:39:55.5,NA,NA,NA,NA,NA,72.0993806441045,0.00166169307571923,0.00318251283168612,3718.49589385729,0.197217386891282,0.603566681077486,0.00467839333185357,0.426919595110863,75.9986865977529,0.00634737513567904,0.434111857254708,72.128700577494,TRUE,0.00116590265410797,0.00328826445780344,0.47445314991367,2026-06-11 08:39:26,2026-06-11 08:40:25,"Time changed"
"44","2026-06-11 09:38:42","Collar_44_2026-06-11 09:38:42",2026-06-11 09:39:56.5,50.1087416757534,0.0693478933238983,0.134592958378875,0.0381834765598224,0.35543428111792,50.2766917419132,0.00387604200618543,0.00265332970185956,4219.6133665982,0.164424396078405,0.14946072887061,0.0354874191492197,0.355932089490858,53.968453140075,0.040429713387057,0.361303005860368,50.3714885541443,TRUE,0.00328619167905964,0.00279726672614739,0.390277871686287,2026-06-11 09:39:27,2026-06-11 09:40:26,"Time changed"
"44","2026-06-11 10:38:37","Collar_44_2026-06-11 10:38:37",2026-06-11 10:39:51.5,NA,NA,NA,NA,NA,35.0760488172145,-0.00099871707891326,0.00233764337726936,3761.7336019412,0.144861605508287,0.670791956967279,0.00313715411875228,0.31358420748572,36.1233731162466,0.0510065163939496,0.31137810875466,35.112487899245,TRUE,-0.00120908626605847,0.00238390228549347,0.324572315124877,2026-06-11 10:39:22,2026-06-11 10:40:21,"Time changed"
"44","2026-06-11 11:38:37","Collar_44_2026-06-11 11:38:37",2026-06-11 11:39:51.5,NA,NA,NA,NA,NA,-9.7498617182645,0.00533988292571528,0.0016089697441598,3687.48985206424,0.0997063720752427,0.00156588536030593,0.159597800772918,0.215835959837562,-7.66456838310987,0.185993128102843,0.216179362487626,-9.74052709946317,TRUE,0.00525785645509428,0.00176498929370119,0.243157242813684,2026-06-11 11:39:22,2026-06-11 11:40:21,"Time changed"
"44","2026-06-11 12:38:38","Collar_44_2026-06-11 12:38:38",2026-06-11 12:39:52.5,NA,NA,NA,NA,NA,-24.7486967473589,-0.00141146873115374,0.0014199246002635,3681.3059081786,0.0879914187488923,0.324330170283137,0.0167512555114822,0.190476415176395,-21.1459997848639,0.0232405419034561,0.193207199062748,-24.5845115748002,TRUE,-0.00165390311121994,0.00138206359281103,0.161774122436715,2026-06-11 12:39:23,2026-06-11 12:40:22,"Time changed"
"44","2026-06-11 13:38:37","Collar_44_2026-06-11 13:38:37",2026-06-11 13:39:51.5,-8.57225681687925,0.0246370165792599,9.2747498874954e-06,0.289462278942901,0.217964465703169,-8.4193516632572,0.00787339066236417,0.00162690859650582,3659.29582216893,0.100818026221076,1.00145097912271e-05,0.287649221719449,0.21824237514061,-4.68682979888817,0.290817791413941,0.221610853862341,-8.19192685619446,TRUE,0.00853875519647615,0.00167674547563171,0.213378096156763,2026-06-11 13:39:22,2026-06-11 13:40:21,"Time changed"
"44","2026-06-11 14:38:39","Collar_44_2026-06-11 14:38:39",2026-06-11 14:39:53.5,-17.4611047180555,0.00271843951003219,0.0013061603809817,0.164469210158625,0.202402505366869,-17.8296270786056,0.00517686555074612,0.00150420224170119,3701.53137825912,0.0932140265109782,0.00107886726709661,0.169585345306379,0.201781876760477,-19.4222179725505,0.243490332966677,0.196002621031282,-17.6877897517897,TRUE,0.0048768754794951,0.00146667658623092,0.160272487200916,2026-06-11 14:39:24,2026-06-11 14:40:23,"Time changed"
"44","2026-06-11 15:38:38","Collar_44_2026-06-11 15:38:38",2026-06-11 15:39:52.5,NA,NA,NA,NA,NA,2.63461370901699,0.000840005294967779,0.00178389294794588,3697.11174394715,0.110546201789005,0.63949033926348,0.00380838947599173,0.239301110580186,5.6212558318616,0.0204920818964698,0.241488933200636,2.76173390325746,TRUE,0.0012855769641901,0.001928360193931,0.251488431004122,2026-06-11 15:39:23,2026-06-11 15:40:22,"Time changed"
"44","2026-06-11 16:38:38","Collar_44_2026-06-11 16:38:38",2026-06-11 16:39:52.5,NA,NA,NA,NA,NA,5.58014999197835,0.00434009569988489,0.00182822245967425,3688.65044263112,0.113293260772772,0.0209308353130547,0.0885605603343682,0.245247712589174,2.86772100629593,0.185029973565837,0.236010789745255,5.61456048846602,TRUE,0.00465613019741909,0.00181756534459333,0.221573936091368,2026-06-11 16:39:23,2026-06-11 16:40:22,"Time changed"
"44","2026-06-11 17:38:41","Collar_44_2026-06-11 17:38:41",2026-06-11 17:39:55.5,NA,NA,NA,NA,NA,-36.2403133841088,-0.00114246180859882,0.00129025555038074,3681.60641777672,0.0799559472422451,0.379568232312373,0.013337442617217,0.173081902977357,-33.6772106137618,0.0366856304408281,0.174048923007833,-36.1943933023662,TRUE,-0.000888652538791845,0.00127896617160182,0.170676522220602,2026-06-11 17:39:26,2026-06-11 17:40:25,"Time changed"
"44","2026-06-11 18:38:42","Collar_44_2026-06-11 18:38:42",2026-06-11 18:39:56.5,NA,NA,NA,NA,NA,-14.8448767695434,0.00174780489499378,0.00154208532091928,3664.80390252725,0.095561606013691,0.261708169605862,0.0216684166014487,0.206863719221666,-16.4483805496421,0.108899758855131,0.20092064121552,-14.8371295080418,TRUE,0.00173170935598884,0.00165334362762431,0.198031533194077,2026-06-11 18:39:27,2026-06-11 18:40:26,"Time changed"
"44","2026-06-11 19:38:41","Collar_44_2026-06-11 19:38:41",2026-06-11 19:39:55.5,NA,NA,NA,NA,NA,-16.2518305870039,-0.000782982468264841,0.00152411054359369,3652.71432087488,0.0944477256299859,0.609391915315108,0.00452972091865497,0.204452484746302,-16.6637036821982,0.07510145581185,0.200560440627979,-16.2391054111583,TRUE,-0.0006723287140044,0.00171760404300435,0.20237954184293,2026-06-11 19:39:26,2026-06-11 19:40:25,"Time changed"
"44","2026-06-11 20:38:39","Collar_44_2026-06-11 20:38:39",2026-06-11 20:39:53.5,NA,NA,NA,NA,NA,-29.0587015244471,-0.00523772890454748,0.00136983057638676,3690.64994624468,0.0848871382603811,0.000323604480546719,0.201323781855261,0.183756530128955,-26.611332709563,0.221726158697256,0.184605061839394,-29.0476407672765,TRUE,-0.00528843442924578,0.00139787834247423,0.215555408752707,2026-06-11 20:39:24,2026-06-11 20:40:23,"Time changed"
"44","2026-06-11 21:38:42","Collar_44_2026-06-11 21:38:42",2026-06-11 21:39:56.5,NA,NA,NA,NA,NA,-25.5749877016191,-0.0101676655630817,0.00141018092793892,3605.09324471172,0.0873876123555775,1.29979438449122e-09,0.472663846981505,0.189169345931524,-23.4230306999012,0.488658589166234,0.189575606849775,-25.4457819907396,TRUE,-0.0101929366965527,0.00146646526593572,0.174246839280386,2026-06-11 21:39:27,2026-06-11 21:40:26,"Time changed"
"44","2026-06-11 22:38:43","Collar_44_2026-06-11 22:38:43",2026-06-11 22:39:57.5,NA,NA,NA,NA,NA,-22.8955807343039,-0.0141810514204137,0.00144202215848557,3594.7551768734,0.0893607840648288,5.74758729153872e-14,0.625105905305598,0.193440701923388,-21.1652741951907,0.639022601771551,0.193176168597932,-22.872381634855,TRUE,-0.0140856609982012,0.00151333115801128,0.234598493990456,2026-06-11 22:39:28,2026-06-11 22:40:27,"Time changed"
"44","2026-06-11 23:38:42","Collar_44_2026-06-11 23:38:42",2026-06-11 23:39:56.5,33.6106299652477,-0.0196908394458649,1.21686241999015e-14,0.64447040126975,0.309778059711259,28.8901459330389,-0.0241674971101666,0.00222019299650335,3667.98686933374,0.137583313664986,1.21877161498014e-15,0.671369581489284,0.29782877407379,31.8571533035168,0.6769790352316,0.300502515718897,28.9323951136308,TRUE,-0.0242077965784562,0.00237411541971536,0.305381119004314,2026-06-11 23:39:27,2026-06-11 23:40:26,"Time changed"
"45","2026-06-11 00:26:36","Collar_45_2026-06-11 00:26:36",2026-06-11 00:27:50.5,NA,NA,NA,NA,NA,5.38240721841126,-0.033764254313226,0.00182521229235161,3656.52246410663,0.113106723478227,5.30057222730378e-26,0.855074618190523,0.244843912358802,7.09561474263324,0.860494253519127,0.244474246246732,5.40759200854743,TRUE,-0.0339811212483574,0.00190726527879963,0.297455009068866,2026-06-11 00:27:21,2026-06-11 00:28:20,"Time changed"
"45","2026-06-11 00:47:46","Collar_45_2026-06-11 00:47:46",2026-06-11 00:49:00.5,-24.2036508737137,-0.0480594997217536,1.05879223451011e-32,0.914765930742373,0.191343536139572,-12.567626908331,-0.0352311106465945,0.00157162904095394,3667.83370539788,0.0973924031141055,2.96163231666019e-30,0.89652449059708,0.210826874647054,-21.5612301111388,0.916672809939816,0.1925398086625,-12.3748459741725,TRUE,-0.0346885022867042,0.00176831662740209,0.19414792443586,2026-06-11 00:48:31,2026-06-11 00:49:30,"Time changed"
"45","2026-06-11 01:47:42","Collar_45_2026-06-11 01:47:42",2026-06-11 01:48:56.5,-15.2810078156757,-0.0642481431754339,1.05860757990469e-55,0.877825458224596,0.223307431590288,-2.31917599615046,-0.0340010268114174,0.00124241724243196,3664.44806601357,0.0769914513907195,6.24970367284527e-53,0.863889649460695,0.235699354577982,-12.1857126824573,0.878743093943016,0.224376860718744,-2.20692168275432,TRUE,-0.0338925935471496,0.00127888457974538,0.266645477527826,2026-06-11 01:48:27,2026-06-11 01:49:26,"Time changed"
"45","2026-06-11 02:47:42","Collar_45_2026-06-11 02:47:42",2026-06-11 02:48:56.5,2.13980796929898,-0.027578573049021,1.14574261499439e-52,0.862486046531705,0.240119369227381,4.983067918279,-0.0343675221147292,0.00128080000600897,3688.13977040046,0.0793699958726013,4.64535308750765e-52,0.859188907210663,0.242980960380807,2.48399084586143,0.866612256822425,0.238519440087238,5.01632210619556,TRUE,-0.0345888392137877,0.00123966823672775,0.242166684368813,2026-06-11 02:48:27,2026-06-11 02:49:26,"Time changed"
"45","2026-06-11 03:47:39","Collar_45_2026-06-11 03:47:39",2026-06-11 03:48:53.5,0.289026850380289,-0.0373981252072175,6.84366317745427e-62,0.904019932202051,0.238274789044565,13.4343226409251,-0.041614156751677,0.00132670503191143,3677.41398940324,0.0822146880176011,4.41382275550398e-59,0.892908385929412,0.251689616867185,-7.91310657966622,0.913299808066025,0.228407103293699,13.9202549886048,TRUE,-0.040705796011887,0.001302531359762,0.221372517580145,2026-06-11 03:48:24,2026-06-11 03:49:23,"Time changed"
"45","2026-06-11 04:47:42","Collar_45_2026-06-11 04:47:42",2026-06-11 04:48:56.5,NA,NA,NA,NA,NA,69.2047181067844,-0.0389150012790467,0.00167376419092857,3685.12342842573,0.103721624221149,7.09579482290399e-46,0.820821743657473,0.317530315939097,71.9735370687086,0.822650685881886,0.318617267077402,69.2923974898193,TRUE,-0.038781035985333,0.00174110537819911,0.365788821814323,2026-06-11 04:48:27,2026-06-11 04:49:26,"Time changed"
"45","2026-06-11 05:47:44","Collar_45_2026-06-11 05:47:44",2026-06-11 05:48:58.5,1.10665583600366,-0.0491632533674348,7.01328982961194e-57,0.883312768161316,0.239087924907245,-4.00170489653314,-0.0377698741046038,0.00123373768998933,3698.60513876808,0.0764535875257013,5.67509596345781e-58,0.888175860926826,0.234052754032783,-2.78728274454223,0.890741754842222,0.233337797152617,-3.27417434309498,TRUE,-0.0385330743619375,0.00124074712178428,0.247178248051664,2026-06-11 05:48:29,2026-06-11 05:49:28,"Time changed"
"45","2026-06-11 06:47:41","Collar_45_2026-06-11 06:47:41",2026-06-11 06:48:55.5,NA,NA,NA,NA,NA,44.4543887106526,-3.86603062913179e-05,0.00252766550283691,3696.57655412633,0.156637101488331,0.987849429757927,4.03331028412975e-06,0.339074809786426,46.6265624146669,0.0300083394739097,0.339860260628721,44.4639633148369,TRUE,-0.00016760253236,0.00276872877444799,0.304598107591914,2026-06-11 06:48:26,2026-06-11 06:49:25,"Time changed"
"45","2026-06-11 07:47:47","Collar_45_2026-06-11 07:47:47",2026-06-11 07:49:01.5,60.2110479978514,-0.0335881858951083,0.20903893074717,0.0270699695759262,0.386652460600365,60.1215034362946,0.00375837085524305,0.00288018762614988,3708.44435485649,0.178482572554135,0.197078898683059,0.0285208965014735,0.386364046346286,60.7371526572181,0.0818012111689132,0.382268326340886,60.1664214994385,TRUE,0.00318727855431384,0.00307131480990601,0.43708149279219,2026-06-11 07:48:32,2026-06-11 07:49:31,"Time changed"
"45","2026-06-11 08:47:45","Collar_45_2026-06-11 08:47:45",2026-06-11 08:48:59.5,NA,NA,NA,NA,NA,27.1741471868749,-0.000459913125379662,0.00218867018496153,3826.67278263104,0.135629874087981,0.834299849584822,0.000760733362211623,0.293600132540534,28.6729318325012,0.041559644586273,0.292633492387708,27.3272064802911,TRUE,8.63341159595798e-05,0.00220722945132095,0.265364641044805,2026-06-11 08:48:30,2026-06-11 08:49:29,"Time changed"
"45","2026-06-11 09:47:42","Collar_45_2026-06-11 09:47:42",2026-06-11 09:48:56.5,-15.0481021789267,0.0142599335284337,4.24710429147091e-06,0.307684599384577,0.206513682673119,-12.8853827128812,0.00748636254080123,0.00156747292725126,4032.85761405804,0.0971348525785966,1.25599751774586e-05,0.282274662578946,0.210269350931355,-12.5681098316229,0.325003050138275,0.207523710287941,-12.8776342701991,TRUE,0.00744753857391108,0.00167306267731818,0.230877101232119,2026-06-11 09:48:27,2026-06-11 09:49:26,"Time changed"
"45","2026-06-11 10:47:38","Collar_45_2026-06-11 10:47:38",2026-06-11 10:48:52.5,NA,NA,NA,NA,NA,-8.02997039071382,0.0107737587524079,0.00163219623514427,3773.21380949225,0.10114569631394,1.36823699052078e-08,0.428966480634355,0.2189516877706,-5.91897241068056,0.446664480349179,0.219347027934322,-7.86228765940015,TRUE,0.0109745846860082,0.00168981691165346,0.212589016715002,2026-06-11 10:48:23,2026-06-11 10:49:22,"Time changed"
"45","2026-06-11 11:47:37","Collar_45_2026-06-11 11:47:37",2026-06-11 11:48:51.5,-28.2741623328625,0.0161904420217682,0.0762509070998561,0.053190699382396,0.18496183420022,-27.2415624028259,0.00206893897225452,0.00139073153285671,3668.45055578369,0.0861823512686335,0.142256819348211,0.036755089672762,0.18656029820327,-29.8004436217094,0.136500764136286,0.17976362941434,-27.1768506912083,TRUE,0.00236463137695625,0.00152212563224373,0.185945238356264,2026-06-11 11:48:22,2026-06-11 11:49:21,"Time changed"
"45","2026-06-11 12:47:38","Collar_45_2026-06-11 12:47:38",2026-06-11 12:48:52.5,NA,NA,NA,NA,NA,-23.907059584737,-0.000678143078527146,0.00142991845020824,3665.41946519631,0.0886107284187424,0.637100170086647,0.0038628803590646,0.191817044609064,-22.8245841503552,0.0511416652607331,0.190523392112162,-23.7887296826315,TRUE,-0.00113488445907108,0.00150127410786961,0.203181066769272,2026-06-11 12:48:23,2026-06-11 12:49:22,"Time changed"
"45","2026-06-11 13:47:39","Collar_45_2026-06-11 13:47:39",2026-06-11 13:48:53.5,NA,NA,NA,NA,NA,-6.38180270888163,0.00246875384884403,0.00165476866916221,3655.16570279767,0.102544489245259,0.14114416978905,0.0369571619716964,0.221979676941818,-3.18296896447936,0.0497309796563422,0.224405595072741,-6.28287829787478,TRUE,0.00224949468768522,0.00178198907922947,0.220066611871507,2026-06-11 13:48:24,2026-06-11 13:49:23,"Time changed"
"45","2026-06-11 14:47:43","Collar_45_2026-06-11 14:47:43",2026-06-11 14:48:57.5,8.71474115950439,-0.0069610827517935,0.843985391841236,0.00067330510370781,0.251738377729182,8.70038896427467,0.000431824270048739,0.0018763833099757,3700.01528700466,0.116277744276608,0.818795470577828,0.000912318713212188,0.251708271210079,12.138799141454,0.0102199829151924,0.254967607505604,8.70695477081451,TRUE,0.000461513591300277,0.0019462335332933,0.28636068791534,2026-06-11 14:48:28,2026-06-11 14:49:27,"Time changed"
"45","2026-06-11 15:47:39","Collar_45_2026-06-11 15:47:39",2026-06-11 15:48:53.5,NA,NA,NA,NA,NA,21.4419044672241,0.0029607013711188,0.00208657809401557,3671.29521461238,0.129303321309257,0.161272132732341,0.0335484168516409,0.279904943727241,22.9741039983839,0.0724922089096654,0.279061088999379,21.4984619413508,TRUE,0.00269625060321007,0.00207754887925228,0.274237552178621,2026-06-11 15:48:24,2026-06-11 15:49:23,"Time changed"
"45","2026-06-11 16:47:38","Collar_45_2026-06-11 16:47:38",2026-06-11 16:48:52.5,5.46640301564842,-0.00975636819315044,0.0514874148752414,0.0638206541483449,0.245015354517032,6.27132222203818,-0.0032522863925916,0.00183878298184829,3674.4303036724,0.113947686598376,0.0821993364150849,0.0511768880870586,0.246664358519338,7.08416230704748,0.100262499088322,0.244450915480413,6.33721517399295,TRUE,-0.00357882063458295,0.00188189501005819,0.217406667257101,2026-06-11 16:48:23,2026-06-11 16:49:22,"Time changed"
"45","2026-06-11 17:47:43","Collar_45_2026-06-11 17:47:43",2026-06-11 17:48:57.5,-5.12142233844661,-0.0107971669135939,7.8791888144187e-13,0.590073436508876,0.224323454169218,-2.83643973794019,-0.0150721987348534,0.00170438767876471,3654.63569367793,0.105619333537011,2.40843094512914e-12,0.574161113699303,0.22863584098879,-2.70619679408387,0.600759048686996,0.225298954790374,-2.68654608085887,TRUE,-0.0156776291846028,0.00174575831879009,0.221185357285071,2026-06-11 17:48:28,2026-06-11 17:49:27,"Time changed"
"45","2026-06-11 18:47:44","Collar_45_2026-06-11 18:47:44",2026-06-11 18:48:58.5,NA,NA,NA,NA,NA,10.0676503208457,-0.0197992175418773,0.00189788478954078,3643.11182864633,0.11761017114757,6.31905914884463e-15,0.652344745546304,0.254592596721296,10.2743637144462,0.673643645213259,0.251036800973296,10.1121752382048,TRUE,-0.0194128240463594,0.00205783453250617,0.270205274758401,2026-06-11 18:48:29,2026-06-11 18:49:28,"Time changed"
"45","2026-06-11 19:47:44","Collar_45_2026-06-11 19:47:44",2026-06-11 19:48:58.5,NA,NA,NA,NA,NA,20.0291147939446,-0.0238688511194945,0.00206215633792762,3651.50126764557,0.12778992759376,1.04419015096439e-16,0.697875429946951,0.276628876426848,17.9798785386532,0.726850623641815,0.267685335478916,20.1420761149645,TRUE,-0.0242749885293017,0.00197689994348086,0.28692086423971,2026-06-11 19:48:29,2026-06-11 19:49:28,"Time changed"
"45","2026-06-11 20:47:40","Collar_45_2026-06-11 20:47:40",2026-06-11 20:48:54.5,23.6734687645575,-0.022985669939022,1.63191753294846e-21,0.793282749378047,0.285158859857656,25.1405277745144,-0.0316115238401499,0.00215189168649758,3699.03410012684,0.133350744436522,3.32655138025073e-21,0.78816600955149,0.288666464554442,26.4106591523656,0.797588026428417,0.28716836301039,25.1822022557123,TRUE,-0.0314890418417092,0.00213074250666447,0.27803452262377,2026-06-11 20:48:25,2026-06-11 20:49:24,"Time changed"
"45","2026-06-11 21:47:45","Collar_45_2026-06-11 21:47:45",2026-06-11 21:48:59.5,-10.1065962693827,-0.0254705726526601,3.27245883439363e-22,0.804379849929216,0.215195278079495,-18.2290316920751,-0.0251524272967585,0.00149920401999439,3598.36981741594,0.0929042913186155,6.36180984090926e-24,0.829147459997898,0.201111388093127,-15.5546838662606,0.832880914953792,0.202422578012169,-18.2271791690668,TRUE,-0.0251554871270538,0.00167207629048748,0.206578864610365,2026-06-11 21:48:30,2026-06-11 21:49:29,"Time changed"
"45","2026-06-11 22:47:46","Collar_45_2026-06-11 22:47:46",2026-06-11 22:49:00.5,-8.6632855002779,-0.0237117779383201,2.71610416324763e-29,0.888324462872665,0.217799186579676,-11.2111039713661,-0.0349649641166472,0.00158949609549654,3600.02060138598,0.0984996080162361,7.90763059969196e-30,0.892967338475198,0.213223658601924,-8.9206596710589,0.89597394040483,0.2139283225573,-11.1918266729993,TRUE,-0.0351733747614394,0.00171692647362156,0.220337698949375,2026-06-11 22:48:31,2026-06-11 22:49:30,"Time changed"
"49","2026-06-11 01:09:28","Collar_49_2026-06-11 01:09:28",2026-06-11 01:10:27.5,355.731962177288,-0.538437203600683,9.78386053737772e-78,0.948263363991618,1.04778827207541,460.149368814,-0.246943919291182,0.00853359853900495,3559.85792742759,0.528819236134915,2.01067650238487e-55,0.876491347700724,1.61891158555877,103.830042155726,0.993867207717586,0.36384430062707,467.253570586662,TRUE,-0.227642019025418,0.00764277508103036,1.38083929288076,2026-06-11 01:09:58,2026-06-11 01:10:57,NA
"49","2026-06-11 02:09:30","Collar_49_2026-06-11 02:09:30",2026-06-11 02:10:29.5,236.953876327312,-0.294576363596678,4.26527503928253e-101,0.979204346661704,0.638759569471726,354.479189914224,-0.246507999459006,0.00549434141528718,3600.35472824824,0.340479273429166,5.40229287245017e-76,0.944625366824506,1.04233318822858,190.546342383037,0.986337139928577,0.522196497066089,357.877595811184,TRUE,-0.237451098799053,0.00465305838553657,0.921917684701408,2026-06-11 02:10:00,2026-06-11 02:10:59,NA
"49","2026-06-11 03:09:28","Collar_49_2026-06-11 03:09:28",2026-06-11 03:10:27.5,296.66637710695,-0.5649240699818,3.71785385512926e-95,0.973779782469999,0.819201601752774,431.164694652563,-0.277789503002217,0.00756280131184209,3587.00441387398,0.468659826741135,2.00301378996579e-66,0.919572988192129,1.43474134704817,174.001304382602,0.990875268248533,0.487410307978089,433.171825548342,TRUE,-0.267605149703781,0.00724770193995296,1.22258406408861,2026-06-11 03:09:58,2026-06-11 03:10:57,NA
"49","2026-06-11 04:09:26","Collar_49_2026-06-11 04:09:26",2026-06-11 04:10:25.5,126.272285847271,-0.389542968456925,1.36546768014441e-133,0.994148457971396,0.402765629920071,351.32871811732,-0.295675537950191,0.00542268870358508,3603.29802628232,0.33603902092653,1.57838767147936e-85,0.961825204657367,1.02873993040411,60.6787719255582,0.996723554087042,0.30397001792786,354.828865962099,TRUE,-0.286518403541721,0.00520246519888424,0.761601397996991,2026-06-11 04:09:56,2026-06-11 04:10:55,NA
"49","2026-06-11 05:09:30","Collar_49_2026-06-11 05:09:30",2026-06-11 05:10:29.5,94.183519382102,-0.35319444402476,4.0517658051366e-140,0.995464374390078,0.352359385291891,300.030413041541,-0.295782327607606,0.00437912452996096,3677.50696321769,0.271370310929069,3.68320162705078e-96,0.974787149474758,0.830765052252512,48.7772816008746,0.996995099736219,0.289263931255249,310.131544322481,TRUE,-0.28336005779898,0.00329388584131575,0.586712419515226,2026-06-11 05:10:00,2026-06-11 05:10:59,NA
"49","2026-06-11 06:09:28","Collar_49_2026-06-11 06:09:28",2026-06-11 06:10:27.5,244.913539038036,-0.432191414325829,1.37802794299473e-101,0.979598727206989,0.660299410392165,391.323911336609,-0.255394649196219,0.00640602146300598,3609.73776533379,0.396975245700474,2.58744629244933e-70,0.930891085817637,1.21528828856857,111.892348498587,0.99348730052465,0.376274516356867,391.656328183541,TRUE,-0.25354110050757,0.00652889294276775,1.29321782876651,2026-06-11 06:09:58,2026-06-11 06:10:57,NA
"49","2026-06-11 07:09:28","Collar_49_2026-06-11 07:09:28",2026-06-11 07:10:27.5,363.579956618263,-0.33739467211984,7.12222193462062e-35,0.725016701264844,1.08261727462546,405.31535049905,-0.0923771092214308,0.00679057801140863,3672.05900133427,0.420805860563296,6.31918494087986e-26,0.61063963110785,1.28824262883498,104.999291590503,0.969168461128788,0.365621228691277,412.304465681614,TRUE,-0.0770104001751532,0.00535501912763125,1.21656855325186,2026-06-11 07:09:58,2026-06-11 07:10:57,NA
"49","2026-06-11 08:09:27","Collar_49_2026-06-11 08:09:27",2026-06-11 08:10:26.5,70.703490060907,-0.273815325831455,1.9875368894234e-57,0.988017922932499,0.421982258685593,149.628645558236,-0.213918181343056,0.00607236585459175,3619.77913217841,0.376298915173878,7.45532600840826e-41,0.955351031110769,0.814580210391127,47.0583441816811,0.992441600025098,0.341085342205438,151.537003450714,TRUE,-0.207395911128767,0.00527058585726909,0.654196728516638,2026-06-11 08:09:57,2026-06-11 08:10:56,NA
"49","2026-06-11 09:09:26","Collar_49_2026-06-11 09:09:26",2026-06-11 09:10:25.5,133.830623932832,-0.363402972394781,6.91963379438393e-31,0.90157531721706,0.714099794696641,171.14312507086,-0.116781533851118,0.00726476260736489,3864.65811362486,0.450190642923795,4.93129736991101e-23,0.816692213614617,0.974534801567344,62.0840425941667,0.972149564834542,0.386583107121038,172.971267869018,TRUE,-0.108698762970708,0.00672099057780354,0.972495198855056,2026-06-11 09:09:56,2026-06-11 09:10:55,NA
"49","2026-06-11 10:09:28","Collar_49_2026-06-11 10:09:28",2026-06-11 10:10:42.5,110.53318967364,0.0992394899240482,2.28116105126674e-18,0.734970964224472,0.58808849340466,114.776081641016,0.0548598097839875,0.00454174027172039,3634.85893415685,0.281447458564698,1.79610810158559e-17,0.715550920514422,0.609253762811789,86.9846606496585,0.832547917024881,0.475730739219088,114.82464578686,TRUE,0.0548447394627651,0.0050480115097091,0.664212008920093,2026-06-11 10:10:13,2026-06-11 10:11:12,"Time changed"
"49","2026-06-11 11:09:29","Collar_49_2026-06-11 11:09:29",2026-06-11 11:10:28.5,103.166502233726,-0.315880087426749,4.67122396971046e-53,0.983047890711315,0.553072100438337,173.251113610543,-0.234495955745769,0.00739350706534429,3610.18027508881,0.458168818322378,2.44900478915414e-38,0.945485369009888,0.991805283975489,74.8304193768609,0.990110658573161,0.429906041352294,173.798035433962,TRUE,-0.229782562235403,0.00726111042362135,1.09780292885351,2026-06-11 11:09:59,2026-06-11 11:10:58,NA
"49","2026-06-11 12:09:26","Collar_49_2026-06-11 12:09:26",2026-06-11 12:10:25.5,111.411534008358,-0.228581556717427,3.43208233028313e-44,0.9657371273194,0.592408820481839,159.948590559973,-0.174567300237315,0.00661769970310078,3601.87811984304,0.410092751137561,5.41242719829281e-34,0.923060970669835,0.887734261330924,100.491925148183,0.973280271408429,0.532409301766686,161.176338209867,TRUE,-0.168562112647497,0.00608706271817042,0.723781650478,2026-06-11 12:09:56,2026-06-11 12:10:55,NA
"49","2026-06-11 13:09:26","Collar_49_2026-06-11 13:09:26",2026-06-11 13:10:25.655738,113.528400296802,-0.355007971332484,5.31528376379949e-50,0.976937112160473,0.59399166436755,176.673544395284,-0.216035864881576,0.00741172611376677,3589.14307791263,0.460199696435381,9.92980180280294e-37,0.935064723007233,0.996698617167141,88.8723877292632,0.985582337164757,0.477814711899937,180.475497447005,TRUE,-0.204626111090012,0.00631414217212708,0.731396311558223,2026-06-11 13:09:56,2026-06-11 13:10:55,NA
"49","2026-06-11 14:09:29","Collar_49_2026-06-11 14:09:29",2026-06-11 14:10:28.5,147.974745125183,-0.371888750148146,1.81954603751193e-47,0.973580127279767,0.803430269254348,212.077706583284,-0.269615836125461,0.0102180639850864,3628.58395483947,0.633204007274655,5.33222092513379e-34,0.923100515536974,1.37070672454093,110.316185389877,0.986805406628642,0.577830973840262,212.67577765506,TRUE,-0.262960345659555,0.0099860139243221,1.55132449992197,2026-06-11 14:09:59,2026-06-11 14:10:58,NA
"49","2026-06-11 15:09:28","Collar_49_2026-06-11 15:09:28",2026-06-11 15:10:27.5,84.0367301354069,-0.356776619485403,1.63937601164682e-62,0.991996805426504,0.471572854265651,173.360153218715,-0.293909775590448,0.00740022832784296,3630.09229440331,0.458585328764504,9.34023626103455e-44,0.964534354280728,0.992706910713958,68.2106151422643,0.994248817224324,0.406832535889889,174.712159176525,TRUE,-0.286480594593739,0.00679675342476464,0.949390241370961,2026-06-11 15:09:58,2026-06-11 15:10:57,NA
"49","2026-06-11 16:09:29","Collar_49_2026-06-11 16:09:29",2026-06-11 16:10:28.5,176.269544368091,-0.447499332686822,1.16316885860957e-38,0.94686585135219,1.01706915357199,223.678787133518,-0.235374286301046,0.0112552288139926,3610.18111698437,0.697476155778155,1.07623410535543e-28,0.882906370330654,1.5098376604515,130.788162490237,0.976707530188164,0.685316792578425,230.345899136187,TRUE,-0.211094071202918,0.00737808725019759,0.997869552375807,2026-06-11 16:09:59,2026-06-11 16:10:58,NA
"49","2026-06-11 17:09:32","Collar_49_2026-06-11 17:09:32",2026-06-11 17:10:31.5,101.256400237951,-0.314112673232586,3.00142856788976e-58,0.988773930153854,0.544338261003472,122.858679303174,-0.289314679890551,0.00485818659113,3597.71062840395,0.301057345313296,1.03009134386967e-53,0.983908732673757,0.651703594659003,84.5920955379386,0.992044737495013,0.466339531724729,123.586935465452,TRUE,-0.286178571418182,0.00474092126849708,0.635803679972147,2026-06-11 17:10:02,2026-06-11 17:11:01,NA
"49","2026-06-11 18:09:31","Collar_49_2026-06-11 18:09:31",2026-06-11 18:10:30.5,42.6779075402008,-0.3535646459375,1.35646626146787e-72,0.996405561981117,0.334092115919126,155.348345554826,-0.312625019351513,0.00636880884535685,3592.16228044203,0.394669214083232,6.12608620666869e-49,0.976494644482466,0.854346686846727,45.1213567415195,0.996497611575853,0.335623888782305,156.296529675204,TRUE,-0.307502672588594,0.00565346866872854,0.845229000228998,2026-06-11 18:10:01,2026-06-11 18:11:00,NA
"49","2026-06-11 19:09:28","Collar_49_2026-06-11 19:09:28",2026-06-11 19:10:27.5,104.727652808,-0.342253908758544,1.1425332412204e-55,0.986221777075424,0.560314347847848,185.523166564976,-0.263727622938661,0.00818963474671846,3572.31569707728,0.507504116954699,1.06188216671226e-38,0.947032358321177,1.098602184841,67.6931365111969,0.993046948055855,0.40508192034712,188.845788491109,TRUE,-0.250932754749401,0.0071879541873788,0.896121979392054,2026-06-11 19:09:58,2026-06-11 19:10:57,NA
"49","2026-06-11 20:09:30","Collar_49_2026-06-11 20:09:30",2026-06-11 20:10:29.5,174.878707541662,-0.494973421520034,2.31585466042069e-33,0.919111760925864,1.00534906089378,217.602668724887,-0.1833961770449,0.0106995157567594,3569.02700646467,0.663039129816242,2.25360804914749e-24,0.835133763518487,1.43529128595468,80.4390950253442,0.984319651682548,0.45047637775854,219.446120937667,TRUE,-0.171126116245381,0.00940659583314681,1.44553997596477,2026-06-11 20:10:00,2026-06-11 20:10:59,NA
"49","2026-06-11 21:09:27","Collar_49_2026-06-11 21:09:27",2026-06-11 21:10:26.5,66.5843855978794,-0.311995897088356,1.57447529282904e-58,0.989020874532314,0.407743133587167,131.190183699362,-0.217334130199151,0.00520747160896322,3532.58458392777,0.322702215936126,5.79468135447642e-45,0.967774467057777,0.698558588268767,67.8639920770517,0.989507550606063,0.405659085304961,131.434572740554,TRUE,-0.214801390591484,0.00576208635313463,0.652301456410304,2026-06-11 21:09:57,2026-06-11 21:10:56,NA
"49","2026-06-11 22:09:29","Collar_49_2026-06-11 22:09:29",2026-06-11 22:10:28.5,30.2442085391808,-0.291684326386043,4.51565883052677e-65,0.993468698833974,0.301208462889931,117.169631152263,-0.208632115804046,0.00463324044902357,3514.53608422235,0.287117640217433,8.04806922040882e-47,0.972190902184245,0.621528094672424,27.1735836775596,0.9941947514227,0.288999910618529,117.443526323915,TRUE,-0.209731396394097,0.00426000865531381,0.637045983381598,2026-06-11 22:09:59,2026-06-11 22:10:58,NA
"49","2026-06-11 23:09:31","Collar_49_2026-06-11 23:09:31",2026-06-11 23:10:30.5,44.0824398833589,-0.371222545461002,1.35204907068867e-70,0.995787468326736,0.338025449595568,163.926953198167,-0.29104989305724,0.00684077380537638,3568.75745281041,0.423916447650547,1.96410683820376e-45,0.968953925670554,0.917658635704228,27.8420740303603,0.996993657018945,0.290614350367645,165.835126920593,TRUE,-0.283071809628299,0.00626685193319207,0.898588060896199,2026-06-11 23:10:01,2026-06-11 23:11:00,NA
"50","2026-06-11 00:43:12","Collar_50_2026-06-11 00:43:12",2026-06-11 00:44:11.5,-49.8334318305964,0.00832179901951178,0.000301566668399688,0.203155405442095,0.154545557438926,-51.1648462913428,0.00461692369593369,0.00113936283816358,3646.79681807128,0.0706052649423591,0.000152826071720704,0.220642836320311,0.152840333182711,-49.4030014163216,0.249179322211266,0.152671441280214,-51.1293211314951,TRUE,0.00460892674393688,0.00109446388934355,0.142711736477366,2026-06-11 00:43:42,2026-06-11 00:44:41,NA
"50","2026-06-11 01:43:13","Collar_50_2026-06-11 01:43:13",2026-06-11 01:44:12.5,NA,NA,NA,NA,NA,-4.53756792591056,0.0058671352937491,0.0012309861195342,3668.90800203715,0.0762830752406903,5.40246338824815e-06,0.161435910411933,0.23353075276123,-17.7659586193232,0.273585281368467,0.219220051643974,-2.44604574908685,TRUE,0.00695759829708506,0.0012520398759454,0.20211170793266,2026-06-11 01:43:43,2026-06-11 01:44:42,NA
"50","2026-06-11 02:43:12","Collar_50_2026-06-11 02:43:12",2026-06-11 02:44:11.5,NA,NA,NA,NA,NA,-101.819299664191,0.00743959112119774,0.000820759639819054,3680.79894435194,0.050861718394136,3.25853198090621e-15,0.410474809754872,0.15570656198423,-102.417179981579,0.432635598171241,0.154063153347846,-101.731091617816,TRUE,0.00750991610725882,0.000830263404420077,0.192396650676516,2026-06-11 02:43:42,2026-06-11 02:44:41,NA
"50","2026-06-11 03:43:14","Collar_50_2026-06-11 03:43:14",2026-06-11 03:44:13.5,NA,NA,NA,NA,NA,193.991907905016,0.0508853142645457,0.00281516738228174,3696.96649592947,0.174453327970095,8.6025917561957e-36,0.734664848139885,0.534066264030565,135.939272859676,0.84179550649948,0.415928966412038,194.998481070779,TRUE,0.0534072343430022,0.00268962235014828,0.502776929428331,2026-06-11 03:43:44,2026-06-11 03:44:43,NA
"50","2026-06-11 04:43:13","Collar_50_2026-06-11 04:43:13",2026-06-11 04:44:12.5,-77.1988472095376,0.0211463374591403,5.70756839695067e-24,0.579935452808855,0.172527810119733,-82.5517614448484,0.0117895381732324,0.000889368544806509,3670.71665330694,0.0551133490001089,4.04467426476779e-25,0.598261746993263,0.168722378307088,-91.5903172741417,0.639624647999821,0.16117238927245,-82.4100656571622,TRUE,0.0119059243726038,0.000937471745284809,0.182489184630514,2026-06-11 04:43:43,2026-06-11 04:44:42,NA
"50","2026-06-11 05:43:12","Collar_50_2026-06-11 05:43:12",2026-06-11 05:44:11.5,20.5833831545128,-0.0449513762167553,4.0522422681655e-31,0.681777634925834,0.259299665209733,26.6865779608377,-0.0214661613382767,0.00140202297984253,3689.48194087675,0.0868820718311383,8.24371254989865e-30,0.665174213462755,0.265978207776267,2.05859361385128,0.736238886566049,0.238097041589419,26.7462133558057,TRUE,-0.0214220916875447,0.00140835767859107,0.263205180155883,2026-06-11 05:43:42,2026-06-11 05:44:41,NA
"50","2026-06-11 06:06:57","Collar_50_2026-06-11 06:06:57",2026-06-11 06:07:56.5,NA,NA,NA,NA,NA,-9.81815059153934,0.0212970181225425,0.0016080543818809,3698.10098454371,0.0996496479184988,3.48634926301793e-19,0.751502387302253,0.215713168158736,-11.8158814526129,0.775141557981909,0.208828673008004,-9.73529145380618,TRUE,0.0213987787727444,0.00164534290559569,0.231447704155502,2026-06-11 06:07:27,2026-06-11 06:08:26,NA
"50","2026-06-11 06:27:57","Collar_50_2026-06-11 06:27:57",2026-06-11 06:28:56.5,NA,NA,NA,NA,NA,-23.3530857762484,0.0135421387264456,0.00143653485535163,3698.55614574688,0.089020740947208,2.63887923585814e-13,0.605085786931994,0.192704605211109,-31.257415569796,0.676155629429365,0.177594237781187,-23.1459132620699,TRUE,0.013905128623756,0.00139975090093034,0.203180013202265,2026-06-11 06:28:27,2026-06-11 06:29:26,NA
"50","2026-06-11 07:27:57","Collar_50_2026-06-11 07:27:57",2026-06-11 07:28:56.5,-13.2013557539202,-0.0927979645618808,3.09360497159642e-38,0.945044792146907,0.209716417166079,15.0652390008779,-0.0485017471079913,0.00197859415481348,3769.30608511415,0.122611656124554,2.69982948680754e-32,0.911974339960171,0.265419390316853,-13.6057537336974,0.948934362361204,0.205736982098317,15.0845008650863,TRUE,-0.0485706625671926,0.0021182517188741,0.318313421410556,2026-06-11 07:28:27,2026-06-11 07:29:26,NA
"50","2026-06-11 08:27:54","Collar_50_2026-06-11 08:27:54",2026-06-11 08:28:53.5,NA,NA,NA,NA,NA,-8.86592010304504,0.00331483997841829,0.00162086546433363,3741.65430060307,0.100443538890256,0.045390519918502,0.0672610030022345,0.217431716495509,-7.95712307896222,0.114098858329477,0.215652968680417,-8.86397098875994,TRUE,0.00329998435187984,0.00166182955519223,0.27239298601378,2026-06-11 08:28:24,2026-06-11 08:29:23,NA
"50","2026-06-11 09:27:53","Collar_50_2026-06-11 09:27:53",2026-06-11 09:28:52.5,NA,NA,NA,NA,NA,209.60340337965,0.0752298706769677,0.0100095330063091,4063.04398370531,0.620281534720619,3.98132222384939e-10,0.493394846136808,1.34273324391855,201.160183065044,0.588279423982248,1.23190213746544,209.758017241278,TRUE,0.0737108703639419,0.00973606508360412,1.50087047762399,2026-06-11 09:28:23,2026-06-11 09:29:22,NA
"50","2026-06-11 10:27:58","Collar_50_2026-06-11 10:27:58",2026-06-11 10:28:57.5,NA,NA,NA,NA,NA,320.065303912408,0.0749822666920862,0.0251297845297692,3782.21567394829,1.55726958545405,0.00416082394144777,0.133074112445291,3.37104608969897,314.879422714368,0.256138046179588,3.17789732167796,320.65301258693,TRUE,0.0565406690561674,0.02449112025961,2.50749696979566,2026-06-11 10:28:28,2026-06-11 10:29:27,NA
"50","2026-06-11 11:27:56","Collar_50_2026-06-11 11:27:56",2026-06-11 11:28:55.5,NA,NA,NA,NA,NA,36.6499280756893,-0.000252394642445096,0.00236850505740301,3689.463283961,0.146774075381286,0.915503526623335,0.000195748578355564,0.317724161253044,-7.22541475026371,0.549824669232545,0.216971944812107,36.6526438340879,TRUE,-0.000132026832150353,0.00252465002893306,0.35744687741755,2026-06-11 11:28:26,2026-06-11 11:29:25,NA
"50","2026-06-11 12:27:52","Collar_50_2026-06-11 12:27:52",2026-06-11 12:28:51.5,-9.24136218224757,0.0171112563148232,0.0567635179081501,0.0611660434285514,0.216752504438455,-9.52278459545793,0.00325180632673531,0.00161201729520664,3685.20715894483,0.0998952260047198,0.0483078841234527,0.0655592145288225,0.216244774924195,-28.8451058348807,0.366510828826351,0.181200466159595,-9.51934197470125,TRUE,0.00316229597385182,0.00161238802331619,0.24904092131933,2026-06-11 12:28:22,2026-06-11 12:29:21,NA
"50","2026-06-11 13:27:54","Collar_50_2026-06-11 13:27:54",2026-06-11 13:28:53.5,NA,NA,NA,NA,NA,-1.46317412356566,-0.0239589434851391,0.00172400451933548,3678.61150223121,0.106834971066548,4.12463980147764e-20,0.769047514623553,0.231267350766362,0.0415624740849729,0.778455322157422,0.230517366455405,-1.27872759170034,TRUE,-0.023253977022871,0.00182336013519963,0.209008740838347,2026-06-11 13:28:24,2026-06-11 13:29:23,NA
"50","2026-06-11 14:27:55","Collar_50_2026-06-11 14:27:55",2026-06-11 14:28:54.5,NA,NA,NA,NA,NA,-12.7197608567234,0.00795829731620811,0.00156963781901081,3706.59599591496,0.0972690089255778,4.3557175326171e-06,0.307102039837928,0.210559761296473,-9.37036260291415,0.314574795433246,0.213128121265237,-12.7013690370557,TRUE,0.00806422726742497,0.00170760661762949,0.198002847500517,2026-06-11 14:28:25,2026-06-11 14:29:24,NA
"50","2026-06-11 15:27:55","Collar_50_2026-06-11 15:27:55",2026-06-11 15:28:54.5,NA,NA,NA,NA,NA,9.82411071064383,-0.00833448895039145,0.00189403694444063,3691.66516766558,0.117371723733232,4.69330847475871e-05,0.250291240147245,0.254076425833987,-7.11371790527388,0.471141452191988,0.217173997847769,9.8522010612571,TRUE,-0.00803131774297608,0.00197310375534011,0.256147148339029,2026-06-11 15:28:25,2026-06-11 15:29:24,NA
"50","2026-06-11 16:27:55","Collar_50_2026-06-11 16:27:55",2026-06-11 16:28:54.5,NA,NA,NA,NA,NA,-28.6045410851526,-0.00988027611745033,0.00137502475645244,3690.3806864791,0.0852090168116302,1.42996191017168e-09,0.470956340826525,0.184453305717255,-25.149577554911,0.475740380434383,0.186867542170339,-28.5536546413639,TRUE,-0.00998545698318329,0.00145787477719805,0.197881261667518,2026-06-11 16:28:25,2026-06-11 16:29:24,NA
"50","2026-06-11 17:27:54","Collar_50_2026-06-11 17:27:54",2026-06-11 17:28:53.5,NA,NA,NA,NA,NA,-10.5318263460949,-0.00904261114371807,0.001598519185776,3677.23739185267,0.0990587606043677,4.9771399521962e-07,0.355556624622134,0.214434065048805,-22.7479378596353,0.50817722653022,0.190645121911104,-10.4232550173174,TRUE,-0.00941030391887305,0.00154702350536385,0.171684139294014,2026-06-11 17:28:24,2026-06-11 17:29:23,NA
"50","2026-06-11 18:27:54","Collar_50_2026-06-11 18:27:54",2026-06-11 18:28:53.5,NA,NA,NA,NA,NA,-13.7554458989725,-0.0103187012934975,0.00155614902491013,3665.09671140507,0.0964331207876374,1.21828099424672e-08,0.431200312528696,0.208750301030152,-9.95123982127299,0.433053412700034,0.212098936980023,-13.1520313516453,TRUE,-0.00971220280207907,0.00158443194341232,0.188877550473982,2026-06-11 18:28:24,2026-06-11 18:29:23,NA
"50","2026-06-11 19:27:57","Collar_50_2026-06-11 19:27:57",2026-06-11 19:28:56.5,-28.6393110836336,-0.00329145705036254,0.569134541898509,0.0056209977377299,0.184399868116405,-28.5555125368357,0.000682898731284867,0.00137558666679906,3654.15334641168,0.0852438378779037,0.621459057151391,0.00423123554063318,0.184528683429886,-24.9463043143004,0.0106957976298383,0.187184353515386,-28.5035435520654,TRUE,0.000404960856100596,0.0014043706453362,0.183079309270675,2026-06-11 19:28:27,2026-06-11 19:29:26,NA
"50","2026-06-11 20:27:54","Collar_50_2026-06-11 20:27:54",2026-06-11 20:28:53.5,NA,NA,NA,NA,NA,-33.6934608859342,0.0123094095281696,0.0013179323020918,3673.90672821072,0.0816710500364109,3.66220788512056e-13,0.600645830045574,0.176794613109058,-32.9286532043279,0.621608718987645,0.175138029812906,-33.6290162621909,TRUE,0.0123562899668213,0.00131814375462078,0.189575567151018,2026-06-11 20:28:24,2026-06-11 20:29:23,NA
"50","2026-06-11 21:27:54","Collar_50_2026-06-11 21:27:54",2026-06-11 21:28:53.5,13.5388712683948,-0.0615684681995531,7.74285202328394e-14,0.621271938775041,0.262064707603082,22.3526682593057,-0.0181132961407213,0.00210247484161027,3600.31742548158,0.130288428105837,5.75231894609205e-12,0.561344201478782,0.282037419982839,2.08489480535607,0.707269568475706,0.23447617218345,22.6405343880111,TRUE,-0.0186689894215497,0.00224102819314019,0.228683753412179,2026-06-11 21:28:24,2026-06-11 21:29:23,NA
"50","2026-06-11 22:27:52","Collar_50_2026-06-11 22:27:52",2026-06-11 22:28:51.5,NA,NA,NA,NA,NA,-30.4430065413776,0.00782516904369332,0.00135411917848966,3600.99914104546,0.0839135174137263,3.14720567938239e-07,0.365387831509174,0.181648917690735,-34.0892870715936,0.441320454347579,0.173452269175954,-30.3035011584057,TRUE,0.00740752857492946,0.00149651453002731,0.168061424385507,2026-06-11 22:28:22,2026-06-11 22:29:21,NA
"50","2026-06-11 23:27:56","Collar_50_2026-06-11 23:27:56",2026-06-11 23:28:55.5,-37.74716230434,0.0178892180558688,3.5717138862831e-13,0.600986541170893,0.170922089504641,-36.3328504419757,0.0118143165741899,0.00128926096347623,3647.45574338041,0.0798943136084728,7.12911604279709e-13,0.591469321398902,0.172948483675996,-34.2661622341295,0.604423122482907,0.173196795848377,-36.2128753881309,TRUE,0.0115544291692052,0.00132830778333578,0.162271937930585,2026-06-11 23:28:26,2026-06-11 23:29:25,NA
"51","2026-06-11 00:46:12","Collar_51_2026-06-11 00:46:12",2026-06-11 00:47:11.5,NA,NA,NA,NA,NA,-38.1926463658287,0.00707847155570503,0.00126943365277314,3647.61080297146,0.0786656334388238,6.73467648562491e-07,0.348992956345199,0.17028874028919,-40.31985453058,0.412192022422502,0.164676189930373,-37.8389988355795,TRUE,0.00633796413582473,0.00118333697638892,0.16017617057418,2026-06-11 00:46:42,2026-06-11 00:47:41,NA
"51","2026-06-11 01:46:13","Collar_51_2026-06-11 01:46:13",2026-06-11 01:47:12.5,NA,NA,NA,NA,NA,26.9601796400094,0.0275332140717057,0.00140362220724089,3670.22138553562,0.0869811744790235,6.0500097758799e-39,0.765305264992834,0.266281597694519,2.84464229042036,0.814326542654386,0.238878136114502,27.0973633756922,TRUE,0.0272281674769243,0.00143136293377012,0.266818501019339,2026-06-11 01:46:43,2026-06-11 01:47:42,NA
"51","2026-06-11 02:46:12","Collar_51_2026-06-11 02:46:12",2026-06-11 02:47:11.5,NA,NA,NA,NA,NA,-108.037482670654,0.0065439131849125,0.00079976761609311,3681.92502739582,0.0495608620319648,3.66832676453157e-13,0.361988050314698,0.151724158750832,-137.668136505651,0.517924102928433,0.133017888544027,-108.018178837279,TRUE,0.00663771049855043,0.000800494486778429,0.163764274947391,2026-06-11 02:46:42,2026-06-11 02:47:41,NA
"51","2026-06-11 03:46:14","Collar_51_2026-06-11 03:46:14",2026-06-11 03:47:13.5,NA,NA,NA,NA,NA,76.4339715971197,-0.015761518347429,0.00172494813963862,3705.63561231916,0.106893446347009,2.19411383322256e-15,0.414368336037156,0.327240438483838,46.6213707814134,0.558172577634735,0.286677120432015,78.595296326137,TRUE,-0.0136427950475545,0.0017275938726136,0.282524330593524,2026-06-11 03:46:44,2026-06-11 03:47:43,NA
"51","2026-06-11 04:46:12","Collar_51_2026-06-11 04:46:12",2026-06-11 04:47:11.5,-62.1361804136085,0.0159901159904532,1.08682601989201e-35,0.733614549072068,0.183702858576326,-71.6186814708768,0.0176951587492666,0.000930820272260833,3672.54262083014,0.057682074344836,1.01297860348505e-37,0.753854338308,0.17658619818454,-102.132052649208,0.815377711371852,0.154246293847604,-71.5173651694846,TRUE,0.0179888959099056,0.000950192584824177,0.203499402083591,2026-06-11 04:46:42,2026-06-11 04:47:41,NA
"51","2026-06-11 05:46:11","Collar_51_2026-06-11 05:46:11",2026-06-11 05:47:10.5,NA,NA,NA,NA,NA,9.88368242582328,-0.000317393563859273,0.00130722179039922,3684.90304093645,0.0810073294985866,0.808581806207801,0.000499342752845134,0.247993445168437,-6.1446153625384,0.15414044943268,0.230096386054021,10.0255776747046,TRUE,0.000139821646089023,0.00123807837490709,0.188911470279258,2026-06-11 05:46:41,2026-06-11 05:47:40,NA
"51","2026-06-11 06:09:57","Collar_51_2026-06-11 06:09:57",2026-06-11 06:10:56.5,76.0500153195235,-0.02098413558619,4.00455069935409e-13,0.599426591827625,0.441208542552386,81.2772375997116,-0.0296948357650967,0.00343546821902592,3699.1938497016,0.212892799098433,5.16038992527633e-12,0.562963195503057,0.460852407720139,59.9057838705497,0.713665745560278,0.379629096331348,81.3352487756988,TRUE,-0.0293406930996636,0.00399203324659098,0.466174282979164,2026-06-11 06:10:27,2026-06-11 06:11:26,NA
"51","2026-06-11 06:30:57","Collar_51_2026-06-11 06:30:57",2026-06-11 06:31:56.5,NA,NA,NA,NA,NA,-3.70612897163401,0.0295043946261227,0.00169207993548371,3701.33682016505,0.104856634029804,9.78014751920697e-25,0.839796999094715,0.226984813308419,-1.06780994141262,0.843391809556462,0.2283961067787,-3.67655338784055,TRUE,0.0294808556353278,0.00163371225314178,0.243045088444871,2026-06-11 06:31:27,2026-06-11 06:32:26,NA
"51","2026-06-11 07:30:58","Collar_51_2026-06-11 07:30:58",2026-06-11 07:31:57.5,NA,NA,NA,NA,NA,-22.5226796958425,-0.0263580977810728,0.00144651022456256,3761.6027115825,0.0896389053830171,1.12056092415055e-25,0.851295760524611,0.194042755537546,-28.4790822221563,0.874033081459541,0.181754007011783,-22.326438500416,TRUE,-0.026224396497937,0.00140048424278604,0.154213082271427,2026-06-11 07:31:28,2026-06-11 07:32:27,NA
"51","2026-06-11 08:30:53","Collar_51_2026-06-11 08:30:53",2026-06-11 08:31:52.5,-41.8123928965942,0.000573900276305382,0.00758627821009633,0.116585098280908,0.165228756067453,-44.1436566308043,0.00386857098075171,0.00120801571206219,3741.40173947779,0.0748596202612307,0.00221372800044764,0.150251373644022,0.162049803396367,-46.9441097967857,0.241305126059585,0.15583206690494,-44.0057994365951,TRUE,0.00363555145859831,0.00124703208947641,0.153957997033112,2026-06-11 08:31:23,2026-06-11 08:32:22,NA
"51","2026-06-11 09:30:51","Collar_51_2026-06-11 09:30:51",2026-06-11 09:31:50.5,106.034395969554,0.225557608579862,3.13387683973153e-42,0.959970076956873,0.566449248156373,154.562506138866,0.153340551759639,0.00632723793563992,4092.70218009814,0.39209310312354,4.94011267115869e-32,0.910124166797673,0.848770138727881,56.7883777349637,0.983519240439103,0.369893944961853,154.601149198883,TRUE,0.154436769637554,0.00683051827952981,1.00130371498193,2026-06-11 09:31:21,2026-06-11 09:32:20,NA
"51","2026-06-11 10:30:59","Collar_51_2026-06-11 10:30:59",2026-06-11 10:31:58.5,NA,NA,NA,NA,NA,82.1399848639417,-0.0557098914619381,0.0034602567282213,3792.14683845041,0.214428920165965,4.58182715935302e-23,0.81715453003434,0.464177673278765,24.2023043037309,0.934872512593083,0.281931946510931,82.826036534906,TRUE,-0.0581116591447393,0.00334971003430429,0.503182970954607,2026-06-11 10:31:29,2026-06-11 10:32:28,NA
"51","2026-06-11 11:30:55","Collar_51_2026-06-11 11:30:55",2026-06-11 11:31:54.5,NA,NA,NA,NA,NA,-9.02563517446319,0.00617725785963477,0.0016187095939777,3688.91576082403,0.100309941591342,0.000331518864307371,0.200695577335276,0.217142516310579,-9.53412423387367,0.258555438482943,0.212837467895288,-8.0702726781396,TRUE,0.00516805373996128,0.00139719575332568,0.172722088587316,2026-06-11 11:31:25,2026-06-11 11:32:24,NA
"51","2026-06-11 12:30:52","Collar_51_2026-06-11 12:30:52",2026-06-11 12:31:51.5,NA,NA,NA,NA,NA,-11.8670896034453,0.0146473504223112,0.00158083074683566,3684.05981003877,0.0979626243464811,4.84815308686058e-13,0.596806155882893,0.212061241563109,-10.0002646419433,0.61088904599028,0.212012303741559,-11.7907074883819,TRUE,0.0146713738758168,0.00168872025564596,0.187363416094014,2026-06-11 12:31:22,2026-06-11 12:32:21,NA
"51","2026-06-11 13:30:54","Collar_51_2026-06-11 13:30:54",2026-06-11 13:31:53.5,194.625852838974,0.0910589840280432,9.10671486741615e-10,0.478982239181685,1.18517963003283,195.356782172768,0.064082750678866,0.00888901367904608,3666.35252024279,0.550843984780901,1.30471838542143e-09,0.472596301500251,1.19242068186186,169.66654659725,0.67845772533081,0.947538658354131,195.708869910292,TRUE,0.0606113732770116,0.00878827707670284,1.35325655559835,2026-06-11 13:31:24,2026-06-11 13:32:23,NA
"51","2026-06-11 14:30:54","Collar_51_2026-06-11 14:30:54",2026-06-11 14:31:53.5,-25.194982199778,0.0662655779065631,8.12331037638027e-10,0.480996128168363,0.189769340370355,-24.8264985503828,0.0103371638275773,0.00141900429285182,3708.29945202118,0.0879343881468279,9.7372519542149e-10,0.477798913193096,0.190352960130539,-21.7119897393781,0.485449064184052,0.192298066964872,-24.6381708359934,TRUE,0.0104434248672993,0.00126384579173778,0.173532752245251,2026-06-11 14:31:24,2026-06-11 14:32:23,NA
"51","2026-06-11 15:30:54","Collar_51_2026-06-11 15:30:54",2026-06-11 15:31:53.5,-31.5347628157904,-0.00568134483695198,0.567577535165593,0.00566630207641772,0.180003776546448,-31.2702123113948,0.000365570176360067,0.00134481681770531,3691.62593789943,0.0833370586898075,0.786713115079927,0.00127243116658556,0.180401048378131,-33.3289781258892,0.09719858946064,0.174554735650102,-31.2013690181945,TRUE,0.000674847400185854,0.00138946470959568,0.18150351738464,2026-06-11 15:31:24,2026-06-11 15:32:23,NA
"51","2026-06-11 16:30:53","Collar_51_2026-06-11 16:30:53",2026-06-11 16:31:52.5,NA,NA,NA,NA,NA,15.9205857179503,0.0194506446985351,0.0019927477375972,3689.32963212161,0.123488740604454,7.55656183862241e-14,0.621586720110557,0.267318028955865,-35.5824905380745,0.849954938276296,0.171307312674476,16.2352201737476,TRUE,0.0203476643641611,0.00194288869955297,0.27139796143435,2026-06-11 16:31:23,2026-06-11 16:32:22,NA
"51","2026-06-11 17:30:54","Collar_51_2026-06-11 17:30:54",2026-06-11 17:31:53.5,NA,NA,NA,NA,NA,0.586724299722023,-0.00469754976224895,0.00175370778439341,3675.74631294961,0.108675655025004,0.00960185588574108,0.110089670873602,0.235251908429648,0.727076707689616,0.165532961355578,0.231837992779541,0.656954557277637,TRUE,-0.00432402399417743,0.00174019253227591,0.246190283344039,2026-06-11 17:31:24,2026-06-11 17:32:23,NA
"51","2026-06-11 18:30:53","Collar_51_2026-06-11 18:30:53",2026-06-11 18:31:52.5,NA,NA,NA,NA,NA,8.12053354565609,-0.0109530033546377,0.00186733825576008,3664.14996375921,0.115717230603597,2.2681814374601e-07,0.372327739897777,0.250494918401242,-29.4377344124294,0.686003966983763,0.180307800765566,8.21581665847538,TRUE,-0.0115095981432891,0.00187408638246761,0.269805000126777,2026-06-11 18:31:23,2026-06-11 18:32:22,NA
"51","2026-06-11 19:30:56","Collar_51_2026-06-11 19:30:56",2026-06-11 19:31:55.5,NA,NA,NA,NA,NA,-16.4385710652237,0.0035412760579031,0.00152174061198288,3653.69157296263,0.0943008631524047,0.0234713620951049,0.0853970571860109,0.20413456921941,-17.538581545926,0.159926108419024,0.199103542199979,-16.3997920212701,TRUE,0.00326166901448115,0.0015757038017693,0.205556779700287,2026-06-11 19:31:26,2026-06-11 19:32:25,NA
"51","2026-06-11 20:30:53","Collar_51_2026-06-11 20:30:53",2026-06-11 20:31:52.5,NA,NA,NA,NA,NA,-47.5276359315282,0.0128979503083692,0.00117442571931031,3676.07145683391,0.0727780793699366,8.59421364352949e-16,0.675273663073684,0.157543858922983,-43.8928825702665,0.677244411960742,0.159845196781535,-47.3629727747484,TRUE,0.0127310531910642,0.00109689173786052,0.132647926241988,2026-06-11 20:31:23,2026-06-11 20:32:22,NA
"51","2026-06-11 21:30:53","Collar_51_2026-06-11 21:30:53",2026-06-11 21:31:52.5,NA,NA,NA,NA,NA,10.0625310276043,0.00021118398605665,0.00189780382602797,3597.69550720015,0.117605153913305,0.911780024571543,0.000213451212366218,0.254581735834967,-27.9828235324729,0.503895844477857,0.182507205070878,10.202527350522,TRUE,0.000851631842754713,0.00190818352964482,0.227245275841963,2026-06-11 21:31:23,2026-06-11 21:32:22,NA
"51","2026-06-11 22:30:52","Collar_51_2026-06-11 22:30:52",2026-06-11 22:31:51.5,-50.2789713269254,0.0271236406164256,1.61417422651831e-18,0.738094683536685,0.153972820086318,-49.1723794351263,0.0146260474983596,0.0011584386217964,3602.25261070879,0.0717873736721377,2.76445574342961e-18,0.73321949301508,0.155399262637406,-48.2772257217091,0.746673591090379,0.154110462437453,-48.8472491396207,TRUE,0.0149337718507567,0.00115615952463574,0.159207345952625,2026-06-11 22:31:22,2026-06-11 22:32:21,NA
"51","2026-06-11 23:30:56","Collar_51_2026-06-11 23:30:56",2026-06-11 23:31:55.5,NA,NA,NA,NA,NA,-49.5774521016097,-0.00721148481243567,0.00115453478256828,3649.60042422361,0.0715454563532983,5.33352691893045e-08,0.4021563722879,0.154875580392969,-50.4138041830817,0.448455039381224,0.151390836387371,-49.3194021927965,TRUE,-0.00673934771560225,0.00110237068268135,0.169979679171928,2026-06-11 23:31:26,2026-06-11 23:32:25,NA
"52","2026-06-11 00:49:13","Collar_52_2026-06-11 00:49:13",2026-06-11 00:50:12.5,NA,NA,NA,NA,NA,-21.6743850995939,0.00988254642906249,0.00145677200945578,3649.78655323742,0.090274818734672,6.7554978661261e-09,0.442419427845198,0.195419327222697,-21.7176433071372,0.478755417307215,0.192289007427022,-21.4248869557115,TRUE,0.0105604753755796,0.00142177178971419,0.18149142055391,2026-06-11 00:49:43,2026-06-11 00:50:42,NA
"52","2026-06-11 01:49:12","Collar_52_2026-06-11 01:49:12",2026-06-11 01:50:11.5,NA,NA,NA,NA,NA,11.5365152321165,-0.00254990498723743,0.00131625544059928,3671.0866270977,0.0815671364752651,0.0551057912453817,0.0308239508745392,0.249707221707364,-20.5044317777424,0.282261675867809,0.216732900590919,11.593932628673,TRUE,-0.00231998101070086,0.00136866210978341,0.264323483490181,2026-06-11 01:49:42,2026-06-11 01:50:41,NA
"52","2026-06-11 02:49:12","Collar_52_2026-06-11 02:49:12",2026-06-11 02:50:11.5,NA,NA,NA,NA,NA,-86.6079701727087,0.00722506167595065,0.000874463749697359,3682.92752145149,0.0541897125847863,2.40027094588977e-13,0.366494722800151,0.165894785074023,-84.8664956381859,0.378306451264114,0.165751628897934,-86.5328646090022,TRUE,0.00735546789218582,0.000836745121496085,0.167979198451521,2026-06-11 02:49:42,2026-06-11 02:50:41,NA
"52","2026-06-11 03:49:14","Collar_52_2026-06-11 03:49:14",2026-06-11 03:50:13.5,95.8597812295441,-0.0631709389069212,3.25415786813177e-27,0.629637278900753,0.354829027241695,94.24572494692,-0.0265950403026227,0.00185783647461976,3703.74454029337,0.115128413984022,1.46600737530504e-27,0.634585478802842,0.352450725105977,94.011914309894,0.64725316145015,0.349260186526368,95.1480590768876,TRUE,-0.0277768690756343,0.00174340659217252,0.374000964147756,2026-06-11 03:49:44,2026-06-11 03:50:43,NA
"52","2026-06-11 04:49:12","Collar_52_2026-06-11 04:49:12",2026-06-11 04:50:11.5,NA,NA,NA,NA,NA,-30.1720472942495,0.0211347558512152,0.00110628243941283,3674.58002065515,0.0685553031216275,6.52021398045408e-38,0.755680645028562,0.20987317951267,-31.3275188945859,0.765954875143457,0.207176176650872,-30.0106440178589,TRUE,0.020852473148339,0.00117858195724683,0.242235898225848,2026-06-11 04:49:42,2026-06-11 04:50:41,NA
"52","2026-06-11 06:12:58","Collar_52_2026-06-11 06:12:58",2026-06-11 06:13:57.5,40.8763968811439,-0.0256026970657388,3.42404917098817e-15,0.659552016798935,0.329113989134533,25.7444581585292,-0.0274620543046502,0.00216274892425159,3694.33372667868,0.134023557453137,2.16598288447374e-18,0.735441243268595,0.290122913527662,3.73981329942638,0.828488105201117,0.23773223065625,26.0968446715836,TRUE,-0.0270753545812888,0.00206156511963192,0.263042561972813,2026-06-11 06:13:28,2026-06-11 06:14:27,NA
"52","2026-06-11 06:33:57","Collar_52_2026-06-11 06:33:57",2026-06-11 06:34:56.5,7.61999460282554,0.0422115234402294,1.30029146855151e-35,0.932332650615134,0.249452240652732,-17.8711917061812,0.0532241952876856,0.00150368131853985,3707.36691504581,0.0931817453827991,5.72813037859802e-41,0.955754632593088,0.201711997291992,-14.690326506041,0.956354576652244,0.203885887153722,-17.8358542071755,TRUE,0.053072489238621,0.00152514780500132,0.210536990262128,2026-06-11 06:34:27,2026-06-11 06:35:26,NA
"52","2026-06-11 07:33:57","Collar_52_2026-06-11 07:33:57",2026-06-11 07:34:56.5,NA,NA,NA,NA,NA,53.5141425625597,-0.0397745692590747,0.0027258875987216,3755.52992944437,0.168920742071103,4.53133419291543e-21,0.785906380036782,0.365665400741651,-18.6750165526975,0.93986487717592,0.197226873896347,53.5505339232656,TRUE,-0.0393335988239739,0.0026997115395904,0.470517854214652,2026-06-11 07:34:27,2026-06-11 07:35:26,NA
"52","2026-06-11 08:33:52","Collar_52_2026-06-11 08:33:52",2026-06-11 08:34:51.5,-55.4299197874449,0.0121140675701731,4.32645984494525e-17,0.706854887153018,0.147503443812194,-50.4942696901485,0.0127703327922432,0.00114574757811667,3743.51627297811,0.0710009213925053,4.78263273224544e-16,0.681720926655657,0.15369681695507,-53.1345655690738,0.715066166807823,0.147996970177166,-50.4769624068269,TRUE,0.012652401999332,0.00125691877456868,0.167516442504618,2026-06-11 08:34:22,2026-06-11 08:35:21,NA
"52","2026-06-11 09:33:53","Collar_52_2026-06-11 09:33:53",2026-06-11 09:34:52.5,17.8221666129447,0.0535532149179571,3.9557245316541e-13,0.599594179127889,0.271587827442876,18.5711281655158,0.0187887438493468,0.00203725296118546,4108.74118351178,0.126246688290226,5.70390079125556e-13,0.594564711028358,0.27328820191022,12.4761518262231,0.657349261987742,0.255685399378104,18.7463075480356,TRUE,0.0180379933480427,0.00215258987838605,0.252980313967157,2026-06-11 09:34:23,2026-06-11 09:35:22,NA
"52","2026-06-11 10:33:59","Collar_52_2026-06-11 10:33:59",2026-06-11 10:34:58.5,NA,NA,NA,NA,NA,99.340155167054,0.0255811811453927,0.0039935379319429,3771.91763221208,0.247475864840966,2.89640556869665e-08,0.414332326272247,0.535714916838735,66.4404693392782,0.683362446547641,0.400875307872762,99.3503310740693,TRUE,0.0253389145002058,0.0042390415724499,0.49551322767137,2026-06-11 10:34:29,2026-06-11 10:35:28,NA
"52","2026-06-11 11:33:54","Collar_52_2026-06-11 11:33:54",2026-06-11 11:34:53.5,NA,NA,NA,NA,NA,-19.5986670031326,0.00838754123210212,0.00148218994448918,3689.95029306211,0.0918499447412507,4.93963878293639e-07,0.355719991485025,0.198829027389487,-27.4231561490281,0.470962875338626,0.183360387516978,-19.5390605845614,TRUE,0.00813029802073596,0.00152177955269259,0.18782974575848,2026-06-11 11:34:24,2026-06-11 11:35:23,NA
"52","2026-06-11 12:33:51","Collar_52_2026-06-11 12:33:51",2026-06-11 12:34:50.5,101.594003811155,0.00356487633906387,0.568859470064668,0.00562898410316623,0.545871838429911,101.500518672412,-0.00263286637410044,0.00406608478412391,3684.07595819019,0.25197152640496,0.519851097524005,0.00717709295327261,0.545446746495892,87.055577525257,0.269932773489711,0.476011966790419,101.504084454952,TRUE,-0.00253377682198454,0.00423031737500285,0.729223644883976,2026-06-11 12:34:21,2026-06-11 12:35:20,NA
"52","2026-06-11 13:33:53","Collar_52_2026-06-11 13:33:53",2026-06-11 13:34:52.5,NA,NA,NA,NA,NA,79.9532619450312,0.0157276486986492,0.003397772582815,3669.59104701183,0.21055683526611,2.11622375403804e-05,0.269759572064421,0.45579570988427,57.3234748962383,0.531496276614795,0.371547037910968,80.3775946143855,TRUE,0.0148763967480333,0.00314713379055709,0.388434629395268,2026-06-11 13:34:23,2026-06-11 13:35:22,NA
"52","2026-06-11 14:33:53","Collar_52_2026-06-11 14:33:53",2026-06-11 14:34:52.5,NA,NA,NA,NA,NA,48.7285178685621,-0.0115539758411076,0.0026193177774957,3708.80247021128,0.162316708474007,4.52341014648804e-05,0.251202051339964,0.351369544814278,8.69542054506675,0.640546712874155,0.247755329866677,49.1639022334127,TRUE,-0.0126269519113559,0.00244209234455371,0.283243584715722,2026-06-11 14:34:23,2026-06-11 14:35:22,NA
"52","2026-06-11 15:33:52","Collar_52_2026-06-11 15:33:52",2026-06-11 15:34:51.5,NA,NA,NA,NA,NA,-20.576898835893,0.00904507148141325,0.00147015634810935,3692.52388076493,0.0911042338648308,7.62980479009246e-08,0.394904943817252,0.197214775266745,-26.8374440711629,0.490017467010374,0.184257545165909,-20.4901131411289,TRUE,0.00943796376028649,0.00154265148721522,0.190624639718785,2026-06-11 15:34:22,2026-06-11 15:35:21,NA
"52","2026-06-11 16:33:52","Collar_52_2026-06-11 16:33:52",2026-06-11 16:34:51.5,NA,NA,NA,NA,NA,102.106989145209,0.00139806689166889,0.00408668646959326,3690.70290845235,0.25324819386514,0.733510089050964,0.00201376977361419,0.548210368729118,17.4015834539376,0.772462274581405,0.266398429568864,103.683972162761,TRUE,0.00546563361970433,0.00348326010139496,0.538252915614773,2026-06-11 16:34:22,2026-06-11 16:35:21,NA
"52","2026-06-11 17:33:55","Collar_52_2026-06-11 17:33:55",2026-06-11 17:34:54.5,NA,NA,NA,NA,NA,43.0670177593681,-0.00310481115088745,0.00249861037172149,3674.20490234494,0.154836581792914,0.219010144573231,0.0259319169376818,0.335177196338276,-16.742524789597,0.663704974811746,0.200428747250033,43.1048598639332,TRUE,-0.00330349362239609,0.00256205905421256,0.408696096435331,2026-06-11 17:34:25,2026-06-11 17:35:24,NA
"52","2026-06-11 18:33:53","Collar_52_2026-06-11 18:33:53",2026-06-11 18:34:52.5,NA,NA,NA,NA,NA,-22.5005359601355,0.00192718451573037,0.00144677717535975,3663.18023316549,0.0896554480778735,0.188053359610364,0.0296844028490022,0.194078565770616,-22.493911985283,0.0921627618614989,0.19104912265278,-22.4579732702745,TRUE,0.00217379166077687,0.0014824960338207,0.18796285230823,2026-06-11 18:34:23,2026-06-11 18:35:22,NA
"52","2026-06-11 19:33:55","Collar_52_2026-06-11 19:33:55",2026-06-11 19:34:54.5,NA,NA,NA,NA,NA,-29.0353983285979,0.00180204734004388,0.00137009661413565,3654.29767242282,0.0849036243744753,0.193595245819481,0.0289626273814086,0.183792217880756,-32.1730432450641,0.137871606681981,0.176244309470462,-29.0033064825822,TRUE,0.0015707435627974,0.00138427387335158,0.206805975091851,2026-06-11 19:34:25,2026-06-11 19:35:24,NA
"52","2026-06-11 20:33:52","Collar_52_2026-06-11 20:33:52",2026-06-11 20:34:51.5,NA,NA,NA,NA,NA,-30.6168288761259,0.0118969179116396,0.00135215913044014,3678.70468950163,0.083792055042653,2.85614015011682e-12,0.571680384090422,0.181385986175937,-33.0747862038499,0.615387220394787,0.174924880909392,-30.5685308124588,TRUE,0.0121710537196959,0.00145243066782545,0.203408648157172,2026-06-11 20:34:22,2026-06-11 20:35:21,NA
"52","2026-06-11 21:33:52","Collar_52_2026-06-11 21:33:52",2026-06-11 21:34:51.5,NA,NA,NA,NA,NA,6.84466723113031,0.00262379512903349,0.00184758947864483,3596.87642779073,0.114493417088003,0.16092655025261,0.033602881085749,0.247845709937403,2.45459843902752,0.159715633537866,0.235199675225487,7.10235357006955,TRUE,0.00246279475571353,0.0017730120686584,0.231576350800341,2026-06-11 21:34:22,2026-06-11 21:35:21,NA
"52","2026-06-11 22:33:52","Collar_52_2026-06-11 22:33:52",2026-06-11 22:34:51.5,-25.4668538586383,0.0117190487153774,1.691636248148e-12,0.579256643908776,0.189339886161109,-22.6001412572711,0.0123864751058444,0.00144557678469695,3605.19793699626,0.089581060974887,6.87828719663143e-12,0.558666164499546,0.193917538832834,-24.0517855230131,0.596998272754371,0.188584899772779,-22.5577522701547,TRUE,0.0121072853903462,0.00134987742533063,0.210398004413766,2026-06-11 22:34:22,2026-06-11 22:35:21,NA
"52","2026-06-11 23:33:57","Collar_52_2026-06-11 23:33:57",2026-06-11 23:34:56.5,NA,NA,NA,NA,NA,-29.6788457388119,-0.00594742631407071,0.00136276973263529,3649.45444968954,0.0844495842810071,5.31597872682654e-05,0.247206998220822,0.182809350112741,-27.1298013493777,0.265193133171696,0.183809182942554,-29.676614051847,TRUE,-0.00600303367530841,0.00146128310779666,0.210109014133542,2026-06-11 23:34:27,2026-06-11 23:35:26,NA
