"SN","label","chamber","Vtotal","obs_length","DeadBand","TimeClosing","start_time","end_time","Tcham","Pressure","V1_avg","V2_avg","V3_avg","V4_avg","Plot","Group","Treatment","LI8100A_Port"
"81A-1767","41","101","6918.9","01:30","00:25","13","2026-06-10 00:08:14","2026-06-10 00:09:56",20.7925471698113,100.730566037736,2.66415094339623,-0.532349056603774,145.684037735849,0.0349622641509434,"Fresh",11,"Control",NA
"81A-1767","42","101","6926.900","01:30","00:25","14","2026-06-10 00:11:15","2026-06-10 00:12:58",20.934953271028,100.760841121495,2.56635514018692,0.456719626168224,11.8608317757009,0.0347663551401869,"Fresh",11,"Disturbance",NA
"81A-1767","43","101","6926.900","01:30","00:25","14","2026-06-10 00:14:16","2026-06-10 00:15:59",20.8101869158879,100.766728971963,2.66448598130841,0.434897196261682,145.86608411215,0.0546448598130841,"Fresh",11,"1 µm",NA
"81A-1767","44","101","6926.900","01:30","00:25","14","2026-06-10 00:17:17","2026-06-10 00:19:00",167.442429906542,100.758037383178,2.56448598130841,0.759542056074766,19.7896261682243,0.0541028037383178,"Fresh",11,"45 µm",NA
"81A-1767","40","101","6926.900","01:30","00:25","13","2026-06-10 00:20:17","2026-06-10 00:21:59",20.7588679245283,100.747547169811,2.66792452830189,0.775311320754717,141.527830188679,0.126811320754717,"Fresh",10,"45 µm",NA
"81A-1767","38","101","6926.900","01:30","00:25","14","2026-06-10 00:23:16","2026-06-10 00:24:59",-72.325046728972,100.753364485981,2.66542056074766,-0.530990654205608,74.5777196261682,0.0491308411214953,"Fresh",10,"Disturbance",NA
"81A-1767","45","101","6926.900","01:30","00:25","14","2026-06-10 00:26:17","2026-06-10 00:28:00",-69.4593457943925,100.745420560748,2.56355140186916,0.676588785046729,19.9009158878505,0.121214953271028,"Fresh",12,"Control",NA
"81A-1767","41","101","6918.900","01:30","00:25","13","2026-06-10 00:29:21","2026-06-10 00:31:03",20.7868867924528,100.738490566038,2.66475471698113,-0.531830188679245,146.075745283019,0.0346981132075472,"Fresh",11,"Control",NA
"81A-1767","42","101","6926.900","01:30","00:25","13","2026-06-10 00:32:21","2026-06-10 00:34:03",20.9046226415094,100.73320754717,2.56664150943396,0.457641509433962,11.8478679245283,0.0346981132075472,"Fresh",11,"Disturbance",NA
"81A-1767","43","101","6926.900","01:30","00:25","14","2026-06-10 00:35:22","2026-06-10 00:37:05",20.7927102803738,100.746074766355,2.66355140186916,0.432915887850467,146.080056074766,0.0544672897196262,"Fresh",11,"1 µm",NA
"81A-1767","44","101","6926.900","01:30","00:25","14","2026-06-10 00:38:24","2026-06-10 00:40:07",167.661401869159,100.740841121495,2.56355140186916,0.755,19.7506261682243,0.0550654205607477,"Fresh",11,"45 µm",NA
"81A-1767","40","101","6926.900","01:30","00:25","13","2026-06-10 00:41:24","2026-06-10 00:43:06",20.7452830188679,100.737452830189,2.67075471698113,0.773490566037736,141.375830188679,0.125622641509434,"Fresh",10,"45 µm",NA
"81A-1767","38","101","6926.900","01:30","00:25","14","2026-06-10 00:44:26","2026-06-10 00:46:09",-72.3154205607477,100.742710280374,2.66448598130841,-0.485383177570093,74.5718971962617,0.0488411214953271,"Fresh",10,"Disturbance",NA
"81A-1767","45","101","6926.900","01:30","00:25","14","2026-06-10 00:47:26","2026-06-10 00:49:09",-69.4116822429907,100.732710280374,2.56355140186916,0.779981308411215,19.8782523364486,0.122327102803738,"Fresh",12,"Control",NA
"81A-1767","41","101","6918.900","01:30","00:25","13","2026-06-10 01:29:20","2026-06-10 01:31:02",20.5445283018868,100.664056603774,2.66509433962264,-0.531141509433962,145.830764150943,0.0347735849056604,"Fresh",11,"Control",NA
"81A-1767","42","101","6926.900","01:30","00:25","14","2026-06-10 01:32:20","2026-06-10 01:34:03",20.7101869158878,100.690934579439,2.56635514018692,0.451794392523365,11.8122523364486,0.034785046728972,"Fresh",11,"Disturbance",NA
"81A-1767","43","101","6926.900","01:30","00:25","14","2026-06-10 01:35:20","2026-06-10 01:37:03",20.5828037383178,100.699906542056,2.66448598130841,0.424990654205607,145.793448598131,0.0545046728971963,"Fresh",11,"1 µm",NA
"81A-1767","44","101","6926.900","01:30","00:25","14","2026-06-10 01:38:21","2026-06-10 01:40:04",167.276355140187,100.698411214953,2.56448598130841,0.755822429906542,19.7309813084112,0.0545700934579439,"Fresh",11,"45 µm",NA
"81A-1767","40","101","6926.900","01:30","00:25","13","2026-06-10 01:41:21","2026-06-10 01:43:03",20.4588679245283,100.695283018868,2.66509433962264,0.775103773584906,141.551339622642,0.126754716981132,"Fresh",10,"45 µm",NA
"81A-1767","38","101","6926.900","01:30","00:25","14","2026-06-10 01:44:20","2026-06-10 01:46:03",-72.2863551401869,100.702803738318,2.66448598130841,-0.530990654205608,74.4958785046729,0.0495327102803738,"Fresh",10,"Disturbance",NA
"81A-1767","45","101","6926.900","01:30","00:25","14","2026-06-10 01:47:20","2026-06-10 01:49:03",-69.3991588785047,100.694859813084,2.56321495327103,0.761504672897196,19.8229906542056,0.128121495327103,"Fresh",12,"Control",NA
"81A-1767","41","101","6918.900","01:30","00:25","13","2026-06-10 02:29:20","2026-06-10 02:31:02",20.2970754716981,100.641509433962,2.65838679245283,-0.531141509433962,145.575679245283,0.0349056603773585,"Fresh",11,"Control",NA
"81A-1767","42","101","6926.900","01:30","00:25","13","2026-06-10 02:32:20","2026-06-10 02:34:02",20.4666037735849,100.658962264151,2.56509433962264,0.454669811320755,11.7664433962264,0.034811320754717,"Fresh",11,"Disturbance",NA
"81A-1767","43","101","6926.900","01:30","00:25","14","2026-06-10 02:35:21","2026-06-10 02:37:04",20.3901869158878,100.674859813084,2.66355140186916,0.419934579439252,145.565990654206,0.0545514018691589,"Fresh",11,"1 µm",NA
"81A-1767","44","101","6926.900","01:30","00:25","14","2026-06-10 02:38:22","2026-06-10 02:40:05",166.907102803738,100.669158878505,2.56542056074766,0.781214953271028,19.6911214953271,0.0568504672897196,"Fresh",11,"45 µm",NA
"81A-1767","40","101","6926.900","01:30","00:25","13","2026-06-10 02:41:22","2026-06-10 02:43:04",20.306320754717,100.661037735849,2.66509433962264,0.775509433962264,141.471877358491,0.126896226415094,"Fresh",10,"45 µm",NA
"81A-1767","38","101","6926.900","01:30","00:25","14","2026-06-10 02:44:21","2026-06-10 02:46:04",-72.1898130841121,100.662710280374,2.66448598130841,-0.532084112149533,74.5435607476635,0.0495794392523364,"Fresh",10,"Disturbance",NA
"81A-1767","45","101","6926.900","01:30","00:25","14","2026-06-10 02:47:21","2026-06-10 02:49:04",-69.4529906542056,100.651028037383,2.56448598130841,0.736420560747663,19.7614859813084,0.127495327102804,"Fresh",12,"Control",NA
"81A-1767","41","101","6918.900","01:30","00:25","13","2026-06-10 03:29:20","2026-06-10 03:31:02",20.0906603773585,100.571226415094,2.66415094339623,-0.531047169811321,145.482,0.035,"Fresh",11,"Control",NA
"81A-1767","42","101","6926.900","01:30","00:25","14","2026-06-10 03:32:20","2026-06-10 03:34:03",20.2490654205607,100.592710280374,2.58310280373832,0.453719626168224,11.7199252336449,0.0350560747663551,"Fresh",11,"Disturbance",NA
"81A-1767","43","101","6926.900","01:30","00:25","14","2026-06-10 03:35:22","2026-06-10 03:37:05",20.2397196261682,100.594299065421,2.66448598130841,0.41607476635514,145.468663551402,0.0545514018691589,"Fresh",11,"1 µm",NA
"81A-1767","44","101","6926.900","01:30","00:25","14","2026-06-10 03:38:23","2026-06-10 03:40:06",166.315327102804,100.588971962617,2.56448598130841,0.77885046728972,19.6568411214953,0.0555046728971963,"Fresh",11,"45 µm",NA
"81A-1767","40","101","6926.900","01:30","00:25","13","2026-06-10 03:41:24","2026-06-10 03:43:06",20.1538679245283,100.582358490566,2.66415094339623,0.775245283018868,141.529226415094,0.126650943396226,"Fresh",10,"45 µm",NA
"81A-1767","38","101","6926.900","01:30","00:25","14","2026-06-10 03:44:23","2026-06-10 03:46:06",-72.0120560747664,100.589439252336,2.66448598130841,-0.530233644859813,74.5341682242991,0.0496915887850467,"Fresh",10,"Disturbance",NA
"81A-1767","45","101","6926.900","01:30","00:25","14","2026-06-10 03:47:23","2026-06-10 03:49:06",-69.2024299065421,100.581775700935,2.56448598130841,0.706299065420561,19.7037663551402,0.127542056074766,"Fresh",12,"Control",NA
"81A-1767","41","101","6918.900","01:30","00:25","13","2026-06-10 04:29:20","2026-06-10 04:31:02",20.0509433962264,100.516320754717,2.66475471698113,-0.530943396226415,145.367716981132,0.0351132075471698,"Fresh",11,"Control",NA
"81A-1767","42","101","6926.900","01:30","00:25","14","2026-06-10 04:32:20","2026-06-10 04:34:03",20.2300934579439,100.534859813084,2.56728971962617,0.453411214953271,11.6751214953271,0.035214953271028,"Fresh",11,"Disturbance",NA
"81A-1767","43","101","6926.900","01:30","00:25","14","2026-06-10 04:35:22","2026-06-10 04:37:05",20.1085981308411,100.54046728972,2.66448598130841,0.416429906542056,145.461,0.0544579439252336,"Fresh",11,"1 µm",NA
"81A-1767","44","101","6926.900","01:30","00:25","14","2026-06-10 04:38:23","2026-06-10 04:40:06",167.145981308411,100.531308411215,2.56355140186916,0.770214953271028,19.5794392523364,0.0540747663551402,"Fresh",11,"45 µm",NA
"81A-1767","40","101","6926.900","01:30","00:25","13","2026-06-10 04:41:25","2026-06-10 04:43:07",20.1807547169811,100.523867924528,2.66381132075472,0.775462264150943,141.388735849057,0.127377358490566,"Fresh",10,"45 µm",NA
"81A-1767","38","101","6926.900","01:30","00:25","14","2026-06-10 04:44:25","2026-06-10 04:46:08",-71.6610280373832,100.532336448598,2.66355140186916,-0.532542056074766,74.5536822429906,0.0494953271028037,"Fresh",10,"Disturbance",NA
"81A-1767","45","101","6926.900","01:30","00:25","14","2026-06-10 04:47:27","2026-06-10 04:49:10",-68.9905607476636,100.526261682243,2.56448598130841,0.679981308411215,19.6499439252336,0.127121495327103,"Fresh",12,"Control",NA
"81A-1767","41","101","6918.900","01:30","00:25","13","2026-06-10 05:29:20","2026-06-10 05:31:02",20.0941509433962,100.472264150943,2.66509433962264,-0.530943396226415,145.409132075472,0.0350943396226415,"Fresh",11,"Control",NA
"81A-1767","42","101","6926.900","01:30","00:25","14","2026-06-10 05:32:20","2026-06-10 05:34:03",20.2642056074766,100.496355140187,2.57071028037383,0.452523364485981,11.6385887850467,0.0353084112149533,"Fresh",11,"Disturbance",NA
"81A-1767","43","101","6926.900","01:30","00:25","14","2026-06-10 05:35:22","2026-06-10 05:37:05",20.1615887850467,100.50261682243,2.66542056074766,0.411299065420561,145.372990654206,0.0545046728971963,"Fresh",11,"1 µm",NA
"81A-1767","44","101","6926.900","01:30","00:25","14","2026-06-10 05:38:23","2026-06-10 05:40:06",166.855887850467,100.49953271028,2.56448598130841,0.761168224299065,19.5292803738318,0.0542523364485981,"Fresh",11,"45 µm",NA
"81A-1767","40","101","6926.900","01:30","00:25","13","2026-06-10 05:41:25","2026-06-10 05:43:07",20.068679245283,100.496132075472,2.66415094339623,0.774207547169811,141.52008490566,0.127518867924528,"Fresh",10,"45 µm",NA
"81A-1767","38","101","6926.900","01:30","00:25","14","2026-06-10 05:44:25","2026-06-10 05:46:08",-72.1321495327103,100.506355140187,2.66542056074766,-0.531878504672897,74.5354205607477,0.0494953271028037,"Fresh",10,"Disturbance",NA
"81A-1767","45","101","6926.900","01:30","00:25","14","2026-06-10 05:47:26","2026-06-10 05:49:09",-68.5947663551402,100.500841121495,2.56448598130841,0.796971962616822,19.6005046728972,0.125878504672897,"Fresh",12,"Control",NA
"81A-1767","41","101","6918.900","01:30","00:25","13","2026-06-10 06:29:20","2026-06-10 06:31:02",20.0175471698113,100.467075471698,2.66698113207547,-0.530943396226415,145.225235849057,0.0353018867924528,"Fresh",11,"Control",NA
"81A-1767","42","101","6926.900","01:30","00:25","14","2026-06-10 06:32:21","2026-06-10 06:34:04",20.1759813084112,100.491495327103,2.57814953271028,0.452214953271028,11.6021308411215,0.0355327102803738,"Fresh",11,"Disturbance",NA
"81A-1767","43","101","6926.900","01:30","00:25","14","2026-06-10 06:35:23","2026-06-10 06:37:06",20.1119626168224,100.501308411215,2.66448598130841,0.41218691588785,145.033476635514,0.0548691588785047,"Fresh",11,"1 µm",NA
"81A-1767","44","101","6926.900","01:30","00:25","14","2026-06-10 06:38:24","2026-06-10 06:40:07",166.431121495327,100.499065420561,2.56542056074766,0.760242990654206,19.5477289719626,0.050803738317757,"Fresh",11,"45 µm",NA
"81A-1767","40","101","6926.900","01:30","00:25","13","2026-06-10 06:41:24","2026-06-10 06:43:06",20.0881132075472,100.495566037736,2.66415094339623,0.773962264150943,141.505990566038,0.12811320754717,"Fresh",10,"45 µm",NA
"81A-1767","38","101","6926.900","01:30","00:25","14","2026-06-10 06:44:24","2026-06-10 06:46:07",-72.4352336448598,100.505327102804,2.66448598130841,-0.527121495327103,74.5230280373832,0.0500373831775701,"Fresh",10,"Disturbance",NA
"81A-1767","45","101","6926.900","01:30","00:25","14","2026-06-10 06:47:24","2026-06-10 06:49:07",-68.6603738317757,100.499813084112,2.56448598130841,0.81718691588785,19.5562242990654,0.127672897196262,"Fresh",12,"Control",NA
"81A-1767","41","101","6918.900","01:30","00:25","13","2026-06-10 07:29:20","2026-06-10 07:31:02",20.5838679245283,100.487735849057,2.59671698113208,-0.530943396226415,145.001075471698,0.0355566037735849,"Fresh",11,"Control",NA
"81A-1767","42","101","6926.900","01:30","00:25","13","2026-06-10 07:32:20","2026-06-10 07:34:02",20.7746226415094,100.502075471698,2.53228301886792,0.44972641509434,11.5779245283019,0.0356603773584906,"Fresh",11,"Disturbance",NA
"81A-1767","43","101","6926.900","01:30","00:25","14","2026-06-10 07:35:20","2026-06-10 07:37:03",20.7293457943925,100.51523364486,2.57570093457944,0.435121495327103,144.944074766355,0.0549158878504673,"Fresh",11,"1 µm",NA
"81A-1767","44","101","6926.900","01:30","00:25","14","2026-06-10 07:38:21","2026-06-10 07:40:04",166.118691588785,100.510373831776,2.47663551401869,0.753560747663551,19.5038224299065,0.0552803738317757,"Fresh",11,"45 µm",NA
"81A-1767","40","101","6926.900","01:30","00:25","13","2026-06-10 07:41:23","2026-06-10 07:43:05",20.7882075471698,100.501509433962,2.58916981132075,0.774622641509434,141.513603773585,0.128216981132075,"Fresh",10,"45 µm",NA
"81A-1767","38","101","6926.900","01:30","00:25","14","2026-06-10 07:44:23","2026-06-10 07:46:06",-72.3057943925234,100.507570093458,2.57757943925234,-0.530102803738318,74.5842897196262,0.0496822429906542,"Fresh",10,"Disturbance",NA
"81A-1767","45","101","6926.900","01:30","00:25","14","2026-06-10 07:47:25","2026-06-10 07:49:08",-69.458691588785,100.492803738318,2.56355140186916,0.769934579439252,19.6804953271028,0.124542056074766,"Fresh",12,"Control",NA
"81A-1767","41","101","6918.900","01:30","00:25","13","2026-06-10 08:29:20","2026-06-10 08:31:02",21.4491509433962,100.460754716981,2.66415094339623,-0.530943396226415,145.16220754717,0.0354150943396226,"Fresh",11,"Control",NA
"81A-1767","42","101","6926.900","01:30","00:25","13","2026-06-10 08:32:19","2026-06-10 08:34:01",21.6504716981132,100.478773584906,2.59247169811321,0.495283018867925,11.5771698113208,0.0354622641509434,"Fresh",11,"Disturbance",NA
"81A-1767","43","101","6926.900","01:30","00:25","14","2026-06-10 08:35:18","2026-06-10 08:37:01",21.7415887850467,100.496355140187,2.66448598130841,0.493345794392523,145.208785046729,0.0549252336448598,"Fresh",11,"1 µm",NA
"81A-1767","44","101","6926.900","01:30","00:25","14","2026-06-10 08:38:18","2026-06-10 08:40:01",166.179906542056,100.488411214953,2.56542056074766,0.781644859813084,19.6408878504673,0.0558130841121495,"Fresh",11,"45 µm",NA
"81A-1767","40","101","6926.900","01:30","00:25","13","2026-06-10 08:41:18","2026-06-10 08:43:00",21.816320754717,100.483679245283,2.66415094339623,0.774160377358491,141.533716981132,0.128660377358491,"Fresh",10,"45 µm",NA
"81A-1767","38","101","6926.900","01:30","00:25","14","2026-06-10 08:44:17","2026-06-10 08:46:00",-72.128785046729,100.493271028037,2.66448598130841,-0.525766355140187,74.6200186915888,0.0502710280373832,"Fresh",10,"Disturbance",NA
"81A-1767","45","101","6926.900","01:30","00:25","14","2026-06-10 08:47:17","2026-06-10 08:49:00",-69.2393457943925,100.487102803738,2.56355140186916,0.743411214953271,20.0359813084112,0.119140186915888,"Fresh",12,"Control",NA
"81A-1767","41","101","6918.900","01:30","00:25","13","2026-06-10 09:29:20","2026-06-10 09:31:02",21.9195283018868,100.442169811321,2.66509433962264,-0.531047169811321,145.454783018868,0.0350377358490566,"Fresh",11,"Control",NA
"81A-1767","42","101","6926.900","01:30","00:25","13","2026-06-10 09:32:21","2026-06-10 09:34:03",22.1205660377358,100.454622641509,2.56792452830189,0.474481132075472,11.7119811320755,0.0350754716981132,"Fresh",11,"Disturbance",NA
"81A-1767","43","101","6926.900","01:30","00:25","14","2026-06-10 09:35:20","2026-06-10 09:37:03",22.2152336448598,100.470747663551,2.66542056074766,0.484327102803738,145.520700934579,0.0548411214953271,"Fresh",11,"1 µm",NA
"81A-1767","44","101","6926.900","01:30","00:25","14","2026-06-10 09:38:23","2026-06-10 09:40:06",166.596635514019,100.465140186916,2.56542056074766,0.754280373831776,19.7768411214953,0.0559252336448598,"Fresh",11,"45 µm",NA
"81A-1767","40","101","6926.900","01:30","00:25","13","2026-06-10 09:41:23","2026-06-10 09:43:05",22.187358490566,100.460377358491,2.66415094339623,0.775820754716981,141.480330188679,0.128735849056604,"Fresh",10,"45 µm",NA
"81A-1767","38","101","6926.900","01:30","00:25","14","2026-06-10 09:44:22","2026-06-10 09:46:05",-71.9854205607477,100.465794392523,2.66355140186916,-0.523579439252337,74.6688411214953,0.0505420560747664,"Fresh",10,"Disturbance",NA
"81A-1767","45","101","6926.900","01:30","00:25","14","2026-06-10 09:47:22","2026-06-10 09:49:05",-69.1178504672897,100.462056074766,2.56542056074766,0.741355140186916,20.2730934579439,0.117897196261682,"Fresh",12,"Control",NA
"81A-1767","41","101","6918.900","01:30","00:25","13","2026-06-10 10:29:20","2026-06-10 10:31:02",22.2516037735849,100.403490566038,2.57547169811321,-0.531141509433962,145.745330188679,0.0348018867924528,"Fresh",11,"Control",NA
"81A-1767","42","101","6926.900","01:30","00:25","13","2026-06-10 10:32:19","2026-06-10 10:34:01",22.3733018867925,100.415660377358,2.47958490566038,0.497160377358491,11.8038773584906,0.034811320754717,"Fresh",11,"Disturbance",NA
"81A-1767","43","101","6926.900","01:30","00:25","14","2026-06-10 10:35:18","2026-06-10 10:37:01",22.5428037383178,100.428878504673,2.62293457943925,0.483542056074766,145.800990654206,0.0548971962616822,"Fresh",11,"1 µm",NA
"81A-1767","44","101","6926.900","01:30","00:25","14","2026-06-10 10:38:19","2026-06-10 10:40:02",166.865981308411,100.419906542056,2.52579439252336,0.780514018691589,19.8876728971963,0.0532336448598131,"Fresh",11,"45 µm",NA
"81A-1767","40","101","6926.900","01:30","00:25","13","2026-06-10 10:41:21","2026-06-10 10:43:03",22.5405660377359,100.410471698113,2.66415094339623,0.775094339622642,141.477254716981,0.128622641509434,"Fresh",10,"45 µm",NA
"81A-1767","38","101","6926.900","01:30","00:25","14","2026-06-10 10:44:20","2026-06-10 10:46:03",-71.9356074766355,100.411962616822,2.66355140186916,-0.52081308411215,74.6698878504673,0.0507383177570093,"Fresh",10,"Disturbance",NA
"81A-1767","45","101","6926.900","01:30","00:25","14","2026-06-10 10:47:20","2026-06-10 10:49:03",-68.9442056074766,100.396822429907,2.55665420560748,0.720485981308411,20.3588130841121,0.115906542056075,"Fresh",12,"Control",NA
"81A-1767","41","101","6918.900","01:30","00:25","13","2026-06-10 11:29:20","2026-06-10 11:31:02",24.6768867924528,100.322924528302,2.66509433962264,-0.531245283018868,145.951830188679,0.0347264150943396,"Fresh",11,"Control",NA
"81A-1767","42","101","6926.900","01:30","00:25","13","2026-06-10 11:32:19","2026-06-10 11:34:01",24.2837735849057,100.334056603774,2.56509433962264,0.498254716981132,11.9007358490566,0.0346792452830189,"Fresh",11,"Disturbance",NA
"81A-1767","43","101","6926.900","01:30","00:25","14","2026-06-10 11:35:18","2026-06-10 11:37:01",24.3934579439252,100.354299065421,2.66355140186916,0.483130841121495,146.03946728972,0.0568411214953271,"Fresh",11,"1 µm",NA
"81A-1767","44","101","6926.900","01:30","00:25","14","2026-06-10 11:38:19","2026-06-10 11:40:02",167.210747663551,100.350186915888,2.56072897196262,0.781747663551402,19.9721869158878,0.0630747663551402,"Fresh",11,"45 µm",NA
"81A-1767","40","101","6926.900","01:30","00:25","13","2026-06-10 11:41:19","2026-06-10 11:43:01",24.4714150943396,100.345660377358,2.66381132075472,0.775509433962264,141.282198113208,0.130037735849057,"Fresh",10,"45 µm",NA
"81A-1767","38","101","6926.900","01:30","00:25","14","2026-06-10 11:44:18","2026-06-10 11:46:01",-71.6738317757009,100.355420560748,2.66261682242991,-0.514869158878505,74.6866542056075,0.0505327102803738,"Fresh",10,"Disturbance",NA
"81A-1767","45","101","6926.900","01:30","00:25","14","2026-06-10 11:47:18","2026-06-10 11:49:01",-68.5971028037383,100.345140186916,2.55494392523364,0.73381308411215,20.4849626168224,0.110224299065421,"Fresh",12,"Control",NA
"81A-1767","41","101","6918.900","01:30","00:25","13","2026-06-10 12:29:20","2026-06-10 12:31:02",25.9667924528302,100.25641509434,2.60597169811321,-0.531933962264151,147.085254716981,0.0350471698113208,"Fresh",11,"Control",NA
"81A-1767","42","101","6926.900","01:30","00:25","13","2026-06-10 12:32:19","2026-06-10 12:34:01",26.1468867924528,100.270094339623,2.56509433962264,0.498943396226415,12.0546981132075,0.033877358490566,"Fresh",11,"Disturbance",NA
"81A-1767","43","101","6926.900","01:30","00:25","14","2026-06-10 12:35:18","2026-06-10 12:37:01",26.7001869158879,100.281121495327,2.66355140186916,0.482551401869159,147.131214953271,0.0577663551401869,"Fresh",11,"1 µm",NA
"81A-1767","44","101","6926.900","01:30","00:25","14","2026-06-10 12:38:18","2026-06-10 12:40:01",168.844112149533,100.267570093458,2.49376635514019,0.782411214953271,20.2243738317757,0.065588785046729,"Fresh",11,"45 µm",NA
"81A-1767","40","101","6926.900","01:30","00:25","13","2026-06-10 12:41:19","2026-06-10 12:43:01",26.4754716981132,100.258113207547,2.66381132075472,0.775301886792453,141.226481132075,0.129754716981132,"Fresh",10,"45 µm",NA
"81A-1767","38","101","6926.900","01:30","00:25","14","2026-06-10 12:44:18","2026-06-10 12:46:01",-71.1466355140187,100.262056074766,2.6281214953271,-0.506429906542056,74.7541962616822,0.0512990654205608,"Fresh",10,"Disturbance",NA
"81A-1767","45","101","6926.900","01:30","00:25","14","2026-06-10 12:47:18","2026-06-10 12:49:01",-67.8841121495327,100.251588785047,2.48614953271028,0.70903738317757,20.6973177570093,0.106915887850467,"Fresh",12,"Control",NA
"81A-1767","41","101","6918.900","01:30","00:25","13","2026-06-10 13:29:20","2026-06-10 13:31:02",27.4642452830189,100.16358490566,2.58647169811321,-0.532924528301887,148.109424528302,0.0404056603773585,"Fresh",11,"Control",NA
"81A-1767","42","101","6926.900","01:30","00:25","13","2026-06-10 13:32:19","2026-06-10 13:34:01",27.5012264150943,100.172641509434,2.56415094339623,0.499141509433962,12.2400471698113,0.0327264150943396,"Fresh",11,"Disturbance",NA
"81A-1767","43","101","6926.900","01:30","00:25","14","2026-06-10 13:35:18","2026-06-10 13:37:01",28.0832710280374,100.197289719626,2.65578504672897,0.481457943925234,148.187869158878,0.0624299065420561,"Fresh",11,"1 µm",NA
"81A-1767","44","101","6926.900","01:30","00:25","14","2026-06-10 13:38:19","2026-06-10 13:40:02",171.367943925234,100.188598130841,2.48006542056075,0.751364485981308,20.3959906542056,0.106271028037383,"Fresh",11,"45 µm",NA
"81A-1767","40","101","6926.900","01:30","00:25","13","2026-06-10 13:41:19","2026-06-10 13:43:01",27.3283018867925,100.17858490566,2.66381132075472,0.775509433962264,141.216537735849,0.12961320754717,"Fresh",10,"45 µm",NA
"81A-1767","38","101","6926.900","01:30","00:25","14","2026-06-10 13:44:18","2026-06-10 13:46:01",-70.5428037383178,100.177196261682,2.6217476635514,-0.496261682242991,74.7855887850467,0.0522803738317757,"Fresh",10,"Disturbance",NA
"81A-1767","45","101","6926.900","01:30","00:25","14","2026-06-10 13:47:18","2026-06-10 13:49:01",-67.4451401869159,100.161869158879,2.48136448598131,0.683233644859813,21.1713271028037,0.108719626168224,"Fresh",12,"Control",NA
"81A-1767","41","101","6918.900","01:30","00:25","13","2026-06-10 14:29:20","2026-06-10 14:31:02",27.142641509434,100.061320754717,2.59919811320755,-0.532924528301887,148.880952830189,0.0399339622641509,"Fresh",11,"Control",NA
"81A-1767","42","101","6926.900","01:30","00:25","13","2026-06-10 14:32:21","2026-06-10 14:34:03",27.6147169811321,100.073773584906,2.56509433962264,0.499830188679245,12.4375471698113,0.032622641509434,"Fresh",11,"Disturbance",NA
"81A-1767","43","101","6926.900","01:30","00:25","14","2026-06-10 14:35:20","2026-06-10 14:37:03",27.5821495327103,100.086355140187,2.66261682242991,0.481560747663551,148.96514953271,0.0611401869158879,"Fresh",11,"1 µm",NA
"81A-1767","44","101","6926.900","01:30","00:25","14","2026-06-10 14:38:20","2026-06-10 14:40:03",172.033551401869,100.081495327103,2.47476635514019,0.767971962616822,20.5357476635514,0.0993644859813084,"Fresh",11,"45 µm",NA
"81A-1767","40","101","6926.900","01:30","00:25","13","2026-06-10 14:41:20","2026-06-10 14:43:02",27.8278301886792,100.07358490566,2.66415094339623,0.775405660377358,141.159811320755,0.129452830188679,"Fresh",10,"45 µm",NA
"81A-1767","38","101","6926.900","01:30","00:25","14","2026-06-10 14:44:19","2026-06-10 14:46:02",-70.318691588785,100.081682242991,2.60120560747664,-0.50114953271028,74.7651401869159,0.0528598130841121,"Fresh",10,"Disturbance",NA
"81A-1767","45","101","6926.900","01:30","00:25","14","2026-06-10 14:47:19","2026-06-10 14:49:02",-66.974953271028,100.071401869159,2.47946728971963,0.78588785046729,21.0543457943925,0.105345794392523,"Fresh",12,"Control",NA
"81A-1767","41","101","6918.900","01:30","00:25","13","2026-06-10 15:29:20","2026-06-10 15:31:02",27.6553773584906,100.021509433962,2.56792452830189,-0.532924528301887,149.53720754717,0.0424905660377358,"Fresh",11,"Control",NA
"81A-1767","42","101","6926.900","01:30","00:25","13","2026-06-10 15:32:19","2026-06-10 15:34:01",27.9116037735849,100.043301886792,2.55998113207547,0.498160377358491,12.5867452830189,0.0319716981132075,"Fresh",11,"Disturbance",NA
"81A-1767","43","101","6926.900","01:30","00:25","14","2026-06-10 15:35:18","2026-06-10 15:37:01",28.1142056074766,100.063644859813,2.59424299065421,0.480467289719626,149.55746728972,0.0619439252336449,"Fresh",11,"1 µm",NA
"81A-1767","44","101","6926.900","01:30","00:25","14","2026-06-10 15:38:20","2026-06-10 15:40:03",172.480654205607,100.051308411215,2.46635514018692,0.759233644859813,20.7054112149533,0.098392523364486,"Fresh",11,"45 µm",NA
"81A-1767","40","101","6926.900","01:30","00:25","13","2026-06-10 15:41:20","2026-06-10 15:43:02",28.0001886792453,100.048867924528,2.58214150943396,0.77561320754717,141.204132075472,0.12977358490566,"Fresh",10,"45 µm",NA
"81A-1767","38","101","6926.900","01:30","00:25","14","2026-06-10 15:44:19","2026-06-10 15:46:02",-71.2507476635514,100.052336448598,2.56729906542056,-0.502093457943925,74.8238130841122,0.0529532710280374,"Fresh",10,"Disturbance",NA
"81A-1767","45","101","6926.900","01:30","00:25","14","2026-06-10 15:47:21","2026-06-10 15:49:04",-67.8795327102804,100.033364485981,2.46635514018692,0.777411214953271,21.2465514018692,0.10803738317757,"Fresh",12,"Control",NA
"81A-1767","41","101","6918.900","01:30","00:25","13","2026-06-10 16:29:20","2026-06-10 16:31:02",26.2381132075472,99.9147169811321,2.57642452830189,-0.532924528301887,149.88591509434,0.0361603773584906,"Fresh",11,"Control",NA
"81A-1767","42","101","6926.900","01:30","00:25","13","2026-06-10 16:32:19","2026-06-10 16:34:01",26.3732075471698,99.9216037735849,2.56664150943396,0.500235849056604,12.7045566037736,0.031622641509434,"Fresh",11,"Disturbance",NA
"81A-1767","43","101","6926.900","01:30","00:25","14","2026-06-10 16:35:18","2026-06-10 16:37:01",26.4863551401869,99.9377570093458,2.65977570093458,0.480467289719626,149.82661682243,0.060196261682243,"Fresh",11,"1 µm",NA
"81A-1767","44","101","6926.900","01:30","00:25","14","2026-06-10 16:38:19","2026-06-10 16:40:02",172.956168224299,99.9384112149533,2.4832523364486,0.765448598130841,20.7757943925234,0.0850560747663551,"Fresh",11,"45 µm",NA
"81A-1767","40","101","6926.900","01:30","00:25","13","2026-06-10 16:41:21","2026-06-10 16:43:03",26.3851886792453,99.9391509433962,2.66415094339623,0.774367924528302,141.215188679245,0.128150943396226,"Fresh",10,"45 µm",NA
"81A-1767","38","101","6926.900","01:30","00:25","14","2026-06-10 16:44:20","2026-06-10 16:46:03",-71.6807476635514,99.9453271028037,2.60651401869159,-0.510121495327103,74.8094112149533,0.052785046728972,"Fresh",10,"Disturbance",NA
"81A-1767","45","101","6926.900","01:30","00:25","14","2026-06-10 16:47:21","2026-06-10 16:49:04",-67.4523364485981,99.9259813084112,2.48034579439252,0.679738317757009,21.3180186915888,0.117177570093458,"Fresh",12,"Control",NA
"81A-1767","41","101","6918.900","01:30","00:25","13","2026-06-10 17:29:20","2026-06-10 17:31:02",24.3641509433962,99.9790566037736,2.57548113207547,-0.532924528301887,149.601188679245,0.0318018867924528,"Fresh",11,"Control",NA
"81A-1767","42","101","6926.900","01:30","00:25","14","2026-06-10 17:32:21","2026-06-10 17:34:04",24.4875700934579,99.9986915887851,2.56822429906542,0.499457943925234,12.747476635514,0.0318411214953271,"Fresh",11,"Disturbance",NA
"81A-1767","43","101","6926.900","01:30","00:25","14","2026-06-10 17:35:21","2026-06-10 17:37:04",24.4001869158879,99.9945794392523,2.66168224299065,0.484532710280374,149.595738317757,0.0571682242990654,"Fresh",11,"1 µm",NA
"81A-1767","44","101","6926.900","01:30","00:25","14","2026-06-10 17:38:23","2026-06-10 17:40:06",172.328878504673,99.9932710280374,2.48041121495327,0.765794392523365,20.7947757009346,0.0692336448598131,"Fresh",11,"45 µm",NA
"81A-1767","40","101","6926.900","01:30","00:25","13","2026-06-10 17:41:23","2026-06-10 17:43:05",24.2868867924528,100.006886792453,2.66509433962264,0.775198113207547,141.275349056604,0.127179245283019,"Fresh",10,"45 µm",NA
"81A-1767","38","101","6926.900","01:30","00:25","14","2026-06-10 17:44:22","2026-06-10 17:46:05",-71.9266355140187,100.037196261682,2.62163551401869,-0.517635514018692,74.7685420560748,0.0536822429906542,"Fresh",10,"Disturbance",NA
"81A-1767","45","101","6926.900","01:30","00:25","14","2026-06-10 17:47:22","2026-06-10 17:49:05",-67.9226168224299,100.03523364486,2.48610280373832,0.80022429906542,21.3357196261682,0.121018691588785,"Fresh",12,"Control",NA
"81A-1767","41","101","6918.900","01:30","00:25","13","2026-06-10 18:29:20","2026-06-10 18:31:02",22.511320754717,99.9853773584906,2.57578301886792,-0.532924528301887,148.785122641509,0.0326792452830189,"Fresh",11,"Control",NA
"81A-1767","42","101","6926.900","01:30","00:25","13","2026-06-10 18:32:20","2026-06-10 18:34:02",22.7766981132075,99.9918867924528,2.56475471698113,0.506603773584906,12.7320471698113,0.0326981132075472,"Fresh",11,"Disturbance",NA
"81A-1767","43","101","6926.900","01:30","00:25","14","2026-06-10 18:35:19","2026-06-10 18:37:02",22.7654205607477,100.00738317757,2.66355140186916,0.474317757009346,148.663822429907,0.0538878504672897,"Fresh",11,"1 µm",NA
"81A-1767","44","101","6926.900","01:30","00:25","14","2026-06-10 18:38:19","2026-06-10 18:40:02",170.678691588785,99.9935514018692,2.48445794392523,0.756233644859813,20.7886261682243,0.0557663551401869,"Fresh",11,"45 µm",NA
"81A-1767","40","101","6926.900","01:30","00:25","13","2026-06-10 18:41:19","2026-06-10 18:43:01",22.7194339622642,99.9862264150943,2.66415094339623,0.775094339622642,141.2645,0.125820754716981,"Fresh",10,"45 µm",NA
"81A-1767","38","101","6926.900","01:30","00:25","14","2026-06-10 18:44:20","2026-06-10 18:46:03",-71.6941121495327,99.9871028037383,2.65223364485981,-0.48014953271028,75.5843925233645,0.0529158878504673,"Fresh",10,"Disturbance",NA
"81A-1767","45","101","6926.900","01:30","00:25","15","2026-06-10 18:47:23","2026-06-10 18:49:07",-69.0263888888889,99.9859259259259,2.50342592592593,0.684851851851852,21.4652777777778,0.122212962962963,"Fresh",12,"Control",NA
"81A-1767","41","101","6918.900","01:30","00:25","13","2026-06-10 19:29:20","2026-06-10 19:31:02",22.7302830188679,99.9124528301887,2.6352641509434,-0.531933962264151,147.659216981132,0.0331792452830189,"Fresh",11,"Control",NA
"81A-1767","42","101","6926.900","01:30","00:25","13","2026-06-10 19:32:20","2026-06-10 19:34:02",23.1320754716981,99.9307547169811,2.56569811320755,0.502216981132075,12.7173867924528,0.033377358490566,"Fresh",11,"Disturbance",NA
"81A-1767","43","101","6926.900","01:30","00:25","14","2026-06-10 19:35:19","2026-06-10 19:37:02",23.0528971962617,99.9494392523364,2.66355140186916,0.470355140186916,147.653962616822,0.0536261682242991,"Fresh",11,"1 µm",NA
"81A-1767","44","101","6926.900","01:30","00:25","14","2026-06-10 19:38:20","2026-06-10 19:40:03",169.414205607477,99.9510280373832,2.55195327102804,0.748644859813084,20.8535140186916,0.0542429906542056,"Fresh",11,"45 µm",NA
"81A-1767","40","101","6926.900","01:30","00:25","13","2026-06-10 19:41:20","2026-06-10 19:43:02",22.9801886792453,99.9454716981132,2.66664150943396,0.77483962264151,141.229264150943,0.126292452830189,"Fresh",10,"45 µm",NA
"81A-1767","38","101","6926.900","01:30","00:25","14","2026-06-10 19:44:20","2026-06-10 19:46:03",-70.8855140186916,99.9529906542056,2.66321495327103,-0.42314953271028,75.6284299065421,0.054018691588785,"Fresh",10,"Disturbance",NA
"81A-1767","45","101","6926.900","01:30","00:25","14","2026-06-10 19:47:21","2026-06-10 19:49:04",-68.908785046729,99.9605607476635,2.55428971962617,0.817289719626168,21.1689813084112,0.118084112149533,"Fresh",12,"Control",NA
"81A-1767","41","101","6918.900","01:30","00:25","13","2026-06-10 20:29:20","2026-06-10 20:31:02",22.4465094339623,99.9984905660377,2.59969811320755,-0.532132075471698,147.192424528302,0.0337830188679245,"Fresh",11,"Control",NA
"81A-1767","42","101","6926.900","01:30","00:25","13","2026-06-10 20:32:20","2026-06-10 20:34:02",22.7814150943396,100.016037735849,2.56509433962264,0.496962264150943,12.7175943396226,0.0338207547169811,"Fresh",11,"Disturbance",NA
"81A-1767","43","101","6926.900","01:30","00:25","14","2026-06-10 20:35:21","2026-06-10 20:37:05",22.6738317757009,100.032242990654,2.66261682242991,0.467383177570093,147.179271028037,0.0542710280373832,"Fresh",11,"1 µm",NA
"81A-1767","44","101","6926.900","01:30","00:25","14","2026-06-10 20:38:22","2026-06-10 20:40:05",168.493364485981,100.029439252336,2.5147476635514,0.781747663551402,20.8899065420561,0.0500841121495327,"Fresh",11,"45 µm",NA
"81A-1767","40","101","6926.900","01:30","00:25","13","2026-06-10 20:41:22","2026-06-10 20:43:04",22.685,100.024905660377,2.66381132075472,0.774415094339623,141.354877358491,0.12677358490566,"Fresh",10,"45 µm",NA
"81A-1767","38","101","6926.900","01:30","00:25","14","2026-06-10 20:44:23","2026-06-10 20:46:06",-70.9505607476635,100.035607476636,2.65378504672897,-0.403775700934579,75.4648971962617,0.0601495327102804,"Fresh",10,"Disturbance",NA
"81A-1767","45","101","6926.900","01:30","00:25","15","2026-06-10 20:47:25","2026-06-10 20:49:09",-68.7627777777778,100.040185185185,2.52118518518519,0.721111111111111,21.2080740740741,0.121074074074074,"Fresh",12,"Control",NA
"81A-1767","41","101","6918.900","01:30","00:25","13","2026-06-10 21:29:20","2026-06-10 21:31:02",22.2279245283019,100.02820754717,2.62001886792453,-0.531933962264151,146.874830188679,0.0341415094339623,"Fresh",11,"Control",NA
"81A-1767","42","101","6926.900","01:30","00:25","13","2026-06-10 21:32:20","2026-06-10 21:34:02",22.4827358490566,100.042924528302,2.56603773584906,0.490330188679245,12.7075660377358,0.0342641509433962,"Fresh",11,"Disturbance",NA
"81A-1767","43","101","6926.900","01:30","00:25","14","2026-06-10 21:35:21","2026-06-10 21:37:04",22.3600934579439,100.060093457944,2.66355140186916,0.463420560747664,146.883112149533,0.0541588785046729,"Fresh",11,"1 µm",NA
"81A-1767","44","101","6926.900","01:30","00:25","14","2026-06-10 21:38:23","2026-06-10 21:40:05",167.700841121495,100.050841121495,2.52900934579439,0.77096261682243,20.8502242990654,0.0565607476635514,"Fresh",11,"45 µm",NA
"81A-1767","40","101","6926.900","01:30","00:25","13","2026-06-10 21:41:22","2026-06-10 21:43:04",22.4124528301887,100.047830188679,2.66852830188679,0.77483962264151,141.27120754717,0.125981132075472,"Fresh",10,"45 µm",NA
"81A-1767","38","101","6926.900","01:30","00:25","17","2026-06-10 21:44:23","2026-06-10 21:46:09",-71.4209090909091,100.085363636364,2.66363636363636,-0.369354545454545,74.7536818181818,0.0702545454545455,"Fresh",10,"Disturbance",NA
"81A-1767","45","101","6926.900","01:30","00:25","14","2026-06-10 21:47:27","2026-06-10 21:49:10",-68.6603738317757,100.054859813084,2.56072897196262,0.694065420560748,21.0348691588785,0.120542056074766,"Fresh",12,"Control",NA
"81A-1767","41","101","6918.900","01:30","00:25","13","2026-06-10 22:29:20","2026-06-10 22:31:02",21.8555660377358,100.047547169811,2.63790566037736,-0.531933962264151,146.694660377358,0.0343679245283019,"Fresh",11,"Control",NA
"81A-1767","42","101","6926.900","01:30","00:25","13","2026-06-10 22:32:20","2026-06-10 22:34:02",22.1894339622642,100.063396226415,2.56509433962264,0.485075471698113,12.7116981132075,0.0344811320754717,"Fresh",11,"Disturbance",NA
"81A-1767","43","101","6926.900","01:30","00:25","14","2026-06-10 22:35:21","2026-06-10 22:37:04",22.048691588785,100.080560747664,2.66448598130841,0.459457943925234,146.632598130841,0.0545981308411215,"Fresh",11,"1 µm",NA
"81A-1767","44","101","6926.900","01:30","00:25","14","2026-06-10 22:38:23","2026-06-10 22:40:05",169.161588785047,100.079813084112,2.54197196261682,0.769560747663551,20.7838971962617,0.0533738317757009,"Fresh",11,"45 µm",NA
"81A-1767","40","101","6926.900","01:30","00:25","13","2026-06-10 22:41:24","2026-06-10 22:43:06",22.0217924528302,100.084056603774,2.66509433962264,0.776132075471698,141.30870754717,0.126575471698113,"Fresh",10,"45 µm",NA
"81A-1767","38","101","6926.900","01:30","00:25","17","2026-06-10 22:44:25","2026-06-10 22:46:11",-70.9709090909091,100.123818181818,2.66363636363636,-0.342545454545455,74.9327,0.0720363636363636,"Fresh",10,"Disturbance",NA
"81A-1767","45","101","6926.900","01:30","00:25","15","2026-06-10 22:47:29","2026-06-10 22:49:13",-68.4823148148148,100.102314814815,2.55735185185185,0.695638888888889,21.0910462962963,0.11937037037037,"Fresh",12,"Control",NA
"81A-1767","41","101","6918.900","01:30","00:25","13","2026-06-10 23:29:21","2026-06-10 23:31:03",21.7653773584906,100.077924528302,2.58394339622642,-0.531933962264151,146.562273584906,0.0344905660377358,"Fresh",11,"Control",NA
"81A-1767","42","101","6926.900","01:30","00:25","13","2026-06-10 23:32:21","2026-06-10 23:34:03",21.9901886792453,100.086509433962,2.50025471698113,0.479433962264151,12.700141509434,0.0345943396226415,"Fresh",11,"Disturbance",NA
"81A-1767","43","101","6926.900","01:30","00:25","14","2026-06-10 23:35:22","2026-06-10 23:37:05",21.8885981308411,100.100093457944,2.58679439252336,0.455803738317757,146.514429906542,0.0549158878504673,"Fresh",11,"1 µm",NA
"81A-1767","44","101","6926.900","01:30","00:25","14","2026-06-10 23:38:23","2026-06-10 23:40:06",168.183831775701,100.091588785047,2.50342056074766,0.759009345794392,20.7824112149533,0.0504205607476636,"Fresh",11,"45 µm",NA
"81A-1767","40","101","6926.900","01:30","00:25","13","2026-06-10 23:41:25","2026-06-10 23:43:07",21.8339622641509,100.089339622642,2.62428301886792,0.775245283018868,141.396537735849,0.126471698113208,"Fresh",10,"45 µm",NA
"81A-1767","38","101","6926.900","01:30","00:25","17","2026-06-10 23:44:24","2026-06-10 23:46:10",-71.7437272727273,100.121181818182,2.66272727272727,-0.380636363636364,75.0530363636364,0.0720363636363636,"Fresh",10,"Disturbance",NA
"81A-1678","29","101","6926.9","01:30","00:25","12","2026-06-10 00:10:08","2026-06-10 00:11:49",20.8286666666667,99.5846666666667,3.6647619047619,0.553485714285714,93.1983904761905,0.0322095238095238,"Salt",8,"Control",NA
"81A-1678","30","101","6926.900","01:30","00:25","13","2026-06-10 00:13:07","2026-06-10 00:14:49",21.2316037735849,99.5453773584906,4.95283018867925,-0.0544811320754717,59.6758396226415,0.0318018867924528,"Salt",8,"Disturbance",NA
"81A-1678","31","101","6926.900","01:30","00:25","12","2026-06-10 00:16:07","2026-06-10 00:17:48",20.6608571428571,99.4818095238095,4.75428571428571,-0.512647619047619,119.71040952381,3.5526,"Salt",8,"1 µm",NA
"81A-1678","32","101","6926.900","01:30","00:25","13","2026-06-10 00:19:08","2026-06-10 00:20:50",-53.4485849056604,99.4995283018868,4.85377358490566,-0.533594339622642,22.9473301886792,0.0301132075471698,"Salt",8,"45 µm",NA
"81A-1678","50","101","6926.900","01:30","00:25","12","2026-06-10 00:22:09","2026-06-10 00:23:50",20.6997142857143,99.4886666666667,4.85333333333333,0.378257142857143,19.5432571428571,0.0315809523809524,"Salt",NA,"Control",NA
"81A-1678","51","101","6926.900","01:30","00:25","13","2026-06-10 00:25:10","2026-06-10 00:26:52",20.7674528301887,99.4965094339623,4.85377358490566,-0.0673584905660377,77.902679245283,0.0315660377358491,"Salt",NA,"Control",NA
"81A-1678","52","101","6926.900","01:30","00:25","13","2026-06-10 00:28:10","2026-06-10 00:29:52",20.837358490566,99.496320754717,4.85377358490566,0.388198113207547,95.7679622641509,0.0315660377358491,"Salt",NA,"Control",NA
"81A-1678","29","101","6926.900","01:30","00:25","12","2026-06-10 00:31:13","2026-06-10 00:32:54",20.8072380952381,99.584380952381,3.66095238095238,0.552476190476191,93.2355047619048,0.0313904761904762,"Salt",8,"Control",NA
"81A-1678","30","101","6926.900","01:30","00:25","13","2026-06-10 00:34:12","2026-06-10 00:35:54",21.2100943396226,99.5234905660377,4.94811320754717,-0.0544811320754717,59.2077452830189,0.0315660377358491,"Salt",8,"Disturbance",NA
"81A-1678","31","101","6926.900","01:30","00:25","12","2026-06-10 00:37:13","2026-06-10 00:38:54",20.643619047619,99.4669523809524,4.75428571428571,-0.511657142857143,119.881380952381,3.55685714285714,"Salt",8,"1 µm",NA
"81A-1678","32","101","6926.900","01:30","00:25","13","2026-06-10 00:40:11","2026-06-10 00:41:53",-53.2517924528302,99.483679245283,4.85377358490566,-0.533811320754717,22.9263396226415,0.0298207547169811,"Salt",8,"45 µm",NA
"81A-1678","50","101","6926.900","01:30","00:25","12","2026-06-10 00:43:12","2026-06-10 00:44:53",20.6752380952381,99.4682857142857,4.85333333333333,0.377580952380952,19.5105904761905,0.0314285714285714,"Salt",NA,"Control",NA
"81A-1678","51","101","6926.900","01:30","00:25","13","2026-06-10 00:46:12","2026-06-10 00:47:54",20.7368867924528,99.4703773584906,4.85377358490566,-0.0673584905660377,77.7454528301887,0.0313207547169811,"Salt",NA,"Control",NA
"81A-1678","52","101","6926.900","01:30","00:25","13","2026-06-10 00:49:12","2026-06-10 00:50:54",20.7210377358491,99.4683962264151,4.85377358490566,0.387311320754717,96.4841509433962,0.0312735849056604,"Salt",NA,"Control",NA
"81A-1678","29","101","6926.900","01:30","00:25","12","2026-06-10 01:31:12","2026-06-10 01:32:53",20.4141904761905,99.4890476190476,3.6647619047619,0.5518,93.2999047619048,0.0318285714285714,"Salt",8,"Control",NA
"81A-1678","30","101","6926.900","01:30","00:25","13","2026-06-10 01:34:10","2026-06-10 01:35:52",20.9200943396226,99.4427358490566,4.95283018867925,-0.0546792452830189,56.8270660377358,0.031877358490566,"Salt",8,"Disturbance",NA
"81A-1678","31","101","6926.900","01:30","00:25","12","2026-06-10 01:37:10","2026-06-10 01:38:51",20.3604761904762,99.4247619047619,4.84632380952381,-0.51207619047619,119.82559047619,3.5526380952381,"Salt",8,"1 µm",NA
"81A-1678","32","101","6926.900","01:30","00:25","13","2026-06-10 01:40:08","2026-06-10 01:41:50",-53.3799056603774,99.4421698113208,4.85377358490566,-0.533122641509434,22.8235660377359,0.0302924528301887,"Salt",8,"45 µm",NA
"81A-1678","50","101","6926.900","01:30","00:25","12","2026-06-10 01:43:07","2026-06-10 01:44:48",20.3558095238095,99.4286666666667,4.85333333333333,0.377371428571429,19.4194380952381,0.0317619047619048,"Salt",NA,"Control",NA
"81A-1678","51","101","6926.900","01:30","00:25","13","2026-06-10 01:46:07","2026-06-10 01:47:49",20.4479245283019,99.4896226415094,4.85377358490566,-0.0681320754716981,77.4747830188679,0.0316132075471698,"Salt",NA,"Control",NA
"81A-1678","52","101","6926.900","01:30","00:25","13","2026-06-10 01:49:06","2026-06-10 01:50:48",20.4064150943396,99.4398113207547,4.85377358490566,0.387103773584906,96.3530660377358,0.0317264150943396,"Salt",NA,"Control",NA
"81A-1678","29","101","6926.900","01:30","00:25","12","2026-06-10 02:31:12","2026-06-10 02:32:53",20.314,99.4653333333333,3.6647619047619,0.550809523809524,93.2175714285714,0.0321142857142857,"Salt",8,"Control",NA
"81A-1678","30","101","6926.900","01:30","00:25","13","2026-06-10 02:34:12","2026-06-10 02:35:54",20.7104716981132,99.3898113207547,4.95283018867925,-0.0554716981132075,54.5490754716981,0.0321415094339623,"Salt",8,"Disturbance",NA
"81A-1678","31","101","6926.900","01:30","00:25","12","2026-06-10 02:37:11","2026-06-10 02:38:52",20.1560952380952,99.3745714285714,4.84761904761905,-0.512752380952381,119.472552380952,3.54741904761905,"Salt",8,"1 µm",NA
"81A-1678","32","101","6926.900","01:30","00:25","13","2026-06-10 02:40:11","2026-06-10 02:41:53",-53.5166981132075,99.4116981132075,4.85377358490566,-0.533122641509434,22.7879245283019,0.0301415094339623,"Salt",8,"45 µm",NA
"81A-1678","50","101","6926.900","01:30","00:25","12","2026-06-10 02:43:10","2026-06-10 02:44:51",20.3044761904762,99.4257142857143,4.8670380952381,0.377371428571429,19.327780952381,0.0319238095238095,"Salt",NA,"Control",NA
"81A-1678","51","101","6926.900","01:30","00:25","13","2026-06-10 02:46:10","2026-06-10 02:47:52",20.3634905660377,99.3938679245283,4.85377358490566,-0.0681320754716981,76.6895094339623,0.0318584905660377,"Salt",NA,"Control",NA
"81A-1678","52","101","6926.900","01:30","00:25","13","2026-06-10 02:49:09","2026-06-10 02:50:51",20.3469811320755,99.3741509433962,4.85377358490566,0.386537735849057,96.7566603773585,0.0317264150943396,"Salt",NA,"Control",NA
"81A-1678","29","101","6926.900","01:30","00:25","12","2026-06-10 03:31:12","2026-06-10 03:32:53",20.1368571428571,99.3741904761905,3.6647619047619,0.544571428571429,93.0629142857143,0.0323047619047619,"Salt",8,"Control",NA
"81A-1678","30","101","6926.900","01:30","00:25","13","2026-06-10 03:34:12","2026-06-10 03:35:54",20.5500943396226,99.3269811320755,4.95283018867925,-0.0554716981132075,54.9335849056604,0.032188679245283,"Salt",8,"Disturbance",NA
"81A-1678","31","101","6926.900","01:30","00:25","12","2026-06-10 03:37:12","2026-06-10 03:38:53",19.9988571428571,99.3065714285714,4.84952380952381,-0.511971428571429,119.364904761905,3.55182857142857,"Salt",8,"1 µm",NA
"81A-1678","32","101","6926.900","01:30","00:25","13","2026-06-10 03:40:12","2026-06-10 03:41:54",-53.4128301886792,99.3129245283019,4.85377358490566,-0.533594339622642,22.7040094339623,0.0301981132075472,"Salt",8,"45 µm",NA
"81A-1678","50","101","6926.900","01:30","00:25","12","2026-06-10 03:43:12","2026-06-10 03:44:53",20.0492380952381,99.2992380952381,4.92053333333333,0.376590476190476,19.2420761904762,0.0320285714285714,"Salt",NA,"Control",NA
"81A-1678","51","101","6926.900","01:30","00:25","13","2026-06-10 03:46:11","2026-06-10 03:47:53",20.1206603773585,99.3583962264151,4.85377358490566,-0.0683490566037736,76.1469245283019,0.0319528301886792,"Salt",NA,"Control",NA
"81A-1678","52","101","6926.900","01:30","00:25","13","2026-06-10 03:49:12","2026-06-10 03:50:54",20.0695283018868,99.3049056603774,4.85377358490566,0.385547169811321,97.8489811320755,0.0318962264150943,"Salt",NA,"Control",NA
"81A-1678","29","101","6926.900","01:30","00:25","12","2026-06-10 04:31:12","2026-06-10 04:32:53",20.2352380952381,99.295619047619,3.6647619047619,0.539914285714286,93.1929047619048,0.0324571428571429,"Salt",8,"Control",NA
"81A-1678","30","101","6926.900","01:30","00:25","13","2026-06-10 04:34:12","2026-06-10 04:35:54",20.6190566037736,99.2750943396226,4.95283018867925,-0.0554716981132075,54.6016132075472,0.0323584905660377,"Salt",8,"Disturbance",NA
"81A-1678","31","101","6926.900","01:30","00:25","12","2026-06-10 04:37:12","2026-06-10 04:38:53",20.0782857142857,99.2509523809524,4.84952380952381,-0.51207619047619,119.227047619048,3.54072380952381,"Salt",8,"1 µm",NA
"81A-1678","32","101","6926.900","01:30","00:25","13","2026-06-10 04:40:12","2026-06-10 04:41:54",-53.2777358490566,99.2522641509434,4.85377358490566,-0.533594339622642,22.6547924528302,0.0301981132075472,"Salt",8,"45 µm",NA
"81A-1678","50","101","6926.900","01:30","00:25","12","2026-06-10 04:43:13","2026-06-10 04:44:54",20.1006666666667,99.2393333333333,4.86329523809524,0.376485714285714,19.1665142857143,0.0321809523809524,"Salt",NA,"Control",NA
"81A-1678","51","101","6926.900","01:30","00:25","13","2026-06-10 04:46:11","2026-06-10 04:47:53",20.1788679245283,99.2477358490566,4.85377358490566,-0.0681320754716981,74.5060660377358,0.0320849056603774,"Salt",NA,"Control",NA
"81A-1678","52","101","6926.900","01:30","00:25","13","2026-06-10 04:49:11","2026-06-10 04:50:53",20.1394339622641,99.2441509433962,4.85377358490566,0.385537735849057,98.2059056603774,0.0319716981132075,"Salt",NA,"Control",NA
"81A-1678","29","101","6926.900","01:30","00:25","12","2026-06-10 05:31:12","2026-06-10 05:32:53",20.123619047619,99.2851428571429,3.6647619047619,0.538819047619048,93.2031047619048,0.0325714285714286,"Salt",8,"Control",NA
"81A-1678","30","101","6926.900","01:30","00:25","13","2026-06-10 05:34:11","2026-06-10 05:35:53",20.5195283018868,99.2387735849057,4.95283018867925,-0.0554716981132075,53.5510094339623,0.0324245283018868,"Salt",8,"Disturbance",NA
"81A-1678","31","101","6926.900","01:30","00:25","12","2026-06-10 05:37:12","2026-06-10 05:38:53",19.9821904761905,99.228,4.84857142857143,-0.511028571428571,119.223771428571,3.55440952380952,"Salt",8,"1 µm",NA
"81A-1678","32","101","6926.900","01:30","00:25","13","2026-06-10 05:40:10","2026-06-10 05:41:52",-53.3803773584906,99.243679245283,4.85377358490566,-0.533594339622642,22.5920660377358,0.0302075471698113,"Salt",8,"45 µm",NA
"81A-1678","50","101","6926.900","01:30","00:25","12","2026-06-10 05:43:09","2026-06-10 05:44:50",19.9964761904762,99.2332380952381,4.90211428571429,0.376380952380952,19.1022571428571,0.0322761904761905,"Salt",NA,"Control",NA
"81A-1678","51","101","6926.900","01:30","00:25","13","2026-06-10 05:46:08","2026-06-10 05:47:50",20.0612264150943,99.242358490566,4.85377358490566,-0.0693396226415094,73.6998962264151,0.0320943396226415,"Salt",NA,"Control",NA
"81A-1678","52","101","6926.900","01:30","00:25","13","2026-06-10 05:49:07","2026-06-10 05:50:49",20.0234905660377,99.241320754717,4.85377358490566,0.381264150943396,97.6235283018868,0.032,"Salt",NA,"Control",NA
"81A-1678","29","101","6926.900","01:30","00:25","12","2026-06-10 06:31:12","2026-06-10 06:32:53",20.4549523809524,99.3372380952381,3.6647619047619,0.553,93.1802095238095,0.0326952380952381,"Salt",8,"Control",NA
"81A-1678","30","101","6926.900","01:30","00:25","13","2026-06-10 06:34:10","2026-06-10 06:35:52",20.7610377358491,99.297641509434,4.95283018867925,-0.0501981132075472,53.6373962264151,0.032688679245283,"Salt",8,"Disturbance",NA
"81A-1678","31","101","6926.900","01:30","00:25","12","2026-06-10 06:37:11","2026-06-10 06:38:52",20.4298095238095,99.2328571428571,4.85013333333333,-0.51207619047619,119.027028571429,3.5644,"Salt",8,"1 µm",NA
"81A-1678","32","101","6926.900","01:30","00:25","13","2026-06-10 06:40:09","2026-06-10 06:41:51",-53.2334905660377,99.2456603773585,4.85377358490566,-0.532924528301887,22.5371037735849,0.0301698113207547,"Salt",8,"45 µm",NA
"81A-1678","50","101","6926.900","01:30","00:25","12","2026-06-10 06:43:10","2026-06-10 06:44:51",20.746,99.2406666666667,4.87728571428571,0.383514285714286,19.4076571428571,0.0325809523809524,"Salt",NA,"Control",NA
"81A-1678","51","101","6926.900","01:30","00:25","13","2026-06-10 06:46:10","2026-06-10 06:47:52",20.8917924528302,99.2433018867925,4.85377358490566,-0.0633962264150943,75.8514056603774,0.0325377358490566,"Salt",NA,"Control",NA
"81A-1678","52","101","6926.900","01:30","00:25","13","2026-06-10 06:49:09","2026-06-10 06:50:51",20.7704716981132,99.2435849056604,4.85377358490566,0.402066037735849,98.0133113207547,0.0325471698113208,"Salt",NA,"Control",NA
"81A-1678","29","101","6926.900","01:30","00:25","12","2026-06-10 07:31:12","2026-06-10 07:32:53",21.3305714285714,99.3254285714286,3.6647619047619,0.555971428571429,89.6963333333333,0.0326571428571429,"Salt",8,"Control",NA
"81A-1678","30","101","6926.900","01:30","00:25","13","2026-06-10 07:34:12","2026-06-10 07:35:54",21.5975471698113,99.2320754716981,4.95283018867925,-0.047122641509434,50.5415754716981,0.0326509433962264,"Salt",8,"Disturbance",NA
"81A-1678","31","101","6926.900","01:30","00:25","12","2026-06-10 07:37:12","2026-06-10 07:38:53",21.2494285714286,99.2186666666667,4.84822857142857,-0.49772380952381,118.817438095238,3.57942857142857,"Salt",8,"1 µm",NA
"81A-1678","32","101","6926.900","01:30","00:25","13","2026-06-10 07:40:11","2026-06-10 07:41:53",-52.9627358490566,99.2850943396226,4.85377358490566,-0.532924528301887,22.6134811320755,0.0303396226415094,"Salt",8,"45 µm",NA
"81A-1678","50","101","6926.900","01:30","00:25","12","2026-06-10 07:43:11","2026-06-10 07:44:52",21.592,99.2179047619048,4.85333333333333,0.383314285714286,19.8745047619048,0.0324,"Salt",NA,"Control",NA
"81A-1678","51","101","6926.900","01:30","00:25","13","2026-06-10 07:46:11","2026-06-10 07:47:53",21.6753773584906,99.225,4.85377358490566,-0.0633962264150943,69.271820754717,0.0323867924528302,"Salt",NA,"Control",NA
"81A-1678","52","101","6926.900","01:30","00:25","13","2026-06-10 07:49:13","2026-06-10 07:50:55",21.6648113207547,99.227358490566,4.85377358490566,0.380905660377358,97.8819150943396,0.032311320754717,"Salt",NA,"Control",NA
"81A-1678","29","101","6926.900","01:30","00:25","12","2026-06-10 08:31:12","2026-06-10 08:32:53",22.2284761904762,99.2651428571429,3.6647619047619,0.556752380952381,87.2937047619048,0.0324666666666667,"Salt",8,"Control",NA
"81A-1678","30","101","6926.900","01:30","00:25","13","2026-06-10 08:34:10","2026-06-10 08:35:52",22.7729245283019,99.2572641509434,4.95283018867925,-0.0495283018867925,49.9501226415094,0.0323962264150943,"Salt",8,"Disturbance",NA
"81A-1678","31","101","6926.900","01:30","00:25","12","2026-06-10 08:37:10","2026-06-10 08:38:51",22.2812380952381,99.2173333333333,4.80228571428571,-0.51207619047619,119.463752380952,3.59387619047619,"Salt",8,"1 µm",NA
"81A-1678","32","101","6926.900","01:30","00:25","13","2026-06-10 08:40:10","2026-06-10 08:41:52",-53.1641509433962,99.2348113207547,4.85377358490566,-0.533594339622642,22.8315094339623,0.0305188679245283,"Salt",8,"45 µm",NA
"81A-1678","50","101","6926.900","01:30","00:25","12","2026-06-10 08:43:10","2026-06-10 08:44:51",22.4717142857143,99.2209523809524,4.85333333333333,0.383209523809524,20.0206666666667,0.032047619047619,"Salt",NA,"Control",NA
"81A-1678","51","101","6926.900","01:30","00:25","13","2026-06-10 08:46:08","2026-06-10 08:47:50",22.547358490566,99.2291509433962,4.85377358490566,-0.0633962264150943,66.0493679245283,0.0320188679245283,"Salt",NA,"Control",NA
"81A-1678","52","101","6926.900","01:30","00:25","13","2026-06-10 08:49:07","2026-06-10 08:50:49",22.4589622641509,99.2375471698113,4.85377358490566,0.405037735849057,98.0375754716981,0.0319056603773585,"Salt",NA,"Control",NA
"81A-1678","29","101","6926.900","01:30","00:25","12","2026-06-10 09:31:12","2026-06-10 09:32:53",22.4435238095238,99.2479047619048,3.6647619047619,0.557638095238095,87.194219047619,0.032047619047619,"Salt",8,"Control",NA
"81A-1678","30","101","6926.900","01:30","00:25","13","2026-06-10 09:34:12","2026-06-10 09:35:54",22.7981132075472,99.2014150943396,4.95283018867925,-0.0574528301886792,62.4623679245283,0.0319716981132075,"Salt",8,"Disturbance",NA
"81A-1678","31","101","6926.900","01:30","00:25","12","2026-06-10 09:37:11","2026-06-10 09:38:52",22.225619047619,99.1887619047619,4.75742857142857,-0.512752380952381,119.723828571429,3.58308571428571,"Salt",8,"1 µm",NA
"81A-1678","32","101","6926.900","01:30","00:25","13","2026-06-10 09:40:11","2026-06-10 09:41:53",-53.0238679245283,99.2019811320755,4.85377358490566,-0.533811320754717,22.9549622641509,0.0304245283018868,"Salt",8,"45 µm",NA
"81A-1678","50","101","6926.900","01:30","00:25","12","2026-06-10 09:43:11","2026-06-10 09:44:52",22.5061904761905,99.1905714285714,4.85333333333333,0.382542857142857,20.2202761904762,0.031647619047619,"Salt",NA,"Control",NA
"81A-1678","51","101","6926.900","01:30","00:25","13","2026-06-10 09:46:09","2026-06-10 09:47:51",22.5997169811321,99.19,4.85377358490566,-0.0633962264150943,69.6835,0.0315754716981132,"Salt",NA,"Control",NA
"81A-1678","52","101","6926.900","01:30","00:25","13","2026-06-10 09:49:10","2026-06-10 09:50:52",22.5362264150943,99.1874528301887,4.85377358490566,0.405924528301887,98.7412264150943,0.0314433962264151,"Salt",NA,"Control",NA
"81A-1678","29","101","6926.900","01:30","00:25","12","2026-06-10 10:31:12","2026-06-10 10:32:53",22.9982857142857,99.1787619047619,3.6647619047619,0.557742857142857,86.1586761904762,0.0316380952380952,"Salt",8,"Control",NA
"81A-1678","30","101","6926.900","01:30","00:25","13","2026-06-10 10:34:12","2026-06-10 10:35:54",23.4504716981132,99.1308490566038,4.95283018867925,-0.0576509433962264,59.3799905660377,0.031688679245283,"Salt",8,"Disturbance",NA
"81A-1678","31","101","6926.900","01:30","00:25","12","2026-06-10 10:37:11","2026-06-10 10:38:52",23.0185714285714,99.1127619047619,4.75428571428571,-0.51207619047619,119.878247619048,3.5768380952381,"Salt",8,"1 µm",NA
"81A-1678","32","101","6926.900","01:30","00:25","13","2026-06-10 10:40:11","2026-06-10 10:41:53",-52.7331132075472,99.1283962264151,4.85377358490566,-0.533594339622642,23.235641509434,0.030688679245283,"Salt",8,"45 µm",NA
"81A-1678","50","101","6926.900","01:30","00:25","12","2026-06-10 10:43:11","2026-06-10 10:44:52",23.3411428571429,99.1120952380952,4.85333333333333,0.3842,20.3679238095238,0.0312190476190476,"Salt",NA,"Control",NA
"81A-1678","51","101","6926.900","01:30","00:25","13","2026-06-10 10:46:09","2026-06-10 10:47:51",23.4591509433962,99.1167924528302,4.85377358490566,-0.0633962264150943,70.7793490566038,0.0311320754716981,"Salt",NA,"Control",NA
"81A-1678","52","101","6926.900","01:30","00:25","13","2026-06-10 10:49:08","2026-06-10 10:50:50",23.525,99.1116981132076,4.85283018867925,0.406915094339623,98.8684245283019,0.0310660377358491,"Salt",NA,"Control",NA
"81A-1678","29","101","6926.900","01:30","00:25","12","2026-06-10 11:31:12","2026-06-10 11:32:53",24.8564761904762,99.1277142857143,3.6647619047619,0.559619047619048,86.1792761904762,0.0312380952380952,"Salt",8,"Control",NA
"81A-1678","30","101","6926.900","01:30","00:25","13","2026-06-10 11:34:12","2026-06-10 11:35:54",25.2722641509434,99.0846226415094,4.95188679245283,-0.0663679245283019,58.9186037735849,0.0312924528301887,"Salt",8,"Disturbance",NA
"81A-1678","31","101","6926.900","01:30","00:25","12","2026-06-10 11:37:11","2026-06-10 11:38:52",24.784,99.0574285714286,4.75428571428571,-0.512657142857143,120.188752380952,3.61255238095238,"Salt",8,"1 µm",NA
"81A-1678","32","101","6926.900","01:30","00:25","13","2026-06-10 11:40:11","2026-06-10 11:41:53",-52.6298113207547,99.0662264150943,4.85283018867925,-0.532820754716981,23.4499433962264,0.0335943396226415,"Salt",8,"45 µm",NA
"81A-1678","50","101","6926.900","01:30","00:25","12","2026-06-10 11:43:11","2026-06-10 11:44:52",24.8434285714286,99.0538095238095,4.85333333333333,0.358428571428571,20.6284857142857,0.0307904761904762,"Salt",NA,"Control",NA
"81A-1678","51","101","6926.900","01:30","00:25","13","2026-06-10 11:46:12","2026-06-10 11:47:54",25.2645283018868,99.0546226415094,4.85188679245283,-0.0625094339622641,70.1351603773585,0.0307830188679245,"Salt",NA,"Control",NA
"81A-1678","52","101","6926.900","01:30","00:25","12","2026-06-10 11:49:13","2026-06-10 11:50:54",25.4081904761905,99.0433333333333,4.84476190476191,0.407761904761905,98.9929809523809,0.0307904761904762,"Salt",NA,"Control",NA
"81A-1678","29","101","6926.900","01:30","00:25","12","2026-06-10 12:31:12","2026-06-10 12:32:53",26.5884761904762,99.0211428571429,3.6647619047619,0.559933333333333,86.1950380952381,0.0307238095238095,"Salt",8,"Control",NA
"81A-1678","30","101","6926.900","01:30","00:25","13","2026-06-10 12:34:12","2026-06-10 12:35:54",27.1809433962264,98.9656603773585,4.94339622641509,-0.0614150943396226,59.1647264150943,0.0307452830188679,"Salt",8,"Disturbance",NA
"81A-1678","31","101","6926.900","01:30","00:25","12","2026-06-10 12:37:12","2026-06-10 12:38:53",26.7141904761905,98.9559047619048,4.75428571428571,-0.51207619047619,120.721219047619,3.6302380952381,"Salt",8,"1 µm",NA
"81A-1678","32","101","6926.900","01:30","00:25","13","2026-06-10 12:40:10","2026-06-10 12:41:52",-52.7566037735849,98.9670754716981,4.84716981132075,-0.530424528301887,23.8228867924528,0.0372830188679245,"Salt",8,"45 µm",NA
"81A-1678","50","101","6926.900","01:30","00:25","12","2026-06-10 12:43:09","2026-06-10 12:44:50",26.7081904761905,98.9586666666667,4.85333333333333,0.362514285714286,20.9426,0.0307047619047619,"Salt",NA,"Control",NA
"81A-1678","51","101","6926.900","01:30","00:25","13","2026-06-10 12:46:09","2026-06-10 12:47:51",26.8727358490566,98.9629245283019,4.83766037735849,-0.0615188679245283,68.8675754716981,0.0306415094339623,"Salt",NA,"Control",NA
"81A-1678","52","101","6926.900","01:30","00:25","12","2026-06-10 12:49:08","2026-06-10 12:50:49",27.4504761904762,98.9559047619048,4.75428571428571,0.408333333333333,98.9725047619048,0.030647619047619,"Salt",NA,"Control",NA
"81A-1678","29","101","6926.900","01:30","00:25","12","2026-06-10 13:31:12","2026-06-10 13:32:53",27.7951428571429,98.9427619047619,3.66285714285714,0.5616,87.0773904761905,0.0301809523809524,"Salt",8,"Control",NA
"81A-1678","30","101","6926.900","01:30","00:25","13","2026-06-10 13:34:12","2026-06-10 13:35:54",29.1198113207547,98.9016037735849,4.85377358490566,-0.0685471698113208,59.1962075471698,0.0301792452830189,"Salt",8,"Disturbance",NA
"81A-1678","31","101","6926.900","01:30","00:25","12","2026-06-10 13:37:11","2026-06-10 13:38:52",27.645619047619,98.89,4.75428571428571,-0.512752380952381,121.57020952381,3.6346,"Salt",8,"1 µm",NA
"81A-1678","32","101","6926.900","01:30","00:25","13","2026-06-10 13:40:09","2026-06-10 13:41:51",-52.4421698113208,98.9021698113207,4.83195283018868,-0.528433962264151,24.2429905660377,0.0400471698113208,"Salt",8,"45 µm",NA
"81A-1678","50","101","6926.900","01:30","00:25","12","2026-06-10 13:43:08","2026-06-10 13:44:49",26.989619047619,98.8842857142857,4.85047619047619,0.362409523809524,21.2112952380952,0.0297809523809524,"Salt",NA,"Control",NA
"81A-1678","51","101","6926.900","01:30","00:25","13","2026-06-10 13:46:07","2026-06-10 13:47:49",27.1029245283019,98.8849056603774,4.75471698113208,-0.0614150943396226,68.5219339622641,0.0297735849056604,"Salt",NA,"Control",NA
"81A-1678","52","101","6926.900","01:30","00:25","12","2026-06-10 13:49:09","2026-06-10 13:50:50",27.5757142857143,98.8692380952381,4.75428571428571,0.405447619047619,98.7199142857143,0.0297619047619048,"Salt",NA,"Control",NA
"81A-1678","29","101","6926.900","01:30","00:25","12","2026-06-10 14:31:12","2026-06-10 14:32:53",28.2335238095238,98.872380952381,3.66285714285714,0.562590476190476,86.3141142857143,0.0297619047619048,"Salt",8,"Control",NA
"81A-1678","30","101","6926.900","01:30","00:25","13","2026-06-10 14:34:12","2026-06-10 14:35:54",28.8994339622642,98.827641509434,4.85377358490566,-0.0576509433962264,58.9045566037736,0.0297169811320755,"Salt",8,"Disturbance",NA
"81A-1678","31","101","6926.900","01:30","00:25","12","2026-06-10 14:37:13","2026-06-10 14:38:54",28.273619047619,98.8091428571429,4.75238095238095,-0.51127619047619,122.087866666667,3.6237619047619,"Salt",8,"1 µm",NA
"81A-1678","32","101","6926.900","01:30","00:25","13","2026-06-10 14:40:12","2026-06-10 14:41:54",-52.2917924528302,98.8228301886792,4.75471698113208,-0.52722641509434,24.5290377358491,0.0452641509433962,"Salt",8,"45 µm",NA
"81A-1678","50","101","6926.900","01:30","00:25","12","2026-06-10 14:43:11","2026-06-10 14:44:52",28.1833333333333,98.8146666666667,4.77164761904762,0.3634,21.5308952380952,0.0298380952380952,"Salt",NA,"Control",NA
"81A-1678","51","101","6926.900","01:30","00:25","13","2026-06-10 14:46:11","2026-06-10 14:47:53",28.2070754716981,98.8219811320755,4.75471698113208,-0.0605283018867925,68.6621603773585,0.0297358490566038,"Salt",NA,"Control",NA
"81A-1678","52","101","6926.900","01:30","00:25","13","2026-06-10 14:49:11","2026-06-10 14:50:53",28.4705660377358,98.8231132075472,4.75471698113208,0.410981132075472,98.7313962264151,0.029688679245283,"Salt",NA,"Control",NA
"81A-1678","29","101","6926.900","01:30","00:25","12","2026-06-10 15:31:12","2026-06-10 15:32:53",28.3141904761905,98.8156190476191,3.62730476190476,0.563580952380952,84.4662666666667,0.0280761904761905,"Salt",8,"Control",NA
"81A-1678","30","101","6926.900","01:30","00:25","13","2026-06-10 15:34:12","2026-06-10 15:35:54",28.8804716981132,98.7701886792453,4.85377358490566,-0.065377358490566,59.4267169811321,0.0281132075471698,"Salt",8,"Disturbance",NA
"81A-1678","31","101","6926.900","01:30","00:25","12","2026-06-10 15:37:13","2026-06-10 15:38:54",28.2095238095238,98.7561904761905,4.74857142857143,-0.511971428571429,123.826247619048,3.63357142857143,"Salt",8,"1 µm",NA
"81A-1678","32","101","6926.900","01:30","00:25","13","2026-06-10 15:40:13","2026-06-10 15:41:55",-52.2159433962264,98.7700943396226,4.75471698113208,-0.527028301886793,24.8186981132075,0.0472358490566038,"Salt",8,"45 µm",NA
"81A-1678","50","101","6926.900","01:30","00:25","12","2026-06-10 15:43:14","2026-06-10 15:44:55",27.6672380952381,98.7540952380952,4.75428571428571,0.36272380952381,21.9060380952381,0.0280952380952381,"Salt",NA,"Control",NA
"81A-1678","51","101","6926.900","01:30","00:25","12","2026-06-10 15:46:14","2026-06-10 15:47:55",27.7844761904762,98.751619047619,4.75428571428571,-0.0614095238095238,68.7463809523809,0.0277619047619048,"Salt",NA,"Control",NA
"81A-1678","52","101","6926.900","01:30","00:25","12","2026-06-10 15:49:12","2026-06-10 15:50:53",28.0465714285714,98.7546666666667,4.75428571428571,0.411361904761905,98.4231714285714,0.0277809523809524,"Salt",NA,"Control",NA
"81A-1678","29","101","6926.900","01:30","00:25","12","2026-06-10 16:31:12","2026-06-10 16:32:53",26.8273333333333,98.7395238095238,3.6080380952381,0.5616,84.1578952380952,0.0277714285714286,"Salt",8,"Control",NA
"81A-1678","30","101","6926.900","01:30","00:25","13","2026-06-10 16:34:12","2026-06-10 16:35:54",27.186320754717,98.7039622641509,4.85377358490566,-0.0505188679245283,59.1543962264151,0.0277641509433962,"Salt",8,"Disturbance",NA
"81A-1678","31","101","6926.900","01:30","00:25","12","2026-06-10 16:37:11","2026-06-10 16:38:52",26.4714285714286,98.7002857142857,4.74952380952381,-0.511971428571429,124.071428571429,3.59757142857143,"Salt",8,"1 µm",NA
"81A-1678","32","101","6926.900","01:30","00:25","13","2026-06-10 16:40:10","2026-06-10 16:41:52",-52.6845283018868,98.7150943396226,4.75471698113208,-0.531405660377358,24.9387830188679,0.0432452830188679,"Salt",8,"45 µm",NA
"81A-1678","50","101","6926.900","01:30","00:25","12","2026-06-10 16:43:11","2026-06-10 16:44:42",26.4201086956522,99.6548913043478,4.8,0.358108695652174,22.2994130434783,0.028054347826087,"Salt",NA,"Control",NA
"81A-1678","51","101","6926.900","01:30","00:25","13","2026-06-10 16:46:10","2026-06-10 16:47:52",26.2296226415094,98.7443396226415,4.75471698113208,-0.0610943396226415,67.9653396226415,0.0277641509433962,"Salt",NA,"Control",NA
"81A-1678","52","101","6926.900","01:30","00:25","13","2026-06-10 16:49:09","2026-06-10 16:50:51",26.4535849056604,98.7911320754717,4.75471698113208,0.407018867924528,98.570641509434,0.0277452830188679,"Salt",NA,"Control",NA
"81A-1678","29","101","6926.900","01:30","00:25","12","2026-06-10 17:31:12","2026-06-10 17:32:53",24.4606666666667,98.8954285714286,3.66285714285714,0.560609523809524,84.4044380952381,0.0279333333333333,"Salt",8,"Control",NA
"81A-1678","30","101","6926.900","01:30","00:25","13","2026-06-10 17:34:13","2026-06-10 17:35:55",24.7615094339623,98.8014150943396,4.85377358490566,-0.0515094339622642,58.7086509433962,0.0280283018867925,"Salt",8,"Disturbance",NA
"81A-1678","31","101","6926.900","01:30","00:25","12","2026-06-10 17:37:14","2026-06-10 17:38:55",24.0318095238095,98.7776190476191,4.75428571428571,-0.511761904761905,123.832523809524,3.57351428571429,"Salt",8,"1 µm",NA
"81A-1678","32","101","6926.900","01:30","00:25","13","2026-06-10 17:40:13","2026-06-10 17:41:55",-52.8948113207547,98.7969811320755,4.83003773584906,-0.534698113207547,24.7938962264151,0.0368490566037736,"Salt",8,"45 µm",NA
"81A-1678","50","101","6926.900","01:30","00:25","12","2026-06-10 17:43:14","2026-06-10 17:44:55",23.567619047619,98.7909523809524,4.85142857142857,0.381438095238095,21.7316952380952,0.0278952380952381,"Salt",NA,"Control",NA
"81A-1678","51","101","6926.900","01:30","00:25","12","2026-06-10 17:46:13","2026-06-10 17:47:54",23.5480952380952,98.7890476190476,4.75428571428571,-0.0631809523809524,67.1445142857143,0.0278,"Salt",NA,"Control",NA
"81A-1678","52","101","6926.900","01:30","00:25","13","2026-06-10 17:49:13","2026-06-10 17:50:55",23.4809433962264,98.8069811320755,4.75471698113208,0.403367924528302,99.0061603773585,0.0278490566037736,"Salt",NA,"Control",NA
"81A-1678","29","101","6926.900","01:30","00:25","12","2026-06-10 18:31:12","2026-06-10 18:32:53",23.1510476190476,98.7776190476191,3.6647619047619,0.559619047619048,84.5937523809524,0.0290571428571429,"Salt",8,"Control",NA
"81A-1678","30","101","6926.900","01:30","00:25","13","2026-06-10 18:34:12","2026-06-10 18:35:54",23.5518867924528,98.7308490566038,4.86385849056604,-0.0528018867924528,58.6292264150943,0.0290660377358491,"Salt",8,"Disturbance",NA
"81A-1678","31","101","6926.900","01:30","00:25","12","2026-06-10 18:37:12","2026-06-10 18:38:53",23.0220952380952,98.7173333333333,4.75428571428571,-0.51092380952381,123.082466666667,3.55311428571429,"Salt",8,"1 µm",NA
"81A-1678","32","101","6926.900","01:30","00:25","13","2026-06-10 18:40:11","2026-06-10 18:41:53",-52.956320754717,98.7300943396226,4.84528301886793,-0.534801886792453,24.6182547169811,0.0275283018867925,"Salt",8,"45 µm",NA
"81A-1678","50","101","6926.900","01:30","00:25","12","2026-06-10 18:43:12","2026-06-10 18:44:53",23.4010476190476,98.7085714285714,4.85333333333333,0.381019047619048,21.4295714285714,0.0290857142857143,"Salt",NA,"Control",NA
"81A-1678","51","101","6926.900","01:30","00:25","13","2026-06-10 18:46:11","2026-06-10 18:47:53",23.3628301886792,98.7253773584906,4.83290566037736,-0.0624056603773585,71.5658679245283,0.0290094339622642,"Salt",NA,"Control",NA
"81A-1678","52","101","6926.900","01:30","00:25","13","2026-06-10 18:49:12","2026-06-10 18:50:54",23.3546226415094,98.7093396226415,4.75471698113208,0.404839622641509,99.308679245283,0.0291037735849057,"Salt",NA,"Control",NA
"81A-1678","29","101","6926.900","01:30","00:25","12","2026-06-10 19:31:12","2026-06-10 19:32:53",23.1340952380952,98.8164761904762,3.6647619047619,0.557952380952381,83.8930095238095,0.029752380952381,"Salt",8,"Control",NA
"81A-1678","30","101","6926.900","01:30","00:25","13","2026-06-10 19:34:11","2026-06-10 19:35:53",23.5206603773585,98.7312264150943,4.94053773584906,-0.0534905660377358,58.408,0.0297358490566038,"Salt",8,"Disturbance",NA
"81A-1678","31","101","6926.900","01:30","00:25","12","2026-06-10 19:37:11","2026-06-10 19:38:52",22.9039047619048,98.7265714285714,4.75428571428571,-0.509352380952381,122.330561904762,3.55551428571429,"Salt",8,"1 µm",NA
"81A-1678","32","101","6926.900","01:30","00:25","13","2026-06-10 19:40:10","2026-06-10 19:41:52",-52.9468867924528,98.7484905660377,4.84905660377358,-0.534801886792453,24.5454056603774,0.0272735849056604,"Salt",8,"45 µm",NA
"81A-1678","50","101","6926.900","01:30","00:25","12","2026-06-10 19:43:11","2026-06-10 19:44:52",23.1409523809524,98.7446666666667,4.85333333333333,0.380285714285714,21.1985714285714,0.0297428571428571,"Salt",NA,"Control",NA
"81A-1678","51","101","6926.900","01:30","00:25","13","2026-06-10 19:46:11","2026-06-10 19:47:53",23.1693396226415,98.7632075471698,4.84339622641509,-0.0633962264150943,71.5365660377359,0.0297169811320755,"Salt",NA,"Control",NA
"81A-1678","52","101","6926.900","01:30","00:25","13","2026-06-10 19:49:11","2026-06-10 19:50:53",23.0833018867925,98.7614150943396,4.75471698113208,0.404047169811321,98.8692169811321,0.0297075471698113,"Salt",NA,"Control",NA
"81A-1678","29","101","6926.900","01:30","00:25","12","2026-06-10 20:31:12","2026-06-10 20:32:53",22.8175238095238,98.8233333333333,3.6647619047619,0.557638095238095,86.8963904761905,0.0297714285714286,"Salt",8,"Control",NA
"81A-1678","30","101","6926.900","01:30","00:25","13","2026-06-10 20:34:10","2026-06-10 20:35:52",23.1588679245283,98.786320754717,4.94622641509434,-0.0536792452830189,58.9794339622642,0.0297924528301887,"Salt",8,"Disturbance",NA
"81A-1678","31","101","6926.900","01:30","00:25","12","2026-06-10 20:37:10","2026-06-10 20:38:51",22.619619047619,98.7771428571429,4.75428571428571,-0.51207619047619,121.812942857143,3.53882857142857,"Salt",8,"1 µm",NA
"81A-1678","32","101","6926.900","01:30","00:25","13","2026-06-10 20:40:08","2026-06-10 20:41:50",-52.771320754717,98.796320754717,4.85094339622642,-0.534801886792453,24.4367264150943,0.0276509433962264,"Salt",8,"45 µm",NA
"81A-1678","50","101","6926.900","01:30","00:25","12","2026-06-10 20:43:09","2026-06-10 20:44:50",22.8689523809524,98.7908571428571,4.85333333333333,0.380552380952381,21.0204666666667,0.0297714285714286,"Salt",NA,"Control",NA
"81A-1678","51","101","6926.900","01:30","00:25","13","2026-06-10 20:46:08","2026-06-10 20:47:50",22.8998113207547,98.8006603773585,4.84622641509434,-0.0641698113207547,64.2905566037736,0.0297735849056604,"Salt",NA,"Control",NA
"81A-1678","52","101","6926.900","01:30","00:25","13","2026-06-10 20:49:08","2026-06-10 20:50:51",22.8254716981132,98.8010377358491,4.80434905660377,0.402849056603774,98.9461603773585,0.0297264150943396,"Salt",NA,"Control",NA
"81A-1678","29","101","6926.900","01:30","00:25","12","2026-06-10 21:31:12","2026-06-10 21:32:53",22.5797142857143,98.8504761904762,3.6647619047619,0.556647619047619,89.3561428571429,0.0300095238095238,"Salt",8,"Control",NA
"81A-1678","30","101","6926.900","01:30","00:25","13","2026-06-10 21:34:10","2026-06-10 21:35:52",22.8843396226415,98.8117924528302,4.95,-0.0544811320754717,59.4168773584906,0.0298584905660377,"Salt",8,"Disturbance",NA
"81A-1678","31","101","6926.900","01:30","00:25","12","2026-06-10 21:37:10","2026-06-10 21:38:51",22.3088571428571,98.8017142857143,4.75428571428571,-0.51207619047619,121.663352380952,3.54321904761905,"Salt",8,"1 µm",NA
"81A-1678","32","101","6926.900","01:30","00:25","13","2026-06-10 21:40:09","2026-06-10 21:41:52",-53.1122641509434,98.8172641509434,4.85094339622642,-0.534698113207547,24.4617547169811,0.0278490566037736,"Salt",8,"45 µm",NA
"81A-1678","50","101","6926.900","01:30","00:25","12","2026-06-10 21:43:11","2026-06-10 21:44:51",22.4580952380952,98.8064761904762,4.85333333333333,0.381219047619048,20.8886476190476,0.0298285714285714,"Salt",NA,"Control",NA
"81A-1678","51","101","6926.900","01:30","00:25","13","2026-06-10 21:46:10","2026-06-10 21:47:52",22.6065094339623,98.8183018867925,4.85188679245283,-0.0643867924528302,72.4777075471698,0.0298396226415094,"Salt",NA,"Control",NA
"81A-1678","52","101","6926.900","01:30","00:25","13","2026-06-10 21:49:11","2026-06-10 21:50:52",22.5422641509434,98.821320754717,4.84339622641509,0.400094339622642,98.9884339622642,0.0297924528301887,"Salt",NA,"Control",NA
"81A-1678","29","101","6926.900","01:30","00:25","12","2026-06-10 22:31:12","2026-06-10 22:32:53",22.2954285714286,98.917619047619,3.6647619047619,0.555657142857143,89.218219047619,0.0301714285714286,"Salt",8,"Control",NA
"81A-1678","30","101","6926.900","01:30","00:25","13","2026-06-10 22:34:13","2026-06-10 22:35:55",22.6289622641509,98.8484905660377,4.95,-0.0544811320754717,59.3324433962264,0.0301132075471698,"Salt",8,"Disturbance",NA
"81A-1678","31","101","6926.900","01:30","00:25","12","2026-06-10 22:37:14","2026-06-10 22:38:55",22.059619047619,98.8351428571429,4.75428571428571,-0.511971428571429,121.49479047619,3.54195238095238,"Salt",8,"1 µm",NA
"81A-1678","32","101","6926.900","01:30","00:25","13","2026-06-10 22:40:15","2026-06-10 22:41:56",-53.2741509433962,98.8542452830189,4.85377358490566,-0.533915094339623,24.1867641509434,0.0287075471698113,"Salt",8,"45 µm",NA
"81A-1678","50","101","6926.900","01:30","00:25","12","2026-06-10 22:43:15","2026-06-10 22:44:57",22.172380952381,98.8449523809524,4.85333333333333,0.380342857142857,20.7930761904762,0.0300095238095238,"Salt",NA,"Control",NA
"81A-1678","51","101","6926.900","01:30","00:25","13","2026-06-10 22:46:15","2026-06-10 22:47:57",22.1959433962264,98.8551886792453,4.85188679245283,-0.0658301886792453,69.9276226415094,0.0299528301886792,"Salt",NA,"Control",NA
"81A-1678","52","101","6926.900","01:30","00:25","13","2026-06-10 22:49:15","2026-06-10 22:50:57",22.2124528301887,98.8531132075472,4.84811320754717,0.401396226415094,99.2630283018868,0.0299245283018868,"Salt",NA,"Control",NA
"81A-1678","29","101","6926.900","01:30","00:25","12","2026-06-10 23:31:12","2026-06-10 23:32:53",22.0709523809524,98.8591428571429,3.6647619047619,0.554371428571429,91.0993428571429,0.0303333333333333,"Salt",8,"Control",NA
"81A-1678","30","101","6926.900","01:30","00:25","13","2026-06-10 23:34:11","2026-06-10 23:35:52",22.4571698113208,98.8196226415094,4.95283018867925,-0.0544811320754717,59.4267924528302,0.0304245283018868,"Salt",8,"Disturbance",NA
"81A-1678","31","101","6926.900","01:30","00:25","12","2026-06-10 23:37:11","2026-06-10 23:38:52",21.8844761904762,98.8026666666667,4.75428571428571,-0.51207619047619,121.295714285714,3.55251428571429,"Salt",8,"1 µm",NA
"81A-1678","32","101","6926.900","01:30","00:25","13","2026-06-10 23:40:11","2026-06-10 23:41:53",-53.1687735849057,98.8185849056604,4.85377358490566,-0.533915094339623,24.0911886792453,0.0298018867924528,"Salt",8,"45 µm",NA
"81A-1678","50","101","6926.900","01:30","00:25","12","2026-06-10 23:43:12","2026-06-10 23:44:53",21.9475238095238,98.8121904761905,4.85333333333333,0.380238095238095,20.6840666666667,0.0302571428571429,"Salt",NA,"Control",NA
"81A-1678","51","101","6926.900","01:30","00:25","13","2026-06-10 23:46:12","2026-06-10 23:47:54",21.9780188679245,98.8166981132076,4.85188679245283,-0.065377358490566,66.0476320754717,0.0301603773584906,"Salt",NA,"Control",NA
"81A-1678","52","101","6926.900","01:30","00:25","13","2026-06-10 23:49:12","2026-06-10 23:50:54",21.9077358490566,98.8110377358491,4.85094339622642,0.400405660377359,99.4263301886792,0.0300943396226415,"Salt",NA,"Control",NA
"81A-1652","14","101","6926.900","01:30","00:25","12","2026-06-10 00:00:31","2026-06-10 00:02:12",-70.8114285714286,98.8386666666667,5.34857142857143,0.816361904761905,79.480780952381,0.0372571428571429,"Control",4,"Disturbance",NA
"81A-1652","15","101","6926.900","01:30","00:25","12","2026-06-10 00:03:31","2026-06-10 00:05:12",20.9994285714286,98.8154285714286,5.25047619047619,0.821419047619048,148.683085714286,0.0357809523809524,"Control",4,"1 µm",NA
"81A-1652","16","101","6926.900","01:30","00:25","12","2026-06-10 00:06:31","2026-06-10 00:08:12",20.9414285714286,99.0110476190476,5.12167619047619,0.816466666666667,28.5423619047619,0.0331333333333333,"Control",4,"45 µm",NA
"81A-1652","13","101","6926.900","01:30","00:25","12","2026-06-10 00:57:31","2026-06-10 00:59:12",-69.5064761904762,98.7487619047619,5.24952380952381,0.881733333333333,85.9766666666667,0.0339904761904762,"Control",4,"Control",NA
"81A-1652","14","101","6926.900","01:30","00:25","12","2026-06-10 01:00:31","2026-06-10 01:02:12",-71.1526666666667,98.79,5.34857142857143,0.816571428571429,80.3546857142857,0.0374095238095238,"Control",4,"Disturbance",NA
"81A-1652","15","101","6926.900","01:30","00:25","12","2026-06-10 01:03:31","2026-06-10 01:05:12",20.8332380952381,98.7637142857143,5.25290476190476,0.820742857142857,148.611504761905,0.0358571428571429,"Control",4,"1 µm",NA
"81A-1652","16","101","6926.900","01:30","00:25","12","2026-06-10 01:06:31","2026-06-10 01:08:12",20.8771428571429,98.9602857142857,5.13706666666667,0.816952380952381,27.785780952381,0.0330285714285714,"Control",4,"45 µm",NA
"81A-1652","49","101","6926.900","01:30","00:25","12","2026-06-10 01:09:31","2026-06-10 01:11:12",21.0589523809524,98.7714285714286,5.34857142857143,0.233752380952381,88.2357238095238,0.0348190476190476,"Control",NA,"Control",NA
"81A-1652","13","101","6926.900","01:30","00:25","12","2026-06-10 01:57:31","2026-06-10 01:59:12",-69.0652380952381,98.719619047619,5.24952380952381,0.881628571428571,80.7442666666667,0.0331142857142857,"Control",4,"Control",NA
"81A-1652","14","101","6926.900","01:30","00:25","12","2026-06-10 02:00:31","2026-06-10 02:02:12",-70.7680952380952,98.7593333333333,5.34857142857143,0.816361904761905,80.169819047619,0.0378761904761905,"Control",4,"Disturbance",NA
"81A-1652","15","101","6926.900","01:30","00:25","12","2026-06-10 02:03:31","2026-06-10 02:05:12",20.4022857142857,98.7389523809524,5.32811428571429,0.822095238095238,148.459152380952,0.0359428571428571,"Control",4,"1 µm",NA
"81A-1652","16","101","6926.900","01:30","00:25","12","2026-06-10 02:06:29","2026-06-10 02:08:10",20.3605714285714,98.935619047619,5.1438,0.816257142857143,27.7692666666667,0.0328285714285714,"Control",4,"45 µm",NA
"81A-1652","49","101","6926.900","01:30","00:25","12","2026-06-10 02:09:27","2026-06-10 02:11:08",20.5657142857143,98.7488571428571,5.34857142857143,0.233752380952381,88.2529523809524,0.0351238095238095,"Control",NA,"Control",NA
"81A-1652","13","101","6926.900","01:30","00:25","12","2026-06-10 02:57:31","2026-06-10 02:59:12",-69.4180952380952,98.6548571428571,5.24952380952381,0.881628571428571,84.2768190476191,0.0325047619047619,"Control",4,"Control",NA
"81A-1652","14","101","6926.900","01:30","00:25","12","2026-06-10 03:00:31","2026-06-10 03:02:12",-71.0820952380952,98.691619047619,5.34857142857143,0.816571428571429,79.8172571428571,0.0378190476190476,"Control",4,"Disturbance",NA
"81A-1652","15","101","6926.900","01:30","00:25","12","2026-06-10 03:03:30","2026-06-10 03:05:11",20.1967619047619,98.6758095238095,5.33809523809524,0.821419047619048,148.36360952381,0.0357619047619048,"Control",4,"1 µm",NA
"81A-1652","16","101","6926.900","01:30","00:25","12","2026-06-10 03:06:30","2026-06-10 03:08:11",20.1038095238095,98.8709523809524,5.14476190476191,0.816257142857143,27.5887904761905,0.0328380952380952,"Control",4,"45 µm",NA
"81A-1652","49","101","6926.900","01:30","00:25","12","2026-06-10 03:09:30","2026-06-10 03:11:11",20.2746666666667,98.6835238095238,5.34857142857143,0.233752380952381,88.2504095238095,0.0350571428571429,"Control",NA,"Control",NA
"81A-1652","13","101","6926.900","01:30","00:25","12","2026-06-10 03:57:31","2026-06-10 03:59:12",-68.7455238095238,98.581619047619,5.24952380952381,0.881733333333333,83.6128095238095,0.0325809523809524,"Control",4,"Control",NA
"81A-1652","14","101","6926.900","01:30","00:25","12","2026-06-10 04:00:31","2026-06-10 04:02:12",-70.3233333333333,98.6224761904762,5.34857142857143,0.816257142857143,72.7136761904762,0.038152380952381,"Control",4,"Disturbance",NA
"81A-1652","15","101","6926.900","01:30","00:25","12","2026-06-10 04:03:31","2026-06-10 04:05:12",19.9845714285714,98.6054285714286,5.33678095238095,0.821904761904762,148.294923809524,0.0357142857142857,"Control",4,"1 µm",NA
"81A-1652","16","101","6926.900","01:30","00:25","12","2026-06-10 04:06:29","2026-06-10 04:08:10",19.9313333333333,98.8021904761905,5.14380952380952,0.816952380952381,26.3666,0.0327904761904762,"Control",4,"45 µm",NA
"81A-1652","49","101","6926.900","01:30","00:25","12","2026-06-10 04:09:28","2026-06-10 04:11:09",20.1130476190476,98.6150476190476,5.34857142857143,0.232971428571429,88.2394285714286,0.035047619047619,"Control",NA,"Control",NA
"81A-1652","13","101","6926.900","01:30","00:25","13","2026-06-10 04:57:31","2026-06-10 04:59:13",-69.246320754717,98.5359433962264,5.25,0.881811320754717,83.3616698113208,0.0325471698113208,"Control",4,"Control",NA
"81A-1652","14","101","6926.900","01:30","00:25","12","2026-06-10 05:00:30","2026-06-10 05:02:11",-71.0924761904762,98.5710476190476,5.34857142857143,0.816361904761905,76.1682476190476,0.0373333333333333,"Control",4,"Disturbance",NA
"81A-1652","15","101","6926.900","01:30","00:25","12","2026-06-10 05:03:30","2026-06-10 05:05:11",20.0461904761905,98.5604761904762,5.33904761904762,0.821419047619048,148.017371428571,0.0355904761904762,"Control",4,"1 µm",NA
"81A-1652","16","101","6926.900","01:30","00:25","12","2026-06-10 05:06:28","2026-06-10 05:08:09",19.9802857142857,98.7629523809524,5.14571428571429,0.816257142857143,27.3378857142857,0.0328761904761905,"Control",4,"45 µm",NA
"81A-1652","49","101","6926.900","01:30","00:25","12","2026-06-10 05:09:28","2026-06-10 05:11:09",20.1751428571429,98.5707619047619,5.34857142857143,0.233647619047619,88.2624761904762,0.0348095238095238,"Control",NA,"Control",NA
"81A-1652","13","101","6926.900","01:30","00:25","12","2026-06-10 05:57:31","2026-06-10 05:59:12",-69.8299047619048,98.536,5.24952380952381,0.880952380952381,82.8180476190476,0.0324380952380952,"Control",4,"Control",NA
"81A-1652","14","101","6926.900","01:30","00:25","12","2026-06-10 06:00:29","2026-06-10 06:02:10",-71.3473333333333,98.5814285714286,5.34857142857143,0.816361904761905,75.3119904761905,0.038,"Control",4,"Disturbance",NA
"81A-1652","15","101","6926.900","01:30","00:25","12","2026-06-10 06:03:29","2026-06-10 06:05:10",19.8282857142857,98.562,5.34,0.820742857142857,148.029247619048,0.0356761904761905,"Control",4,"1 µm",NA
"81A-1652","16","101","6926.900","01:30","00:25","12","2026-06-10 06:06:27","2026-06-10 06:08:08",19.8309523809524,98.7630476190476,5.14857142857143,0.817142857142857,27.4403238095238,0.0328571428571429,"Control",4,"45 µm",NA
"81A-1652","49","101","6926.900","01:30","00:25","12","2026-06-10 06:09:26","2026-06-10 06:11:07",20.0379047619048,98.5772380952381,5.34857142857143,0.233647619047619,88.2258666666667,0.0352,"Control",NA,"Control",NA
"81A-1652","13","101","6926.900","01:30","00:25","12","2026-06-10 06:57:31","2026-06-10 06:59:12",-68.9491428571429,98.5375238095238,5.24952380952381,0.881733333333333,82.8642285714286,0.0325238095238095,"Control",4,"Control",NA
"81A-1652","14","101","6926.900","01:30","00:25","12","2026-06-10 07:00:31","2026-06-10 07:02:12",-70.9370476190476,98.5778095238095,5.34857142857143,0.816257142857143,72.2689047619048,0.0370190476190476,"Control",4,"Disturbance",NA
"81A-1652","15","101","6926.900","01:30","00:25","12","2026-06-10 07:03:29","2026-06-10 07:05:10",20.3455238095238,98.5648571428572,5.33904761904762,0.822095238095238,147.749514285714,0.0354380952380952,"Control",4,"1 µm",NA
"81A-1652","16","101","6926.900","01:30","00:25","12","2026-06-10 07:06:27","2026-06-10 07:08:08",20.305619047619,98.7782857142857,5.14761904761905,0.816257142857143,27.5133333333333,0.0331333333333333,"Control",4,"45 µm",NA
"81A-1652","49","101","6926.900","01:30","00:25","12","2026-06-10 07:09:25","2026-06-10 07:11:06",20.5089523809524,98.5886666666667,5.34857142857143,0.233561904761905,88.2639333333333,0.0347714285714286,"Control",NA,"Control",NA
"81A-1652","13","101","6926.900","01:30","00:25","13","2026-06-10 07:57:31","2026-06-10 07:59:13",-69.5702830188679,98.5253773584906,5.25,0.881811320754717,82.8636698113208,0.0338301886792453,"Control",4,"Control",NA
"81A-1652","14","101","6926.900","01:30","00:25","12","2026-06-10 08:00:30","2026-06-10 08:02:11",-71.0287619047619,98.5629523809524,5.34857142857143,0.816361904761905,75.9033714285714,0.0354666666666667,"Control",4,"Disturbance",NA
"81A-1652","15","101","6926.900","01:30","00:25","12","2026-06-10 08:03:28","2026-06-10 08:05:09",21.5759047619048,98.5517142857143,5.33809523809524,0.821419047619048,147.853657142857,0.0349047619047619,"Control",4,"1 µm",NA
"81A-1652","16","101","6926.900","01:30","00:25","12","2026-06-10 08:06:27","2026-06-10 08:08:08",21.4941904761905,98.7536190476191,5.14476190476191,0.816466666666667,27.6334952380952,0.0338,"Control",4,"45 µm",NA
"81A-1652","49","101","6926.900","01:30","00:25","12","2026-06-10 08:09:25","2026-06-10 08:11:06",21.6375238095238,98.5638095238095,5.34857142857143,0.232971428571429,88.255019047619,0.0343904761904762,"Control",NA,"Control",NA
"81A-1652","13","101","6926.900","01:30","00:25","13","2026-06-10 08:57:31","2026-06-10 08:59:13",-68.5406603773585,98.5331132075472,5.25,0.882028301886792,82.9801132075472,0.035688679245283,"Control",4,"Control",NA
"81A-1652","14","101","6926.900","01:30","00:25","12","2026-06-10 09:00:30","2026-06-10 09:02:11",-70.221619047619,98.5629523809524,5.34761904761905,0.817142857142857,75.4632761904762,0.0351523809523809,"Control",4,"Disturbance",NA
"81A-1652","15","101","6926.900","01:30","00:25","12","2026-06-10 09:03:30","2026-06-10 09:05:11",22.3513333333333,98.5398095238095,5.24952380952381,0.822790476190476,148.244295238095,0.0352571428571429,"Control",4,"1 µm",NA
"81A-1652","16","101","6926.900","01:30","00:25","12","2026-06-10 09:06:30","2026-06-10 09:08:11",22.3620952380952,98.7469523809524,5.10022857142857,0.817647619047619,27.8845142857143,0.0347047619047619,"Control",4,"45 µm",NA
"81A-1652","49","101","6926.900","01:30","00:25","12","2026-06-10 09:09:30","2026-06-10 09:11:11",22.5088571428571,98.5502857142857,5.34761904761905,0.232761904761905,88.228780952381,0.034752380952381,"Control",NA,"Control",NA
"81A-1652","13","101","6926.900","01:30","00:25","13","2026-06-10 09:57:31","2026-06-10 09:59:13",-68.9570754716981,98.4816037735849,5.25,0.8825,83.0591320754717,0.0370471698113208,"Control",4,"Control",NA
"81A-1652","14","101","6926.900","01:30","00:25","12","2026-06-10 10:00:32","2026-06-10 10:02:13",-70.8799047619048,98.5097142857143,5.34476190476191,0.816361904761905,76.2560380952381,0.0361904761904762,"Control",4,"Disturbance",NA
"81A-1652","15","101","6926.900","01:30","00:25","12","2026-06-10 10:03:30","2026-06-10 10:05:11",22.6638095238095,98.4942857142857,5.24952380952381,0.822095238095238,148.555314285714,0.0359238095238095,"Control",4,"1 µm",NA
"81A-1652","16","101","6926.900","01:30","00:25","12","2026-06-10 10:06:28","2026-06-10 10:08:09",22.8458095238095,98.6939047619048,5.05142857142857,0.816466666666667,27.6913619047619,0.035152380952381,"Control",4,"45 µm",NA
"81A-1652","49","101","6926.900","01:30","00:25","12","2026-06-10 10:09:27","2026-06-10 10:11:08",22.9534285714286,98.5001904761905,5.34285714285714,0.233457142857143,88.2619428571429,0.0349904761904762,"Control",NA,"Control",NA
"81A-1652","13","101","6926.900","01:30","00:25","13","2026-06-10 10:57:31","2026-06-10 10:59:13",-69.0467924528302,98.4114150943396,5.24905660377358,0.8825,83.151320754717,0.0389245283018868,"Control",4,"Control",NA
"81A-1652","14","101","6926.900","01:30","00:25","12","2026-06-10 11:00:30","2026-06-10 11:02:11",-70.8434285714286,98.4399047619048,5.33229523809524,0.817247619047619,78.2308761904762,0.034952380952381,"Control",4,"Disturbance",NA
"81A-1652","15","101","6926.900","01:30","00:25","12","2026-06-10 11:03:30","2026-06-10 11:05:11",24.8334285714286,98.4270476190476,5.24952380952381,0.82072380952381,149.024504761905,0.0354190476190476,"Control",4,"1 µm",NA
"81A-1652","16","101","6926.900","01:30","00:25","12","2026-06-10 11:06:30","2026-06-10 11:08:11",24.9635238095238,98.6247619047619,5.05142857142857,0.817142857142857,27.8877904761905,0.0372952380952381,"Control",4,"45 µm",NA
"81A-1652","49","101","6926.900","01:30","00:25","12","2026-06-10 11:09:29","2026-06-10 11:11:10",25.7600952380952,98.4298095238095,5.33870476190476,0.233647619047619,88.2720476190476,0.0350380952380952,"Control",NA,"Control",NA
"81A-1652","13","101","6926.900","01:30","00:25","13","2026-06-10 11:57:31","2026-06-10 11:59:13",-67.9418867924528,98.3356603773585,5.17716981132075,0.8825,83.1291037735849,0.0474528301886792,"Control",4,"Control",NA
"81A-1652","14","101","6926.900","01:30","00:25","12","2026-06-10 12:00:30","2026-06-10 12:02:11",-69.9733333333333,98.3623809523809,5.24952380952381,0.817457142857143,77.7932476190476,0.0349047619047619,"Control",4,"Disturbance",NA
"81A-1652","15","101","6926.900","01:30","00:25","12","2026-06-10 12:03:30","2026-06-10 12:05:11",28.8139047619048,98.3398095238095,5.24952380952381,0.822409523809524,149.812685714286,0.0388380952380952,"Control",4,"1 µm",NA
"81A-1652","16","101","6926.900","01:30","00:25","12","2026-06-10 12:06:28","2026-06-10 12:08:09",27.938380952381,98.5386666666667,5.05142857142857,0.817142857142857,28.3478380952381,0.0414095238095238,"Control",4,"45 µm",NA
"81A-1652","49","101","6926.900","01:30","00:25","12","2026-06-10 12:09:26","2026-06-10 12:11:07",28.5331428571429,98.3511428571429,5.24952380952381,0.232761904761905,88.3260095238095,0.0364571428571429,"Control",NA,"Control",NA
"81A-1652","13","101","6926.900","01:30","00:25","13","2026-06-10 12:57:31","2026-06-10 12:59:13",-67.4983962264151,98.2475471698113,5.15094339622642,0.883490566037736,83.1412547169811,0.062188679245283,"Control",4,"Control",NA
"81A-1652","14","101","6926.900","01:30","00:25","12","2026-06-10 13:00:30","2026-06-10 13:02:11",-69.7810476190476,98.277619047619,5.24952380952381,0.818238095238095,76.9123428571429,0.0363428571428571,"Control",4,"Disturbance",NA
"81A-1652","15","101","6926.900","01:30","00:25","12","2026-06-10 13:03:29","2026-06-10 13:05:10",30.3699047619048,98.2588571428571,5.24,0.822895238095238,151.007171428571,0.0475238095238095,"Control",4,"1 µm",NA
"81A-1652","16","101","6926.900","01:30","00:25","12","2026-06-10 13:06:29","2026-06-10 13:08:10",29.431619047619,98.4414285714286,5.05142857142857,0.816571428571429,28.7782,0.0455619047619048,"Control",4,"45 µm",NA
"81A-1652","49","101","6926.900","01:30","00:25","12","2026-06-10 13:09:27","2026-06-10 13:11:08",30.0344761904762,98.2574285714286,5.24952380952381,0.232761904761905,88.3494380952381,0.0380952380952381,"Control",NA,"Control",NA
"81A-1652","13","101","6926.900","01:30","00:25","5","2026-06-10 13:57:31","2026-06-10 13:59:05",-66.5055102040816,98.0779591836735,5.13723469387755,1.04563265306122,78.8038571428571,0.188795918367347,"Control",4,"Control",NA
"81A-1652","14","101","6926.900","01:30","00:25","12","2026-06-10 14:00:22","2026-06-10 14:02:03",-68.9190476190476,98.1821904761905,5.24952380952381,0.818238095238095,77.7531428571429,0.0411047619047619,"Control",4,"Disturbance",NA
"81A-1652","15","101","6926.900","01:30","00:25","12","2026-06-10 14:03:22","2026-06-10 14:05:03",30.0901904761905,98.17,5.15047619047619,0.822409523809524,152.589638095238,0.0445904761904762,"Control",4,"1 µm",NA
"81A-1652","16","101","6926.900","01:30","00:25","12","2026-06-10 14:06:22","2026-06-10 14:08:03",30.0122857142857,98.3588571428571,5.04857142857143,0.818028571428571,29.4159619047619,0.045847619047619,"Control",4,"45 µm",NA
"81A-1652","49","101","6926.900","01:30","00:25","12","2026-06-10 14:09:20","2026-06-10 14:11:01",30.4466666666667,98.1710476190476,5.24857142857143,0.232657142857143,88.3252380952381,0.0379333333333333,"Control",NA,"Control",NA
"81A-1652","13","101","6926.900","01:30","00:25","13","2026-06-10 14:57:31","2026-06-10 14:59:13",-66.0159433962264,98.1143396226415,5.15094339622642,0.883490566037736,83.212641509434,0.0846037735849057,"Control",4,"Control",NA
"81A-1652","14","101","6926.900","01:30","00:25","12","2026-06-10 15:00:31","2026-06-10 15:02:12",-69.0198095238095,98.1325714285714,5.24761904761905,0.817561904761905,76.8106095238095,0.0396,"Control",4,"Disturbance",NA
"81A-1652","15","101","6926.900","01:30","00:25","12","2026-06-10 15:03:29","2026-06-10 15:05:10",30.6380952380952,98.1082857142857,5.15047619047619,0.823085714285714,152.846457142857,0.0438285714285714,"Control",4,"1 µm",NA
"81A-1652","16","101","6926.900","01:30","00:25","12","2026-06-10 15:06:29","2026-06-10 15:08:10",30.274,98.3027619047619,4.95559047619048,0.817247619047619,29.3181904761905,0.0466380952380952,"Control",4,"45 µm",NA
"81A-1652","49","101","6926.900","01:30","00:25","12","2026-06-10 15:09:27","2026-06-10 15:11:08",31.0202857142857,98.1172380952381,5.24,0.231666666666667,88.388619047619,0.0389428571428571,"Control",NA,"Control",NA
"81A-1652","13","101","6926.900","01:30","00:25","12","2026-06-10 15:57:31","2026-06-10 15:59:12",-67.1677142857143,98.0242857142857,5.14380952380952,0.88272380952381,83.256,0.0704761904761905,"Control",4,"Control",NA
"81A-1652","14","101","6926.900","01:30","00:25","12","2026-06-10 16:00:30","2026-06-10 16:02:11",-69.5348571428571,98.0621904761905,5.24095238095238,0.817561904761905,76.6315142857143,0.042647619047619,"Control",4,"Disturbance",NA
"81A-1652","15","101","6926.900","01:30","00:25","12","2026-06-10 16:03:29","2026-06-10 16:05:10",29.2147619047619,98.0432380952381,5.15047619047619,0.822895238095238,153.378771428571,0.0446,"Control",4,"1 µm",NA
"81A-1652","16","101","6926.900","01:30","00:25","12","2026-06-10 16:06:29","2026-06-10 16:08:10",28.8637142857143,98.2313333333333,4.95238095238095,0.817942857142857,29.3574571428571,0.0431714285714286,"Control",4,"45 µm",NA
"81A-1652","49","101","6926.900","01:30","00:25","12","2026-06-10 16:09:27","2026-06-10 16:11:08",28.9893333333333,98.0377142857143,5.23869523809524,0.230990476190476,88.3855047619048,0.0383714285714286,"Control",NA,"Control",NA
"81A-1652","13","101","6926.900","01:30","00:25","12","2026-06-10 16:57:31","2026-06-10 16:59:12",-67.4120952380952,98.0694285714286,5.14952380952381,0.88272380952381,83.3732857142857,0.0477904761904762,"Control",4,"Control",NA
"81A-1652","14","101","6926.900","01:30","00:25","12","2026-06-10 17:00:29","2026-06-10 17:02:10",-69.4866666666667,98.1019047619048,5.24857142857143,0.817561904761905,75.8237142857143,0.0485047619047619,"Control",4,"Disturbance",NA
"81A-1652","15","101","6926.900","01:30","00:25","12","2026-06-10 17:03:29","2026-06-10 17:05:10",26.0377142857143,98.0690476190476,5.15047619047619,0.822790476190476,153.319066666667,0.0448190476190476,"Control",4,"1 µm",NA
"81A-1652","16","101","6926.900","01:30","00:25","12","2026-06-10 17:06:29","2026-06-10 17:08:10",25.5527619047619,98.26,4.95606666666667,0.817142857142857,29.8499904761905,0.0372095238095238,"Control",4,"45 µm",NA
"81A-1652","49","101","6926.900","01:30","00:25","12","2026-06-10 17:09:29","2026-06-10 17:11:10",25.5840952380952,98.0860952380952,5.2447619047619,0.230990476190476,88.3755142857143,0.0406380952380952,"Control",NA,"Control",NA
"81A-1652","13","101","6926.900","01:30","00:25","12","2026-06-10 17:57:31","2026-06-10 17:59:12",-68.6658095238095,98.0764761904762,5.15047619047619,0.882619047619048,83.4892666666667,0.0345333333333333,"Control",4,"Control",NA
"81A-1652","14","101","6926.900","01:30","00:25","12","2026-06-10 18:00:31","2026-06-10 18:02:12",-70.3360952380952,98.1232380952381,5.24952380952381,0.817352380952381,75.4621523809524,0.0575142857142857,"Control",4,"Disturbance",NA
"81A-1652","15","101","6926.900","01:30","00:25","13","2026-06-10 18:03:31","2026-06-10 18:05:13",22.7215094339623,98.1190566037736,5.22625471698113,0.8215,152.457443396226,0.0407830188679245,"Control",4,"1 µm",NA
"81A-1652","16","101","6926.900","01:30","00:25","12","2026-06-10 18:06:30","2026-06-10 18:08:11",22.6320952380952,98.2959047619048,5.05142857142857,0.816466666666667,29.518580952381,0.0296857142857143,"Control",4,"45 µm",NA
"81A-1652","49","101","6926.900","01:30","00:25","12","2026-06-10 18:09:30","2026-06-10 18:11:11",22.8308571428571,98.1055238095238,5.24952380952381,0.234647619047619,88.3744857142857,0.0390952380952381,"Control",NA,"Control",NA
"81A-1652","13","101","6926.900","01:30","00:25","13","2026-06-10 18:57:31","2026-06-10 18:59:13",-68.1312264150943,98.0001886792453,5.15094339622642,0.882698113207547,83.5711320754717,0.0285754716981132,"Control",4,"Control",NA
"81A-1652","14","101","6926.900","01:30","00:25","12","2026-06-10 19:00:32","2026-06-10 19:02:13",-69.6354285714286,98.018380952381,5.24952380952381,0.817457142857143,74.8942,0.0439428571428571,"Control",4,"Disturbance",NA
"81A-1652","15","101","6926.900","01:30","00:25","12","2026-06-10 19:03:32","2026-06-10 19:05:13",23.5840952380952,98.0028571428571,5.24666666666667,0.822790476190476,151.261514285714,0.0385047619047619,"Control",4,"1 µm",NA
"81A-1652","16","101","6926.900","01:30","00:25","12","2026-06-10 19:06:32","2026-06-10 19:08:13",23.429619047619,98.2041904761905,5.05142857142857,0.817142857142857,29.2466,0.0305619047619048,"Control",4,"45 µm",NA
"81A-1652","49","101","6926.900","01:30","00:25","12","2026-06-10 19:09:32","2026-06-10 19:11:13",23.6017142857143,98.0159047619048,5.24952380952381,0.245533333333333,88.3938380952381,0.0361714285714286,"Control",NA,"Control",NA
"81A-1652","13","101","6926.900","01:30","00:25","13","2026-06-10 19:57:31","2026-06-10 19:59:13",-68.8401886792453,98.0441509433962,5.15094339622642,0.8825,83.4811981132076,0.0289339622641509,"Control",4,"Control",NA
"81A-1652","14","101","6926.900","01:30","00:25","12","2026-06-10 20:00:32","2026-06-10 20:02:13",-70.3473333333333,98.0760952380952,5.24952380952381,0.816571428571429,74.5855142857143,0.0444,"Control",4,"Disturbance",NA
"81A-1652","15","101","6926.900","01:30","00:25","12","2026-06-10 20:03:31","2026-06-10 20:05:12",22.8659047619048,98.0705714285714,5.24952380952381,0.821419047619048,150.700161904762,0.0393047619047619,"Control",4,"1 µm",NA
"81A-1652","16","101","6926.900","01:30","00:25","12","2026-06-10 20:06:29","2026-06-10 20:08:10",22.7586666666667,98.2792380952381,5.05142857142857,0.816466666666667,29.3870095238095,0.0309238095238095,"Control",4,"45 µm",NA
"81A-1652","49","101","6926.900","01:30","00:25","13","2026-06-10 20:09:27","2026-06-10 20:11:09",22.8910377358491,98.0922641509434,5.25,0.244,88.354358490566,0.0388679245283019,"Control",NA,"Control",NA
"81A-1652","13","101","6926.900","01:30","00:25","13","2026-06-10 20:57:31","2026-06-10 20:59:13",-69.1696226415094,98.0854716981132,5.16116981132075,0.882698113207547,83.5258018867925,0.0297547169811321,"Control",4,"Control",NA
"81A-1652","14","101","6926.900","01:30","00:25","12","2026-06-10 21:00:32","2026-06-10 21:02:13",-69.6282857142857,98.117619047619,5.24952380952381,0.815161904761905,72.6076285714286,0.0443714285714286,"Control",4,"Disturbance",NA
"81A-1652","15","101","6926.900","01:30","00:25","12","2026-06-10 21:03:30","2026-06-10 21:05:11",22.4828571428571,98.1022857142857,5.24952380952381,0.822095238095238,150.007742857143,0.0402190476190476,"Control",4,"1 µm",NA
"81A-1652","16","101","6926.900","01:30","00:25","12","2026-06-10 21:06:30","2026-06-10 21:08:11",22.3597142857143,98.3092380952381,5.05142857142857,0.817142857142857,29.9539333333333,0.0311714285714286,"Control",4,"45 µm",NA
"81A-1652","49","101","6926.900","01:30","00:25","13","2026-06-10 21:09:30","2026-06-10 21:11:12",22.5212264150943,98.1272641509434,5.25,0.241698113207547,88.4033773584906,0.0467641509433962,"Control",NA,"Control",NA
"81A-1652","13","101","6926.900","01:30","00:25","13","2026-06-10 21:57:31","2026-06-10 21:59:13",-68.8312264150943,98.1166037735849,5.19096226415094,0.8825,83.4680188679245,0.0317075471698113,"Control",4,"Control",NA
"81A-1652","14","101","6926.900","01:30","00:25","12","2026-06-10 22:00:32","2026-06-10 22:02:13",-70.3927619047619,98.1471428571429,5.24952380952381,0.8112,71.640019047619,0.0450190476190476,"Control",4,"Disturbance",NA
"81A-1652","15","101","6926.900","01:30","00:25","12","2026-06-10 22:03:30","2026-06-10 22:05:11",21.9872380952381,98.1350476190476,5.24952380952381,0.822095238095238,149.666580952381,0.0407047619047619,"Control",4,"1 µm",NA
"81A-1652","16","101","6926.900","01:30","00:25","12","2026-06-10 22:06:30","2026-06-10 22:08:11",21.8864761904762,98.3371428571429,5.05142857142857,0.817142857142857,29.6902666666667,0.0317619047619048,"Control",4,"45 µm",NA
"81A-1652","49","101","6926.900","01:30","00:25","12","2026-06-10 22:09:28","2026-06-10 22:11:09",22.0354285714286,98.1469523809524,5.24952380952381,0.240580952380952,88.3962380952381,0.0483904761904762,"Control",NA,"Control",NA
"81A-1652","13","101","6926.900","01:30","00:25","13","2026-06-10 22:57:31","2026-06-10 22:59:13",-69.3206603773585,98.1314150943396,5.23769811320755,0.8825,83.4935943396226,0.0328207547169811,"Control",4,"Control",NA
"81A-1652","14","101","6926.900","01:30","00:25","12","2026-06-10 23:00:32","2026-06-10 23:02:13",-70.7570476190476,98.1632380952381,5.24952380952381,0.807238095238095,77.7740285714286,0.045447619047619,"Control",4,"Disturbance",NA
"81A-1652","15","101","6926.900","01:30","00:25","12","2026-06-10 23:03:30","2026-06-10 23:05:11",21.6059047619048,98.1491428571429,5.24952380952381,0.821419047619048,149.34339047619,0.040952380952381,"Control",4,"1 µm",NA
"81A-1652","16","101","6926.900","01:30","00:25","12","2026-06-10 23:06:28","2026-06-10 23:08:09",21.5575238095238,98.362,5.05142857142857,0.816257142857143,29.6132095238095,0.0334380952380952,"Control",4,"45 µm",NA
"81A-1652","49","101","6926.900","01:30","00:25","13","2026-06-10 23:09:27","2026-06-10 23:11:09",21.7815094339623,98.1775471698113,5.25,0.238943396226415,88.4077264150943,0.0497452830188679,"Control",NA,"Control",NA
"81A-1652","13","101","6926.900","01:30","00:25","13","2026-06-10 23:57:31","2026-06-10 23:59:13",-68.7071698113208,98.0932075471698,5.24811320754717,0.882698113207547,91.4151226415094,0.0325660377358491,"Control",4,"Control",NA
