"label","StartTime","Plot","TIMESTAMP","HM81_AIC","HM81_flux.estimate","HM81_p.value","HM81_r.squared","HM81_RMSE","lin_AIC","lin_flux.estimate","lin_flux.std.error","lin_int.estimate","lin_int.std.error","lin_p.value","lin_r.squared","lin_RMSE","poly_AIC","poly_r.squared","poly_RMSE","rob_AIC","rob_converged","rob_flux.estimate","rob_flux.std.error","rob_RMSE","TIMESTAMP_min","TIMESTAMP_max","flag"
"13","2026-06-09 00:57:31","Collar_13_2026-06-09 00:57:31",2026-06-09 00:58:58,709.460646130002,19.8377691800519,2.58408817886612e-59,0.985150836260603,55.032475686844,576.469072147095,23.6751730997797,0.130798428795402,4886.47409845917,7.84899563894771,2.62655996941885e-87,0.998080779076474,19.7847486452548,435.389746317073,0.999794039379988,6.58666392548438,576.623973273781,TRUE,23.6557029871615,0.145996336242033,21.8087867264243,2026-06-09 00:58:26,2026-06-09 00:59:30,"Time changed"
"13","2026-06-09 01:57:31","Collar_13_2026-06-09 01:57:31",2026-06-09 01:58:58,1441.80165441095,19.8538455748588,3.04568495028525e-112,0.981141723335071,61.0154807943736,1082.92550364813,23.4850683909735,0.0717370387624668,4667.33968979418,4.30482009289564,5.62097196721e-189,0.998807125282664,15.3456911523546,922.512814859921,0.999663227236342,8.21820989553108,1083.95342596143,TRUE,23.4980661581969,0.0686465810261957,15.3739584738211,2026-06-09 01:58:26,2026-06-09 01:59:30,"Time changed"
"13","2026-06-09 02:57:31","Collar_13_2026-06-09 02:57:31",2026-06-09 02:58:58,1432.19688989445,19.795693738905,1.44430777786177e-116,0.983858334498134,58.8026083434685,1138.02163845218,24.45791227301,0.0886694494752967,4780.81613435642,5.32090582929055,1.81951296638368e-179,0.998320464446561,18.967802543435,926.088881990754,0.999680980772794,8.33202492968266,1138.05526551869,TRUE,24.4694284177492,0.0935779542868023,23.3765115982223,2026-06-09 02:58:26,2026-06-09 02:59:30,"Time changed"
"13","2026-06-09 03:57:31","Collar_13_2026-06-09 03:57:31",2026-06-09 03:58:58,1393.36984888475,17.6444311241768,4.31642569211071e-116,0.983579872273918,50.645553616208,1081.80969118586,20.8876813060116,0.0714298327351236,4906.40519113621,4.28638517138257,1.04306979319326e-182,0.998505351166905,15.2799749073426,851.204046056017,0.999754084555503,6.24691608570254,1082.41327260152,TRUE,20.8410212070414,0.0700952306452312,17.0571673757145,2026-06-09 03:58:26,2026-06-09 03:59:30,"Time changed"
"13","2026-06-09 04:57:31","Collar_13_2026-06-09 04:57:31",2026-06-09 04:58:58,1421.11149354459,17.8923902832833,2.65142421841384e-111,0.980493287645113,56.3481874305677,1006.35684863389,21.3292455379287,0.0534374797055745,4819.44253935016,3.20669406374518,5.52325145809342e-200,0.999197209676685,11.4311250320387,850.83916359285,0.999764659253866,6.23815534941338,1006.48148974745,TRUE,21.3120997351823,0.0482443565980597,9.86981804212375,2026-06-09 04:58:26,2026-06-09 04:59:30,"Time changed"
"13","2026-06-09 05:57:31","Collar_13_2026-06-09 05:57:31",2026-06-09 05:58:58,1396.86035172867,17.6356917253639,1.16123486916567e-117,0.984481663990468,51.3300551672142,1118.14495580555,21.7728796768112,0.0821434102560035,4987.30781745503,4.92928909624892,2.95664004358011e-177,0.998181416849628,17.571779177611,877.740444592003,0.999722511834219,6.91816794661086,1118.14568139445,TRUE,21.7737366105897,0.0844536173252236,22.9754176113284,2026-06-09 05:58:26,2026-06-09 05:59:30,"Time changed"
"13","2026-06-09 06:57:31","Collar_13_2026-06-09 06:57:31",2026-06-09 06:58:58,719.258321799049,19.8862867426217,1.02889611945989e-57,0.983308891245923,59.3403915896314,567.446883249073,24.0823636279,0.122028664691337,5140.09361397556,7.32273671641067,1.14302589388242e-89,0.998385031301699,18.4582221718481,457.091663035091,0.999721961449929,7.78333421239207,567.448822133985,TRUE,24.0808953736513,0.124796436788027,23.8609604752637,2026-06-09 06:58:26,2026-06-09 06:59:30,"Time changed"
"13","2026-06-09 07:57:31","Collar_13_2026-06-09 07:57:31",2026-06-09 07:58:58,710.92101703937,19.2382331301122,9.94210562386448e-59,0.984502042877655,55.6541751680403,570.670075664586,23.437616284044,0.125092036882905,5011.38926103677,7.50656457423381,2.99601753915247e-88,0.998208592853661,18.9215920255628,396.491573145563,0.99988446783521,4.88334419378713,571.236672682241,TRUE,23.4972478895351,0.12830137198971,19.3829377256497,2026-06-09 07:58:26,2026-06-09 07:59:30,"Time changed"
"13","2026-06-09 08:57:31","Collar_13_2026-06-09 08:57:31",2026-06-09 08:58:58,717.775712946231,18.0927612654928,3.9926884774401e-56,0.981253841185764,58.6674776844625,545.73176322478,22.469573666703,0.103256541815239,4764.26840198886,6.19625292034951,2.44454556841889e-92,0.998671356001055,15.6187252752731,437.639587545578,0.999763151868352,6.70164794751371,545.732786367008,TRUE,22.4723765577384,0.106231585164971,21.1410073129621,2026-06-09 08:58:26,2026-06-09 08:59:30,"Time changed"
"13","2026-06-09 09:57:31","Collar_13_2026-06-09 09:57:31",2026-06-09 09:58:58,712.492287466623,17.0854202579837,3.07643981731897e-56,0.981408297878394,56.3309318791971,515.372396508472,21.6688063981638,0.0817514052060098,4679.22421679511,4.90576552676737,9.9379167554432e-98,0.999104074797071,12.3658289957543,419.74221420375,0.99980653726786,5.839711271692,515.461529623223,TRUE,21.6469426392812,0.082213292021067,15.1361793214943,2026-06-09 09:58:26,2026-06-09 09:59:30,"Time changed"
"13","2026-06-09 10:57:31","Collar_13_2026-06-09 10:57:31",2026-06-09 10:58:58,723.511509018998,16.1621985637474,2.34298732466889e-53,0.977050530025658,61.3139286817665,433.810060898826,21.2352449574439,0.0436533670636896,4490.26216481794,2.61956577662139,2.47000534336293e-114,0.99973383810147,6.60306781073892,402.742386604756,0.999844817462815,5.12388761755012,434.333951780718,TRUE,21.2172574244422,0.0428102113467962,6.01723132685267,2026-06-09 10:58:26,2026-06-09 10:59:30,"Time changed"
"13","2026-06-09 11:57:31","Collar_13_2026-06-09 11:57:31",2026-06-09 11:58:58,690.864892286096,17.4080346538477,1.23943206535316e-59,0.985493099038328,47.6975110682952,565.586584370528,20.7582973602456,0.12029487042926,4569.15260180194,7.21869461340373,5.29413363418913e-86,0.997888780207246,18.1959660882414,416.268663925941,0.999800406275569,5.68574257268229,565.608859829645,TRUE,20.7437442204932,0.12584513226747,23.5204482174385,2026-06-09 11:58:26,2026-06-09 11:59:30,"Time changed"
"13","2026-06-09 12:57:31","Collar_13_2026-06-09 12:57:31",2026-06-09 12:58:58,705.908892314367,15.5235520428753,4.12660810877117e-55,0.979811532538215,53.549276968389,509.749884386583,19.766496103309,0.0782910196970039,4420.05973567394,4.69811356168337,2.12202214918429e-96,0.999012638818277,11.8424063664316,444.255071395077,0.999661039038706,7.05151012329797,510.884400754739,TRUE,19.8250417179525,0.0826210769432301,10.939600114589,2026-06-09 12:58:26,2026-06-09 12:59:30,"Time changed"
"13","2026-06-09 13:57:31","Collar_13_2026-06-09 13:57:31",2026-06-09 13:58:58,NA,NA,NA,NA,NA,639.857962101328,3.45800147499309,0.212994058826094,4204.29902306794,12.7814183568125,3.41966033140122e-24,0.807092722620968,32.2177716935621,620.313771538695,0.865711384733175,27.3178269028884,639.862718204169,TRUE,3.4542322051681,0.216374076838239,40.8830434816379,2026-06-09 13:58:26,2026-06-09 13:59:30,"Flux unusable, remove"
"13","2026-06-09 14:57:31","Collar_13_2026-06-09 14:57:31",2026-06-09 14:58:58,698.547904457753,14.1491126745082,2.11718966227987e-55,0.980234619801947,50.6014034107607,528.357094579179,18.8729165448368,0.0903386414157835,4593.07877454621,5.42107125468676,3.18068145836579e-91,0.998558604443826,13.6647460510467,463.511911530432,0.999500198811073,8.17737615143119,528.498972022652,TRUE,18.9018829530445,0.0952308694220647,15.4094480167618,2026-06-09 14:58:26,2026-06-09 14:59:30,"Time changed"
"13","2026-06-09 15:57:31","Collar_13_2026-06-09 15:57:31",2026-06-09 15:58:58,726.974817691936,15.8651585796617,4.16216104261377e-52,0.974856491971309,62.9693358046669,461.340344861092,20.8337153132607,0.0539496838793646,4497.06253822475,3.23743058224432,5.09426814353085e-108,0.999577719065233,8.16050272831494,447.142516198535,0.999680836273629,7.20988434061937,461.443964232267,TRUE,20.8489713056469,0.056604892949618,8.27198770413514,2026-06-09 15:58:26,2026-06-09 15:59:30,"Time changed"
"13","2026-06-09 16:57:31","Collar_13_2026-06-09 16:57:31",2026-06-09 16:58:58,715.460781666213,15.4926716395315,1.26265274200633e-52,0.975790450405688,57.6320229234479,480.212224869083,19.4299560824782,0.0623784672642422,4643.22551930052,3.74322782032143,3.84141920263129e-102,0.99935109009907,9.43545199330921,475.50090408169,0.99943248137981,8.96738722969721,480.64397738123,TRUE,19.4396233134554,0.0578685982567155,8.46052471449021,2026-06-09 16:58:26,2026-06-09 16:59:30,"Time changed"
"13","2026-06-09 17:57:31","Collar_13_2026-06-09 17:57:31",2026-06-09 17:58:58,718.551932432637,17.6043920699246,1.24899670037807e-55,0.980562909058837,59.0188243364301,540.038283648099,22.1996543488369,0.0988319163014061,4730.08980445532,5.93073852020043,3.32413265853444e-93,0.998752901918673,14.9494503883591,476.060361769062,0.999561762757332,9.00606172457044,540.236585412239,TRUE,22.2376759516287,0.10250216798396,14.6144864965253,2026-06-09 17:58:26,2026-06-09 17:59:30,"Time changed"
"13","2026-06-09 18:57:31","Collar_13_2026-06-09 18:57:31",2026-06-09 18:58:58,693.291512992447,16.1791586112878,9.67359732300348e-59,0.984515503995196,48.5962093425171,569.460707332882,20.4689321070455,0.123933722669678,4960.61077681464,7.43705606949201,8.32993861333179e-85,0.997695762203626,18.7463838386452,487.913195448375,0.999382061054265,9.86579297844631,569.461742245346,TRUE,20.465579025513,0.127713466571119,23.1586881028007,2026-06-09 18:58:26,2026-06-09 18:59:30,"Time changed"
"13","2026-06-09 19:57:31","Collar_13_2026-06-09 19:57:31",2026-06-09 19:58:58,716.882859361033,17.3113016261736,9.65177149769949e-56,0.980721277968526,58.265923852195,521.205210718787,22.0095630013932,0.0855029433342161,4831.27887351177,5.13088907510675,6.26990110458978e-97,0.999050123555641,12.9332917671592,451.368621077172,0.999694977853753,7.44811819129016,521.237004733209,TRUE,22.0213907837663,0.0898548853918134,11.2675202487533,2026-06-09 19:58:26,2026-06-09 19:59:30,"Time changed"
"13","2026-06-09 20:57:31","Collar_13_2026-06-09 20:57:31",2026-06-09 20:58:58,718.097819749997,16.6351487450376,1.42963420326484e-55,0.9804794056928,58.8130209481539,547.291641774608,22.0730736454057,0.104502986985256,4925.93770423599,6.27105001687237,1.59410653616432e-91,0.998589868907998,15.8072642708558,506.069920248392,0.999296745279756,11.3445860837948,547.308808445951,TRUE,22.0812713589191,0.106417573382843,16.5401925645326,2026-06-09 20:58:26,2026-06-09 20:59:30,"Time changed"
"13","2026-06-09 21:57:31","Collar_13_2026-06-09 21:57:31",2026-06-09 21:58:58,704.351921356587,18.9828659276794,2.3620907150766e-58,0.9840704956263,52.9117586634723,567.699761038371,21.9770970318167,0.122266267548729,5694.87455972205,7.33699486774053,4.07120738712252e-87,0.998053890828402,18.4941623039597,463.931645899138,0.999629217232214,8.2038213268507,567.711848105095,TRUE,21.9659333716093,0.141838539865744,19.6365828771175,2026-06-09 21:58:26,2026-06-09 21:59:30,"Time changed"
"13","2026-06-09 22:57:31","Collar_13_2026-06-09 22:57:31",2026-06-09 22:58:58,711.934635292311,17.5638939474503,5.73855521176003e-57,0.982373136065397,56.089810435898,549.289829420297,22.1526146512824,0.106121676657819,6144.22510795494,6.36818488537013,3.34347081628196e-91,0.998556318691519,16.0521094773407,479.358532036824,0.999537083348526,9.23747348674361,550.999541128511,TRUE,22.0431877139567,0.0995085661745011,15.4715188759367,2026-06-09 22:58:26,2026-06-09 22:59:30,"Time changed"
"13","2026-06-09 23:57:31","Collar_13_2026-06-09 23:57:31",2026-06-09 23:58:58,711.738870540649,20.1742908027559,3.12434400061672e-59,0.98506109050456,56.0054093254662,589.324490314175,24.0170060367421,0.144393939988268,5754.77301537059,8.66483959857959,5.34603118583075e-85,0.997727976083488,21.8412242018179,497.320245079191,0.999481241779488,10.6061650389325,591.025253400886,TRUE,23.8468392135468,0.144403042880396,17.7294607562986,2026-06-09 23:58:26,2026-06-09 23:59:30,"Time changed"
"14","2026-06-09 00:00:31","Collar_14_2026-06-09 00:00:31",2026-06-09 00:01:43,260.26808897762,3.9430635634072,4.0938416973411e-28,0.975340883470704,9.4204512224704,272.314973270078,5.66652243153486,0.187274635134741,5240.44841859544,8.08974401377512,1.20428818293166e-25,0.965209534647997,11.1895615018872,260.978799102518,0.977552775857837,9.27342989910111,272.41416504378,TRUE,5.70686822321583,0.206200010933866,10.0459122174202,2026-06-09 00:01:26,2026-06-09 00:02:00,"Time changed"
"14","2026-06-09 01:00:31","Collar_14_2026-06-09 01:00:31",2026-06-09 01:01:43,NA,NA,NA,NA,NA,537.00733741297,5.19771077662243,0.128957905801872,4717.58410400703,5.5706233027184,3.3711853081781e-49,0.959823507510471,10.8967522724555,523.776265961121,0.96859007590238,9.77973304789233,538.764297873633,TRUE,5.11773461887262,0.088690284595531,8.01605208574253,2026-06-09 01:01:26,2026-06-09 01:02:00,"Time changed"
"14","2026-06-09 02:00:29","Collar_14_2026-06-09 02:00:29",2026-06-09 02:01:41,471.153402236441,4.06363528403537,5.25511163016017e-51,0.964449242877592,6.80787164079352,504.570479192947,3.42119955395511,0.102288187293995,4822.15760606366,4.41856554811146,5.94959188638545e-44,0.942697269970348,8.64320051113158,463.578393202037,0.969867504278288,6.36190195730108,504.790014722297,TRUE,3.45644220557163,0.112839091753761,9.6152540149574,2026-06-09 02:01:24,2026-06-09 02:01:58,"Time changed"
"14","2026-06-09 03:00:31","Collar_14_2026-06-09 03:00:31",2026-06-09 03:01:43,448.922080002072,2.96051996264591,1.0557395051403e-57,0.977407709519192,5.80827937489578,446.049396779631,3.7300299162002,0.0673421582689067,4718.20922835342,2.90899416965157,2.61449866338287e-58,0.978316092682304,5.6903127542733,413.697473444746,0.987099614473901,4.45503580779538,446.126153191751,TRUE,3.74340975056183,0.0766799303043233,6.21774294171402,2026-06-09 03:01:26,2026-06-09 03:02:00,"Time changed"
"14","2026-06-09 04:00:31","Collar_14_2026-06-09 04:00:31",2026-06-09 04:01:43,NA,NA,NA,NA,NA,401.232889359912,3.76905844328131,0.048894677863177,4714.64032625653,2.11211426077275,6.45247719234822e-68,0.988685779578501,4.13152794940021,383.829106765906,0.99166642899703,3.59912090388795,401.314229128773,TRUE,3.76628810499556,0.0494362075427546,4.47068109532902,2026-06-09 04:01:26,2026-06-09 04:02:00,"Time changed"
"14","2026-06-09 05:00:30","Collar_14_2026-06-09 05:00:30",2026-06-09 05:01:42,460.623178269107,2.73811255632845,4.16980737939638e-59,0.979455500264124,6.31459519392526,385.701458185676,4.28418205369894,0.0437604201500205,4868.66453978785,1.89032858984992,6.50151537652988e-75,0.992955247838003,3.69769076776075,389.538091893759,0.992971669739772,3.7489210833411,385.834997047535,TRUE,4.26866384637159,0.0487714998069934,3.85219823646621,2026-06-09 05:01:25,2026-06-09 05:01:59,"Time changed"
"14","2026-06-09 06:00:30","Collar_14_2026-06-09 06:00:30",2026-06-09 06:01:42,450.477594943479,3.8550557995311,4.57939708436924e-67,0.988014608025948,5.87317397595135,470.926140656175,5.19323828018555,0.0804372591606638,5129.91007706033,3.47466615172567,9.44400442144355e-63,0.983948365950241,6.79682940800619,379.588060301102,0.995888293793164,3.49172691974669,471.184361007033,TRUE,5.22839290245141,0.0819227117418595,8.2024933180708,2026-06-09 06:01:25,2026-06-09 06:01:59,"Time changed"
"14","2026-06-09 07:00:32","Collar_14_2026-06-09 07:00:32",2026-06-09 07:01:44,213.591415974145,5.03783067628972,5.01961575830673e-41,0.995928787718311,4.83592959235554,250.832830475909,7.24375392471576,0.137784162696849,5036.48125690944,5.95189308241284,2.12338180317732e-33,0.988201395906078,8.23253165797472,212.420053639047,0.996487993230032,4.63416924267261,250.832830475909,TRUE,7.24375392471576,0.137784162696849,10.487993377558,2026-06-09 07:01:27,2026-06-09 07:02:01,"Time changed"
"14","2026-06-09 08:00:29","Collar_14_2026-06-09 08:00:29",2026-06-09 08:01:41,215.056026908418,3.66963843069465,1.98179371289021e-35,0.991111292200859,4.93817775146721,227.700649331773,5.00359745586564,0.0990107759026976,4851.01725836825,4.27699048022064,7.7037777612867e-33,0.987243300164099,5.91584207608093,212.31830762847,0.992667801377721,4.62743830371924,227.913051403563,TRUE,5.0399092066505,0.0935787224243032,5.03539294032162,2026-06-09 08:01:24,2026-06-09 08:01:58,"Time changed"
"14","2026-06-09 09:00:29","Collar_14_2026-06-09 09:00:29",2026-06-09 09:01:41,250.271922609053,3.42200688450028,5.81120327117145e-28,0.974812150027206,8.16682822403533,242.992190998786,4.89657359018514,0.123184014094773,4577.56287739587,5.32120722007546,1.87427168316739e-29,0.979542094136142,7.36018041509509,243.176862779095,0.981654945568887,7.19106968744466,243.23345781033,TRUE,4.94700180390805,0.131308479318457,7.17864247751033,2026-06-09 09:01:24,2026-06-09 09:01:58,"Time changed"
"14","2026-06-09 10:00:30","Collar_14_2026-06-09 10:00:30",2026-06-09 10:01:42,227.437192732235,2.20525884922877,2.91786501149372e-26,0.968071107077624,5.89361867109398,201.994011762477,3.14655562788035,0.0685793186691072,4547.55623426111,2.96243606227307,1.78814771461736e-31,0.984566147573615,4.09757842247768,205.324739312104,0.984858470958758,4.18746405838373,202.074346559196,TRUE,3.13423104184869,0.0758494499152469,4.33386431356394,2026-06-09 10:01:25,2026-06-09 10:01:59,"Time changed"
"14","2026-06-09 11:00:30","Collar_14_2026-06-09 11:00:30",2026-06-09 11:01:42,NA,NA,NA,NA,NA,226.954347281887,5.06086509355445,0.0979607838568829,4553.67817353462,4.23163374057979,3.75524582929212e-33,0.987786725799015,5.85310560050492,230.049947375287,0.988098274231422,5.96144303708584,227.256527545055,TRUE,5.01806136344223,0.0969173976569031,6.57003360389394,2026-06-09 11:01:25,2026-06-09 11:01:59,"Time changed"
"14","2026-06-09 12:00:32","Collar_14_2026-06-09 12:00:32",2026-06-09 12:01:44,212.03132391279,1.91030990933515,3.68086395076168e-27,0.971833034371183,4.72934324550194,211.494808066638,2.67143869784082,0.0785485318308125,4556.7793957915,3.39307837770959,2.85768284195982e-27,0.972261513990765,4.69323369484313,205.927199105678,0.978896042556144,4.22365928950193,211.522948031371,TRUE,2.68244067238422,0.0787143207260469,5.73735612711669,2026-06-09 12:01:27,2026-06-09 12:02:01,"Time changed"
"14","2026-06-09 13:00:29","Collar_14_2026-06-09 13:00:29",2026-06-09 13:01:41,208.846938085057,2.08292813842567,8.5235387162898e-28,0.97422102566044,4.51901982757515,228.923052746559,2.64341701429496,0.100754976851714,4457.17989068359,4.35233511605973,1.10971700327852e-23,0.954251340642055,6.02005717054168,208.309198424016,0.977355669603012,4.36985769372365,228.977117379195,TRUE,2.66482394553993,0.127886181207643,6.03821542713475,2026-06-09 13:01:24,2026-06-09 13:01:58,"Time changed"
"14","2026-06-09 14:03:20","Collar_14_2026-06-09 14:03:20",2026-06-09 14:04:32,228.453337701735,2.20003629189033,1.53925255894148e-25,0.964688764355411,5.97979652292726,242.129832236945,2.97860318357389,0.121675769031407,4492.78340223846,5.25605522304237,9.79547249741031e-23,0.947806488299858,7.27006356139352,231.293247124353,0.965839986693918,6.0682726752722,242.412799747605,TRUE,3.02833478306438,0.107279696565917,8.07662482430261,2026-06-09 14:04:15,2026-06-09 14:04:49,"Time changed"
"14","2026-06-09 15:00:30","Collar_14_2026-06-09 15:00:30",2026-06-09 15:01:42,206.073610073247,4.25595138990009,3.77914019531894e-35,0.990756761361716,4.34348120009907,243.211237587113,4.28519191333678,0.123570089812708,4596.26930426066,5.33788461862323,1.52948453549121e-27,0.973291886436006,7.38324823731838,207.573315547369,0.991394036959671,4.32415969653422,243.335390161735,TRUE,4.29597541903094,0.117589770717572,5.20897563026843,2026-06-09 15:01:25,2026-06-09 15:01:59,"Time changed"
"14","2026-06-09 16:00:30","Collar_14_2026-06-09 16:00:30",2026-06-09 16:01:42,222.66695955033,3.00110931122678,8.08865835085603e-31,0.983088529766084,5.50537009114349,223.609663981909,4.03471636115975,0.0933901653692095,4536.82447635936,4.03419571848297,1.26177168827622e-30,0.982626839486754,5.58001353636774,219.655449722342,0.986158611759607,5.13880081860299,223.634677041792,TRUE,4.0342429228069,0.103077912847215,5.27397290612674,2026-06-09 16:01:25,2026-06-09 16:01:59,"Time changed"
"14","2026-06-09 17:00:30","Collar_14_2026-06-09 17:00:30",2026-06-09 17:01:42,NA,NA,NA,NA,NA,251.490643946458,2.1771383155384,0.139085069627593,4592.78000963264,6.00808864807442,7.82098183564761e-17,0.881305787240147,8.31026016669303,242.274226321107,0.918635536358002,7.09893752480762,251.500453603466,TRUE,2.16563769311726,0.14120684802188,9.96117211974554,2026-06-09 17:01:25,2026-06-09 17:01:59,"Time changed"
"14","2026-06-09 18:00:29","Collar_14_2026-06-09 18:00:29",2026-06-09 18:01:41,NA,NA,NA,NA,NA,235.103180654934,5.20917053889509,0.110054878758284,4565.84412418643,4.75406504453209,6.49873003805498e-32,0.985484065681659,6.57572144547249,235.471255618939,0.986914854208225,6.4414896965806,235.162265521407,TRUE,5.18730687511283,0.123463026162219,6.40700105294227,2026-06-09 18:01:24,2026-06-09 18:01:58,"Time changed"
"14","2026-06-09 19:00:31","Collar_14_2026-06-09 19:00:31",2026-06-09 19:01:43,235.756438032046,3.74420003957373,2.77537896697789e-29,0.97904982488505,6.63737494581918,258.125675879458,4.32045608607951,0.152913427529608,4772.96542824426,6.60543529610117,1.06445086186015e-24,0.960303298984393,9.13649731890204,233.296878611615,0.982580536649083,6.24447644400337,258.680542007423,TRUE,4.30989996495221,0.164292163645061,6.68924909108408,2026-06-09 19:01:26,2026-06-09 19:02:00,"Time changed"
"14","2026-06-09 20:00:29","Collar_14_2026-06-09 20:00:29",2026-06-09 20:01:41,NA,NA,NA,NA,NA,211.513278990801,6.16968082987704,0.0785692611938319,4822.92958246209,3.39397382860861,4.19167622657902e-39,0.994676762348021,4.69447226344178,207.310829438108,0.995788891149478,4.30797531882114,211.71638631054,TRUE,6.15493559470314,0.0731051862204956,3.83908464916163,2026-06-09 20:01:24,2026-06-09 20:01:58,"Time changed"
"14","2026-06-09 21:00:30","Collar_14_2026-06-09 21:00:30",2026-06-09 21:01:42,230.237989994265,2.59431646091714,2.1641187008533e-29,0.979363137484582,6.13421167680182,214.955577667672,4.07797453947208,0.0825295358331275,4910.19739255418,3.56504669190959,1.60272345820586e-32,0.986664381117298,4.93109660185728,213.781579736377,0.988496974880621,4.72518786575213,215.070984119443,TRUE,4.10383104955018,0.0963379942065572,4.61541099088686,2026-06-09 21:01:25,2026-06-09 21:01:59,"Time changed"
"14","2026-06-09 22:00:30","Collar_14_2026-06-09 22:00:30",2026-06-09 22:01:42,NA,NA,NA,NA,NA,246.398141283538,4.5431819951149,0.129325918690029,5391.74821345238,5.58652043719589,1.00904978146361e-27,0.973956206416804,7.72715600235439,246.781885790959,0.97651274569191,7.57111435793085,246.439016768931,TRUE,4.52195710938882,0.126397010665136,7.22176425358282,2026-06-09 22:01:25,2026-06-09 22:01:59,"Time changed"
"14","2026-06-09 23:00:31","Collar_14_2026-06-09 23:00:31",2026-06-09 23:01:43,263.528868205875,4.02256069937021,2.86691700473803e-29,0.979008607635624,9.86966141421306,212.127447035445,6.53359847353017,0.0792616474704517,5842.26395034325,3.42388299240153,8.51528469728666e-40,0.995166840315128,4.73584198134151,211.978322253611,0.995707136423943,4.60501763356054,212.128485834902,TRUE,6.5325504236912,0.0820623515241596,5.94616637906937,2026-06-09 23:01:26,2026-06-09 23:02:00,"Time changed"
"15","2026-06-09 00:03:31","Collar_15_2026-06-09 00:03:31",2026-06-09 00:04:58,NA,NA,NA,NA,NA,409.525140231739,4.57923860336965,0.036214997732199,5225.70737553162,2.17320163462486,1.60990274371743e-77,0.99607515027334,5.47792992560181,390.810978309056,0.997232679788298,4.67455227180974,409.548658280969,TRUE,4.58428044414054,0.0347062882598881,4.41675793087626,2026-06-09 00:04:26,2026-06-09 00:05:30,"Time changed"
"15","2026-06-09 01:03:30","Collar_15_2026-06-09 01:03:30",2026-06-09 01:04:57,1056.03093844102,4.20888837770312,7.27482633300033e-111,0.980183263276484,13.8376632072735,806.5830099523,5.19130006925385,0.0247828392744289,4829.57541547831,1.48717686578643,3.34637429441887e-164,0.99709132791002,5.30144265702268,766.719015323933,0.997924335574948,4.51382761994176,806.986715265758,TRUE,5.17865381568372,0.0252536915319411,4.5657852217603,2026-06-09 01:04:25,2026-06-09 01:05:29,"Time changed"
"15","2026-06-09 02:03:27","Collar_15_2026-06-09 02:03:27",2026-06-09 02:04:54,NA,NA,NA,NA,NA,811.479116257084,4.82735968163359,0.0252539512090894,4665.17143060767,1.51544750752625,3.94270342807699e-159,0.996509154573445,5.40222097701196,778.28635872561,0.997377715683105,4.71918102130669,811.544306054196,TRUE,4.83220109050708,0.0279347255941981,5.38929999235095,2026-06-09 02:04:22,2026-06-09 02:05:26,"Time changed"
"15","2026-06-09 03:03:29","Collar_15_2026-06-09 03:03:29",2026-06-09 03:04:56,1039.83163368577,3.22488726786976,9.98389595255793e-104,0.974382579205039,13.0018164450026,769.035143972188,4.28947715569452,0.0214502559940593,4715.57118746669,1.28719409936523,1.24848212571986e-161,0.996809356249889,4.58855020087616,767.248306853001,0.996948270230819,4.52302594376645,769.316165677544,TRUE,4.29900840265496,0.0226922255326618,3.68496017100641,2026-06-09 03:04:24,2026-06-09 03:05:28,"Time changed"
"15","2026-06-09 04:03:31","Collar_15_2026-06-09 04:03:31",2026-06-09 04:04:58,1078.51165232569,3.27961332511752,3.36933797625028e-97,0.967602171278259,15.0873761363114,735.777733379444,4.42805819503107,0.0188747200284144,4912.67820325095,1.13264048011708,1.74685531602304e-170,0.997679746041248,4.03760218068484,729.639467498507,0.99785381899908,3.91389031300593,735.826538445955,TRUE,4.42601992228848,0.0198842159821375,4.04940326953768,2026-06-09 04:04:26,2026-06-09 04:05:30,"Time changed"
"15","2026-06-09 05:03:28","Collar_15_2026-06-09 05:03:28",2026-06-09 05:04:55,1085.43238666584,4.20084269018245,3.08812671844332e-100,0.970955690233303,15.4943677310801,853.112675195865,4.7967451472904,0.029639611701381,4913.4253379236,1.77862368169687,6.50083805829103e-150,0.995136550872203,6.34038336250763,800.920913942961,0.996843374535727,5.14842711627991,853.132749666191,TRUE,4.79687498085131,0.0315542302736967,6.20880121218267,2026-06-09 05:04:23,2026-06-09 05:05:27,"Time changed"
"15","2026-06-09 06:03:28","Collar_15_2026-06-09 06:03:28",2026-06-09 06:04:55,1114.5806426562,3.96274452533692,4.70477646892386e-101,0.971796962319508,17.332533118152,764.890945851074,5.45330669409098,0.0211110659627425,5041.67735257161,1.26683987109889,7.95972913196943e-176,0.998085399572806,4.51599206978602,763.140561057509,0.998168243729149,4.45212808917658,765.506284304027,TRUE,5.43975441603023,0.0207924836847687,3.3619655665548,2026-06-09 06:04:23,2026-06-09 06:05:27,"Time changed"
"15","2026-06-09 07:03:32","Collar_15_2026-06-09 07:03:32",2026-06-09 07:04:59,538.495318510579,3.83398279627519,2.80686642832004e-51,0.973286580326149,14.7730647487926,376.595228579499,4.73769415086423,0.0281111507738353,4983.88909042261,1.68690328975413,2.33647796340673e-85,0.997786897373608,4.25213098743847,380.023942542861,0.997806263140209,4.30232764579018,376.6222177531,TRUE,4.74156234554416,0.0303054601227522,4.40179965800097,2026-06-09 07:04:27,2026-06-09 07:05:31,"Time changed"
"15","2026-06-09 08:03:29","Collar_15_2026-06-09 08:03:29",2026-06-09 08:04:56,NA,NA,NA,NA,NA,402.172729157979,4.85556012728067,0.0342236295075968,4834.87726966086,2.05370294756578,1.16720184194268e-80,0.996879983549282,5.17671285329638,395.866071568778,0.997337476621743,4.85990417279227,402.328977377827,TRUE,4.84665842684416,0.0367085543230146,5.40227428758729,2026-06-09 08:04:24,2026-06-09 08:05:28,"Time changed"
"15","2026-06-09 09:03:27","Collar_15_2026-06-09 09:03:27",2026-06-09 09:04:54,NA,NA,NA,NA,NA,402.355313867015,4.78956359703762,0.0342717302894547,4532.88764630358,2.05658939528927,3.01106349062475e-80,0.996784695673344,5.18398864313165,384.749546132348,0.997693974257876,4.46159794751261,402.39727115337,TRUE,4.78662744135148,0.035334121988965,5.5133194990054,2026-06-09 09:04:22,2026-06-09 09:05:26,"Time changed"
"15","2026-06-09 10:03:30","Collar_15_2026-06-09 10:03:30",2026-06-09 10:04:57,NA,NA,NA,NA,NA,359.34230693847,3.82911514908507,0.0246173515156483,4567.75772743392,1.47724622129069,3.61200101186581e-83,0.997402850466104,3.72365414886472,361.088659343886,0.997491354392148,3.71916865923409,359.611424719465,TRUE,3.83689938521808,0.0257989390703446,3.37661861487346,2026-06-09 10:04:25,2026-06-09 10:05:29,"Time changed"
"15","2026-06-09 11:03:30","Collar_15_2026-06-09 11:03:30",2026-06-09 11:04:57,NA,NA,NA,NA,NA,381.23752261876,4.36387753964173,0.0291331376300094,4453.45691265349,1.74823101709037,3.85862298817655e-82,0.997200037292792,4.40671811248556,384.725672822496,0.99722199932868,4.46077869112216,381.301053038426,TRUE,4.35712162297457,0.0297680386154501,4.01597928003094,2026-06-09 11:04:25,2026-06-09 11:05:29,"Time changed"
"15","2026-06-09 12:03:32","Collar_15_2026-06-09 12:03:32",2026-06-09 12:04:59,534.235051198173,3.48278067478543,4.48636546182633e-49,0.968619831472455,14.2967792728745,396.190283428646,4.22704112379389,0.0326843873711704,4440.02220648165,1.96133559325304,3.91091149086904e-78,0.996247544371878,4.94388498943101,399.508269402318,0.996286711261584,4.99798897534699,396.20346495935,TRUE,4.22420731830677,0.0329655991995485,3.7794624886214,2026-06-09 12:04:27,2026-06-09 12:05:31,"Time changed"
"15","2026-06-09 13:03:27","Collar_15_2026-06-09 13:03:27",2026-06-09 13:04:54,NA,NA,NA,NA,NA,443.963260874024,4.75916635105949,0.0471994365656611,4389.67766010993,2.83235949526702,2.3449733117908e-71,0.99384157625093,7.1394511176428,443.109636922086,0.994284683237683,6.98965194244851,443.994048442929,TRUE,4.76543839264498,0.0499278595054536,8.25738743998282,2026-06-09 13:04:22,2026-06-09 13:05:26,"Time changed"
"15","2026-06-09 14:06:18","Collar_15_2026-06-09 14:06:18",2026-06-09 14:07:45,526.352248851856,2.82933563920722,2.93917602487339e-48,0.966691334206243,13.4556264917803,366.826360559825,3.86318201251812,0.0260761520924187,4406.77131703967,1.56478641172429,7.70834190655607e-82,0.997137849796061,3.94431431275782,355.666698700922,0.99773324885005,3.56724209576631,367.006465709658,TRUE,3.86600881887403,0.0254751345273346,3.34069142297701,2026-06-09 14:07:13,2026-06-09 14:08:17,"Time changed"
"15","2026-06-09 15:03:28","Collar_15_2026-06-09 15:03:28",2026-06-09 15:04:55,NA,NA,NA,NA,NA,385.439887919454,3.57840972765542,0.0300902790183978,4488.36972011617,1.80566747601808,7.55581244532812e-76,0.995565113421743,4.55149662367743,355.612702677001,0.997364471300871,3.56576073505114,385.642204349644,TRUE,3.58246868014907,0.0312437970448494,4.38582313442906,2026-06-09 15:04:23,2026-06-09 15:05:27,"Time changed"
"15","2026-06-09 16:03:30","Collar_15_2026-06-09 16:03:30",2026-06-09 16:04:57,523.336277020226,3.08034973031954,1.1473759063986e-51,0.974034255953761,13.1470521419655,361.984957805882,4.27660041177396,0.0251228960622912,4519.90861399405,1.50758310666796,1.24650895022304e-85,0.997830601056309,3.80012350615305,361.615808038742,0.997971630119393,3.73428046922046,362.175511780731,TRUE,4.27244162334811,0.0254121684316647,4.11340639835304,2026-06-09 16:04:25,2026-06-09 16:05:29,"Time changed"
"15","2026-06-09 17:03:30","Collar_15_2026-06-09 17:03:30",2026-06-09 17:04:57,523.839063759987,3.93052750163252,6.20685369101566e-55,0.979548298755699,13.1979980087455,395.282413632139,4.83582090687503,0.0324569274025911,4520.09966110238,1.94768609977015,5.3993772188934e-82,0.997170014884481,4.90947908450811,367.109591399199,0.998274865607376,3.89547267621986,395.358353688118,TRUE,4.84147614144428,0.0346487427698083,4.75682937963876,2026-06-09 17:04:25,2026-06-09 17:05:29,"Time changed"
"15","2026-06-09 18:03:27","Collar_15_2026-06-09 18:03:27",2026-06-09 18:04:54,545.08245363021,3.46602155752511,2.28171605496505e-49,0.969285872985779,15.5409090925908,378.422713259566,4.64767190021364,0.0285091160285028,4729.83416977953,1.71078452118103,1.8880949261631e-84,0.9976351213582,4.31232775436949,367.074756375687,0.998132493174733,3.89442897850571,378.473901434905,TRUE,4.65366407147608,0.027444054754342,3.80435344066538,2026-06-09 18:04:22,2026-06-09 18:05:26,"Time changed"
"15","2026-06-09 19:03:31","Collar_15_2026-06-09 19:03:31",2026-06-09 19:04:58,NA,NA,NA,NA,NA,404.415285052074,5.01650103858284,0.0348191233263648,4508.58748900099,2.08943753879578,4.4485618704603e-81,0.996974074258516,5.26678806010607,389.96949226981,0.997721686109924,4.64439175673181,404.515136390938,TRUE,5.01196712042088,0.0347922167647369,5.39123080422996,2026-06-09 19:04:26,2026-06-09 19:05:30,"Time changed"
"15","2026-06-09 20:03:29","Collar_15_2026-06-09 20:03:29",2026-06-09 20:04:56,NA,NA,NA,NA,NA,412.677740463667,5.60382155539421,0.0371039749744162,4779.72435128294,2.2265476767872,2.29931898796456e-82,0.997245676209551,5.61239783512182,364.101490182043,0.998773325836042,3.80636926677423,412.735329527994,TRUE,5.61152653272253,0.0392017014394304,6.06811158467015,2026-06-09 20:04:24,2026-06-09 20:05:28,"Time changed"
"15","2026-06-09 21:03:30","Collar_15_2026-06-09 21:03:30",2026-06-09 21:04:57,NA,NA,NA,NA,NA,374.915136026539,4.61059768934441,0.0277501857384725,4605.87212517347,1.66524237979927,5.7294594162444e-85,0.997722974708934,4.19753092411852,370.447697738369,0.998001090837828,3.99679491085711,374.982166446219,TRUE,4.61585162378992,0.0286296883304818,4.26444094380565,2026-06-09 21:04:25,2026-06-09 21:05:29,"Time changed"
"15","2026-06-09 22:03:28","Collar_15_2026-06-09 22:03:28",2026-06-09 22:04:55,NA,NA,NA,NA,NA,377.727528401983,5.82038571561503,0.0283570682745472,4968.26643779722,1.70166038896706,9.66826176608455e-91,0.998506824991579,4.28932880383323,377.848740982843,0.998593321743745,4.23093864157996,377.754879320929,TRUE,5.82220711458145,0.027058009179974,3.8435049613103,2026-06-09 22:04:23,2026-06-09 22:05:27,"Time changed"
"15","2026-06-09 23:03:30","Collar_15_2026-06-09 23:03:30",2026-06-09 23:04:57,NA,NA,NA,NA,NA,383.26080360927,5.61471513830367,0.0295901038604994,5768.69660484153,1.77565279870728,1.35147329973528e-88,0.998253297959553,4.4758394474502,370.515770410233,0.99864998788531,3.99888832435235,383.305435934407,TRUE,5.6128295432084,0.0319860124663814,5.08025328931155,2026-06-09 23:04:25,2026-06-09 23:05:29,"Time changed"
"16","2026-06-09 00:06:31","Collar_16_2026-06-09 00:06:31",2026-06-09 00:07:58,543.496967736412,3.28600879067361,3.98052558560042e-47,0.963820310146834,15.3525225810389,482.759243792565,4.20514912114754,0.0636126654736333,5003.69996816721,3.81728999715584,6.48616417885282e-60,0.985788217339179,9.62213849693245,482.088751238378,0.986773562681245,9.43352753255769,483.204709377221,TRUE,4.23831325644937,0.0681311648153224,9.38970751260872,2026-06-09 00:07:26,2026-06-09 00:08:30,"Time changed"
"16","2026-06-09 01:06:28","Collar_16_2026-06-09 01:06:28",2026-06-09 01:07:55,1015.15595237605,2.62019931106111,4.62320528758374e-102,0.972800830045847,11.8246059181678,888.523128412951,3.77250225697922,0.0339641565929686,4585.57269872978,2.03813241056394,3.85773592503127e-129,0.989731429621751,7.26547215102781,849.22795107114,0.992640087935813,6.19961721332921,889.082351884017,TRUE,3.79557798024411,0.0314564441742747,6.21377500726995,2026-06-09 01:07:23,2026-06-09 01:08:27,"Time changed"
"16","2026-06-09 02:06:27","Collar_16_2026-06-09 02:06:27",2026-06-09 02:07:54,925.682210511388,2.46848049229581,2.33332988426377e-106,0.976696085097899,8.38171737846097,862.024860345096,2.8830823645096,0.030673200793502,4686.40072762164,1.8406476398685,5.69710875180975e-120,0.985718722072182,6.56148447372927,825.561201557888,0.989538618443323,5.66021337740752,863.014791423387,TRUE,2.87302505878396,0.0300360283959334,6.16311256276344,2026-06-09 02:07:22,2026-06-09 02:08:26,"Time changed"
"16","2026-06-09 03:06:29","Collar_16_2026-06-09 03:06:29",2026-06-09 03:07:56,983.661450608895,2.99141434130956,1.19722817936029e-111,0.980734088907836,10.4756122057046,839.835052817137,3.97885792073541,0.028163981828938,4816.39112726863,1.69007359328852,2.11039704960813e-142,0.993627573243737,6.02472271260711,801.737385024971,0.995390348997503,5.16461999669443,839.956327745963,TRUE,3.98721498784845,0.0285799324699508,6.7246187717629,2026-06-09 03:07:24,2026-06-09 03:08:28,"Time changed"
"16","2026-06-09 04:06:31","Collar_16_2026-06-09 04:06:31",2026-06-09 04:07:58,902.41956042762,3.31505330161489,4.24176555945099e-121,0.986286689489242,7.66436067250199,836.536935043819,3.4471913728946,0.0278089761899234,4765.05736368235,1.66877029677273,3.46923520388821e-135,0.991738736802958,5.94878137201595,730.962294519376,0.996443788989858,3.93385413225865,836.547243167062,TRUE,3.44477447958177,0.028002733437643,7.89842852291821,2026-06-09 04:07:26,2026-06-09 04:08:30,"Time changed"
"16","2026-06-09 05:06:28","Collar_16_2026-06-09 05:06:28",2026-06-09 05:07:55,994.699616588001,2.87085349506349,3.928656424748e-105,0.975645135008952,10.9299244838595,803.320720295347,3.69376699349978,0.0244738250467002,4792.1347167764,1.46863343718294,4.70020340994353e-146,0.994412196546766,5.23533960924969,764.178721888858,0.995990266655146,4.46994064684955,803.402883178173,TRUE,3.69886418482375,0.0258286866250451,4.85216230175701,2026-06-09 05:07:23,2026-06-09 05:08:27,"Time changed"
"16","2026-06-09 06:06:28","Collar_16_2026-06-09 06:06:28",2026-06-09 06:07:55,905.560181645502,4.19649751121956,7.92685360917972e-127,0.988840519405574,7.75750229005786,886.519455032971,3.86508147504198,0.0337034199568002,5061.86962026324,2.0224860397394,6.72575449869083e-131,0.990360952599509,7.20969644631837,770.354571286208,0.99617531149725,4.57738739385036,887.177444957351,TRUE,3.84736425182993,0.0337216733001252,7.03553728465034,2026-06-09 06:07:23,2026-06-09 06:08:27,"Time changed"
"16","2026-06-09 07:06:30","Collar_16_2026-06-09 07:06:30",2026-06-09 07:07:57,476.052640586534,4.68032703241966,2.24243380680314e-61,0.987227708178046,9.1383265831489,477.995819319036,4.21500331591588,0.0613239744290832,5002.4543981828,3.67994946338175,5.75141742647681e-61,0.986840115087791,9.27594796956839,433.266996561767,0.993781684909269,6.47998466084961,478.002523271723,TRUE,4.21729278650931,0.0661130844380686,8.15814656079113,2026-06-09 07:07:25,2026-06-09 07:08:29,"Time changed"
"16","2026-06-09 08:06:29","Collar_16_2026-06-09 08:06:29",2026-06-09 08:07:56,490.76938745474,3.00953972383045,5.48239380334247e-55,0.979628695696237,10.233667566987,401.740254387084,3.75263918275962,0.0341099659353718,4737.31837123696,2.04688218610162,9.95739627219891e-74,0.99482184772723,5.15951994641437,382.756259685799,0.996364130189222,4.39371017881826,401.741838086082,TRUE,3.75395642381104,0.0371225717577699,5.89300538759201,2026-06-09 08:07:24,2026-06-09 08:08:28,"Time changed"
"16","2026-06-09 09:06:27","Collar_16_2026-06-09 09:06:27",2026-06-09 09:07:54,NA,NA,NA,NA,NA,453.814580803003,3.12500034715002,0.0509151916341107,4793.10390410947,3.05533576184954,6.48933236299852e-58,0.983551277203312,7.70150129464915,435.674373568896,0.988299527099583,6.60110083218136,454.015806422691,TRUE,3.11517151430334,0.0498720231155737,8.65217807437215,2026-06-09 09:07:22,2026-06-09 09:08:26,"Time changed"
"16","2026-06-09 10:06:28","Collar_16_2026-06-09 10:06:28",2026-06-09 10:07:55,474.46023011071,2.65468278786436,1.79309494380869e-53,0.977244511922203,9.0270711678144,392.913562436685,3.12991255152269,0.0318708553686011,4536.31530705322,1.91251689413625,1.22277611465914e-70,0.993510131734529,4.82082902970781,385.248152342743,0.994576320905836,4.4787429630374,392.996131554115,TRUE,3.13189783867808,0.0360489277640173,4.33249854611628,2026-06-09 10:07:23,2026-06-09 10:08:27,"Time changed"
"16","2026-06-09 11:06:30","Collar_16_2026-06-09 11:06:30",2026-06-09 11:07:57,425.191460205657,2.09534699123124,4.77901249918815e-58,0.983710212304594,6.17950043497127,411.372328304925,2.52382423601395,0.0367332549445056,4522.23791098549,2.20430138587349,5.89138687010542e-61,0.986830067894935,5.55632221802847,383.867831716596,0.991888751536116,4.43143991050887,411.524880067291,TRUE,2.51341227002455,0.0388535307763262,5.51304539801564,2026-06-09 11:07:25,2026-06-09 11:08:29,"Time changed"
"16","2026-06-09 12:06:32","Collar_16_2026-06-09 12:06:32",2026-06-09 12:07:59,449.898343553188,3.35843283315113,8.46241646918321e-57,0.982154494196183,7.47295408839092,454.992600483908,2.90695394244598,0.0513786660688192,4376.5897712648,3.08314808995083,9.99937864435853e-56,0.980699618078808,7.7716070694559,424.985245922218,0.988562072417124,6.08004665250593,455.193191562162,TRUE,2.89994176788371,0.0510849737417907,8.52232865149806,2026-06-09 12:07:27,2026-06-09 12:08:31,"Time changed"
"16","2026-06-09 13:06:25","Collar_16_2026-06-09 13:06:25",2026-06-09 13:07:52,NA,NA,NA,NA,NA,451.193839531223,2.7811218394241,0.0498990413513267,4352.08943001309,2.99435827755145,2.53090063930749e-55,0.980122342104151,7.5477970176495,394.110208544387,0.992233277869223,4.79470450860394,453.015421651519,TRUE,2.838203052827,0.0431202888302671,6.35782655876288,2026-06-09 13:07:20,2026-06-09 13:08:24,"Time changed"
"16","2026-06-09 14:09:18","Collar_16_2026-06-09 14:09:18",2026-06-09 14:10:45,477.444953248453,2.49882399434317,3.917856610956e-39,0.935134653353416,9.23672493833248,472.769095027105,1.8447348226532,0.0589073160895853,4487.24160135976,3.53492982559072,4.05444538859211e-40,0.93963694468633,8.91040093472431,470.98138454861,0.944779428766421,8.66098814034066,472.959694331289,TRUE,1.83730322209833,0.055029931694767,6.5775626060821,2026-06-09 14:10:13,2026-06-09 14:11:17,"Time changed"
"16","2026-06-09 15:06:28","Collar_16_2026-06-09 15:06:28",2026-06-09 15:07:55,475.159533719996,2.52568369700164,2.28730233153781e-54,0.978683978441399,9.07576095749597,433.926742642869,3.24342415253268,0.0436925658140705,4489.95687691699,2.62191802827781,4.77628810567143e-63,0.988696545987228,6.60899706715765,416.968930833965,0.991811911552114,5.71645242085931,434.077472498684,TRUE,3.23090458802475,0.0446302646384323,7.84507587413031,2026-06-09 15:07:23,2026-06-09 15:08:27,"Time changed"
"16","2026-06-09 16:06:30","Collar_16_2026-06-09 16:06:30",2026-06-09 16:07:57,434.899159896971,3.43004629528343,6.22463202842675e-61,0.986807047831711,6.65861859884303,483.270232463781,2.99944262698805,0.0638631986989343,4418.23196285156,3.83232407830581,9.49946594827604e-51,0.972232865543388,9.66003449412075,422.077464590401,0.989815291304449,5.9455605817216,483.301661125005,TRUE,3.0103391707458,0.0713614141814862,9.82928454870066,2026-06-09 16:07:25,2026-06-09 16:08:29,"Time changed"
"16","2026-06-09 17:06:30","Collar_16_2026-06-09 17:06:30",2026-06-09 17:07:57,NA,NA,NA,NA,NA,510.492772246042,1.67207827615857,0.0787396962160695,4700.05754867369,4.72503789153868,2.05734635179282e-30,0.877419325693133,11.9102737883455,502.259113577748,0.89844919190138,11.0168589974178,510.599842787356,TRUE,1.65115655219087,0.0847306504476789,13.6409309858316,2026-06-09 17:07:25,2026-06-09 17:08:29,"Time changed"
"16","2026-06-09 18:06:27","Collar_16_2026-06-09 18:06:27",2026-06-09 18:07:54,NA,NA,NA,NA,NA,438.156206359703,3.06775804621988,0.0451374511900639,4605.35879421829,2.70862319071284,1.15719810546038e-60,0.986544828744305,6.8275523988119,426.475060963543,0.989428992403307,6.15012547937483,438.30936434698,TRUE,3.07073208614636,0.0451183992222224,7.22925796527062,2026-06-09 18:07:22,2026-06-09 18:08:26,"Time changed"
"16","2026-06-09 19:06:31","Collar_16_2026-06-09 19:06:31",2026-06-09 19:07:58,NA,NA,NA,NA,NA,432.787558320368,2.49366292335891,0.0433113624416443,4724.11488151465,2.59904264945804,3.39874634518802e-56,0.981349416954283,6.55133572538438,433.879430796638,0.982165460746056,6.51058410056385,433.357432674478,TRUE,2.47784328761806,0.0440334200868059,5.76017619451279,2026-06-09 19:07:26,2026-06-09 19:08:30,"Time changed"
"16","2026-06-09 20:06:29","Collar_16_2026-06-09 20:06:29",2026-06-09 20:07:56,NA,NA,NA,NA,NA,481.724825553552,3.29678966365063,0.0631085039455673,4824.8131021702,3.78703610441753,1.37449224455982e-53,0.977435691291583,9.54587833691939,448.903280792385,0.98719438056142,7.3082018070609,481.743427293719,TRUE,3.3031178928455,0.0648032306677228,12.0903499763755,2026-06-09 20:07:24,2026-06-09 20:08:28,"Time changed"
"16","2026-06-09 21:06:30","Collar_16_2026-06-09 21:06:30",2026-06-09 21:07:57,NA,NA,NA,NA,NA,451.137330111505,3.12323312095365,0.0498773555582414,4822.23864607629,2.99305694926393,1.87460609149052e-58,0.984186930523565,7.54451679502513,447.92258503802,0.985848215883602,7.25327752538651,451.190744916044,TRUE,3.12250116429507,0.0500707369309527,7.70840662705622,2026-06-09 21:07:25,2026-06-09 21:08:29,"Time changed"
"16","2026-06-09 22:06:28","Collar_16_2026-06-09 22:06:28",2026-06-09 22:07:55,476.239280446622,3.09543677088871,8.15360725956503e-59,0.984599285361038,9.15145582100504,442.404319754134,3.85181772258304,0.0466368079996069,5533.54890311656,2.79859709305793,6.15059248753494e-66,0.99084888200872,7.05434715376082,405.451698089367,0.995126386160711,5.2317943584532,442.478066600649,TRUE,3.84010348182585,0.0469556222645373,6.57966663668029,2026-06-09 22:07:23,2026-06-09 22:08:27,"Time changed"
"16","2026-06-09 23:06:30","Collar_16_2026-06-09 23:06:30",2026-06-09 23:07:57,515.913188365237,3.22129581535207,4.35252635407901e-51,0.972912110991741,12.4173772141203,399.010277612374,3.95010479119655,0.033401131492049,5722.83381239079,2.0043462129587,1.07114123582276e-75,0.995515708963499,5.05230068222751,400.591081323349,0.99567953945501,5.03979269386088,399.1780919385,TRUE,3.93727147035016,0.0343218044422403,5.76772261671672,2026-06-09 23:07:25,2026-06-09 23:08:29,"Time changed"
"29","2026-06-09 00:09:53","Collar_29_2026-06-09 00:09:53",2026-06-09 00:10:50,524.106959189538,3.6442846673386,1.33672938450763e-51,0.973908090236571,13.2252236156768,527.477015545935,4.23683489560009,0.0897291288621693,4007.04538674106,5.38449542255131,6.84896719162054e-51,0.972519619425706,13.5725503512937,500.747585499477,0.982872046196637,10.8895062545715,528.913547728229,TRUE,4.29342790527393,0.0856888334059265,12.3938740471141,2026-06-09 00:10:18,2026-06-09 00:11:22,NA
"29","2026-06-09 00:30:52","Collar_29_2026-06-09 00:30:52",2026-06-09 00:31:49,541.677908940457,4.9217821961328,4.65546287186048e-49,0.968582970501982,15.1391944232446,568.849076773825,4.37365591184447,0.123352002564386,4047.70229854766,7.40214801584354,2.45545867815266e-43,0.952279166990532,18.6583920625124,525.7986701193,0.976861089372376,13.2037416465449,569.482160640852,TRUE,4.39669503527877,0.134312685711799,16.8963279176121,2026-06-09 00:31:17,2026-06-09 00:32:21,NA
"29","2026-06-09 01:30:51","Collar_29_2026-06-09 01:30:51",2026-06-09 01:31:48,NA,NA,NA,NA,NA,1069.86426680847,5.09124531534502,0.0682223120558509,3896.66894597752,4.09390720314317,2.24543599999587e-107,0.977532942757638,14.5938353264785,994.209429980516,0.987825780018203,10.8277103693373,1069.90521363836,TRUE,5.08436584389887,0.0739407780138085,17.2766947002487,2026-06-09 01:31:16,2026-06-09 01:32:20,NA
"29","2026-06-09 02:30:51","Collar_29_2026-06-09 02:30:51",2026-06-09 02:31:48,1084.76890101443,3.67764525762541,3.09709181018263e-100,0.970954374944777,15.4548785585959,972.664164342371,4.76659267229009,0.0469425784484132,3890.1509376692,2.81694586789646,3.30041161799589e-124,0.987737770773737,10.0417625705151,967.659287330392,0.988558404322844,9.77660894047814,972.681942729732,TRUE,4.76454432013996,0.0501040989734564,11.8015377077964,2026-06-09 02:31:16,2026-06-09 02:32:20,NA
"29","2026-06-09 03:30:51","Collar_29_2026-06-09 03:30:51",2026-06-09 03:31:48,1209.4135212702,6.68736853616417,7.92305128994245e-92,0.96069757884793,24.9613119298059,1251.36704256139,6.47594112728622,0.13712038555317,3904.45080672222,8.22836572372877,7.45047324963456e-83,0.945728158567427,29.3322267505091,1160.64990613534,0.973809096355948,20.5377426980618,1251.40023798661,TRUE,6.4956526123694,0.145539737252619,34.437185658734,2026-06-09 03:31:16,2026-06-09 03:32:20,NA
"29","2026-06-09 04:30:51","Collar_29_2026-06-09 04:30:51",2026-06-09 04:31:48,NA,NA,NA,NA,NA,1250.65915218642,7.84269579963351,0.136747561775926,4021.73539222115,8.20599319044502,3.64838798647029e-93,0.962542538280859,29.2524738273533,1181.95948393473,0.978587438889012,22.2919185343052,1250.66000919146,TRUE,7.83950020719575,0.144647746305213,32.1051262765919,2026-06-09 04:31:16,2026-06-09 04:32:20,NA
"29","2026-06-09 05:30:51","Collar_29_2026-06-09 05:30:51",2026-06-09 05:31:48,1075.52463193353,5.05580428108728,3.323696759412e-113,0.981783206209481,14.915036075909,1109.7200237415,5.77487291387401,0.0795243322133899,4120.54808354278,4.7721225895572,6.82363064753335e-106,0.976302125044109,17.0115168160861,1006.74690181388,0.989592619570544,11.3626273640803,1110.62126843288,TRUE,5.84976212678359,0.0790094540755318,16.7421158822354,2026-06-09 05:31:16,2026-06-09 05:32:20,NA
"29","2026-06-09 06:30:51","Collar_29_2026-06-09 06:30:51",2026-06-09 06:31:48,NA,NA,NA,NA,NA,364.105057158153,0.0845264958974702,0.0255359708723067,4396.14288552744,1.53237103731997,0.0015459883773881,0.148150553471951,3.86260576502352,366.985694206119,0.16269463493388,3.89176184381271,364.111971103795,TRUE,0.0842098071120862,0.0259409694838005,4.42860520317836,2026-06-09 06:31:16,2026-06-09 06:32:20,NA
"29","2026-06-09 07:30:51","Collar_29_2026-06-09 07:30:51",2026-06-09 07:31:48,NA,NA,NA,NA,NA,331.396300215247,0.0451734603380406,0.0198555240477465,4227.35791458121,1.19149689407632,0.0263121097466972,0.0759227192124205,3.00337363470139,324.700607666901,0.216127335655014,2.81114556539424,331.424275068013,TRUE,0.0477915054762536,0.0204067147811514,2.925070404263,2026-06-09 07:31:16,2026-06-09 07:32:20,NA
"29","2026-06-09 08:30:51","Collar_29_2026-06-09 08:30:51",2026-06-09 08:31:48,NA,NA,NA,NA,NA,302.466147656359,-0.0133698518085311,0.0158940149942557,4078.5482995612,0.953773340583649,0.403424313207298,0.0111069476920197,2.40415037490355,303.590035250479,0.0539094290728555,2.38978416945592,302.728939554493,TRUE,-0.0120162656105791,0.0161928107578909,2.44103096204039,2026-06-09 08:31:16,2026-06-09 08:32:20,NA
"29","2026-06-09 09:30:51","Collar_29_2026-06-09 09:30:51",2026-06-09 09:31:48,NA,NA,NA,NA,NA,342.130806793925,-0.0288399783947005,0.0215646496881616,3984.87794626899,1.29405867422595,0.185909471143981,0.0276062029639105,3.26189830896691,325.572772264878,0.291263782174799,2.83006883090087,342.136639060892,TRUE,-0.027424624099278,0.0236698085307281,3.64276870659999,2026-06-09 09:31:16,2026-06-09 09:32:20,NA
"29","2026-06-09 10:30:51","Collar_29_2026-06-09 10:30:51",2026-06-09 10:31:48,NA,NA,NA,NA,NA,324.337799627934,0.167478456550304,0.0188061905388067,3910.58341898217,1.12852813970119,9.43758028351063e-13,0.557297821567149,2.84465001767774,324.227683476778,0.584424334696794,2.80093753874087,324.339590516396,TRUE,0.167557876819092,0.0189612434329408,2.76419387322815,2026-06-09 10:31:16,2026-06-09 10:32:20,NA
"29","2026-06-09 11:30:51","Collar_29_2026-06-09 11:30:51",2026-06-09 11:31:48,NA,NA,NA,NA,NA,297.799199317096,0.0896649964731743,0.0153335466594766,3918.60750719761,0.920140570251747,1.9243812268407e-07,0.351817472272061,2.3193731705491,301.752606645523,0.352281929721069,2.35624438693022,297.920790316331,TRUE,0.0938042343408402,0.0164494744566357,2.40507547371288,2026-06-09 11:31:16,2026-06-09 11:32:20,NA
"29","2026-06-09 12:30:51","Collar_29_2026-06-09 12:30:51",2026-06-09 12:31:48,286.949030418098,0.502634248882637,3.86680293566362e-07,0.337694882855972,2.13364999615333,288.394717905107,0.0781632618121494,0.0142634576221446,3858.53550458017,0.85592631122236,7.95456816981404e-07,0.322799290646431,2.15751004400671,289.924488615863,0.34805241329135,2.15132400031009,288.479015623511,TRUE,0.0794217922872293,0.0166018423072636,1.97602259819308,2026-06-09 12:31:16,2026-06-09 12:32:20,NA
"29","2026-06-09 13:30:51","Collar_29_2026-06-09 13:30:51",2026-06-09 13:31:48,278.879452351489,0.0398520004168781,0.00543651489433916,0.116299377025894,2.00523337189136,279.054427080573,0.0377789158784594,0.0132746003953962,3910.14033182802,0.796586637712738,0.00596808177539233,0.113917321897855,2.00793415186915,281.796818796471,0.130896307016859,2.02094036361099,279.149525163354,TRUE,0.0346419601893007,0.0134765171685119,2.28978179045168,2026-06-09 13:31:16,2026-06-09 13:32:20,NA
"29","2026-06-09 14:30:51","Collar_29_2026-06-09 14:30:51",2026-06-09 14:31:48,NA,NA,NA,NA,NA,330.509941357602,0.0438402924066224,0.0197206066703548,3865.94443508332,1.1834007271994,0.0298067064299223,0.0727390715077882,2.98296584827646,324.282944889338,0.207734474566033,2.80212843618617,330.555497654718,TRUE,0.0456616723362747,0.0198721175028058,3.13791603526877,2026-06-09 14:31:16,2026-06-09 14:32:20,NA
"29","2026-06-09 15:30:51","Collar_29_2026-06-09 15:30:51",2026-06-09 15:31:48,NA,NA,NA,NA,NA,349.906691365138,0.0513210999750757,0.0228938858670667,3907.59026682604,1.37382392115929,0.0285116142526413,0.0738725503183884,3.46296038541549,328.593631272381,0.372602590949952,2.89660224436952,349.93082639295,TRUE,0.0494207938460355,0.0238272804580029,3.47890751229848,2026-06-09 15:31:16,2026-06-09 15:32:20,NA
"29","2026-06-09 16:30:51","Collar_29_2026-06-09 16:30:51",2026-06-09 16:31:48,321.499007654365,0.190377588657517,1.42639055738594e-15,0.639034950622119,2.78320511326327,316.260470764942,0.198523926494056,0.017673260669114,3910.05634398183,1.06054290709292,1.10365104432162e-16,0.666984757469997,2.67328150116724,316.426881696094,0.686057462072944,2.63780736592848,316.475544248509,TRUE,0.19287827706771,0.01905276225728,2.5582665086273,2026-06-09 16:31:16,2026-06-09 16:32:20,NA
"29","2026-06-09 17:30:51","Collar_29_2026-06-09 17:30:51",2026-06-09 17:31:48,345.131750785016,0.551194448324201,1.21348788205529e-26,0.838628440401173,3.33807239725543,335.880931927238,0.40437350490148,0.020552434991477,4106.01727570011,1.2333173578881,1.35449352347444e-28,0.860035441145026,3.10878933408569,336.502284789401,0.867124838406999,3.07828987223697,335.912625848758,TRUE,0.406682549653033,0.0218368416411756,3.55607997095519,2026-06-09 17:31:16,2026-06-09 17:32:20,NA
"29","2026-06-09 18:30:51","Collar_29_2026-06-09 18:30:51",2026-06-09 18:31:48,NA,NA,NA,NA,NA,317.421262830602,0.184937858870566,0.0178317748602794,4224.47726491473,1.07005507942272,2.96270931268958e-15,0.63063479988188,2.69725857381098,308.136837710765,0.698909740348188,2.47484671245073,317.584825898862,TRUE,0.191564157236269,0.0176137163343786,2.47741722010168,2026-06-09 18:31:16,2026-06-09 18:32:20,NA
"29","2026-06-09 19:30:51","Collar_29_2026-06-09 19:30:51",2026-06-09 19:31:48,360.245960820917,0.411934908313981,4.82476570126007e-19,0.719415845492439,3.74962812327792,348.593243511307,0.32498387107137,0.0226637433237007,4423.33032606072,1.36001345083597,1.65215121483648e-21,0.765465869756838,3.42814871057345,337.579143311377,0.813838427662417,3.10389487323982,349.009805616989,TRUE,0.322661982567549,0.0207320085776406,3.64260066383981,2026-06-09 19:31:16,2026-06-09 19:32:20,NA
"29","2026-06-09 20:30:51","Collar_29_2026-06-09 20:30:51",2026-06-09 20:31:48,325.860048743139,0.198209594980501,4.07576483605941e-16,0.652994368382463,2.87815554136995,312.964165055682,0.216857769827963,0.0172307676543224,4576.55386592657,1.03398963901968,7.53526542468453e-19,0.715440378167442,2.60634940453918,304.405863806469,0.765433726519128,2.40482866649045,312.988784901035,TRUE,0.214241921350988,0.0184779472532559,2.88663984919238,2026-06-09 20:31:16,2026-06-09 20:32:20,NA
"29","2026-06-09 21:30:51","Collar_29_2026-06-09 21:30:51",2026-06-09 21:31:48,NA,NA,NA,NA,NA,333.893339173754,0.275095848457011,0.0202405951770039,4657.8735083023,1.21460437053503,2.14434008932071e-20,0.745683923677576,3.06162001864549,327.705492569332,0.782577647505325,2.87688057667397,333.956491450493,TRUE,0.273125370450335,0.0215260076890764,3.17195838198312,2026-06-09 21:31:16,2026-06-09 21:32:20,NA
"29","2026-06-09 22:30:51","Collar_29_2026-06-09 22:30:51",2026-06-09 22:31:48,NA,NA,NA,NA,NA,343.026823776668,0.534848071876351,0.0217137961070245,4676.71712292417,1.30300870215825,4.84024389809709e-34,0.905931042168127,3.28445839960192,331.146420197268,0.926321266245568,2.95404449935522,343.098318553889,TRUE,0.529154822594698,0.0226489499704657,3.721147619958,2026-06-09 22:31:16,2026-06-09 22:32:20,NA
"29","2026-06-09 23:30:51","Collar_29_2026-06-09 23:30:51",2026-06-09 23:31:48,409.237198066235,0.964922148771606,1.63093947584035e-31,0.886878505989403,5.46581006827772,387.200234500571,0.817669407851458,0.0305005065276955,4967.93315641321,1.83028454490116,3.68853518932096e-36,0.919405355599113,4.61354819595986,374.342354265763,0.93781709037908,4.1183461546971,387.200364626403,TRUE,0.817444644181691,0.0315155830367845,5.05043207413962,2026-06-09 23:31:16,2026-06-09 23:32:20,NA
"30","2026-06-09 00:12:52","Collar_30_2026-06-09 00:12:52",2026-06-09 00:13:49,NA,NA,NA,NA,NA,307.209635593828,-0.0877864783598231,0.0164846722012523,4109.93555275633,0.989217694805067,1.43324397246685e-06,0.310414596141372,2.49349398922338,306.224222470375,0.361327444974025,2.43870225427368,307.272734659498,TRUE,-0.0856357552360647,0.0164870436326567,2.52603566348192,2026-06-09 00:13:17,2026-06-09 00:14:21,NA
"30","2026-06-09 00:33:52","Collar_30_2026-06-09 00:33:52",2026-06-09 00:34:49,NA,NA,NA,NA,NA,314.352296777485,0.119188363438111,0.0174157425114393,4157.69227649893,1.0450896717968,3.73910111434901e-09,0.426419778813796,2.63432895358616,315.737995385907,0.449031419198079,2.62386626419585,314.412948739124,TRUE,0.115972112448874,0.0168943860206815,2.48381654910015,2026-06-09 00:34:17,2026-06-09 00:35:21,NA
"30","2026-06-09 01:33:49","Collar_30_2026-06-09 01:33:49",2026-06-09 01:34:46,NA,NA,NA,NA,NA,634.07488662163,0.151495785568143,0.012764382395448,4042.30232550481,0.765969306194407,2.27073419125608e-22,0.523923721917412,2.73050398190652,630.159205176219,0.552047037629775,2.66956476767547,634.096757231849,TRUE,0.150245957495472,0.0133946885197013,3.03830471202772,2026-06-09 01:34:14,2026-06-09 01:35:18,NA
"30","2026-06-09 02:33:49","Collar_30_2026-06-09 02:33:49",2026-06-09 02:34:46,NA,NA,NA,NA,NA,653.883202468105,0.0701623822080835,0.0137748504320108,4033.35836035328,0.826605808370466,1.22807197697044e-06,0.168528148634137,2.94665913238273,601.427895880026,0.461425488261498,2.3902797636395,653.911750467474,TRUE,0.0678724186219747,0.014883511827738,3.36363812861216,2026-06-09 02:34:14,2026-06-09 02:35:18,NA
"30","2026-06-09 03:33:50","Collar_30_2026-06-09 03:33:50",2026-06-09 03:34:47,NA,NA,NA,NA,NA,675.113176946999,0.153871638446001,0.0149468151701557,4064.21621618419,0.896933458353851,1.77678983033422e-18,0.452942364307593,3.1973609904922,671.294840431599,0.484873184701258,3.12717309687185,675.153645746004,TRUE,0.150977815679336,0.0153712084218801,3.06994199982788,2026-06-09 03:34:15,2026-06-09 03:35:19,NA
"30","2026-06-09 04:33:50","Collar_30_2026-06-09 04:33:50",2026-06-09 04:34:47,NA,NA,NA,NA,NA,668.20622415916,0.0906311702055457,0.0145549776554401,4284.87502386493,0.873419942385016,6.29828278881281e-09,0.232490774273725,3.11354072711831,645.642797123067,0.374334148052624,2.83337258279178,668.554172974513,TRUE,0.0959311010948245,0.0145685079515074,3.22614463010946,2026-06-09 04:34:15,2026-06-09 04:35:19,NA
"30","2026-06-09 05:33:49","Collar_30_2026-06-09 05:33:49",2026-06-09 05:34:46,NA,NA,NA,NA,NA,645.94144573175,0.139401405618281,0.0133604557270523,4295.04092386681,0.801738673023523,8.04871261630706e-19,0.459609786147283,2.85801352800364,646.76318049412,0.472661159671574,2.84560840205015,646.090864217603,TRUE,0.134319678182028,0.0150302298655945,2.88942413213935,2026-06-09 05:34:14,2026-06-09 05:35:18,NA
"30","2026-06-09 06:33:51","Collar_30_2026-06-09 06:33:51",2026-06-09 06:34:48,NA,NA,NA,NA,NA,384.538605471625,0.132898842918292,0.0298823863486256,4384.24158995728,1.79319218351313,3.60480466463614e-05,0.238940558849309,4.52005049504644,387.88328894662,0.246574854007026,4.57045471526868,384.609289519419,TRUE,0.135064837847235,0.0305877114731045,4.01713646398339,2026-06-09 06:34:16,2026-06-09 06:35:20,NA
"30","2026-06-09 07:33:51","Collar_30_2026-06-09 07:33:51",2026-06-09 07:34:48,NA,NA,NA,NA,NA,353.345205024094,0.00697984750534112,0.0235075110040181,4232.91353488705,1.41064654256413,0.767504436028263,0.00139743205653273,3.55577816013039,356.040545369931,0.0212412545217618,3.57751533394015,353.360697424304,TRUE,0.00775206111044427,0.0262205433613578,3.92479702661187,2026-06-09 07:34:16,2026-06-09 07:35:20,NA
"30","2026-06-09 08:33:49","Collar_30_2026-06-09 08:33:49",2026-06-09 08:34:46,NA,NA,NA,NA,NA,345.397332709761,-0.0892755420455222,0.0221133723210287,4078.83761575018,1.32698660456909,0.000149129754955702,0.205536303770029,3.3448988424383,348.997953352476,0.210402759527698,3.38886390483536,345.402895672967,TRUE,-0.0908966254016369,0.0206127813925183,2.94582895767579,2026-06-09 08:34:14,2026-06-09 08:35:18,NA
"30","2026-06-09 09:33:51","Collar_30_2026-06-09 09:33:51",2026-06-09 09:34:48,NA,NA,NA,NA,NA,372.971833887988,0.0123786769723059,0.0273384477926993,3975.94467081295,1.64053467214157,0.652252820528898,0.00324376337968465,4.13525088115578,363.955741201408,0.184127034423938,3.80210416242676,372.992184417097,TRUE,0.00869356879136372,0.0300746105678399,4.51232600381616,2026-06-09 09:34:16,2026-06-09 09:35:20,NA
"30","2026-06-09 10:33:50","Collar_30_2026-06-09 10:33:50",2026-06-09 10:34:47,296.423825468715,-0.0860752824245435,0.476478836711228,0.00807748371591732,2.29496401862325,296.825540351683,-0.00530951097543043,0.0152191322338508,3921.55216690089,0.913274751326852,0.728349596882168,0.00192819300653628,2.3020666885581,295.027738003173,0.0870982473767348,2.23745538481225,296.884915172919,TRUE,-0.00835776497708328,0.0156368243494394,2.50993021679416,2026-06-09 10:34:15,2026-06-09 10:35:19,NA
"30","2026-06-09 11:33:51","Collar_30_2026-06-09 11:33:51",2026-06-09 11:34:48,306.820181467432,0.054656885636613,0.633452195516298,0.00363179730303007,2.48603515567496,306.188088421705,-0.0150570879290057,0.0163556423633798,3917.17595578679,0.981474829358729,0.360768460936472,0.0132740292869771,2.47397676005208,303.134641837976,0.11474317604393,2.38142733842335,306.244769767764,TRUE,-0.0158835220739954,0.0181174013004458,2.45135450548709,2026-06-09 11:34:16,2026-06-09 11:35:20,NA
"30","2026-06-09 12:33:51","Collar_30_2026-06-09 12:33:51",2026-06-09 12:34:48,NA,NA,NA,NA,NA,314.591372982388,0.00696605079050756,0.0174478003620952,3859.89605942995,1.04701340996636,0.691058538664866,0.00252379398969867,2.63917806777794,305.504758644256,0.184423058417799,2.42524293241943,314.59897425049,TRUE,0.00801772893952956,0.0189762053721186,3.07710195541435,2026-06-09 12:34:16,2026-06-09 12:35:20,NA
"30","2026-06-09 13:33:51","Collar_30_2026-06-09 13:33:51",2026-06-09 13:34:48,NA,NA,NA,NA,NA,293.509809195619,0.00325677272747638,0.0148358672487289,3901.03914861042,0.890275658566426,0.826954544795598,0.000764322088547354,2.24409350443808,289.287481283808,0.119497020184909,2.1408081764788,293.605650444925,TRUE,0.00769893304953252,0.0154887733827132,2.21432276135335,2026-06-09 13:34:16,2026-06-09 13:35:20,NA
"30","2026-06-09 14:33:49","Collar_30_2026-06-09 14:33:49",2026-06-09 14:34:46,NA,NA,NA,NA,NA,315.22515771142,0.0901073858008763,0.0175330707390172,3860.48317763848,1.05213034311881,2.88966286551888e-06,0.29539827879263,2.65207618123256,311.04446387086,0.378723718710414,2.53082367960769,315.289989219498,TRUE,0.0934131098441887,0.0183130596167134,2.72410261111039,2026-06-09 14:34:14,2026-06-09 14:35:18,NA
"30","2026-06-09 15:33:51","Collar_30_2026-06-09 15:33:51",2026-06-09 15:34:48,NA,NA,NA,NA,NA,306.38723274731,0.0387483824584683,0.016380716435768,3912.58739034295,0.982979482638116,0.0210969728410213,0.081572832544797,2.47776949842274,284.29667145941,0.385217002570118,2.06017836807671,306.540403428002,TRUE,0.0340651359274005,0.0160037332404393,2.70706858665626,2026-06-09 15:34:16,2026-06-09 15:35:20,NA
"30","2026-06-09 16:33:51","Collar_30_2026-06-09 16:33:51",2026-06-09 16:34:48,NA,NA,NA,NA,NA,326.22837575266,0.0382859590026019,0.0190816853509165,3920.86879852704,1.14506012405847,0.049108000455066,0.0600625808096596,2.88632173851461,316.824287216679,0.235213621522171,2.6458833899294,326.256940864044,TRUE,0.0414268059546368,0.0209983471345066,3.10589923006643,2026-06-09 16:34:16,2026-06-09 16:35:20,NA
"30","2026-06-09 17:33:50","Collar_30_2026-06-09 17:33:50",2026-06-09 17:34:47,NA,NA,NA,NA,NA,306.741868776056,0.059125421906176,0.0164254635364168,4116.62438746069,0.985664681543655,0.000627832998615536,0.170586216060048,2.48453800586654,306.56653241261,0.22218926545371,2.44513219320313,306.816609631072,TRUE,0.0581447790349973,0.0177545566957718,2.68380361901693,2026-06-09 17:34:15,2026-06-09 17:35:19,NA
"30","2026-06-09 18:33:51","Collar_30_2026-06-09 18:33:51",2026-06-09 18:34:48,NA,NA,NA,NA,NA,315.88095539586,0.116398454761473,0.0176217414911976,4222.00190982834,1.05745132712126,9.68923787470936e-09,0.409178340532403,2.66548864008417,312.056106038862,0.476188486035241,2.55059503153059,316.315902196225,TRUE,0.106319415057718,0.0183506743782721,2.25817488775084,2026-06-09 18:34:16,2026-06-09 18:35:20,NA
"30","2026-06-09 19:33:49","Collar_30_2026-06-09 19:33:49",2026-06-09 19:34:46,NA,NA,NA,NA,NA,333.641554650931,0.11433434194135,0.0202014310497255,4435.86493787799,1.21225419655326,3.98717527580228e-07,0.337068016164339,3.05569599936445,328.415770005378,0.424788817059772,2.89264192843513,333.899077121122,TRUE,0.120507587015066,0.0205346156209782,2.82311073625323,2026-06-09 19:34:14,2026-06-09 19:35:18,NA
"30","2026-06-09 20:33:51","Collar_30_2026-06-09 20:33:51",2026-06-09 20:34:48,319.591178105961,0.257140589469179,1.37964322360247e-10,0.482511408531405,2.74265812878356,315.573938685318,0.143365515258466,0.0175801739094751,4580.39191055411,1.05495692584545,1.91217485638089e-11,0.513525835186148,2.6592010710075,318.389743419493,0.522308365920396,2.67793765132111,315.577641035766,TRUE,0.143809376331224,0.0177145194498748,3.40443485651463,2026-06-09 20:34:16,2026-06-09 20:35:20,NA
"30","2026-06-09 21:33:49","Collar_30_2026-06-09 21:33:49",2026-06-09 21:34:46,NA,NA,NA,NA,NA,363.532754948401,-0.246658005119494,0.025423800323989,4639.69831296937,1.52563986973124,4.02592289393074e-14,0.599047836132949,3.84563869497302,361.206499908866,0.636232427178733,3.72254148718805,363.610060041038,TRUE,-0.251954065295043,0.0244737994034957,2.95347822782143,2026-06-09 21:34:14,2026-06-09 21:35:18,NA
"30","2026-06-09 22:33:49","Collar_30_2026-06-09 22:33:49",2026-06-09 22:34:46,NA,NA,NA,NA,NA,357.784751149497,0.197291095428869,0.0243241660076976,4692.2330479666,1.45965264777072,2.28298171030434e-11,0.510819598043301,3.67930650925882,345.238418860081,0.620758811744793,3.2922632223701,357.827317380371,TRUE,0.194146335894447,0.0252238299067093,4.02823468869931,2026-06-09 22:34:14,2026-06-09 22:35:18,NA
"30","2026-06-09 23:33:51","Collar_30_2026-06-09 23:33:51",2026-06-09 23:34:48,NA,NA,NA,NA,NA,321.505514851815,0.119252926206302,0.0184008947958683,4983.57342071929,1.10420701789488,1.59082989925495e-08,0.400006031263453,2.78334443109786,324.445380209144,0.409712421505082,2.80563189089238,322.387117075439,TRUE,0.133342149228704,0.016886068595744,2.82785764236506,2026-06-09 23:34:16,2026-06-09 23:35:20,NA
"31","2026-06-09 00:15:52","Collar_31_2026-06-09 00:15:52",2026-06-09 00:16:49,NA,NA,NA,NA,NA,351.53249995786,0.0422241374678251,0.0231819996913144,4090.76822202951,1.39111315139598,0.0732915906560523,0.050025471813403,3.5065408752307,337.773654833446,0.277135226145705,3.10854252873743,351.79620605664,TRUE,0.053281182862287,0.02414215277437,3.4676706008791,2026-06-09 00:16:17,2026-06-09 00:17:21,NA
"31","2026-06-09 00:36:51","Collar_31_2026-06-09 00:36:51",2026-06-09 00:37:48,332.601183692451,0.270966654823736,5.51682126139043e-22,0.773456154427808,3.03133930338927,336.261971510258,0.291408397863087,0.0206127640647598,4158.12122712582,1.23693760499243,3.27891463820991e-21,0.760331116789157,3.11791479195162,321.515621064377,0.820378308377922,2.74310962862294,336.533110869609,TRUE,0.300044710628368,0.0208336556926803,3.30424281305704,2026-06-09 00:37:16,2026-06-09 00:38:20,NA
"31","2026-06-09 01:36:48","Collar_31_2026-06-09 01:36:48",2026-06-09 01:37:45,NA,NA,NA,NA,NA,770.371008214355,0.390299727760351,0.0215607497212854,4031.29580449206,1.29382464371592,4.20849310533811e-37,0.719109888593861,4.61218656281045,755.570405927428,0.75693144749107,4.32436895285316,770.661733930973,TRUE,0.399272453228418,0.0221469411482475,4.56389119331799,2026-06-09 01:37:13,2026-06-09 01:38:17,NA
"31","2026-06-09 02:36:48","Collar_31_2026-06-09 02:36:48",2026-06-09 02:37:45,NA,NA,NA,NA,NA,746.653370735155,0.384786345190822,0.0196809829404602,4020.20058714599,1.18102297323091,2.96826537848678e-40,0.749141815588436,4.21007461402324,726.890712142412,0.79104935084632,3.87273009148871,746.714852176517,TRUE,0.380160668877229,0.0198224030090394,4.22193216873564,2026-06-09 02:37:13,2026-06-09 02:38:17,NA
"31","2026-06-09 03:36:49","Collar_31_2026-06-09 03:36:49",2026-06-09 03:37:46,NA,NA,NA,NA,NA,729.957559805557,0.457966519336134,0.0184568980584268,4055.67194143939,1.10756768030984,9.56762644455206e-51,0.827881315020207,3.94822342992085,727.430403020168,0.836309840516788,3.88077719851286,730.038499916551,TRUE,0.462382707028581,0.0181863330972031,4.08212443737908,2026-06-09 03:37:14,2026-06-09 03:38:18,NA
"31","2026-06-09 04:36:49","Collar_31_2026-06-09 04:36:49",2026-06-09 04:37:46,827.283909179382,0.467708836768989,1.48666404382864e-10,0.275225968507428,5.74079570987633,821.698697946283,0.19718965039274,0.0262663515271755,4279.76735669109,1.57619996269493,9.04404550484368e-12,0.305705124969377,5.61878947317385,817.83444714291,0.346460793903352,5.49447644280376,823.816905150076,TRUE,0.223971660020539,0.0252412177788473,4.48191949587291,2026-06-09 04:37:14,2026-06-09 04:38:18,NA
"31","2026-06-09 05:36:48","Collar_31_2026-06-09 05:36:48",2026-06-09 05:37:45,NA,NA,NA,NA,NA,660.534794249817,0.369741126552648,0.0141317995088609,4291.28853328217,0.84802572735057,3.27617160478817e-53,0.842469830123168,3.02301620517181,661.768787744773,0.845786189160164,3.01467119647008,660.613751520982,TRUE,0.367091042563514,0.014690334341109,2.86782558518151,2026-06-09 05:37:13,2026-06-09 05:38:17,NA
"31","2026-06-09 06:36:52","Collar_31_2026-06-09 06:36:52",2026-06-09 06:37:49,NA,NA,NA,NA,NA,384.202339511511,-0.109452541000663,0.0298051906209883,4381.0557409722,1.78855979660183,0.000497535556917716,0.176314744385078,4.50837376405006,361.133806910817,0.456869554334439,3.72046050982056,384.56097489311,TRUE,-0.117408522250588,0.0289607200024399,4.26919619323625,2026-06-09 06:37:17,2026-06-09 06:38:21,NA
"31","2026-06-09 07:36:51","Collar_31_2026-06-09 07:36:51",2026-06-09 07:37:48,350.357124731991,-0.0522184553901303,0.182583262539441,0.0280219805277368,3.47497991110905,351.09798479787,-0.0240300383123016,0.0231046449602296,4232.51614289191,1.38647122295289,0.302290743532311,0.0168801477785434,3.49484009315612,350.29419530885,0.0869171840507428,3.42282360479402,351.524984389972,TRUE,-0.0211066559964352,0.0227567117653955,3.58990807639088,2026-06-09 07:37:16,2026-06-09 07:38:20,NA
"31","2026-06-09 08:36:49","Collar_31_2026-06-09 08:36:49",2026-06-09 08:37:46,NA,NA,NA,NA,NA,511.346136671231,0.0839401038528671,0.0792582706777747,3967.44029024285,4.75615668039478,0.293611372400082,0.0174922333564115,11.9887140683487,469.943752928169,0.511367810735104,8.59213318191421,511.763367238385,TRUE,0.134296076256711,0.0810686734614647,12.3626716145767,2026-06-09 08:37:14,2026-06-09 08:38:18,NA
"31","2026-06-09 09:36:52","Collar_31_2026-06-09 09:36:52",2026-06-09 09:37:49,NA,NA,NA,NA,NA,540.182822541275,-0.682903868617719,0.0989418624557752,4174.91420386161,5.93733620561691,2.9597080407256e-09,0.430578474469229,14.9660809935486,542.075055020461,0.448747046051127,14.9648363881117,540.250068332456,TRUE,-0.702435417236746,0.104125175739826,17.3606433110811,2026-06-09 09:37:17,2026-06-09 09:38:21,NA
"31","2026-06-09 10:36:49","Collar_31_2026-06-09 10:36:49",2026-06-09 10:37:46,NA,NA,NA,NA,NA,312.928821447473,0.0166071128308154,0.017226083694912,3913.98473492848,1.03370856242476,0.338698005681435,0.014538324445473,2.60564090245354,316.015754487531,0.0282845122748945,2.62947843245879,313.006916081414,TRUE,0.0126509826716484,0.0194352999860517,2.46263723317159,2026-06-09 10:37:14,2026-06-09 10:38:18,NA
"31","2026-06-09 11:36:51","Collar_31_2026-06-09 11:36:51",2026-06-09 11:37:48,NA,NA,NA,NA,NA,309.910642098549,0.0809969471564578,0.0168307566360602,3914.14360981932,1.00998564473024,9.69125748594799e-06,0.268798365645272,2.54584319261801,311.706273790322,0.293180098867044,2.5437405630675,310.031269246,TRUE,0.0808266858535534,0.0176504668150564,2.81866943770523,2026-06-09 11:37:16,2026-06-09 11:38:20,NA
"31","2026-06-09 12:36:50","Collar_31_2026-06-09 12:36:50",2026-06-09 12:37:47,NA,NA,NA,NA,NA,321.485265119966,-0.00896860477432092,0.0183980287638186,3862.37260527258,1.10403503208996,0.627612818634923,0.00375778196459769,2.78291091118303,325.166604702765,0.00862987511756126,2.82124045917059,321.50195111734,TRUE,-0.00682020551243655,0.0185896986417452,3.24891728078767,2026-06-09 12:37:15,2026-06-09 12:38:19,NA
"31","2026-06-09 13:36:50","Collar_31_2026-06-09 13:36:50",2026-06-09 13:37:47,311.052924238561,-0.0841623884818892,0.726752721421308,0.00195185426419038,2.56831153886927,311.094081490927,-0.00490063191304051,0.016984672924708,3901.03215404008,1.01922190459579,0.773886296018694,0.0013197015431244,2.56912478025902,313.527683480957,0.0250986611608856,2.57963135773418,311.109347196281,TRUE,-0.0066150896736993,0.0177577749907032,2.77365032573875,2026-06-09 13:37:15,2026-06-09 13:38:19,NA
"31","2026-06-09 14:36:49","Collar_31_2026-06-09 14:36:49",2026-06-09 14:37:46,NA,NA,NA,NA,NA,305.484510896751,0.0444870203429082,0.0162673625287166,3862.44453720022,0.976177303664727,0.00809727900876553,0.106114272276622,2.46062343191701,302.6147586189,0.195766661503837,2.37192278584423,305.681634627129,TRUE,0.0401642131818259,0.0170073527578478,2.36628952105332,2026-06-09 14:37:14,2026-06-09 14:38:18,NA
"31","2026-06-09 15:36:52","Collar_31_2026-06-09 15:36:52",2026-06-09 15:37:49,302.433154428615,-0.227851904200135,2.7912494631099e-06,0.29614716279729,2.4035402932409,301.915413670214,-0.0825777198143826,0.0158268237717566,3924.21768916521,0.949741307345727,2.1534482475455e-06,0.301731252448055,2.39398693899262,305.901748271514,0.301878038876555,2.43266037751772,302.616263164183,TRUE,-0.0749247247416351,0.0144874458363058,1.88339667414034,2026-06-09 15:37:17,2026-06-09 15:38:21,NA
"31","2026-06-09 16:36:50","Collar_31_2026-06-09 16:36:50",2026-06-09 16:37:47,NA,NA,NA,NA,NA,328.283020511143,0.0880993661649621,0.0193856664956288,3922.1948294329,1.16330152574153,2.55201957555272e-05,0.246889340207942,2.93230234085378,329.943026372311,0.273519046604799,2.92682545300546,328.3105979139,TRUE,0.0856447365846068,0.0195467793513283,3.29595150399625,2026-06-09 16:37:15,2026-06-09 16:38:19,NA
"31","2026-06-09 17:36:51","Collar_31_2026-06-09 17:36:51",2026-06-09 17:37:48,317.781814281243,0.129142813306648,0.122325218724048,0.037474295718713,2.70474973027987,317.999483234032,-0.0267710727399159,0.0179112645548873,4123.50578398329,1.07482512346732,0.139998111994128,0.0342456317815972,2.70928229337847,321.524068112546,0.0412834663119029,2.74328787425359,318.379987206433,TRUE,-0.0369807799809763,0.0179764464145834,2.26428313487474,2026-06-09 17:37:16,2026-06-09 17:38:20,NA
"31","2026-06-09 18:36:51","Collar_31_2026-06-09 18:36:51",2026-06-09 18:37:48,NA,NA,NA,NA,NA,305.511166154477,0.0637549717224441,0.0162706983379292,4232.647948549,0.976377480013962,0.000222167988875243,0.195954704374936,2.46112801096592,300.743801852229,0.297410301533067,2.33803060481973,305.642702547508,TRUE,0.0580119973571462,0.0172348632373889,2.33279552729327,2026-06-09 18:37:16,2026-06-09 18:38:20,NA
"31","2026-06-09 19:36:49","Collar_31_2026-06-09 19:36:49",2026-06-09 19:37:46,NA,NA,NA,NA,NA,335.425787196919,0.10564387593126,0.0204806044046579,4452.27476412124,1.22900692413229,2.69143750797212e-06,0.296933390957002,3.09792414160329,309.956961545882,0.55321160710779,2.50974062792739,335.908601163696,TRUE,0.0945065922085125,0.0207055323591394,3.07486142410577,2026-06-09 19:37:14,2026-06-09 19:38:18,NA
"31","2026-06-09 20:36:51","Collar_31_2026-06-09 20:36:51",2026-06-09 20:37:48,NA,NA,NA,NA,NA,317.277463823184,0.0485939176709101,0.0178120612151809,4587.22618445639,1.06887209644784,0.00824314365538612,0.105657164596985,2.69427666097954,321.012406487234,0.10929669474276,2.73251190119143,317.2780435755,TRUE,0.0489194557270172,0.0187718946966004,2.68956584385901,2026-06-09 20:37:16,2026-06-09 20:38:20,NA
"31","2026-06-09 21:36:50","Collar_31_2026-06-09 21:36:50",2026-06-09 21:37:47,310.643914496241,-0.109871689323717,2.28361578742929e-06,0.300471424189923,2.56024374139493,311.527445258236,-0.08663456348395,0.0170413869548649,4627.71916729037,1.02262521898931,3.55614648641223e-06,0.290897967942979,2.57770342177367,310.450961307867,0.344171269758099,2.51929578100255,312.09993943238,TRUE,-0.07788974256313,0.015611761146163,2.21980924571085,2026-06-09 21:37:15,2026-06-09 21:38:19,NA
"31","2026-06-09 22:36:49","Collar_31_2026-06-09 22:36:49",2026-06-09 22:37:46,NA,NA,NA,NA,NA,326.719172501341,0.37154892363954,0.0191538617351635,4741.52325537886,1.1493913085414,2.92213770669884e-28,0.8565858151148,2.89723923678735,317.599062052884,0.882799166542815,2.66169942621884,326.776406180377,TRUE,0.375083198873619,0.0210099771638765,2.60753852464759,2026-06-09 22:37:14,2026-06-09 22:38:18,NA
"31","2026-06-09 23:36:50","Collar_31_2026-06-09 23:36:50",2026-06-09 23:37:47,320.252854410162,0.288924484662814,4.54511458312905e-10,0.462882700740452,2.7566533450764,321.249286898025,0.133075342716636,0.018364662640091,4996.15776193257,1.10203278663457,7.42924361047012e-10,0.454585402063551,2.77786390582297,322.940653574111,0.473617149911722,2.77334442728628,321.334441230667,TRUE,0.128279079851124,0.019229352818586,2.43585118003943,2026-06-09 23:37:15,2026-06-09 23:38:19,NA
"32","2026-06-09 00:18:50","Collar_32_2026-06-09 00:18:50",2026-06-09 00:19:47,NA,NA,NA,NA,NA,573.22594905309,2.34522684229559,0.12757575256845,4013.81409826635,7.65560821156008,5.2338356170813e-27,0.842867377169406,19.2972822459832,549.887675437194,0.896817284319062,15.891752888501,574.581778514177,TRUE,2.21056356026362,0.105414414029737,13.3996663435176,2026-06-09 00:19:15,2026-06-09 00:20:19,NA
"32","2026-06-09 00:39:49","Collar_32_2026-06-09 00:39:49",2026-06-09 00:40:46,NA,NA,NA,NA,NA,518.098298642655,2.25836216338033,0.0834837061301355,4111.74310179916,5.0097180170536,2.18404875922384e-36,0.920733319325209,12.6278591950266,521.940791598726,0.920925164647649,12.8176645034364,518.182060716506,TRUE,2.2387282703036,0.0818509901932908,9.75932911622908,2026-06-09 00:40:14,2026-06-09 00:41:18,NA
"32","2026-06-09 01:39:47","Collar_32_2026-06-09 01:39:47",2026-06-09 01:40:44,1268.56303424952,1.42202597889121,2.11607351654015e-26,0.587828617213494,31.3378060676296,1252.37476595722,2.05896990268018,0.137652876125685,3998.42894409573,8.26031959519298,7.04144357221483e-30,0.636087265037058,29.446134935295,1233.07237549904,0.695806216997754,27.1346703709657,1253.08023959973,TRUE,1.94472708004543,0.106301834597398,15.5790981869843,2026-06-09 01:40:12,2026-06-09 01:41:16,NA
"32","2026-06-09 02:39:46","Collar_32_2026-06-09 02:39:46",2026-06-09 02:40:43,NA,NA,NA,NA,NA,1131.30343272431,2.60926307629235,0.0864076446707443,3957.75500802949,5.18517869395277,4.47102196314162e-60,0.876907311359738,18.4839665979272,1120.20580012098,0.890403876720082,17.5790885788221,1133.54386797246,TRUE,2.49280429196753,0.0682470905066191,12.5761264926021,2026-06-09 02:40:11,2026-06-09 02:41:15,NA
"32","2026-06-09 03:39:47","Collar_32_2026-06-09 03:39:47",2026-06-09 03:40:44,NA,NA,NA,NA,NA,1104.57579663335,2.04316098877594,0.0779663677905584,4056.55354709577,4.67863174205193,2.7561006673567e-53,0.842894125124741,16.6782434991,1107.32773925896,0.84439519387041,16.7295905949875,1105.21980023262,TRUE,2.01609225928576,0.0712978295696231,13.4643449449724,2026-06-09 03:40:12,2026-06-09 03:41:16,NA
"32","2026-06-09 04:39:47","Collar_32_2026-06-09 04:39:47",2026-06-09 04:40:44,NA,NA,NA,NA,NA,1164.65354386528,2.87099084601266,0.0982333538680607,4187.03034039576,5.89481978652577,1.73270525109344e-58,0.869676683235407,21.0136734847763,1056.32228881038,0.945077020143939,13.7495243937914,1169.56839088979,TRUE,2.67280912440518,0.0818487556683076,16.2504124563968,2026-06-09 04:40:12,2026-06-09 04:41:16,NA
"32","2026-06-09 05:39:48","Collar_32_2026-06-09 05:39:48",2026-06-09 05:40:45,1112.72602063062,2.49938527174011,8.44383409053563e-53,0.840125559531002,17.2093372681701,1108.20758904279,2.09322408244102,0.0790630775500081,4268.54215899807,4.74444346623233,9.1009780706659e-54,0.845586882168604,16.9128471228712,1105.71995486553,0.8531037264292,16.6264575895969,1109.87666310295,TRUE,2.06650850605724,0.0728174610687768,13.1656648183129,2026-06-09 05:40:13,2026-06-09 05:41:17,NA
"32","2026-06-09 06:39:52","Collar_32_2026-06-09 06:39:52",2026-06-09 06:40:49,NA,NA,NA,NA,NA,634.946403635567,3.68417905633148,0.205097003190825,4281.30673446299,12.3075292144688,1.78359231666429e-26,0.83664924582086,31.0232522928299,637.683939290585,0.839791318211165,31.2230362649166,634.966299727875,TRUE,3.68551340310522,0.214484423047098,29.3858282855257,2026-06-09 06:40:17,2026-06-09 06:41:21,NA
"32","2026-06-09 07:39:50","Collar_32_2026-06-09 07:39:50",2026-06-09 07:40:47,NA,NA,NA,NA,NA,346.620463503829,-0.0492352037015623,0.0223224122267929,4217.59565250877,1.3395307407932,0.0310653856630567,0.0716843501851382,3.37651850354938,338.34247755543,0.231469904684808,3.1221739419998,346.704912175355,TRUE,-0.0447092710015956,0.0227592367550047,3.28460994636552,2026-06-09 07:40:15,2026-06-09 07:41:19,NA
"32","2026-06-09 08:39:49","Collar_32_2026-06-09 08:39:49",2026-06-09 08:40:46,NA,NA,NA,NA,NA,361.192476977362,-0.0602791533891257,0.0249702125803469,3942.54298657408,1.49842082547731,0.0186943322703317,0.0846695353529559,3.77702839453459,349.213272561651,0.284163886119662,3.3944815365357,361.392481296699,TRUE,-0.0534350652216498,0.0249126917204503,3.54758955581667,2026-06-09 08:40:14,2026-06-09 08:41:18,NA
"32","2026-06-09 09:39:51","Collar_32_2026-06-09 09:39:51",2026-06-09 09:40:48,NA,NA,NA,NA,NA,318.41050531906,-0.145442534299803,0.0179679843680283,4124.61743691458,1.07822878488807,2.4384723937155e-11,0.509809823073634,2.71786180963517,304.763387024901,0.626357557366765,2.41145147761612,318.445269658985,TRUE,-0.146722491152094,0.0198555576255219,3.01935814786133,2026-06-09 09:40:16,2026-06-09 09:41:20,NA
"32","2026-06-09 10:39:47","Collar_32_2026-06-09 10:39:47",2026-06-09 10:40:44,NA,NA,NA,NA,NA,312.571731450814,-0.070054323772501,0.0171788312209597,3916.25437775455,1.03087302024435,0.000129883430262957,0.208837242754683,2.5984934288285,311.094173195064,0.272776701521198,2.53179159953525,312.591725662361,TRUE,-0.0692406097356411,0.019318692101533,2.70852124972794,2026-06-09 10:40:12,2026-06-09 10:41:16,NA
"32","2026-06-09 11:39:49","Collar_32_2026-06-09 11:39:49",2026-06-09 11:40:46,NA,NA,NA,NA,NA,313.793380266813,0.12066266867578,0.0173410267334963,3915.01135158197,1.04060610253197,2.36316280927847e-09,0.434555738053516,2.62302734316125,314.457723579302,0.462841112137211,2.5981526122483,313.813907786632,TRUE,0.121716487398616,0.0184386626488807,3.02831240109505,2026-06-09 11:40:14,2026-06-09 11:41:18,NA
"32","2026-06-09 12:39:48","Collar_32_2026-06-09 12:39:48",2026-06-09 12:40:45,NA,NA,NA,NA,NA,315.27272192961,-0.0393702398966989,0.0175394868881127,3866.99942621263,1.05251536552874,0.0283098388233044,0.074053833076997,2.6530466966913,315.672119255249,0.123950837807291,2.62253698443242,315.294853946267,TRUE,-0.0418752748961637,0.0185623867732221,3.06209883357797,2026-06-09 12:40:13,2026-06-09 12:41:17,NA
"32","2026-06-09 13:39:48","Collar_32_2026-06-09 13:39:48",2026-06-09 13:40:45,NA,NA,NA,NA,NA,299.184715807919,0.0280748464655294,0.0154978427909016,3896.24669468077,0.929999707176605,0.0748255669011989,0.0495106884826547,2.34422482735848,302.229833591859,0.0633717850917316,2.36491000062775,299.225776631815,TRUE,0.0258973864097495,0.0171619546965249,2.6721494594344,2026-06-09 13:40:13,2026-06-09 13:41:17,NA
"32","2026-06-09 14:39:48","Collar_32_2026-06-09 14:39:48",2026-06-09 14:40:45,NA,NA,NA,NA,NA,342.248472987554,0.0992165698387054,0.0215841772184502,3867.22719748076,1.29523048876139,2.11729474165416e-05,0.251158021374982,3.26485206981848,325.356244910676,0.457000124148507,2.82535900573453,342.364161810979,TRUE,0.093552109372543,0.0219232797488509,3.11302161101506,2026-06-09 14:40:13,2026-06-09 14:41:17,NA
"32","2026-06-09 15:39:52","Collar_32_2026-06-09 15:39:52",2026-06-09 15:40:49,NA,NA,NA,NA,NA,346.326032277228,-0.0401541236431564,0.022271912395695,3919.04179190518,1.33650033012462,0.0761861775119508,0.0490632557635442,3.36887983025567,326.410760805693,0.341792460001206,2.84837056423167,346.475485170069,TRUE,-0.0401061238963041,0.0214901913818328,3.11069755714794,2026-06-09 15:40:17,2026-06-09 15:41:21,NA
"32","2026-06-09 16:39:49","Collar_32_2026-06-09 16:39:49",2026-06-09 16:40:46,NA,NA,NA,NA,NA,308.008846841718,-0.0124181951014707,0.0165863284800122,3922.94286749354,0.995317918607498,0.456823869855209,0.00881919141019787,2.50887065652741,308.794902913858,0.0566365029440908,2.4874062471766,308.022974359812,TRUE,-0.011047709495801,0.0169304592175764,3.11216119197758,2026-06-09 16:40:14,2026-06-09 16:41:18,NA
"32","2026-06-09 17:39:49","Collar_32_2026-06-09 17:39:49",2026-06-09 17:40:46,NA,NA,NA,NA,NA,388.9550217573,0.389957493242423,0.0309150046818809,4127.7251621164,1.85515788806373,6.80364174996698e-19,0.716356026072685,4.67624575180976,391.570770755574,0.722332690244608,4.70195295475753,389.050992049567,TRUE,0.39778256482886,0.0336403173922526,4.35073516165965,2026-06-09 17:40:14,2026-06-09 17:41:18,NA
"32","2026-06-09 18:39:49","Collar_32_2026-06-09 18:39:49",2026-06-09 18:40:46,480.925616485979,1.07422410432321,4.43198408672038e-12,0.535298816568106,9.48737257229544,483.171192637551,0.526102043020479,0.0638145633806337,4240.54588789502,3.8294055539416,1.33529023546117e-11,0.51896409775881,9.65267784957447,480.651991235362,0.564869275529556,9.32984220656123,483.29056443519,TRUE,0.511135760717556,0.0635229347871291,9.7350721993186,2026-06-09 18:40:14,2026-06-09 18:41:18,NA
"32","2026-06-09 19:39:47","Collar_32_2026-06-09 19:39:47",2026-06-09 19:40:44,NA,NA,NA,NA,NA,508.654280195296,1.34311554887222,0.0776339771242478,4435.65236880076,4.6586855323434,1.28463345964742e-25,0.826116371178707,11.7430212111898,507.103381558139,0.840349374832036,11.4351315948925,509.312971867822,TRUE,1.30647965921815,0.0673577631914091,10.3215367691616,2026-06-09 19:40:12,2026-06-09 19:41:16,NA
"32","2026-06-09 20:39:51","Collar_32_2026-06-09 20:39:51",2026-06-09 20:40:48,NA,NA,NA,NA,NA,520.568890889488,1.80227811990712,0.0850854488731164,4556.67276666305,5.10583592856184,2.36604088385651e-30,0.876875257941268,12.8701409858409,523.169426704504,0.879497826958794,12.9393790123952,520.610557089933,TRUE,1.81287362303299,0.0796720806419209,9.63719000725526,2026-06-09 20:40:16,2026-06-09 20:41:20,NA
"32","2026-06-09 21:39:49","Collar_32_2026-06-09 21:39:49",2026-06-09 21:40:46,554.905309391491,3.22397646669827,9.60949955724668e-23,0.785631527584503,16.7606901453237,557.048295119251,1.6759768335932,0.112647878514435,4590.07607972957,6.75981137800636,2.72674278101941e-22,0.778446215531743,17.039271666753,558.146836524693,0.78811841554036,16.9341500621428,557.17902484404,TRUE,1.69064634394487,0.106875046247417,12.0511424729302,2026-06-09 21:40:14,2026-06-09 21:41:18,NA
"32","2026-06-09 22:39:49","Collar_32_2026-06-09 22:39:49",2026-06-09 22:40:46,NA,NA,NA,NA,NA,587.029033253983,2.02095854025589,0.141866701761227,4758.37181988235,8.51318424610092,2.27027592657035e-21,0.763098718721928,21.4589507024405,581.903937452207,0.794127420681954,20.3296259180422,589.291880574219,TRUE,1.84958480112011,0.121235038033732,14.8954589006217,2026-06-09 22:40:14,2026-06-09 22:41:18,NA
"32","2026-06-09 23:39:50","Collar_32_2026-06-09 23:39:50",2026-06-09 23:40:47,593.766953668364,2.5101440454982,8.81692789724921e-28,0.8514822695559,22.6004992679128,578.304956982641,2.89156318456902,0.132658693786805,4935.69432300482,7.96062703956375,4.82501363771658e-31,0.882923510692586,20.0661348637853,581.418492846862,0.884509350938692,20.2538528106494,578.353885998427,TRUE,2.86708406955665,0.112978756969885,12.3876961420524,2026-06-09 23:40:15,2026-06-09 23:41:19,NA
"38","2026-06-09 00:23:05","Collar_38_2026-06-09 00:23:05",2026-06-09 00:24:32,563.679241319581,9.50818861571644,1.19119565417447e-65,0.990654854707417,17.9309461690686,532.281674458708,9.70503152998391,0.0931074653606999,4785.63942026313,5.58722376331252,2.93163851644547e-72,0.994234928833366,14.0835621354419,408.106315194695,0.999197570361589,5.33972653178695,532.41884499084,TRUE,9.67577108455473,0.0980090425578946,14.7385243718692,2026-06-09 00:24:00,2026-06-09 00:25:04,"Time changed"
"38","2026-06-09 00:44:13","Collar_38_2026-06-09 00:44:13",2026-06-09 00:45:40,591.211743955887,7.21898278961781,4.71576328002751e-57,0.982482608791038,22.160613315937,460.68769945576,8.77562512060627,0.0536795163582862,4401.80344229315,3.22121827973994,1.58300832439578e-84,0.99764831534041,8.11963682078169,412.681625430531,0.998943418706458,5.53100278482703,460.893632836403,TRUE,8.78146655255739,0.0530143774068126,7.96821702077808,2026-06-09 00:45:08,2026-06-09 00:46:12,"Time changed"
"38","2026-06-09 01:44:13","Collar_38_2026-06-09 01:44:13",2026-06-09 01:45:40,1123.42702811288,7.48798601834342,1.8214836862985e-124,0.987851117489122,17.9324123643996,983.49495924314,8.58680390601704,0.0489393620758129,4360.36548817468,2.93676952424862,2.18933055314865e-154,0.995859416742467,10.4689062799957,781.252023686503,0.999152655094039,4.77331807271879,983.688716551301,TRUE,8.56752674374848,0.0517664098776472,11.8861711397633,2026-06-09 01:45:08,2026-06-09 01:46:12,"Time changed"
"38","2026-06-09 02:44:12","Collar_38_2026-06-09 02:44:12",2026-06-09 02:45:39,1110.9840459183,7.54128281417863,3.10012917430011e-128,0.98939159232952,17.0944217734445,1039.75046147846,8.75095419599596,0.0607610731325296,4527.90956212261,3.6461706950701,1.82058348025227e-143,0.993866925256679,12.9977579011148,843.864236226535,0.998682007341937,6.07303134261991,1042.87786876783,TRUE,8.65766623012614,0.0600944484889955,12.1746425215296,2026-06-09 02:45:07,2026-06-09 02:46:11,"Time changed"
"38","2026-06-09 03:44:13","Collar_38_2026-06-09 03:44:13",2026-06-09 03:45:40,1147.56670765338,5.97364710956175,2.32093064013693e-112,0.981221618049236,19.6770846578346,928.217405132993,7.58119888940145,0.0395662327340287,4237.67460204627,2.37430365975389,2.91101189400131e-159,0.996525661904071,8.46384514990968,881.776615328241,0.997642980470979,7.02640166496402,928.279999989085,TRUE,7.571813645062,0.0419857147292253,9.56266378743247,2026-06-09 03:45:08,2026-06-09 03:46:12,"Time changed"
"38","2026-06-09 04:44:10","Collar_38_2026-06-09 04:44:10",2026-06-09 04:45:37,1158.54420672126,7.03653312319391,2.61574137372547e-116,0.983707862464523,20.5256617011191,972.143991786758,8.48838547969638,0.0468487560217356,4678.04081506126,2.81131574049654,3.64195840087313e-156,0.996116119337813,10.0216924643635,888.286010295375,0.998024139108898,7.20453619749602,973.202093582108,TRUE,8.50232525362472,0.0429753720020101,8.84286548402096,2026-06-09 04:45:05,2026-06-09 04:46:09,"Time changed"
"38","2026-06-09 05:44:11","Collar_38_2026-06-09 05:44:11",2026-06-09 05:45:38,1152.30319968424,8.13065421413419,1.24548637863386e-118,0.985013602389848,20.038832587184,984.096454548351,8.63955977726965,0.0490527115872901,4582.7587723828,2.94357143945093,1.34677002836537e-154,0.995890731943564,10.4931535395063,883.417862281473,0.998163199896161,7.07089603046775,984.463368714936,TRUE,8.610248851555,0.0528232067309234,10.9051908616953,2026-06-09 05:45:06,2026-06-09 05:46:10,"Time changed"
"38","2026-06-09 06:44:12","Collar_38_2026-06-09 06:44:12",2026-06-09 06:45:38.751938,1136.45916650033,8.04172097799231,2.4935218815411e-123,0.987772917675541,19.5016446317834,1017.67508100853,9.37479570366528,0.0581876110978845,4827.5303969245,3.47546745618151,1.00344059960015e-148,0.995131204918912,12.3061036372329,871.650527290275,0.998478243205523,6.93472588213242,1018.07224680505,TRUE,9.3495418339156,0.057754067705786,13.1850420308346,2026-06-09 06:45:07,2026-06-09 06:46:11,"Time changed"
"38","2026-06-09 07:44:13","Collar_38_2026-06-09 07:44:13",2026-06-09 07:45:40,651.868410478599,11.139219811663,1.50014510285192e-56,0.981827280035743,35.3361415703005,507.023172555666,13.741242339087,0.0766659903777963,4924.71130293072,4.6005982615602,4.87213903914718e-87,0.998042763966891,11.5966022163528,467.951452276428,0.998991068913373,8.46145926508262,507.400826572469,TRUE,13.712662826347,0.0684013625494559,9.46905500570863,2026-06-09 07:45:08,2026-06-09 07:46:12,"Time changed"
"38","2026-06-09 08:44:15","Collar_38_2026-06-09 08:44:15",2026-06-09 08:45:42,489.280650014514,4.42058844375006,3.92425885205206e-59,0.984952616839533,10.11714187142,467.511727996644,4.30446675212068,0.0565725570662761,4296.29752306226,3.39482482921792,1.02619902458359e-63,0.989235027167631,8.55724210209285,433.993431626025,0.99395583679073,6.51629592761142,467.619232573026,TRUE,4.28623857470143,0.0597080422181963,8.77242431994049,2026-06-09 08:45:10,2026-06-09 08:46:14,"Time changed"
"38","2026-06-09 09:44:08","Collar_38_2026-06-09 09:44:08",2026-06-09 09:45:35,448.547539481781,2.00427966567374,2.55415139208139e-48,0.966839397001526,7.39570614197552,438.243269334989,2.10076257025127,0.0451676905517171,4026.10219394403,2.71043780438921,1.72780886664409e-50,0.971700750592681,6.83212644587813,431.226668389652,0.976112648015289,6.37907633064915,438.248847469728,TRUE,2.1014534358474,0.0508518787549265,7.58222643721244,2026-06-09 09:45:03,2026-06-09 09:46:07,"Time changed"
"38","2026-06-09 10:44:11","Collar_38_2026-06-09 10:44:11",2026-06-09 10:45:38,NA,NA,NA,NA,NA,413.769891898921,3.783559571987,0.0374170046519682,4035.38991786949,2.24533206583984,1.96176777717204e-71,0.993876358007051,5.65974713087337,402.917439574202,0.995127253457553,5.13079189381139,413.906207081671,TRUE,3.77034332184841,0.03852348929623,5.58973627149066,2026-06-09 10:45:06,2026-06-09 10:46:10,"Time changed"
"38","2026-06-09 11:46:58","Collar_38_2026-06-09 11:46:58",2026-06-09 11:48:25,461.527114580734,2.15180241812094,6.76483990348333e-51,0.972530394773304,8.17223526820687,412.33522047055,2.57063356879898,0.0370063432398013,4104.57224697271,2.22068895916901,2.97794355903502e-61,0.987112191873403,5.59762992585147,407.597673696864,0.988733226889099,5.31887499283285,412.427113126513,TRUE,2.56550899520342,0.0398386351171555,5.76970409962308,2026-06-09 11:47:53,2026-06-09 11:48:57,"Time changed"
"38","2026-06-09 12:44:06","Collar_38_2026-06-09 12:44:06",2026-06-09 12:45:33,476.147438722162,1.86153606344763,9.77600794896804e-49,0.967834634545517,9.1449928312903,399.918107671755,2.66231067326336,0.0336351982145926,4042.75362268584,2.0183921667319,8.74426316598878e-65,0.990044438622586,5.08770593376144,402.930143377683,0.990194613507688,5.13129330732525,399.928285004829,TRUE,2.66283987878017,0.0358582407168004,5.90910346460055,2026-06-09 12:45:01,2026-06-09 12:46:05,"Time changed"
"38","2026-06-09 13:44:06","Collar_38_2026-06-09 13:44:06",2026-06-09 13:45:33,NA,NA,NA,NA,NA,374.700326321092,2.3534718912996,0.0277043696846042,4037.08547932587,1.66249303479323,1.06063115816378e-66,0.991345458061128,4.19060072535352,370.325706921943,0.9923916679866,3.99304611409472,374.744877299721,TRUE,2.35685186067423,0.0314603722678612,4.23412346488047,2026-06-09 13:45:01,2026-06-09 13:46:05,"Time changed"
"38","2026-06-09 14:44:08","Collar_38_2026-06-09 14:44:08",2026-06-09 14:45:35,445.0225048332,2.21344667180323,1.69303608012404e-52,0.975564060419081,7.19786122328708,365.882237038432,2.4074379513323,0.0258874603496112,4034.80144190749,1.55346333483383,3.70399155111976e-69,0.992768023303688,3.91577254251439,362.697824586236,0.993524777444885,3.7654913552583,366.156007437731,TRUE,2.41101035657688,0.0256283872657322,3.95487279582161,2026-06-09 14:45:03,2026-06-09 14:46:07,"Time changed"
"38","2026-06-09 15:46:58","Collar_38_2026-06-09 15:46:58",2026-06-09 15:48:25,444.52524188681,1.50137150017679,6.45875069598516e-45,0.95748069706328,7.17038127756054,388.246975074399,1.80830599012764,0.0307470834164553,4117.56375529215,1.84508121289148,9.12342546975756e-57,0.982111846642464,4.65084575228962,390.960027865931,0.982462534427968,4.67991488346958,388.27231233229,TRUE,1.8043106091655,0.0250163803193436,3.88010371515276,2026-06-09 15:47:53,2026-06-09 15:48:57,"Time changed"
"38","2026-06-09 16:44:06","Collar_38_2026-06-09 16:44:06",2026-06-09 16:45:33,549.256706075136,5.00349556139056,4.23981529855868e-55,0.979794185219012,16.048020001715,421.868272284123,5.91570502616103,0.0398220390761003,4273.54551667101,2.38965417184969,6.49748047471018e-82,0.997153334341131,6.0235359164334,405.463293242999,0.997920295927768,5.23226102125959,422.789560879481,TRUE,5.94980055557131,0.0330432668726232,4.2539372049709,2026-06-09 16:45:01,2026-06-09 16:46:05,"Time changed"
"38","2026-06-09 17:44:10","Collar_38_2026-06-09 17:44:10",2026-06-09 17:45:37,496.950228457796,5.21674838343487,1.9743831024947e-57,0.982960029222984,10.7319788031418,494.013508570374,4.27879817779593,0.0693651001059696,4467.05988198885,4.1624840087228,4.75544684725586e-58,0.983712767796473,10.4922596011932,437.25424923708,0.993604314230275,6.68181273088408,496.139442074176,TRUE,4.36310503628891,0.0499879048158238,8.79525583212579,2026-06-09 17:45:05,2026-06-09 17:46:09,"Time changed"
"38","2026-06-09 18:44:10","Collar_38_2026-06-09 18:44:10",2026-06-09 18:45:37,508.176441675461,3.76566677647817,4.88278322673157e-51,0.97281311592215,11.6999368428629,442.651686970744,3.70493823232796,0.0467256341553122,4437.78234839232,2.80392740256682,7.8387670366909e-65,0.990078922794345,7.06778311916147,442.252091275402,0.990728219641593,6.943696408237,444.346329970559,TRUE,3.76013235455953,0.0352868185240872,4.93097259388775,2026-06-09 18:45:05,2026-06-09 18:46:09,"Time changed"
"38","2026-06-09 19:44:09","Collar_38_2026-06-09 19:44:09",2026-06-09 19:45:36,434.877178597598,1.9646331838762,7.23472417364022e-57,0.982243047422409,6.6574928087252,390.64617327872,2.60980105714463,0.031319800842662,4692.61333653525,1.87944903077771,3.53540810432269e-66,0.991008316191968,4.73747577091149,344.90360422681,0.995816995217702,3.28379491745703,390.646173278723,TRUE,2.60980105714463,0.031319800842662,6.46566481230175,2026-06-09 19:45:04,2026-06-09 19:46:08,"Time changed"
"38","2026-06-09 20:44:10","Collar_38_2026-06-09 20:44:10",2026-06-09 20:45:37,478.891942458424,2.9815250898164,4.13321727278918e-47,0.96377707484817,9.34011033323006,489.474892522555,2.51966565443482,0.0669851819209625,4757.40789235487,4.0196690863479,6.99904533490307e-45,0.957372191318859,10.132269932202,451.163698357289,0.977767273332782,7.43638675818723,492.439387885761,TRUE,2.61840249478323,0.0455249692491654,6.1740755289776,2026-06-09 20:45:05,2026-06-09 20:46:09,"Time changed"
"38","2026-06-09 21:44:11","Collar_38_2026-06-09 21:44:11",2026-06-09 21:45:38,478.004801936684,2.49223146716069,9.43641391155122e-53,0.976013157017101,9.27658893243498,407.713413760977,3.13018819690467,0.0357137931731272,5036.69653241421,2.14312518466591,1.50482264788847e-67,0.991865620201972,5.4021170407498,402.065941107635,0.992987622212838,5.09729508902356,408.085894690279,TRUE,3.15113700480009,0.0333493852337749,6.13105644332925,2026-06-09 21:45:06,2026-06-09 21:46:10,"Time changed"
"38","2026-06-09 22:44:09","Collar_38_2026-06-09 22:44:09",2026-06-09 22:45:36,481.963402033876,2.98257528427792,2.75372842868113e-53,0.976932587865513,9.56341305307996,385.399230657042,3.29548165117531,0.0300808698100608,4768.10410677904,1.80510284511324,1.29615950235007e-73,0.994778324878928,4.55007337399765,378.969570038464,0.995552411951664,4.26757449329532,385.780057090169,TRUE,3.3112407086155,0.0289542762425849,3.72217522074995,2026-06-09 22:45:04,2026-06-09 22:46:08,"Time changed"
"38","2026-06-09 23:44:12","Collar_38_2026-06-09 23:44:12",2026-06-09 23:45:39,477.756572757843,2.47669748807764,6.93309197852294e-50,0.970425140132865,9.25889260180922,398.873174599149,2.81269953565235,0.0333659239396051,5071.16637873748,2.00223346643617,1.71479527973044e-66,0.991212467718241,5.04697513984957,399.811502890534,0.991616786705237,5.00966071822967,399.210415652694,TRUE,2.82905074408957,0.0368392641818396,4.70861608681683,2026-06-09 23:45:07,2026-06-09 23:46:11,"Time changed"
"40","2026-06-09 00:20:04","Collar_40_2026-06-09 00:20:04",2026-06-09 00:21:01,546.341957298938,8.50264934425365,2.75856214432845e-66,0.991078853899945,15.6922087804249,519.29514409541,8.69229469619623,0.0842558480712392,4265.12146455251,5.05605296758921,5.5925541296014e-72,0.994115512763231,12.7446544376292,391.300405953497,0.999227689550188,4.69218432725184,520.642019522245,TRUE,8.62251099564316,0.0827698406915433,11.3356589397395,2026-06-09 00:20:29,2026-06-09 00:21:33,NA
"40","2026-06-09 00:41:14","Collar_40_2026-06-09 00:41:14",2026-06-09 00:42:11,527.847781867652,7.58238519868025,4.3016799199662e-68,0.992182613416108,13.6113151782186,529.988428794074,8.0454451066034,0.0914794188404701,4044.20034718227,5.48952740598641,1.21402197490685e-67,0.991920876960679,13.8373015994234,413.407338778086,0.998736115848346,5.56196545486325,529.99708020803,TRUE,8.04270039945721,0.0978434440537777,16.2373517584542,2026-06-09 00:41:39,2026-06-09 00:42:43,NA
"40","2026-06-09 01:41:14","Collar_40_2026-06-09 01:41:14",2026-06-09 01:42:41,1115.65641738128,5.78381225950736,1.00120740112093e-104,0.975286592859129,17.4043966908505,976.43186620748,5.83052729049279,0.0476277836300039,4164.27855331132,2.8580638884386,1.69776311721597e-134,0.991531208574458,10.1883388339639,948.0901814105,0.993396461650741,9.06777480058743,985.660128993679,TRUE,5.95580256671571,0.026225650252093,6.23217393861852,2026-06-09 01:42:09,2026-06-09 01:43:13,"Time changed"
"40","2026-06-09 02:41:13","Collar_40_2026-06-09 02:41:13",2026-06-09 02:42:40,1001.41240279459,5.75854880471633,1.95550326998452e-126,0.988681968197791,11.2157921838998,952.549650661264,5.5540810222741,0.0434478603041496,4267.99001043938,2.60723365861157,6.97137561678619e-137,0.992227981868078,9.29418689368829,790.297724308599,0.997836626319039,4.94230999408028,952.850867148711,TRUE,5.57005008133007,0.042556907942437,10.6978696309506,2026-06-09 02:42:08,2026-06-09 02:43:12,"Time changed"
"40","2026-06-09 03:41:14","Collar_40_2026-06-09 03:41:14",2026-06-09 03:42:11,1014.98588925049,4.10673782695442,2.6750495098446e-115,0.983105195842541,11.8168741030873,843.671567855876,4.79737416429751,0.0285826459456822,4039.18149767843,1.71519692891856,6.25951324405471e-152,0.995476872605235,6.11428161192832,764.678449703787,0.997611190666667,4.47854026884626,844.800410629359,TRUE,4.81324109372874,0.0285187666532769,5.20161394715321,2026-06-09 03:41:39,2026-06-09 03:42:43,NA
"40","2026-06-09 04:41:09","Collar_40_2026-06-09 04:41:09",2026-06-09 04:42:06,NA,NA,NA,NA,NA,865.441092766696,5.2980563419319,0.031078886268356,4098.50937343767,1.86499214883729,8.63701765581508e-153,0.995614702911892,6.64826703556206,867.981395541576,0.995663667545301,6.66330883292711,865.50193856613,TRUE,5.29809625507807,0.0326318772274781,7.81281994752775,2026-06-09 04:41:34,2026-06-09 04:42:38,NA
"40","2026-06-09 05:41:12","Collar_40_2026-06-09 05:41:12",2026-06-09 05:42:09,1076.98101367369,6.15270449565983,3.03820963913217e-118,0.984803353245682,14.998816604582,1007.83865521419,6.40615814286418,0.0537429031029437,4168.71397498248,3.22502201260558,4.99085245870523e-133,0.991071838457406,11.4964599442066,928.472546170819,0.995298259602414,8.40876365776615,1008.00135217351,TRUE,6.38467042186069,0.0555890220417142,12.7343318364946,2026-06-09 05:41:37,2026-06-09 05:42:41,NA
"40","2026-06-09 06:41:11","Collar_40_2026-06-09 06:41:11",2026-06-09 06:42:08,1063.70450312498,5.9524706394856,2.21178767727002e-123,0.987367853061758,14.2521504321947,1044.26246538108,6.67004623433808,0.0618247148114379,4386.36499596829,3.70999805886981,1.54003131877879e-127,0.989122561599059,13.2252877376243,932.66165319114,0.995529707888713,8.54534255967728,1044.6147652527,TRUE,6.65809492873652,0.0649093506041127,13.5100917912009,2026-06-09 06:41:36,2026-06-09 06:42:40,NA
"40","2026-06-09 07:41:12","Collar_40_2026-06-09 07:41:12",2026-06-09 07:42:09,538.396370622165,7.51194437073912,1.26014472213107e-65,0.990638148814971,14.7618246918556,535.757951069778,7.96967441916086,0.0956308012389688,4082.05043405167,5.73864494234757,3.50787649886199e-66,0.991010547217298,14.4652453602243,450.104603363097,0.99773682271413,7.37604948775755,535.828464099341,TRUE,7.97676891160494,0.108706196560053,14.9551801154277,2026-06-09 07:41:37,2026-06-09 07:42:41,NA
"40","2026-06-09 08:41:14","Collar_40_2026-06-09 08:41:14",2026-06-09 08:42:11,582.675506418028,8.00334283976158,1.99052212355062e-60,0.986311189205847,20.7522188301246,512.864704532034,9.28551626110205,0.080189538234812,4068.34140299306,4.81204049384114,4.02038630545659e-75,0.995323422999979,12.129578868539,445.956215622192,0.998429071881957,7.14439062332579,512.928756004551,TRUE,9.3035376745236,0.081451223332131,14.5735048688118,2026-06-09 08:41:39,2026-06-09 08:42:43,NA
"40","2026-06-09 09:41:09","Collar_40_2026-06-09 09:41:09",2026-06-09 09:42:06,498.534993795984,1.78505156679518,1.00352955294071e-44,0.956882102980706,10.8636076997714,436.781297429843,2.72230137003524,0.0446625830435195,3932.89512804879,2.68012714496038,9.97143693566056e-58,0.98332548863681,6.7557231956208,437.97796276778,0.984029343619218,6.71911429690855,436.902936391647,TRUE,2.72888196818239,0.0476665562620973,7.08945486827936,2026-06-09 09:41:34,2026-06-09 09:42:38,NA
"40","2026-06-09 10:41:10","Collar_40_2026-06-09 10:41:10",2026-06-09 10:42:07,NA,NA,NA,NA,NA,401.346541264621,1.07978027585365,0.0340068180460841,3838.95520340801,2.04069245323829,1.78579289705274e-40,0.94118644532922,5.14391765606853,402.221082437485,0.943947521499603,5.10338180591215,401.566943980386,TRUE,1.06596407669287,0.0339923060935608,5.09690845872791,2026-06-09 10:41:35,2026-06-09 10:42:39,NA
"40","2026-06-09 11:43:59","Collar_40_2026-06-09 11:43:59",2026-06-09 11:44:56,418.844892990272,2.06199139549055,8.92413663334872e-50,0.97018727526912,5.88506440528724,397.995887272203,1.76906476495038,0.0331415165807914,3958.25432062394,1.98876715497587,3.63745794807975e-54,0.978367834021826,5.01303097684116,392.381809932567,0.981342046981686,4.73137902008749,398.001697330622,TRUE,1.76690261385885,0.034669189716869,6.07400224117995,2026-06-09 11:44:24,2026-06-09 11:45:28,NA
"40","2026-06-09 12:41:07","Collar_40_2026-06-09 12:41:07",2026-06-09 12:42:04,NA,NA,NA,NA,NA,420.001183479505,1.70508216722107,0.0392541936491993,3769.43629763124,2.35557871451898,1.12777008058665e-48,0.967688463555603,5.93764284306807,423.971892009476,0.967703021081444,6.03283674622159,420.045057996194,TRUE,1.69705090403292,0.0421735871941797,6.02045899267831,2026-06-09 12:41:32,2026-06-09 12:42:36,NA
"40","2026-06-09 13:41:07","Collar_40_2026-06-09 13:41:07",2026-06-09 13:42:04,447.540851439958,2.28312653303557,6.26426377431915e-55,0.979542322092351,7.33865678489618,351.752140244617,2.68602852824994,0.0232211997282469,3850.37666375942,1.39346548025622,4.29796769107303e-75,0.995313501196463,3.51247032625498,332.946932571791,0.996700283911143,2.9952429394486,351.794542917093,TRUE,2.69062445707187,0.0239091786434835,3.71014118392332,2026-06-09 13:41:32,2026-06-09 13:42:36,NA
"40","2026-06-09 14:41:09","Collar_40_2026-06-09 14:41:09",2026-06-09 14:42:06,403.902991915694,2.96638685208053,3.66997974918169e-65,0.990315048835697,5.24607398280341,442.451529978616,2.77260955129814,0.0466537474919851,3795.61609152698,2.79961360375326,4.78062009321801e-57,0.98247501308666,7.05690944447003,378.90557254503,0.99380055910179,4.26547413286302,442.548813590448,TRUE,2.76176339311828,0.0496788892522514,7.46799800423248,2026-06-09 14:41:34,2026-06-09 14:42:38,NA
"40","2026-06-09 15:43:59","Collar_40_2026-06-09 15:43:59",2026-06-09 15:44:56,459.651468728849,1.98742256080892,2.86940181609513e-46,0.961480381180426,8.05517241467426,380.582829591138,2.14133012832651,0.028986789051765,3842.71079572891,1.7394488829089,6.46697015582665e-63,0.98858729636276,4.38458122703655,383.678441853569,0.988744989226114,4.42498868934435,380.619481339687,TRUE,2.14399604859235,0.0316199454235837,4.74378990162226,2026-06-09 15:44:24,2026-06-09 15:45:28,NA
"40","2026-06-09 16:41:07","Collar_40_2026-06-09 16:41:07",2026-06-09 16:42:04,395.540694392169,3.13351452341663,2.20509108742269e-65,0.990470391002848,4.91924281114773,413.163757054207,2.62767765375911,0.0372429511184537,3931.36011321686,2.23488740348357,1.1300812787286e-61,0.987502511187222,5.63341955612253,349.024397842682,0.995619206400287,3.38955333478799,414.064503104687,TRUE,2.5957633758403,0.0367910584994101,5.35553326612439,2026-06-09 16:41:32,2026-06-09 16:42:36,NA
"40","2026-06-09 17:41:10","Collar_40_2026-06-09 17:41:10",2026-06-09 17:42:07,387.820240173265,2.92223702836052,9.75423710312413e-71,0.993556524155441,4.63560402663623,454.118393329086,3.00312433141005,0.0510343205754184,4144.59822829132,3.06248449100025,8.81291593991972e-57,0.98213149423098,7.71952090070905,364.756414368275,0.995750923899928,3.82559367657589,454.360488385551,TRUE,2.98071303213386,0.0536238160067366,8.0008040375603,2026-06-09 17:41:35,2026-06-09 17:42:39,NA
"40","2026-06-09 18:41:11","Collar_40_2026-06-09 18:41:11",2026-06-09 18:42:08,410.910047481795,2.77205061562261,4.42765778903727e-65,0.990257180068392,5.53659898978574,419.092455595275,2.92705042098674,0.0389807552258346,4210.44047932687,2.33917013062178,2.33651673296841e-63,0.988950183757404,5.89628217439606,326.821724321166,0.997487381026883,2.85738924560518,419.541980939267,TRUE,2.94424193731938,0.0387337193003276,5.76600716206755,2026-06-09 18:41:36,2026-06-09 18:42:40,NA
"40","2026-06-09 19:41:10","Collar_40_2026-06-09 19:41:10",2026-06-09 19:42:07,449.91164461918,2.15008175740894,9.69602067363292e-54,0.977684189834977,7.47371872947297,366.057943929592,2.61718688663973,0.0259224732764683,4295.90616573676,1.55556440219939,2.16175627665994e-71,0.993857459188037,3.92106864556075,355.7633321405,0.995070086880214,3.56989473441585,366.177142735965,TRUE,2.60927825638682,0.0269924326897076,4.13511144799166,2026-06-09 19:41:35,2026-06-09 19:42:39,NA
"40","2026-06-09 20:41:11","Collar_40_2026-06-09 20:41:11",2026-06-09 20:42:08,417.103572056392,2.30807701134444,1.18435733739708e-60,0.986534917915594,5.80676088324369,393.298735750728,2.61357464467987,0.0319654246514633,4617.96993598559,1.91819183913062,1.15478296883602e-65,0.990664059035678,4.83513370835128,350.946925877987,0.995424267458609,3.44005283492226,393.352900213672,TRUE,2.60643691023454,0.0330842427282064,5.30078128677557,2026-06-09 20:41:36,2026-06-09 20:42:40,NA
"40","2026-06-09 21:41:11","Collar_40_2026-06-09 21:41:11",2026-06-09 21:42:08,382.694008877318,3.79348430120819,1.49570267815182e-76,0.995787375878203,4.45636744824515,465.917899540175,3.57544773998663,0.0558831996047552,4800.27064057695,3.35345763728003,4.93119545053837e-59,0.984843138874328,8.45296895272455,324.756260090532,0.998375504481407,2.81234926197746,465.973211993661,TRUE,3.56601658281865,0.0602966753130066,9.65971469498175,2026-06-09 21:41:36,2026-06-09 21:42:40,NA
"40","2026-06-09 22:41:10","Collar_40_2026-06-09 22:41:10",2026-06-09 22:42:07,460.394504089698,3.72974936749762,1.29624936794487e-60,0.986496281614539,8.10134484139564,428.807815713239,3.64301929227755,0.0420055439323405,4717.98756697554,2.52068265783448,2.90847769405223e-67,0.991693685310225,6.35381583756289,382.680598067606,0.996158633864612,4.39115372881789,429.528350555234,TRUE,3.61352762729714,0.039827703016499,6.67718620374056,2026-06-09 22:41:35,2026-06-09 22:42:39,NA
"40","2026-06-09 23:41:13","Collar_40_2026-06-09 23:41:13",2026-06-09 23:42:10,459.663380595765,3.48468171070244,3.61010831220355e-63,0.988796532127268,8.05591054188933,473.857385901038,3.96581868744995,0.0594025267446239,4722.97450392587,3.56464659136195,3.51119776555428e-60,0.986062365850394,8.98530717348133,404.471897570761,0.995493209941195,5.19251093007415,473.873232889898,TRUE,3.97304988878921,0.0639926568148286,10.7627515016973,2026-06-09 23:41:38,2026-06-09 23:42:42,NA
"41","2026-06-09 00:07:59","Collar_41_2026-06-09 00:07:59",2026-06-09 00:09:26,547.736024124824,6.86085204328185,1.97567721920849e-62,0.988175492453264,15.8613911085564,489.000856004198,7.63570859472502,0.0667413696184102,4941.21355031982,4.00503831656665,8.56012386506875e-75,0.995209875909107,10.0953905509507,405.188121493023,0.998759404915936,5.22119757732929,489.811926057401,TRUE,7.58336423303302,0.062538260272074,10.7296162868336,2026-06-09 00:08:54,2026-06-09 00:09:58,"Time changed"
"41","2026-06-09 00:29:09","Collar_41_2026-06-09 00:29:09",2026-06-09 00:30:36,511.008710664567,7.51766886821784,2.94775224107541e-69,0.992820258146598,11.957636695364,514.343822594971,7.37710266816216,0.0811071314807872,4879.94303258816,4.86710373467909,1.48421927212055e-68,0.992442255167111,12.268375273797,359.214223726387,0.9993466059145,3.66592770599305,514.764465425354,TRUE,7.33998948579477,0.0831767719770052,13.0478385593817,2026-06-09 00:30:04,2026-06-09 00:31:08,"Time changed"
"41","2026-06-09 01:29:08","Collar_41_2026-06-09 01:29:08",2026-06-09 01:30:35,1035.96702978027,6.82620102746484,3.30633870658979e-134,0.991442555111803,12.8099884345697,1034.53456626067,7.29277769481281,0.0595542822838772,4851.09202735567,3.57375318825883,1.63326663426368e-134,0.991536331562588,12.7396061852316,843.836499638422,0.998107109046357,6.07238351114119,1034.93843032029,TRUE,7.26140786882417,0.0637120719872754,13.9959216944549,2026-06-09 01:30:03,2026-06-09 01:31:07,"Time changed"
"41","2026-06-09 02:29:08","Collar_41_2026-06-09 02:29:08",2026-06-09 02:30:35,1011.97750157244,6.80304749838885,8.41266703784957e-136,0.991919597309709,11.6809323287387,1000.16325495304,6.84722869681437,0.052179560283732,4418.24605218246,3.13120841650064,2.5050683427379e-138,0.992621555167895,11.1620361028725,761.799163730353,0.998856351345267,4.42921772933603,1012.04144004335,TRUE,6.69775384934629,0.0382724483481154,7.37505525974739,2026-06-09 02:30:03,2026-06-09 02:31:07,"Time changed"
"41","2026-06-09 03:29:09","Collar_41_2026-06-09 03:29:09",2026-06-09 03:30:36,1083.74032401745,6.63522791889459,2.24314510994446e-122,0.986902267281702,15.3938588272918,904.129255687479,7.10224866734122,0.0360652326621482,4572.98575152591,2.16421448246623,8.84559105294834e-161,0.996710236960384,7.71492566906322,701.988263921,0.999326242078106,3.51901479032125,904.346970615,TRUE,7.09792840083478,0.0354596066237256,8.72621348079855,2026-06-09 03:30:04,2026-06-09 03:31:08,"Time changed"
"41","2026-06-09 04:29:08","Collar_41_2026-06-09 04:29:08",2026-06-09 04:30:35,1077.82870949888,5.58310133761447,8.25447644179216e-122,0.986632926393221,15.0477980800949,995.425771007131,6.85916628831107,0.0512374013592464,4582.45796364373,3.07467103025229,1.98175115920994e-139,0.99290829542006,10.960493355625,901.704084550204,0.996655823578315,7.58610916108399,995.627700297415,TRUE,6.84379905623549,0.0537545248793387,11.7099924620455,2026-06-09 04:30:03,2026-06-09 04:31:07,"Time changed"
"41","2026-06-09 05:29:08","Collar_41_2026-06-09 05:29:08",2026-06-09 05:30:34.893939,1070.85096096511,7.4067737804848,1.76634748883022e-132,0.99021001243452,13.7662723792022,1006.58445432755,7.38560446189487,0.0503957491638001,4707.49889917789,3.01715195399022,3.17988975317947e-146,0.993983578111748,10.7918134509263,756.92624487572,0.999119407576964,4.16082501366753,1007.91609844309,TRUE,7.42166899123557,0.0451450946019526,11.5235158215245,2026-06-09 05:30:03,2026-06-09 05:31:07,"Time changed"
"41","2026-06-09 06:29:08","Collar_41_2026-06-09 06:29:08",2026-06-09 06:30:35,1063.2560384438,10.9307812656566,1.93995357884756e-145,0.99428704743307,14.2275885977378,1145.14547959039,9.90196305560966,0.0911325275407195,5056.26358238411,5.46871103744127,6.27144809461743e-128,0.989274171029614,19.4946940339142,836.605650758646,0.99903100688693,5.90583143420121,1145.88830631581,TRUE,9.93905070506802,0.0829299336285205,22.2319971989623,2026-06-09 06:30:03,2026-06-09 06:31:07,"Time changed"
"41","2026-06-09 07:29:08","Collar_41_2026-06-09 07:29:08",2026-06-09 07:30:35,542.226190213931,8.44520697019242,6.74771775810848e-65,0.990126008004617,15.2031795416207,523.002682695551,7.99888123996567,0.0866933784570353,4919.31114550431,5.20232510207978,6.06358857170424e-69,0.992653985218003,13.1133586066493,430.60979074645,0.998332725276719,6.34887796251718,524.517419509384,TRUE,8.06576795874303,0.0738896032617501,11.2206147172417,2026-06-09 07:30:03,2026-06-09 07:31:07,"Time changed"
"41","2026-06-09 08:29:08","Collar_41_2026-06-09 08:29:08",2026-06-09 08:30:35,423.594169962368,2.49616214400378,1.73141993603027e-53,0.977269773662324,6.10403839690301,400.000404588325,2.10764209732899,0.0336564978257847,4167.23964352787,2.01967032088786,1.86740282742441e-58,0.984188862611376,5.09092774198618,386.301103017406,0.987957794038662,4.5151663905331,402.615493575531,TRUE,2.15506047221874,0.0259538374436244,3.45251314708722,2026-06-09 08:30:03,2026-06-09 08:31:07,"Time changed"
"41","2026-06-09 09:29:08","Collar_41_2026-06-09 09:29:08",2026-06-09 09:30:35,361.477987958101,1.45561692034779,8.31414161949907e-60,0.985675780955698,3.78533276485551,380.817441029355,1.6435450103827,0.0290391488404108,4136.9248716945,1.74259090652892,9.79879479941668e-56,0.980712026028971,4.39250124004447,334.044906613136,0.991168137886252,3.02064775696892,380.875854687287,TRUE,1.64980184236236,0.0307990465938115,5.12822710489321,2026-06-09 09:30:03,2026-06-09 09:31:07,"Time changed"
"41","2026-06-09 10:29:08","Collar_41_2026-06-09 10:29:08",2026-06-09 10:30:35,395.893578587645,1.2656767257254,1.37107648324616e-49,0.969778268244448,4.93261420538802,348.906980105936,1.47792012296555,0.0227185051128181,3942.48389144337,1.36329961449957,1.75648241394556e-59,0.985331673426986,3.43643205344715,342.572521582091,0.987487866610377,3.22543664755231,349.912156729903,TRUE,1.49820015605325,0.0191016024336982,2.59346218277156,2026-06-09 10:30:03,2026-06-09 10:31:07,"Time changed"
"41","2026-06-09 11:29:08","Collar_41_2026-06-09 11:29:08",2026-06-09 11:30:35.333333,433.935866528161,-0.966349143918378,9.157706521589e-11,0.483669955387938,6.28638182664578,441.657405411977,-0.296642137911906,0.0436114006183729,3848.37934158998,2.63154241365138,4.13655662622282e-09,0.419587419848423,6.66508152666337,415.108510737624,0.634642197141989,5.37267280911215,441.694318527627,TRUE,-0.304815775573568,0.0481642794446439,7.52235853178548,2026-06-09 11:30:03,2026-06-09 11:31:07,"Time changed"
"41","2026-06-09 12:29:08","Collar_41_2026-06-09 12:29:08",2026-06-09 12:30:35,NA,NA,NA,NA,NA,467.462580041872,1.36311281751401,0.0565511732204547,3947.59868297798,3.39354162028229,1.66487544679519e-33,0.902174773072327,8.55400755242325,444.115848676763,0.935770439814937,7.04396239325141,468.472242938192,TRUE,1.41651890651899,0.0457651138175236,5.77277154717404,2026-06-09 12:30:03,2026-06-09 12:31:07,"Time changed"
"41","2026-06-09 13:29:08","Collar_41_2026-06-09 13:29:08",2026-06-09 13:30:35,451.789616872922,0.898028306880577,2.3385874217351e-39,0.936187446812591,7.5824672208419,411.824201332231,1.54765734523496,0.0368611599351263,3988.16975767213,2.21197675111164,8.93558745585887e-48,0.96549523664941,5.57566930127105,411.101534258157,0.967913320790372,5.46418285449968,412.947295215713,TRUE,1.58469295594817,0.0333894493407049,5.24433288590491,2026-06-09 13:30:03,2026-06-09 13:31:07,"Time changed"
"41","2026-06-09 14:29:08","Collar_41_2026-06-09 14:29:08",2026-06-09 14:30:35,401.153766530387,2.04584609577583,1.65312990108174e-48,0.967293996968449,5.13629548302004,411.524951925059,1.46144986425391,0.036776406134121,3980.33114003449,2.20689081681869,2.52534086001185e-46,0.961636160418153,5.56284932579382,390.801605394428,0.973773872124933,4.67421525181036,411.869172563113,TRUE,1.4820638076603,0.0360084055195838,5.43466245568939,2026-06-09 14:30:03,2026-06-09 14:31:07,"Time changed"
"41","2026-06-09 15:29:08","Collar_41_2026-06-09 15:29:08",2026-06-09 15:30:05,NA,NA,NA,NA,NA,256.116996125639,3.3332294370812,0.148587870391556,3842.30791143871,6.41858324356015,1.49144122624947e-21,0.938458867821054,8.87804754223402,235.888246675797,0.969201814284877,6.47997626668488,256.149296390565,TRUE,3.34966563867541,0.153295278375213,8.73611663716632,2026-06-09 15:29:48,2026-06-09 15:30:22,"Time changed"
"41","2026-06-09 16:29:08","Collar_41_2026-06-09 16:29:08",2026-06-09 16:30:35,528.504786059951,4.44019348245974,8.73948703017245e-47,0.962906208897584,13.6802792312056,507.963172393981,3.67649059909251,0.0772223534086393,4094.85834484628,4.63398467944744,4.13043413839432e-51,0.972957092419799,11.6807584468375,495.663138148743,0.978955168056156,10.4718265275288,514.307489885805,TRUE,3.8430465475924,0.0354991518070914,5.22799232226675,2026-06-09 16:30:03,2026-06-09 16:31:07,"Time changed"
"41","2026-06-09 17:29:08","Collar_41_2026-06-09 17:29:08",2026-06-09 17:30:35,448.111675017309,3.81017013390265,1.76047822028278e-62,0.988218696497499,7.37095131422601,443.55178427929,3.54381451100793,0.0470502768781044,4624.25773669652,2.82340867110253,1.93090007741627e-63,0.989016856803176,7.11688901996707,390.058217255063,0.99546490856695,4.64756263551805,444.135433753252,TRUE,3.56784310051906,0.0435357849276823,5.85615413340916,2026-06-09 17:30:03,2026-06-09 17:31:07,"Time changed"
"41","2026-06-09 18:29:08","Collar_41_2026-06-09 18:29:08",2026-06-09 18:30:35,485.390343269061,4.35200067138694,4.19661119875034e-50,0.970892535334082,9.81886724317522,503.103949756027,2.96167920545607,0.0743891673696061,4660.25722894266,4.46396990886114,2.25419158258642e-46,0.961774161713775,11.2522068643472,476.433805780493,0.976152883393262,9.03197014898919,505.460094969242,TRUE,3.05288429553007,0.0460765575639502,6.93890909523844,2026-06-09 18:30:03,2026-06-09 18:31:07,"Time changed"
"41","2026-06-09 19:29:08","Collar_41_2026-06-09 19:29:08",2026-06-09 19:30:35,435.05782974212,3.93580836060757,8.32325218696096e-59,0.984589216518457,6.66675065274006,477.045413668588,2.77628487082464,0.0608772811732052,4712.08073911836,3.65314414584374,5.75775187541e-50,0.970598951996471,9.2083805387478,414.941571305312,0.989366088104436,5.6279954654736,478.30509386963,TRUE,2.82874551880374,0.0485355922284172,8.59789437784357,2026-06-09 19:30:03,2026-06-09 19:31:07,"Time changed"
"41","2026-06-09 20:29:08","Collar_41_2026-06-09 20:29:08",2026-06-09 20:30:35,446.901631257455,5.54210845776692,2.41792035322777e-61,0.987197127193167,7.30266060521303,503.551786758389,3.33441561770501,0.0746458725215538,5040.22699433712,4.47937435703906,2.04262834499454e-49,0.969393560204884,11.2910364355737,437.19375904231,0.989631428682623,6.6787043452472,504.150551832762,TRUE,3.36865139784461,0.0603648847455516,11.1387045907696,2026-06-09 20:30:03,2026-06-09 20:31:07,"Time changed"
"41","2026-06-09 21:29:08","Collar_41_2026-06-09 21:29:08",2026-06-09 21:30:35,454.677248871542,3.95922468878612,8.86493723548541e-61,0.986658152765528,7.75277769497211,492.162701517567,3.47994211391146,0.0683845473643151,5044.44257516644,4.10364267351805,6.90735570080254e-53,0.976249471669524,10.3439398567918,423.953618203872,0.992179912047083,6.03198878362155,494.065582736211,TRUE,3.54601702821324,0.0529579318857981,7.54533205514018,2026-06-09 21:30:03,2026-06-09 21:31:07,"Time changed"
"41","2026-06-09 22:29:08","Collar_41_2026-06-09 22:29:08",2026-06-09 22:30:35,451.211444539639,6.75580979137235,4.69488273766969e-66,0.990926995640189,7.54881923324853,526.44527260448,4.09812100424267,0.0890198135100214,5177.855251939,5.34193059087159,3.23605691496741e-50,0.971131617664102,13.4652583441824,442.696120807574,0.992516055379377,6.96745392966498,527.508199537792,TRUE,4.14587336253569,0.0732702820123767,11.2835348767972,2026-06-09 22:30:03,2026-06-09 22:31:07,"Time changed"
"41","2026-06-09 23:29:08","Collar_41_2026-06-09 23:29:08",2026-06-09 23:30:35,500.044256739261,5.43394412433717,1.16197879501362e-58,0.984425153708682,10.9904660582808,530.369263014376,4.56337190149162,0.0917478001681084,5400.40162904362,5.50563252200048,2.81554297184203e-52,0.975166445225607,13.877897324902,466.899305443844,0.991204885415014,8.39325335854374,533.010743271506,TRUE,4.67578537421677,0.069321577284242,10.3104058070259,2026-06-09 23:30:03,2026-06-09 23:31:07,"Time changed"
"42","2026-06-09 00:11:00","Collar_42_2026-06-09 00:11:00",2026-06-09 00:11:57,550.785475856016,6.90893259920466,3.70600141394744e-62,0.987937033098442,16.2378550065418,506.430804285766,7.73420901680155,0.0763174427823249,4205.79847809415,4.5796825014703,1.70803929434691e-71,0.993903220931547,11.5438804319184,441.69998207951,0.997882230641304,6.91426910555887,506.545108180363,TRUE,7.71306734061841,0.0820496917803265,13.1196718286743,2026-06-09 00:11:25,2026-06-09 00:12:29,NA
"42","2026-06-09 00:32:10","Collar_42_2026-06-09 00:32:10",2026-06-09 00:33:07,568.620103040982,6.14826058492435,6.42451253866545e-58,0.983556517148188,18.6255572823217,457.484065900315,7.61040421952914,0.0523728406033482,4223.94939690012,3.1428068462351,2.5980343594121e-81,0.997025297503826,7.92198726481694,402.011972715116,0.998808528910942,5.09517942957102,457.522187858862,TRUE,7.61901891186459,0.0524043708164645,7.62613512682483,2026-06-09 00:32:35,2026-06-09 00:33:39,NA
"42","2026-06-09 01:32:09","Collar_42_2026-06-09 01:32:09",2026-06-09 01:33:06,1123.50905477726,6.98851057941351,5.83298185784735e-115,0.982898175721187,17.9380707029603,959.230492921399,7.23709765932039,0.0445787439620026,3990.73816103057,2.67509610145887,4.35925392134207e-150,0.995166823578352,9.5361008567126,899.307295763208,0.997044147821601,7.5164985754277,959.408670375798,TRUE,7.21931877994924,0.0454707321890668,9.15463280620328,2026-06-09 01:32:34,2026-06-09 01:33:38,NA
"42","2026-06-09 02:32:09","Collar_42_2026-06-09 02:32:09",2026-06-09 02:33:06,1098.45266000324,6.04909828355903,3.47629268831155e-120,0.985828517524612,16.2900511093332,873.127348174162,7.22823601668509,0.0320113718922772,4102.08135427613,1.92094905644654,2.30452608793927e-168,0.99749582324581,6.84774051029089,631.285092507771,0.999622103237172,2.68114994555338,873.177885164408,TRUE,7.23397245193572,0.0354693150916281,7.9685457885063,2026-06-09 02:32:34,2026-06-09 02:33:38,NA
"42","2026-06-09 03:32:10","Collar_42_2026-06-09 03:32:10",2026-06-09 03:33:07,1075.29713178611,6.81470836795621,1.52060731089083e-127,0.989124718496457,14.9019911188902,952.51540775176,7.54163852317478,0.0434421384457656,4149.7082158858,2.60689029942968,8.49284169736019e-154,0.995770779649537,9.29296289736653,688.212492491946,0.999463050332095,3.33741756920182,952.924230162516,TRUE,7.51795479483756,0.0442588737006691,11.4485410145359,2026-06-09 03:32:35,2026-06-09 03:33:39,NA
"42","2026-06-09 04:32:09","Collar_42_2026-06-09 04:32:09",2026-06-09 04:33:06,1069.08521576963,6.85202408314213,1.13637695120888e-127,0.989174095415286,14.5501725329944,1025.36886129349,7.36736212124557,0.0574914069640555,4279.74750596109,3.4499634796355,5.10521393148465e-137,0.992265721634383,12.29832441378,880.659716054661,0.997536099451242,6.9962826230217,1025.44249075227,TRUE,7.38046332681389,0.0600887672243816,13.7513165313411,2026-06-09 04:32:34,2026-06-09 04:33:38,NA
"42","2026-06-09 05:32:09","Collar_42_2026-06-09 05:32:09",2026-06-09 05:33:06,1042.27282409641,7.49577269159349,1.48336086780448e-137,0.992413642399472,13.1244679186751,1023.02119541989,7.94331445765409,0.0569746258618473,4265.8631982783,3.41895230729284,1.1347452420691e-141,0.993457874384421,12.1877767340225,648.031194962511,0.999645499515214,2.8595202700532,1023.20259751707,TRUE,7.92272784556546,0.0584212068914169,16.2005128080774,2026-06-09 05:32:34,2026-06-09 05:33:38,NA
"42","2026-06-09 06:32:08","Collar_42_2026-06-09 06:32:08",2026-06-09 06:33:05,1074.61193172463,7.51352684571484,6.34744199992682e-131,0.990369667158647,14.8627703408553,995.929185943394,7.9890735659798,0.0513367038987247,4582.03382883159,3.08063001008469,9.52298948714057e-148,0.994742446010675,10.9817357448812,683.048089078578,0.999540621597118,3.27178018219654,996.040103050649,TRUE,7.98015702721829,0.0531682390086542,12.9162464067285,2026-06-09 06:32:33,2026-06-09 06:33:37,NA
"42","2026-06-09 07:32:08","Collar_42_2026-06-09 07:32:08",2026-06-09 07:33:05,578.913755975829,7.23226632221739,2.11834678278655e-60,0.986284121345039,20.1603263419553,473.144172373932,9.02073747017945,0.0590775215094069,4189.75628942566,3.54514356906003,1.15552717188699e-82,0.997305184277464,8.93614643855218,350.878619682555,0.999613729408165,3.43824579492366,473.160099617548,TRUE,9.02093469319201,0.0602430566608951,10.6769654454023,2026-06-09 07:32:33,2026-06-09 07:33:37,NA
"42","2026-06-09 08:32:08","Collar_42_2026-06-09 08:32:08",2026-06-09 08:33:05,521.455375749162,5.24137980044886,3.39975967666535e-61,0.987057889627766,12.9582038625124,436.60507680653,5.96652400645239,0.0446020819954262,4093.18375046389,2.67649657793439,4.69204024948432e-79,0.996491820821491,6.74657172461061,321.398726019002,0.999439455534602,2.7406441532231,436.630082672754,TRUE,5.97068527216479,0.0508137616498554,7.50601685196857,2026-06-09 08:32:33,2026-06-09 08:33:37,NA
"42","2026-06-09 09:32:08","Collar_42_2026-06-09 09:32:08",2026-06-09 09:33:05,414.063429151982,2.68638342443741,1.26015258708155e-63,0.989164625154777,5.6725411591897,399.274365118752,2.84718539019782,0.0334690529312116,3951.17067868317,2.00842206528115,9.71320676213292e-67,0.991369588658335,5.06257457170639,332.253099321706,0.997105948829316,2.97929937686028,399.327477810149,TRUE,2.84312406260564,0.036288494616923,5.9056473275682,2026-06-09 09:32:33,2026-06-09 09:33:37,NA
"42","2026-06-09 10:32:09","Collar_42_2026-06-09 10:32:09",2026-06-09 10:33:06,404.537959381113,3.18491026286304,1.51008860351974e-64,0.989870284397211,5.27176040343636,415.806632044668,2.73191628322435,0.0380078418465301,4033.24677169613,2.28078722081497,3.55697214226785e-62,0.987952737714001,5.74911797035769,357.061391136531,0.995411624502315,3.60571893630028,416.33637089938,TRUE,2.71913843770648,0.0363132789301755,4.97613840056053,2026-06-09 10:32:34,2026-06-09 10:33:38,NA
"42","2026-06-09 11:34:58","Collar_42_2026-06-09 11:34:58",2026-06-09 11:35:55,490.634768464051,2.59569740551437,3.1401106442738e-48,0.966621372148424,10.2230757750816,439.314242491547,2.91389177448225,0.045541330463761,3905.47756642858,2.73285931256158,4.91815362385514e-59,0.984844412784616,6.88864372832338,396.783146604648,0.99259240190218,4.89430920543415,439.737355861877,TRUE,2.94018953018661,0.0490492427802316,6.83321090254189,2026-06-09 11:35:23,2026-06-09 11:36:27,NA
"42","2026-06-09 12:32:07","Collar_42_2026-06-09 12:32:07",2026-06-09 12:33:04,NA,NA,NA,NA,NA,457.774585249046,2.49232322118303,0.0524900124306198,3819.68394401079,3.1498381322355,4.86735065966421e-51,0.972815846776258,7.9397108351398,461.425617335047,0.972961400280384,8.04718964768326,457.811286957944,TRUE,2.49815621880433,0.0551177519235128,9.08704839712314,2026-06-09 12:32:32,2026-06-09 12:33:36,NA
"42","2026-06-09 13:32:07","Collar_42_2026-06-09 13:32:07",2026-06-09 13:33:04,463.785138195749,2.4186071911401,5.81482879643576e-54,0.97804336941828,8.31542212892208,433.475172046862,2.92436787813956,0.0435410577380304,4017.3127325825,2.61282628123577,2.41865217201223e-60,0.986226285919414,6.58607974903856,420.859093115371,0.989333265052509,5.89009856655217,433.569901910065,TRUE,2.9148117810936,0.0465339266512657,6.34798738401966,2026-06-09 13:32:32,2026-06-09 13:33:36,NA
"42","2026-06-09 14:32:07","Collar_42_2026-06-09 14:32:07",2026-06-09 14:33:04,461.30018800167,2.95960302072778,5.94546003708319e-54,0.978027883561255,8.15798234713822,429.18995744327,2.8685215269217,0.0421292030655018,3915.74247136757,2.52810323624538,1.03334732919419e-60,0.986593084340362,6.37252068661817,416.915455273506,0.989562618765611,5.71410143906932,429.204561745633,TRUE,2.87314689584241,0.0436607848452025,7.89503326391279,2026-06-09 14:32:32,2026-06-09 14:33:36,NA
"42","2026-06-09 15:34:59","Collar_42_2026-06-09 15:34:59",2026-06-09 15:35:56,453.879879071151,2.84713648876056,3.349401423784e-56,0.9813580716106,7.70537068709851,426.300924010319,2.94324040680515,0.0412032783845898,4045.73764087054,2.47254003988741,5.23797570404714e-62,0.987803833976834,6.23246405715408,403.073283357988,0.991977622192299,5.1369463668492,426.309934411671,TRUE,2.94696449903897,0.0462177285077351,5.34819769130051,2026-06-09 15:35:24,2026-06-09 15:36:28,NA
"42","2026-06-09 16:32:07","Collar_42_2026-06-09 16:32:07",2026-06-09 16:33:04,455.302407306868,2.35087989981487,3.61726235736529e-57,0.982629425855923,7.79014990101353,424.274668751869,3.08480746526564,0.0405660393240304,4000.35787669152,2.43430038629706,1.06339758156841e-63,0.989222853691055,6.13607440816351,401.187885886633,0.992895644311712,5.06298258539616,424.31466813564,TRUE,3.08012390967599,0.0427889948305724,6.76896396539695,2026-06-09 16:32:32,2026-06-09 16:33:36,NA
"42","2026-06-09 17:32:09","Collar_42_2026-06-09 17:32:09",2026-06-09 17:33:06,438.803973815356,2.94937502005536,1.06477769528379e-59,0.985562864566194,6.86165780849966,421.847531929737,2.9799030710888,0.0398156863274703,4202.16756965793,2.38927295399599,2.86946934916003e-63,0.988877885763596,6.0225749910155,386.096242732825,0.993966199336841,4.50805677636664,421.89761479208,TRUE,2.97280233715981,0.042883393608675,6.47865617171251,2026-06-09 17:32:34,2026-06-09 17:33:38,NA
"42","2026-06-09 18:32:08","Collar_42_2026-06-09 18:32:08",2026-06-09 18:33:05,471.380093932587,3.18006310301454,1.45680365445157e-57,0.983123650306708,8.81570345715193,433.71182236188,3.54402992100875,0.0436203915023536,4381.68933593195,2.61758696816396,1.71370528189679e-65,0.990546345890051,6.59807988237864,406.487793464639,0.994152397958785,5.27365817834742,433.795519856891,TRUE,3.55624807240209,0.046756259168212,5.72017971498441,2026-06-09 18:32:33,2026-06-09 18:33:37,NA
"42","2026-06-09 19:32:09","Collar_42_2026-06-09 19:32:09",2026-06-09 19:33:06,482.94780550046,4.24094412182728,1.17622840520866e-63,0.989188302289161,9.63610529194486,464.907512648181,4.84295894562942,0.0554505473267874,4608.97924756254,3.32749489541666,1.87529937212943e-67,0.991808592800035,8.38752537936344,399.93509402943,0.997165199484511,5.01442567269174,465.386456333512,TRUE,4.81296181247595,0.0574115748103324,7.98749116958315,2026-06-09 19:32:34,2026-06-09 19:33:38,NA
"42","2026-06-09 20:32:09","Collar_42_2026-06-09 20:32:09",2026-06-09 20:33:06,505.630630707394,4.93555947296063,2.25915921666209e-63,0.98896198593163,11.4730439833603,488.111665232388,5.70606997509651,0.0662864210695333,4754.86627268381,3.97773761265937,4.63713659732621e-67,0.991569782319641,10.0265744132573,425.917098942613,0.996955171277329,6.12378561120647,488.117651333005,TRUE,5.70180617275313,0.0677471910300893,14.1040464308595,2026-06-09 20:32:34,2026-06-09 20:33:38,NA
"42","2026-06-09 21:32:09","Collar_42_2026-06-09 21:32:09",2026-06-09 21:33:06,522.862151033024,5.935729262476,1.89028122127569e-61,0.987296775890884,13.099190557594,474.223105353114,6.08023788408344,0.0595698747938805,4712.3630500866,3.57468886878759,1.0920686464356e-71,0.993989170147433,9.01062046754232,411.813561719171,0.997836174909084,5.49419302777022,474.356421183179,TRUE,6.05999183586352,0.0641003197345455,9.56261377828593,2026-06-09 21:32:34,2026-06-09 21:33:38,NA
"42","2026-06-09 22:32:08","Collar_42_2026-06-09 22:32:08",2026-06-09 22:33:05,502.628583604144,6.65245389398648,4.34502836308636e-70,0.99324360698968,11.2111364751807,541.157269329745,7.11318534582405,0.0996862919207314,5025.19540200263,5.98200817666241,5.59917207886718e-62,0.987777992984733,15.0786844092312,444.981439801549,0.997382887600615,7.09102035638387,541.663233694309,TRUE,7.06224300997505,0.106283155300304,13.3876286470667,2026-06-09 22:32:33,2026-06-09 22:33:37,NA
"42","2026-06-09 23:32:09","Collar_42_2026-06-09 23:32:09",2026-06-09 23:33:06,525.374707517163,6.26799562956802,1.66796808566294e-64,0.989838261878185,13.3548257158469,511.285871902787,6.92329102306775,0.0792215370287614,5273.61743546873,4.7539523553615,1.80529984339157e-67,0.991818478094254,11.9831576865233,437.834156907426,0.997514898908827,6.7116857293852,511.334524342233,TRUE,6.90654191522892,0.0849841274414906,12.9203766667532,2026-06-09 23:32:34,2026-06-09 23:33:38,NA
"43","2026-06-09 00:14:00","Collar_43_2026-06-09 00:14:00",2026-06-09 00:15:27,470.164832679748,4.4023433670223,1.97691835273229e-66,0.991172701297139,8.73367681658207,483.267464385944,4.85140804828402,0.0638618388802966,4689.93854097089,3.83224247785652,1.13256553043947e-63,0.989201275832941,9.6598288060999,403.488719237178,0.997024166335949,5.15338856184987,483.444695151821,TRUE,4.83390631653152,0.0657274208801227,9.79909111175349,2026-06-09 00:14:55,2026-06-09 00:15:59,"Time changed"
"43","2026-06-09 00:35:12","Collar_43_2026-06-09 00:35:12",2026-06-09 00:36:39,468.739281010709,5.18070564387579,5.7699348749628e-68,0.992109404923509,8.63842841102821,491.492479251045,5.07430804309011,0.0680328942704286,4540.5746266205,4.08254055764588,3.553393185377e-63,0.988802161626365,10.2907483304337,399.229695296795,0.997453410914261,4.98729036305596,491.925780343438,TRUE,5.06658941978403,0.0639225770043108,10.0253344756316,2026-06-09 00:36:07,2026-06-09 00:37:11,"Time changed"
"43","2026-06-09 01:35:10","Collar_43_2026-06-09 01:35:10",2026-06-09 01:36:37,1035.45030015772,3.78632609463311,1.17659198794661e-111,0.980739321388969,12.7845548685178,872.70417946469,4.85861490438732,0.0319593134569166,4311.86768108327,1.91782511653473,1.86839339306703e-146,0.99449216070457,6.83660438473149,835.741361411073,0.995980836471653,5.8862319238912,872.828397435595,TRUE,4.86620878942946,0.0360326687049429,6.35731754032517,2026-06-09 01:36:05,2026-06-09 01:37:09,"Time changed"
"43","2026-06-09 02:35:10","Collar_43_2026-06-09 02:35:10",2026-06-09 02:36:37,982.269843104937,5.21195480349851,9.45121275079505e-123,0.987077945613223,10.4196929863102,942.713683623463,4.82471135353115,0.0418349018252666,4304.85232678229,2.51044270949122,3.2914711386146e-131,0.990467973454444,8.94914947528483,848.180590072756,0.995533029355759,6.17469345784282,943.324634413396,TRUE,4.79611512275715,0.0443194790342409,8.90295499657578,2026-06-09 02:36:05,2026-06-09 02:37:09,"Time changed"
"43","2026-06-09 03:35:12","Collar_43_2026-06-09 03:35:12",2026-06-09 03:36:39,1022.19355647604,4.80127533498185,1.68176758717855e-112,0.981315881575802,12.1490419611121,925.451704606937,4.67984424039423,0.0391475850522572,4341.02958184773,2.34918131035916,3.46419428493085e-133,0.991122626026299,8.37428976628999,885.965666823976,0.99364655105348,7.14052609993392,925.843917087691,TRUE,4.66555428595765,0.0432793671605747,7.37447446117995,2026-06-09 03:36:07,2026-06-09 03:37:11,"Time changed"
"43","2026-06-09 04:35:08","Collar_43_2026-06-09 04:35:08",2026-06-09 04:36:35,976.287239661451,5.27092421012796,2.5291714394086e-118,0.984846828127772,10.182673085854,962.375515233806,4.34505381398563,0.0451212536817006,4623.81628728485,2.70765120524117,2.68057175785478e-121,0.986384666651822,9.65215229609807,895.276218395637,0.992120385812206,7.40086045267014,963.43558886945,TRUE,4.36350737510351,0.0396007898015521,8.40169050190499,2026-06-09 04:36:03,2026-06-09 04:37:07,"Time changed"
"43","2026-06-09 05:35:10","Collar_43_2026-06-09 05:35:10",2026-06-09 05:36:37,979.561324875554,4.28381461404513,6.3601626272568e-122,0.986687260299778,10.3117105314063,856.040263399849,4.71452847713523,0.0299752384090885,4615.28487531312,1.79876408085435,2.46660089790446e-148,0.994852251484609,6.4121792421231,742.825445448566,0.997910537215917,4.11750395712169,856.523012671165,TRUE,4.70232247178892,0.0264343354218169,5.47348595461032,2026-06-09 05:36:05,2026-06-09 05:37:09,"Time changed"
"43","2026-06-09 06:35:08","Collar_43_2026-06-09 06:35:08",2026-06-09 06:36:35,1023.31433920789,5.15660455620467,6.27666102353526e-118,0.984630108942418,12.2015259105736,986.77242453493,5.17495166263701,0.0495601785196203,4937.27044141658,2.97402368398821,9.6385828902655e-126,0.988396360276038,10.6017087704987,919.022631462808,0.9933181337115,8.10862758510237,986.804408954501,TRUE,5.18297449276335,0.0491340431685813,7.87537654545396,2026-06-09 06:36:03,2026-06-09 06:37:07,"Time changed"
"43","2026-06-09 07:35:10","Collar_43_2026-06-09 07:35:10",2026-06-09 07:36:37,523.01215137515,4.24063097794237,2.18281079739178e-57,0.982905668703079,13.1143137659809,420.627080611077,5.25402486647617,0.0394436423209147,4646.90026856344,2.36694721345121,6.13168078168534e-79,0.996461892532057,5.96629910740997,387.753082961014,0.997993685014147,4.56587931035643,421.195839756196,TRUE,5.25795381884462,0.0371202952146592,5.25458512177372,2026-06-09 07:36:05,2026-06-09 07:37:09,"Time changed"
"43","2026-06-09 08:35:10","Collar_43_2026-06-09 08:35:10",2026-06-09 08:36:37,357.609595396802,1.46378427885224,2.14663483739952e-60,0.98627834525567,3.6743525266102,365.491104597458,1.63316396900851,0.0258096895143645,4198.38755285357,1.54879643667373,9.7931826765206e-59,0.984509464710781,3.90400881995702,325.497622358022,0.992127258048864,2.82843330822066,365.810186566954,TRUE,1.62519153997562,0.0287518251795509,3.60398923762323,2026-06-09 08:36:05,2026-06-09 08:37:09,"Time changed"
"43","2026-06-09 09:35:08","Collar_43_2026-06-09 09:35:08",2026-06-09 09:36:35,466.268329680642,1.00632520637529,5.40609233909323e-29,0.864047953293311,8.47578565373405,453.504597503399,1.13685715076866,0.0507939296568833,4053.86570348817,3.04805903276959,1.09838784131834e-31,0.888286549469227,7.68315904266825,455.370878485276,0.891894168462048,7.6809866131199,455.025661602239,TRUE,1.15047965322789,0.0480019768223105,6.01730929009143,2026-06-09 09:36:03,2026-06-09 09:37:07,"Time changed"
"43","2026-06-09 10:35:09","Collar_43_2026-06-09 10:35:09",2026-06-09 10:36:36,NA,NA,NA,NA,NA,409.748238256322,0.996828271665569,0.0362772010490315,4110.01345173546,2.1769343519598,8.7928449417377e-37,0.922987173101673,5.48733888410206,412.669397245313,0.924254848400048,5.5304825467835,409.755931432301,TRUE,0.997105645406134,0.0373204206037086,6.70374554833626,2026-06-09 10:36:04,2026-06-09 10:37:08,"Time changed"
"43","2026-06-09 11:37:57","Collar_43_2026-06-09 11:37:57",2026-06-09 11:39:24,NA,NA,NA,NA,NA,408.419452577798,0.944829078589131,0.0359082848767689,3972.09286457575,2.15479630753607,1.08806803676202e-35,0.916593456426094,5.43153612097557,411.905424512825,0.917250444525851,5.49807679920438,408.518870235039,TRUE,0.955938975530344,0.0366738573328603,5.01287530195974,2026-06-09 11:38:52,2026-06-09 11:39:56,"Time changed"
"43","2026-06-09 12:35:06","Collar_43_2026-06-09 12:35:06",2026-06-09 12:36:33,397.851790387064,0.690382654033519,3.2841543906528e-35,0.91362079685228,5.00747742337907,393.091836971937,0.857402118239466,0.0319145912111504,3863.19365814072,1.91514140912926,3.26001428063934e-36,0.919720291732275,4.82744457287293,372.112410419374,0.945335307814415,4.04830489801878,393.667560270291,TRUE,0.877300103452644,0.029141519765908,4.19411852705627,2026-06-09 12:36:01,2026-06-09 12:37:05,"Time changed"
"43","2026-06-09 13:35:06","Collar_43_2026-06-09 13:35:06",2026-06-09 13:36:33,NA,NA,NA,NA,NA,432.173475780422,0.739656310972197,0.0431072544989064,4041.41091790387,2.58679447211234,1.97486825390853e-25,0.823734071850049,6.52046207972396,398.505484619015,0.901260383018534,4.95958415495396,432.362174122789,TRUE,0.756600913960414,0.0381774811226563,4.99431182416244,2026-06-09 13:36:01,2026-06-09 13:37:05,"Time changed"
"43","2026-06-09 14:35:07","Collar_43_2026-06-09 14:35:07",2026-06-09 14:36:34,420.14165090234,1.39023271140109,3.6215115373052e-30,0.875203774106152,5.94406204422971,407.471394557579,0.836363596365168,0.0356473671493325,4056.28555877974,2.13913906972646,7.70912364042049e-33,0.89730584586477,5.39206934983801,407.717612986449,0.903068484066917,5.32378450409751,407.667227927467,TRUE,0.840822466062192,0.0361012563901359,5.67668395434928,2026-06-09 14:36:02,2026-06-09 14:37:06,"Time changed"
"43","2026-06-09 15:37:58","Collar_43_2026-06-09 15:37:58",2026-06-09 15:39:25,426.690915137873,0.427195439795523,1.6279420826998e-25,0.824808286686108,6.25118909683983,418.492400370287,0.720646943116364,0.0388012421064428,4085.30288108556,2.32839784761949,3.02642695251418e-27,0.845568615793277,5.86912877524287,422.410337537574,0.845763463182526,5.9608040606569,418.509839975006,TRUE,0.722044007240947,0.041158739598636,6.28383064959993,2026-06-09 15:38:53,2026-06-09 15:39:57,"Time changed"
"43","2026-06-09 16:35:07","Collar_43_2026-06-09 16:35:07",2026-06-09 16:36:34,NA,NA,NA,NA,NA,390.476707756553,1.08539523406506,0.0312789995469205,3971.97159577378,1.87700061304603,8.94807454876345e-43,0.950280989401884,4.73130411129692,373.969999454337,0.96373331515713,4.10656698589838,390.553500591624,TRUE,1.09277464304545,0.0339199907501324,4.2917881596909,2026-06-09 16:36:02,2026-06-09 16:37:06,"Time changed"
"43","2026-06-09 17:35:08","Collar_43_2026-06-09 17:35:08",2026-06-09 17:36:35,452.588778902373,6.23033558478531,8.00355413602173e-53,0.976138192305754,7.6292232483155,498.663400849008,2.52801839776142,0.0718910848179444,4631.96355621587,4.31406413985229,4.03444896460048e-43,0.951521542986162,10.8743434921729,437.377951587339,0.982243920099457,6.6881738795065,500.644850131027,TRUE,2.60881651740004,0.0533491934822703,8.33484916055116,2026-06-09 17:36:03,2026-06-09 17:37:07,"Time changed"
"43","2026-06-09 18:35:09","Collar_43_2026-06-09 18:35:09",2026-06-09 18:36:36,424.072014881064,3.31881686873558,6.20728443480218e-56,0.980989471869122,6.12651648121511,459.102479443069,2.29332005079756,0.0530289230595177,4621.67950919381,3.18217726057945,1.47416752519668e-48,0.967412683055672,8.02122719151499,401.606279620087,0.987347842171011,5.07930360586708,460.527103017717,TRUE,2.35005903704914,0.042007047463801,6.82089734344387,2026-06-09 18:36:04,2026-06-09 18:37:08,"Time changed"
"43","2026-06-09 19:35:08","Collar_43_2026-06-09 19:35:08",2026-06-09 19:36:35,416.192036149288,3.88471515021014,1.82013588754759e-58,0.984201722681326,5.76618736532607,467.546722922572,2.36500476553394,0.0565877879811569,4708.26466936468,3.39573881102624,1.18198267205303e-47,0.965187622186722,8.55954595104064,396.801500826342,0.988976310874953,4.89500026372619,468.634986290183,TRUE,2.4114620943032,0.0504762137019049,7.93479864461848,2026-06-09 19:36:03,2026-06-09 19:37:07,"Time changed"
"43","2026-06-09 20:35:10","Collar_43_2026-06-09 20:35:10",2026-06-09 20:36:37,440.114608494298,3.31027460619376,1.34188191040231e-54,0.979041706610366,6.93118559993912,453.805056701014,2.47958999317619,0.0509114616055327,4955.14831919017,3.05511192905345,1.02363105757416e-51,0.974128118722295,7.70093708544162,420.488220866084,0.985428733417212,5.87331886607686,454.571038144898,TRUE,2.51400249635752,0.0502772694955779,7.2814756768282,2026-06-09 20:36:05,2026-06-09 20:37:09,"Time changed"
"43","2026-06-09 21:35:09","Collar_43_2026-06-09 21:35:09",2026-06-09 21:36:36,408.158286803647,3.13295754416115,5.86859167129368e-61,0.986831688303534,5.42063529483788,451.383155982173,2.4467792719531,0.0499717612842768,5062.48575242887,2.99872207948582,7.38852725857403e-52,0.974394394259081,7.55879673384004,392.353310220509,0.990290339021929,4.73034188039458,451.459497974143,TRUE,2.45637008450899,0.0510586878086435,8.07167210910028,2026-06-09 21:36:04,2026-06-09 21:37:08,"Time changed"
"43","2026-06-09 22:35:09","Collar_43_2026-06-09 22:35:09",2026-06-09 22:36:36,401.875983922084,3.78367495098289,9.22219736433618e-64,0.989271469068294,5.16490967681671,458.884120344763,2.58262494831714,0.0529399259177067,5187.38711363727,3.17683669047944,9.25387719676984e-52,0.974210823518382,8.00776536252291,394.022025548262,0.991059978047971,4.79145321599982,459.239992378792,TRUE,2.59955885947084,0.0510793821555077,8.32584142894268,2026-06-09 22:36:04,2026-06-09 22:37:08,"Time changed"
"43","2026-06-09 23:35:11","Collar_43_2026-06-09 23:35:11",2026-06-09 23:36:38,445.840669905385,4.68724772949343,6.82775427857199e-57,0.982275645354134,7.24330437056156,495.280029562655,2.80026290931129,0.0700441900905919,5334.5209261388,4.2032350664904,1.75364146116061e-46,0.962077477542273,10.5949796780091,432.750529298384,0.986373527305369,6.45429188536714,496.247447413801,TRUE,2.84961687463748,0.061806968173175,8.02557452693483,2026-06-09 23:36:06,2026-06-09 23:37:10,"Time changed"
"44","2026-06-09 00:17:02","Collar_44_2026-06-09 00:17:02",2026-06-09 00:18:29,547.395652016154,5.86943832350603,2.51794286827913e-59,0.98516305207495,15.8199163882568,460.713983339679,6.80179339588768,0.0536903705799596,4789.60342066546,3.22186962348591,1.42955000538826e-77,0.996089925538511,8.12127864514858,409.87127457219,0.998318270990273,5.41271627511462,461.105503266244,TRUE,6.7729478696888,0.0526706617593853,9.15955093735251,2026-06-09 00:17:57,2026-06-09 00:19:01,"Time changed"
"44","2026-06-09 00:38:14","Collar_44_2026-06-09 00:38:14",2026-06-09 00:39:41,567.727648634585,5.7217048034735,9.84647189626727e-54,0.977673282713662,18.4981300966888,427.57719462825,6.48777325092078,0.041609782335671,4536.53036664725,2.49693366425,3.10598246187575e-83,0.997415264413629,6.29395239894468,415.852731942358,0.997970664489973,5.66758024172014,427.666482907374,TRUE,6.49954428411132,0.0440522424156916,6.72256951132305,2026-06-09 00:39:09,2026-06-09 00:40:13,"Time changed"
"44","2026-06-09 01:38:11","Collar_44_2026-06-09 01:38:11",2026-06-09 01:39:38,1110.70598775752,5.11558501074201,1.28604906275541e-112,0.981394025010523,17.0761498400023,906.234019429479,6.60824210464397,0.0363583744889637,4599.46547776966,2.18180543475409,2.44698096022325e-156,0.996140176448844,7.77763335836501,859.829019374998,0.997380742971507,6.45762039476408,907.387952948701,TRUE,6.61838049688221,0.0333318235733403,6.89999644270398,2026-06-09 01:39:06,2026-06-09 01:40:10,"Time changed"
"44","2026-06-09 02:38:13","Collar_44_2026-06-09 02:38:13",2026-06-09 02:39:40,1085.11615901019,5.53757392064771,1.11611769670105e-111,0.980755192214907,15.4755340037453,949.272582100805,5.8799828260688,0.0429036753876962,4272.04524099356,2.57457802906493,1.00176577760052e-140,0.993231424120308,9.17777710312926,890.544078424051,0.995822287884375,7.26737920814175,950.35556050787,TRUE,5.91714650853261,0.0390693810763059,10.0577786373247,2026-06-09 02:39:08,2026-06-09 02:40:12,"Time changed"
"44","2026-06-09 03:38:14","Collar_44_2026-06-09 03:38:14",2026-06-09 03:39:41,1119.57621553061,4.70848284461132,2.67456585150521e-101,0.972044700479919,17.6687758308838,903.939261642659,5.57413657372694,0.0360388877527709,4269.76626598406,2.16263356837792,2.07848974729363e-147,0.99467793710906,7.70929007481909,893.882639065847,0.995223380285343,7.36129854806359,904.19024184577,TRUE,5.5881690207228,0.0380725817330523,8.48721644264457,2026-06-09 03:39:09,2026-06-09 03:40:13,"Time changed"
"44","2026-06-09 04:38:09","Collar_44_2026-06-09 04:38:09",2026-06-09 04:39:36,1081.1743569006,4.14263303100047,8.35958687189979e-106,0.976226846671267,15.2426824437982,855.21760709033,5.21759420151263,0.0298805447617684,4300.64303984983,1.79308167295621,4.04494048709457e-154,0.995819511574561,6.39192276804872,844.741589740231,0.9962600430215,6.0935590169906,856.249212983543,TRUE,5.19243238846054,0.0298150753450494,6.19921498460652,2026-06-09 04:39:04,2026-06-09 04:40:08,"Time changed"
"44","2026-06-09 05:38:11","Collar_44_2026-06-09 05:38:11",2026-06-09 05:39:38,1013.82862560447,5.16715996767621,1.54203340123211e-123,0.987438839695544,11.7643939124194,926.025275408465,5.53380667851138,0.0392340415795259,4585.08348086628,2.35436942241632,2.59318985300411e-142,0.993607028705825,8.39278418965145,754.27165684644,0.998345914580337,4.30282177452464,933.416324107495,TRUE,5.60860719530978,0.0279795543610803,4.75283279358402,2026-06-09 05:39:06,2026-06-09 05:40:10,"Time changed"
"44","2026-06-09 06:38:10","Collar_44_2026-06-09 06:38:10",2026-06-09 06:39:37,1131.72399466755,5.41394121865693,1.15426505136867e-107,0.977765291686339,18.5138894572453,815.537173813217,6.56023485210245,0.025651204784889,4690.49333771123,1.53928603229083,2.85177199040653e-175,0.998046840747107,5.48719982181172,793.562112224919,0.998400581660709,5.00475354692762,818.140499524108,TRUE,6.59418370615818,0.0196373850490521,4.30797372063171,2026-06-09 06:39:05,2026-06-09 06:40:09,"Time changed"
"44","2026-06-09 07:38:11","Collar_44_2026-06-09 07:38:11",2026-06-09 07:39:38,580.169793297298,8.96064628210509,9.70706470283342e-60,0.985605186355429,20.3560559280304,555.257298019384,8.85914320171053,0.111106581397599,4688.53012501243,6.66732070774541,5.53202306167121e-65,0.990188071689958,16.8061329637495,496.568448049407,0.996259740573772,10.5450060263682,560.754103280142,TRUE,9.07780860833866,0.0615466302174219,9.17970847867358,2026-06-09 07:39:06,2026-06-09 07:40:10,"Time changed"
"44","2026-06-09 08:38:12","Collar_44_2026-06-09 08:38:12",2026-06-09 08:39:39,605.056370413128,9.22833618194212,3.47418466948686e-59,0.985010682537359,24.650906256987,488.220892904998,10.5522278905214,0.0663421391776301,4645.30131365189,3.98108116343051,8.87825565004891e-84,0.997516003156118,10.0350024102435,357.852970444164,0.999685675665455,3.62774139718977,490.219123393953,TRUE,10.6273009680445,0.0619746012868168,8.63860963102815,2026-06-09 08:39:07,2026-06-09 08:40:11,"Time changed"
"44","2026-06-09 09:38:09","Collar_44_2026-06-09 09:38:09",2026-06-09 09:39:36,NA,NA,NA,NA,NA,382.78210069094,0.374019505252529,0.0294813436974866,3998.73653784488,1.76912628265475,5.23719974369326e-19,0.718688591469405,4.45938823692999,379.49802965773,0.748510902211294,4.28495780767858,385.526194497121,TRUE,0.41213719968495,0.0231898238516495,3.05448547053015,2026-06-09 09:39:04,2026-06-09 09:40:08,"Time changed"
"44","2026-06-09 10:38:09","Collar_44_2026-06-09 10:38:09",2026-06-09 10:39:36,353.023460705571,0.35827286007927,1.40854397369849e-26,0.83786528007592,3.54698864590302,360.509192015328,0.418081257492245,0.0248393124991886,3854.24885526422,1.49056572984954,5.36118997193621e-25,0.818075331657955,3.75722826981435,339.79392019173,0.875617967069929,3.15722816225973,361.809520688838,TRUE,0.442022708988101,0.0211823822575327,3.21310647857969,2026-06-09 10:39:04,2026-06-09 10:40:08,"Time changed"
"44","2026-06-09 11:40:57","Collar_44_2026-06-09 11:40:57",2026-06-09 11:42:24,NA,NA,NA,NA,NA,418.642402465633,0.547398028375369,0.0388460392357006,3926.28967054548,2.33108604865844,3.83276035240914e-21,0.759146410272919,5.87590485008227,422.192543040378,0.760807582265385,5.95082603419348,418.643321835709,TRUE,0.548197186702697,0.0423161980297978,5.75656455024898,2026-06-09 11:41:52,2026-06-09 11:42:56,"Time changed"
"44","2026-06-09 12:38:06","Collar_44_2026-06-09 12:38:06",2026-06-09 12:39:33,NA,NA,NA,NA,NA,416.178823967708,0.494207592265867,0.0381168147810976,3858.38637873064,2.28732650493375,1.93334241000486e-19,0.727398916833329,5.76560136499331,418.274025971083,0.735271464086917,5.77413002595371,416.210109363509,TRUE,0.492487622880405,0.0389835554532623,6.76000217386005,2026-06-09 12:39:01,2026-06-09 12:40:05,"Time changed"
"44","2026-06-09 13:38:06","Collar_44_2026-06-09 13:38:06",2026-06-09 13:39:33,400.896283332551,0.481495758466915,5.49784457838656e-21,0.756385576627953,5.12613239884789,405.776011272645,0.467982942257985,0.0351854935109729,3947.05699126597,2.11142280274515,5.92254579319577e-20,0.737392773411421,5.32220571366921,404.631467638896,0.757376064091732,5.19888845353361,405.804995275312,TRUE,0.462094800189838,0.0347314086033468,5.85265239304577,2026-06-09 13:39:01,2026-06-09 13:40:05,"Time changed"
"44","2026-06-09 14:38:08","Collar_44_2026-06-09 14:38:08",2026-06-09 14:39:35,380.321923090375,0.669373074625876,9.77458331260997e-24,0.800577256331064,4.37579031504723,377.749809355468,0.462276282989829,0.0283619288642928,3874.53343461421,1.7019520648539,2.79734626299186e-24,0.808314514790256,4.29006402326414,379.353741630065,0.815251886141289,4.2802045374688,377.771117388526,TRUE,0.458621709742489,0.0308664967936478,4.22119917454872,2026-06-09 14:39:03,2026-06-09 14:40:07,"Time changed"
"44","2026-06-09 15:40:58","Collar_44_2026-06-09 15:40:58",2026-06-09 15:42:25,NA,NA,NA,NA,NA,398.796097358072,0.7383601598722,0.0333461470848726,3966.75824886284,2.00104669035654,2.00620274549072e-31,0.886133837899437,5.04398366584273,398.78085634488,0.892954839799312,4.97010089913946,399.043847309395,TRUE,0.754096332971074,0.0357433263035381,4.48062763176456,2026-06-09 15:41:53,2026-06-09 15:42:57,"Time changed"
"44","2026-06-09 16:38:07","Collar_44_2026-06-09 16:38:07",2026-06-09 16:39:34,NA,NA,NA,NA,NA,376.616334166531,1.28658822726912,0.0281157150084766,3976.94759273263,1.68717718186526,4.67306185033592e-50,0.970793042198268,4.25282137979232,374.475234383089,0.973426127305229,4.12255789393366,376.640519137865,TRUE,1.28390012978769,0.0301012508570929,4.54146146634923,2026-06-09 16:39:02,2026-06-09 16:40:06,"Time changed"
"44","2026-06-09 17:38:10","Collar_44_2026-06-09 17:38:10",2026-06-09 17:39:37,448.901260209723,2.84183148093415,1.33411998007513e-55,0.980522195949687,7.41585673262801,470.002103159182,2.75043670674469,0.0576667494951645,4353.34692577733,3.46048549258834,3.69665442174635e-51,0.973052139228992,8.72275114050004,414.335788864938,0.989238654217123,5.60183077610552,476.154150704524,TRUE,2.87224668074426,0.0375437870848383,5.58370748144037,2026-06-09 17:39:05,2026-06-09 17:40:09,"Time changed"
"44","2026-06-09 18:38:11","Collar_44_2026-06-09 18:38:11",2026-06-09 18:39:38,493.412411824516,3.03007380101755,9.6401378073545e-49,0.967848915520797,10.4438572577565,459.906182345797,3.02688117022961,0.0533577808688381,4553.61226647249,3.20191146943013,8.49910187992129e-56,0.980798935341634,8.07097067205488,448.409148511488,0.984871962301679,7.28047593042033,464.747535883754,TRUE,3.12926636498593,0.0349488801832629,5.1300232817625,2026-06-09 18:39:06,2026-06-09 18:40:10,"Time changed"
"44","2026-06-09 19:38:10","Collar_44_2026-06-09 19:38:10",2026-06-09 19:39:37,503.511017436529,3.98572292872603,4.5100956588247e-51,0.972881525963532,11.2874960069247,472.344678223273,3.56640434957711,0.0587153123369903,4656.57536293187,3.52340800051484,1.23741765704925e-57,0.983210846504177,8.88135818536544,445.374900672222,0.989574289316037,7.11251470640818,477.267534569001,TRUE,3.67772499819089,0.0333410534765817,4.9202660055957,2026-06-09 19:39:05,2026-06-09 19:40:09,"Time changed"
"44","2026-06-09 20:38:11","Collar_44_2026-06-09 20:38:11",2026-06-09 20:39:38,492.552966320272,3.25229672634815,7.32669825050813e-55,0.979440356179602,10.3750394040257,455.665603480644,3.77466368294496,0.0516453403387993,4863.60455819418,3.09915076828092,1.25740962552463e-62,0.988343869944039,7.811944583066,424.448474602396,0.993219639687725,6.05499383541149,457.085154785596,TRUE,3.82534295336749,0.0455501939499324,6.94228758943658,2026-06-09 20:39:06,2026-06-09 20:40:10,"Time changed"
"44","2026-06-09 21:38:11","Collar_44_2026-06-09 21:38:11",2026-06-09 21:39:38,495.425833631227,3.7817217648822,3.69188955940085e-54,0.978357634776759,10.6068693531089,476.628880954057,3.75257080867862,0.0606825365672693,5200.98933456219,3.64145784672856,4.07350239815424e-58,0.983792584906517,9.17892320417624,451.496910472271,0.989646913393756,7.45547193131502,481.699612842414,TRUE,3.87029618561287,0.0386170076751066,5.4406880218017,2026-06-09 21:39:06,2026-06-09 21:40:10,"Time changed"
"44","2026-06-09 22:38:10","Collar_44_2026-06-09 22:38:10",2026-06-09 22:39:37,562.998969241581,7.32545325377058,9.69744953286409e-43,0.950153988960046,17.8373610722606,566.600787664318,4.08041772763808,0.121237028911632,5188.62355048932,7.2752319731216,5.56347468739064e-42,0.947313931536576,18.3384782646445,543.595738204663,0.965225346778825,15.1409163493038,574.017901470317,TRUE,4.36120734677951,0.0436766780783307,6.48040549820995,2026-06-09 22:39:05,2026-06-09 22:40:09,"Time changed"
"44","2026-06-09 23:38:12","Collar_44_2026-06-09 23:38:12",2026-06-09 23:39:39,516.29391604177,3.95220729193503,8.4353327947689e-54,0.977782613440731,12.453796974094,480.206773585038,4.35622889183087,0.0623758516056733,5323.21164791701,3.74307085901165,2.13288196918671e-61,0.987247997046317,9.43505634522838,461.933303594783,0.99094769352287,8.07867761241137,483.1348228483,TRUE,4.45013685891991,0.0427909266216262,6.86069625211156,2026-06-09 23:39:07,2026-06-09 23:40:11,"Time changed"
"45","2026-06-09 00:26:06","Collar_45_2026-06-09 00:26:06",2026-06-09 00:27:33,NA,NA,NA,NA,NA,424.53297305133,4.17709067163834,0.0406467223956524,4390.40211076301,2.43914204290663,7.13200136875568e-72,0.994069917456454,6.14827863956499,418.323395101959,0.994931891340321,5.77632324069274,424.855890350898,TRUE,4.17930564028318,0.0368933670505717,5.76490342297399,2026-06-09 00:27:01,2026-06-09 00:28:05,"Time changed"
"45","2026-06-09 00:47:13","Collar_45_2026-06-09 00:47:13",2026-06-09 00:48:40,469.733176954597,3.00123057389098,2.04232678430885e-61,0.987265544572747,8.70472535804273,431.692095634727,4.03330908212884,0.0429479267744248,4507.38633569583,2.5772334810046,2.00715152977156e-69,0.992907315216697,6.49636195092181,373.169866616106,0.997289363456367,4.08136923219258,431.729022606238,TRUE,4.04139367149349,0.0473126989922181,7.65841415735625,2026-06-09 00:48:08,2026-06-09 00:49:12,"Time changed"
"45","2026-06-09 01:47:14","Collar_45_2026-06-09 01:47:14",2026-06-09 01:48:41,960.994071145557,4.04223898005173,1.94375751499148e-118,0.984909026473777,9.6010040337499,901.323396841913,4.11376341390827,0.0356781177377577,4441.45532919819,2.14098436126908,3.38423861301669e-131,0.990463833232164,7.63211564271359,830.773189949838,0.994625699271813,5.77482353882221,901.942807482455,TRUE,4.094743771693,0.037445612670268,7.62588619859122,2026-06-09 01:48:09,2026-06-09 01:49:13,"Time changed"
"45","2026-06-09 02:47:14","Collar_45_2026-06-09 02:47:14",2026-06-09 02:48:41,1061.86330342012,3.49235966213997,9.25237760681518e-101,0.97149742185801,14.1515798145049,806.927922073997,4.42437751962396,0.024815737635749,4193.81481948834,1.48915104159961,2.84502515877972e-155,0.995989350696289,5.30848013864927,806.127989053193,0.996134733670689,5.25257517399242,807.475308329234,TRUE,4.40828382084674,0.0276892528187811,5.56199203217214,2026-06-09 02:48:09,2026-06-09 02:49:13,"Time changed"
"45","2026-06-09 03:47:13","Collar_45_2026-06-09 03:47:13",2026-06-09 03:48:40,994.731701718938,4.16409218427385,1.22814966463803e-112,0.981407410496271,10.9312733673106,941.040605250293,4.21380950430341,0.0415665620100024,4358.12457777517,2.49434008456551,4.05862889951015e-124,0.987698088544644,8.89174732989438,878.634741326975,0.992618769823473,6.94200466756204,941.060137617549,TRUE,4.21955362727298,0.0433614276985847,8.51692174950726,2026-06-09 03:48:08,2026-06-09 03:49:12,"Flux unusable, remove"
"45","2026-06-09 04:47:12","Collar_45_2026-06-09 04:47:12",2026-06-09 04:48:39,998.316437191058,3.7820074187884,2.71879142369108e-112,0.981175144026214,11.0830314621754,898.60025637304,4.2535160975022,0.0353063888616696,4492.78944226563,2.11867753117826,1.29485571995107e-133,0.99125807359276,7.55259693629266,858.70048498372,0.993763369647209,6.4296517275217,898.601055846138,TRUE,4.25253493807071,0.0361056284737071,8.28198589579954,2026-06-09 04:48:07,2026-06-09 04:49:11,"Time changed"
"45","2026-06-09 05:47:13","Collar_45_2026-06-09 05:47:13",2026-06-09 05:48:40,NA,NA,NA,NA,NA,895.05505011051,4.76399121581538,0.0348282391116634,4463.65785413839,2.0899845618733,1.2818369959255e-140,0.993205302449829,7.45031311590154,896.644048542274,0.993330156675587,7.43989812606208,895.05990576494,TRUE,4.76604145170176,0.0375379122863569,9.26680625930471,2026-06-09 05:48:08,2026-06-09 05:49:12,"Time changed"
"45","2026-06-09 06:47:14","Collar_45_2026-06-09 06:47:14",2026-06-09 06:48:41,467.583082402951,1.2351053258618,1.24228907503964e-39,0.937454866242972,8.56194029080607,449.069287291137,1.75369620609056,0.0490901832811751,4606.29040922209,2.94582005332646,1.56406992179349e-43,0.952957059176987,7.42544804331535,448.729522352384,0.955995354640845,7.29844016496524,449.08943782809,TRUE,1.75209879293309,0.052564254049667,8.43833402790102,2026-06-09 06:48:09,2026-06-09 06:49:13,"Time changed"
"45","2026-06-09 07:47:16","Collar_45_2026-06-09 07:47:16",2026-06-09 07:48:43,NA,NA,NA,NA,NA,434.802933594618,1.35842646311004,0.0439880453036142,4332.09627151599,2.63964925980854,9.26641252971695e-40,0.938033634946084,6.65369169754647,438.786004046639,0.938049772268324,6.76100837573338,434.807809965054,TRUE,1.35540318752078,0.0489377818681106,7.58568305865288,2026-06-09 07:48:11,2026-06-09 07:49:15,"Time changed"
"45","2026-06-09 08:47:17","Collar_45_2026-06-09 08:47:17",2026-06-09 08:48:44,423.595010438014,0.743888429073919,1.72138130699234e-31,0.886684901202611,6.10407786084298,425.159427942979,0.89459411569264,0.0408430669277801,4056.65839044562,2.45092435092512,3.67948633028339e-31,0.883924553024253,6.17797798115337,424.843385543995,0.891381718382037,6.07341551954687,425.239369194191,TRUE,0.89598321091331,0.0450555773831482,6.28868188407076,2026-06-09 08:48:12,2026-06-09 08:49:16,"Time changed"
"45","2026-06-09 09:47:09","Collar_45_2026-06-09 09:47:09",2026-06-09 09:48:36,451.566780629757,0.606544364263787,1.66254120283223e-27,0.848469745790247,7.56948105774837,435.071202655549,0.958516516051479,0.0440789131184249,3945.54426809419,2.64510208587639,5.50547155549716e-31,0.882433141521677,6.66743648708661,438.057112700034,0.884253113263984,6.72320644592111,435.149327363431,TRUE,0.96459705367237,0.0501577168312873,6.9775698904922,2026-06-09 09:48:04,2026-06-09 09:49:08,"Time changed"
"45","2026-06-09 10:47:13","Collar_45_2026-06-09 10:47:13",2026-06-09 10:48:40,456.909771091062,1.3711219180516,3.81109875750257e-38,0.930282277903328,7.88706786660201,405.500957411842,1.5424491517665,0.0351111267817428,3979.02126939117,2.10696017931163,5.66002059827545e-49,0.968387591356103,5.31095690082843,404.651851364717,0.970660108032319,5.19970369219052,405.558363154376,TRUE,1.54282740178852,0.0370065190120748,5.15032542027638,2026-06-09 10:48:08,2026-06-09 10:49:12,"Time changed"
"45","2026-06-09 11:49:58","Collar_45_2026-06-09 11:49:58",2026-06-09 11:51:25,449.173322752087,1.08463072647214,6.36318417028415e-38,0.929139790139942,7.43139280563644,400.714509580479,1.4400737041351,0.0338418855616968,3938.23394583499,2.03079512983312,3.9490738799691e-48,0.966377722825907,5.11896974364257,401.270347515035,0.968112893290314,5.06619515640751,400.715706380945,TRUE,1.44053935185239,0.0347949719321217,6.48512089807082,2026-06-09 11:50:53,2026-06-09 11:51:57,"Time changed"
"45","2026-06-09 12:47:07","Collar_45_2026-06-09 12:47:07",2026-06-09 12:48:34,NA,NA,NA,NA,NA,421.095722668294,1.0251164289579,0.0395860908463895,3834.71574981993,2.37549531196832,2.73367295507827e-35,0.914121704385751,5.98784606556047,421.347772489669,0.918933455478037,5.9122815393744,421.751736147235,TRUE,1.05321544126729,0.0376433825411711,5.76460445612283,2026-06-09 12:48:02,2026-06-09 12:49:06,"Time changed"
"45","2026-06-09 13:47:06","Collar_45_2026-06-09 13:47:06",2026-06-09 13:48:33,NA,NA,NA,NA,NA,394.20582248856,0.874478489559561,0.032189246247763,3915.11490867906,1.93162299995906,1.70600186217412e-36,0.921351699426995,4.8689892681233,383.051515369316,0.937707387746086,4.40370050338593,394.553531995685,TRUE,0.864026857849479,0.0286037965913589,4.5038052398134,2026-06-09 13:48:01,2026-06-09 13:49:05,"Time changed"
"45","2026-06-09 14:47:08","Collar_45_2026-06-09 14:47:08",2026-06-09 14:48:35,372.148625777298,1.56988623417015,6.550935496818e-35,0.911709244999052,4.10914767699374,387.042791581904,0.68419611341894,0.030463589742782,3923.55211752059,1.82806923018783,9.04302476069551e-32,0.888972666956882,4.60796411274852,365.704220100501,0.924814962781929,3.85358729003122,387.058269324224,TRUE,0.682314780076264,0.0327798645412083,4.94953251957931,2026-06-09 14:48:03,2026-06-09 14:49:07,"Time changed"
"45","2026-06-09 15:49:58","Collar_45_2026-06-09 15:49:58",2026-06-09 15:51:25,435.440122994099,1.55966675643476,4.72190758165076e-49,0.96856884017204,6.68638453657409,395.572071210194,1.96211989292343,0.032529326453018,3952.23457936762,1.9520306460793,1.90612171760677e-57,0.982979047090012,4.92043026357075,384.644637731661,0.986471585023643,4.45799894522794,395.652068453692,TRUE,1.95873828636018,0.0324153350458709,5.11892588305687,2026-06-09 15:50:53,2026-06-09 15:51:57,"Time changed"
"45","2026-06-09 16:47:06","Collar_45_2026-06-09 16:47:06",2026-06-09 16:48:33,530.550319721881,3.44323766054438,9.44702100813298e-52,0.974193913024875,13.8972391477764,398.443717576084,4.53183695774669,0.0332558809550617,4213.89704232613,1.99562997040236,1.46753051300745e-79,0.996618899901099,5.03032988799589,387.24290294214,0.997323948350974,4.54799580646626,398.624474318176,TRUE,4.53991588686398,0.0332663090172331,4.88971767870821,2026-06-09 16:48:01,2026-06-09 16:49:05,"Time changed"
"45","2026-06-09 17:47:10","Collar_45_2026-06-09 17:47:10",2026-06-09 17:48:37,527.721466444614,3.53997456251002,1.93273959042553e-51,0.973601013752348,13.5980960704415,357.324326980337,4.38742421404533,0.0242381688948996,4605.22993601602,1.45449210441,2.61927430182471e-87,0.998080948302628,3.66629846874491,360.350382624768,0.998109488557255,3.69810716944126,357.438526245798,TRUE,4.39543365843928,0.0235149105009128,3.40475995464763,2026-06-09 17:48:05,2026-06-09 17:49:09,"Time changed"
"45","2026-06-09 18:47:10","Collar_45_2026-06-09 18:47:10",2026-06-09 18:48:37,530.565946108605,3.92209445456462,3.09165679269953e-52,0.975092611298432,13.8989097376664,391.345207225186,4.61448039994987,0.0314886667857698,4771.45624391563,1.88958239448266,1.52861734392764e-81,0.997074963459241,4.76301866366563,377.57558840338,0.9977746188105,4.22205803774282,392.920810524107,TRUE,4.64855439841779,0.0273865773520265,4.40549134278701,2026-06-09 18:48:05,2026-06-09 18:49:09,"Time changed"
"45","2026-06-09 19:47:09","Collar_45_2026-06-09 19:47:09",2026-06-09 19:48:36,482.980269234451,3.92238877565385,2.55760921907753e-59,0.985155689682704,9.6385119305719,421.557491999318,4.13919322116123,0.0397269535114917,4920.68995689458,2.38394824564849,3.00962124818572e-72,0.994230122529977,6.00915314430916,378.855140328393,0.99718727679381,4.26381970521224,421.795548486719,TRUE,4.12558916818724,0.0413318250491174,6.00919259731124,2026-06-09 19:48:04,2026-06-09 19:49:08,"Time changed"
"45","2026-06-09 20:47:10","Collar_45_2026-06-09 20:47:10",2026-06-09 20:48:37,487.023120716848,4.53853188308183,1.36782312596555e-60,0.986473226669003,9.94296822438541,459.015061184231,4.46625724185385,0.0529932758453748,5092.35587997829,3.18003813069139,1.73893799846203e-66,0.991208567149198,8.01583514530911,418.805038863368,0.995546797420791,5.79776393494446,459.197023643506,TRUE,4.46976072671334,0.0565388828543319,7.47424219302428,2026-06-09 20:48:05,2026-06-09 20:49:09,"Time changed"
"45","2026-06-09 21:47:12","Collar_45_2026-06-09 21:47:12",2026-06-09 21:48:39,532.548471478744,4.25276667696379,8.15501814987276e-53,0.976123991664849,14.1124952948989,399.713973084212,4.78511580291109,0.0335824234505357,5235.73429414406,2.01522524112932,8.90995357269318e-81,0.996906613480458,5.07972315100712,398.197065478893,0.997158332720448,4.94783171168785,400.063271301018,TRUE,4.80305847740975,0.0325631199687369,4.31001385636083,2026-06-09 21:48:07,2026-06-09 21:49:11,"Time changed"
"45","2026-06-09 22:47:10","Collar_45_2026-06-09 22:47:10",2026-06-09 22:48:37,480.701984842471,4.89123247014804,1.61788570684195e-63,0.989078341667657,9.47106601178252,466.656036915064,4.73453864507418,0.0562014058129659,5169.33682778867,3.37255266130695,1.78774395470815e-66,0.991200839544511,8.50110125756023,401.147613497324,0.996979881847775,5.06141437903921,467.2830121545,TRUE,4.69453685210538,0.0528982938057167,8.69434744383143,2026-06-09 22:48:05,2026-06-09 22:49:09,"Time changed"
"49","2026-06-09 01:09:27","Collar_49_2026-06-09 01:09:27",2026-06-09 01:10:54,1030.23276927698,4.74667244553072,6.83012813185009e-94,0.963510171557276,12.5305588011768,1112.68604172319,3.34785479221671,0.0804367210889029,4874.44622903248,4.82687352480068,2.95640266148246e-76,0.931194100428842,17.2066912773686,1026.10436565914,0.965721875971557,12.2408834604523,1116.44916623646,TRUE,3.46673040957371,0.0662598621618512,13.2593317644409,2026-06-09 01:10:22,2026-06-09 01:11:26,"Time changed"
"49","2026-06-09 02:09:27","Collar_49_2026-06-09 02:09:27",2026-06-09 02:10:54,986.076546817859,2.95993882526189,7.57240782070552e-83,0.945714396893359,10.5733717361035,1012.18252755771,2.31911978494195,0.0546483391950653,4934.87600169229,3.27935572290974,2.90808523522909e-77,0.933641338682331,11.6901470947719,957.413745817228,0.957775241630008,9.39884454448711,1013.5733398425,TRUE,2.27347718652499,0.0484225644762578,11.5290279882868,2026-06-09 02:10:22,2026-06-09 02:11:26,"Time changed"
"49","2026-06-09 03:09:27","Collar_49_2026-06-09 03:09:27",2026-06-09 03:10:54,953.145707198597,3.31552877808,9.09441967652163e-110,0.979385666323427,9.31551849310262,967.400008213922,3.39180534356766,0.0460017005968704,4870.0126633361,2.76048535669954,1.0161536472603e-106,0.976996759145426,9.8404938651023,909.471056405911,0.985714306808252,7.81614762145568,967.743901535759,TRUE,3.37055704719843,0.0458898339260088,9.95677823791946,2026-06-09 03:10:22,2026-06-09 03:11:26,"Time changed"
"49","2026-06-09 04:09:29","Collar_49_2026-06-09 04:09:29",2026-06-09 04:10:56,1024.68311673627,2.17995834397812,3.53792013415669e-78,0.935788826071069,12.2659305783984,984.060921115785,2.4992426853037,0.0490460081560645,4993.82964569218,2.94316917771934,7.23702480748121e-87,0.953021088175374,10.4917195691749,943.242854476756,0.966720404624972,8.90028530253363,984.067416840774,TRUE,2.50291223803058,0.0507388166152449,10.2425552150545,2026-06-09 04:10:24,2026-06-09 04:11:28,"Time changed"
"49","2026-06-09 05:09:26","Collar_49_2026-06-09 05:09:26",2026-06-09 05:10:53,1001.24525371427,2.03088645541237,2.42623578232097e-87,0.953816197299638,11.2085840805531,973.940315826285,2.70634429381932,0.0471735519066597,5132.13762442133,2.83080620003642,3.50758646335879e-93,0.962565559039683,10.0911714590862,965.361040682828,0.966018117769578,9.69057030945024,974.145690511585,TRUE,2.72750490237565,0.0516303922436946,10.1614059318838,2026-06-09 05:10:21,2026-06-09 05:11:25,"Time changed"
"49","2026-06-09 06:09:28","Collar_49_2026-06-09 06:09:28",2026-06-09 06:10:55,965.099829393047,1.3945227840166,7.33201809048774e-71,0.916466453369013,9.75382053235273,969.637437744698,1.70592673909892,0.0463992763635855,5314.87868949508,2.78434321560379,6.85624202736644e-70,0.913499258438857,9.92554163165246,954.764005290385,0.925188416156082,9.3035444499698,969.663192856279,TRUE,1.71270403391455,0.0471436606641711,12.3492509352102,2026-06-09 06:10:23,2026-06-09 06:11:27,"Time changed"
"49","2026-06-09 07:09:29","Collar_49_2026-06-09 07:09:29",2026-06-09 07:10:56,544.938331622643,3.23640237805597,4.01154974644466e-41,0.943906985809662,15.5236895085288,496.733854629819,3.39313995607767,0.0708319095927578,5121.21429911119,4.25050480049374,2.82798804202367e-51,0.973280224620231,10.7141312037335,499.966913877193,0.97359364096499,10.8243089146767,497.006229489737,TRUE,3.41926455666842,0.0726298813162164,10.9846135248099,2026-06-09 07:10:24,2026-06-09 07:11:28,"Time changed"
"49","2026-06-09 08:09:27","Collar_49_2026-06-09 08:09:27",2026-06-09 08:10:54,504.614076198408,5.13713896591848,1.44388909421061e-37,0.927274592996809,11.3836786523587,547.336646931888,2.05375655314526,0.104539171504975,5050.68883476534,6.27322138957225,1.46909124636366e-28,0.859675005755748,15.8127375906356,486.750395618926,0.948047674318828,9.77794075557315,547.38602837141,TRUE,2.03160916443008,0.116930666865747,18.1551648073755,2026-06-09 08:10:22,2026-06-09 08:11:26,"Time changed"
"49","2026-06-09 09:09:27","Collar_49_2026-06-09 09:09:27",2026-06-09 09:10:54,466.4884704796,2.44297265752431,3.08658413715246e-54,0.978480278265715,8.4901506301806,474.803818543442,2.99959514678195,0.0598365701102732,4778.47844056794,3.59069281007781,1.73862775080196e-52,0.975543446021063,9.05096116466148,449.831900064022,0.984338955081778,7.36059283581431,474.842464595643,TRUE,3.0042966217267,0.061690325904498,9.28561635531084,2026-06-09 09:10:22,2026-06-09 09:11:26,"Time changed"
"49","2026-06-09 10:09:27","Collar_49_2026-06-09 10:09:27",2026-06-09 10:10:54,450.063009705888,2.14412689458034,2.8576121980135e-52,0.975154754584496,7.48242579815561,449.109114602071,2.46025652916858,0.0491052250466719,4494.56161918713,2.9467226845956,1.79954603307768e-52,0.975516703890434,7.42772328126947,432.779387237349,0.982092384716657,6.4557247948743,449.175354869777,TRUE,2.44956144568899,0.0505229277218579,7.51240627420943,2026-06-09 10:10:22,2026-06-09 10:11:26,"Time changed"
"49","2026-06-09 11:09:29","Collar_49_2026-06-09 11:09:29",2026-06-09 11:10:56,NA,NA,NA,NA,NA,452.207334727879,1.81769601607262,0.0502895804770457,4582.17420137,3.01779387936133,7.7386261343389e-44,0.953995492387494,7.60687049819241,444.782781640586,0.961410623125998,7.08019256196418,453.206191519071,TRUE,1.77669840869032,0.04352910749327,5.98535821387808,2026-06-09 11:10:24,2026-06-09 11:11:28,"Time changed"
"49","2026-06-09 12:09:30","Collar_49_2026-06-09 12:09:30",2026-06-09 12:10:57,519.65402965331,2.27517986413739,6.38455795415589e-40,0.938761394211261,12.7798866813286,473.988941575106,2.66850435735851,0.0594626705516199,4425.27329452632,3.5682557209453,1.53951692402615e-49,0.969666946649806,8.99440460771615,475.181053319038,0.97094938345275,8.94535107539795,474.273114313053,TRUE,2.63851187625617,0.0609759601915133,8.20979995947039,2026-06-09 12:10:25,2026-06-09 12:11:29,"Time changed"
"49","2026-06-09 13:09:25","Collar_49_2026-06-09 13:09:25",2026-06-09 13:10:52,490.960186326536,2.57994895304203,8.39231049015957e-44,0.953876996605927,10.2486983808834,528.707458309796,2.39866744775328,0.0905824419825448,4510.46722019226,5.43570132022276,7.52563910877407e-36,0.917562611671591,13.7016236571263,488.592698215713,0.958181013494466,9.91749593597953,528.713914506519,TRUE,2.39382715690927,0.0969743983597757,16.3981743720483,2026-06-09 13:10:20,2026-06-09 13:11:24,"Time changed"
"49","2026-06-09 14:12:16","Collar_49_2026-06-09 14:12:16",2026-06-09 14:13:43,435.364330139049,3.00097260090407,8.50903109701583e-61,0.986675493200795,6.68248736372247,480.617529700472,2.99689398272317,0.0625732499321183,4414.09987895569,3.75491640347019,2.86422997258296e-51,0.973269425400426,9.46491508518173,426.690853808764,0.98903587699632,6.16034282695886,480.698221672087,TRUE,2.99932170240692,0.0638854012317233,10.8779472241232,2026-06-09 14:13:11,2026-06-09 14:14:15,"Time changed"
"49","2026-06-09 15:09:26","Collar_49_2026-06-09 15:09:26",2026-06-09 15:10:53,429.729585616222,3.34800883856628,4.62563540226029e-66,0.990931274006903,6.39902790791764,437.977340325178,3.50780845872796,0.0450753896110188,4606.51830041795,2.70489897882621,2.51942978870818e-64,0.989704361855569,6.81816487976259,351.843600468889,0.997427064658026,3.46386260804654,438.118992414102,TRUE,3.5220450554773,0.0495971275518379,7.10049359539042,2026-06-09 15:10:21,2026-06-09 15:11:25,"Time changed"
"49","2026-06-09 16:09:28","Collar_49_2026-06-09 16:09:28",2026-06-09 16:10:55,396.090359373214,4.01333865366264,1.85401611493313e-73,0.99471865512504,4.94008634923368,495.029148297487,3.52358818422936,0.0699091452485265,4435.83676448356,4.19513125067093,1.24561282248158e-52,0.975800886732049,10.5745526111039,369.321841467872,0.996710225693674,3.96233039115765,495.073715876318,TRUE,3.52876279155908,0.0765984331704409,12.5227497549622,2026-06-09 16:10:23,2026-06-09 16:11:27,"Time changed"
"49","2026-06-09 17:09:28","Collar_49_2026-06-09 17:09:28",2026-06-09 17:10:55,NA,NA,NA,NA,NA,374.207839137307,3.262791831285,0.0275996140283858,4589.60557803594,1.65620682251694,1.09635188511206e-75,0.995512396207976,4.17475524199002,364.122133814945,0.996386720806497,3.80697375545952,374.223180730452,TRUE,3.26460197406263,0.030245635372904,4.64521914854569,2026-06-09 17:10:23,2026-06-09 17:11:27,"Time changed"
"49","2026-06-09 18:09:26","Collar_49_2026-06-09 18:09:26",2026-06-09 18:10:53,402.161211818398,3.16358752737054,2.6193005642132e-67,0.991721250458288,5.17625424315162,449.490888965984,2.95950930223382,0.0492496455897039,4673.72928577633,2.95538912059849,2.40631768365411e-57,0.982852698493815,7.44956852948396,370.192074186198,0.995239652892767,3.98894359475796,452.54932903152,TRUE,2.88331305129996,0.0432552900144467,6.08340286718019,2026-06-09 18:10:21,2026-06-09 18:11:25,"Time changed"
"49","2026-06-09 19:09:31","Collar_49_2026-06-09 19:09:31",2026-06-09 19:10:58,420.953460924125,4.56740254373011,2.95875469583423e-71,0.993795958528131,5.9812970232447,523.730021411367,3.92420118195784,0.0871797798022276,4841.64443541583,5.23151323585442,1.27994266250488e-49,0.969844154540336,13.1869323371901,409.025636060816,0.99514427961598,5.37762130268599,523.855416910622,TRUE,3.94997451182149,0.0914609527863691,16.1628438500979,2026-06-09 19:10:26,2026-06-09 19:11:30,"Time changed"
"49","2026-06-09 20:09:27","Collar_49_2026-06-09 20:09:27",2026-06-09 20:10:54,503.975278411331,3.35775230855911,3.68339504865805e-53,0.97671866929641,11.3278784092827,391.158298880598,3.8877103275393,0.0314434262807303,4773.7075476583,1.88686758720226,6.57723337987785e-77,0.995895820096257,4.75617552320107,374.780948532605,0.997000312113445,4.13226410440911,391.215237679562,TRUE,3.88518038973272,0.0333343432567176,4.23372727533515,2026-06-09 20:10:22,2026-06-09 20:11:26,"Time changed"
"49","2026-06-09 21:09:28","Collar_49_2026-06-09 21:09:28",2026-06-09 21:10:55,467.775931297454,5.39626234142639,3.09444720548609e-57,0.98271527504585,8.57465095261685,555.68821859694,3.30601829652726,0.111475485647833,5154.75370218574,6.68945803674806,1.00922510349377e-38,0.933158784516698,16.8619339235336,440.730191043807,0.989279086273267,6.86288104880691,556.360026389207,TRUE,3.28060498946588,0.115579000351907,13.9243867256736,2026-06-09 21:10:23,2026-06-09 21:11:27,"Time changed"
"49","2026-06-09 22:09:28","Collar_49_2026-06-09 22:09:28",2026-06-09 22:10:55,437.927954275073,4.67411485234768,4.44387025365764e-63,0.98872239782835,6.81557520067554,516.36964605831,3.30363477748855,0.0823809440859274,5557.815367662,4.94354310535549,1.45462201621988e-46,0.962301741180007,12.461053904924,433.69178042653,0.990064558805335,6.50119308371598,517.095622598997,TRUE,3.24263580106705,0.074726963254182,8.98060832987098,2026-06-09 22:10:23,2026-06-09 22:11:27,"Time changed"
"49","2026-06-09 23:09:30","Collar_49_2026-06-09 23:09:30",2026-06-09 23:10:57,473.550846012064,4.45576417771301,6.72277157716805e-62,0.987706842055903,8.96414478709011,476.551288851988,4.2150789128898,0.0606463282542556,5920.64423820073,3.63928504623274,2.87847632522e-61,0.987126080741052,9.17344628539026,402.517790114556,0.996124447874007,5.11504289722311,476.626781022785,TRUE,4.2256252364632,0.0615733840481501,10.9834014623753,2026-06-09 23:10:25,2026-06-09 23:11:29,"Time changed"
"50","2026-06-09 00:21:51","Collar_50_2026-06-09 00:21:51",2026-06-09 00:22:48,368.012048455805,-0.12964554097506,0.000671865541979547,0.168911831051398,3.98045368335272,367.212482747428,0.0969539837948425,0.0261537178493959,4157.53680402995,1.56944100347935,0.000444653439638144,0.179072434706221,3.95604701489658,362.704350315205,0.279791658724128,3.7656803798181,367.402625721951,TRUE,0.0872435941681921,0.0281731671580765,3.94038063056904,2026-06-09 00:22:16,2026-06-09 00:23:20,NA
"50","2026-06-09 00:42:50","Collar_50_2026-06-09 00:42:50",2026-06-09 00:43:47,NA,NA,NA,NA,NA,386.516486947086,-0.00347406505027344,0.0303405073028528,4243.42025446787,1.8206832581763,0.909203583194645,0.000208065126970084,4.58934649509768,368.217792062459,0.290549768808396,3.92882204580456,386.715879953606,TRUE,-0.0168066006672529,0.0272603313477124,4.27309672439023,2026-06-09 00:43:15,2026-06-09 00:44:19,NA
"50","2026-06-09 01:42:48","Collar_50_2026-06-09 01:42:48",2026-06-09 01:43:45,NA,NA,NA,NA,NA,753.680787682746,0.266514129530962,0.0202201850071255,4130.30926197548,1.21337959026939,1.35193362599084e-25,0.575777087720426,4.32541849392822,755.407817912479,0.583129896555283,4.32166560371869,753.683367085356,TRUE,0.26625255904504,0.0172961791052263,3.60467026442325,2026-06-09 01:43:13,2026-06-09 01:44:17,NA
"50","2026-06-09 02:42:47","Collar_50_2026-06-09 02:42:47",2026-06-09 02:43:44,NA,NA,NA,NA,NA,808.464980875518,0.109097910811178,0.024962876933471,4102.87806681048,1.4979806255386,2.54000628325727e-05,0.129846305082109,5.33995556972597,809.892949335737,0.146892983259367,5.32918907004822,809.327588124653,TRUE,0.0860544307119472,0.0252876788164331,4.79810388214154,2026-06-09 02:43:12,2026-06-09 02:44:16,NA
"50","2026-06-09 03:42:46","Collar_50_2026-06-09 03:42:46",2026-06-09 03:43:43,792.769700444258,0.500221028511892,5.92906847070742e-52,0.835189400547842,5.02713816775641,793.36770857919,0.598253237906015,0.0235546526736225,4181.42025221098,1.41347543556036,7.962300118098e-52,0.834429515056671,5.03871405017506,754.433439032241,0.880998823079843,4.30549999196028,793.997218150394,TRUE,0.616720668882404,0.0243744436427755,3.94304811524223,2026-06-09 03:43:11,2026-06-09 03:44:15,NA
"50","2026-06-09 04:42:46","Collar_50_2026-06-09 04:42:46",2026-06-09 04:43:43,NA,NA,NA,NA,NA,855.897986849615,0.265470470978142,0.0299588399212164,4338.55298349368,1.79778003493744,5.70163626805035e-15,0.380206481653472,6.40867134530171,859.129780030578,0.383858216898044,6.4402767184449,855.933415713786,TRUE,0.263620846007854,0.0305487795334931,8.06636521532536,2026-06-09 04:43:11,2026-06-09 04:44:15,NA
"50","2026-06-09 05:42:47","Collar_50_2026-06-09 05:42:47",2026-06-09 05:43:44,NA,NA,NA,NA,NA,910.27085211717,0.878076000775657,0.0369272899171424,4381.91229305687,2.21594510107753,8.48813941985535e-49,0.815407057359163,7.8993333978878,883.913440482312,0.853849846806175,7.08438650609846,910.433805919787,TRUE,0.863299904737487,0.037239610960903,7.48116213588917,2026-06-09 05:43:12,2026-06-09 05:44:16,NA
"50","2026-06-09 06:42:53","Collar_50_2026-06-09 06:42:53",2026-06-09 06:43:50,337.275227465766,-0.0307337385382144,1.44523909713729e-06,0.310237820559129,3.14231163656244,339.185846492551,-0.106853201921962,0.02108162577447,4472.17835305903,1.26507321448467,3.76396741848856e-06,0.289661931465237,3.18883545331913,340.003789137293,0.323598874462963,3.1623292336407,339.192156857327,TRUE,-0.107490200745826,0.0216801498882165,3.76972537883459,2026-06-09 06:43:18,2026-06-09 06:44:22,NA
"50","2026-06-09 07:42:49","Collar_50_2026-06-09 07:42:49",2026-06-09 07:43:46,NA,NA,NA,NA,NA,364.929673536093,0.036940830752094,0.0256984655404612,4197.75374196297,1.54212207143745,0.155532378057055,0.031757232133782,3.88718493004284,335.936785315609,0.417167432772392,3.06492840598428,365.01778197239,TRUE,0.0438582417347852,0.02599861104303,3.81123861710447,2026-06-09 07:43:14,2026-06-09 07:44:18,NA
"50","2026-06-09 08:42:49","Collar_50_2026-06-09 08:42:49",2026-06-09 08:43:46,NA,NA,NA,NA,NA,356.08439379159,0.0672073008122619,0.0240080855157962,3939.40519146384,1.44068518443543,0.00678802992565796,0.110627023667378,3.63149574316988,355.783809112109,0.167566072584262,3.57045709126704,356.247824283033,TRUE,0.0603865367586152,0.0250727126374933,3.85900688674263,2026-06-09 08:43:14,2026-06-09 08:44:18,NA
"50","2026-06-09 09:42:50","Collar_50_2026-06-09 09:42:50",2026-06-09 09:43:47,NA,NA,NA,NA,NA,300.312638183452,-0.0825756024183778,0.0156328921456381,4100.21462762848,0.938103793793941,1.68769832539774e-06,0.306940800465394,2.36465257685649,303.82555293428,0.312114911580634,2.39411760467595,300.33610186851,TRUE,-0.0820362378261009,0.0151003992147346,1.64752425998087,2026-06-09 09:43:15,2026-06-09 09:44:19,NA
"50","2026-06-09 10:42:47","Collar_50_2026-06-09 10:42:47",2026-06-09 10:43:44,NA,NA,NA,NA,NA,298.362056602194,0.0643768608226343,0.0154000798076733,3906.70424436076,0.92413311354795,9.15411731283003e-05,0.217146798491183,2.32943706524395,298.853522542769,0.258283014508833,2.30428018396194,298.368159004433,TRUE,0.0655518713355691,0.0164696171971852,2.13547451828139,2026-06-09 10:43:12,2026-06-09 10:44:16,NA
"50","2026-06-09 11:42:48","Collar_50_2026-06-09 11:42:48",2026-06-09 11:43:45,NA,NA,NA,NA,NA,311.359612620682,-0.0833689966370068,0.0170194003741702,3924.19607226574,1.02130584093884,7.06808932556258e-06,0.275820396626778,2.57437770160547,305.316392909278,0.379498290240366,2.42173137965415,311.539221426652,TRUE,-0.0775486476182727,0.0174951841279429,2.12526603270681,2026-06-09 11:43:13,2026-06-09 11:44:17,NA
"50","2026-06-09 12:42:48","Collar_50_2026-06-09 12:42:48",2026-06-09 12:43:45,NA,NA,NA,NA,NA,313.361698877852,-0.00704152903190992,0.017283539168241,3867.66257838997,1.03715636958687,0.685086168220698,0.00262775771511939,2.61433169567314,314.597262463093,0.0441564283753646,2.60094290423076,313.387174362887,TRUE,-0.00645296631129803,0.0188038264324348,2.76614483882067,2026-06-09 12:43:13,2026-06-09 12:44:17,NA
"50","2026-06-09 13:42:48","Collar_50_2026-06-09 13:42:48",2026-06-09 13:43:45,NA,NA,NA,NA,NA,380.347310118059,0.112232258472221,0.0289343215682182,3882.07599606875,1.73630039669742,0.000253343644728315,0.192779349815482,4.37664492395108,364.917091055822,0.401353900834835,3.8303249361383,380.647738210241,TRUE,0.10263136849956,0.0274930979378437,4.58778608870365,2026-06-09 13:43:13,2026-06-09 13:44:17,NA
"50","2026-06-09 14:42:48","Collar_50_2026-06-09 14:42:48",2026-06-09 14:43:45,NA,NA,NA,NA,NA,328.120401847832,0.0689710164847993,0.0193614318782323,3868.53394108976,1.16184724675661,0.000706850339795568,0.167656485720616,2.92863657958952,310.952294477781,0.399007747737564,2.52902997337412,328.720374829058,TRUE,0.0542588482392399,0.0196209261613042,2.64960872358273,2026-06-09 14:43:13,2026-06-09 14:44:17,NA
"50","2026-06-09 15:42:51","Collar_50_2026-06-09 15:42:51",2026-06-09 15:43:48,NA,NA,NA,NA,NA,338.554051067009,-0.0622998219925352,0.0209794183783754,3912.52926061562,1.25893991904983,0.00421498750862634,0.122786713515961,3.17337542325576,331.497771022618,0.259997513126901,2.96203919020859,338.573587997811,TRUE,-0.0644053702548583,0.0232055314629458,3.43925087920037,2026-06-09 15:43:16,2026-06-09 15:44:20,NA
"50","2026-06-09 16:42:48","Collar_50_2026-06-09 16:42:48",2026-06-09 16:43:45,NA,NA,NA,NA,NA,305.562511045982,-0.0169907097891521,0.0162771258936298,3923.72326289541,0.976763186915246,0.300548491677045,0.0170012177303036,2.4621002518033,306.674730563687,0.0597173803085441,2.4471681078821,305.645819198145,TRUE,-0.0188882359919977,0.0153213673054883,1.94489326285328,2026-06-09 16:43:13,2026-06-09 16:44:17,NA
"50","2026-06-09 17:42:48","Collar_50_2026-06-09 17:42:48",2026-06-09 17:43:45,NA,NA,NA,NA,NA,342.360722236929,0.154411740652021,0.0216028222491109,4155.76194060785,1.2963493459655,1.10404110930709e-09,0.447806500292344,3.2676723425733,340.308311982321,0.496902230546444,3.16974562043979,342.877688723632,TRUE,0.144224749488222,0.0205717204124599,3.0657447992023,2026-06-09 17:43:13,2026-06-09 17:44:17,NA
"50","2026-06-09 18:42:48","Collar_50_2026-06-09 18:42:48",2026-06-09 18:43:45,NA,NA,NA,NA,NA,319.399586611231,0.117208863345355,0.0181052118735659,4282.73941511078,1.08646357870347,1.63608770778008e-08,0.399483077313286,2.73861902919263,312.213032684124,0.494428237155391,2.55367578537113,319.440334827287,TRUE,0.118145810222308,0.0179865471433862,3.41667446649641,2026-06-09 18:43:13,2026-06-09 18:44:17,NA
"50","2026-06-09 19:42:48","Collar_50_2026-06-09 19:42:48",2026-06-09 19:43:45,NA,NA,NA,NA,NA,346.980454448646,0.0516522132168214,0.022384312248713,4517.41481473809,1.3432452579061,0.0243234334041227,0.0779314934338694,3.38588158524771,350.480031982548,0.0850030648033571,3.42772007415371,347.240999996629,TRUE,0.0468412575216469,0.0208916327586987,2.56287569159836,2026-06-09 19:43:13,2026-06-09 19:44:17,NA
"50","2026-06-09 20:42:50","Collar_50_2026-06-09 20:42:50",2026-06-09 20:43:47,NA,NA,NA,NA,NA,357.914713197856,0.0226346743469211,0.0243484952316472,4667.15580842488,1.46111260393716,0.356119952592926,0.0135315300830659,3.68298658083927,338.409353434801,0.312878973099615,3.12378049463923,358.094145507633,TRUE,0.0229318775129986,0.0245766325689953,3.50684897691865,2026-06-09 20:43:15,2026-06-09 20:44:19,NA
"50","2026-06-09 21:42:48","Collar_50_2026-06-09 21:42:48",2026-06-09 21:43:45,NA,NA,NA,NA,NA,344.378316136743,-0.0785853597580208,0.0219407122731335,4675.85060955199,1.31662556296155,0.000664621893458065,0.169179747379979,3.31878204822186,337.833228045052,0.293600215325919,3.10996736181089,344.45311287297,TRUE,-0.0833818143533683,0.0212994776680224,2.7533181882175,2026-06-09 21:43:13,2026-06-09 21:44:17,NA
"50","2026-06-09 22:42:48","Collar_50_2026-06-09 22:42:48",2026-06-09 22:43:45,355.611099971559,0.425751808329065,1.79915984008182e-08,0.397708626043155,3.61829851613399,360.684674128012,0.144490695536218,0.0248728647936997,4929.01480314104,1.49257914710324,2.23494107355027e-07,0.348813342662876,3.7623034356209,341.295937289859,0.5456037546293,3.19391825607377,361.222852877012,TRUE,0.129957165623763,0.0263746795728366,3.08271124395609,2026-06-09 22:43:13,2026-06-09 22:44:17,NA
"50","2026-06-09 23:42:50","Collar_50_2026-06-09 23:42:50",2026-06-09 23:43:47,NA,NA,NA,NA,NA,350.598583896453,-0.193244886232329,0.0230160576827353,5076.50673460014,1.38115524812718,7.25379307358402e-12,0.528069820048225,3.48144026079932,344.019026747484,0.598957008157827,3.26152637334342,351.075508124028,TRUE,-0.178994277786977,0.0224029982707435,3.1714524835943,2026-06-09 23:43:15,2026-06-09 23:44:19,NA
"51","2026-06-09 00:24:50","Collar_51_2026-06-09 00:24:50",2026-06-09 00:25:47,NA,NA,NA,NA,NA,380.164249628255,0.125597321403806,0.0288936061565859,4122.83621061063,1.73385713272795,5.1347942027878e-05,0.230726500753005,4.37048625528394,341.133162508491,0.603201007210862,3.18992160990949,380.608131624967,TRUE,0.143647880027978,0.0294564205642367,3.74874582579938,2026-06-09 00:25:15,2026-06-09 00:26:19,NA
"51","2026-06-09 00:45:50","Collar_51_2026-06-09 00:45:50",2026-06-09 00:46:47,NA,NA,NA,NA,NA,323.363763358448,0.162664012548905,0.0186658100889943,4216.31149376188,1.12010414295659,2.02388087148672e-12,0.54657752529734,2.82341587947115,315.397651726847,0.622817075365255,2.61700589270452,323.372278532973,TRUE,0.164356479750579,0.0187972834907534,3.39119839131613,2026-06-09 00:46:15,2026-06-09 00:47:19,NA
"51","2026-06-09 01:45:46","Collar_51_2026-06-09 01:45:46",2026-06-09 01:46:43,NA,NA,NA,NA,NA,733.12066231404,0.0672862579155439,0.0186828120222772,4131.14171900789,1.12112440062651,0.000451227958402004,0.0920108327151928,3.99655001233988,711.242774039266,0.255902727279902,3.64652744936523,733.135784569826,TRUE,0.0654906130390357,0.019749473625466,3.86712803315,2026-06-09 01:46:11,2026-06-09 01:47:15,NA
"51","2026-06-09 02:45:47","Collar_51_2026-06-09 02:45:47",2026-06-09 02:46:44,NA,NA,NA,NA,NA,729.662872804027,-0.00135667696366831,0.0184359906476831,4082.27685080773,1.10631306144889,0.941452692598483,4.23049903550792e-05,3.94375100293469,728.117830469689,0.0417978183243812,3.8910513623079,729.712870418356,TRUE,-0.00533695014519387,0.0186932747980879,4.89531712884323,2026-06-09 02:46:12,2026-06-09 02:47:16,NA
"51","2026-06-09 03:45:46","Collar_51_2026-06-09 03:45:46",2026-06-09 03:46:43,NA,NA,NA,NA,NA,664.205782450952,0.265098707690873,0.0143327442558675,4204.81107665154,0.860084086594253,5.70644089136716e-38,0.727719078095196,3.06600147581368,640.468056205766,0.780035271283862,2.77753787221695,664.364628582653,TRUE,0.260121487086901,0.0154460255953631,3.4301185997703,2026-06-09 03:46:11,2026-06-09 03:47:15,NA
"51","2026-06-09 04:45:44","Collar_51_2026-06-09 04:45:44",2026-06-09 04:46:41,NA,NA,NA,NA,NA,770.240162776185,0.158449254672847,0.0215499019674567,4315.36378619562,1.29317368809452,2.04650960060851e-11,0.296941691880524,4.60986605609837,724.990636627105,0.51864871712516,3.84453141001858,771.658374436627,TRUE,0.137376391281519,0.0219119372165451,4.92677125698711,2026-06-09 04:46:09,2026-06-09 04:47:13,NA
"51","2026-06-09 05:45:47","Collar_51_2026-06-09 05:45:47",2026-06-09 05:46:44,NA,NA,NA,NA,NA,823.330609878873,0.258010382228485,0.0264317329706133,4423.13374692881,1.58612422738421,3.6516753723302e-17,0.42674079129826,5.65416718874602,721.488023117648,0.746043182857283,3.79308675618347,825.419991613557,TRUE,0.293561194933649,0.0266246647718502,4.78202154946683,2026-06-09 05:46:12,2026-06-09 05:47:16,NA
"51","2026-06-09 06:45:54","Collar_51_2026-06-09 06:45:54",2026-06-09 06:46:51,365.634045250898,0.0606758918098448,0.186308328714898,0.0275569142031824,3.90830380826259,365.179303932875,0.0385368209569816,0.0257478600124403,4442.76147244428,1.54508615134821,0.13946474216798,0.0343364033766322,3.89465640520941,367.729820974488,0.0556321214557395,3.91410236939615,365.236472356186,TRUE,0.0415988708137435,0.0272590451344657,3.80954849334811,2026-06-09 06:46:19,2026-06-09 06:47:23,NA
"51","2026-06-09 07:45:47","Collar_51_2026-06-09 07:45:47",2026-06-09 07:46:44,342.3502704396,-0.322827343691301,2.26459862418203e-21,0.763117459856915,3.26740963737198,353.069647426292,-0.299047705385016,0.0234577355206837,4187.42642547868,1.40765959879717,4.19744277381318e-19,0.72064652953896,3.54824905266682,339.55122119401,0.786643676252763,3.15133938312276,353.172913414331,TRUE,-0.30115769914689,0.0229887784556964,3.59987804712934,2026-06-09 07:46:12,2026-06-09 07:47:16,NA
"51","2026-06-09 08:45:47","Collar_51_2026-06-09 08:45:47",2026-06-09 08:46:44,NA,NA,NA,NA,NA,383.596107575612,0.179449437827357,0.029666522979717,3958.27783422739,1.78023858264211,8.76384815823127e-08,0.367400210575884,4.48739870759831,384.577780268106,0.396103893962975,4.45570683851086,383.61171996695,TRUE,0.177859043489556,0.0312391237580739,5.29641957233782,2026-06-09 08:46:12,2026-06-09 08:47:16,NA
"51","2026-06-09 09:45:48","Collar_51_2026-06-09 09:45:48",2026-06-09 09:46:45,324.965064573638,-0.162446332600701,7.30111618620245e-14,0.591477189889915,2.85840894857115,326.902304425322,-0.178583846341697,0.0191808629302493,4087.48140343693,1.15101160524088,1.88568001501454e-13,0.579118449455329,2.90132347436431,322.342233861152,0.631051138330545,2.76060742716097,326.916156517188,TRUE,-0.17868290274766,0.0209742030898457,3.20197637582619,2026-06-09 09:46:13,2026-06-09 09:47:17,NA
"51","2026-06-09 10:48:37","Collar_51_2026-06-09 10:48:37",2026-06-09 10:49:34,NA,NA,NA,NA,NA,299.407672772838,-0.00529509685161597,0.0155244452273863,3918.73852128104,0.931596075037266,0.734177362083477,0.00184320591364036,2.34824874816586,294.192453478623,0.133780996257975,2.22312522659273,299.496180295883,TRUE,-0.0046910808516103,0.014784886205229,2.18126236702374,2026-06-09 10:49:02,2026-06-09 10:50:06,NA
"51","2026-06-09 11:45:47","Collar_51_2026-06-09 11:45:47",2026-06-09 11:46:44,311.730062303592,0.154166586753369,0.00134301317541829,0.151678804060151,2.58172414391777,312.571477548753,0.0551575286574475,0.0171787976691413,3917.47394884691,1.03087100685567,0.00208495004004393,0.140626029578139,2.59848835373471,314.662680933558,0.165495545489279,2.60225207750021,312.573679919422,TRUE,0.0545473241067434,0.0171921235106953,2.78019209276986,2026-06-09 11:46:12,2026-06-09 11:47:16,NA
"51","2026-06-09 12:45:47","Collar_51_2026-06-09 12:45:47",2026-06-09 12:46:44,NA,NA,NA,NA,NA,282.297587622741,0.0266286887425924,0.0136099324504133,3870.19669578662,0.816709355253525,0.0548346633411085,0.0572833305043668,2.05865693563889,284.170500224772,0.0876338776557746,2.05817983615932,282.350861846495,TRUE,0.028843329188969,0.0132532045128306,1.78143914853945,2026-06-09 12:46:12,2026-06-09 12:47:16,NA
"51","2026-06-09 13:45:47","Collar_51_2026-06-09 13:45:47",2026-06-09 13:46:44,NA,NA,NA,NA,NA,338.660335103843,0.06563952936158,0.0209965775247069,3878.22464728408,1.25996961081268,0.00267858891964013,0.134295918255644,3.17597093912137,339.446991435558,0.176052275513807,3.14881375464358,339.081560452364,TRUE,0.0721330687171963,0.0217484650135199,3.0880688083238,2026-06-09 13:46:12,2026-06-09 13:47:16,NA
"51","2026-06-09 14:45:46","Collar_51_2026-06-09 14:45:46",2026-06-09 14:46:43,NA,NA,NA,NA,NA,310.771453358377,0.0888971495277934,0.0169425733920016,3877.18682493955,1.01669558182833,1.92766307467969e-06,0.304103307148389,2.56275674755137,307.561376433537,0.377167913037631,2.46391570518946,310.84326134868,TRUE,0.0931478882608827,0.0168157899205066,2.95084873634666,2026-06-09 14:46:11,2026-06-09 14:47:15,NA
"51","2026-06-09 15:45:51","Collar_51_2026-06-09 15:45:51",2026-06-09 15:46:48,301.1823863065,-0.118479993391,1.56081120746471e-07,0.35600052025537,2.38052601832677,296.465139795616,-0.0985800331074918,0.0151769984823272,3916.21033676466,0.910746375145222,1.5015122771608e-08,0.401081879563616,2.29569347986552,287.933364396164,0.506102329791854,2.11862464660062,296.604127089784,TRUE,-0.100184923536844,0.0153993064541268,2.31926797412531,2026-06-09 15:46:16,2026-06-09 15:47:20,NA
"51","2026-06-09 16:45:46","Collar_51_2026-06-09 16:45:46",2026-06-09 16:46:43,NA,NA,NA,NA,NA,326.614065723278,-0.0388031379233302,0.0191383818346744,3928.44509030569,1.14846238552184,0.0468461168482259,0.0612535181357168,2.89489772593701,310.004715506242,0.316327823251879,2.51066272077281,326.660922732401,TRUE,-0.0427028291992186,0.0197626649102308,2.91406035561785,2026-06-09 16:46:11,2026-06-09 16:47:15,NA
"51","2026-06-09 17:45:46","Collar_51_2026-06-09 17:45:46",2026-06-09 17:46:43,NA,NA,NA,NA,NA,331.674920872164,0.120866441326151,0.0198981247535312,4171.89613040572,1.19405329140463,7.93300271377153e-08,0.369348347621099,3.00981747553207,323.609769462409,0.476186377052271,2.78765575560386,331.73480686139,TRUE,0.12416339415859,0.0195293747697458,3.52084400298566,2026-06-09 17:46:11,2026-06-09 17:47:15,NA
"51","2026-06-09 18:45:48","Collar_51_2026-06-09 18:45:48",2026-06-09 18:46:45,340.636428805986,0.486732837251719,3.8232825256481e-07,0.337926201922355,3.22461677580116,343.054967514404,0.116310695623255,0.0217184974419251,4299.50548941216,1.30329082142736,1.27888029870421e-06,0.312827525702182,3.2851695299279,333.408815538052,0.442955841829129,3.00590380307391,343.082090633959,TRUE,0.119827122301467,0.0229638582585405,3.82858978662597,2026-06-09 18:46:13,2026-06-09 18:47:17,NA
"51","2026-06-09 19:45:48","Collar_51_2026-06-09 19:45:48",2026-06-09 19:46:45,NA,NA,NA,NA,NA,369.41443146139,0.326199157432852,0.0266004842739288,4529.27907642685,1.59625071174635,2.42512961182006e-18,0.704750409972152,4.02362551330766,362.608068515658,0.749972895773751,3.76289243941071,369.486291431084,TRUE,0.33140805890719,0.0289227428067457,4.43187365221055,2026-06-09 19:46:13,2026-06-09 19:47:17,NA
"51","2026-06-09 20:45:50","Collar_51_2026-06-09 20:45:50",2026-06-09 20:46:47,NA,NA,NA,NA,NA,325.934133486597,-0.0101625311615494,0.0190385446660146,4676.91617318386,1.14247132348362,0.595367231950131,0.004502316180689,2.87979621970656,314.583993196123,0.213897813395057,2.60067743619647,326.053773123257,TRUE,-0.0154040551940991,0.01964859234991,3.11744633745399,2026-06-09 20:46:15,2026-06-09 20:47:19,NA
"51","2026-06-09 21:45:48","Collar_51_2026-06-09 21:45:48",2026-06-09 21:46:45,NA,NA,NA,NA,NA,343.157465260125,0.0482476264596508,0.0217356280175834,4664.57577308354,1.30431879871174,0.0300430555283824,0.0725376155733802,3.28776072415453,341.614542176681,0.148349272917977,3.2017555326263,343.188664471463,TRUE,0.0445126107020647,0.0221373525436614,3.97534074932707,2026-06-09 21:46:13,2026-06-09 21:47:17,NA
"51","2026-06-09 22:45:47","Collar_51_2026-06-09 22:45:47",2026-06-09 22:46:44,NA,NA,NA,NA,NA,327.8740215243,0.167553269889768,0.0193247721989103,4947.20421976435,1.15964736052118,2.41504810838549e-12,0.544058513484233,2.92309138652046,330.243440720598,0.555353927188269,2.93359681513198,328.064041507599,TRUE,0.171236521976263,0.0185185473680689,2.42437134428201,2026-06-09 22:46:12,2026-06-09 22:47:16,NA
"51","2026-06-09 23:45:50","Collar_51_2026-06-09 23:45:50",2026-06-09 23:46:47,NA,NA,NA,NA,NA,328.947851212421,-0.111957970598317,0.0194850603273588,5028.30062414554,1.16926598386974,2.85764854118808e-07,0.343850041994511,2.94733678733587,315.12789356492,0.501184562420786,2.61158107153972,328.990309170765,TRUE,-0.114799427448028,0.0195474505001841,3.18877983123113,2026-06-09 23:46:15,2026-06-09 23:47:19,NA
"52","2026-06-09 00:27:51","Collar_52_2026-06-09 00:27:51",2026-06-09 00:28:48,NA,NA,NA,NA,NA,389.494881638216,0.327042795281865,0.031043654475281,4105.12850008572,1.86287794767491,1.57607120662817e-15,0.637899395540178,4.69570549493609,388.882015138188,0.662706014984728,4.60570249785454,389.603387556179,TRUE,0.332215105739065,0.0312949545126804,4.5211993897801,2026-06-09 00:28:16,2026-06-09 00:29:20,NA
"52","2026-06-09 00:48:51","Collar_52_2026-06-09 00:48:51",2026-06-09 00:49:48,409.2469057286,0.377357873831166,6.79336417802817e-19,0.716369556836017,5.46621823919973,384.800370877648,0.48331001598716,0.0299426175453312,4201.59840123668,1.79680655720725,4.59756069728271e-24,0.805278253564207,4.52916114796786,353.143434951122,0.887494360065948,3.49867055145626,385.04093788062,TRUE,0.49560523787694,0.0321058691866641,4.72806882477752,2026-06-09 00:49:16,2026-06-09 00:50:20,NA
"52","2026-06-09 01:48:47","Collar_52_2026-06-09 01:48:47",2026-06-09 01:49:44,NA,NA,NA,NA,NA,773.45247621377,0.271072914785515,0.0218178036819286,4115.33115911122,1.30925002332211,9.66907469533957e-24,0.546686800057601,4.66717448477613,725.573361278865,0.695852384060275,3.85315762402635,776.792533207239,TRUE,0.236290600850574,0.0178948781688597,3.91166558296029,2026-06-09 01:49:12,2026-06-09 01:50:16,NA
"52","2026-06-09 02:48:48","Collar_52_2026-06-09 02:48:48",2026-06-09 02:49:45,NA,NA,NA,NA,NA,753.250482851143,0.163904960958371,0.0201867479023324,4068.02802479903,1.2113730853586,3.37566994430529e-13,0.339951704303886,4.31826576652218,750.952354274828,0.371166909390308,4.24823875203458,755.319601437815,TRUE,0.146347652610708,0.016672022416107,3.2414943321091,2026-06-09 02:49:13,2026-06-09 02:50:17,NA
"52","2026-06-09 03:48:47","Collar_52_2026-06-09 03:48:47",2026-06-09 03:49:44,NA,NA,NA,NA,NA,749.528994338129,0.0578552692628754,0.0198998645926749,4218.96715883542,1.19415769625091,0.00429806340034022,0.061944688449204,4.25689687337138,740.430214987234,0.151857152670363,4.0797459497837,749.866332834885,TRUE,0.0514376131353958,0.0196519475119539,3.93324766766726,2026-06-09 03:49:12,2026-06-09 03:50:16,NA
"52","2026-06-09 04:48:45","Collar_52_2026-06-09 04:48:45",2026-06-09 04:49:42,NA,NA,NA,NA,NA,691.190802864186,0.336160627002435,0.015900256923462,4297.48530430323,0.954147908348489,1.39641428787448e-43,0.777382491332535,3.4013173138978,683.153602952489,0.797069968835143,3.27310821396484,691.434674674919,TRUE,0.342256385624894,0.0166083377546171,3.37518928063904,2026-06-09 04:49:10,2026-06-09 04:50:14,NA
"52","2026-06-09 05:48:48","Collar_52_2026-06-09 05:48:48",2026-06-09 05:49:45,NA,NA,NA,NA,NA,2025.35758219929,-16.2941689166703,2.69120938631833,6422.64736212121,161.494988366789,1.45492549693634e-08,0.222631423134426,575.692400762525,1899.71781493855,0.713228532558933,352.4233601568,2027.05214597877,TRUE,-18.3071792825312,2.28931888280529,424.967499889767,2026-06-09 05:49:13,2026-06-09 05:50:17,"Flux unusable, remove"
"52","2026-06-09 06:48:53","Collar_52_2026-06-09 06:48:53",2026-06-09 06:49:50,332.876802248312,0.205608824297905,0.820738076533719,0.000821166260898313,3.0377729931583,332.636906702602,-0.0106999223091089,0.0200459148487818,4428.04459190159,1.20292192861828,0.595378560843574,0.00450203960614118,3.03217240680854,329.222167195175,0.111823788946495,2.91064091293264,332.658649222979,TRUE,-0.0132983171435169,0.0218387335354491,3.20235436226519,2026-06-09 06:49:18,2026-06-09 06:50:22,NA
"52","2026-06-09 07:48:46","Collar_52_2026-06-09 07:48:46",2026-06-09 07:49:43,NA,NA,NA,NA,NA,352.967868141569,-0.0507741548201456,0.0234393772347298,4146.2278593673,1.40655794866484,0.0340878883606874,0.0693191898444898,3.54547215330724,356.378520208905,0.0777194319703683,3.58682828207917,353.019966507213,TRUE,-0.0508950790385966,0.0240927314905653,3.80844982859458,2026-06-09 07:49:11,2026-06-09 07:50:15,NA
"52","2026-06-09 08:48:47","Collar_52_2026-06-09 08:48:47",2026-06-09 08:49:44,NA,NA,NA,NA,NA,340.598696999239,0.120535209351939,0.0213119921398811,3978.27595730175,1.27889711599575,4.04872375356733e-07,0.336754558203931,3.22368098378883,344.402848674087,0.33874994304128,3.27117018240691,340.673800414297,TRUE,0.120397499851589,0.0220700088279988,3.40409950424349,2026-06-09 08:49:12,2026-06-09 08:50:16,NA
"52","2026-06-09 09:48:47","Collar_52_2026-06-09 09:48:47",2026-06-09 09:49:44,NA,NA,NA,NA,NA,305.246729025242,-0.0222145869378431,0.0162376352323852,4053.30937512646,0.974393418174573,0.176143037854291,0.0288519915900791,2.45612684054939,302.450649741965,0.125262519002368,2.36893041664633,305.393783948924,TRUE,-0.0227146907292014,0.0176659148070965,2.4112728496961,2026-06-09 09:49:12,2026-06-09 09:50:16,NA
"52","2026-06-09 10:51:37","Collar_52_2026-06-09 10:51:37",2026-06-09 10:52:34,NA,NA,NA,NA,NA,311.331742840178,0.0315352018714189,0.0170157520963813,3923.70238442889,1.0210869138713,0.0685241668561234,0.0517004052255649,2.57382585813375,309.98871023263,0.126533323963243,2.51035363330953,311.394960551665,TRUE,0.0288275663286014,0.0184119491262721,2.2357309111763,2026-06-09 10:52:02,2026-06-09 10:53:06,NA
"52","2026-06-09 11:48:46","Collar_52_2026-06-09 11:48:46",2026-06-09 11:49:42.590909,342.342122549029,0.119769017744335,0.196839420481435,0.0258887570796838,3.14085067575895,342.896390802969,0.0220322986005328,0.0205321161612768,3925.69697294459,1.22507684812353,0.287271344365301,0.0176737204404111,3.15406684172344,344.559965205394,0.0518401316188421,3.14831325946843,343.035470388853,TRUE,0.0249204859641071,0.0190326212921183,2.45374116106974,2026-06-09 11:49:11,2026-06-09 11:50:15,NA
"52","2026-06-09 12:48:46","Collar_52_2026-06-09 12:48:46",2026-06-09 12:49:43,NA,NA,NA,NA,NA,326.953093037319,0.0305938551018684,0.0191883580050566,3871.77291924102,1.15146137218394,0.11585223047739,0.0387857708500443,2.90245718959702,325.757432797242,0.112628188814329,2.8340917029151,327.084588337111,TRUE,0.027177252845251,0.0203065873113769,3.00004722046394,2026-06-09 12:49:11,2026-06-09 12:50:15,NA
"52","2026-06-09 13:48:46","Collar_52_2026-06-09 13:48:46",2026-06-09 13:49:43,NA,NA,NA,NA,NA,369.894187628048,-0.0592851804239794,0.0266988329165428,3887.98812203472,1.6021524498183,0.0299883099374363,0.0725841354148119,4.03850186305926,363.448218890129,0.210267036860237,3.78728961711905,370.905601459466,TRUE,-0.0471428140229979,0.0235931570892566,3.39881311565888,2026-06-09 13:49:11,2026-06-09 13:50:15,NA
"52","2026-06-09 14:48:46","Collar_52_2026-06-09 14:48:46",2026-06-09 14:49:43,NA,NA,NA,NA,NA,312.064359477592,0.14142203464424,0.0171119152915873,3884.29974942218,1.02685750688798,1.23061641155355e-11,0.520192106541551,2.58837163413119,315.787504706302,0.522231408218619,2.6248657301606,312.076278787235,TRUE,0.139966859275095,0.0180140891230444,3.05092933278355,2026-06-09 14:49:11,2026-06-09 14:50:15,NA
"52","2026-06-09 15:48:51","Collar_52_2026-06-09 15:48:51",2026-06-09 15:49:48,NA,NA,NA,NA,NA,281.516666917335,0.0233961888930268,0.0135284215319256,3909.47387211585,0.811818020933777,0.0886330500072038,0.0453223270661033,2.04632748299199,284.21025450151,0.0643185234726071,2.05880932817967,281.634068894234,TRUE,0.0278739523384122,0.0138334472514552,1.86996295402174,2026-06-09 15:49:16,2026-06-09 15:50:20,NA
"52","2026-06-09 16:48:47","Collar_52_2026-06-09 16:48:47",2026-06-09 16:49:44,NA,NA,NA,NA,NA,306.746770608677,0.123074592482916,0.0164260828932703,3918.83985193425,0.985701848115817,2.75548713499522e-10,0.471208266312239,2.48463169062852,307.967935289376,0.493338390637303,2.47163335728301,306.773816413168,TRUE,0.122347927122296,0.018137979477138,2.18602752663284,2026-06-09 16:49:12,2026-06-09 16:50:16,NA
"52","2026-06-09 17:48:47","Collar_52_2026-06-09 17:48:47",2026-06-09 17:49:44,NA,NA,NA,NA,NA,314.667184973099,0.129373869335695,0.0174579783486197,4179.40201274756,1.04762417396849,3.83452932056406e-10,0.465724991782564,2.64071760389437,311.79931008908,0.519296291598354,2.54556167777342,314.699437251147,TRUE,0.13215185064523,0.0184017856038107,2.82928297436473,2026-06-09 17:49:12,2026-06-09 17:50:16,NA
"52","2026-06-09 18:48:47","Collar_52_2026-06-09 18:48:47",2026-06-09 18:49:44,319.671367581993,0.140366400456789,0.770471253467228,0.00136099684175395,2.74435043773734,318.99066818609,-0.0156301740197001,0.0180483509282795,4308.40849465807,1.08305144817797,0.389767125474264,0.0117644732424773,2.73001816509522,306.952805112582,0.22784546739038,2.45240828856184,319.000010999692,TRUE,-0.0162092590436682,0.0184854934793248,3.1957228861736,2026-06-09 18:49:12,2026-06-09 18:50:16,NA
"52","2026-06-09 19:48:49","Collar_52_2026-06-09 19:48:49",2026-06-09 19:49:46,340.358607521268,0.748408123880256,3.40718136575943e-23,0.792545151807554,3.2177328482321,335.702366358521,0.332994162203895,0.0205242239306763,4571.94733542645,1.23162445916421,3.53727443159618e-24,0.806886280132483,3.10452209057139,339.410328849085,0.807751971639204,3.14792585172518,335.866011858321,TRUE,0.33478211695571,0.0217071739940355,3.40671342601005,2026-06-09 19:49:14,2026-06-09 19:50:18,NA
"52","2026-06-09 20:48:51","Collar_52_2026-06-09 20:48:51",2026-06-09 20:49:48,375.113820142668,0.18396513160775,5.25747559591827e-11,0.497885097317427,4.20395108066228,370.241719432942,0.227524466829719,0.0267703029712909,4678.62009487955,1.60644124864562,4.79683418903096e-12,0.534145390915214,4.04931252096911,364.657385396973,0.598011976892181,3.82268059697236,370.261492894426,TRUE,0.225401206094801,0.0272922061386986,4.59458494586391,2026-06-09 20:49:16,2026-06-09 20:50:20,NA
"52","2026-06-09 21:48:49","Collar_52_2026-06-09 21:48:49",2026-06-09 21:49:46,NA,NA,NA,NA,NA,348.574592004754,0.205883306348993,0.0226604919188192,4667.08270858514,1.35981833944992,4.60593899160105e-13,0.567151434319722,3.42765689863873,352.506590477391,0.567604033891553,3.48157316397371,348.602767702725,TRUE,0.205059275412386,0.0234104340966857,3.88625441348941,2026-06-09 21:49:14,2026-06-09 21:50:18,NA
"52","2026-06-09 22:48:47","Collar_52_2026-06-09 22:48:47",2026-06-09 22:49:44,358.320218411976,0.81063621033749,4.87810024858018e-20,0.738996582512934,3.6944927497237,356.184431191837,0.328065240297148,0.0240265672909941,4958.40428858948,1.4417942449514,1.72335638155219e-20,0.747433334378268,3.63429132168084,355.591763582947,0.764662933649191,3.56518644438437,356.201787266642,TRUE,0.330547125313633,0.0240924033966401,3.52368786998843,2026-06-09 22:49:12,2026-06-09 22:50:16,NA
