"label","StartTime","Plot","TIMESTAMP","HM81_AIC","HM81_flux.estimate","HM81_p.value","HM81_r.squared","HM81_RMSE","lin_AIC","lin_flux.estimate","lin_flux.std.error","lin_int.estimate","lin_int.std.error","lin_p.value","lin_r.squared","lin_RMSE","poly_AIC","poly_r.squared","poly_RMSE","rob_AIC","rob_converged","rob_flux.estimate","rob_flux.std.error","rob_RMSE","TIMESTAMP_min","TIMESTAMP_max","flag"
"13","2026-06-07 10:58:04","Collar_13_2026-06-07 10:58:04",2026-06-07 10:59:18.5,NA,NA,NA,NA,NA,65.6614478802486,-0.000225466861919578,0.00603505990339562,643.999378168466,0.273593080215649,0.970326650459303,2.40637787404373e-05,0.404619149854395,61.6945128692457,0.124365326357497,0.38533026154548,67.257752616738,TRUE,0.00548846215379626,0.00535209498614006,0.381796571593685,2026-06-07 10:59:04,2026-06-07 10:59:33,"Time changed"
"13","2026-06-07 11:57:31","Collar_13_2026-06-07 11:57:31",2026-06-07 11:58:45.5,NA,NA,NA,NA,NA,-3.99335699793029,0.000753719639791699,0.00447260202775237,644.49729725592,0.202760699137888,0.867386217502167,0.00101321325750846,0.212036245957445,-9.76991710441394,0.278843469837994,0.186955112735097,-3.78469571253188,TRUE,0.00265904827977466,0.00436325171628776,0.198617330872819,2026-06-07 11:58:31,2026-06-07 11:59:00,"Time changed"
"13","2026-06-07 12:57:31","Collar_13_2026-06-07 12:57:31",2026-06-07 12:58:45.5,NA,NA,NA,NA,NA,-12.4650525714383,0.00386614088416104,0.00388364995756745,645.065975107962,0.176061177747783,0.328022956815508,0.034183139329623,0.184115320903974,-8.60788981030732,0.0387706965507356,0.190611184648332,-12.4119557368355,TRUE,0.00425568327251443,0.00338429582975476,0.109123613636754,2026-06-07 12:58:31,2026-06-07 12:59:00,"Time changed"
"13","2026-06-07 13:57:31","Collar_13_2026-06-07 13:57:31",2026-06-07 13:58:45.5,14.7379801689471,0.0453014813608335,0.0284303808200718,0.160152695644484,0.289729052445602,15.0652096192716,0.0137096320149613,0.00614484258135994,643.935218322819,0.278569962218375,0.0338628621760606,0.150941793267199,0.29131350047833,18.323178107096,0.171685130403092,0.298594600647455,15.0700986966812,TRUE,0.014111009316985,0.00640793092491405,0.35144987718844,2026-06-07 13:58:31,2026-06-07 13:59:00,"Time changed"
"13","2026-06-07 14:57:31","Collar_13_2026-06-07 14:57:31",2026-06-07 14:58:45.5,NA,NA,NA,NA,NA,-14.2683430816096,0.0105942158634236,0.00376866406906219,644.342059842112,0.170848413678981,0.00891267303728413,0.220109339057288,0.178664092293548,-12.3398152355913,0.272142956729551,0.179116586252656,-13.8943986223232,TRUE,0.00889630669169251,0.00389316704810944,0.148300540437936,2026-06-07 14:58:31,2026-06-07 14:59:00,"Time changed"
"13","2026-06-07 15:57:31","Collar_13_2026-06-07 15:57:31",2026-06-07 15:58:45.5,NA,NA,NA,NA,NA,-10.0217714330199,0.013964587501653,0.00404506158136241,644.630010147719,0.183378603596667,0.00178445503575314,0.298563290031444,0.191767491732278,-6.83500751026359,0.317322337027894,0.196327406926364,-10.0136356883908,TRUE,0.0136243039630309,0.00430312771119468,0.207869865044964,2026-06-07 15:58:31,2026-06-07 15:59:00,"Time changed"
"13","2026-06-07 16:57:31","Collar_13_2026-06-07 16:57:31",2026-06-07 16:58:45.5,NA,NA,NA,NA,NA,-4.92462844824112,0.0178923762277079,0.00440371788299906,644.279007918597,0.199637909034268,0.000354800946856156,0.370901013349445,0.208770599837167,-1.87422179600747,0.390502099560076,0.213249634196784,-4.90996693815931,TRUE,0.017589171960148,0.00465106427817323,0.20938084589554,2026-06-07 16:58:31,2026-06-07 16:59:00,"Time changed"
"13","2026-06-07 17:57:31","Collar_13_2026-06-07 17:57:31",2026-06-07 17:58:45.5,NA,NA,NA,NA,NA,-17.2254290702255,0.00702363788380467,0.0035874290857222,644.693744262774,0.162632316717471,0.0602811336646893,0.120414211927681,0.170072139496244,-14.0660343467777,0.144718268314769,0.174036769377507,-16.285961365242,TRUE,0.00484445740229141,0.00289191984414936,0.128986877555051,2026-06-07 17:58:31,2026-06-07 17:59:00,"Time changed"
"13","2026-06-07 18:57:31","Collar_13_2026-06-07 18:57:31",2026-06-07 18:58:45.5,1.57045663529441,0.036807808419196,0.015623731237785,0.191385050184639,0.232638898319765,1.47274876757966,0.0127191345336256,0.00489920090468547,645.575887040938,0.222100109620126,0.0148483521300877,0.194014367528815,0.232260362441159,5.44279919208727,0.194818596941376,0.240907687525542,1.53419308884261,TRUE,0.0129411686729826,0.00495045466234671,0.268729132168368,2026-06-07 18:58:31,2026-06-07 18:59:00,"Time changed"
"13","2026-06-07 19:57:31","Collar_13_2026-06-07 19:57:31",2026-06-07 19:58:45.5,NA,NA,NA,NA,NA,-14.6180757269275,0.0119501560820275,0.0037467608856595,646.240527968864,0.169855455943748,0.00349709095954318,0.266491031010594,0.177625710440119,-16.3017483895551,0.393087839479474,0.167671162374432,-13.9802229368072,TRUE,0.0107633892472217,0.00355978136917623,0.136964068857163,2026-06-07 19:58:31,2026-06-07 19:59:00,"Time changed"
"13","2026-06-07 20:57:31","Collar_13_2026-06-07 20:57:31",2026-06-07 20:58:45.5,NA,NA,NA,NA,NA,-20.7944834378631,0.00626589433798774,0.00338025643305095,646.430211709245,0.153240362853205,0.0743496607050049,0.109304505171692,0.160250538722269,-22.1605692106384,0.255187069645502,0.1520725456125,-20.781752427701,TRUE,0.00639491631094353,0.00384726013020707,0.157603301582375,2026-06-07 20:58:31,2026-06-07 20:59:00,"Time changed"
"13","2026-06-07 21:57:31","Collar_13_2026-06-07 21:57:31",2026-06-07 21:58:45.5,-13.7546178632572,0.0134724035542992,0.871081937378506,0.000957062569646049,0.180200397394131,-13.7443344461321,0.000498852238610612,0.00380172175515823,645.376638247709,0.1723470490378,0.89654158235881,0.000614551361529992,0.180231284638485,-20.3942046316496,0.299254431661083,0.1566160220718,-13.6304316919263,TRUE,-0.000235269089555354,0.00406512613725721,0.181263631665786,2026-06-07 21:58:31,2026-06-07 21:59:00,"Time changed"
"13","2026-06-07 22:57:31","Collar_13_2026-06-07 22:57:31",2026-06-07 22:58:45.5,NA,NA,NA,NA,NA,-2.45913852612524,0.00951974086463992,0.00458844256596287,647.355029191979,0.208012207850339,0.0473184028019796,0.133246876543704,0.217527991634667,1.3756704454023,0.138006421944422,0.225118817745299,-2.25332311545883,TRUE,0.0104224807191595,0.00478889163579784,0.175099881265773,2026-06-07 22:58:31,2026-06-07 22:59:00,"Time changed"
"13","2026-06-07 23:57:31","Collar_13_2026-06-07 23:57:31",2026-06-07 23:58:45.5,NA,NA,NA,NA,NA,-8.75303143865938,0.00985600728030418,0.00413150786587928,647.564132041261,0.187297554797278,0.024057996387566,0.168916311863167,0.195865720354496,-8.32342814857368,0.262167175503884,0.191517023159832,-8.69771411811718,TRUE,0.0103832857081267,0.00397755811257138,0.182255508356597,2026-06-07 23:58:31,2026-06-07 23:59:00,"Time changed"
"14","2026-06-07 11:01:03","Collar_14_2026-06-07 11:01:03",2026-06-07 11:02:14.928571,NA,NA,NA,NA,NA,-17.2241731655327,-0.00120417982483949,0.00338588337285963,643.778967615107,0.144900475387321,0.723973591541895,0.00315215515992961,0.188054831249947,-15.7258076480771,0.0607934533139188,0.187278883255544,-16.6385439109875,TRUE,-0.00249844273353774,0.00372466196172637,0.15759138722648,2026-06-07 11:02:03,2026-06-07 11:02:32,"Time changed"
"14","2026-06-07 12:00:29","Collar_14_2026-06-07 12:00:29",2026-06-07 12:01:43.5,NA,NA,NA,NA,NA,31.4872877856901,7.13252357907356e-05,0.00807937427328836,644.077407295768,0.366269917619263,0.993018915389077,2.78337510052965e-06,0.383025402207342,34.9576372647289,0.0175028153552081,0.393990890580509,31.5365260504059,TRUE,0.00147657456158051,0.00812433458110876,0.443345449377019,2026-06-07 12:01:29,2026-06-07 12:01:58,"Time changed"
"14","2026-06-07 13:00:30","Collar_14_2026-06-07 13:00:30",2026-06-07 13:01:44.5,NA,NA,NA,NA,NA,-16.4647879635506,0.00266210411907259,0.00363319768556618,645.19450880833,0.164707187954694,0.469821227456717,0.0188133279498616,0.172241928364878,-13.3194779941586,0.0463725693228369,0.176215768407681,-16.384344584094,TRUE,0.00335397646581746,0.00372722785867941,0.184132526742618,2026-06-07 13:01:30,2026-06-07 13:01:59,"Time changed"
"14","2026-06-07 14:00:30","Collar_14_2026-06-07 14:00:30",2026-06-07 14:01:44.5,NA,NA,NA,NA,NA,6.55829617691327,-0.0120887826475878,0.00533255899519533,644.407788919021,0.241745941926157,0.0313075242931528,0.15507866264369,0.252804918405861,9.78995599326157,0.176443471319305,0.259009938655913,6.56901721829792,TRUE,-0.0125826806889258,0.00558400200298005,0.255146308635333,2026-06-07 14:01:30,2026-06-07 14:01:59,"Time changed"
"14","2026-06-07 15:00:29","Collar_14_2026-06-07 15:00:29",2026-06-07 15:01:43.5,NA,NA,NA,NA,NA,-10.665665617076,-0.00570247542414673,0.00400188381789792,644.089768402761,0.181421185196159,0.165224354164519,0.0676138512965694,0.189720528730195,-18.7748511033517,0.377273426685706,0.160900524836855,-10.2367572963435,TRUE,-0.00409414681526479,0.00439980882867283,0.158441616744118,2026-06-07 15:01:29,2026-06-07 15:01:58,"Time changed"
"14","2026-06-07 16:00:29","Collar_14_2026-06-07 16:00:29",2026-06-07 16:01:43.5,NA,NA,NA,NA,NA,-29.4338986533145,-0.00645275172147051,0.00292695115780164,644.192780111459,0.132690245949861,0.0358668333102212,0.147906767196092,0.138760330507863,-33.3394745745008,0.345300238182528,0.126222041650259,-29.3808886730937,TRUE,-0.00644964145164388,0.00330969689248702,0.143949029280653,2026-06-07 16:01:29,2026-06-07 16:01:58,"Time changed"
"14","2026-06-07 17:00:29","Collar_14_2026-06-07 17:00:29",2026-06-07 17:01:43.5,NA,NA,NA,NA,NA,-6.23414033561585,-0.00681920744205044,0.00430864711074387,644.085888108139,0.195327975771609,0.124725900336377,0.0821139060671878,0.204263503179743,-6.89341213794079,0.214151329940894,0.196136392757302,-6.20988482294141,TRUE,-0.00617255346786393,0.00461805352333482,0.200775778524879,2026-06-07 17:01:29,2026-06-07 17:01:58,"Time changed"
"14","2026-06-07 18:00:29","Collar_14_2026-06-07 18:00:29",2026-06-07 18:01:43.5,NA,NA,NA,NA,NA,-10.9947035136527,-0.00483954577361209,0.00397999769355416,644.099281498509,0.180429000815384,0.234149942034596,0.0501576368677928,0.188682955609311,-10.0106276339328,0.141003168598245,0.186206580831935,-10.8464934269155,TRUE,-0.00607652357219061,0.00424325011694886,0.20855950285183,2026-06-07 18:01:29,2026-06-07 18:01:58,"Time changed"
"14","2026-06-07 19:00:29","Collar_14_2026-06-07 19:00:29",2026-06-07 19:01:43.5,NA,NA,NA,NA,NA,-0.235088940805801,0.00433039153481261,0.00476171619930467,644.887395351614,0.215867385400353,0.37089151207289,0.0286897815337968,0.225742514301614,-3.14496201699985,0.228515332320911,0.208780710131787,-0.208576204228483,TRUE,0.00371496783095467,0.00487694977875706,0.263218555816168,2026-06-07 19:01:29,2026-06-07 19:01:58,"Time changed"
"14","2026-06-07 20:00:31","Collar_14_2026-06-07 20:00:31",2026-06-07 20:01:45.5,NA,NA,NA,NA,NA,-10.307871673306,-0.00177376980806964,0.00402581927654874,645.854946512163,0.182506273987899,0.662886714078347,0.00688537050476925,0.190855256292831,-9.494353126131,0.106961184343016,0.187815722407984,-10.2684750120537,TRUE,-0.00114992966759368,0.00393062448870879,0.179642975333941,2026-06-07 20:01:31,2026-06-07 20:02:00,"Time changed"
"14","2026-06-07 21:00:29","Collar_14_2026-06-07 21:00:29",2026-06-07 21:01:43.5,NA,NA,NA,NA,NA,10.3944370159625,-0.00107690135404672,0.00568463496694478,645.950201317859,0.2577069350435,0.851113999428599,0.00128006601863936,0.26949606751288,13.5892875797495,0.0277275355125552,0.2759414284017,10.7372366814366,TRUE,-0.0041618870002263,0.00295419314839155,0.110902434099959,2026-06-07 21:01:29,2026-06-07 21:01:58,"Time changed"
"14","2026-06-07 22:00:29","Collar_14_2026-06-07 22:00:29",2026-06-07 22:01:43.5,NA,NA,NA,NA,NA,-3.14256326073744,0.0091978403941001,0.00453647484234141,644.445918486267,0.20565630587008,0.0522221133962988,0.128021386621203,0.21506431591318,-1.43672215121619,0.192217422829259,0.214810261049797,-2.98309225559111,TRUE,0.0105881701020626,0.00479166628920158,0.216639454842296,2026-06-07 22:01:29,2026-06-07 22:01:58,"Time changed"
"14","2026-06-07 23:00:29","Collar_14_2026-06-07 23:00:29",2026-06-07 23:01:43.5,NA,NA,NA,NA,NA,-0.569143621047657,-0.00703496888286378,0.00473527863781732,647.571121351156,0.21466886641355,0.148544918678877,0.0730673616866365,0.224489167534953,1.80393546942851,0.121996833945911,0.2267314079636,-0.550265672973295,TRUE,-0.0067956476413975,0.00513696180405209,0.24556453062068,2026-06-07 23:01:29,2026-06-07 23:01:58,"Time changed"
"15","2026-06-07 11:04:02","Collar_15_2026-06-07 11:04:02",2026-06-07 11:05:09,NA,NA,NA,NA,NA,21.4017985374913,-0.0269367494360576,0.0259550358521082,644.425697779988,0.966861375408182,0.318271402527898,0.0765128877654277,0.434310819694354,19.8102664035593,0.363879484439961,0.391859395323419,21.5041452198535,TRUE,-0.0344648203338492,0.0319732378969593,0.381248996028366,2026-06-07 11:05:02,2026-06-07 11:05:16,"Time changed"
"15","2026-06-07 12:03:28","Collar_15_2026-06-07 12:03:28",2026-06-07 12:04:35,NA,NA,NA,NA,NA,13.6521280990454,-0.0713148472846635,0.020046274031602,646.759000228205,0.746751736057795,0.00350562246135513,0.493293682783633,0.335438323263791,11.2499031023555,0.669331428232124,0.294582071969054,13.6524349139831,TRUE,-0.0713148472846534,0.0215302727796956,0.386078588057423,2026-06-07 12:04:28,2026-06-07 12:04:42,"Time changed"
"15","2026-06-07 13:03:28","Collar_15_2026-06-07 13:03:28",2026-06-07 13:04:35,NA,NA,NA,NA,NA,12.3187815849178,0.0044721785253667,0.0191748287985112,645.072976711576,0.714289182684334,0.819213674538734,0.00416695160206575,0.320856255426974,13.1143583915339,0.195716830089761,0.313470781983149,12.4741933324506,TRUE,-0.000683527007913831,0.0195261927725296,0.321847633342428,2026-06-07 13:04:28,2026-06-07 13:04:42,"Time changed"
"15","2026-06-07 14:03:30","Collar_15_2026-06-07 14:03:30",2026-06-07 14:04:37,NA,NA,NA,NA,NA,4.81387993630392,0.00435448792528607,0.014930931944838,643.911875082408,0.556198091136115,0.775162035134736,0.00650017117754584,0.249842278342932,5.57288433718381,0.199555245415359,0.243794019851542,4.85502674417033,TRUE,0.00712500755619365,0.017047602568321,0.241157095317341,2026-06-07 14:04:30,2026-06-07 14:04:44,"Time changed"
"15","2026-06-07 15:03:27","Collar_15_2026-06-07 15:03:27",2026-06-07 15:04:34,NA,NA,NA,NA,NA,-5.02497572721518,0.00546820994996079,0.0107561015016175,643.883707134602,0.400679819944815,0.619702358603384,0.0194934067076408,0.17998400335493,-2.87188795759473,0.133084171880515,0.183980776757941,-4.54177787263751,TRUE,-0.00152679967183804,0.0095568515129693,0.15645664391684,2026-06-07 15:04:27,2026-06-07 15:04:41,"Time changed"
"15","2026-06-07 16:03:29","Collar_15_2026-06-07 16:03:29",2026-06-07 16:04:36,-7.67052904399474,0.0185175688598593,0.689970810909172,0.0126381400239966,0.164791801182451,-7.70650147581395,0.00437704903980648,0.00983639206223689,644.272491914881,0.366419357404818,0.663649493999771,0.0150031568562202,0.164594320875814,-6.58100360097291,0.186777328097185,0.162583885965077,-7.70504888429449,TRUE,0.00467152752919709,0.00943271059690817,0.154529837381167,2026-06-07 16:04:29,2026-06-07 16:04:43,"Time changed"
"15","2026-06-07 17:03:29","Collar_15_2026-06-07 17:03:29",2026-06-07 17:04:36,-11.4070892817262,0.0216582563091426,0.607774948987668,0.0208358341380903,0.145493419415943,-11.3351514656767,0.0040235273028622,0.00871576961076457,644.103182256211,0.324674604251036,0.651970877245736,0.0161286268434953,0.145842720676144,-10.4205802407426,0.199048882391471,0.143052000197521,-11.2360636962382,TRUE,0.00378286707829705,0.00770665083012573,0.0950746362743247,2026-06-07 17:04:29,2026-06-07 17:04:43,"Time changed"
"15","2026-06-07 18:03:29","Collar_15_2026-06-07 18:03:29",2026-06-07 18:04:36,NA,NA,NA,NA,NA,-10.823262147532,0.00572788773490154,0.00886576261401175,643.92984442089,0.330262053339818,0.529475551159471,0.0311091607327068,0.148352583677678,-7.81421003801165,0.0930486957442985,0.156036071590136,-10.7825670948655,TRUE,0.00604795404156083,0.00833928363718665,0.114648475954236,2026-06-07 18:04:29,2026-06-07 18:04:43,"Time changed"
"15","2026-06-07 19:03:29","Collar_15_2026-06-07 19:03:29",2026-06-07 19:04:36,-10.4958164930224,-0.0156287476371567,0.754656044297154,0.00777598127846072,0.149980699801885,-10.506992886009,-0.00299375062154814,0.00895972262801462,645.22964329738,0.333762195234818,0.74360710995162,0.00851500496122978,0.149924835433854,-6.59729019736291,0.0144656380720394,0.162495645315234,-10.4467115071997,TRUE,-0.00399541308315154,0.0101327542763905,0.147192057679361,2026-06-07 19:04:29,2026-06-07 19:04:43,"Time changed"
"15","2026-06-07 20:03:30","Collar_15_2026-06-07 20:03:30",2026-06-07 20:04:37,NA,NA,NA,NA,NA,-17.5280874910027,-0.0131411742813428,0.00709012366794777,647.001820446956,0.264117019928881,0.0866453842859064,0.209018110340176,0.118640461123101,-19.840629186331,0.480722221340283,0.104502037663292,-17.2582242039266,TRUE,-0.0111766795881092,0.00569689180589621,0.105115340090089,2026-06-07 20:04:30,2026-06-07 20:04:44,"Time changed"
"15","2026-06-07 21:03:28","Collar_15_2026-06-07 21:03:28",2026-06-07 21:04:35,NA,NA,NA,NA,NA,8.21229331891594,0.012289444002106,0.016721837110384,645.398783437023,0.622911812567745,0.475429559224714,0.0398908904544562,0.279809853609448,4.93181314481192,0.409079441942949,0.238639643921534,8.25598975181711,TRUE,0.0131340622893693,0.019132879042446,0.272065772454336,2026-06-07 21:04:28,2026-06-07 21:04:42,"Time changed"
"15","2026-06-07 22:03:27","Collar_15_2026-06-07 22:03:27",2026-06-07 22:04:34,NA,NA,NA,NA,NA,-5.75405211625627,0.00434555346684684,0.0104978516220492,645.33730414295,0.391059650850031,0.685661070511377,0.013009451219213,0.175662656333089,-1.86881749594906,0.0205321261064815,0.190236295515747,-5.69875564184824,TRUE,0.00618100081217681,0.0101107291076523,0.143351370867844,2026-06-07 22:04:27,2026-06-07 22:04:41,"Time changed"
"15","2026-06-07 23:03:27","Collar_15_2026-06-07 23:03:27",2026-06-07 23:04:34,-3.86633631117189,0.0749613973242381,0.00492003609456746,0.467871417550649,0.187071199533712,-3.30918996091262,0.0369744528040569,0.0113892056495052,645.932001579773,0.424263834649755,0.00637165767402734,0.447734865829714,0.190577862018342,-4.74086624825264,0.615510494763669,0.172868640334324,-2.98301159198059,TRUE,0.0336627282537355,0.0114227063826994,0.121519555885071,2026-06-07 23:04:27,2026-06-07 23:04:41,"Time changed"
"16","2026-06-07 11:07:00","Collar_16_2026-06-07 11:07:00",2026-06-07 11:08:24.5,NA,NA,NA,NA,NA,4.15610022595073,-0.041052775002253,0.0271613331370815,644.676175369159,0.940307935898422,0.169124083238691,0.222127092598594,0.246705059670734,5.42487612532711,0.408039006902104,0.248507583935672,4.48300207561197,TRUE,-0.042136276919276,0.0221497916722212,0.169825243274006,2026-06-07 11:08:20,2026-06-07 11:08:29,"Time changed"
"16","2026-06-07 12:06:26","Collar_16_2026-06-07 12:06:26",2026-06-07 12:07:40.5,22.4684802111918,0.0406619175777264,0.652291623904151,0.00735418343526484,0.329569695883539,22.5219226618573,0.00275907424850306,0.00695799721204076,643.36744524638,0.315433470395718,0.694718038579184,0.00558429327953075,0.329863376859601,25.7169873816365,0.0319108702383552,0.337753708667833,22.5457606541316,TRUE,0.0035108433550605,0.00723811430295261,0.372208967836695,2026-06-07 12:07:26,2026-06-07 12:07:55,"Time changed"
"16","2026-06-07 13:06:26","Collar_16_2026-06-07 13:06:26",2026-06-07 13:07:40.5,NA,NA,NA,NA,NA,14.0361306970048,-0.00805229640826393,0.00604034911011801,644.748380958914,0.273832860827978,0.193249808472244,0.0596805496574946,0.286359694342277,16.3700475982424,0.11047860911533,0.289031196186425,14.0542631018416,TRUE,-0.00856471853051394,0.00601802388038589,0.275581169908957,2026-06-07 13:07:26,2026-06-07 13:07:55,"Time changed"
"16","2026-06-07 14:06:30","Collar_16_2026-06-07 14:06:30",2026-06-07 14:07:44.5,-4.80720459434417,0.0810109541996354,0.0952158764869109,0.0962482917278,0.209179577377844,-4.83210668046629,0.00764901694268928,0.00441051378411424,643.207680066778,0.199945994048949,0.0938689151213167,0.0969981572268976,0.209092778593832,-0.846517327111687,0.0974318144131005,0.216933722107682,-4.82870609641609,TRUE,0.00777650602083923,0.00473343861617838,0.205703574895605,2026-06-07 14:07:30,2026-06-07 14:07:59,"Time changed"
"16","2026-06-07 15:06:25","Collar_16_2026-06-07 15:06:25",2026-06-07 15:07:39.5,-12.6204779938037,0.00717679559863586,0.557320472674072,0.012442005991497,0.183639001413054,-12.5606565737819,0.00211058475619512,0.00387746667710128,643.53527049527,0.175780865244567,0.59052979277759,0.0104708039243759,0.183822185147738,-9.686824158053,0.0469280959487803,0.187214202951006,-12.4329044517441,TRUE,0.000786527579321583,0.00391021379314447,0.164123875530889,2026-06-07 15:07:25,2026-06-07 15:07:54,"Time changed"
"16","2026-06-07 16:06:27","Collar_16_2026-06-07 16:06:27",2026-06-07 16:07:41.5,NA,NA,NA,NA,NA,-6.96535643025318,-4.00388662225608e-07,0.00425645657612583,643.650784701544,0.192961972889647,0.999925613039361,3.16016011888238e-10,0.201789264477919,-5.95493966472065,0.0948483450567263,0.199228320557627,-6.85784973729828,TRUE,0.00128384454823963,0.00408586335866382,0.19930013245111,2026-06-07 16:07:27,2026-06-07 16:07:56,"Time changed"
"16","2026-06-07 17:06:28","Collar_16_2026-06-07 17:06:28",2026-06-07 17:07:42.5,NA,NA,NA,NA,NA,-25.8530275836864,-0.00384970893357435,0.0031069530065942,643.942393820114,0.140850440056296,0.225608743528832,0.0519810908628573,0.147293823102677,-26.1161348054398,0.177563830345659,0.142370325298948,-25.8340860924933,TRUE,-0.00362097796888358,0.00323032744795773,0.164949673236183,2026-06-07 17:07:28,2026-06-07 17:07:57,"Time changed"
"16","2026-06-07 18:06:29","Collar_16_2026-06-07 18:06:29",2026-06-07 18:07:43.5,NA,NA,NA,NA,NA,2.13205513013303,-0.00600242658840294,0.00495333234214881,643.747305642951,0.224554101287012,0.235718020561757,0.0498312182605212,0.23482661508711,2.83979678844605,0.148586687672974,0.230679764396953,2.21382599953569,TRUE,-0.00475290198539532,0.00468124584032427,0.17847382984124,2026-06-07 18:07:29,2026-06-07 18:07:58,"Time changed"
"16","2026-06-07 19:06:29","Collar_16_2026-06-07 19:06:29",2026-06-07 19:07:43.5,NA,NA,NA,NA,NA,-6.80521879663186,-0.0111203906241429,0.00426783206446661,644.939926418475,0.193477668664656,0.0145236633428875,0.195154992133253,0.202328551413968,-12.1295408528295,0.410167270805831,0.179745414656865,-6.80395098466308,TRUE,-0.0111830502333404,0.00442287349591041,0.2104270074767,2026-06-07 19:07:29,2026-06-07 19:07:58,"Time changed"
"16","2026-06-07 20:06:30","Collar_16_2026-06-07 20:06:30",2026-06-07 20:07:44.5,NA,NA,NA,NA,NA,1.16451167556666,0.00873216836371254,0.00487409685256306,645.310803234634,0.220962043874962,0.0840211501616242,0.102841209849264,0.231070234426789,1.37595482486021,0.209277059453876,0.22511988473395,1.20697245412737,TRUE,0.00953876431712199,0.00464114727686305,0.232184393211812,2026-06-07 20:07:30,2026-06-07 20:07:59,"Time changed"
"16","2026-06-07 21:06:28","Collar_16_2026-06-07 21:06:28",2026-06-07 21:07:42.5,NA,NA,NA,NA,NA,30.9538369439345,-0.000345879747366739,0.00800786017140299,645.760716118204,0.363027901180841,0.965854610663722,6.66239438062619e-05,0.379635075591493,27.0633169132578,0.231322643948166,0.345418174426615,30.9630696192048,TRUE,0.000248097714361261,0.00812637334724622,0.506838379655243,2026-06-07 21:07:28,2026-06-07 21:07:57,"Time changed"
"16","2026-06-07 22:06:25","Collar_16_2026-06-07 22:06:25",2026-06-07 22:07:39.5,NA,NA,NA,NA,NA,15.9976397949644,0.000769895341626704,0.00624108239617447,645.657686629581,0.282932892793376,0.902703863404746,0.000543187231433862,0.295876018877752,18.9549559939183,0.0346837021088984,0.301755303057063,16.1572558056725,TRUE,0.0026893989753148,0.00605787677777692,0.254441653011631,2026-06-07 22:07:25,2026-06-07 22:07:54,"Time changed"
"16","2026-06-07 23:06:27","Collar_16_2026-06-07 23:06:27",2026-06-07 23:07:41.5,NA,NA,NA,NA,NA,-0.0783833119147239,-0.00111659588574106,0.00477416891617649,646.293089375843,0.216431916195498,0.816777617912088,0.00194980346613262,0.226332870278088,-5.98052913827127,0.282529347304908,0.199143369543688,0.0316879601851703,TRUE,-0.00263818764611626,0.00478093576395901,0.232769420409671,2026-06-07 23:07:27,2026-06-07 23:07:56,"Time changed"
"29","2026-06-07 00:10:31","Collar_29_2026-06-07 00:10:31",2026-06-07 00:11:45.5,-9.20422902988931,0.0201593621402473,0.979928705905016,2.30119180370625e-05,0.194398342227978,-9.25178897603423,-0.000869844362689064,0.00409730653609894,600.809683819372,0.185747073557347,0.833413542743056,0.00160705102935584,0.194244310372482,-11.5588595386784,0.190909117675386,0.18146319339959,-9.23619828154468,TRUE,-0.000898352140234998,0.0040557825882271,0.225933787455249,2026-06-07 00:11:31,2026-06-07 00:12:00,"Time changed"
"29","2026-06-07 01:10:31","Collar_29_2026-06-07 01:10:31",2026-06-07 01:11:45.5,NA,NA,NA,NA,NA,-55.5525127312793,0.00550932393095221,0.00219782765297656,611.802580547161,0.0996362003006237,0.0150106873945393,0.0977482699933252,0.147352830081024,-53.0934004414335,0.120624409717252,0.14804774817091,-55.1276240637524,TRUE,0.0056954491500999,0.00229216160117133,0.133998394739655,2026-06-07 01:11:31,2026-06-07 01:12:00,"Time changed"
"29","2026-06-07 02:10:31","Collar_29_2026-06-07 02:10:31",2026-06-07 02:11:45.5,-17.295727992948,0.0102019897569965,0.818817484617633,0.000912093241678905,0.202681636525937,-17.2573444970354,0.000380401257589535,0.00302404652672439,612.87893159369,0.137091962168669,0.900331502127623,0.000272747317631747,0.202746477143484,-14.6645110137694,0.0234463214264127,0.203929753659902,-17.1459278874167,TRUE,0.00120480841410669,0.00308689874112642,0.219769792066954,2026-06-07 02:11:31,2026-06-07 02:12:00,"Time changed"
"29","2026-06-07 03:10:31","Collar_29_2026-06-07 03:10:31",2026-06-07 03:11:45.5,NA,NA,NA,NA,NA,-39.2291593180245,0.00785770751976774,0.00251808171434577,611.701682970665,0.114154580648808,0.00281254599642159,0.143754766505891,0.168824187138428,-44.7398860379605,0.269269505760261,0.158720923912027,-39.2087767952503,TRUE,0.00807089804193047,0.00248437544961867,0.144942246523572,2026-06-07 03:11:31,2026-06-07 03:12:00,"Time changed"
"29","2026-06-07 04:10:31","Collar_29_2026-06-07 04:10:31",2026-06-07 04:11:45.5,NA,NA,NA,NA,NA,-66.9260479280223,0.0062615781482412,0.00199908581206988,612.973322567526,0.0906264484022547,0.00271851308823927,0.144679108213803,0.134028230823457,-63.9978236824909,0.159821993981185,0.135187763226573,-66.8614232202907,TRUE,0.00667132346243214,0.00203498273596696,0.149146951692136,2026-06-07 04:11:31,2026-06-07 04:12:00,"Time changed"
"29","2026-06-07 05:10:31","Collar_29_2026-06-07 05:10:31",2026-06-07 05:11:45.5,NA,NA,NA,NA,NA,-44.4266051995198,0.00269638139220407,0.00241134657955833,613.21224853961,0.109315855804122,0.268089349097983,0.021103388950921,0.161668155518428,-43.0567964017828,0.0630878602575557,0.16096278859092,-44.4100454184154,TRUE,0.00239128801079851,0.00289602876916392,0.171194223924643,2026-06-07 05:11:31,2026-06-07 05:12:00,"Time changed"
"29","2026-06-07 06:10:31","Collar_29_2026-06-07 06:10:31",2026-06-07 06:11:45.5,-68.2514088583103,0.00304656436139464,5.53721431636992e-05,0.246195242526444,0.132556077343988,-68.6827354571054,0.0086990161827036,0.00197003423220599,612.181582617216,0.0893094256473324,4.45201798312572e-05,0.251594745399859,0.132080474589945,-64.7998799964064,0.253054513050447,0.134287207820918,-68.5797522997778,TRUE,0.00838586366815816,0.00191593895002139,0.118685708416561,2026-06-07 06:11:31,2026-06-07 06:12:00,"Time changed"
"29","2026-06-07 07:10:31","Collar_29_2026-06-07 07:10:31",2026-06-07 07:11:45.5,NA,NA,NA,NA,NA,-64.2840842240409,0.00380254715337808,0.00204358648739553,613.028500872075,0.0926438396177374,0.0678550312985113,0.0563319064563584,0.137011767972455,-65.8573816448461,0.14003970622588,0.133108999072686,-64.2500909493008,TRUE,0.00356563920462951,0.00223532754631539,0.153886259585023,2026-06-07 07:11:31,2026-06-07 07:12:00,"Time changed"
"29","2026-06-07 08:10:31","Collar_29_2026-06-07 08:10:31",2026-06-07 08:11:45.5,NA,NA,NA,NA,NA,-59.8406712876815,0.00696709099342273,0.00212067574901989,613.164659738234,0.0961386000471232,0.00173119696179546,0.156894693296371,0.142180199106635,-68.0523993224339,0.312155311764881,0.130696327364673,-59.7945164101464,TRUE,0.00683784451073062,0.00219665413471512,0.089927529489292,2026-06-07 08:11:31,2026-06-07 08:12:00,"Time changed"
"29","2026-06-07 09:10:31","Collar_29_2026-06-07 09:10:31",2026-06-07 09:11:45.5,-74.3023235624693,0.0084944230654889,0.000351052828194618,0.199205620175154,0.126037753361937,-74.0054951672657,0.00706915006272693,0.00188456040806951,614.970600025038,0.0854345599131656,0.000408772299529265,0.195234162753107,0.126349902464646,-77.2201233889158,0.28641072908388,0.12108330986307,-73.9371684813877,TRUE,0.00745472550582882,0.0022061877711921,0.117455753403174,2026-06-07 09:11:31,2026-06-07 09:12:00,"Time changed"
"29","2026-06-07 10:10:31","Collar_29_2026-06-07 10:10:31",2026-06-07 10:11:45.5,-69.1762155767208,0.0110816834178233,0.00486339765987217,0.128802152731311,0.131538430816447,-68.0213527653561,0.00535429744588891,0.00198092209686065,616.705740798366,0.0898030155164509,0.00900136574261856,0.111871167473449,0.13281044887534,-72.1850360710206,0.224850878474815,0.126271945769843,-67.8517204880839,TRUE,0.0046821582994976,0.00204283190925126,0.143875024949594,2026-06-07 10:11:31,2026-06-07 10:12:00,"Time changed"
"29","2026-06-07 11:10:31","Collar_29_2026-06-07 11:10:31",2026-06-07 11:11:45.5,-47.0185745921563,0.0399900056220413,0.0293415673682295,0.0792405590424965,0.158213607580309,-45.9701181540092,0.00470135563169856,0.00238052899599951,617.560258480698,0.107918773132926,0.0530436208138065,0.0630095568315222,0.159601997988969,-50.4790605921661,0.186897339307035,0.151308531915201,-45.5783644483273,TRUE,0.00329252974223535,0.00247118520966076,0.154960764281804,2026-06-07 11:11:31,2026-06-07 11:12:00,"Time changed"
"29","2026-06-07 11:32:54","Collar_29_2026-06-07 11:32:54",2026-06-07 11:34:01,-19.5170725706721,-0.0393669603287006,6.0384222485257e-08,0.655422137384031,0.163698879362634,-18.9509537937168,-0.0502298467447569,0.00698311826437135,604.097395741908,0.260130919032411,7.9001984983874e-08,0.648857997521816,0.165250739147364,-16.1988879462808,0.663165099089495,0.167958854406491,-18.9509537937076,TRUE,-0.0502298467447569,0.00698311826437135,0.240044062636707,2026-06-07 11:33:54,2026-06-07 11:34:08,"Time changed"
"29","2026-06-07 11:35:48","Collar_29_2026-06-07 11:35:48",2026-06-07 11:37:02.5,NA,NA,NA,NA,NA,92.6812205144875,-0.0437671329959556,0.00755908803368338,604.00538789217,0.342683289289816,3.01697168066073e-07,0.366287271802511,0.506797251862008,88.5259011369657,0.446825362400942,0.481880274959362,92.9489782555101,TRUE,-0.0428648398953036,0.0037498175396036,0.193807541687057,2026-06-07 11:36:48,2026-06-07 11:37:17,"Time changed"
"29","2026-06-07 12:30:31","Collar_29_2026-06-07 12:30:31",2026-06-07 12:31:45.5,NA,NA,NA,NA,NA,-29.2416598957513,0.0013013392171168,0.00293634408804379,603.329741745417,0.133116064542938,0.661038452922712,0.00696583691056781,0.139205628715646,-26.2602150968365,0.040115247924348,0.142028856155229,-29.1511095999533,TRUE,0.000447076895728361,0.00321400792993825,0.133386647993265,2026-06-07 12:31:31,2026-06-07 12:32:00,"Time changed"
"29","2026-06-07 13:30:31","Collar_29_2026-06-07 13:30:31",2026-06-07 13:31:45.5,-23.3468102914778,-0.0297526447974841,0.133773866359212,0.0784769224194469,0.15357663245149,-23.135078629092,0.00478979347879221,0.00325093177265542,603.511122415295,0.147377565672758,0.151807985105247,0.0719500633620083,0.154119540406335,-21.0192299242072,0.128443669439266,0.154993007375377,-23.1139975654536,TRUE,0.00488426734853289,0.00333039905527248,0.181592486193279,2026-06-07 13:31:31,2026-06-07 13:32:00,"Time changed"
"29","2026-06-07 14:30:31","Collar_29_2026-06-07 14:30:31",2026-06-07 14:31:45.5,NA,NA,NA,NA,NA,-27.8623200856611,0.00165282840960391,0.00300462959327494,603.643401989136,0.136211715954743,0.586616835298813,0.0106917125293312,0.142442894650035,-25.517521035781,0.0637967181174193,0.143797848535307,-27.6936410418916,TRUE,0.00214028923289584,0.00283838375280926,0.133817892866871,2026-06-07 14:31:31,2026-06-07 14:32:00,"Time changed"
"29","2026-06-07 15:30:31","Collar_29_2026-06-07 15:30:31",2026-06-07 15:31:45.5,NA,NA,NA,NA,NA,-23.6193503230751,-0.00304624500673005,0.00322479847405504,603.927482218039,0.146192840123265,0.352927872148013,0.0308845988932323,0.152880618075369,-20.8573343968747,0.0700623303719081,0.155411783348639,-23.5513958589881,TRUE,-0.00269799459387501,0.00333012571649755,0.152919532884182,2026-06-07 15:31:31,2026-06-07 15:32:00,"Time changed"
"29","2026-06-07 16:30:31","Collar_29_2026-06-07 16:30:31",2026-06-07 16:31:45.5,NA,NA,NA,NA,NA,-21.088724471813,0.00167424920288538,0.00336372017743481,603.599005270331,0.152490709132832,0.622555861096299,0.00877034617197275,0.159466591136214,-17.8308889403034,0.0329913589497487,0.163451942683857,-21.0523460262922,TRUE,0.00183461634977536,0.00325970446884136,0.175391426605511,2026-06-07 16:31:31,2026-06-07 16:32:00,"Time changed"
"29","2026-06-07 17:30:31","Collar_29_2026-06-07 17:30:31",2026-06-07 17:31:45.5,-23.1534464084697,-0.00459246010121579,0.0507638566200875,0.129522464316133,0.15407236706535,-23.0039809708338,-0.00652129025220126,0.0032580426974155,604.025460895811,0.14769993195237,0.0551032661514391,0.125174765937951,0.154456653742612,-20.253116322962,0.160852673458163,0.156984733570376,-22.9853405320243,TRUE,-0.00646487943929978,0.00320692058258492,0.148200478516545,2026-06-07 17:31:31,2026-06-07 17:32:00,"Time changed"
"29","2026-06-07 18:30:31","Collar_29_2026-06-07 18:30:31",2026-06-07 18:31:45.5,NA,NA,NA,NA,NA,-17.2978588234555,-0.000912313587801475,0.00358310108848906,603.311006575085,0.162436111524294,0.800880727036246,0.00230997756665208,0.16986695864623,-16.714299221771,0.109697508837881,0.166522235530715,-17.1426400000919,TRUE,-0.00210888652719278,0.0026255695252789,0.0861785180983489,2026-06-07 18:31:31,2026-06-07 18:32:00,"Time changed"
"29","2026-06-07 19:30:31","Collar_29_2026-06-07 19:30:31",2026-06-07 19:31:45.5,NA,NA,NA,NA,NA,-22.5162216609929,0.00582740469368403,0.00328463632265491,604.777572011528,0.148905525924893,0.0869162017178355,0.101053548341873,0.15571739914924,-22.7986121040727,0.220636843432456,0.150463966839592,-22.1728128227139,TRUE,0.00435412701160435,0.00302550594416194,0.162242350251818,2026-06-07 19:31:31,2026-06-07 19:32:00,"Time changed"
"29","2026-06-07 20:30:31","Collar_29_2026-06-07 20:30:31",2026-06-07 20:31:45.5,NA,NA,NA,NA,NA,-20.6113447818885,0.0038260980143202,0.00339058978900261,604.850587813701,0.153708814654684,0.268707910524607,0.0434999395556273,0.160740420448954,-17.7472029394913,0.0790378732909998,0.163680079068856,-20.416708884698,TRUE,0.00237874111039102,0.00329461901262818,0.134829284716501,2026-06-07 20:31:31,2026-06-07 20:32:00,"Time changed"
"29","2026-06-07 21:30:31","Collar_29_2026-06-07 21:30:31",2026-06-07 21:31:45.5,NA,NA,NA,NA,NA,-21.4183751632161,0.00308993141336199,0.00334528997516732,603.555134523423,0.151655195337099,0.363552013383386,0.0295690088396887,0.158592855696131,-18.7900056933195,0.0729390844912324,0.160859890277413,-21.4176179478338,TRUE,0.00316306672462721,0.00367987866147527,0.163284465365611,2026-06-07 21:31:31,2026-06-07 21:32:00,"Time changed"
"29","2026-06-07 22:30:31","Collar_29_2026-06-07 22:30:31",2026-06-07 22:31:45.5,NA,NA,NA,NA,NA,-20.4113428050722,-0.000251932552311607,0.00340191072460546,604.959533968331,0.154222037338814,0.941492214103824,0.000195830196922418,0.161277121159426,-23.305035731658,0.205454966931209,0.149199336205779,-20.4093894707098,TRUE,-0.000260589833941616,0.00275404908645109,0.106418393351265,2026-06-07 22:31:31,2026-06-07 22:32:00,"Time changed"
"29","2026-06-07 23:30:31","Collar_29_2026-06-07 23:30:31",2026-06-07 23:31:45.5,-27.209513905484,-0.0101851530078231,0.593514141488625,0.0103042930280206,0.144001149631499,-27.1570413512526,-0.00149581599678742,0.00304015634233024,604.688490060523,0.137822283680611,0.626541164212538,0.0085717162023098,0.144127139850931,-23.7629718910394,0.0283954018529375,0.148064941199824,-26.9779644995887,TRUE,-0.000432039310539792,0.00292561478453537,0.160162030625726,2026-06-07 23:31:31,2026-06-07 23:32:00,"Time changed"
"30","2026-06-07 00:13:29","Collar_30_2026-06-07 00:13:29",2026-06-07 00:14:28.5,NA,NA,NA,NA,NA,-43.5762140822584,0.00108822936493888,0.00121374156857313,600.050930407566,0.0752144463117523,0.373643805024045,0.0136704397466941,0.162817900957192,-46.5663421494088,0.122138879591703,0.156323409165039,-43.5523296619915,TRUE,0.00123026827959875,0.00125878427501106,0.171350998688175,2026-06-07 00:13:59,2026-06-07 00:14:58,NA
"30","2026-06-07 01:13:29","Collar_30_2026-06-07 01:13:29",2026-06-07 01:14:28.5,NA,NA,NA,NA,NA,-139.339619868825,0.00368373411098101,0.000701973485891932,612.834826140358,0.0435006499192098,6.88116470213361e-07,0.189216155003525,0.133171604437586,-136.642596348419,0.197972134496775,0.133587501288569,-139.267945814062,TRUE,0.00355559276145855,0.00070508595400717,0.139342533043035,2026-06-07 01:13:59,2026-06-07 01:14:58,NA
"30","2026-06-07 02:13:29","Collar_30_2026-06-07 02:13:29",2026-06-07 02:14:28.5,-112.58971453739,0.018700537014058,2.00018970575786e-11,0.317964015186529,0.148873431861395,-110.066034186462,0.0056861774563677,0.000793036229801387,613.660053918509,0.049143724227714,7.07261705088022e-11,0.303468450288028,0.15044714540122,-134.467107725955,0.450264377184765,0.134803914776314,-109.944597557762,TRUE,0.00590729693892963,0.000791482157101272,0.145352343855953,2026-06-07 02:13:59,2026-06-07 02:14:58,NA
"30","2026-06-07 03:13:30","Collar_30_2026-06-07 03:13:30",2026-06-07 03:14:29.5,NA,NA,NA,NA,NA,-78.6091847068808,0.00660715586527453,0.000904099222497777,612.72798041458,0.0560261955195274,3.49951652805555e-11,0.311579412933613,0.171516939671619,-83.5440130629492,0.360975326315097,0.166667498463009,-78.6032017458776,TRUE,0.0066489485249504,0.000929218696539128,0.205554802560637,2026-06-07 03:14:00,2026-06-07 03:14:59,NA
"30","2026-06-07 04:13:31","Collar_30_2026-06-07 04:13:31",2026-06-07 04:14:30.5,NA,NA,NA,NA,NA,-130.752554131525,0.00792261491862434,0.000727544433749861,613.773932478246,0.0450852579894944,1.54052660460214e-19,0.501229602559148,0.138022676766768,-127.074233808678,0.502564847924322,0.139020983302152,-130.600816703378,TRUE,0.00807669631582275,0.000751643320903998,0.124422148769865,2026-06-07 04:14:01,2026-06-07 04:15:00,NA
"30","2026-06-07 05:13:31","Collar_30_2026-06-07 05:13:31",2026-06-07 05:14:30.5,NA,NA,NA,NA,NA,-128.266704797104,0.00631744810143213,0.000735119286101317,613.89959616505,0.0455546646080531,4.09897381354279e-14,0.384945542549694,0.139459704320223,-132.782968354044,0.427082372628754,0.135753193962589,-128.17373707565,TRUE,0.0060979983715805,0.000794660297031404,0.125835818504591,2026-06-07 05:14:01,2026-06-07 05:15:00,NA
"30","2026-06-07 06:13:32","Collar_30_2026-06-07 06:13:32",2026-06-07 06:14:31.5,-105.963299567997,0.00891764990306367,1.23886261481754e-13,0.373460888514887,0.153041106728628,-109.556978236046,0.00693101981722531,0.000794720097516407,613.20507683929,0.0492480719580108,2.06828644745015e-14,0.391945887577017,0.150766592459801,-120.031446153354,0.461038945754646,0.14316099402229,-109.364881760873,TRUE,0.00721731512398163,0.000829292161818898,0.163522021638754,2026-06-07 06:14:02,2026-06-07 06:15:01,NA
"30","2026-06-07 07:13:31","Collar_30_2026-06-07 07:13:31",2026-06-07 07:14:30.5,NA,NA,NA,NA,NA,-117.582227903287,0.00727374735829981,0.000768585208937588,613.786309685079,0.0476285170010309,3.73283700345863e-16,0.431500023600688,0.145808534764193,-113.816843932315,0.432610431140832,0.146916442269376,-117.556474714033,TRUE,0.00733635486422169,0.000747813599662546,0.149572436075331,2026-06-07 07:14:01,2026-06-07 07:15:00,NA
"30","2026-06-07 08:13:31","Collar_30_2026-06-07 08:13:31",2026-06-07 08:14:30.5,-125.079117841537,0.0143691138984157,5.87916593623303e-18,0.469753993767342,0.141324309115757,-125.75965919158,0.00764091225352234,0.000742838607244263,614.055546958579,0.0460330238244651,4.19436330177129e-18,0.472752602350279,0.140924139092241,-122.2919145687,0.475086009177323,0.141818945293763,-125.645473179973,TRUE,0.00788921237120111,0.000767815968329271,0.126880581712136,2026-06-07 08:14:01,2026-06-07 08:15:00,NA
"30","2026-06-07 09:13:32","Collar_30_2026-06-07 09:13:32",2026-06-07 09:14:31.5,-121.180789726087,0.00582056810769633,2.44781526710726e-18,0.47750060051314,0.143638589230256,-119.219716756644,0.00779138290637409,0.000763359100605279,616.117626446662,0.0473046598845263,6.47650006636954e-18,0.468891618194497,0.144817088156072,-118.49729223572,0.483201536022634,0.144079054324241,-119.153342431561,TRUE,0.00764233731625749,0.000788865580767069,0.166900717698045,2026-06-07 09:14:02,2026-06-07 09:15:01,NA
"30","2026-06-07 10:13:32","Collar_30_2026-06-07 10:13:32",2026-06-07 10:14:31.5,-136.745795635867,0.00814556015577624,2.42093731650057e-27,0.631480441604881,0.134618675597496,-143.919633136005,0.0102597562029879,0.000688704464693979,617.575781330564,0.0426783809054887,7.00033997130065e-29,0.652865675706674,0.130654334372887,-144.493051612495,0.665846661103856,0.129288517047479,-143.82905652022,TRUE,0.0104627821380482,0.00066111444940776,0.133810002961418,2026-06-07 10:14:02,2026-06-07 10:15:01,NA
"30","2026-06-07 11:13:32","Collar_30_2026-06-07 11:13:32",2026-06-07 11:14:31.5,NA,NA,NA,NA,NA,-86.0225462077524,0.00766666778859851,0.000876599403500998,618.789767438245,0.0543220570825884,1.81242274269662e-14,0.393288456141547,0.166299940609481,-82.7856915866362,0.397134622503491,0.167194946069659,-85.8356274394231,TRUE,0.00734945934325561,0.000887254418780707,0.174824430799633,2026-06-07 11:14:02,2026-06-07 11:15:01,NA
"30","2026-06-07 11:38:48","Collar_30_2026-06-07 11:38:48",2026-06-07 11:39:47.5,NA,NA,NA,NA,NA,193.314574111353,0.0134089384440419,0.00280723354972951,601.175419313807,0.173961675679363,5.17457846150487e-06,0.162024602259961,0.532561134233566,157.022195788553,0.401025562214704,0.454119329615507,199.693891528579,TRUE,0.0117224267880821,0.00162205368825397,0.257307575490068,2026-06-07 11:39:18,2026-06-07 11:40:17,NA
"30","2026-06-07 12:33:32","Collar_30_2026-06-07 12:33:32",2026-06-07 12:34:31.5,NA,NA,NA,NA,NA,-33.3783384618097,-0.0116070961321442,0.00132139776713982,603.542884815652,0.0818858017113544,3.01866714571257e-12,0.570872080182397,0.177259489454706,-30.7812927518029,0.580789791782635,0.178300276434184,-33.3478204291123,TRUE,-0.011718464050344,0.00138662254691517,0.190236865516366,2026-06-07 12:34:02,2026-06-07 12:35:01,NA
"30","2026-06-07 13:33:31","Collar_30_2026-06-07 13:33:31",2026-06-07 13:34:30.5,NA,NA,NA,NA,NA,-42.3305982946079,-0.00818792083319095,0.0012264059811611,603.642020354669,0.075999248287174,1.02265360064261e-08,0.434552948100317,0.164516774199915,-48.5211366947386,0.522876983478288,0.15379753696295,-42.196647175395,TRUE,-0.00774669145510601,0.00127416390076919,0.170851751356839,2026-06-07 13:34:01,2026-06-07 13:35:00,NA
"30","2026-06-07 14:33:31","Collar_30_2026-06-07 14:33:31",2026-06-07 14:34:30.5,-34.0937474050948,-0.00831891178591341,6.89287575415202e-06,0.296436436726723,0.176205858113783,-31.8107314235661,-0.0061873372430599,0.00133877294643752,603.638970927953,0.0829625255579142,2.17027380987897e-05,0.269149816258448,0.179590290586722,-32.3251531362489,0.322121458294601,0.176021046812805,-31.739323215852,TRUE,-0.0060817266629388,0.00145623082013889,0.174583983998287,2026-06-07 14:34:01,2026-06-07 14:35:00,NA
"30","2026-06-07 15:36:20","Collar_30_2026-06-07 15:36:20",2026-06-07 15:37:19.5,-27.962765931014,-0.0102790336184584,0.00993686092696305,0.109143309621169,0.185442427907405,-26.1419891816304,-0.00318816159116504,0.00140353352256558,603.741806638503,0.0869756787714347,0.0268419278630777,0.0816947493791092,0.188277626789886,-33.3079044152732,0.237630561870365,0.174585392641806,-26.0151810644854,TRUE,-0.00269862692698791,0.00150944093092921,0.163562436794265,2026-06-07 15:36:50,2026-06-07 15:37:49,NA
"30","2026-06-07 16:33:31","Collar_30_2026-06-07 16:33:31",2026-06-07 16:34:30.5,NA,NA,NA,NA,NA,-46.0383916371097,0.000786348930336049,0.00118909159220656,603.240020153958,0.0736869099959379,0.511037083313209,0.00748358487791971,0.15951121894632,-56.4810169127209,0.219813393377866,0.143926781325612,-45.9704463919836,TRUE,0.00108993055582842,0.00116396426176851,0.164590279624152,2026-06-07 16:34:01,2026-06-07 16:35:00,NA
"30","2026-06-07 17:33:31","Collar_30_2026-06-07 17:33:31",2026-06-07 17:34:30.5,NA,NA,NA,NA,NA,-46.2039380528568,0.0029580635090526,0.0011874523077811,603.699111942775,0.0735853250510028,0.0156181468547387,0.0966517758022478,0.159291316410115,-42.5038871522681,0.101156481339351,0.161706148274658,-46.1814440184343,TRUE,0.00284926206874589,0.00130749554562391,0.169302024206362,2026-06-07 17:34:01,2026-06-07 17:35:00,NA
"30","2026-06-07 18:33:31","Collar_30_2026-06-07 18:33:31",2026-06-07 18:34:30.5,NA,NA,NA,NA,NA,-30.1524141812468,0.00486839721192942,0.00135740229114947,603.130261969097,0.0841169688792445,0.000688524822707063,0.181523574759793,0.182089332294401,-26.6609989173295,0.18843199768746,0.184528672370748,-30.0433222147388,TRUE,0.00449299579124179,0.00123642911404626,0.151581734808401,2026-06-07 18:34:01,2026-06-07 18:35:00,NA
"30","2026-06-07 19:33:31","Collar_30_2026-06-07 19:33:31",2026-06-07 19:34:30.5,NA,NA,NA,NA,NA,-31.4825979839364,0.00202208604145089,0.00134243875756506,604.428542100055,0.0831896924947489,0.137423130080099,0.0376458600576245,0.180082042446052,-40.2262602025455,0.221796435135421,0.164804679676322,-31.4192779149684,TRUE,0.00213138238360112,0.00141268503240009,0.177647966184451,2026-06-07 19:34:01,2026-06-07 19:35:00,NA
"30","2026-06-07 20:33:31","Collar_30_2026-06-07 20:33:31",2026-06-07 20:34:30.5,NA,NA,NA,NA,NA,-29.3406203816355,0.0220030865339585,0.00136661617810777,603.473898247566,0.0846879449617087,4.57527809449588e-23,0.817163515102835,0.183325333246376,-37.7951140490914,0.851435778346792,0.168177600095322,-29.1813790530333,TRUE,0.0224206438204284,0.00136712758313781,0.172483429859796,2026-06-07 20:34:01,2026-06-07 20:35:00,NA
"30","2026-06-07 21:33:31","Collar_30_2026-06-07 21:33:31",2026-06-07 21:34:30.5,-45.3991088726253,0.0170717475608471,1.19533746978315e-12,0.584207199780515,0.160363259601752,-40.4887041819465,0.0104590135520601,0.001245375440605,602.970183641044,0.0771747682049629,1.32151018478144e-11,0.548747460215548,0.167061440749137,-43.6013265435273,0.599191630340624,0.16023403421038,-40.4697654324521,TRUE,0.0103401884412425,0.00126360650396812,0.141751366109016,2026-06-07 21:34:01,2026-06-07 21:35:00,NA
"30","2026-06-07 22:33:31","Collar_30_2026-06-07 22:33:31",2026-06-07 22:34:30.5,-63.8329216941272,0.0255373404103765,2.05626196267608e-17,0.714229731398022,0.137527859000644,-69.0957520907907,0.012549182938284,0.000981223494003194,603.240799143379,0.0608055155400955,1.59040091867295e-18,0.738227870273326,0.131626660732479,-69.1563394600193,0.755357506342198,0.129499499899746,-68.9739212085645,TRUE,0.0126581083977142,0.0009820688656852,0.134768861235194,2026-06-07 22:34:01,2026-06-07 22:35:00,NA
"30","2026-06-07 23:33:31","Collar_30_2026-06-07 23:33:31",2026-06-07 23:34:30.5,NA,NA,NA,NA,NA,-39.1977507260722,0.00430470034171047,0.00125884544656347,604.388463492232,0.078009492059048,0.0011541070124041,0.167783532740594,0.168868380671791,-41.1288961861521,0.246114756374941,0.163569675046584,-39.1667188985624,TRUE,0.00452273608295747,0.00132789209419187,0.182217542135694,2026-06-07 23:34:01,2026-06-07 23:35:00,NA
"31","2026-06-07 00:16:28","Collar_31_2026-06-07 00:16:28",2026-06-07 00:17:27.5,NA,NA,NA,NA,NA,-36.8452776367454,0.0092438127596531,0.00128376726500269,600.388467142176,0.0795538741775511,1.34925455439515e-09,0.471996336328618,0.17221152905805,-34.8245094882293,0.489129555429308,0.172392801454297,-36.8364620019517,TRUE,0.00918126741588803,0.00133487880617037,0.169218349123152,2026-06-07 00:16:58,2026-06-07 00:17:57,NA
"31","2026-06-07 01:16:30","Collar_31_2026-06-07 01:16:30",2026-06-07 01:17:29.5,NA,NA,NA,NA,NA,-66.7684587743293,0.00751480844514225,0.000949822829388418,613.652928282646,0.0588596452955772,1.52671246831894e-12,0.346610005027693,0.18019117910185,-65.3586204438904,0.360562101901777,0.179787081425658,-66.7563604947956,TRUE,0.00761437168844026,0.00101250131406396,0.210735377955935,2026-06-07 01:17:00,2026-06-07 01:17:59,NA
"31","2026-06-07 02:16:28","Collar_31_2026-06-07 02:16:28",2026-06-07 02:17:27.5,-79.5428676254593,0.0180732568617034,6.40107914591133e-07,0.190177248334392,0.170850975772971,-80.2895758687428,0.00480300823696663,0.000897791163519104,614.74653435573,0.0556352909186901,4.38097174512916e-07,0.195200780191193,0.170320235875878,-77.0072124262143,0.199999361912493,0.17126935109262,-80.254604501048,TRUE,0.00469400291195935,0.000907236325463805,0.140626896193209,2026-06-07 02:16:58,2026-06-07 02:17:57,NA
"31","2026-06-07 03:16:29","Collar_31_2026-06-07 03:16:29",2026-06-07 03:17:28.5,NA,NA,NA,NA,NA,-69.4210061609557,0.0065354005164911,0.000939382919468794,613.718846879972,0.0582126937002123,2.07760717258658e-10,0.290871908411939,0.17821062060196,-67.8834957418894,0.305275455014503,0.177905579272062,-69.2304049368051,TRUE,0.00637467934863561,0.000973617079313105,0.197272512431257,2026-06-07 03:16:59,2026-06-07 03:17:58,NA
"31","2026-06-07 04:16:30","Collar_31_2026-06-07 04:16:30",2026-06-07 04:17:29.5,NA,NA,NA,NA,NA,-121.931216520573,0.00651663694109791,0.000754783269578819,614.947631349468,0.046773223540069,3.30816808193388e-14,0.387147509496168,0.143190164632418,-118.460695972209,0.389845659228625,0.144101025812014,-121.806430097664,TRUE,0.0062541975994211,0.000713156274809334,0.152469025348167,2026-06-07 04:17:00,2026-06-07 04:17:59,NA
"31","2026-06-07 05:16:30","Collar_31_2026-06-07 05:16:30",2026-06-07 05:17:29.5,NA,NA,NA,NA,NA,-102.618076414626,0.00314337994466183,0.000818032498463851,615.093970383067,0.0506927199579313,0.000197568929365762,0.111215906740269,0.155189195164686,-99.1267932456427,0.114975760084714,0.156189896116321,-102.04209806711,TRUE,0.00252872633705787,0.000730180069754644,0.121412133772103,2026-06-07 05:17:00,2026-06-07 05:17:59,NA
"31","2026-06-07 06:16:31","Collar_31_2026-06-07 06:16:31",2026-06-07 06:17:30.5,-107.272219697042,0.00861126942406815,1.40344089866521e-18,0.48236077992661,0.152208717875587,-105.546708371878,0.00834757874704123,0.000808111005259425,614.232958154822,0.0500778941685881,3.30314249964475e-18,0.474863738673987,0.153306985658195,-104.121271169692,0.486010373000527,0.152973120824776,-105.410686852996,TRUE,0.00853300871863319,0.000814543424311834,0.166611467391694,2026-06-07 06:17:01,2026-06-07 06:18:00,NA
"31","2026-06-07 07:16:30","Collar_31_2026-06-07 07:16:30",2026-06-07 07:17:29.5,NA,NA,NA,NA,NA,-98.6269853006259,0.00561286589399153,0.000831749747478015,614.984179748085,0.0515427652362962,5.90395490136827e-10,0.278459797559489,0.157791498665316,-96.0496713831366,0.286963664928429,0.158205352869614,-98.5929961436105,TRUE,0.00558482020296824,0.000856966898356353,0.146791436176615,2026-06-07 07:17:00,2026-06-07 07:17:59,NA
"31","2026-06-07 08:16:31","Collar_31_2026-06-07 08:16:31",2026-06-07 08:17:30.5,NA,NA,NA,NA,NA,-116.706806843207,0.00464715834578434,0.000771393810126431,615.406299889859,0.0478025634280455,1.98099769532328e-08,0.235221205905305,0.146341355353661,-116.099470159503,0.256540390459703,0.145525752287549,-115.848116002749,TRUE,0.00518585722141146,0.000808322718993999,0.118556417673514,2026-06-07 08:17:01,2026-06-07 08:18:00,NA
"31","2026-06-07 09:16:32","Collar_31_2026-06-07 09:16:32",2026-06-07 09:17:31.5,-106.097609650718,0.0174387585863386,5.82028177679461e-21,0.527967407096262,0.152955485006803,-104.372068717228,0.00920242957960441,0.000812075863478004,617.419559566344,0.0503235927780256,1.36816650229451e-20,0.521130774851939,0.154059160121971,-104.566948368887,0.53758155174277,0.152689315118102,-104.078850483162,TRUE,0.00949324182755543,0.000731728665573791,0.162635750382507,2026-06-07 09:17:02,2026-06-07 09:18:01,NA
"31","2026-06-07 10:16:31","Collar_31_2026-06-07 10:16:31",2026-06-07 10:17:30.5,-93.8444787367399,0.0178568406392,9.90922576098743e-16,0.422118225326935,0.160967365154249,-94.2130403311276,0.00789396498627892,0.00084718835479164,619.392861182052,0.052499481501921,8.25022371696442e-16,0.42389037772205,0.160720361574753,-90.5052476025878,0.425291532920686,0.161902719282435,-94.2113011438256,TRUE,0.00792898504170257,0.000827712833606041,0.164488755975183,2026-06-07 10:17:01,2026-06-07 10:18:00,NA
"31","2026-06-07 11:16:32","Collar_31_2026-06-07 11:16:32",2026-06-07 11:17:31.5,-106.155359110567,0.0112883250388244,1.04423516772362e-20,0.52330243059616,0.152918684865122,-106.16008188247,0.00917430821980699,0.000806048334338855,620.260276426144,0.0499500723527822,1.04179513520522e-20,0.523321191342747,0.152915675727778,-102.977294019688,0.526556393711589,0.153704018691003,-106.090874022842,TRUE,0.00919205522692611,0.000726162471256149,0.133879213848958,2026-06-07 11:17:02,2026-06-07 11:18:01,NA
"31","2026-06-07 11:41:47","Collar_31_2026-06-07 11:41:47",2026-06-07 11:42:46.5,263.873823623118,0.0116082330382358,3.96389143447514e-08,0.226411410487343,0.714579723114417,269.109056686311,0.0203798182322459,0.00384975627304066,600.940850437386,0.238565847960823,5.61539681789211e-07,0.191915092637865,0.730338438528162,224.27673698037,0.462068548314695,0.600995387041186,275.269496202002,TRUE,0.0175379214989436,0.00223480279035812,0.383155950565552,2026-06-07 11:42:17,2026-06-07 11:43:16,NA
"31","2026-06-07 12:36:31","Collar_31_2026-06-07 12:36:31",2026-06-07 12:37:30.5,-50.2981312522092,-0.0140517085574366,4.81519147833668e-12,0.563992394223567,0.153948237817775,-47.8266631340311,-0.00977745700499586,0.00117150281895584,603.733209433159,0.0725969499289764,1.61498181042571e-11,0.545657725338215,0.157151765158756,-48.9313950464739,0.582713950048981,0.15327262872405,-47.8137644678033,TRUE,-0.00969482356551467,0.00123763462374008,0.160125327802574,2026-06-07 12:37:01,2026-06-07 12:38:00,NA
"31","2026-06-07 13:36:32","Collar_31_2026-06-07 13:36:32",2026-06-07 13:37:31.5,NA,NA,NA,NA,NA,-13.3612434702355,-0.00359321818721087,0.00156126941163496,603.576466734105,0.0967504264335685,0.0249765505114583,0.0836815849473159,0.209437177578019,-39.7695308756155,0.447993882376822,0.16543313431145,-13.3349267124877,TRUE,-0.00334422177538589,0.00148222173969807,0.213768795707765,2026-06-07 13:37:02,2026-06-07 13:38:01,NA
"31","2026-06-07 14:36:30","Collar_31_2026-06-07 14:36:30",2026-06-07 14:38:19.5,NA,NA,NA,NA,NA,-41.7632897308037,0.000554427597969863,0.00123221762962682,603.287444446847,0.07635939078606,0.654428808978338,0.00347835247039963,0.165296380360559,-38.6228530283184,0.0176528019644911,0.167021532230671,-41.4188547691497,TRUE,0.000305597770676115,0.00115891255861489,0.144927790746541,2026-06-07 14:37:50,2026-06-07 14:38:49,"Time changed"
"31","2026-06-07 15:39:28","Collar_31_2026-06-07 15:39:28",2026-06-07 15:40:27.5,NA,NA,NA,NA,NA,-20.1297017324463,-0.00864641476378259,0.00147564531663937,603.905872090642,0.0914443801855117,2.32158959350157e-07,0.371836955628499,0.19795109538432,-16.1765099563042,0.372326817797179,0.201376360706467,-19.7377864549576,TRUE,-0.00779534433380851,0.00147766605627177,0.176974200654793,2026-06-07 15:39:58,2026-06-07 15:40:57,NA
"31","2026-06-07 16:36:30","Collar_31_2026-06-07 16:36:30",2026-06-07 16:37:29.5,NA,NA,NA,NA,NA,-26.9961310267655,0.00735284771522278,0.00139357885323681,602.952804629354,0.0863587970882439,2.04877317086205e-06,0.324313635694066,0.186942253258321,-43.7572675133571,0.521952514881026,0.160025944024648,-26.860044651151,TRUE,0.0068474844792862,0.00144302200696586,0.196272769131785,2026-06-07 16:37:00,2026-06-07 16:37:59,NA
"31","2026-06-07 17:36:30","Collar_31_2026-06-07 17:36:30",2026-06-07 17:37:29.5,NA,NA,NA,NA,NA,-43.0015227851793,-0.00046818826118615,0.00121956823229361,603.556765286816,0.0755755192921367,0.702458757600772,0.00253453742340431,0.163599521345846,-41.1985023810298,0.0383974673318804,0.163474823702937,-42.9031379899643,TRUE,-0.000661871027762778,0.00127873360909336,0.158999659364743,2026-06-07 17:37:00,2026-06-07 17:37:59,NA
"31","2026-06-07 18:36:32","Collar_31_2026-06-07 18:36:32",2026-06-07 18:37:31.5,NA,NA,NA,NA,NA,-40.7622903105117,0.00173815157001609,0.00124253936275325,603.797068636823,0.076999019074473,0.167176780552049,0.0326374526037487,0.166680993828038,-40.7007768004366,0.0940973015350082,0.164154278500157,-40.6529843363498,TRUE,0.00213187654298813,0.00127190835386901,0.159873151261084,2026-06-07 18:37:02,2026-06-07 18:38:01,NA
"31","2026-06-07 19:36:30","Collar_31_2026-06-07 19:36:30",2026-06-07 19:37:29.5,NA,NA,NA,NA,NA,-38.7719570541497,0.0188863502462745,0.00126332011743824,603.112913563942,0.0782867832889007,1.48362769860885e-21,0.793957807499016,0.169468637380606,-42.4935011099275,0.818838560466935,0.161720144604532,-38.7596882515855,TRUE,0.0187806071707355,0.0013899371592556,0.135272369796186,2026-06-07 19:37:00,2026-06-07 19:37:59,NA
"31","2026-06-07 20:36:32","Collar_31_2026-06-07 20:36:32",2026-06-07 20:37:31.5,NA,NA,NA,NA,NA,-42.2479332194044,0.00641729080534291,0.00122725111341204,603.843481794761,0.0760516203538152,2.43739871012443e-06,0.320384678226684,0.164630144840496,-47.2348841535656,0.414922440224899,0.155454924278493,-42.2298348977607,TRUE,0.00635638883477729,0.00127437312282802,0.176257312289196,2026-06-07 20:37:02,2026-06-07 20:38:01,NA
"31","2026-06-07 21:36:30","Collar_31_2026-06-07 21:36:30",2026-06-07 21:37:29.5,NA,NA,NA,NA,NA,-26.8947363580877,0.00648832805555916,0.00139475686306722,602.677624259302,0.0864317972716747,1.95052142736434e-05,0.271727914801398,0.187100277909415,-30.4536008132113,0.357932365695789,0.178787838200088,-26.7041720174353,TRUE,0.00603025561218194,0.00138927266646005,0.14286081164219,2026-06-07 21:37:00,2026-06-07 21:37:59,NA
"31","2026-06-07 22:36:32","Collar_31_2026-06-07 22:36:32",2026-06-07 22:37:31.5,NA,NA,NA,NA,NA,-10.3461836019089,0.00722417405411442,0.00160099404535027,603.626802649962,0.0992121253711334,3.18324574425506e-05,0.259834942232294,0.214766056183887,-14.2213202081564,0.350877834444725,0.204684311121192,-10.3016458526003,TRUE,0.00689707574868956,0.00162816975794019,0.25032822635391,2026-06-07 22:37:02,2026-06-07 22:38:01,NA
"31","2026-06-07 23:36:30","Collar_31_2026-06-07 23:36:30",2026-06-07 23:37:29.5,0.564272578226269,0.00619610747447789,0.260017685713845,0.0218209171437503,0.235207897460874,1.5179527772601,0.00105871281364197,0.00176736991510338,604.095294306125,0.109522284672859,0.551483605551244,0.00614886231516132,0.23708462101229,-22.4215411833922,0.376137992627133,0.191164377222118,1.88706785860735,TRUE,0.00156236039034287,0.00174829437564945,0.230386505472204,2026-06-07 23:37:00,2026-06-07 23:37:59,NA
"32","2026-06-07 00:19:28","Collar_32_2026-06-07 00:19:28",2026-06-07 00:20:27.5,NA,NA,NA,NA,NA,-68.422260698701,0.00144012566447293,0.00098674602338125,599.599979621142,0.0611477415955969,0.149831137621104,0.0354240684047953,0.132367482884897,-64.8603642943965,0.0424414873224387,0.134219539313576,-68.3956507763679,TRUE,0.00141154664127638,0.000990964366936196,0.123576892451798,2026-06-07 00:19:58,2026-06-07 00:20:57,NA
"32","2026-06-07 01:19:28","Collar_32_2026-06-07 01:19:28",2026-06-07 01:20:27.5,-132.338450826281,0.0124871210644806,5.81370451651664e-14,0.381338848042812,0.13711364303243,-126.191999129386,0.00589533166383314,0.000741501650158792,614.894048341431,0.0459501738261376,1.24571149116527e-12,0.348825183438929,0.140670504555162,-144.014956994271,0.457102704468786,0.129546324346973,-126.165474766462,TRUE,0.00598462781442345,0.000749610059023232,0.12465166135995,2026-06-07 01:19:58,2026-06-07 01:20:57,NA
"32","2026-06-07 02:19:28","Collar_32_2026-06-07 02:19:28",2026-06-07 02:20:27.5,-104.400043936265,0.00370484596194264,4.55780215036774e-10,0.281553998927301,0.15404120350708,-102.750503549958,0.00542328887359378,0.000817581249218812,615.786417202365,0.0506647564581279,1.04318150455773e-09,0.27160992828368,0.155103588532568,-102.173931249609,0.292096239233352,0.154219381116965,-102.620073331388,TRUE,0.00533133991430847,0.000889314602092149,0.15908539160042,2026-06-07 02:19:58,2026-06-07 02:20:57,NA
"32","2026-06-07 03:19:29","Collar_32_2026-06-07 03:19:29",2026-06-07 03:20:28.5,NA,NA,NA,NA,NA,-92.1128214199659,0.00458943792337225,0.000854634558661552,614.941503370372,0.0529609158926524,4.0034398951786e-07,0.196390746529577,0.162132983185476,-89.1864029755188,0.203548182346617,0.162794853807641,-92.0561188908868,TRUE,0.00450652643993204,0.000888695546108904,0.164324832213641,2026-06-07 03:19:59,2026-06-07 03:20:58,NA
"32","2026-06-07 04:19:30","Collar_32_2026-06-07 04:19:30",2026-06-07 04:20:29.5,-114.899521328842,0.0232288544083626,4.01537542468143e-09,0.255150493372063,0.147447517572975,-113.643837066646,0.00486495573957158,0.000781301716206138,616.168272719117,0.0484165472357931,7.55474895215813e-09,0.24731544003284,0.14822098724257,-111.113620918138,0.256478241672122,0.148580579572,-113.36359509099,TRUE,0.00445585095130428,0.000813648301546152,0.138121990119354,2026-06-07 04:20:00,2026-06-07 04:20:59,NA
"32","2026-06-07 05:19:28","Collar_32_2026-06-07 05:19:28",2026-06-07 05:20:27.5,NA,NA,NA,NA,NA,-93.1795731995562,0.00463666690578473,0.000850844309448285,616.012469413998,0.0527260376423387,2.80650180682062e-07,0.201066686645444,0.161413933849435,-90.2312843516873,0.208038151120968,0.162087638953611,-93.0162679287411,TRUE,0.00433122690587476,0.000819872270183107,0.15024530300581,2026-06-07 05:19:58,2026-06-07 05:20:57,NA
"32","2026-06-07 06:19:31","Collar_32_2026-06-07 06:19:31",2026-06-07 06:20:30.5,-141.786794634491,0.00710635387496624,5.29252190842805e-10,0.279768514139444,0.131820611426611,-142.251409279678,0.00472766089516447,0.000693508279256569,615.566989828025,0.0429760688663075,4.19199391376192e-10,0.282551706831056,0.131565667500958,-148.018373619995,0.338632599789798,0.127403298224079,-142.241306790672,TRUE,0.00474277711019616,0.000698670914354396,0.13531708272995,2026-06-07 06:20:01,2026-06-07 06:21:00,NA
"32","2026-06-07 07:19:28","Collar_32_2026-06-07 07:19:28",2026-06-07 07:20:27.5,NA,NA,NA,NA,NA,-62.2089152813157,0.00550668081955421,0.000968040155827562,616.109268203618,0.0599885562242944,9.47854190363704e-08,0.215210804557471,0.183647193665393,-63.2839815094727,0.247709221827039,0.181347956728413,-61.5600396731278,TRUE,0.00544510702488946,0.00104435907182009,0.16053514765586,2026-06-07 07:19:58,2026-06-07 07:20:57,NA
"32","2026-06-07 08:19:31","Collar_32_2026-06-07 08:19:31",2026-06-07 08:20:30.5,NA,NA,NA,NA,NA,-118.268381864857,0.00524899595101634,0.000766390981278358,616.53543200607,0.0474925427353847,3.57349905468611e-10,0.28445175530557,0.145392267164699,-114.463857076891,0.285616406003731,0.146520905381767,-117.695751636574,TRUE,0.0046836076634109,0.0007467415058928,0.128552418823126,2026-06-07 08:20:01,2026-06-07 08:21:00,NA
"32","2026-06-07 09:19:32","Collar_32_2026-06-07 09:19:32",2026-06-07 09:20:31.5,NA,NA,NA,NA,NA,-126.387188940943,0.00705114480498327,0.000740898838791833,618.845279100833,0.045912818161332,2.79482540633761e-16,0.434252357342916,0.140556145026597,-123.870336625864,0.441201717567569,0.140889296717717,-126.371197709184,TRUE,0.00695827078397831,0.000782741454294996,0.142953654171342,2026-06-07 09:20:02,2026-06-07 09:21:01,NA
"32","2026-06-07 10:19:31","Collar_32_2026-06-07 10:19:31",2026-06-07 10:20:30.5,NA,NA,NA,NA,NA,-148.229140446585,0.00700638266115468,0.000676448261393453,621.003318284865,0.0419188752833677,2.83592783075585e-18,0.476207255155356,0.128329206300891,-153.759447424393,0.516197456180768,0.124391828479077,-146.430254877913,TRUE,0.00730601835463851,0.00061187107992378,0.0835952110613903,2026-06-07 10:20:01,2026-06-07 10:21:00,NA
"32","2026-06-07 11:19:32","Collar_32_2026-06-07 11:19:32",2026-06-07 11:20:24,-98.6494971799289,0.0220529390633815,3.25817820973821e-21,0.639757184551999,0.13682012107571,-100.605186513426,0.0139661886659225,0.00109848846493226,621.5949220012,0.0588759758294334,1.2451294659067e-21,0.647500779832897,0.13534162499839,-99.4156469984658,0.658338298284244,0.134785311481301,-99.9975058823034,TRUE,0.0134690474409175,0.000999152648770332,0.110664024712837,2026-06-07 11:20:02,2026-06-07 11:20:46,"Time changed"
"32","2026-06-07 11:44:47","Collar_32_2026-06-07 11:44:47",2026-06-07 11:45:46.5,NA,NA,NA,NA,NA,208.183633517408,0.0117972822361458,0.00298665463760094,601.486164858191,0.185080235124243,0.000133449746853951,0.11678293168805,0.566599163620697,176.048300584133,0.346434193574725,0.491585283202878,213.305897601611,TRUE,0.00980470966824221,0.00173471032260919,0.326128795562202,2026-06-07 11:45:17,2026-06-07 11:46:16,NA
"32","2026-06-07 12:39:31","Collar_32_2026-06-07 12:39:31",2026-06-07 12:40:30.5,-40.7715665545251,-0.0542105147946943,7.06707972592252e-18,0.724498039723179,0.166668109546276,-28.4107407439783,-0.0146616813892867,0.00137724721950248,604.167694960811,0.0853467407984208,2.90223155800359e-15,0.661471424293767,0.184751439008668,-47.2502175123934,0.768645639953973,0.155435061829716,-28.3866489467368,TRUE,-0.0147228884268874,0.00132610145227592,0.160455031756652,2026-06-07 12:40:01,2026-06-07 12:41:00,NA
"32","2026-06-07 13:39:32","Collar_32_2026-06-07 13:39:32",2026-06-07 13:40:31.5,-48.2859751728583,-0.0142101350738246,8.2341383118438e-17,0.700322761252668,0.156551400722113,-37.6262709351065,-0.0130093520988064,0.00127543928122499,604.100586881724,0.0790377966986608,1.48301233093349e-14,0.642059145468705,0.171094367981095,-57.9966660221206,0.76154168611681,0.142120359116438,-36.9668023151585,TRUE,-0.012303454803826,0.00115916824267663,0.149433362105426,2026-06-07 13:40:02,2026-06-07 13:41:01,NA
"32","2026-06-07 14:39:30","Collar_32_2026-06-07 14:39:30",2026-06-07 14:40:29.5,NA,NA,NA,NA,NA,-40.6835235701778,-0.0128289883429773,0.00124335522027862,604.238950481155,0.077049577013353,9.60381852256352e-15,0.647334818540141,0.166790437397576,-36.7150695472952,0.647520189267424,0.169698093100859,-40.6440259262489,TRUE,-0.013071618586417,0.00132588068846881,0.181384187238865,2026-06-07 14:40:00,2026-06-07 14:40:59,NA
"32","2026-06-07 15:42:26","Collar_32_2026-06-07 15:42:26",2026-06-07 15:43:25.5,-37.769694959512,-0.0165178707816805,0.000277729442272745,0.205289809397552,0.170889998113469,-35.9100023896176,-0.00462077322429125,0.00129381198946405,603.629792957063,0.0801763364943052,0.00072186291211637,0.180272158763621,0.173558983075311,-35.8530713679563,0.232410896928624,0.170921477213046,-35.8361186777769,TRUE,-0.00490493328686563,0.00134408559800738,0.194630051076413,2026-06-07 15:42:56,2026-06-07 15:43:55,NA
"32","2026-06-07 16:39:28","Collar_32_2026-06-07 16:39:28",2026-06-07 16:40:27.5,-42.8915293351156,-0.0155524302665241,0.00165694668837185,0.158076003658437,0.163749547391365,-42.7963835867406,-0.00401117355368324,0.00122165485906951,603.58516255165,0.0757048256302171,0.00174116815878157,0.156739853051219,0.163879432820025,-40.6406657911273,0.182265697496741,0.164236528093572,-42.7178197471307,TRUE,-0.00367755181480489,0.00117965910154335,0.17752574104379,2026-06-07 16:39:58,2026-06-07 16:40:57,NA
"32","2026-06-07 17:39:28","Collar_32_2026-06-07 17:39:28",2026-06-07 17:40:27.5,NA,NA,NA,NA,NA,-49.0112580839507,-0.00739239364309393,0.00115999507643787,604.151108875121,0.0718838257317015,3.28545454467839e-08,0.411838240086313,0.155608053935504,-46.3589892225972,0.424902365039089,0.156593760310023,-48.9458961608175,TRUE,-0.00765469442139136,0.00119896027012262,0.142595456030358,2026-06-07 17:39:58,2026-06-07 17:40:57,NA
"32","2026-06-07 18:39:30","Collar_32_2026-06-07 18:39:30",2026-06-07 18:40:29.5,-38.6209706905241,-0.00511559483858926,0.00430523875787419,0.132140679629699,0.169682000358764,-39.3080332675651,-0.00389696787838413,0.00125768907238443,603.817271133217,0.0779378326169904,0.00299753204947485,0.142021890921272,0.168713258344742,-35.673384151323,0.147230401385303,0.171177605631894,-39.2955333472184,TRUE,-0.00402763467632315,0.001265228369602,0.167220620722382,2026-06-07 18:40:00,2026-06-07 18:40:59,NA
"32","2026-06-07 19:39:28","Collar_32_2026-06-07 19:39:28",2026-06-07 19:40:27.5,NA,NA,NA,NA,NA,-36.7952453169278,0.00289216696442004,0.0012843026253869,604.116373187307,0.0795870499671241,0.0281279314658978,0.0804045799798788,0.172283345214197,-36.3960258714946,0.13396891466037,0.170149869264431,-36.3718802260725,TRUE,0.00347121924136884,0.00109974764860144,0.145001630929855,2026-06-07 19:39:58,2026-06-07 19:40:57,NA
"32","2026-06-07 20:39:31","Collar_32_2026-06-07 20:39:31",2026-06-07 20:40:30.5,NA,NA,NA,NA,NA,-23.1298351916553,0.000576649648055326,0.00143920990332388,604.005067178666,0.0891865112044847,0.690134527609755,0.00276024337110113,0.193063450707612,-35.4813538238167,0.240647642668476,0.171451752356006,-23.0548980384472,TRUE,0.000407636252803599,0.00152962571782057,0.210611938763594,2026-06-07 20:40:01,2026-06-07 20:41:00,NA
"32","2026-06-07 21:39:29","Collar_32_2026-06-07 21:39:29",2026-06-07 21:40:28.5,NA,NA,NA,NA,NA,-34.7044609846903,0.0041966685138004,0.00130687536412012,603.58734729585,0.080985861781368,0.0021570253820698,0.150953879582896,0.175311375261581,-56.2102787656428,0.444973119978721,0.144251868494715,-34.6911144168532,TRUE,0.00413545838966369,0.00136053654669966,0.194744577898865,2026-06-07 21:39:59,2026-06-07 21:40:58,NA
"32","2026-06-07 22:39:31","Collar_32_2026-06-07 22:39:31",2026-06-07 22:40:30.5,NA,NA,NA,NA,NA,-15.6496549959255,0.00340908291372524,0.00153177795025411,603.452318705833,0.0949228677537642,0.0299444808106151,0.0786802762251897,0.20548103241292,-20.1404550979514,0.20025431011563,0.194832988503447,-15.6362186377934,TRUE,0.00334135826191296,0.00170228154822258,0.226620501914981,2026-06-07 22:40:01,2026-06-07 22:41:00,NA
"32","2026-06-07 23:39:30","Collar_32_2026-06-07 23:39:30",2026-06-07 23:40:29.5,NA,NA,NA,NA,NA,-16.291704502584,0.00837116548443828,0.00152360419226465,603.712795579757,0.0944163475048234,9.13650196181973e-07,0.342310619585583,0.204384560022723,-55.2854964236667,0.678766088204061,0.14536784295084,-16.2116910331985,TRUE,0.00879166506077657,0.00150617239668478,0.181232623276008,2026-06-07 23:40:00,2026-06-07 23:40:59,NA
"38","2026-06-07 00:22:32","Collar_38_2026-06-07 00:22:32",2026-06-07 00:23:31.5,NA,NA,NA,NA,NA,101.300558481276,0.0706269709059064,0.00405931496699335,630.136032287323,0.251552007077047,1.08805524581986e-24,0.839208773346525,0.544538606374797,26.7170101497393,0.95660340468274,0.287902418893363,101.352283510023,TRUE,0.0706155834114068,0.00423930596788354,0.572708712812601,2026-06-07 00:23:02,2026-06-07 00:24:01,NA
"38","2026-06-07 00:43:43","Collar_38_2026-06-07 00:43:43",2026-06-07 00:44:42.5,NA,NA,NA,NA,NA,27.8136903865698,-0.000970596719264821,0.00220036589969943,634.288387999466,0.136354646750473,0.660775542541792,0.00334353075921684,0.295169059380584,31.6708785226567,0.00571294926586837,0.300036410575435,28.0539480813644,TRUE,-0.000853263928753619,0.00245606463685811,0.276776790823299,2026-06-07 00:44:13,2026-06-07 00:45:12,NA
"38","2026-06-07 01:43:43","Collar_38_2026-06-07 01:43:43",2026-06-07 01:44:42.5,22.4022491093359,0.00605703263314673,0.597289603371972,0.00237250417350167,0.261272261088733,22.2693983652319,-0.000883123213087286,0.00137645487721645,634.797237569455,0.0852976400772488,0.52238209250813,0.00347635598901934,0.261127675216887,24.188857720411,0.0206050062372887,0.261095897214391,22.356511612039,TRUE,-0.00109814235336958,0.00144497894278388,0.24816722072452,2026-06-07 01:44:13,2026-06-07 01:45:12,NA
"38","2026-06-07 02:43:42","Collar_38_2026-06-07 02:43:42",2026-06-07 02:44:41.5,NA,NA,NA,NA,NA,4.5841140769922,0.00535691426334807,0.00127867269094858,635.385603849676,0.0792381681190328,5.42298013030635e-05,0.129481211196483,0.242577386790878,1.04675899040499,0.182477806423898,0.237095342849446,4.9646787409899,TRUE,0.00485431502507499,0.00131039039243054,0.253250240917967,2026-06-07 02:44:12,2026-06-07 02:45:11,NA
"38","2026-06-07 03:43:43","Collar_38_2026-06-07 03:43:43",2026-06-07 03:44:42.5,NA,NA,NA,NA,NA,40.0087162885622,0.000540055125272043,0.00148204825775993,635.677159872203,0.09184116454523,0.71621316315557,0.00112403814160364,0.281159827694978,40.4034210743711,0.0306880578088178,0.27934524183101,40.1568442305402,TRUE,0.00037069129784791,0.00158406069442403,0.275390487028433,2026-06-07 03:44:13,2026-06-07 03:45:12,NA
"38","2026-06-07 04:43:40","Collar_38_2026-06-07 04:43:40",2026-06-07 04:44:39.5,NA,NA,NA,NA,NA,67.8855436947258,-0.00365675340774028,0.00166458948330785,636.194045725211,0.103153076046124,0.0299897153975332,0.0392904634085864,0.315789779353809,65.9482295897995,0.0856673137702324,0.310717812477743,67.9738246925171,TRUE,-0.00335792719993379,0.00167259819023051,0.33346444464542,2026-06-07 04:44:10,2026-06-07 04:45:09,NA
"38","2026-06-07 05:43:40","Collar_38_2026-06-07 05:43:40",2026-06-07 05:44:39.5,28.9615294945196,0.0137320081786246,1.89428685148955e-05,0.144160833186209,0.268511392843633,29.033551437001,0.00629890455623573,0.00141580069803016,634.829007385188,0.087735864328449,1.96574142028406e-05,0.143647019016706,0.268591982902267,29.2113289198267,0.170493622641892,0.266617414268426,29.0387635851577,TRUE,0.00621670061131202,0.00159914433663587,0.245737149722305,2026-06-07 05:44:10,2026-06-07 05:45:09,NA
"38","2026-06-07 06:43:40","Collar_38_2026-06-07 06:43:40",2026-06-07 06:44:39.5,NA,NA,NA,NA,NA,25.1377732829425,-0.000200286990390538,0.00139300436234473,637.091667494133,0.0863231964171633,0.885918988309943,0.000175163027196602,0.264267283095878,26.1741520738696,0.0245652615569095,0.263264655774743,25.3866945342422,TRUE,0.000170213240958434,0.00137187645260032,0.223550605667823,2026-06-07 06:44:10,2026-06-07 06:45:09,NA
"38","2026-06-07 07:43:44","Collar_38_2026-06-07 07:43:44",2026-06-07 07:44:43.5,NA,NA,NA,NA,NA,52.7750773944776,0.00295368190765204,0.00156301751940585,635.416869979277,0.0968587550609185,0.0612476918027217,0.0293744317409072,0.296520531055181,52.0347882540921,0.0669690528012574,0.29321686026511,53.707510946853,TRUE,0.00326604282610253,0.00146044939614303,0.271727964513706,2026-06-07 07:44:14,2026-06-07 07:45:13,NA
"38","2026-06-07 08:43:41","Collar_38_2026-06-07 08:43:41",2026-06-07 08:44:40.5,NA,NA,NA,NA,NA,58.5537820205817,0.00232184568496779,0.00160110849085702,634.125441344387,0.0992192174537033,0.149669860449213,0.0175094124967322,0.303746780884679,54.6091678618473,0.0804488729864137,0.296379004049573,58.6852586082557,TRUE,0.0017461021171788,0.00160498752233127,0.31018492331323,2026-06-07 08:44:11,2026-06-07 08:45:10,NA
"38","2026-06-07 09:43:39","Collar_38_2026-06-07 09:43:39",2026-06-07 09:44:38.45,49.0275584737792,-0.0123713315519277,3.07941182748978e-07,0.1998473476759,0.291926424193048,50.0404629596847,-0.00823288310326169,0.00154945424925713,639.271408952467,0.0959238164256919,5.1487189810915e-07,0.193064777456,0.293161084364696,47.2524293675425,0.237443618281879,0.28743190422503,50.0804279676647,TRUE,-0.0083057663422103,0.00157956759753113,0.364712306379819,2026-06-07 09:44:09,2026-06-07 09:45:08,NA
"38","2026-06-07 10:43:39","Collar_38_2026-06-07 10:43:39",2026-06-07 10:44:38.5,NA,NA,NA,NA,NA,100.341635857241,0.0018614794973963,0.00190562922104771,636.913198730567,0.118090086430095,0.33065073459409,0.00802158009132969,0.361517501629882,103.17138085408,0.0176484601009083,0.362847127249242,100.489312781021,TRUE,0.00257906084048688,0.00176320658164322,0.344698191800548,2026-06-07 10:44:09,2026-06-07 10:45:08,NA
"38","2026-06-07 11:43:40","Collar_38_2026-06-07 11:43:40",2026-06-07 11:44:39.5,NA,NA,NA,NA,NA,183.181459711439,0.0231373732204965,0.00803136961451532,631.291738377279,0.497696572583363,0.00554969493780254,0.125181170075347,1.077371638498,174.406196339904,0.292953978941845,0.985712586498848,191.920906874347,TRUE,0.00376125597832165,0.00277544156270066,0.331642782079167,2026-06-07 11:44:10,2026-06-07 11:45:09,NA
"38","2026-06-07 12:43:40","Collar_38_2026-06-07 12:43:40",2026-06-07 12:44:39.5,32.1852087970581,0.0610345261232561,5.76325534657523e-40,0.952091302860603,0.306120126422199,25.9071885938802,0.0776684953904533,0.00216568378938466,635.430555881401,0.134205428340399,2.765729969254e-41,0.956850821178756,0.29051661231242,25.0838873102634,0.960183753527396,0.284010793420218,25.9143193266836,TRUE,0.0778159028259941,0.00223466779452825,0.358921499016044,2026-06-07 12:44:10,2026-06-07 12:45:09,NA
"38","2026-06-07 13:43:40","Collar_38_2026-06-07 13:43:40",2026-06-07 13:44:39.5,47.7176740491083,0.0503395779999273,5.36771395365446e-37,0.939368172579677,0.348422145139996,31.7979836279484,0.0784428606759697,0.00227464980402703,632.993139878167,0.140957951834967,2.42646894260744e-40,0.953498164428355,0.305133906668251,32.7667497952171,0.955789106296594,0.302788970685979,31.8766376770369,TRUE,0.0778375937896203,0.00247977108832831,0.287250203466657,2026-06-07 13:44:10,2026-06-07 13:45:09,NA
"38","2026-06-07 14:43:37","Collar_38_2026-06-07 14:43:37",2026-06-07 14:44:36.5,36.9037711457468,0.0644376352848681,1.93256073316597e-37,0.941464642954875,0.318396973259294,29.5651831586649,0.0727526236624065,0.00223271746482529,631.977576319809,0.138359443423228,5.54885132879755e-39,0.948203573219516,0.299508874430887,31.2559161286171,0.950159227100153,0.299000670518835,29.7022029731491,TRUE,0.0719449616141784,0.0020789286232168,0.242520715791095,2026-06-07 14:44:07,2026-06-07 14:45:06,NA
"38","2026-06-07 15:43:37","Collar_38_2026-06-07 15:43:37",2026-06-07 15:44:36.5,NA,NA,NA,NA,NA,24.4931780588251,0.0302952131699174,0.00214031438798232,634.173840422737,0.132633309918204,1.80625263412456e-20,0.775499772743404,0.287113422711091,27.9570138359511,0.77749698566682,0.290892843362174,24.4986832929454,TRUE,0.0302943910354663,0.00225891954858848,0.293352918493572,2026-06-07 15:44:07,2026-06-07 15:45:06,NA
"38","2026-06-07 16:46:27","Collar_38_2026-06-07 16:46:27",2026-06-07 16:47:26.5,NA,NA,NA,NA,NA,10.1889029401667,0.0310102813166088,0.00189980345457321,633.299230624323,0.117729069051217,2.37794634914425e-23,0.821228616229909,0.254849976892916,13.085864903221,0.824485118072297,0.256987828122123,10.2023456557159,TRUE,0.031071462426032,0.00187420954635208,0.238081547083026,2026-06-07 16:46:57,2026-06-07 16:47:56,NA
"38","2026-06-07 17:43:40","Collar_38_2026-06-07 17:43:40",2026-06-07 17:44:39.5,53.2507230678984,0.164449091861479,3.17411641749818e-32,0.911482514108702,0.364863586161273,58.6048963570766,0.066168444450796,0.00284401574365036,632.85356921806,0.17624103433488,4.24050188606667e-31,0.903220389702166,0.38151175312775,54.2554795998873,0.915792887538234,0.362168236237007,59.0170468725584,TRUE,0.0676738713087195,0.00223963261180785,0.298450656004825,2026-06-07 17:44:10,2026-06-07 17:45:09,NA
"38","2026-06-07 18:43:42","Collar_38_2026-06-07 18:43:42",2026-06-07 18:44:41.5,NA,NA,NA,NA,NA,153.33530536388,0.0443144033740695,0.00626286108307206,634.384787106061,0.388103728905372,2.1868061396296e-09,0.463291730895242,0.840134277291866,108.577773249476,0.76186704524059,0.569520412600848,162.446601418018,TRUE,0.0607944845262806,0.00292353960071119,0.421886090738319,2026-06-07 18:44:12,2026-06-07 18:45:11,NA
"38","2026-06-07 19:43:41","Collar_38_2026-06-07 19:43:41",2026-06-07 19:44:40.5,NA,NA,NA,NA,NA,160.233824120011,0.0409886058916913,0.00663344832955244,638.221077835366,0.411068679003428,6.8928772974897e-08,0.396970457956742,0.889846867810104,112.590815080922,0.745003614642624,0.58888836968029,170.126614751878,TRUE,0.0589617997643916,0.00297564889908632,0.373392685092915,2026-06-07 19:44:11,2026-06-07 19:45:10,NA
"38","2026-06-07 20:43:43","Collar_38_2026-06-07 20:43:43",2026-06-07 20:44:42.5,NA,NA,NA,NA,NA,61.1306490988607,0.0579453372881028,0.00290451083012266,635.904126175799,0.179989859085889,1.19145277478812e-27,0.87280904150463,0.389626893329484,51.8563158917135,0.898053243634239,0.35499929868984,61.5923486025118,TRUE,0.0596509796004722,0.00282246030594751,0.34206241934555,2026-06-07 20:44:13,2026-06-07 20:45:12,NA
"38","2026-06-07 21:43:39","Collar_38_2026-06-07 21:43:39",2026-06-07 21:44:38.5,49.3922206451026,0.0581746376644027,1.54077877634682e-28,0.881451802748775,0.353318303519565,43.0319158432963,0.0550647559138643,0.0024978795951789,634.083443177595,0.154791296244119,7.07694577003826e-30,0.893375371064983,0.335079165994903,36.064420979282,0.911187896210512,0.311225176282177,43.934928911951,TRUE,0.0570547221415766,0.00233049480263273,0.317634623408531,2026-06-07 21:44:09,2026-06-07 21:45:08,NA
"38","2026-06-07 22:43:42","Collar_38_2026-06-07 22:43:42",2026-06-07 22:44:41.5,NA,NA,NA,NA,NA,109.304052010741,0.0489455425211416,0.00433928683747893,636.082547454348,0.268901605843936,2.96794628567647e-16,0.686875799904808,0.582095557096284,84.2974426120756,0.806909995014911,0.465195867170887,113.875213481358,TRUE,0.0568195720908727,0.00249044640790856,0.348693375765375,2026-06-07 22:44:12,2026-06-07 22:45:11,NA
"38","2026-06-07 23:43:41","Collar_38_2026-06-07 23:43:41",2026-06-07 23:44:40.5,NA,NA,NA,NA,NA,142.25321097492,0.036324871770798,0.0057103843672074,635.243906896893,0.353867256035166,3.43464143648362e-08,0.410957066781482,0.766022043243101,112.143498541248,0.66637958472504,0.58669729342197,149.967631819084,TRUE,0.0499972720463496,0.00300215207504991,0.354812257102627,2026-06-07 23:44:11,2026-06-07 23:45:10,NA
"40","2026-06-07 00:19:33","Collar_40_2026-06-07 00:19:33",2026-06-07 00:20:32.5,NA,NA,NA,NA,NA,61.9583975732141,0.0138862974639581,0.00292461512589449,632.156145652846,0.181235703764954,1.38759900190972e-05,0.279898795067787,0.392323793001167,46.3289064395292,0.48082885966367,0.339018293318856,61.9674740499016,TRUE,0.0137873767133451,0.00316553198107766,0.380456667321227,2026-06-07 00:20:03,2026-06-07 00:21:02,NA
"40","2026-06-07 00:40:43","Collar_40_2026-06-07 00:40:43",2026-06-07 00:41:42.5,NA,NA,NA,NA,NA,13.5815206805696,-0.00612652539632788,0.00195428080361042,634.616934295926,0.121104980159858,0.00269720957576939,0.144892888056965,0.262157865037817,15.9204904875333,0.168240861706138,0.263130630359978,13.6523403393674,TRUE,-0.005623354736829,0.00184316142426456,0.225219358383928,2026-06-07 00:41:13,2026-06-07 00:42:12,NA
"40","2026-06-07 01:40:42","Collar_40_2026-06-07 01:40:42",2026-06-07 01:41:41.5,NA,NA,NA,NA,NA,30.5039315922581,0.00338063800952038,0.00142450134531415,634.616872669468,0.0882750354213436,0.0192499758268948,0.0455554466755046,0.270242585356264,22.300061128659,0.137848825972586,0.259049140747407,30.6317959018798,TRUE,0.00388323634347478,0.00137647827665187,0.234779868550348,2026-06-07 01:41:12,2026-06-07 01:42:11,NA
"40","2026-06-07 02:40:43","Collar_40_2026-06-07 02:40:43",2026-06-07 02:41:42.5,NA,NA,NA,NA,NA,12.4761245796056,0.00381020546980862,0.00132141873256411,634.652180549984,0.0818871009193738,0.00467643388323453,0.0658209279218457,0.250686751403221,6.8378014895424,0.137919385354283,0.242885877835404,12.5908125416189,TRUE,0.00424284489466374,0.00125135036321664,0.266103717618033,2026-06-07 02:41:13,2026-06-07 02:42:12,NA
"40","2026-06-07 03:40:42","Collar_40_2026-06-07 03:40:42",2026-06-07 03:41:41.5,NA,NA,NA,NA,NA,55.951449880472,-0.00154491404719886,0.00158384137378918,635.697599302451,0.098149190123928,0.331346302932154,0.00799862879043242,0.300471030831223,48.3699718224252,0.0992640310779354,0.288773430810732,55.9522840006851,TRUE,-0.00151179902950966,0.00160566392270144,0.405978113212225,2026-06-07 03:41:12,2026-06-07 03:42:11,NA
"40","2026-06-07 04:40:41","Collar_40_2026-06-07 04:40:41",2026-06-07 04:41:40.5,NA,NA,NA,NA,NA,6.71651993517529,0.000156586492286283,0.00129008435038213,635.911286353736,0.0799453381361245,0.903598931068761,0.000124834938394498,0.244742296187891,9.72692451135837,0.00833652807371776,0.245827410673315,7.27743942088312,TRUE,-0.00040879244163068,0.00127974770781169,0.222868610370372,2026-06-07 04:41:11,2026-06-07 04:42:10,NA
"40","2026-06-07 05:40:41","Collar_40_2026-06-07 05:40:41",2026-06-07 05:41:40.5,NA,NA,NA,NA,NA,-14.4057352937741,0.00290333799770101,0.00118139767435818,634.456543648172,0.0732101249982758,0.0154426904200022,0.0486903469439765,0.224123313679302,-13.2540722715632,0.0710048892292274,0.223380267319999,-12.9367988743571,TRUE,0.00169678142738224,0.00115392211526425,0.210942730779361,2026-06-07 05:41:11,2026-06-07 05:42:10,NA
"40","2026-06-07 06:40:41","Collar_40_2026-06-07 06:40:41",2026-06-07 06:41:40.5,NA,NA,NA,NA,NA,35.369447102938,0.00222398425299382,0.00145367495327182,637.108516611592,0.0900828970174755,0.128716723781072,0.0194498652516931,0.275777119433459,19.9944667520506,0.16564780735487,0.256572463396734,36.6278158806733,TRUE,0.00345520419490134,0.00138773133629814,0.219083706064088,2026-06-07 06:41:11,2026-06-07 06:42:10,NA
"40","2026-06-07 07:40:43","Collar_40_2026-06-07 07:40:43",2026-06-07 07:41:42.5,NA,NA,NA,NA,NA,67.1071371055442,0.00112379074591629,0.00165919936482367,635.272419111837,0.102819055371674,0.499535649259569,0.00387263548703889,0.314767218329678,62.1961159975592,0.0751638227117754,0.30589788535577,67.1923109809891,TRUE,0.00142364331436889,0.00162873534069577,0.312480672651897,2026-06-07 07:41:13,2026-06-07 07:42:12,NA
"40","2026-06-07 08:40:41","Collar_40_2026-06-07 08:40:41",2026-06-07 08:41:40.5,76.6131860215382,-0.00672153689531573,0.00735401607727619,0.0593102972584081,0.327484888936449,76.1811823897564,-0.00484082942811389,0.00172313222834162,634.567789440882,0.10678091599764,0.00581284101167607,0.0626907201947384,0.326895941396983,77.3977165945508,0.0841819093296497,0.325900246027136,76.1869054620443,TRUE,-0.0047226048636549,0.00173327196104393,0.343909159935528,2026-06-07 08:41:11,2026-06-07 08:42:10,NA
"40","2026-06-07 09:40:40","Collar_40_2026-06-07 09:40:40",2026-06-07 09:41:39.5,80.8067668647634,-0.00735833287840661,7.94696356996014e-07,0.187299638166118,0.333257400835977,80.9728813957727,-0.00913322158045665,0.00175788100668067,640.175715412841,0.108934265763731,8.64729593904125e-07,0.186173847974947,0.333488142750256,84.0856622892503,0.192168676900666,0.335109646465029,80.9815278027197,TRUE,-0.0090360154843636,0.00188257165191737,0.319694452536275,2026-06-07 09:41:10,2026-06-07 09:42:09,NA
"40","2026-06-07 10:40:40","Collar_40_2026-06-07 10:40:40",2026-06-07 10:41:39.5,NA,NA,NA,NA,NA,50.6100493424294,-0.00089018268203777,0.00154898102263235,636.944982875934,0.0959889262931544,0.566595556380371,0.00279106686649971,0.293857662964607,53.630621728676,0.01089705811678,0.295173045364986,51.0623648688842,TRUE,-0.00168073229022627,0.00151856669032695,0.296367021951107,2026-06-07 10:41:10,2026-06-07 10:42:09,NA
"40","2026-06-07 11:40:40","Collar_40_2026-06-07 11:40:40",2026-06-07 11:41:39.5,NA,NA,NA,NA,NA,98.5877043725518,0.000636467358340114,0.00396857510423404,632.8402832945,0.245928941415821,0.87314153501729,0.000443264060334181,0.532366267245814,85.5100664948702,0.248038881350313,0.46992059595036,103.095998693919,TRUE,-0.00614688560659428,0.00278654159964269,0.362528929563424,2026-06-07 11:41:10,2026-06-07 11:42:09,NA
"40","2026-06-07 12:40:41","Collar_40_2026-06-07 12:40:41",2026-06-07 12:41:40.5,45.3244974218984,0.0784874892938611,1.00884482608683e-18,0.742281270377524,0.341542344454286,48.3073190732269,0.0326149470650315,0.00261014011456648,634.771485948915,0.161747977161238,4.30181639984286e-18,0.729145306927945,0.350138403150749,48.5340136862779,0.745654376112861,0.345305648409723,48.3326130894096,TRUE,0.0327609504323282,0.00257052294512864,0.357157043579347,2026-06-07 12:41:11,2026-06-07 12:42:10,NA
"40","2026-06-07 13:40:39","Collar_40_2026-06-07 13:40:39",2026-06-07 13:41:38.5,42.1891688686292,0.0243524893583345,4.77630332078704e-15,0.655655534578303,0.332734185293626,44.1448970903188,0.0258383624448098,0.00252115480820071,633.190276966887,0.156233639742564,1.23948456479212e-14,0.644246534012068,0.338201429767246,39.8617949379427,0.690119643209487,0.32123131550649,44.5739174771961,TRUE,0.0274371206450573,0.00252654078429158,0.32320608899347,2026-06-07 13:41:09,2026-06-07 13:42:08,NA
"40","2026-06-07 14:40:38","Collar_40_2026-06-07 14:40:38",2026-06-07 14:41:37.5,16.1276460869014,0.0146287684144207,1.93631767766945e-19,0.756464276956188,0.267779685216829,13.2443724493929,0.0269950427049762,0.0019487978236533,632.062018107701,0.12076520494552,4.77128129885449e-20,0.76789053838941,0.261422348260009,16.2363567489996,0.771757464444005,0.263824160124681,13.2690242885863,TRUE,0.0271850038953178,0.0022201461358585,0.270995692088436,2026-06-07 14:41:08,2026-06-07 14:42:07,NA
"40","2026-06-07 15:40:38","Collar_40_2026-06-07 15:40:38",2026-06-07 15:41:37.5,12.6657342227117,0.00698103776848865,0.000349521644672646,0.199319451923027,0.260164807917029,11.9969826440276,0.0075316697594391,0.00192864515991561,634.393990292244,0.119516362948192,0.000248223721230268,0.208194174848568,0.258718960246098,13.6286887968714,0.238839206917401,0.258152954157085,12.0248558849967,TRUE,0.00766197592581151,0.00217393743858874,0.254997576295884,2026-06-07 15:41:08,2026-06-07 15:42:07,NA
"40","2026-06-07 16:40:38","Collar_40_2026-06-07 16:40:38",2026-06-07 16:41:37.5,NA,NA,NA,NA,NA,44.8606256649743,0.0243923959786608,0.00253623692923843,633.710712111554,0.157168264882241,1.29032591375435e-13,0.61461114822563,0.340224627582108,48.539371477747,0.616669096976175,0.34532106605105,44.9876867711413,TRUE,0.0235108875122946,0.0023079069354851,0.280950909457771,2026-06-07 16:41:08,2026-06-07 16:42:07,"Flux unusable, remove"
"40","2026-06-07 17:40:41","Collar_40_2026-06-07 17:40:41",2026-06-07 17:41:40.5,NA,NA,NA,NA,NA,64.4132111098883,0.0252862701673751,0.00298505947302574,632.675716302356,0.184981384245764,9.99874891795176e-12,0.553010227733561,0.400432126751495,55.5093968529271,0.639507142933282,0.365972485847435,65.080165218968,TRUE,0.0272321816399272,0.00269929831019931,0.384678545813718,2026-06-07 17:41:11,2026-06-07 17:42:10,NA
"40","2026-06-07 18:40:41","Collar_40_2026-06-07 18:40:41",2026-06-07 18:41:40.5,26.7667823487016,0.0440405474712993,7.71572919953458e-18,0.723667758756374,0.292605135936359,23.6946093848843,0.0271377387907288,0.00212611844200729,632.466704913661,0.131753600230385,1.73213676646729e-18,0.737460635272494,0.285209101242994,21.0005402633962,0.765176724294089,0.274509083199634,23.6992958188735,TRUE,0.0270749893468195,0.00223666249450013,0.253861574387644,2026-06-07 18:41:11,2026-06-07 18:42:10,NA
"40","2026-06-07 19:40:40","Collar_40_2026-06-07 19:40:40",2026-06-07 19:41:39.5,NA,NA,NA,NA,NA,48.3795968963269,0.0164217204634789,0.00261171271516512,637.11391010721,0.161845429770886,4.55080527403498e-08,0.405344314249031,0.350349360355431,50.5232695310789,0.42346054903999,0.351077534217945,49.0158157172256,TRUE,0.0180013350389476,0.00249923571479113,0.326639612267658,2026-06-07 19:41:10,2026-06-07 19:42:09,NA
"40","2026-06-07 20:40:42","Collar_40_2026-06-07 20:40:42",2026-06-07 20:41:41.5,NA,NA,NA,NA,NA,24.5868611649751,0.0255295160540961,0.00214198596789244,634.317837418213,0.132736896184557,3.13304433762225e-17,0.71007754619783,0.287337657539406,28.4035077805807,0.710962164912721,0.291977208564037,24.6297643095156,TRUE,0.0258332818648557,0.00224648229544152,0.27065823690618,2026-06-07 20:41:12,2026-06-07 20:42:11,NA
"40","2026-06-07 21:40:39","Collar_40_2026-06-07 21:40:39",2026-06-07 21:41:38.5,NA,NA,NA,NA,NA,27.5853740301295,0.0217016211563244,0.00219618338382232,633.584224196953,0.136095460096548,4.81880685753502e-14,0.627355588883378,0.294607993933487,27.780416781904,0.650253470951394,0.290465068045621,27.6455110417157,TRUE,0.021634080538547,0.00235421988351334,0.291430691678389,2026-06-07 21:41:09,2026-06-07 21:42:08,NA
"40","2026-06-07 22:40:41","Collar_40_2026-06-07 22:40:41",2026-06-07 22:41:40.5,NA,NA,NA,NA,NA,37.5417402824525,0.0196075212306104,0.00238617280841871,635.716231277616,0.14786892962755,2.65197595534719e-11,0.537927491447098,0.320094209547916,39.9010037954437,0.55039194444885,0.321336291929534,37.6878410339381,TRUE,0.0204823352099051,0.00223121983242275,0.294766509834085,2026-06-07 22:41:11,2026-06-07 22:42:10,NA
"40","2026-06-07 23:40:42","Collar_40_2026-06-07 23:40:42",2026-06-07 23:41:41.5,NA,NA,NA,NA,NA,56.5153985801039,0.0139207131876899,0.00279492302560248,634.287380659203,0.173198803845691,6.02447726194147e-06,0.299580481590586,0.374926188694758,44.2121947250779,0.466233005797805,0.333090692993013,56.8142707369929,TRUE,0.0149878812968926,0.00261917256991804,0.338396629324927,2026-06-07 23:41:12,2026-06-07 23:42:11,NA
"41","2026-06-07 00:07:28","Collar_41_2026-06-07 00:07:28",2026-06-07 00:08:12.5,NA,NA,NA,NA,NA,17.6781911371441,-0.00508426233340502,0.00641836118062744,639.333375714445,0.290969639647883,0.434937356851447,0.0219191802328582,0.304280416968632,19.014535877751,0.1050178304618,0.302055094310196,17.69115366311,TRUE,-0.00531164221707192,0.00697950439872401,0.331251723263227,2026-06-07 00:07:58,2026-06-07 00:08:27,"Time changed"
"41","2026-06-07 00:28:38","Collar_41_2026-06-07 00:28:38",2026-06-07 00:29:22.5,NA,NA,NA,NA,NA,18.3868505425205,-0.000341680985380066,0.00649461782769654,631.514738121012,0.29442665437392,0.958416310753965,9.88401650416247e-05,0.30789557724301,22.0546149066521,0.0111111760292213,0.317753973797591,19.3547948881913,TRUE,0.00575097342651097,0.00673198213429981,0.231933888795173,2026-06-07 00:29:08,2026-06-07 00:29:37,"Time changed"
"41","2026-06-07 01:28:37","Collar_41_2026-06-07 01:28:37",2026-06-07 01:29:21.5,19.6406922896643,-0.0125192982027322,0.101553467049663,0.0455522074274166,0.275734916674906,19.2047364506563,-0.00734323372193007,0.00409778473266492,632.365163733015,0.185768752094682,0.0783493880724337,0.0524620253688484,0.27473499871713,20.9513645579807,0.0873880008597984,0.274396613097783,19.220295449263,TRUE,-0.00720882501452051,0.00413128302219864,0.337486617423799,2026-06-07 01:29:07,2026-06-07 01:29:36,"Time changed"
"41","2026-06-07 02:28:38","Collar_41_2026-06-07 02:28:38",2026-06-07 02:29:22.5,24.6645329349517,0.00455486518231522,0.00743233211885663,0.11714968399436,0.287523701279705,24.6376298040758,0.0119174181266243,0.00428757210508455,629.692699413709,0.194372562601535,0.00732626706276869,0.117545452552553,0.287459247773601,22.0879812426285,0.208803407290665,0.277007992217772,24.6450825863555,TRUE,0.0118552741700077,0.00434348965765702,0.380437668576319,2026-06-07 02:29:08,2026-06-07 02:29:37,"Time changed"
"41","2026-06-07 03:28:38","Collar_41_2026-06-07 03:28:38",2026-06-07 03:29:22.5,NA,NA,NA,NA,NA,33.6570135178448,0.00267654637714089,0.00462225259439027,633.156052457126,0.209544949855837,0.56479311943907,0.00574791994385453,0.309897821246508,31.4680641777858,0.103192154090488,0.299529741461326,33.7793694743064,TRUE,0.00249738973176294,0.00463259504885761,0.280888063397253,2026-06-07 03:29:08,2026-06-07 03:29:37,"Time changed"
"41","2026-06-07 04:28:37","Collar_41_2026-06-07 04:28:37",2026-06-07 04:29:21.5,44.2602213377616,-0.00831127712047645,0.360213063515118,0.014452970017012,0.338526609541622,44.4108642723156,0.00423885824730662,0.00505560527791893,632.639075516753,0.229190537042074,0.405221795006284,0.0119754328439325,0.338951848414959,47.1760668472931,0.0321011326915072,0.341420118687551,44.4351488241416,TRUE,0.00350090294257723,0.00520412083597705,0.341635912806098,2026-06-07 04:29:07,2026-06-07 04:29:36,"Time changed"
"41","2026-06-07 05:28:37","Collar_41_2026-06-07 05:28:37",2026-06-07 05:29:21.5,30.8098553565819,0.019116627642222,0.00621650185248112,0.122064297139785,0.30263162786127,30.6543481639289,0.0129369500991309,0.00450802864099724,630.075666698187,0.204366727312325,0.00572301723043448,0.124336772922978,0.30223970357167,33.4309481204819,0.142010748243923,0.304469550114279,30.8569374100664,TRUE,0.0143729481166546,0.00455290816458481,0.333331888366258,2026-06-07 05:29:07,2026-06-07 05:29:36,"Time changed"
"41","2026-06-07 06:28:37","Collar_41_2026-06-07 06:28:37",2026-06-07 06:29:21.5,NA,NA,NA,NA,NA,47.4885891784973,0.0024807064949657,0.00518694707184882,632.707693945779,0.235144778845393,0.634263384643615,0.0039281657152425,0.347757627620292,49.8043698169646,0.031499445804301,0.348980575593742,47.5037222015404,TRUE,0.00189885877506189,0.00465340306386424,0.241688353133629,2026-06-07 06:29:07,2026-06-07 06:29:36,"Time changed"
"41","2026-06-07 07:28:37","Collar_41_2026-06-07 07:28:37",2026-06-07 07:29:21.5,16.1596183321408,0.0533824902391314,0.934426342581849,0.000117719491411559,0.267851040703602,16.1655101211052,-0.000134467200844747,0.0039953038444346,631.527082537723,0.181122889034003,0.973266775302303,1.95297474481989e-05,0.267864192041501,12.6855573906,0.117225427964165,0.256131971787558,16.268761014703,TRUE,-0.00139632678156437,0.00444629572466225,0.260078520764942,2026-06-07 07:29:07,2026-06-07 07:29:36,"Time changed"
"41","2026-06-07 08:28:37","Collar_41_2026-06-07 08:28:37",2026-06-07 08:29:21.5,NA,NA,NA,NA,NA,31.8723892996933,-0.00685539169234971,0.00455401969465811,631.139913928076,0.206451683258887,0.137661093456691,0.0376012094041781,0.305323162780203,28.7504139648891,0.145318128917911,0.292822502293171,31.8925716898844,TRUE,-0.00661691336189457,0.00454240531404766,0.420971249778225,2026-06-07 08:29:07,2026-06-07 08:29:36,"Time changed"
"41","2026-06-07 09:28:37","Collar_41_2026-06-07 09:28:37",2026-06-07 09:29:21.5,39.689897975515,-0.0182900436232501,0.155650713557899,0.0344508873722358,0.325875912176759,39.5736746683276,-0.00717932395103445,0.00485586702823082,633.716857371846,0.220135614001741,0.144688733021966,0.0363193989350547,0.325560445168616,38.1421342788146,0.119725104576086,0.316660735951767,39.6617977187023,TRUE,-0.00859693797598541,0.00511716092552895,0.287309981126493,2026-06-07 09:29:07,2026-06-07 09:29:36,"Time changed"
"41","2026-06-07 10:28:37","Collar_41_2026-06-07 10:28:37",2026-06-07 10:29:21.5,NA,NA,NA,NA,NA,0.514662303538937,-0.00529032033109818,0.00350677180529982,632.938175219201,0.158975803916304,0.136829125277187,0.0377576871369099,0.235110678155063,-0.299496007286276,0.111947971815094,0.229863130757338,0.790702894442092,TRUE,-0.00415382507929435,0.00402442359709706,0.219148915322935,2026-06-07 10:29:07,2026-06-07 10:29:36,"Time changed"
"41","2026-06-07 11:28:37","Collar_41_2026-06-07 11:28:37",2026-06-07 11:29:21.5,14.5813818919643,-0.0820710582210593,0.0579561308630965,0.0606013068812718,0.264351336213379,15.6502676243916,-0.0064777893317665,0.00397818603393103,631.84130673883,0.180346871135724,0.108875990651748,0.0437161869079613,0.266716532524579,6.83788626257059,0.227590341314354,0.243949743229875,15.7926590642063,TRUE,-0.00527468379906591,0.003936306197897,0.198315452849785,2026-06-07 11:29:07,2026-06-07 11:29:36,"Time changed"
"41","2026-06-07 12:28:37","Collar_41_2026-06-07 12:28:37",2026-06-07 12:29:21.5,NA,NA,NA,NA,NA,5.22162045726146,0.000257640484585736,0.00521507414487479,643.185265713818,0.23641989005718,0.960948839845931,8.71588224944485e-05,0.247235219500332,7.87366665007152,0.0440206400688676,0.250868344704636,5.24380007954491,TRUE,-0.000182915477288509,0.00626644506946932,0.265166797269255,2026-06-07 12:29:07,2026-06-07 12:29:36,"Time changed"
"41","2026-06-07 13:28:37","Collar_41_2026-06-07 13:28:37",2026-06-07 13:29:21.5,NA,NA,NA,NA,NA,19.3252390623783,-0.00939512330158543,0.00659699086852879,638.924905208073,0.29906762828647,0.165452266330513,0.0675435276169891,0.312748858427123,20.7400036247595,0.144532624640916,0.310867640397204,19.3914586806403,TRUE,-0.00870296088238678,0.00647159225616795,0.369626447629544,2026-06-07 13:29:07,2026-06-07 13:29:36,"Time changed"
"41","2026-06-07 14:28:37","Collar_41_2026-06-07 14:28:37",2026-06-07 14:29:21.5,NA,NA,NA,NA,NA,1.47219395833587,-0.00588794611378328,0.00489915560286243,638.871223828278,0.222098055909723,0.23949644703341,0.049054922078699,0.232258214781154,2.01073134969331,0.152683563241077,0.227514208205792,1.52410669715723,TRUE,-0.006940546199129,0.0049837051668655,0.254127660160244,2026-06-07 14:29:07,2026-06-07 14:29:36,"Time changed"
"41","2026-06-07 15:28:37","Collar_41_2026-06-07 15:28:37",2026-06-07 15:29:21.5,NA,NA,NA,NA,NA,19.1118123088799,-0.00429415204973041,0.00657356631604755,638.423204277084,0.298005700887471,0.518926671209958,0.0150115605059895,0.311638351804684,22.2380539360826,0.0432858763521985,0.318726935041123,19.2716631158769,TRUE,-0.00674909395927126,0.00675960413794943,0.296390098887839,2026-06-07 15:29:07,2026-06-07 15:29:36,"Time changed"
"41","2026-06-07 16:28:37","Collar_41_2026-06-07 16:28:37",2026-06-07 16:29:21.5,NA,NA,NA,NA,NA,4.58206480308163,-0.00790608991700779,0.00515978052702227,639.014575981181,0.233913212167201,0.136681962228131,0.0773630942251294,0.244613870432808,6.42452105463546,0.141387557500428,0.244881850615247,4.62868244492023,TRUE,-0.00892450197528617,0.00479288446860762,0.208428077043442,2026-06-07 16:29:07,2026-06-07 16:29:36,"Time changed"
"41","2026-06-07 17:28:37","Collar_41_2026-06-07 17:28:37",2026-06-07 17:29:21.5,NA,NA,NA,NA,NA,20.2745273593706,-0.000319529070754922,0.00670219502001779,637.505187803878,0.303836947616864,0.962313465295891,8.11695890175228e-05,0.317736356353934,21.8230052748438,0.0785424560551731,0.316529756806851,20.3057555994932,TRUE,-0.00082594884622222,0.00638230942536747,0.281549352225293,2026-06-07 17:29:07,2026-06-07 17:29:36,"Time changed"
"41","2026-06-07 18:28:37","Collar_41_2026-06-07 18:28:37",2026-06-07 18:29:21.5,-2.85451863527525,0.0241388222247767,0.0184372574119925,0.182801238293173,0.216099266864744,-2.56872386843215,0.0111612175891231,0.00458006978025783,636.428709728335,0.207632636434695,0.0214243370307313,0.174979000555719,0.217131056240441,-0.236529040059162,0.219593190658178,0.219150421513222,-2.52543970096059,TRUE,0.0106929187081015,0.0047556040774072,0.242635087927301,2026-06-07 18:29:07,2026-06-07 18:29:36,"Time changed"
"41","2026-06-07 19:28:37","Collar_41_2026-06-07 19:28:37",2026-06-07 19:29:21.5,NA,NA,NA,NA,NA,14.8699554369501,0.00861217169767078,0.00612487831297402,648.928337454102,0.277664903151955,0.170696528705036,0.0659539324065051,0.290367038330442,17.054333501709,0.120806483501395,0.29234639768684,14.9613302932499,TRUE,0.0100999255550763,0.006432222839727,0.263708049593298,2026-06-07 19:29:07,2026-06-07 19:29:36,"Time changed"
"41","2026-06-07 20:28:37","Collar_41_2026-06-07 20:28:37",2026-06-07 20:29:21.5,NA,NA,NA,NA,NA,4.95971927280829,-0.00670315976776323,0.00519235985351268,637.444623554791,0.235390161597454,0.207273024578797,0.0561774342542307,0.246158384798715,4.182669872509,0.195111942732501,0.23590086789169,5.39823463506203,TRUE,-0.00545410371558277,0.0036990036368088,0.141262894187163,2026-06-07 20:29:07,2026-06-07 20:29:36,"Time changed"
"41","2026-06-07 21:28:37","Collar_41_2026-06-07 21:28:37",2026-06-07 21:29:21.5,13.1648848900164,0.0254582147346011,0.0492467686344224,0.131130390500418,0.282231577200517,13.4201486326677,0.0118864598361016,0.00597865389962118,636.728526934457,0.271035973482272,0.0566516108861508,0.123705817945447,0.283434859817289,15.1004361693444,0.188910739728768,0.282979494405482,13.5024839755616,TRUE,0.0103268162697653,0.00602657181688565,0.274363778115426,2026-06-07 21:29:07,2026-06-07 21:29:36,"Time changed"
"41","2026-06-07 22:28:37","Collar_41_2026-06-07 22:28:37",2026-06-07 22:29:21.5,NA,NA,NA,NA,NA,28.272763129855,0.0069138729069255,0.00765790936139697,638.310029674677,0.347163250031373,0.374312215400613,0.0282879766891096,0.363044675738561,31.5106234642717,0.0526630547233026,0.371993938084647,28.31541251369,TRUE,0.00829251078571691,0.00814175771519899,0.377706100860704,2026-06-07 22:29:07,2026-06-07 22:29:36,"Time changed"
"41","2026-06-07 23:28:37","Collar_41_2026-06-07 23:28:37",2026-06-07 23:29:21.5,NA,NA,NA,NA,NA,13.4032120729339,-0.00519138257772262,0.00597696650730592,636.002415927696,0.270959477330046,0.392469350655632,0.0262361463138002,0.283354864251002,16.2497438544031,0.0629657038826006,0.288452251207662,13.7306591726318,TRUE,-0.00691350990499157,0.00551057602207628,0.275845294789744,2026-06-07 23:29:07,2026-06-07 23:29:36,"Time changed"
"42","2026-06-07 00:10:29","Collar_42_2026-06-07 00:10:29",2026-06-07 00:11:28.5,NA,NA,NA,NA,NA,24.5895221242635,0.00236477207682324,0.00214203346623121,633.167753379412,0.132739839612832,0.274159001361292,0.0205810061348694,0.287344029225124,24.189994249489,0.0898275674592786,0.281903026348042,24.5919745909622,TRUE,0.00237978589441403,0.00240697807515112,0.32501437679894,2026-06-07 00:10:59,2026-06-07 00:11:58,NA
"42","2026-06-07 00:31:38","Collar_42_2026-06-07 00:31:38",2026-06-07 00:32:37.5,NA,NA,NA,NA,NA,36.5028583401581,0.0103428371062541,0.00236560404037869,633.385468583749,0.146594302030125,5.17244585885051e-05,0.247885546158857,0.317335003037843,35.2264096106513,0.311202241107996,0.30905932897094,36.6148338375407,TRUE,0.00978879433208255,0.00230854675408752,0.268313500865061,2026-06-07 00:32:08,2026-06-07 00:33:07,NA
"42","2026-06-07 01:31:37","Collar_42_2026-06-07 01:31:37",2026-06-07 01:32:36.5,NA,NA,NA,NA,NA,26.0201445423969,0.0178889908536971,0.00139813523440126,632.34399511546,0.0866411518294363,4.82104428351155e-24,0.581128473577839,0.265240662401029,22.7909092834446,0.605617746220004,0.259579490367963,26.0588448923135,TRUE,0.0179045349015918,0.00138075048076442,0.267332557874129,2026-06-07 01:32:07,2026-06-07 01:33:06,NA
"42","2026-06-07 02:31:39","Collar_42_2026-06-07 02:31:39",2026-06-07 02:32:38.5,NA,NA,NA,NA,NA,44.774340048454,0.0133766895177146,0.00151177106552105,631.620964613731,0.0936830595469902,1.04465674324883e-14,0.39885910049533,0.286798550634647,47.2690352196022,0.406352836565295,0.2874517926284,45.0053660287124,TRUE,0.0132681369122262,0.00164654518727608,0.293035252622609,2026-06-07 02:32:09,2026-06-07 02:33:08,NA
"42","2026-06-07 03:31:38","Collar_42_2026-06-07 03:31:38",2026-06-07 03:32:37.5,69.5065343517514,0.013891653637462,1.05444545868361e-10,0.298824642945611,0.317929882992829,73.4312451418559,0.0114114042724587,0.00170350113743522,634.762902785833,0.105564395387938,7.54681679315132e-10,0.275512917749986,0.323171721144501,66.6358336213067,0.337843343587803,0.311609300684455,73.6248347754082,TRUE,0.0117768582647755,0.00183041963926538,0.305464147001894,2026-06-07 03:32:08,2026-06-07 03:33:07,NA
"42","2026-06-07 04:31:37","Collar_42_2026-06-07 04:31:37",2026-06-07 04:32:36.5,3.84858383623138,0.0677890281774944,5.53993348673616e-23,0.56354126122475,0.241835095643055,2.14904662454428,0.0158202369068453,0.0012657647251463,634.157266800424,0.0784382733754003,2.3895734098094e-23,0.569679175800545,0.240128612655582,5.9801780215278,0.570284313884195,0.242019490790883,2.30728755487844,TRUE,0.016098989696889,0.00136578210107202,0.232469020852746,2026-06-07 04:32:07,2026-06-07 04:33:06,NA
"42","2026-06-07 05:31:37","Collar_42_2026-06-07 05:31:37",2026-06-07 05:32:36.5,-9.20327311461047,0.0183078797482369,2.7852056685319e-17,0.455723600488411,0.229034657208426,-14.2675745540815,0.0122928717582905,0.00118207796505311,631.858567037022,0.0732522819856242,2.25622608143504e-18,0.47821548655279,0.224252371834844,-11.3145930281957,0.482748333113396,0.225192753420572,-14.2268440720252,TRUE,0.0124239342089331,0.00112785974695883,0.204273790534995,2026-06-07 05:32:07,2026-06-07 05:33:06,NA
"42","2026-06-07 06:31:37","Collar_42_2026-06-07 06:31:37",2026-06-07 06:32:36.5,85.0879511828009,0.0497418600547556,2.08621332979141e-30,0.67285110807039,0.339255474232719,85.7332580940639,0.0278223407557825,0.00179309649916968,633.909924909509,0.111116537375529,2.86883824251117e-30,0.671087107305396,0.340168884587482,86.7815922109475,0.679078759550357,0.338895168635793,85.9224445344642,TRUE,0.0283524993433287,0.00185016659569382,0.338998025969154,2026-06-07 06:32:07,2026-06-07 06:33:06,NA
"42","2026-06-07 07:31:38","Collar_42_2026-06-07 07:31:38",2026-06-07 07:32:37.5,NA,NA,NA,NA,NA,49.370694562579,0.0129095038941448,0.00154100273590187,633.443620169845,0.0954945192179689,1.30196151345736e-13,0.372940221056459,0.292344099751873,41.0301394693915,0.43422078748996,0.280075656765344,49.5764311324444,TRUE,0.0122943552103003,0.00159082316541073,0.253623054620917,2026-06-07 07:32:08,2026-06-07 07:33:07,NA
"42","2026-06-07 08:31:37","Collar_42_2026-06-07 08:31:37",2026-06-07 08:32:36.5,NA,NA,NA,NA,NA,32.9579547226223,0.0127464455135635,0.00143914173097836,632.231580073765,0.0891822866270668,9.97271623566465e-15,0.399326161958115,0.273020017392762,26.8781930004316,0.447720601954057,0.264038077522042,33.0379335055945,TRUE,0.0123990497118374,0.00136840131847162,0.249876767065814,2026-06-07 08:32:07,2026-06-07 08:33:06,NA
"42","2026-06-07 09:31:38","Collar_42_2026-06-07 09:31:38",2026-06-07 09:32:37.5,11.0655700602082,0.0278659713123653,6.04833669391396e-40,0.774267499605357,0.249217708766205,14.6146803310648,0.0263129010776153,0.00133324604729289,634.094116804104,0.082620028712006,3.47807340640259e-39,0.767491544854231,0.252930514893261,13.0084613939946,0.778104156258195,0.249211710310306,14.6983549417938,TRUE,0.0265962182252145,0.00134098047340699,0.239783013083581,2026-06-07 09:32:08,2026-06-07 09:33:07,NA
"42","2026-06-07 10:31:38","Collar_42_2026-06-07 10:31:38",2026-06-07 10:32:37.5,NA,NA,NA,NA,NA,101.737402491266,0.0132710375164457,0.0019167440670083,634.603017728641,0.118778863189837,2.45707472011528e-10,0.288891782500646,0.363626102452273,104.286075467375,0.297440404546192,0.36453631255046,101.781927168343,TRUE,0.0129680223744612,0.00193860364414174,0.366048811683444,2026-06-07 10:32:08,2026-06-07 10:33:07,NA
"42","2026-06-07 11:31:39","Collar_42_2026-06-07 11:31:39",2026-06-07 11:32:38.5,NA,NA,NA,NA,NA,160.025384754262,-0.00163639210302211,0.00244365419740514,632.07122444165,0.151430998323053,0.504389419169122,0.00378587213291238,0.463586384242984,137.543480279033,0.201064924712074,0.41871843008046,160.69634798128,TRUE,-0.000933138332675705,0.0024055998940651,0.382602706233735,2026-06-07 11:32:09,2026-06-07 11:33:08,NA
"42","2026-06-07 12:31:38","Collar_42_2026-06-07 12:31:38",2026-06-07 12:32:37.5,16.4972657259118,0.00972422776547021,5.82186678883412e-11,0.525408706134941,0.268605762044498,15.6374900362486,0.0161478608748797,0.00198805212622845,634.268182243791,0.123197757895828,3.81925107355213e-11,0.532160913348425,0.266688134086508,18.549576380895,0.540567280209778,0.268959188199641,15.7389318405789,TRUE,0.0166841785317758,0.00225691891304801,0.257768510265277,2026-06-07 12:32:08,2026-06-07 12:33:07,NA
"42","2026-06-07 13:31:38","Collar_42_2026-06-07 13:31:38",2026-06-07 13:32:37.5,NA,NA,NA,NA,NA,26.197426375041,0.0165980276625252,0.00217092815611483,632.611210461939,0.134530416912991,2.4094957438558e-10,0.501953774906996,0.291220120213084,30.0941344067535,0.502810440221496,0.296119859047601,26.2006025753915,TRUE,0.0167183214409854,0.00219204896076851,0.306130198910605,2026-06-07 13:32:08,2026-06-07 13:33:07,NA
"42","2026-06-07 14:31:37","Collar_42_2026-06-07 14:31:37",2026-06-07 14:32:36.5,20.8209812184181,0.0350470125597305,3.75957034203605e-08,0.409159559966021,0.278460355302466,21.1313257540375,0.0131063109068918,0.0020811846870204,631.487184506741,0.128969096848812,4.38323199025754e-08,0.406095574337365,0.279181442754135,23.8888445969273,0.418267693429413,0.281196454997354,21.1318349755535,TRUE,0.0131155803301672,0.00222563027023144,0.294651788923539,2026-06-07 14:32:07,2026-06-07 14:33:06,NA
"42","2026-06-07 15:31:37","Collar_42_2026-06-07 15:31:37",2026-06-07 15:32:36.5,NA,NA,NA,NA,NA,21.2179958982744,0.00108809784688663,0.00208268836811451,632.906267128446,0.129062278580287,0.60334787589078,0.00468403676089375,0.27938315472132,21.6742477863082,0.0617675158417449,0.276054574465246,21.2263184616832,TRUE,0.00122532878490364,0.00215065219282821,0.273617886320447,2026-06-07 15:32:07,2026-06-07 15:33:06,NA
"42","2026-06-07 16:31:38","Collar_42_2026-06-07 16:31:38",2026-06-07 16:32:37.5,7.8249399259645,0.0597897362319336,1.79111829879141e-11,0.544054835852677,0.249878638584081,11.2216353058725,0.0151135129054344,0.00191622391561492,633.098851961847,0.118746629887407,9.46998551623044e-11,0.517498447743648,0.257052706921107,11.0863639305604,0.549632935884925,0.25274124397546,11.2689178023345,TRUE,0.0149410922982374,0.00192650667351163,0.284892546699256,2026-06-07 16:32:08,2026-06-07 16:33:07,NA
"42","2026-06-07 17:31:37","Collar_42_2026-06-07 17:31:37",2026-06-07 17:32:36.5,NA,NA,NA,NA,NA,24.9032344749905,0.0124567657535609,0.00214764064532686,632.193039459539,0.133087311333312,2.90305748716837e-07,0.367105394604612,0.288096206751446,27.4283146635518,0.382473544030946,0.28961403914597,25.2843847796243,TRUE,0.0113158503096182,0.00213139319976252,0.233485685513794,2026-06-07 17:32:07,2026-06-07 17:33:06,NA
"42","2026-06-07 18:31:38","Collar_42_2026-06-07 18:31:38",2026-06-07 18:32:37.5,29.5591189744642,0.0214443476932188,8.56943376249933e-12,0.555351018530165,0.299493739171784,29.587733898625,0.0189984426315148,0.00223313708284324,631.032342124176,0.138385446765043,8.69034308996193e-12,0.555138908006739,0.299565164275987,31.3098171734146,0.571711599390136,0.299135004424119,29.6425727259225,TRUE,0.0189894070036836,0.00259147848295893,0.300270553555924,2026-06-07 18:32:08,2026-06-07 18:33:07,NA
"42","2026-06-07 19:31:37","Collar_42_2026-06-07 19:31:37",2026-06-07 19:32:36.5,NA,NA,NA,NA,NA,25.2812126377488,0.0135025252893041,0.00215441598748411,636.076687128489,0.133507173042036,4.91924416792201e-08,0.403782558340443,0.289005088029697,28.281967504207,0.413629788716922,0.291681633351995,25.2876203698965,TRUE,0.0136569931510268,0.00231142446406256,0.310659149437151,2026-06-07 19:32:07,2026-06-07 19:33:06,NA
"42","2026-06-07 20:31:37","Collar_42_2026-06-07 20:31:37",2026-06-07 20:32:36.5,47.2635371294809,0.0188181553881685,2.78076542562672e-06,0.317389629390467,0.347106042424897,47.6487539915369,0.0133438485101232,0.00259585479017216,632.425586929178,0.160862728775154,3.37115415375329e-06,0.312992980215095,0.348222091974959,50.6927680637484,0.323852389184061,0.351573777328295,47.6594794978625,TRUE,0.013603034153448,0.00260552414051942,0.388673248396802,2026-06-07 20:32:07,2026-06-07 20:33:06,NA
"42","2026-06-07 21:31:37","Collar_42_2026-06-07 21:31:37",2026-06-07 21:32:36.5,47.6377318911611,0.0395982366692114,3.684019857785e-05,0.256255506478519,0.348190108953391,48.4446869227513,0.0113729604958529,0.00261312973651889,633.511499311599,0.161933241278126,5.53946953068279e-05,0.246185132763521,0.350539447313319,51.2533476017473,0.2610050049403,0.353219995031587,48.5081023072467,TRUE,0.0118553606112951,0.00272743411200115,0.406061766684213,2026-06-07 21:32:07,2026-06-07 21:33:06,NA
"42","2026-06-07 22:31:38","Collar_42_2026-06-07 22:31:38",2026-06-07 22:32:37.5,NA,NA,NA,NA,NA,13.8569937185135,0.0206420642268205,0.00195877222082249,634.356588030929,0.121383309144799,4.29031498074933e-15,0.656916523629118,0.262760368191476,16.1769895172037,0.66638964209525,0.263693671488235,13.891561921614,TRUE,0.0209970328422228,0.00199861771141337,0.279477816962289,2026-06-07 22:32:08,2026-06-07 22:33:07,NA
"42","2026-06-07 23:31:38","Collar_42_2026-06-07 23:31:38",2026-06-07 23:32:37.5,NA,NA,NA,NA,NA,46.1788058728796,0.00379236902167166,0.00256425065497967,633.980908523032,0.158904249646471,0.144567660381566,0.0363408988018627,0.343982541244521,49.1280929367202,0.0530694815388963,0.347019377962609,46.2510729837822,TRUE,0.003857882339615,0.00262627041540733,0.298557579750305,2026-06-07 23:32:08,2026-06-07 23:33:07,NA
"43","2026-06-07 00:13:30","Collar_43_2026-06-07 00:13:30",2026-06-07 00:14:29.5,NA,NA,NA,NA,NA,11.049645188394,0.0117679257068112,0.00191347945303356,632.716824679187,0.118576558070782,7.70117232710652e-08,0.394715284271877,0.256684549771082,11.5641103146243,0.428875797255116,0.253749468086461,11.11824725483,TRUE,0.0119961803429387,0.00198453376068473,0.262581902385248,2026-06-07 00:14:00,2026-06-07 00:14:59,NA
"43","2026-06-07 00:34:39","Collar_43_2026-06-07 00:34:39",2026-06-07 00:35:38.5,NA,NA,NA,NA,NA,22.2304021649694,-0.00049833289868721,0.00210033375432771,634.338716478135,0.130155746900354,0.813288323673472,0.000969645942907885,0.281750202879842,22.9393255866427,0.0542919687963566,0.278980223206093,22.3695971058495,TRUE,-0.000932920797375057,0.00205732653375122,0.288267975756936,2026-06-07 00:35:09,2026-06-07 00:36:08,NA
"43","2026-06-07 01:34:38","Collar_43_2026-06-07 01:34:38",2026-06-07 01:35:37.5,NA,NA,NA,NA,NA,9.21719279017316,0.0052630998868519,0.00130359661895731,634.190324100371,0.0807826809656138,9.64663576624114e-05,0.121372318615452,0.247305712786826,12.6802192057108,0.125295200515428,0.248871102462543,9.24068000780547,TRUE,0.0052493789780663,0.00140954521368233,0.274006603897914,2026-06-07 01:35:08,2026-06-07 01:36:07,NA
"43","2026-06-07 02:34:40","Collar_43_2026-06-07 02:34:40",2026-06-07 02:35:39.5,NA,NA,NA,NA,NA,16.4755423822253,0.00209298077210932,0.00134362367296579,633.567906388919,0.0832631206100083,0.121979225771485,0.0201489872352629,0.254899257429679,19.434066780369,0.0286162814448404,0.255974065626221,16.5010955852281,TRUE,0.00214768892580434,0.00141477259790209,0.276191828927806,2026-06-07 02:35:10,2026-06-07 02:36:09,NA
"43","2026-06-07 03:34:40","Collar_43_2026-06-07 03:34:40",2026-06-07 03:35:39.5,59.6653622093845,0.00780669586526051,0.95823124915276,2.33438773251242e-05,0.305156872610028,59.6155027134575,-0.000366002235639762,0.0016082072228283,635.981524280911,0.0996591193311374,0.820363517343943,0.000438743673028595,0.305093483495371,59.5606453680497,0.0336501220276473,0.302557157685651,59.7383390644361,TRUE,-0.000923846714601063,0.00158700226790253,0.324335561567107,2026-06-07 03:35:10,2026-06-07 03:36:09,NA
"43","2026-06-07 04:34:38","Collar_43_2026-06-07 04:34:38",2026-06-07 04:35:37.5,4.38012125466361,0.00707807077193283,0.619112884047957,0.00210088753263087,0.242371290866953,4.33020135713884,0.000696846145629755,0.0012773206093855,635.623542931675,0.0791543808707678,0.586403020874099,0.00251592637736679,0.242320882984531,0.0664018658831456,0.0688958066060733,0.236128826098526,4.40857788985281,TRUE,0.000342632886609835,0.0013340519741261,0.23909867847977,2026-06-07 04:35:08,2026-06-07 04:36:07,NA
"43","2026-06-07 05:34:38","Collar_43_2026-06-07 05:34:38",2026-06-07 05:35:37.5,NA,NA,NA,NA,NA,38.0970735925703,0.00282512276226765,0.0014702903687334,633.656905807369,0.0911125389993776,0.0570839822993948,0.0303393443283265,0.27892923497612,41.9996492261378,0.0311262629726898,0.281209345402658,38.7667045312592,TRUE,0.00342963032898881,0.0013798137006876,0.251319838591056,2026-06-07 05:35:08,2026-06-07 05:36:07,NA
"43","2026-06-07 06:34:38","Collar_43_2026-06-07 06:34:38",2026-06-07 06:35:37.5,NA,NA,NA,NA,NA,53.4285700690064,0.0011804035163031,0.00156727923760572,637.634186404241,0.0971228498097836,0.45285707383694,0.00478413593734262,0.297329022916688,55.5483683931452,0.0202559979556089,0.297541106907683,53.5057128962129,TRUE,0.000793783893369249,0.00169469264195935,0.334861356779372,2026-06-07 06:35:08,2026-06-07 06:36:07,NA
"43","2026-06-07 07:34:39","Collar_43_2026-06-07 07:34:39",2026-06-07 07:35:38.5,NA,NA,NA,NA,NA,55.9705245222232,0.000549363902951166,0.00158396725881996,634.831394104444,0.0981569911032581,0.729338426859944,0.00101836469866998,0.300494912518864,52.6011927623618,0.0605211586682345,0.293909674769314,56.0682841358422,TRUE,0.000982144552901448,0.00166780784868972,0.304032684433336,2026-06-07 07:35:09,2026-06-07 07:36:08,NA
"43","2026-06-07 08:34:38","Collar_43_2026-06-07 08:34:38",2026-06-07 08:35:37.5,NA,NA,NA,NA,NA,36.8625860489904,0.00271820008659177,0.00146274705585344,633.783641986545,0.0906450868527977,0.0656207933185345,0.0284325192253875,0.277498190785436,29.9226243618334,0.113089230285071,0.267408768667997,36.8984894682946,TRUE,0.00290587691158405,0.00149853205317443,0.30583933783634,2026-06-07 08:35:08,2026-06-07 08:36:07,NA
"43","2026-06-07 09:34:39","Collar_43_2026-06-07 09:34:39",2026-06-07 09:35:53.5,-13.4058991938968,0.013061039713226,6.14222919196328e-05,0.243617089635421,0.209359254005089,-13.8182612949819,0.0136393477896813,0.00311196659095515,637.872510995577,0.141077725619354,4.98543192288507e-05,0.24879766108513,0.208641056851662,-12.7025732557996,0.284055123801679,0.207291304282013,-13.7593463740657,TRUE,0.0142324868683155,0.00321955619758038,0.222539458191348,2026-06-07 09:35:39,2026-06-07 09:36:08,"Time changed"
"43","2026-06-07 10:34:37","Collar_43_2026-06-07 10:34:37",2026-06-07 10:35:36.5,NA,NA,NA,NA,NA,72.9039885506529,0.00245990163383188,0.00169976281945361,636.116245029843,0.105332735268186,0.150491558977301,0.0174395826906876,0.322462523698281,71.8118986236708,0.0582613894552457,0.318402752657495,72.9056978045116,TRUE,0.00246644630377668,0.00185300203822453,0.381859867540144,2026-06-07 10:35:07,2026-06-07 10:36:06,NA
"43","2026-06-07 11:34:39","Collar_43_2026-06-07 11:34:39",2026-06-07 11:35:38.5,NA,NA,NA,NA,NA,107.06041381915,0.0134050029038722,0.00425890900989548,631.175906588618,0.263920665951981,0.00260006641370058,0.145889251252798,0.571313237771074,70.3845072331547,0.566397120367981,0.414269781803438,107.496498618745,TRUE,0.0121021762366328,0.004341218517318,0.544783109364057,2026-06-07 11:35:09,2026-06-07 11:36:08,NA
"43","2026-06-07 12:34:37","Collar_43_2026-06-07 12:34:37",2026-06-07 12:35:36.5,NA,NA,NA,NA,NA,7.99461439540894,0.00593924119063151,0.00186537983639696,635.613344115671,0.115595869160718,0.00233736151509963,0.148779020068968,0.250232205367303,11.3628206275011,0.15769526263383,0.253324181951329,8.0017553492571,TRUE,0.00579206661894013,0.00209165639916766,0.270778247501952,2026-06-07 12:35:07,2026-06-07 12:36:06,NA
"43","2026-06-07 13:34:37","Collar_43_2026-06-07 13:34:37",2026-06-07 13:35:36.5,20.6329439683948,0.0376589073971689,8.64620055423801e-12,0.555216014438471,0.278024355996709,20.9868459063852,0.0175932387602424,0.00207868045115035,634.075095811877,0.128813911660072,1.02821903846289e-11,0.552584763452249,0.278845510922828,21.5176955690027,0.577720282578493,0.275694667985866,21.1596329053746,TRUE,0.0175322551977334,0.00202096535366991,0.307089706686808,2026-06-07 13:35:07,2026-06-07 13:36:06,NA
"43","2026-06-07 14:34:36","Collar_43_2026-06-07 14:34:36",2026-06-07 14:35:35.5,NA,NA,NA,NA,NA,31.4160717030445,0.011615251751546,0.00226742201266716,632.076135912774,0.140510052266175,3.59720001017702e-06,0.311505154323606,0.304164331391074,33.9781840207076,0.327808656646573,0.305861193092918,31.4556610613075,TRUE,0.0112015429976971,0.00246661815630504,0.354153771726916,2026-06-07 14:35:06,2026-06-07 14:36:05,NA
"43","2026-06-07 15:34:36","Collar_43_2026-06-07 15:34:36",2026-06-07 15:35:35.5,NA,NA,NA,NA,NA,22.0151323096444,0.00189069200695717,0.00209656931068883,633.022595112212,0.129922467797701,0.370891404608125,0.0138276367349206,0.28124521991854,25.8121102987399,0.0171589091477656,0.285739560219836,22.0393039538701,TRUE,0.0016753595015612,0.00217516643756766,0.266331598971681,2026-06-07 15:35:06,2026-06-07 15:36:05,NA
"43","2026-06-07 16:34:37","Collar_43_2026-06-07 16:34:37",2026-06-07 16:35:36.5,19.4788456724503,0.00499008274295293,0.103033569521484,0.045169928476217,0.275363277654138,20.1333854203324,0.00298005952811211,0.00206394896941874,634.196306054925,0.127901015315015,0.154157696604008,0.0346966687298738,0.276869349773178,21.646877460792,0.0738829916772404,0.275991617448966,20.1536857515752,TRUE,0.00294830549907474,0.00229796925922367,0.26723023747635,2026-06-07 16:35:07,2026-06-07 16:36:06,NA
"43","2026-06-07 17:34:38","Collar_43_2026-06-07 17:34:38",2026-06-07 17:35:37.5,15.4661283668049,0.0167001983145237,6.80703173017301e-07,0.348759891927032,0.266307571509857,13.7783912166242,0.0113469594270784,0.0019574896042954,632.616925635542,0.121303826580789,2.94185013200245e-07,0.366823349894008,0.262588311028666,17.1966411826673,0.37293285926589,0.265943848697684,13.863653459859,TRUE,0.0110337478961417,0.002022733774411,0.284523882955587,2026-06-07 17:35:08,2026-06-07 17:36:07,NA
"43","2026-06-07 18:34:39","Collar_43_2026-06-07 18:34:39",2026-06-07 18:35:38.5,NA,NA,NA,NA,NA,14.9698418195767,0.00733340454654979,0.00197702184399381,632.339291142816,0.122514221472241,0.000467150112477396,0.191739543664579,0.265208471984697,16.8067390639563,0.220359714453609,0.265081150405662,15.0860984542073,TRUE,0.00764707112619042,0.00178390628540285,0.229891023379194,2026-06-07 18:35:09,2026-06-07 18:36:08,NA
"43","2026-06-07 19:34:38","Collar_43_2026-06-07 19:34:38",2026-06-07 19:35:37.5,5.60138486656962,0.0178679339379358,8.8094884498608e-06,0.290675952271936,0.245291114799402,4.74832293951982,0.00906685597144912,0.00181559324160117,636.829679608316,0.112510639768999,5.74426270980963e-06,0.300689554054944,0.243553560530258,7.20848436074144,0.318408301505848,0.244704302046157,4.74886881683632,TRUE,0.00903203548288257,0.00198373378437979,0.272798013402721,2026-06-07 19:35:08,2026-06-07 19:36:07,NA
"43","2026-06-07 20:34:38","Collar_43_2026-06-07 20:34:38",2026-06-07 20:35:37.5,NA,NA,NA,NA,NA,34.2853038448368,0.00180940985057457,0.00232229002071688,634.220653479064,0.143910172153755,0.439059557817333,0.0103583589344983,0.311524624662449,33.5793760686473,0.0850121657608156,0.304846381372465,34.4046650984596,TRUE,0.00252160894313404,0.00238854716978477,0.328288910073175,2026-06-07 20:35:08,2026-06-07 20:36:07,NA
"43","2026-06-07 21:34:36","Collar_43_2026-06-07 21:34:36",2026-06-07 21:35:35.5,18.718057161258,0.0348889694148928,0.00553776457019053,0.125240248032073,0.273623023189491,19.4864154964713,0.0056070455951251,0.00205285130480054,634.057076683661,0.127213303267225,0.00834278002988345,0.113966064552914,0.275380648631644,21.6187191259265,0.14112192046638,0.275926862843486,19.5171524065602,TRUE,0.00570792568465498,0.00223142487748413,0.263673703673312,2026-06-07 21:35:06,2026-06-07 21:36:05,NA
"43","2026-06-07 22:34:39","Collar_43_2026-06-07 22:34:39",2026-06-07 22:35:38.5,NA,NA,NA,NA,NA,24.8862537437155,0.00584916632741557,0.00214733676258905,636.021766214817,0.133068480000135,0.00851055766982152,0.113417202393652,0.288055442266824,19.3651252348889,0.243510204289284,0.270793325071747,24.9236379436118,TRUE,0.00604278867459898,0.00218685013415504,0.337609213462962,2026-06-07 22:35:09,2026-06-07 22:36:08,NA
"43","2026-06-07 23:34:39","Collar_43_2026-06-07 23:34:39",2026-06-07 23:35:38.5,NA,NA,NA,NA,NA,37.2211247453057,0.00254542937294249,0.00237980595037378,633.770711706466,0.147474381302771,0.289232701910489,0.0193431885927538,0.319240124552057,40.2834440604391,0.0345497706196357,0.322362025040167,37.2216219766017,TRUE,0.00257646856750765,0.00258628243109216,0.379996547509849,2026-06-07 23:35:09,2026-06-07 23:36:08,NA
"44","2026-06-07 00:16:31","Collar_44_2026-06-07 00:16:31",2026-06-07 00:17:30.5,NA,NA,NA,NA,NA,13.8548971370004,0.00384749908854158,0.00195873799840789,633.187011714549,0.121381188413308,0.0542961741535034,0.0623743240610801,0.262755777410494,13.6297896548495,0.126129369078395,0.258155322415774,13.8790560639811,TRUE,0.00411123708708657,0.0019429047599695,0.285379560693905,2026-06-07 00:17:01,2026-06-07 00:18:00,NA
"44","2026-06-07 00:37:40","Collar_44_2026-06-07 00:37:40",2026-06-07 00:38:39.5,NA,NA,NA,NA,NA,41.2873422585282,-0.00133820817578287,0.00246182783610519,634.353668379693,0.152557201962845,0.58881169502737,0.00506870597400514,0.330242986786593,44.5680082500947,0.0169256202049168,0.334079810137104,41.4207732857793,TRUE,-0.000557036508186547,0.00249763935908991,0.370568487328919,2026-06-07 00:38:10,2026-06-07 00:39:09,NA
"44","2026-06-07 01:37:39","Collar_44_2026-06-07 01:37:39",2026-06-07 01:38:38.5,75.0309849359468,0.0124609124472714,0.323906451500911,0.00824746632312029,0.325333044141555,75.7122988065957,0.000953934432282926,0.00171976906296564,634.595489533525,0.106572503739084,0.58015827716389,0.00260066165349574,0.326257914266175,67.2398551112078,0.101061881014411,0.312394533031114,75.9213946266148,TRUE,0.000932801074658414,0.00172109586582006,0.338868343683489,2026-06-07 01:38:09,2026-06-07 01:39:08,NA
"44","2026-06-07 02:37:41","Collar_44_2026-06-07 02:37:41",2026-06-07 02:38:40.5,NA,NA,NA,NA,NA,38.3818958976029,0.00661192852034448,0.00147203628573658,633.942266683247,0.0912207318668715,1.6574803373654e-05,0.146012137775565,0.279260453424112,37.3139822952539,0.181327302288929,0.275772370587101,38.3907621522613,TRUE,0.00654807164263951,0.00150291145358563,0.297334590619006,2026-06-07 02:38:11,2026-06-07 02:39:10,NA
"44","2026-06-07 03:37:41","Collar_44_2026-06-07 03:37:41",2026-06-07 03:38:40.5,NA,NA,NA,NA,NA,25.2415039163152,-0.0020324469635371,0.00139360656424447,635.847321943134,0.0863605143138475,0.14738471184023,0.0177058838867506,0.264381527002231,28.5689131629941,0.0231961660389025,0.265904705109903,27.1150435867619,TRUE,-0.000820752059958902,0.00125439838582235,0.227991871352896,2026-06-07 03:38:11,2026-06-07 03:39:10,NA
"44","2026-06-07 04:37:39","Collar_44_2026-06-07 04:37:39",2026-06-07 04:38:38.5,NA,NA,NA,NA,NA,8.307528756004,0.000783438030800094,0.0012986649919552,635.644775005884,0.0804770725857213,0.547490788576465,0.00307464985630243,0.246370132321812,6.01645570560782,0.0539927017012572,0.24205607650019,8.44026247071798,TRUE,0.000420906233442445,0.00131117939543293,0.252674641608003,2026-06-07 04:38:09,2026-06-07 04:39:08,NA
"44","2026-06-07 05:37:39","Collar_44_2026-06-07 05:37:39",2026-06-07 05:38:38.5,NA,NA,NA,NA,NA,55.6404322131297,0.00188800713844775,0.00158179019210689,634.228808236845,0.0980220802856285,0.235032983756868,0.0119293152140874,0.300081900527708,59.2780716251142,0.0149084638779007,0.302201139361012,55.8299532600706,TRUE,0.00219240613522918,0.00150324305927818,0.273408114460248,2026-06-07 05:38:09,2026-06-07 05:39:08,NA
"44","2026-06-07 06:37:39","Collar_44_2026-06-07 06:37:39",2026-06-07 06:38:38.5,64.5588857738441,-0.0160353986254692,0.97836528059559,6.25872267692731e-06,0.31144279021108,64.4715421714055,0.000483096807460838,0.0016410783071151,637.465493897015,0.101696110127461,0.768986556278748,0.000733852694217399,0.311329466936418,62.371976603986,0.0502569789685337,0.306122114946568,64.6406271831063,TRUE,0.0011383177590881,0.00166636451750637,0.259876358312122,2026-06-07 06:38:09,2026-06-07 06:39:08,NA
"44","2026-06-07 07:37:41","Collar_44_2026-06-07 07:37:41",2026-06-07 07:38:40.5,NA,NA,NA,NA,NA,21.8518384160947,0.000667302590629278,0.00137406215750102,635.120494229719,0.0851493654418281,0.628121392406163,0.00199472803639407,0.260673751628779,23.2317254818424,0.0235492787495682,0.260056707011049,21.9174173929476,TRUE,0.00100955746964535,0.00135100715646574,0.227608374281014,2026-06-07 07:38:11,2026-06-07 07:39:10,NA
"44","2026-06-07 08:37:39","Collar_44_2026-06-07 08:37:39",2026-06-07 08:38:38.5,NA,NA,NA,NA,NA,61.0938649707771,0.00110158319782184,0.00161814409979197,634.124539894658,0.100274898437862,0.497351013676001,0.00391215318920461,0.306978611459528,61.7862237592842,0.0309930574281485,0.305375893030108,61.4552085180584,TRUE,0.000575669454128958,0.00169890305662177,0.30673415609443,2026-06-07 08:38:09,2026-06-07 08:39:08,NA
"44","2026-06-07 09:37:40","Collar_44_2026-06-07 09:37:40",2026-06-07 09:38:39.5,NA,NA,NA,NA,NA,9.30126682463528,0.00229839146575486,0.00130405335989887,639.252962132994,0.0808109847807885,0.0805743783304354,0.0256501662318329,0.247392361250367,7.2536098370691,0.0735377780883583,0.243307050809717,9.30390499041597,TRUE,0.00233984909043633,0.00139477728213846,0.255417371272527,2026-06-07 09:38:10,2026-06-07 09:39:09,NA
"44","2026-06-07 10:37:38","Collar_44_2026-06-07 10:37:38",2026-06-07 10:38:37.5,NA,NA,NA,NA,NA,32.8171747797319,2.84754083927307e-05,0.00143829780230847,636.762094943482,0.0891299891452333,0.984237957617945,3.3216880127164e-06,0.272859915427004,34.2907081361985,0.0208370553265582,0.272320261463033,32.8650040095419,TRUE,0.00033861993712104,0.00157038364474811,0.269337479174194,2026-06-07 10:38:08,2026-06-07 10:39:07,NA
"44","2026-06-07 11:37:40","Collar_44_2026-06-07 11:37:40",2026-06-07 11:38:39.5,NA,NA,NA,NA,NA,133.777281974503,-0.000340230198298156,0.00532095923525875,632.260564953918,0.329734939537319,0.949236661930725,7.04867110263328e-05,0.713782436224947,108.110929176606,0.390130148328031,0.567309073275952,139.226927933067,TRUE,-0.0109580454003865,0.00351394796014913,0.381434612870204,2026-06-07 11:38:10,2026-06-07 11:39:09,NA
"44","2026-06-07 12:37:39","Collar_44_2026-06-07 12:37:39",2026-06-07 12:38:38.5,NA,NA,NA,NA,NA,14.7901445713127,0.00164886581510089,0.00197406351468575,635.360642552947,0.122330896531682,0.406996205351306,0.0118857760245008,0.264811625587779,11.6286174432279,0.123059173985204,0.253885910169129,15.0137775944663,TRUE,0.00239592743252132,0.0021990968100657,0.252678580265794,2026-06-07 12:38:09,2026-06-07 12:39:08,NA
"44","2026-06-07 13:37:39","Collar_44_2026-06-07 13:37:39",2026-06-07 13:38:38.5,NA,NA,NA,NA,NA,12.4658859283035,0.00714218330047219,0.00193619613687974,633.499352545894,0.119984290031003,0.000498720027380349,0.190023640896358,0.259731889399477,5.09598786515678,0.329846520591136,0.240434189972153,12.6054986393202,TRUE,0.00778199862359934,0.00180221924228457,0.270393783105948,2026-06-07 13:38:09,2026-06-07 13:39:08,NA
"44","2026-06-07 14:37:36","Collar_44_2026-06-07 14:37:36",2026-06-07 14:38:35.5,23.6509343556431,0.03194607120228,0.0196808257857311,0.0902617841640649,0.285105315832296,23.7840341595636,0.00504105541013323,0.00212770342969396,632.496844642324,0.131851820456461,0.0211740456253628,0.088241444466658,0.285421720119094,23.6005986075951,0.149647229572389,0.280521817658285,23.8002213533088,TRUE,0.00478349728927163,0.00233327542142069,0.242683490960659,2026-06-07 14:38:06,2026-06-07 14:39:05,NA
"44","2026-06-07 15:37:38","Collar_44_2026-06-07 15:37:38",2026-06-07 15:38:37.5,NA,NA,NA,NA,NA,39.0821270463271,0.00987283959674159,0.00241700048748507,633.973988642911,0.149779292485748,0.000137111046610247,0.2234067553428,0.32422960222699,40.2556538858134,0.259142104731726,0.322287379542477,39.7012511524171,TRUE,0.00869739079029939,0.00200231268646977,0.245294949861309,2026-06-07 15:38:08,2026-06-07 15:39:07,NA
"44","2026-06-07 16:37:38","Collar_44_2026-06-07 16:37:38",2026-06-07 16:38:37.5,NA,NA,NA,NA,NA,38.1597280576486,0.00527945113114315,0.00239849305206523,634.016112352101,0.148632403770887,0.0317185748837549,0.0770955589104543,0.321746914095364,40.7861027071607,0.0979842848054646,0.323715174272797,38.185524985566,TRUE,0.00558340115090792,0.00255255998592623,0.335552118217582,2026-06-07 16:38:08,2026-06-07 16:39:07,NA
"44","2026-06-07 17:37:39","Collar_44_2026-06-07 17:37:39",2026-06-07 17:38:38.5,NA,NA,NA,NA,NA,12.7498632064902,0.00733279196246671,0.00194078352695771,632.973065612206,0.120268566365987,0.000374614157417832,0.197512583853452,0.260347266875793,16.312071952913,0.203346640012,0.263990675151996,12.7678213887934,TRUE,0.00709663365115569,0.00208622166013092,0.250992745677536,2026-06-07 17:38:09,2026-06-07 17:39:08,NA
"44","2026-06-07 18:37:41","Collar_44_2026-06-07 18:37:41",2026-06-07 18:38:40.5,NA,NA,NA,NA,NA,37.0684512769926,0.00537564033359002,0.00237678009874257,632.570880034553,0.14728687206608,0.0274781470886947,0.0810488462001257,0.318834220343156,31.2683211960801,0.21952909012119,0.299031581478937,37.1515103367614,TRUE,0.00487594847262067,0.00240315112814472,0.293908875632212,2026-06-07 18:38:11,2026-06-07 18:39:10,NA
"44","2026-06-07 19:37:40","Collar_44_2026-06-07 19:37:40",2026-06-07 19:38:39.5,9.37899633945664,0.0156280183754323,2.82390170299055e-05,0.262758602952202,0.253135729331288,9.27582370560861,0.00860021642283032,0.00188540271923689,636.505885977183,0.11683666875543,2.68075972992428e-05,0.264025232572785,0.252918183865132,12.0734067405126,0.27862756883234,0.254828704155664,9.31028078783699,TRUE,0.00832309363101414,0.0019283947119341,0.272911313160599,2026-06-07 19:38:10,2026-06-07 19:39:09,NA
"44","2026-06-07 20:37:40","Collar_44_2026-06-07 20:37:40",2026-06-07 20:38:39.5,NA,NA,NA,NA,NA,22.3810101695341,0.0037913258784894,0.00210297146819872,633.73355396738,0.130319203597788,0.0766088321552062,0.0530649394120472,0.282104040176779,25.7436515768876,0.063070655043484,0.285576595333495,22.474796805511,TRUE,0.00321480900915952,0.00236423855979961,0.271384844033064,2026-06-07 20:38:10,2026-06-07 20:39:09,NA
"44","2026-06-07 21:37:38","Collar_44_2026-06-07 21:37:38",2026-06-07 21:38:37.5,25.1355102563148,0.0106929264859635,0.00566349632136907,0.124623864337943,0.288654394896447,26.6464725099049,0.00560216492523027,0.00217906709893388,633.239622027244,0.13503477969791,0.0127313896287676,0.102299613286795,0.292311922306809,25.7007267231042,0.173328604284384,0.285474460821716,26.6615646891303,TRUE,0.0056419397236288,0.00223078107702686,0.336162820822841,2026-06-07 21:38:08,2026-06-07 21:39:07,NA
"44","2026-06-07 22:37:39","Collar_44_2026-06-07 22:37:39",2026-06-07 22:38:38.5,40.8134609652803,0.00901843001779692,0.0603680462216752,0.0594950184944249,0.328941425304335,40.891395650546,0.00464845102321405,0.00245371828590683,635.867576590686,0.152054660611539,0.0631543629804827,0.0582725920924263,0.329155127579004,44.768387607799,0.0602012818014751,0.334638131972894,40.9318748235082,TRUE,0.00441643414323795,0.00253685825179989,0.32725623607523,2026-06-07 22:38:09,2026-06-07 22:39:08,NA
"44","2026-06-07 23:37:41","Collar_44_2026-06-07 23:37:41",2026-06-07 23:38:40.5,NA,NA,NA,NA,NA,22.5244211903672,0.0015204186850923,0.00210548621461785,633.838089544245,0.130475040115566,0.473120747690155,0.00891058944735122,0.282441381950353,23.929019357259,0.0508678359169361,0.281290612426155,22.5312630868561,TRUE,0.00144311148199066,0.00216588464784476,0.293149634586247,2026-06-07 23:38:11,2026-06-07 23:39:10,NA
"45","2026-06-07 00:25:34","Collar_45_2026-06-07 00:25:34",2026-06-07 00:26:33.5,NA,NA,NA,NA,NA,41.6068797303104,0.0357212099151813,0.00246839195709345,631.695609981015,0.152963974490407,6.6086578496354e-21,0.783115021985547,0.331123533707461,42.3914838946978,0.794431928515594,0.328074991205755,41.6448908541288,TRUE,0.0353077804119877,0.002553628615149,0.309660441113726,2026-06-07 00:26:04,2026-06-07 00:27:03,NA
"45","2026-06-07 00:46:45","Collar_45_2026-06-07 00:46:45",2026-06-07 00:47:44.5,34.7717509466203,-0.00278583108877201,0.0836586901677947,0.0507061984769796,0.312790023142231,35.1203231565531,-0.00387383070269147,0.00233850601653065,634.446992508731,0.144915062468224,0.103013040939725,0.045175190431267,0.313699926611969,32.9141996367884,0.13900173771053,0.303161250906531,35.1270233301816,TRUE,-0.00401449320143765,0.00242565023837926,0.285125461488902,2026-06-07 00:47:15,2026-06-07 00:48:14,NA
"45","2026-06-07 01:46:44","Collar_45_2026-06-07 01:46:44",2026-06-07 01:47:43.5,NA,NA,NA,NA,NA,59.1268814719011,0.00211297301614419,0.0016049363693512,634.276614765864,0.0994564275558728,0.190542162085342,0.0144762919583898,0.304472968883097,60.6866902014878,0.0343144574412783,0.303980046920286,59.2487383157325,TRUE,0.00227579739142622,0.00167054691459271,0.340462728235443,2026-06-07 01:47:14,2026-06-07 01:48:13,NA
"45","2026-06-07 02:46:42","Collar_45_2026-06-07 02:46:42",2026-06-07 02:47:41.5,NA,NA,NA,NA,NA,15.7201870178651,0.00790012683202286,0.00133940151505836,636.281315229055,0.0830014773760025,3.58446072011964e-08,0.227694959893211,0.254098270563333,-6.68255591532797,0.380224854396874,0.229581221215203,15.7390887451134,TRUE,0.00775305432333614,0.00142499200545393,0.315684097342352,2026-06-07 02:47:12,2026-06-07 02:48:11,NA
"45","2026-06-07 03:46:43","Collar_45_2026-06-07 03:46:43",2026-06-07 03:47:57.5,NA,NA,NA,NA,NA,32.0002981974109,0.0016708418953857,0.00455887644628329,635.437993771027,0.206671858975159,0.715323408717481,0.00231058759990825,0.305648782532962,28.192814806887,0.124042744477555,0.291465012127052,32.0724192871338,TRUE,0.00210590778938111,0.00485899804970272,0.296660037332647,2026-06-07 03:47:43,2026-06-07 03:48:12,"Time changed"
"45","2026-06-07 04:46:42","Collar_45_2026-06-07 04:46:42",2026-06-07 04:47:41.5,NA,NA,NA,NA,NA,35.5622825809768,-0.00220755499799175,0.00145484342306622,636.126555886059,0.0901553060136682,0.131844536297343,0.0191388604422131,0.275998790195082,35.2649674952226,0.0536429391396529,0.273427968944274,35.7483104227457,TRUE,-0.00279608731155191,0.00159135713212049,0.249019863956862,2026-06-07 04:47:12,2026-06-07 04:48:11,NA
"45","2026-06-07 05:46:42","Collar_45_2026-06-07 05:46:42",2026-06-07 05:47:41.5,28.3414238467269,0.00563978388795303,0.022842326587185,0.0431301550771921,0.26781851571789,28.049387956831,0.00334241076263739,0.00141000683827571,635.678040950636,0.0873768241796048,0.0193852988433397,0.0454559932839604,0.267492827998423,31.6130873378235,0.0489202595530323,0.269298936905882,28.0810898271144,TRUE,0.00351312382714277,0.00146024193575345,0.273160563668288,2026-06-07 05:47:12,2026-06-07 05:48:11,NA
"45","2026-06-07 06:46:42","Collar_45_2026-06-07 06:46:42",2026-06-07 06:47:41.5,NA,NA,NA,NA,NA,-8.95200698858643,0.00127965513908501,0.00120855094432608,636.687246606172,0.0748927881113062,0.291837930499605,0.00941168019736743,0.229274568819315,-5.04612908070491,0.0101883442780914,0.231151957080935,-7.5223735914871,TRUE,0.00214796753446896,0.0010228570581813,0.142823107814761,2026-06-07 06:47:12,2026-06-07 06:48:11,NA
"45","2026-06-07 07:46:46","Collar_45_2026-06-07 07:46:46",2026-06-07 07:47:45.5,NA,NA,NA,NA,NA,45.6587116327808,0.00359717773068493,0.00151735203920445,635.511504393991,0.0940289073422261,0.0193752210781944,0.0454633753592716,0.287857318856922,48.1043333092817,0.0577479005845492,0.288453985358808,45.7699356348271,TRUE,0.00391653815286673,0.00155527141256631,0.291206140545149,2026-06-07 07:47:16,2026-06-07 07:48:15,NA
"45","2026-06-07 08:46:41","Collar_45_2026-06-07 08:46:41",2026-06-07 08:47:40.5,-8.58787795368854,0.0101856130898539,0.000296459487451318,0.105438161719702,0.229622689201871,-8.09131447928335,0.00443385606897976,0.00121289285329414,634.233133425499,0.075161852208165,0.000384434016378461,0.101728769439093,0.230098273695949,-9.35096235407538,0.140249988896001,0.227042792244754,-8.04568760759913,TRUE,0.00440847076763502,0.00125421125393649,0.250665617437459,2026-06-07 08:47:11,2026-06-07 08:48:10,NA
"45","2026-06-07 09:46:39","Collar_45_2026-06-07 09:46:39",2026-06-07 09:47:38.5,15.2745530885479,-0.0238711980702431,0.253464962300666,0.0110372498410113,0.253626896612802,14.744919636169,-0.00181180067872568,0.00133396974796625,638.215944505957,0.0826648757757069,0.176990693706403,0.0153925294771652,0.25306780836907,16.7201061507532,0.0318668698643493,0.25309577234378,14.7476807407427,TRUE,-0.00177148913797691,0.00139355363206204,0.331211899721186,2026-06-07 09:47:09,2026-06-07 09:48:08,NA
"45","2026-06-07 10:46:39","Collar_45_2026-06-07 10:46:39",2026-06-07 10:47:38.5,NA,NA,NA,NA,NA,81.8969076022896,-0.000919369188030188,0.00176466208607768,637.303988154709,0.109354483003914,0.603350895042918,0.00229496958348454,0.334774583394052,75.0556505346077,0.0884797016681752,0.322735380546665,82.0377024829889,TRUE,-0.000977258227139649,0.00180278723933423,0.34407351605072,2026-06-07 10:47:09,2026-06-07 10:48:08,NA
"45","2026-06-07 11:46:40","Collar_45_2026-06-07 11:46:40",2026-06-07 11:47:39.5,NA,NA,NA,NA,NA,156.991077953456,-0.0225504766659951,0.00645659374260167,634.697262065982,0.400109163255085,0.000922140814332035,0.173770891316163,0.86612263081637,134.615667171058,0.467660242910966,0.707527907955619,159.696415084125,TRUE,-0.0310851536414654,0.00475492837388359,0.672529786872824,2026-06-07 11:47:10,2026-06-07 11:48:09,NA
"45","2026-06-07 12:46:40","Collar_45_2026-06-07 12:46:40",2026-06-07 12:47:39.5,6.61085865139889,0.0261544844951389,7.96434972185595e-23,0.813648448625988,0.247363276299432,1.16165364690417,0.0296347045117956,0.00176213009485228,635.173992628809,0.109197577841386,5.66510857434995e-24,0.829827118971289,0.236381723001077,4.3479578621836,0.832119356571803,0.238940085058687,1.19398882181393,TRUE,0.0299401241096317,0.00184012091107175,0.218840047504028,2026-06-07 12:47:10,2026-06-07 12:48:09,NA
"45","2026-06-07 13:46:40","Collar_45_2026-06-07 13:46:40",2026-06-07 13:47:39.5,NA,NA,NA,NA,NA,30.8169525681845,0.0346712973094099,0.00225612975935636,632.770219412882,0.139810281736455,4.1175235552682e-22,0.802830468790016,0.30264952706308,29.7110820307302,0.818915082103967,0.29517612097362,30.8183452808433,TRUE,0.0347163658415355,0.00230344591427425,0.353720160774716,2026-06-07 13:47:10,2026-06-07 13:48:09,NA
"45","2026-06-07 14:46:37","Collar_45_2026-06-07 14:46:37",2026-06-07 14:47:36.5,NA,NA,NA,NA,NA,26.6303534698774,0.0319148289703109,0.00217877441467686,631.730548870553,0.135016642324266,3.79416222324124e-21,0.787207349432662,0.292272660047358,29.3899059335636,0.791561487335567,0.294387147987279,26.7577690410291,TRUE,0.0311505475288349,0.00227388692226863,0.272555763131407,2026-06-07 14:47:07,2026-06-07 14:48:06,NA
"45","2026-06-07 15:46:39","Collar_45_2026-06-07 15:46:39",2026-06-07 15:47:38.5,NA,NA,NA,NA,NA,169.757769983984,0.0441942268792448,0.00718137590237416,635.777837602893,0.445023245672161,7.5848339862958e-08,0.395025338177218,0.96334885504803,110.631926837656,0.788740087102059,0.579353352355713,180.707410649467,TRUE,0.0654295006979816,0.00306600739044916,0.359575722913453,2026-06-07 15:47:09,2026-06-07 15:48:08,NA
"45","2026-06-07 16:49:27","Collar_45_2026-06-07 16:49:27",2026-06-07 16:50:41.5,16.9894540127634,0.0156335002456997,0.192961204010438,0.0597556061888012,0.300807567117633,17.1587363845485,0.0080786139548555,0.0063630335575316,633.530518751901,0.288461420166037,0.214672309173382,0.0544350489958531,0.301657455787154,16.7328971804083,0.184130343810982,0.290784406252188,17.2097623446899,TRUE,0.00929781437601507,0.00728303393530638,0.279017612712904,2026-06-07 16:50:27,2026-06-07 16:50:56,"Time changed"
"45","2026-06-07 17:46:40","Collar_45_2026-06-07 17:46:40",2026-06-07 17:47:39.5,46.5039436229319,0.0419276279088369,2.45879860674564e-16,0.688886316275994,0.3449158192692,41.1910432180536,0.0296907176998882,0.00245985303144006,633.698519870774,0.152434825137903,1.85232326127892e-17,0.715250442644351,0.32997807573905,40.3467763485439,0.737336888377556,0.322532202648822,41.2645174979781,TRUE,0.0295070890646456,0.0026245993642184,0.300116908016845,2026-06-07 17:47:10,2026-06-07 17:48:09,NA
"45","2026-06-07 18:46:44","Collar_45_2026-06-07 18:46:44",2026-06-07 18:47:43.5,NA,NA,NA,NA,NA,64.7681158005732,0.0228211448165625,0.0029939009711938,634.858203903223,0.185529283738124,2.63421361052594e-10,0.50044439760887,0.401618173444065,52.1401341985444,0.621360001630679,0.355839919895673,67.8725473696073,TRUE,0.0271114649579359,0.00264098597354809,0.269002673522389,2026-06-07 18:47:14,2026-06-07 18:48:13,NA
"45","2026-06-07 19:46:43","Collar_45_2026-06-07 19:46:43",2026-06-07 19:47:42.5,NA,NA,NA,NA,NA,96.0581620651678,0.0111597097261196,0.00388579499667925,637.196155493969,0.240799134448197,0.00568884964910446,0.124501212913438,0.521261693008544,49.7198649324411,0.621649071410468,0.348734907410887,102.340863014737,TRUE,0.0191758049159425,0.00247683039479089,0.288824308082118,2026-06-07 19:47:13,2026-06-07 19:48:12,NA
"45","2026-06-07 20:46:45","Collar_45_2026-06-07 20:46:45",2026-06-07 20:47:44.5,NA,NA,NA,NA,NA,43.6157814559506,0.0232031087430196,0.00251006276002468,637.257580494359,0.155546275740518,5.259736966872e-13,0.595684104912581,0.336713482045838,46.2383908058808,0.604860060205306,0.338762669275542,43.7094427060442,TRUE,0.022519057282871,0.00249389901126013,0.304521442565332,2026-06-07 20:47:15,2026-06-07 20:48:14,NA
"45","2026-06-07 21:46:39","Collar_45_2026-06-07 21:46:39",2026-06-07 21:47:38.5,52.2137244202717,0.0280339551499113,1.03379830626645e-15,0.673214875568409,0.361724145303105,50.5229138920392,0.0296736238536681,0.00265877952893299,633.123819778472,0.164762116839098,4.53678379705136e-16,0.682295194329047,0.356663158960383,54.1762127627533,0.68412571079977,0.361929082478071,51.0562634699764,TRUE,0.030741797611059,0.00233637412392848,0.306791381090669,2026-06-07 21:47:09,2026-06-07 21:48:08,NA
"45","2026-06-07 22:46:42","Collar_45_2026-06-07 22:46:42",2026-06-07 22:47:41.5,34.7735237671216,0.0170111568825931,1.82444994503797e-14,0.639515961576041,0.312794644181079,36.6550045748167,0.0234393476680005,0.0023686052571379,636.362654594958,0.146780284666504,4.56886458008392e-14,0.628032794551742,0.317737602590916,28.508145977462,0.69620350597183,0.292231919338503,36.8146505699555,TRUE,0.0242197739723361,0.00196162878630694,0.218475388996855,2026-06-07 22:47:12,2026-06-07 22:48:11,NA
"49","2026-06-07 11:10:00","Collar_49_2026-06-07 11:10:00",2026-06-07 11:11:14.5,NA,NA,NA,NA,NA,-24.5219167002764,0.0048809699843298,0.00317665160192864,643.811401410396,0.144010152418641,0.135636850558948,0.0777604578536674,0.150598080537504,-24.4023781930025,0.189658081268775,0.146495424767639,-24.5142951552333,TRUE,0.00512837583625907,0.00341210519631632,0.140311413877419,2026-06-07 11:11:00,2026-06-07 11:11:29,"Time changed"
"49","2026-06-07 12:09:24","Collar_49_2026-06-07 12:09:24",2026-06-07 12:10:38.5,-22.3014642417228,0.00727974812465396,0.894713022627471,0.000636588271963632,0.156275755592652,-22.317497036887,-0.000596967479605759,0.0032955333271952,644.11921242557,0.149399530141094,0.85755909790689,0.00117053187827372,0.156234002218453,-19.0415455413583,0.024988650593264,0.16018692403901,-22.306736544078,TRUE,-0.000361973388627212,0.00346144303765372,0.193386415547262,2026-06-07 12:10:24,2026-06-07 12:10:53,"Time changed"
"49","2026-06-07 13:09:26","Collar_49_2026-06-07 13:09:26",2026-06-07 13:10:40.5,NA,NA,NA,NA,NA,-13.0250583896399,0.00221321638127888,0.00384757081436302,644.472884753237,0.174425567815347,0.569733649741371,0.0116792350081152,0.182404887908827,-12.792102400486,0.128305365935545,0.177771460265979,-12.7440471353559,TRUE,0.000298920206263762,0.00386120929039976,0.166517118087494,2026-06-07 13:10:26,2026-06-07 13:10:55,"Time changed"
"49","2026-06-07 14:09:30","Collar_49_2026-06-07 14:09:30",2026-06-07 14:10:44.5,NA,NA,NA,NA,NA,-24.7196589028764,0.000774691997765517,0.00316619953343695,643.876695487716,0.143536318909274,0.808491795933421,0.00213351638805988,0.150102570909838,-22.8650068332576,0.0710007925182169,0.1502975586896,-24.6391725247793,TRUE,0.000985419667545093,0.00308514859822025,0.149947102135091,2026-06-07 14:10:30,2026-06-07 14:10:59,"Time changed"
"49","2026-06-07 15:09:25","Collar_49_2026-06-07 15:09:25",2026-06-07 15:10:39.5,NA,NA,NA,NA,NA,-12.9475921962371,-0.00231200427522289,0.00385254163367353,643.956889306962,0.174650914669914,0.553249778542772,0.0126991329865806,0.182640543542706,-13.857236422874,0.161746957245541,0.174643466342947,-12.9327487358052,TRUE,-0.00213881340558244,0.00396052108713946,0.204952633267617,2026-06-07 15:10:25,2026-06-07 15:10:54,"Time changed"
"49","2026-06-07 16:09:26","Collar_49_2026-06-07 16:09:26",2026-06-07 16:10:40.5,NA,NA,NA,NA,NA,-8.33126602288419,-0.00251289528122411,0.00416065229903396,644.248058086092,0.188618786958278,0.5507283065116,0.0128601661589075,0.197247393966039,-7.26301052388178,0.104764431811227,0.194931911449102,-8.32508889910106,TRUE,-0.00219748270476095,0.00421597434286382,0.213488048181122,2026-06-07 16:10:26,2026-06-07 16:10:55,"Time changed"
"49","2026-06-07 17:09:28","Collar_49_2026-06-07 17:09:28",2026-06-07 17:10:42.5,NA,NA,NA,NA,NA,-16.8362291265081,0.00385955849459323,0.00361077517630854,643.973506024901,0.163690687129158,0.294243498974113,0.039205486007854,0.17117892641245,-13.182392544973,0.050228166674807,0.1766188389877,-16.5236588326944,TRUE,0.00384300839822112,0.00351083290994343,0.163816223706612,2026-06-07 17:10:28,2026-06-07 17:10:57,"Time changed"
"49","2026-06-07 18:09:27","Collar_49_2026-06-07 18:09:27",2026-06-07 18:10:41.5,NA,NA,NA,NA,NA,-13.0413439461594,0.000621427222814022,0.00384652662554673,643.808950451237,0.174378230615857,0.87281608459721,0.000931280251046877,0.182355385208765,-9.73383064541573,0.0237285479483994,0.187067589022468,-13.0332839459876,TRUE,0.000399184774683198,0.00434052090053075,0.179942771039907,2026-06-07 18:10:27,2026-06-07 18:10:56,"Time changed"
"49","2026-06-07 19:09:27","Collar_49_2026-06-07 19:09:27",2026-06-07 19:10:41.5,NA,NA,NA,NA,NA,-22.3974889642283,-0.00114282134294241,0.00329114265362488,644.82575402404,0.149200483582227,0.731006431733426,0.00428784471011596,0.156025850020851,-18.5278917265598,0.00860657219482421,0.161564154535415,-22.2248051650701,TRUE,-0.000595745478325167,0.00349145218467654,0.146229122256086,2026-06-07 19:10:27,2026-06-07 19:10:56,"Time changed"
"49","2026-06-07 20:09:30","Collar_49_2026-06-07 20:09:30",2026-06-07 20:10:44.5,NA,NA,NA,NA,NA,-3.18660794516242,0.00637543667133176,0.004533145937615,645.499558604507,0.205505393482727,0.170606078708319,0.0659808945636054,0.214906499846166,0.792247836314894,0.0666389660985381,0.222940435753355,-2.91674488545854,TRUE,0.00824705589199184,0.00410140070406843,0.169712281213453,2026-06-07 20:10:30,2026-06-07 20:10:59,"Time changed"
"49","2026-06-07 21:09:26","Collar_49_2026-06-07 21:09:26",2026-06-07 21:10:40.5,NA,NA,NA,NA,NA,-2.38875621731548,-0.0040088514140525,0.00459382814378421,646.469585229337,0.208256357344871,0.390270630768537,0.0264775840678738,0.217783310059259,-1.65328317418,0.126853559775601,0.214036333080658,-1.43185308312016,TRUE,-0.0036442361835243,0.00416500171826005,0.164985610950458,2026-06-07 21:10:26,2026-06-07 21:10:55,"Time changed"
"49","2026-06-07 22:09:25","Collar_49_2026-06-07 22:09:25",2026-06-07 22:10:39.5,NA,NA,NA,NA,NA,-22.3108788270556,-0.00602437189082315,0.00329589685609518,646.179393087567,0.149416010340642,0.0782484305194584,0.106601542661977,0.156251236325751,-22.8871258979694,0.232996692852057,0.150242161544224,-22.1948675989245,TRUE,-0.00530708047251632,0.00315684939744499,0.166789405094304,2026-06-07 22:10:25,2026-06-07 22:10:54,"Time changed"
"49","2026-06-07 23:09:25","Collar_49_2026-06-07 23:09:25",2026-06-07 23:10:39.5,NA,NA,NA,NA,NA,8.77502420604741,-0.0058226480764107,0.0055332575000054,647.574689390671,0.250844397120408,0.301658924716076,0.0380431846948083,0.26231959403878,2.62896982176172,0.314075374507736,0.229870628210475,9.00694030929706,TRUE,-0.00425299489216707,0.00552754160252747,0.271661106822769,2026-06-07 23:10:25,2026-06-07 23:10:54,"Time changed"
"50","2026-06-07 00:22:27","Collar_50_2026-06-07 00:22:27",2026-06-07 00:23:26.5,NA,NA,NA,NA,NA,-26.4586282401231,0.00925011012399912,0.00139983495822667,599.720144836921,0.0867464821482797,1.33069641363792e-08,0.429502608454035,0.187781481236492,-22.5237267046642,0.430121247859619,0.191001661249227,-26.3730784940295,TRUE,0.00958270843238623,0.00133560724308957,0.190504901948391,2026-06-07 00:22:57,2026-06-07 00:23:56,NA
"50","2026-06-07 01:22:29","Collar_50_2026-06-07 01:22:29",2026-06-07 01:23:28.5,-128.140904312925,0.00846710381262492,6.2280322452275e-14,0.38062597770624,0.139532823891739,-131.711161433498,0.00641088342589763,0.000724644273649786,615.90311446365,0.0449055377411396,1.05266303172397e-14,0.398782248709219,0.137472486508283,-128.590209969948,0.403170320090796,0.138145615470095,-131.417327020183,TRUE,0.0063169015864889,0.00067228811870376,0.110361887965376,2026-06-07 01:22:59,2026-06-07 01:23:58,NA
"50","2026-06-07 02:22:27","Collar_50_2026-06-07 02:22:27",2026-06-07 02:23:26.5,-108.237785279475,0.0336198803243546,5.18397331574972e-09,0.251992956096875,0.151597583474263,-106.039517520126,0.0048980992886933,0.000806453355659573,617.0203466317,0.0499751711507233,1.56879518903081e-08,0.238164012584291,0.152992512446252,-123.223754413417,0.36145255130766,0.141269377278856,-105.735437538705,TRUE,0.00482440982989668,0.000839939174969702,0.152437374395597,2026-06-07 02:22:57,2026-06-07 02:23:56,NA
"50","2026-06-07 03:22:28","Collar_50_2026-06-07 03:22:28",2026-06-07 03:23:27.5,NA,NA,NA,NA,NA,-60.1642399190344,0.00865653465279028,0.000976322586135464,615.707420141456,0.060501810796647,9.47567563438277e-15,0.399840150177265,0.185218456049106,-57.1761793638154,0.404879915781409,0.186022340044333,-60.0674339526956,TRUE,0.00895590297813223,0.00100451060802283,0.184304101722884,2026-06-07 03:22:58,2026-06-07 03:23:57,NA
"50","2026-06-07 04:22:29","Collar_50_2026-06-07 04:22:29",2026-06-07 04:23:28.5,NA,NA,NA,NA,NA,-107.522743371662,0.00603278402986136,0.000801484756108998,617.131785335721,0.0496672716160796,1.13379761892113e-11,0.324385774673539,0.152049917907774,-107.233598206301,0.344958593108906,0.151002168215626,-107.362419468751,TRUE,0.00610872431779891,0.000758032177673673,0.173991080272403,2026-06-07 04:22:59,2026-06-07 04:23:58,NA
"50","2026-06-07 05:22:27","Collar_50_2026-06-07 05:22:27",2026-06-07 05:23:26.5,NA,NA,NA,NA,NA,-152.410858859911,0.00519977719549195,0.000664764031696736,616.940825950756,0.0411948143382927,2.44421687832489e-12,0.341457286815697,0.126112587515992,-159.48442119381,0.399507772936403,0.121459689407541,-152.386874159207,TRUE,0.00513116353623011,0.000677721931672947,0.113977477275421,2026-06-07 05:22:57,2026-06-07 05:23:56,NA
"50","2026-06-07 06:22:30","Collar_50_2026-06-07 06:22:30",2026-06-07 06:23:29.5,-88.4976555518775,0.0218925737562015,3.35477199077197e-14,0.387004029238878,0.164593709968474,-86.8574927353337,0.00740638856396706,0.00087355506200127,616.477620528489,0.0541334020457875,7.59405621262777e-14,0.378568065779348,0.165722397653625,-90.703845281646,0.417901245165721,0.161768801763292,-86.4839141086594,TRUE,0.00712326272754474,0.00091183017105274,0.172947545055387,2026-06-07 06:23:00,2026-06-07 06:23:59,NA
"50","2026-06-07 07:22:27","Collar_50_2026-06-07 07:22:27",2026-06-07 07:23:26.5,NA,NA,NA,NA,NA,-65.6407917581066,0.00700297269312096,0.000954296179912237,617.231825834281,0.0591368547044985,2.99524929329789e-11,0.313361005142321,0.18103981979618,-74.5152226288166,0.383214231027459,0.173056955119728,-65.5762234194671,TRUE,0.00716103332098069,0.000999159533800298,0.184852107144154,2026-06-07 07:22:57,2026-06-07 07:23:56,NA
"50","2026-06-07 08:22:30","Collar_50_2026-06-07 08:22:30",2026-06-07 08:23:29.5,-71.5797769442365,0.011630451284727,2.97570705887615e-13,0.364215234956366,0.176614825514969,-69.5312678091804,0.00753832267258869,0.000938951443970488,617.58917590337,0.0581859555612686,8.26691476304512e-13,0.353268642485595,0.178128765253376,-67.4868083712651,0.363722477415942,0.178199876156684,-69.3572877073209,TRUE,0.00783835982216975,0.00092441662320307,0.187297440634971,2026-06-07 08:23:00,2026-06-07 08:23:59,NA
"50","2026-06-07 09:22:31","Collar_50_2026-06-07 09:22:31",2026-06-07 09:24:00.5,NA,NA,NA,NA,NA,-135.226216090043,0.00844435603020945,0.000714108431988581,620.274653465465,0.0442526413441682,9.27183755272766e-22,0.542336605938976,0.135473728768394,-135.258907714934,0.557461174030831,0.134359907030838,-135.123963316546,TRUE,0.00833912247177378,0.00075938710296521,0.142530302480432,2026-06-07 09:23:31,2026-06-07 09:24:30,"Time changed"
"50","2026-06-07 10:22:32","Collar_50_2026-06-07 10:22:32",2026-06-07 10:23:31.5,-84.1492324458296,0.0175414882757321,4.92964445484199e-20,0.510694620830468,0.167603069627146,-93.6328703856657,0.0101550763351529,0.000849238803901746,622.453169383698,0.0526265459433971,4.49775719589573e-22,0.547876001275276,0.161109352901774,-95.0523916594311,0.567840903928419,0.158864116406543,-93.436489571422,TRUE,0.0105283850489403,0.000851980548731199,0.18320213136043,2026-06-07 10:23:02,2026-06-07 10:24:01,NA
"50","2026-06-07 11:22:32","Collar_50_2026-06-07 11:22:32",2026-06-07 11:23:31.5,NA,NA,NA,NA,NA,-126.587354640037,0.00859034206752425,0.000740281169178095,623.33837423317,0.0458745417446682,3.09277509768694e-21,0.532962846326119,0.140438966735498,-129.432335243784,0.558857784467224,0.137661731929157,-126.586735630857,TRUE,0.0085949171193598,0.000823052044544254,0.133280998322661,2026-06-07 11:23:02,2026-06-07 11:24:01,NA
"50","2026-06-07 11:47:47","Collar_50_2026-06-07 11:47:47",2026-06-07 11:48:46.5,NA,NA,NA,NA,NA,114.63870538502,0.0371788664858541,0.00202259911885605,599.916680227889,0.125338603187364,1.98279693314887e-36,0.741164449725848,0.383707896673428,-13.6910706732539,0.914077580937052,0.222973900644795,114.73179598245,TRUE,0.0373950225671302,0.0021001494503495,0.428748059082805,2026-06-07 11:48:17,2026-06-07 11:49:16,NA
"50","2026-06-07 12:42:32","Collar_50_2026-06-07 12:42:32",2026-06-07 12:43:31.5,NA,NA,NA,NA,NA,-18.1201635991005,-0.0115239587211191,0.00150056476618071,604.078915098996,0.0929886155055961,2.11123837239044e-10,0.504182493400695,0.201293925993721,-48.6080938968198,0.720944945452134,0.153686128970844,-17.6710100415167,TRUE,-0.0106867929892395,0.00148091458603997,0.184869472990439,2026-06-07 12:43:02,2026-06-07 12:44:01,NA
"50","2026-06-07 13:42:31","Collar_50_2026-06-07 13:42:31",2026-06-07 13:43:30.5,NA,NA,NA,NA,NA,-16.7423283146586,-0.00761806961825198,0.00151789348531758,603.903748452495,0.0940624602588117,5.2476723191458e-06,0.302790664152282,0.203618494706861,-34.4144684914228,0.514158048777905,0.172982876660686,-16.5682552161989,TRUE,-0.00746363839291463,0.00149198783194595,0.151922513771292,2026-06-07 13:43:01,2026-06-07 13:44:00,NA
"50","2026-06-07 14:42:29","Collar_50_2026-06-07 14:42:29",2026-06-07 14:43:28.5,NA,NA,NA,NA,NA,66.419524011591,-0.00594641467522872,0.00303538704871906,602.971327565387,0.188100137725087,0.0549224487858263,0.0620623485600382,0.40718334171094,-5.86038552589599,0.736948020984581,0.219454144572765,76.7465167987707,TRUE,0.00248162554951033,0.0022574660968642,0.24076118159193,2026-06-07 14:42:59,2026-06-07 14:43:58,NA
"50","2026-06-07 15:45:25","Collar_50_2026-06-07 15:45:25",2026-06-07 15:46:24.5,NA,NA,NA,NA,NA,-39.6073149356362,-0.00991823382732788,0.0012545562865848,603.718410011699,0.0777436967684428,8.81219017515233e-11,0.518677008408294,0.168293009404398,-43.5568329488609,0.578404392700567,0.160293456794133,-39.5312251313945,TRUE,-0.0100327050606708,0.00136243761233664,0.176544663113588,2026-06-07 15:45:55,2026-06-07 15:46:54,NA
"50","2026-06-07 16:42:27","Collar_50_2026-06-07 16:42:27",2026-06-07 16:43:26.5,NA,NA,NA,NA,NA,-35.073847933154,0.000459082011313379,0.00130285869354234,602.723625658057,0.0807369524077861,0.725841629551381,0.00213613758939957,0.174772557205709,-35.1584392939884,0.0678065720075741,0.171913742524469,-35.025757408717,TRUE,0.000279156061867428,0.00131967089576767,0.195795235554514,2026-06-07 16:42:57,2026-06-07 16:43:56,"Flux unusable, remove"
"50","2026-06-07 17:42:27","Collar_50_2026-06-07 17:42:27",2026-06-07 17:43:26.5,NA,NA,NA,NA,NA,-47.911038243366,0.000653903251504734,0.00117067939448834,603.463357686821,0.0725459230736671,0.57860720180557,0.00535048470598122,0.15704130651841,-44.9205098238733,0.0219450027820725,0.158482197171127,-47.8795182746939,TRUE,0.000457608498879023,0.00124975113461708,0.181738212963997,2026-06-07 17:42:57,2026-06-07 17:43:56,NA
"50","2026-06-07 18:42:29","Collar_50_2026-06-07 18:42:29",2026-06-07 18:43:28.5,NA,NA,NA,NA,NA,-16.0027953041245,0.00916502044501383,0.00152727680542247,603.26251326275,0.0946439359572049,1.35835832293345e-07,0.383048842091775,0.204877224343421,-44.2112043299039,0.639322919894325,0.159421740308145,-15.9354049866197,TRUE,0.00943332797696176,0.00157923912153976,0.175640265233746,2026-06-07 18:42:59,2026-06-07 18:43:58,NA
"50","2026-06-07 19:42:27","Collar_50_2026-06-07 19:42:27",2026-06-07 19:43:26.5,NA,NA,NA,NA,NA,-18.812159155488,0.00755658817961867,0.00149193646694197,603.786721850841,0.0924539277543838,4.43879770636002e-06,0.306665865927601,0.200136478966071,-30.4818414722995,0.466024121286275,0.178745767430827,-18.6824875965399,TRUE,0.00720157064783108,0.00155268638990014,0.22410437729041,2026-06-07 19:42:57,2026-06-07 19:43:56,NA
"50","2026-06-07 20:42:32","Collar_50_2026-06-07 20:42:32",2026-06-07 20:43:31.5,NA,NA,NA,NA,NA,-52.9480943931898,0.0123200714915897,0.00112255663243048,603.702037358137,0.0695637998631805,8.82385868734363e-16,0.674980567468819,0.150585857261832,-51.6748243168884,0.689420634490542,0.149808275349904,-52.894026438442,TRUE,0.0125435140736655,0.0011277043684193,0.122167153927351,2026-06-07 20:43:02,2026-06-07 20:44:01,NA
"50","2026-06-07 21:42:29","Collar_50_2026-06-07 21:42:29",2026-06-07 21:43:28.5,-28.0601993081905,0.0269239276483264,3.88100357292598e-15,0.65809065907175,0.185291920000874,-16.9190902630433,0.0137990199846841,0.00151565924950517,603.872266725971,0.0939240067247879,8.9259016797676e-13,0.588326414280401,0.20331878215302,-40.7097139092445,0.74094155129936,0.164142053416665,-16.7397846930286,TRUE,0.0131677835060204,0.00159459304658271,0.174454477659404,2026-06-07 21:42:59,2026-06-07 21:43:58,NA
"50","2026-06-07 22:42:30","Collar_50_2026-06-07 22:42:30",2026-06-07 22:43:29.5,-51.9097189984477,0.00833961789012808,1.13773530787724e-14,0.645286381299189,0.151894549980434,-49.6566544604669,0.011508039036064,0.00115377301833427,602.795889250432,0.0714982505258265,3.41480003289135e-14,0.631713255538309,0.154773393191988,-49.2591174472122,0.653174843265055,0.152854609178296,-49.4482905899515,TRUE,0.0120155964510524,0.000985713838028305,0.124609398535803,2026-06-07 22:43:00,2026-06-07 22:43:59,NA
"50","2026-06-07 23:42:29","Collar_50_2026-06-07 23:42:29",2026-06-07 23:43:28.5,-30.5676476853082,0.0416670619566318,0.000940624419148162,0.173242465400407,0.181460341235171,-27.4894582276706,0.00408070059662145,0.00138786152713355,603.654247953134,0.0860044996592233,0.00470313826271845,0.129720327213086,0.186175300012816,-43.9593142313997,0.381281529241014,0.159756731421328,-27.2845187405379,TRUE,0.00346431969565278,0.00133465948750116,0.145799211955008,2026-06-07 23:42:59,2026-06-07 23:43:58,NA
"51","2026-06-07 00:25:25","Collar_51_2026-06-07 00:25:25",2026-06-07 00:26:17,NA,NA,NA,NA,NA,-33.4165974048064,0.00575190138376327,0.00183362027366984,599.98790250159,0.0982770291717185,0.00307834348170137,0.186225685283055,0.159746109523265,-31.4160555859483,0.221592108528562,0.160001559475955,-33.4124945904544,TRUE,0.00585963464032545,0.0019416548679834,0.202320339527732,2026-06-07 00:25:55,2026-06-07 00:26:39,"Time changed"
"51","2026-06-07 01:25:27","Collar_51_2026-06-07 01:25:27",2026-06-07 01:26:19,NA,NA,NA,NA,NA,-82.0590435388054,0.00831505177464812,0.00121770658308536,616.75997883327,0.0652657407353807,1.06008565037299e-09,0.346345834464929,0.150030148688153,-78.9526785672445,0.352804032768493,0.151013069374731,-82.0191846040422,TRUE,0.00808169082248732,0.00132616969295627,0.153631548353319,2026-06-07 01:25:57,2026-06-07 01:26:41,"Time changed"
"51","2026-06-07 02:25:25","Collar_51_2026-06-07 02:25:25",2026-06-07 02:26:17,NA,NA,NA,NA,NA,-51.3880365434458,0.00090999857117007,0.00144392301160652,618.194618469428,0.0773903222881365,0.53017953715655,0.00449319128544758,0.177901628466755,-51.4086420498498,0.0479871158625759,0.175983248286287,-51.375886171258,TRUE,0.00105636537949929,0.00153192693968705,0.207253454822634,2026-06-07 02:25:55,2026-06-07 02:26:39,"Time changed"
"51","2026-06-07 03:25:26","Collar_51_2026-06-07 03:25:26",2026-06-07 03:26:18,-34.4315571409167,0.019322168979717,7.30752482736171e-07,0.244463329990284,0.195475179406829,-32.7895299132923,0.00822155503529268,0.00160109658453013,616.779150652279,0.0858143957089226,1.67535432922564e-06,0.230552238323745,0.197266535286778,-44.414614408291,0.353184549531657,0.182955786428843,-32.2692561369085,TRUE,0.0070787773685854,0.00154421595526549,0.166930590303648,2026-06-07 03:25:56,2026-06-07 03:26:40,"Time changed"
"51","2026-06-07 04:25:27","Collar_51_2026-06-07 04:25:27",2026-06-07 04:26:19,NA,NA,NA,NA,NA,-96.1865381922336,0.00762737057074583,0.0011257879137283,618.181279901634,0.06033915158301,1.35101503630957e-09,0.342805498362725,0.138705112080472,-93.1380056869431,0.349716670971733,0.139568987397122,-96.0641142679373,TRUE,0.00741975085339312,0.0010153353317757,0.111471732809167,2026-06-07 04:25:57,2026-06-07 04:26:41,"Time changed"
"51","2026-06-07 05:25:25","Collar_51_2026-06-07 05:25:25",2026-06-07 05:26:17,NA,NA,NA,NA,NA,-81.9669255160512,0.00296076880922107,0.00121832992436737,618.015618188134,0.065299150122393,0.0171215999306686,0.062890743185786,0.150106948786406,-79.3268655540889,0.0769444347789138,0.15069946697414,-81.9366904672064,TRUE,0.00309910225099023,0.00120101279738996,0.177454228907059,2026-06-07 05:25:55,2026-06-07 05:26:39,"Time changed"
"51","2026-06-07 06:25:30","Collar_51_2026-06-07 06:25:30",2026-06-07 06:26:22,NA,NA,NA,NA,NA,-82.6612534721985,0.00564849299413282,0.00121363941823041,617.708337277328,0.0650477518284977,1.1421431340058e-05,0.197529602609144,0.149529044927688,-78.7790166926793,0.198578932593849,0.151158835306224,-81.2676858327493,TRUE,0.00635283738336893,0.00107704244451719,0.127146068140122,2026-06-07 06:26:00,2026-06-07 06:26:44,"Time changed"
"51","2026-06-07 07:25:25","Collar_51_2026-06-07 07:25:25",2026-06-07 07:26:17,NA,NA,NA,NA,NA,-77.1706018323577,0.00637922348291506,0.00125123022729404,618.621953931236,0.0670625163312597,1.94522388856274e-06,0.228024707585219,0.154160501102323,-74.4210336941766,0.238676125864536,0.154863206736541,-77.1030451550148,TRUE,0.00658772776688975,0.00133111228018023,0.190128940433425,2026-06-07 07:25:55,2026-06-07 07:26:39,"Time changed"
"51","2026-06-07 08:25:28","Collar_51_2026-06-07 08:25:28",2026-06-07 08:26:20,-74.3580404576942,0.00684397014026294,0.00144133280915169,0.109539233800068,0.156588229141195,-74.471907181221,0.00420303055829753,0.00127013093962389,618.899477260396,0.0680755427924522,0.00135734735152836,0.110665119754349,0.156489203862535,-71.0126489539915,0.11599243892541,0.157823553792316,-74.4416292279973,TRUE,0.00441727883394597,0.00120164086588883,0.121092848192602,2026-06-07 08:25:58,2026-06-07 08:26:42,"Time changed"
"51","2026-06-07 09:25:32","Collar_51_2026-06-07 09:25:32",2026-06-07 09:26:24,NA,NA,NA,NA,NA,173.005393872256,-0.00789751046500927,0.00502283186891707,622.145684746258,0.269210043755812,0.119464531714127,0.027325492581198,0.618848762581092,144.277418722077,0.323856498976504,0.521930059035147,181.297608532587,TRUE,0.0045636353426191,0.00141403361945816,0.180777507867251,2026-06-07 09:26:02,2026-06-07 09:26:46,"Time changed"
"51","2026-06-07 10:25:30","Collar_51_2026-06-07 10:25:30",2026-06-07 10:26:22,-71.4866686562575,0.0115812556068636,1.08085988428267e-09,0.346063174300902,0.159106164580181,-72.6771935058293,0.00892130806014499,0.00128285829164732,624.058559173516,0.0687576940339319,5.97003587543151e-10,0.354656523916202,0.158057304538845,-68.9108176584343,0.356329549567224,0.159677235774216,-72.2963099098357,TRUE,0.00970433826123153,0.00139594682395453,0.136563664345949,2026-06-07 10:26:00,2026-06-07 10:26:44,"Time changed"
"51","2026-06-07 11:25:30","Collar_51_2026-06-07 11:25:30",2026-06-07 11:26:22,NA,NA,NA,NA,NA,-101.05573530232,0.00679363479772888,0.00109574233295342,624.885043162697,0.0587287906698505,1.78174661737331e-08,0.304019730000138,0.135003281923936,-98.8303875457859,0.317608899943995,0.135224271262958,-100.449466373914,TRUE,0.00700906300026036,0.00112103614260975,0.137702010295581,2026-06-07 11:26:00,2026-06-07 11:26:44,"Flux unusable, remove"
"51","2026-06-07 11:50:45","Collar_51_2026-06-07 11:50:45",2026-06-07 11:51:37,-67.4278079953907,0.0200106014044858,7.9442606291046e-25,0.701514275901894,0.162734641351969,-77.5339187030075,0.0194195976189692,0.00124870725741792,605.698012973788,0.0669272920497246,5.55903464859767e-27,0.733217962183696,0.153849653192894,-78.0850177397842,0.746373117581364,0.151742760667418,-77.4793194850811,TRUE,0.0191357690198965,0.00128064569737007,0.156912632340278,2026-06-07 11:51:15,2026-06-07 11:51:59,"Time changed"
"51","2026-06-07 12:45:32","Collar_51_2026-06-07 12:45:32",2026-06-07 12:46:24,NA,NA,NA,NA,NA,-24.1832130236343,-0.0180403891114703,0.00203172556504934,604.274436987247,0.108894930696667,2.79871931605844e-11,0.647086072654712,0.177005162571643,-32.1173782570503,0.729297475211392,0.158759596729922,-23.5484213467861,TRUE,-0.0194261346665411,0.00216325076749878,0.145478340493722,2026-06-07 12:46:02,2026-06-07 12:46:46,"Time changed"
"51","2026-06-07 13:45:31","Collar_51_2026-06-07 13:45:31",2026-06-07 13:46:23,-16.044008537421,-0.0261082802098449,2.93430742526386e-05,0.336766418251225,0.193758881003869,-13.3812688515086,-0.00974843290469706,0.00229081366328829,603.53560970771,0.122781343796645,0.000110805286914188,0.296337222974325,0.199577074712764,-44.4434406454549,0.677165483767098,0.138439698237192,-13.2461420985276,TRUE,-0.00918314556026995,0.00243384949336924,0.21404906047417,2026-06-07 13:46:01,2026-06-07 13:46:45,"Time changed"
"51","2026-06-07 14:45:27","Collar_51_2026-06-07 14:45:27",2026-06-07 14:46:19,-34.1053859242167,-0.0283069174193331,4.10983570615776e-09,0.556357350505795,0.158528206053399,-32.4237806456018,-0.013157850903938,0.00185395946164879,603.803801466318,0.0993671539914755,9.30990979826351e-09,0.539465210035473,0.16151807190673,-41.3505637615406,0.654453730702326,0.143279911164327,-32.3880799681848,TRUE,-0.0133203513854328,0.00178637797529192,0.20668740293185,2026-06-07 14:45:57,2026-06-07 14:46:41,"Time changed"
"51","2026-06-07 15:48:23","Collar_51_2026-06-07 15:48:23",2026-06-07 15:49:15,-27.6268502324519,0.0510748719831169,2.07749381750287e-32,0.962957593226923,0.170360412018094,-17.2252588486717,0.065050838945139,0.00219503077289082,601.955933689749,0.117647642970517,3.00547604385408e-30,0.953324945338445,0.191232411251301,-24.6015207083623,0.963751281047575,0.172586854845689,-17.0501520984856,TRUE,0.0643826113559438,0.00239719688992931,0.178527412103681,2026-06-07 15:48:53,2026-06-07 15:49:37,"Time changed"
"51","2026-06-07 16:45:25","Collar_51_2026-06-07 16:45:25",2026-06-07 16:46:17,NA,NA,NA,NA,NA,-35.346488901777,0.000680887692401812,0.0017947200798009,602.831304604924,0.0961920852263773,0.706270057462067,0.00333609032766628,0.15635710105761,-38.1386996021446,0.14296770991451,0.148485530722979,-35.3003547041026,TRUE,0.000797293223063153,0.00170878866056332,0.135264635934502,2026-06-07 16:45:55,2026-06-07 16:46:39,"Time changed"
"51","2026-06-07 17:45:28","Collar_51_2026-06-07 17:45:28",2026-06-07 17:46:20,-25.1193042929607,-0.0226987132541914,0.935741105918295,0.00015292367111258,0.175173670577389,-25.1650973111894,0.000451008542178428,0.00200968026767172,603.310452651056,0.107713363081719,0.823495002850742,0.00116987315667863,0.175084562903364,-23.6129841461487,0.0540523438377726,0.174492952793003,-24.9400264363371,TRUE,0.000111504477679075,0.0019966034946934,0.180538124276356,2026-06-07 17:45:58,2026-06-07 17:46:42,"Time changed"
"51","2026-06-07 18:45:27","Collar_51_2026-06-07 18:45:27",2026-06-07 18:46:19,-30.4504453565257,-0.0147549338798099,0.000208169688202702,0.276418861577936,0.165098618693974,-29.9917975772923,-0.00757694919957161,0.00190474022728636,603.733716037021,0.102088864073758,0.000262254398597377,0.269006286573685,0.165942122985189,-26.4709923652949,0.276749173450775,0.169038873436571,-29.9744934287211,TRUE,-0.00752248352115137,0.00199896099311101,0.206509698240806,2026-06-07 18:45:57,2026-06-07 18:46:41,"Time changed"
"51","2026-06-07 19:45:25","Collar_51_2026-06-07 19:45:25",2026-06-07 19:46:17,NA,NA,NA,NA,NA,-25.814343469274,-0.00690561273380028,0.0019952349092488,604.072213654022,0.10693913139836,0.00122810790927015,0.217881545552298,0.173826074522828,-29.2575294952337,0.337114635217148,0.163885364283753,-25.7663679454036,TRUE,-0.00651546976207554,0.00213341956081028,0.186372523844874,2026-06-07 19:45:55,2026-06-07 19:46:39,"Time changed"
"51","2026-06-07 20:45:30","Collar_51_2026-06-07 20:45:30",2026-06-07 20:46:22,NA,NA,NA,NA,NA,-36.637869265306,0.0158931154420593,0.00176915210426639,603.12203110747,0.0948217117016357,2.01300989305754e-11,0.652392213981297,0.154129603533355,-34.4809268819807,0.666341519434109,0.154644577643635,-36.4024347977793,TRUE,0.0150910478664726,0.00194340866912163,0.117494296429317,2026-06-07 20:46:00,2026-06-07 20:46:44,"Time changed"
"51","2026-06-07 21:45:27","Collar_51_2026-06-07 21:45:27",2026-06-07 21:46:19,NA,NA,NA,NA,NA,-32.7706239487656,-0.000127103873181767,0.00184682839555959,603.105503130277,0.0989849483624597,0.945449734395353,0.000110140791020705,0.160896809107195,-34.3617153463943,0.116935135953485,0.154849551337948,-32.6181797490019,TRUE,-0.000336968520118154,0.00184509229162379,0.170783175153368,2026-06-07 21:45:57,2026-06-07 21:46:41,"Time changed"
"51","2026-06-07 22:45:28","Collar_51_2026-06-07 22:45:28",2026-06-07 22:46:20,NA,NA,NA,NA,NA,-24.2176325228833,0.00358420212692334,0.00203094870275931,602.907482325704,0.108853293003718,0.0847007232539528,0.0675382275149405,0.176937481858111,-30.0704463740338,0.250896815452762,0.162411749683253,-24.1011824986242,TRUE,0.00370201487880327,0.00210561536991866,0.149544942560888,2026-06-07 22:45:58,2026-06-07 22:46:42,"Time changed"
"51","2026-06-07 23:45:27","Collar_51_2026-06-07 23:45:27",2026-06-07 23:46:19,9.40445866218824,0.0115402019699581,0.000325507453082986,0.262015211482411,0.257076897264036,12.7725594561485,0.0101898783642077,0.00306333796064088,603.335856266048,0.164186532208328,0.00180818120149764,0.204659840336111,0.266879859693037,-3.71210339395063,0.49550639341856,0.217675463260468,12.776640685976,TRUE,0.0102652839826252,0.00340114259505948,0.299507792154121,2026-06-07 23:45:57,2026-06-07 23:46:41,"Time changed"
"52","2026-06-07 00:28:24","Collar_52_2026-06-07 00:28:24",2026-06-07 00:29:23.5,NA,NA,NA,NA,NA,-57.9984244154101,0.00581212074271912,0.00107629297674444,600.002528966059,0.0666968837610373,1.29637038246734e-06,0.334567759669111,0.144379798653934,-57.0165314394788,0.367212266848948,0.143285921661176,-57.815233918037,TRUE,0.00619105996788053,0.000995656207844955,0.122368409067696,2026-06-07 00:28:54,2026-06-07 00:29:53,NA
"52","2026-06-07 01:28:26","Collar_52_2026-06-07 01:28:26",2026-06-07 01:29:25.5,-79.944694648943,0.0235921710954615,1.06374482084468e-07,0.213718191805368,0.170565162858996,-80.187060038033,0.00511067196535546,0.000898174736296909,600.91475811025,0.0556590605701957,9.40998644617971e-08,0.215304651640255,0.170393003584723,-77.5448430493063,0.224133326620248,0.170886115301649,-79.910824463535,TRUE,0.00492620566659243,0.000922596326900582,0.179744777803368,2026-06-07 01:28:56,2026-06-07 01:29:55,NA
"52","2026-06-07 02:28:26","Collar_52_2026-06-07 02:28:26",2026-06-07 02:29:25.5,NA,NA,NA,NA,NA,-57.6489949065506,0.000706193928660691,0.000986608434615264,600.706568953411,0.0611392153465828,0.475541651017048,0.00432309458524083,0.187169787506186,-54.0175737033274,0.00737661438836462,0.188486734646714,-57.5357686478012,TRUE,0.000453920548560919,0.00107512771812904,0.196392061662609,2026-06-07 02:28:56,2026-06-07 02:29:55,NA
"52","2026-06-07 03:28:27","Collar_52_2026-06-07 03:28:27",2026-06-07 03:29:26.5,NA,NA,NA,NA,NA,-50.8110147350631,0.00289894489472375,0.00101512275188898,601.75571806172,0.0629062213066915,0.00507442482276163,0.0646453232499327,0.192579247346338,-47.78276619695,0.0721891728672851,0.193447468655248,-50.7920173815911,TRUE,0.00284321513024417,0.00106815875600159,0.22095387195948,2026-06-07 03:28:57,2026-06-07 03:29:56,NA
"52","2026-06-07 04:28:28","Collar_52_2026-06-07 04:28:28",2026-06-07 04:29:27.5,-87.0136954541758,0.00916870929138597,0.211911927648257,0.0131745293610211,0.165614573208053,-86.7962229503967,0.00101855780216877,0.000873778101014874,602.482085120741,0.0541472235678878,0.246089067277106,0.0113845128044201,0.165764710453026,-83.3155693514218,0.0156538832585791,0.166826216246774,-86.7714476049089,TRUE,0.000936417999316069,0.00089988530873436,0.212555928965768,2026-06-07 04:28:58,2026-06-07 04:29:57,NA
"52","2026-06-07 05:28:24","Collar_52_2026-06-07 05:28:24",2026-06-07 05:29:23.5,-62.0169873512853,0.0165442176570852,0.000294686368953443,0.105523707039952,0.183794115011276,-58.7465777427628,0.0031632416707824,0.000982106717543774,601.015081598318,0.0608602480888474,0.00165158224574777,0.0808109509633587,0.186315765385432,-68.5018281218726,0.180360404146528,0.177447815961502,-58.5706799350843,TRUE,0.00336232710325853,0.00104564632327633,0.184036816605991,2026-06-07 05:28:54,2026-06-07 05:29:53,NA
"52","2026-06-07 06:28:29","Collar_52_2026-06-07 06:28:29",2026-06-07 06:29:28.5,-83.9406701456733,0.0150655775861818,0.173072085540134,0.0156725097696379,0.16774878160434,-83.3368583002908,0.0010017885004976,0.000886463962984876,603.640798963526,0.0549333547417445,0.260728083362422,0.0107071229291424,0.168171349202455,-82.9504125837664,0.0400535804146827,0.167080233280707,-83.2403685019904,TRUE,0.00127292839733285,0.000956888644917996,0.172012980496981,2026-06-07 06:28:59,2026-06-07 06:29:58,NA
"52","2026-06-07 07:28:24","Collar_52_2026-06-07 07:28:24",2026-06-07 07:29:23.5,NA,NA,NA,NA,NA,-58.072364869407,0.00182197507521644,0.000984869550563364,601.657749743744,0.0610314583045976,0.0668202855693347,0.028185693371946,0.18683990328153,-65.9510322135972,0.119776502981498,0.179343845425848,-57.6932108342225,TRUE,0.00176734204060569,0.000977798456824862,0.192175132691483,2026-06-07 07:28:54,2026-06-07 07:29:53,NA
"52","2026-06-07 08:28:27","Collar_52_2026-06-07 08:28:27",2026-06-07 08:29:26.5,NA,NA,NA,NA,NA,-22.9288742520872,0.00219691003691962,0.00114017884120096,601.048821669812,0.0706558318984841,0.0564076068604331,0.030503033965159,0.216303676250095,-20.5308223535384,0.0433593948093262,0.216709069792667,-22.8301559195649,TRUE,0.0018828997040264,0.00116757710733013,0.249986208645654,2026-06-07 08:28:57,2026-06-07 08:29:56,NA
"52","2026-06-07 09:28:34","Collar_52_2026-06-07 09:28:34",2026-06-07 09:29:33.5,NA,NA,NA,NA,NA,-141.652947797502,-0.00117462472313427,0.000695239762132747,601.966727363139,0.0430833672642549,0.0937594433681471,0.0236192589465017,0.131894147646307,-140.147294209258,0.0437050469293073,0.131650909678455,-141.511065030116,TRUE,-0.00137351234737033,0.000749191238641041,0.117830663831537,2026-06-07 09:29:04,2026-06-07 09:30:03,"Flux unusable, remove"
"52","2026-06-07 10:28:31","Collar_52_2026-06-07 10:28:31",2026-06-07 10:29:30.5,NA,NA,NA,NA,NA,-135.64010272206,-0.00286351303152041,0.000712877993531873,601.362800331458,0.044176392207088,0.000104156031353362,0.120289002888685,0.135240301912915,-134.773821867045,0.142964693997681,0.134631748699533,-135.527425546851,TRUE,-0.00276467370679528,0.000748873740029403,0.162009266580627,2026-06-07 10:29:01,2026-06-07 10:30:00,NA
"52","2026-06-07 11:53:47","Collar_52_2026-06-07 11:53:47",2026-06-07 11:54:46.5,NA,NA,NA,NA,NA,-90.7764349728152,0.0159009789890988,0.000859406674401579,608.760217626409,0.0532566395066534,1.11652648330153e-36,0.743664491839177,0.163038302720236,-89.3093473585227,0.74901841699445,0.162711480527301,-90.7282892119831,TRUE,0.0160658120200003,0.000939748351239954,0.180899431185599,2026-06-07 11:54:17,2026-06-07 11:55:16,NA
"52","2026-06-07 12:48:34","Collar_52_2026-06-07 12:48:34",2026-06-07 12:49:33.5,-65.412375006524,0.0478458170359068,5.09048753580821e-44,0.965268481682082,0.135729562712721,-30.7791901021947,0.0400483433359429,0.00135033088241935,603.376816593622,0.0836787601978815,9.60618087113631e-37,0.938140398085625,0.181140735034441,-65.2874205899556,0.96744068540123,0.133742727429377,-29.9085803268225,TRUE,0.0390232245826129,0.00139832243513304,0.176652221326358,2026-06-07 12:49:04,2026-06-07 12:50:03,NA
"52","2026-06-07 13:48:33","Collar_52_2026-06-07 13:48:33",2026-06-07 13:49:32.5,-54.4315667621665,0.0308345242207237,9.93008822008803e-41,0.954907873436912,0.148735733700515,-51.093490628705,0.0388057722868337,0.00114004053955376,603.189487194556,0.0706472614728785,4.99128436557293e-40,0.95232809378347,0.152931243736228,-55.6046377912078,0.958632737652078,0.144981749153871,-51.0681095914703,TRUE,0.0386398959691438,0.00119155288530695,0.170763159856239,2026-06-07 13:49:03,2026-06-07 13:50:02,NA
"52","2026-06-07 14:48:28","Collar_52_2026-06-07 14:48:28",2026-06-07 14:49:20,-8.22249160331939,0.0315578494632433,0.0130017993944168,0.38878987979722,0.161787559600142,-8.10960339361347,0.0276379437320808,0.00970510710760839,604.547481255646,0.361528809284377,0.0137153854329535,0.384172632750078,0.162397503403354,-4.37638845933939,0.395028708258947,0.174981676247595,-7.63025487062861,TRUE,0.0232589594380924,0.00823744396468711,0.131948879498539,2026-06-07 14:49:13,2026-06-07 14:49:27,"Time changed"
"52","2026-06-07 15:51:24","Collar_52_2026-06-07 15:51:24",2026-06-07 15:52:23.5,-86.9632208948342,0.018622085932348,2.86743519021951e-29,0.888115911208175,0.113417308753679,-82.7539433983517,0.0180580495578542,0.000875663596879973,609.62675438509,0.0542640660088065,2.20283283296429e-28,0.879984843516709,0.117466281521718,-84.5621624309957,0.891058135330586,0.113897071760844,-82.6467589789607,TRUE,0.0183069742884373,0.00090932473799997,0.101069364302719,2026-06-07 15:51:54,2026-06-07 15:52:53,NA
"52","2026-06-07 16:48:26","Collar_52_2026-06-07 16:48:26",2026-06-07 16:49:25.5,NA,NA,NA,NA,NA,-37.4873750062948,-0.00168748661599739,0.00127691641362213,602.688303808957,0.0791293332318545,0.191513183429619,0.0292309979021909,0.171292518561553,-37.4373891688903,0.0910819158225759,0.168679692367628,-37.4174261897066,TRUE,-0.00196856714930001,0.00127322715561295,0.172196606588147,2026-06-07 16:48:56,2026-06-07 16:49:55,NA
"52","2026-06-07 17:48:29","Collar_52_2026-06-07 17:48:29",2026-06-07 17:49:28.5,-18.1797819968238,0.0578551109691733,2.1839124032729e-36,0.936365460408013,0.201193943987814,-5.27382827688562,0.0434568786745075,0.00167011809982229,603.440579771272,0.103495679315857,1.12656006949303e-33,0.92109412969315,0.22403873312451,-14.2797113537156,0.936471354844137,0.204584737420714,-5.16966005306581,TRUE,0.0434896488382664,0.00165116459963112,0.253790472668367,2026-06-07 17:48:59,2026-06-07 17:49:58,NA
"52","2026-06-07 18:48:28","Collar_52_2026-06-07 18:48:28",2026-06-07 18:49:27.5,-44.2979867804049,0.0583694752059482,1.89266210068443e-42,0.960659677372077,0.161841527601878,-16.4046087942221,0.0448503799395449,0.00152217135432628,603.027725423109,0.0943275558584142,1.37178339843199e-36,0.937376560117105,0.20419235134208,-43.7826708580558,0.962879404662318,0.15999207099167,-15.3232152127935,TRUE,0.0434324878493682,0.00153574026189873,0.174375053255966,2026-06-07 18:48:58,2026-06-07 18:49:57,NA
"52","2026-06-07 19:48:26","Collar_52_2026-06-07 19:48:26",2026-06-07 19:49:25.5,-53.5482407503589,0.0628772684341501,3.65819605547047e-44,0.965661707146672,0.149834624420577,-10.8934277111149,0.0442714704813207,0.00159370954663583,604.046271008931,0.0987607116998444,3.34780521307067e-35,0.930092377507917,0.213788873873483,-58.139984887258,0.970242970031082,0.141950722698836,-10.770459852705,TRUE,0.0438136456410277,0.00156725267899064,0.253738080200393,2026-06-07 19:48:56,2026-06-07 19:49:55,NA
"52","2026-06-07 20:48:31","Collar_52_2026-06-07 20:48:31",2026-06-07 20:49:30.5,-51.6884508245838,0.0537393586381181,1.90208555584739e-43,0.963654383689353,0.152174886938651,-8.086601984169,0.0435798430519845,0.00163142613459508,603.311157454243,0.101097973892701,2.75592062589629e-34,0.924828581866205,0.218848382290924,-58.377979178204,0.969585642164585,0.141669472843791,-6.11368023435146,TRUE,0.0416499349591005,0.00146888630310919,0.216585446623261,2026-06-07 20:49:01,2026-06-07 20:50:00,NA
"52","2026-06-07 21:48:28","Collar_52_2026-06-07 21:48:28",2026-06-07 21:49:27.5,-46.5035844693531,0.0389320432243253,7.15309709156647e-34,0.922318638678068,0.15889405367517,-27.9749466341574,0.0306060888391654,0.00138225794773669,603.196115405478,0.0856572510087594,5.62726319169667e-30,0.894213175539735,0.185423605369683,-44.1510123123067,0.924422530381034,0.159501726335287,-27.9299370684741,TRUE,0.0308280323826606,0.00146185876296766,0.170443747046902,2026-06-07 21:48:58,2026-06-07 21:49:57,NA
"52","2026-06-07 22:48:29","Collar_52_2026-06-07 22:48:29",2026-06-07 22:49:28.5,-38.9483988819793,0.0420478128392902,2.27993243801289e-33,0.91915528986051,0.169219642512262,-14.9001348419087,0.0316833276956046,0.00154137537887147,603.132190069571,0.0955176115593344,2.60100945728024e-28,0.879296810054329,0.206768483730834,-39.9370305912184,0.925605181620342,0.165202378705588,-14.7065985931299,TRUE,0.0312322813934285,0.00151371213303551,0.200474843963056,2026-06-07 22:48:59,2026-06-07 22:49:58,NA
"52","2026-06-07 23:48:28","Collar_52_2026-06-07 23:48:28",2026-06-07 23:49:27.5,-34.3373764163925,0.0521364588135307,1.31915826434996e-29,0.891065670667288,0.175848480526347,-12.9263921626796,0.0277943269107428,0.00156693734208736,603.824158277345,0.0971016628596326,4.22575395222093e-25,0.844352325681373,0.210197504622035,-41.3646260878399,0.909354370516202,0.163248671580144,-11.1511059318633,TRUE,0.0260036871681092,0.00137830478264697,0.192093729022323,2026-06-07 23:48:58,2026-06-07 23:49:57,NA
