"label","StartTime","Plot","TIMESTAMP","HM81_AIC","HM81_flux.estimate","HM81_p.value","HM81_r.squared","HM81_RMSE","lin_AIC","lin_flux.estimate","lin_flux.std.error","lin_int.estimate","lin_int.std.error","lin_p.value","lin_r.squared","lin_RMSE","poly_AIC","poly_r.squared","poly_RMSE","rob_AIC","rob_converged","rob_flux.estimate","rob_flux.std.error","rob_RMSE","TIMESTAMP_min","TIMESTAMP_max","flag"
"13","2026-06-08 00:57:31","Collar_13_2026-06-08 00:57:31",2026-06-08 00:59:00.5,22.4099969563562,0.00890396532718824,0.00362656130172624,0.136829307390136,0.282172192488385,21.2374276614644,0.0067562653312943,0.00208302564798159,648.404692171165,0.129083179502783,0.00196072644388289,0.15353433487977,0.279428399278659,23.0683357669551,0.183588833818602,0.279280311895084,21.3883974591137,TRUE,0.0060079841017908,0.00208502152609469,0.237068137714335,2026-06-08 00:58:31,2026-06-08 00:59:30,"Time changed"
"13","2026-06-08 01:57:31","Collar_13_2026-06-08 01:57:31",2026-06-08 01:59:00.5,NA,NA,NA,NA,NA,52.8083830614864,0.00344664306904707,0.00156323444004456,646.513980737373,0.0968721974329658,0.0294062669417893,0.0395666793672035,0.296561683135813,45.9621328861898,0.122568280168844,0.285890749182205,52.9198568068335,TRUE,0.00342199376045666,0.00162445436471237,0.333903956026599,2026-06-08 01:58:31,2026-06-08 01:59:30,"Time changed"
"13","2026-06-08 02:57:31","Collar_13_2026-06-08 02:57:31",2026-06-08 02:59:00.5,49.6954872212395,0.0056970389650491,5.02487244364491e-05,0.130551045523778,0.292739997648815,48.8256629779323,0.00664969220359971,0.00153750714340862,645.872634974118,0.0952779005730126,3.2078650667623e-05,0.136830491128901,0.291680949832193,50.4665349534193,0.153634169623901,0.29130711361999,48.9993477144715,TRUE,0.00635646677729272,0.00159909667668073,0.309997432608311,2026-06-08 02:58:31,2026-06-08 02:59:30,"Time changed"
"13","2026-06-08 03:57:31","Collar_13_2026-06-08 03:57:31",2026-06-08 03:59:00.5,50.0638655095342,-0.042491249433754,0.0164283006127743,0.0478090689834106,0.293189672078855,49.0217775945868,0.00407281001359745,0.00153876402196435,646.021568381641,0.0953557881786598,0.00923467805404934,0.056042157749835,0.291919392646935,42.5598578205289,0.134853512996371,0.28186651163429,49.1714947171078,TRUE,0.00454286755858277,0.00158915179120703,0.34903142533745,2026-06-08 03:58:31,2026-06-08 03:59:30,"Time changed"
"13","2026-06-08 04:57:31","Collar_13_2026-06-08 04:57:31",2026-06-08 04:59:00.5,NA,NA,NA,NA,NA,19.9095808147083,0.00689556595100539,0.00136298710391748,645.454583191914,0.0844630545790155,1.56326371939987e-06,0.178244774496901,0.258572699830393,22.5891605012343,0.187237394376041,0.259361374365184,20.110274491496,TRUE,0.00747324122445679,0.00152500731967349,0.262058011373676,2026-06-08 04:58:31,2026-06-08 04:59:30,"Time changed"
"13","2026-06-08 05:57:31","Collar_13_2026-06-08 05:57:31",2026-06-08 05:59:00.5,NA,NA,NA,NA,NA,12.6531383954172,0.00615574740719885,0.00132239371445644,645.157138792012,0.0819475196486114,8.54972954426392e-06,0.155145729382458,0.25087171551584,7.67014816126816,0.216080842401816,0.243729695433007,13.024571223925,TRUE,0.00634011734412182,0.00133565223713921,0.231565307703139,2026-06-08 05:58:31,2026-06-08 05:59:30,"Time changed"
"13","2026-06-08 06:57:31","Collar_13_2026-06-08 06:57:31",2026-06-08 06:59:00.5,NA,NA,NA,NA,NA,10.1415576269082,-0.000207633998807828,0.00130862712894335,645.410745357952,0.081094417032881,0.874203638664384,0.000213299798591983,0.248260052372928,5.65428885742511,0.06848274227072,0.241691082436392,10.3639924666765,TRUE,0.000182057461962242,0.00122352148608641,0.253170952037615,2026-06-08 06:58:31,2026-06-08 06:59:30,"Time changed"
"13","2026-06-08 07:57:31","Collar_13_2026-06-08 07:57:31",2026-06-08 07:59:00.5,NA,NA,NA,NA,NA,17.4994788537577,-0.00097284452778967,0.00134936835749685,645.503565237279,0.0836191134155829,0.472358297177271,0.00438566013285916,0.255989083286871,13.7022240186732,0.0670208531024973,0.249933143232298,17.5637911670281,TRUE,-0.000634158261603922,0.00137455086399031,0.257061889841268,2026-06-08 07:58:31,2026-06-08 07:59:30,"Time changed"
"13","2026-06-08 08:57:31","Collar_13_2026-06-08 08:57:31",2026-06-08 08:59:00.5,NA,NA,NA,NA,NA,-2.42819008294379,-0.000708922303136677,0.00171019601739547,646.512595826453,0.105979270928475,0.680017435028741,0.00295387934829735,0.229415003150156,-12.8532434248092,0.216023165075281,0.207031195811544,-2.25190506217374,TRUE,-0.000780624732638396,0.00165390066998001,0.193876518333254,2026-06-08 08:58:31,2026-06-08 08:59:30,"Time changed"
"13","2026-06-08 09:57:31","Collar_13_2026-06-08 09:57:31",2026-06-08 09:59:00.5,21.5773859751289,0.0629416563869813,0.000389478391802482,0.196497172750291,0.280221138386243,21.8009364905722,0.00780698504784982,0.00209283034547001,644.84349702844,0.129690767569255,0.000436826546932938,0.193497864225429,0.280743654771195,24.1372677945045,0.215553217114346,0.281779188996064,21.9364564866333,TRUE,0.00796753948714572,0.00202222948386442,0.303534818343741,2026-06-08 09:58:31,2026-06-08 09:59:30,"Time changed"
"13","2026-06-08 10:57:31","Collar_13_2026-06-08 10:57:31",2026-06-08 10:59:00.5,-13.7951524071634,0.0320359550019271,0.00025868055913023,0.207128093604162,0.208681239577089,-13.1760808854633,0.00593393546239896,0.00156368034354808,644.924756621894,0.0968998296620941,0.000355128045035813,0.198905003923206,0.209760593108647,-15.0270553607106,0.273336655269924,0.203314570263408,-13.1183982087801,TRUE,0.00600830956853855,0.00171695697247411,0.221083231237052,2026-06-08 10:58:31,2026-06-08 10:59:30,"Time changed"
"13","2026-06-08 11:57:31","Collar_13_2026-06-08 11:57:31",2026-06-08 11:59:00.5,28.5233395695418,0.00825118742728299,0.160617056826359,0.0336517683041052,0.296919784964321,28.3957889012691,0.00324017272995562,0.00221106541044128,644.920221271061,0.13701768556952,0.148202626151332,0.035703892328626,0.296604349993812,32.3337486439412,0.036700463321518,0.301698373053578,28.4855683796322,TRUE,0.00370013257556552,0.00238673984910684,0.296147467753112,2026-06-08 11:58:31,2026-06-08 11:59:30,"Time changed"
"13","2026-06-08 12:57:31","Collar_13_2026-06-08 12:57:31",2026-06-08 12:59:00.5,NA,NA,NA,NA,NA,12.7180957229644,0.00485126836091287,0.00194026981321885,644.833301324362,0.120236731999074,0.0152573560204107,0.0972977659754615,0.260278354518484,12.5202857453662,0.15829529380495,0.255779453328935,12.7429414531036,TRUE,0.00499489049284226,0.00198454268995061,0.244252088939132,2026-06-08 12:58:31,2026-06-08 12:59:30,"Time changed"
"13","2026-06-08 13:57:31","Collar_13_2026-06-08 13:57:31",2026-06-08 13:59:00.5,NA,NA,NA,NA,NA,-2.34879522893184,0.00414474338681502,0.00171132789815323,644.630988506747,0.106049412535791,0.0185842191641268,0.0918460179615013,0.229566839796346,1.44380695981433,0.0949797512320366,0.233226847150644,-2.23756077361884,TRUE,0.00421984828697562,0.00177496589851529,0.202445461934018,2026-06-08 13:58:31,2026-06-08 13:59:30,"Time changed"
"13","2026-06-08 14:57:31","Collar_13_2026-06-08 14:57:31",2026-06-08 14:59:00.5,NA,NA,NA,NA,NA,28.8508661440446,0.00250557840320314,0.00221946637616248,644.609857902465,0.137538285672181,0.263583442931636,0.021500640905468,0.29773130126594,31.6917464079207,0.0402225164948315,0.300088591157304,29.1003252296397,TRUE,0.00202404839660022,0.00228525806154179,0.306899393498254,2026-06-08 14:58:31,2026-06-08 14:59:30,"Time changed"
"13","2026-06-08 15:57:31","Collar_13_2026-06-08 15:57:31",2026-06-08 15:59:00.5,NA,NA,NA,NA,NA,-2.81539450422195,0.00277664710873783,0.00170468661528595,644.341444676072,0.105637858357706,0.108768926207006,0.0437420697819535,0.228675941960997,-3.77228641286663,0.119567897082824,0.223306245617355,-2.81405099343678,TRUE,0.00271561903568608,0.00182511786657439,0.248675694573599,2026-06-08 15:58:31,2026-06-08 15:59:30,"Time changed"
"13","2026-06-08 16:57:31","Collar_13_2026-06-08 16:57:31",2026-06-08 16:59:00.5,-12.6886862684485,0.0142652985866871,0.45668167621601,0.00958835276622083,0.210614293839316,-12.5490785635286,0.00102522471723661,0.00157187198570733,644.360308504726,0.0974074581765534,0.516828352174142,0.0072811847035657,0.210859464578733,-12.3379941734201,0.068031641896749,0.207922045889334,-12.4324536759916,TRUE,0.00136926252473429,0.0016631619762804,0.206286310467669,2026-06-08 16:58:31,2026-06-08 16:59:30,"Time changed"
"13","2026-06-08 17:57:31","Collar_13_2026-06-08 17:57:31",2026-06-08 17:59:00.5,NA,NA,NA,NA,NA,-18.1283790125159,-0.000351338222931866,0.00150046203836462,644.277482554616,0.0929822495575165,0.8156905056965,0.000944414040178,0.201280145525277,-15.6698851744923,0.0262850035889364,0.202228343379081,-17.977695668034,TRUE,-0.000897289166070862,0.00157027790969446,0.194718584028353,2026-06-08 17:58:31,2026-06-08 17:59:30,"Time changed"
"13","2026-06-08 18:57:31","Collar_13_2026-06-08 18:57:31",2026-06-08 18:59:00.5,NA,NA,NA,NA,NA,4.09144951397602,0.00111832299543598,0.00180568193538997,643.961851086448,0.111896445258237,0.538120658723176,0.00656993855619175,0.242224003963329,4.80526099770536,0.059516735073071,0.239852389370517,4.36805816327807,TRUE,0.000576319686772344,0.00187340946553042,0.211340213598752,2026-06-08 18:58:31,2026-06-08 18:59:30,"Time changed"
"13","2026-06-08 19:57:31","Collar_13_2026-06-08 19:57:31",2026-06-08 19:59:00.5,NA,NA,NA,NA,NA,-5.87696763181726,0.00343802038553341,0.00166174487708862,643.500442147591,0.102976798420562,0.0430199738696731,0.0687284485666085,0.222915503447747,-3.96748194166957,0.100616969355631,0.22294330437701,-5.75819549525601,TRUE,0.00287975434940198,0.0017540653870477,0.205202010564395,2026-06-08 19:58:31,2026-06-08 19:59:30,"Time changed"
"13","2026-06-08 20:57:31","Collar_13_2026-06-08 20:57:31",2026-06-08 20:59:00.5,NA,NA,NA,NA,NA,-24.2297210010696,-0.00188812015395702,0.00142607878538378,643.087152047285,0.0883727879285488,0.190699363858306,0.0293368031833096,0.191301971068464,-27.8017148655386,0.144419960072872,0.18278286000493,-24.2009243850001,TRUE,-0.00165189485731968,0.0015657487155157,0.21362925508922,2026-06-08 20:58:31,2026-06-08 20:59:30,"Time changed"
"13","2026-06-08 21:57:31","Collar_13_2026-06-08 21:57:31",2026-06-08 21:59:00.5,NA,NA,NA,NA,NA,-2.2229316043567,-0.00014680414960449,0.00171312378924509,642.588211913583,0.1061607022515,0.932004938522623,0.000126594895577592,0.229807750403261,-0.688722198164452,0.0403849963348244,0.229118765679802,-2.0552347338604,TRUE,0.000536121910597017,0.00184941284062598,0.230057170018914,2026-06-08 21:58:31,2026-06-08 21:59:30,"Time changed"
"13","2026-06-08 22:57:31","Collar_13_2026-06-08 22:57:31",2026-06-08 22:59:00.5,NA,NA,NA,NA,NA,-16.9927284769722,0.00262615695321264,0.00151472944782109,642.010025507433,0.0938663877714139,0.0882762384250968,0.0492719265762259,0.203194053493783,-13.9923194816304,0.0649797058136016,0.205075291196837,-16.6055796140953,TRUE,0.00223094674463345,0.00148998896158982,0.186568347439293,2026-06-08 22:58:31,2026-06-08 22:59:30,"Time changed"
"13","2026-06-08 23:57:31","Collar_13_2026-06-08 23:57:31",2026-06-08 23:59:00.5,NA,NA,NA,NA,NA,1.35243081244125,-0.00312632560386536,0.00176493377446032,642.229479883147,0.109371319282574,0.0817552334260537,0.0513218710990142,0.236757823845406,-5.39965148871596,0.206964330806808,0.220298347456592,1.38423707569712,TRUE,-0.0034209174105178,0.0016653112684553,0.23503421415052,2026-06-08 23:58:31,2026-06-08 23:59:30,"Time changed"
"14","2026-06-08 00:00:29","Collar_14_2026-06-08 00:00:29",2026-06-08 00:01:43.5,NA,NA,NA,NA,NA,35.9315641366951,-0.00130617991601023,0.00870054528928998,647.408163914145,0.394430050961593,0.88174127023195,0.000804276898484146,0.41247375676992,37.6960350598052,0.0725554182301463,0.41238927765076,35.9352132326571,TRUE,-0.00100034557184394,0.00921616206777858,0.474278739896856,2026-06-08 00:01:29,2026-06-08 00:01:58,"Time changed"
"14","2026-06-08 01:00:30","Collar_14_2026-06-08 01:00:30",2026-06-08 01:01:44.5,NA,NA,NA,NA,NA,-15.0723007123966,-0.000649854817632729,0.00307961485542278,648.010806633403,0.13961109378532,0.833612727444291,0.000767146989039452,0.206472042469542,-15.2227653040175,0.0675519609893257,0.202983251488261,-15.0264125498167,TRUE,-0.00111777155976139,0.00317979189654067,0.265724836015683,2026-06-08 01:01:30,2026-06-08 01:01:59,"Time changed"
"14","2026-06-08 02:00:29","Collar_14_2026-06-08 02:00:29",2026-06-08 02:01:43.5,NA,NA,NA,NA,NA,37.2718558145213,0.0097299168836635,0.00476361029750948,645.682643518036,0.215953252346229,0.0456513054247621,0.0671043803352807,0.319375114691314,37.1101591795953,0.1296184245404,0.313949195386147,37.3065696285758,TRUE,0.00936205479975278,0.00461963925228548,0.353889538682884,2026-06-08 02:01:29,2026-06-08 02:01:58,"Time changed"
"14","2026-06-08 03:00:29","Collar_14_2026-06-08 03:00:29",2026-06-08 03:01:43.5,NA,NA,NA,NA,NA,22.7504456751186,0.0164104977601522,0.00422067089578217,644.993315175234,0.191339666786716,0.000262425837018853,0.206756456905093,0.28297387217411,4.06732585154811,0.456473592324797,0.238381952633233,22.8422552938301,TRUE,0.0175720704387263,0.00445585435268427,0.319105828371099,2026-06-08 03:01:29,2026-06-08 03:01:58,"Time changed"
"14","2026-06-08 04:00:29","Collar_14_2026-06-08 04:00:29",2026-06-08 04:01:43.5,NA,NA,NA,NA,NA,48.9855814708468,0.00929167147644399,0.00525205919376436,645.675079043159,0.238096568269095,0.0821265904284993,0.0512005804679421,0.352123054283225,27.0607126863286,0.384080501929518,0.288728207532903,49.0248263761213,TRUE,0.00890302457787007,0.00505770055582559,0.365660272942487,2026-06-08 04:01:29,2026-06-08 04:01:58,"Time changed"
"14","2026-06-08 05:00:29","Collar_14_2026-06-08 05:00:29",2026-06-08 05:01:43.5,NA,NA,NA,NA,NA,8.07286573967883,0.00844936984963984,0.00373475017697541,645.01386187603,0.16931096312395,0.0274366113247633,0.0810905511125461,0.250395433635397,3.72469573524814,0.200448121748797,0.237702283107229,8.08256643885767,TRUE,0.00867210809732107,0.00387429397228571,0.30042550387611,2026-06-08 05:01:29,2026-06-08 05:01:58,"Time changed"
"14","2026-06-08 06:00:29","Collar_14_2026-06-08 06:00:29",2026-06-08 06:01:43.5,NA,NA,NA,NA,NA,-7.40565165937996,-0.0058239373278916,0.00328278873200813,645.548335998324,0.148821767350144,0.0812984895629041,0.0514718466571662,0.220093786500671,-6.7305831377738,0.102605157597148,0.217868496862229,-7.38491685000078,TRUE,-0.00618036356582224,0.00365739453431556,0.240832450354631,2026-06-08 06:01:29,2026-06-08 06:01:58,"Time changed"
"14","2026-06-08 07:00:29","Collar_14_2026-06-08 07:00:29",2026-06-08 07:01:43.5,NA,NA,NA,NA,NA,29.3502894528745,0.000505154356101983,0.00445930441721435,645.20587856635,0.20215786597884,0.910198995720986,0.000221202429262572,0.298972999625077,32.7304166150462,0.0104969591850617,0.302697307178244,29.8469389727477,TRUE,-0.000889889106293438,0.00397820296925798,0.213228049414848,2026-06-08 07:01:29,2026-06-08 07:01:58,"Time changed"
"14","2026-06-08 08:00:29","Collar_14_2026-06-08 08:00:29",2026-06-08 08:01:43.5,NA,NA,NA,NA,NA,-1.86910937664928,-0.00483330371440885,0.00343779795374796,645.458264466727,0.155848947049516,0.165079647414757,0.0329568234951862,0.23048634275097,-3.46083538667342,0.119008735095284,0.223886573051089,-0.740211886100989,TRUE,-0.0064612183025707,0.00315909068918114,0.160015784583512,2026-06-08 08:01:29,2026-06-08 08:01:58,"Time changed"
"14","2026-06-08 09:00:29","Collar_14_2026-06-08 09:00:29",2026-06-08 09:01:43.5,NA,NA,NA,NA,NA,5.46177150073246,0.0123254844152997,0.00523598939874754,645.796706894648,0.237368061048377,0.0258216470468989,0.165207888885347,0.248226765782989,8.91955898493596,0.180160184190767,0.255279702695149,5.60483909775822,TRUE,0.011440911261748,0.00536246439453021,0.258866078330493,2026-06-08 09:01:29,2026-06-08 09:01:58,"Time changed"
"14","2026-06-08 10:00:29","Collar_14_2026-06-08 10:00:29",2026-06-08 10:01:43.5,NA,NA,NA,NA,NA,-4.58000155753295,-0.0069477762444945,0.00442908465722341,645.532523482361,0.200787885009033,0.127957880777655,0.0807836365475991,0.209973182929784,-0.695344071738727,0.084311008817966,0.217480987533491,-4.3904596327027,TRUE,-0.00553533775817786,0.00427578082327521,0.233759291455333,2026-06-08 10:01:29,2026-06-08 10:01:58,"Time changed"
"14","2026-06-08 11:00:29","Collar_14_2026-06-08 11:00:29",2026-06-08 11:01:43.5,NA,NA,NA,NA,NA,-0.879255761427878,0.00516897355096648,0.00471086732098025,644.779541566687,0.213562205092455,0.281881507497301,0.0412254441388891,0.22333188058009,0.694609411248543,0.115710229317777,0.222577938230235,-0.864762538667167,TRUE,0.0052081292519115,0.00479849183598909,0.25391784541476,2026-06-08 11:01:29,2026-06-08 11:01:58,"Time changed"
"14","2026-06-08 12:00:31","Collar_14_2026-06-08 12:00:31",2026-06-08 12:01:45.5,NA,NA,NA,NA,NA,5.96594519250903,0.00636688436957105,0.00528017223907582,644.435776362585,0.239371043549228,0.237981809137039,0.0493643920319064,0.250321377273306,6.39375383795544,0.156079938084532,0.24475631058966,5.99939662811569,TRUE,0.00619730877811755,0.00543171131438852,0.288416090095122,2026-06-08 12:01:31,2026-06-08 12:02:00,"Time changed"
"14","2026-06-08 13:00:29","Collar_14_2026-06-08 13:00:29",2026-06-08 13:01:43.5,NA,NA,NA,NA,NA,5.37683935715325,-0.000241258190647502,0.005228582912001,644.947876858678,0.237032295777609,0.963524459483451,7.60335172243172e-05,0.247875640501615,0.462029430311123,0.257131598191937,0.221716822084454,5.78005616392835,TRUE,-0.00169997458639533,0.00493387154013787,0.184101020371882,2026-06-08 13:01:29,2026-06-08 13:01:58,"Time changed"
"14","2026-06-08 14:00:29","Collar_14_2026-06-08 14:00:29",2026-06-08 14:01:43.5,NA,NA,NA,NA,NA,20.4685849237249,0.00160137846686106,0.00672390697318747,644.397298592003,0.304821236131026,0.813489846061751,0.00202165787306683,0.318765672401715,23.2032815389338,0.0432378769425299,0.323895800254344,20.7627672181881,TRUE,-0.000204768339538287,0.00731151822673666,0.291066119855175,2026-06-08 14:01:29,2026-06-08 14:01:58,"Time changed"
"14","2026-06-08 15:00:30","Collar_14_2026-06-08 15:00:30",2026-06-08 15:01:44.5,NA,NA,NA,NA,NA,27.771536928482,-0.00498453851886189,0.00759420341064533,644.63763031132,0.344275207895387,0.516950178839079,0.0151529166214319,0.360024516431136,31.6982511044352,0.0175558247769046,0.373159031245169,27.9394135349029,TRUE,-0.00528467983895685,0.00762985302284395,0.340595439479887,2026-06-08 15:01:30,2026-06-08 15:01:59,"Time changed"
"14","2026-06-08 16:00:29","Collar_14_2026-06-08 16:00:29",2026-06-08 16:01:43.5,NA,NA,NA,NA,NA,10.0773400849756,0.00334348153585544,0.00565467121011821,643.89988742559,0.256348559707341,0.559077946296925,0.012332072300477,0.268075551564252,12.4597374003746,0.0641769156202345,0.270795193315379,10.2485277161055,TRUE,0.00160331091145528,0.00553165401552435,0.273953850339724,2026-06-08 16:01:29,2026-06-08 16:01:58,"Time changed"
"14","2026-06-08 17:00:29","Collar_14_2026-06-08 17:00:29",2026-06-08 17:01:43.5,NA,NA,NA,NA,NA,8.49653107273228,-0.00278472314602723,0.00550763410851918,644.231319479168,0.249682787672531,0.617086764623836,0.0090475021068114,0.261104845284984,11.4982806960459,0.0414788891588043,0.266490477838899,8.51884054748496,TRUE,-0.00205747164253476,0.00579385488925095,0.259615065708301,2026-06-08 17:01:29,2026-06-08 17:01:58,"Time changed"
"14","2026-06-08 18:00:30","Collar_14_2026-06-08 18:00:30",2026-06-08 18:01:44.5,NA,NA,NA,NA,NA,9.1196781050153,-0.0169735963630442,0.00556513327613439,644.814743681573,0.252289451836515,0.00496206646974919,0.249378742121772,0.263830754626158,8.27873210066778,0.361235181370238,0.252567709518198,9.3372012748643,TRUE,-0.0156304777984191,0.00538405228075259,0.229065683913457,2026-06-08 18:01:30,2026-06-08 18:01:59,"Time changed"
"14","2026-06-08 19:00:31","Collar_14_2026-06-08 19:00:31",2026-06-08 19:01:45.5,NA,NA,NA,NA,NA,-10.4900671901747,-0.00200860976851396,0.00401361304819695,643.960458851939,0.181952917490029,0.62066975509768,0.00886532740217358,0.190276585796115,-10.1817774174909,0.123625585723756,0.185676184068895,-10.2818839047291,TRUE,-0.000277939968751709,0.00335288885823613,0.127928852238037,2026-06-08 19:01:31,2026-06-08 19:02:00,"Time changed"
"14","2026-06-08 20:00:29","Collar_14_2026-06-08 20:00:29",2026-06-08 20:01:43.5,-8.01666157361718,-0.0186367088371743,0.831472539351292,0.00164526092752397,0.198284358666945,-7.98223278213313,-0.00049472823540538,0.00418492626668743,643.561897476893,0.189719221698889,0.906739954351376,0.000498864998264637,0.198398169497552,-10.1897969573028,0.187319954863311,0.185651368434844,-7.95974361752082,TRUE,-0.000306340607859015,0.00481538595714169,0.227036448825546,2026-06-08 20:01:29,2026-06-08 20:01:58,"Time changed"
"14","2026-06-08 21:00:31","Collar_14_2026-06-08 21:00:31",2026-06-08 21:01:45.5,NA,NA,NA,NA,NA,-6.21441869743071,-0.00630681005509305,0.00431006356984499,643.352258939616,0.195392189452116,0.154528262721367,0.0710382041189136,0.204330654396975,-4.23835145449231,0.131642766941941,0.205010523101405,-6.20292516188611,TRUE,-0.00586962807936693,0.0050362509713066,0.193398182435935,2026-06-08 21:01:31,2026-06-08 21:02:00,"Time changed"
"14","2026-06-08 22:00:31","Collar_14_2026-06-08 22:00:31",2026-06-08 22:01:45.5,15.4061893394647,-0.0131356713642858,0.87398602473847,0.00091408988785698,0.292973746860913,15.3682158346592,0.0015267820557152,0.00617595316264875,642.365812748223,0.279980327632862,0.806546343188804,0.00217791630742752,0.292788384857737,17.8633892817497,0.0509949666245533,0.296315171258746,15.4382036599264,TRUE,0.00147169784212827,0.00626217596132226,0.326328645159021,2026-06-08 22:01:31,2026-06-08 22:02:00,"Time changed"
"14","2026-06-08 23:00:31","Collar_14_2026-06-08 23:00:31",2026-06-08 23:01:45.5,NA,NA,NA,NA,NA,10.3954829888975,-0.0134116147279425,0.00568473406738059,643.485666236144,0.257711427657313,0.0255210600526946,0.165822122140296,0.269500765647043,14.3106149822403,0.168178621168919,0.279278851557858,10.7530330835676,TRUE,-0.011355510868532,0.00521650538932662,0.205760723035127,2026-06-08 23:01:31,2026-06-08 23:02:00,"Time changed"
"15","2026-06-08 00:03:27","Collar_15_2026-06-08 00:03:27",2026-06-08 00:04:56.5,NA,NA,NA,NA,NA,82.4629747618069,-0.000108389877053132,0.00346958283998411,647.214339286262,0.215006850716128,0.975185369999793,1.68262611008165e-05,0.465428728676908,86.3467518268736,0.00195196774642073,0.473208508831124,82.4630244581337,TRUE,-8.80408173533542e-05,0.00352729281335862,0.613916507718059,2026-06-08 00:04:27,2026-06-08 00:05:26,"Time changed"
"15","2026-06-08 01:03:28","Collar_15_2026-06-08 01:03:28",2026-06-08 01:04:57.5,NA,NA,NA,NA,NA,22.866611574833,-0.00103033491862974,0.00137988429662343,649.293519573515,0.0855101580370397,0.456740613324906,0.0047026465065449,0.261778271420156,23.477274105229,0.0324210135325054,0.260322912194357,22.9400603608431,TRUE,-0.00122662816098251,0.00131678486733703,0.278055575275226,2026-06-08 01:04:28,2026-06-08 01:05:27,"Time changed"
"15","2026-06-08 02:03:29","Collar_15_2026-06-08 02:03:29",2026-06-08 02:04:58.5,NA,NA,NA,NA,NA,82.3203100057361,0.00372044815016424,0.0017677780094914,645.948312656426,0.109547573905949,0.037449233754943,0.0361784281028819,0.335365706176677,84.8265995079116,0.0481013218580142,0.336145808454094,82.6802963055995,TRUE,0.00398079697065435,0.00160228427339369,0.299669317848309,2026-06-08 02:04:29,2026-06-08 02:05:28,"Time changed"
"15","2026-06-08 03:03:29","Collar_15_2026-06-08 03:03:29",2026-06-08 03:04:58.5,NA,NA,NA,NA,NA,79.9376077391168,-0.00726389100546601,0.00175031447182748,646.171728399191,0.108465374572873,6.30383099092579e-05,0.127366789218022,0.332052693111938,76.4118166847518,0.180413131756446,0.324564221115328,80.0387248124731,TRUE,-0.00679333219360411,0.00183764058211493,0.380516657830482,2026-06-08 03:04:29,2026-06-08 03:05:28,"Time changed"
"15","2026-06-08 04:03:27","Collar_15_2026-06-08 04:03:27",2026-06-08 04:04:56.5,51.4135152137961,-0.00254924952912014,0.00887728900007821,0.0566081816351983,0.294843080702562,52.2668889785661,-0.00388184430259248,0.00155971140675299,646.296491697912,0.0966538783070295,0.0142112164014723,0.0498753881568735,0.295893327413902,54.4800374533464,0.063918339330725,0.296219582183591,52.5193633195917,TRUE,-0.00310429405766955,0.00154117627463701,0.297899804297272,2026-06-08 04:04:27,2026-06-08 04:05:26,"Time changed"
"15","2026-06-08 05:03:29","Collar_15_2026-06-08 05:03:29",2026-06-08 05:04:58.5,NA,NA,NA,NA,NA,18.5781333259112,0.00651532026037206,0.00135544659882574,644.921582410218,0.0839957764284842,4.56209472108053e-06,0.163743544868019,0.257142188306072,8.63606666428856,0.255471269501143,0.24471260129807,18.6561525366055,TRUE,0.00675892395644262,0.00148083101912731,0.265833048647019,2026-06-08 05:04:29,2026-06-08 05:05:28,"Time changed"
"15","2026-06-08 06:03:27","Collar_15_2026-06-08 06:03:27",2026-06-08 06:04:56.5,81.5122492311733,0.0346639553431328,0.659082768055314,0.00165512087651995,0.334238455455111,81.0066683368744,-0.00146533162411416,0.00175812849669277,645.34972146295,0.108949602491671,0.40626866569633,0.00585247338588054,0.333535094156051,70.3108418593547,0.120441222865403,0.316417548073567,81.0514160264298,TRUE,-0.0010965827808447,0.00177987087389807,0.389516223540641,2026-06-08 06:04:27,2026-06-08 06:05:26,"Time changed"
"15","2026-06-08 07:03:27","Collar_15_2026-06-08 07:03:27",2026-06-08 07:04:56.5,32.3309604020296,-0.0226223792838621,0.441735872528298,0.00502361652193951,0.272307689932578,32.416962797348,-0.00102625685889836,0.00143590136755641,645.297425493065,0.0889814842924171,0.476198208436427,0.004310274662316,0.272405287058163,35.4245528067804,0.0125107555182874,0.273609842269941,32.5290656037971,TRUE,-0.000640266507183824,0.00146951523008604,0.259510435212841,2026-06-08 07:04:27,2026-06-08 07:05:26,"Time changed"
"15","2026-06-08 08:03:28","Collar_15_2026-06-08 08:03:28",2026-06-08 08:04:57.5,NA,NA,NA,NA,NA,71.5335065309848,9.0103867208337e-05,0.00169008425312351,645.41382603179,0.104732963433342,0.957572484795495,2.4086721059256e-05,0.320626399923324,70.0315696909085,0.0448372753171674,0.316049567983896,71.9193665418773,TRUE,0.00074114212337107,0.0016686690276607,0.287266092773023,2026-06-08 08:04:28,2026-06-08 08:05:27,"Time changed"
"15","2026-06-08 09:03:27","Collar_15_2026-06-08 09:03:27",2026-06-08 09:04:56.5,NA,NA,NA,NA,NA,-14.3990491843479,0.00123391036038929,0.0015478251782183,646.332653327276,0.0959172996801454,0.428592340699881,0.0108383379741893,0.207633694924416,-13.946768965777,0.0676305746051274,0.205153150017215,-14.369431545235,TRUE,0.00149504923086751,0.00159078962939736,0.194360688112444,2026-06-08 09:04:27,2026-06-08 09:05:26,"Time changed"
"15","2026-06-08 10:03:29","Collar_15_2026-06-08 10:03:29",2026-06-08 10:04:58.5,NA,NA,NA,NA,NA,19.4958777036623,-0.00178843747200917,0.00205301318205242,645.214378287253,0.127223334651324,0.387275760947733,0.0129148882796731,0.275402363727383,23.4111012295723,0.0143085966904125,0.280079182668273,19.7262478706097,TRUE,-0.00257241663216839,0.00225535161980617,0.271896729630742,2026-06-08 10:04:29,2026-06-08 10:05:28,"Time changed"
"15","2026-06-08 11:03:29","Collar_15_2026-06-08 11:03:29",2026-06-08 11:04:58.5,NA,NA,NA,NA,NA,5.69792660328888,-0.00320360171039848,0.00183001768923055,644.977341313407,0.113404509493732,0.0853052551820309,0.0501853907522359,0.245488534454109,9.15429662898047,0.0587523166915096,0.248704551903188,5.71238534277405,TRUE,-0.0030160822197528,0.00186890681839896,0.22461007857612,2026-06-08 11:04:29,2026-06-08 11:05:28,"Time changed"
"15","2026-06-08 12:03:31","Collar_15_2026-06-08 12:03:31",2026-06-08 12:05:00.5,NA,NA,NA,NA,NA,16.0569734492003,0.000710057458950799,0.0019950139113702,644.82313893619,0.123629173304459,0.723194767807864,0.0021793131579439,0.267622025841593,20.0072334893115,0.00300616306392091,0.272246197270901,16.1028374701054,TRUE,0.000523218614678812,0.00201552304306525,0.310489940073043,2026-06-08 12:04:31,2026-06-08 12:05:30,"Time changed"
"15","2026-06-08 13:03:29","Collar_15_2026-06-08 13:03:29",2026-06-08 13:04:58.5,NA,NA,NA,NA,NA,11.7332681922093,-0.00470283448761023,0.00192441138372691,645.541472507075,0.119253999740005,0.0175972939758799,0.0933540739205315,0.258151018461772,14.4289251796906,0.112851005021006,0.259880235279701,11.7456357513851,TRUE,-0.00487592535153068,0.0019216916871735,0.251202307008296,2026-06-08 13:04:29,2026-06-08 13:05:28,"Time changed"
"15","2026-06-08 14:03:29","Collar_15_2026-06-08 14:03:29",2026-06-08 14:04:58.5,NA,NA,NA,NA,NA,50.9920972515457,-0.00133032709406314,0.00266919533711001,644.796049789403,0.165407574871688,0.620086922688341,0.00426453946231389,0.358060392167241,50.3270691469575,0.07875026852309,0.350503990326512,50.99989303374,TRUE,-0.00131593264538463,0.00279681425019556,0.446507492291925,2026-06-08 14:04:29,2026-06-08 14:05:28,"Time changed"
"15","2026-06-08 15:03:30","Collar_15_2026-06-08 15:03:30",2026-06-08 15:04:59.5,NA,NA,NA,NA,NA,43.7949541128262,3.00966309108986e-05,0.00251381334778644,644.402330141907,0.155778696207237,0.990488642720883,2.47138634101591e-06,0.337216606304359,46.622016006392,0.0193615499838504,0.339847384676793,43.8065527912851,TRUE,-0.000227432696035827,0.00265964944399808,0.400974922189456,2026-06-08 15:04:30,2026-06-08 15:05:29,"Time changed"
"15","2026-06-08 16:03:28","Collar_15_2026-06-08 16:03:28",2026-06-08 16:04:57.5,NA,NA,NA,NA,NA,-20.0901245782262,-0.00136932644692314,0.00147613207892332,644.388930202532,0.0914745443956046,0.357436147226309,0.0146197323968377,0.198016392326758,-19.1870367980017,0.0641900401751723,0.196387132087454,-20.0619787798808,TRUE,-0.00134878957759442,0.00157660962901858,0.215890379685632,2026-06-08 16:04:28,2026-06-08 16:05:27,"Time changed"
"15","2026-06-08 17:03:29","Collar_15_2026-06-08 17:03:29",2026-06-08 17:04:58.5,NA,NA,NA,NA,NA,1.9870386052295,0.000778531857404607,0.00177429217083854,644.348943190613,0.109951250480598,0.662447937735321,0.00330853133323552,0.238013210077599,5.3522704931774,0.0137974161204171,0.240948231243401,1.9941528029486,TRUE,0.000633286685993761,0.00178031315467213,0.301916049167416,2026-06-08 17:04:29,2026-06-08 17:05:28,"Time changed"
"15","2026-06-08 18:03:28","Collar_15_2026-06-08 18:03:28",2026-06-08 18:04:57.5,NA,NA,NA,NA,NA,-5.89332952361145,-0.00379178544156295,0.00166151831511916,644.258452412967,0.102962758584134,0.0261682746152815,0.0823957248118122,0.222885111191884,-9.34174471128443,0.189520561638977,0.213178954638742,-5.78319140384616,TRUE,-0.00427270579874558,0.00174726551438124,0.245412408654029,2026-06-08 18:04:28,2026-06-08 18:05:27,"Time changed"
"15","2026-06-08 19:03:30","Collar_15_2026-06-08 19:03:30",2026-06-08 19:04:59.5,NA,NA,NA,NA,NA,-19.2736168812108,-0.00155940353595496,0.00148621027058023,643.935171960104,0.0920990806436211,0.298416395543607,0.0186278296404431,0.199368335815809,-16.5065387347074,0.0385879697790281,0.200823288309916,-19.2717124196973,TRUE,-0.00154588492391571,0.00158897116571093,0.199687851584597,2026-06-08 19:04:30,2026-06-08 19:05:29,"Time changed"
"15","2026-06-08 20:03:28","Collar_15_2026-06-08 20:03:28",2026-06-08 20:04:57.5,NA,NA,NA,NA,NA,-12.0239482788332,0.000594506098948449,0.00157876570498723,643.331947713051,0.0978346556064607,0.707871860621098,0.00243887075326944,0.211784225608595,-8.77977907823342,0.0149265082041543,0.214179622949921,-12.0201807430257,TRUE,0.000609377408877908,0.00168761929137523,0.246281953288086,2026-06-08 20:04:28,2026-06-08 20:05:27,"Time changed"
"15","2026-06-08 21:03:29","Collar_15_2026-06-08 21:03:29",2026-06-08 21:04:58.5,NA,NA,NA,NA,NA,43.088305173318,-0.00249731226863222,0.00249905365231559,643.123275095522,0.154864051482764,0.321798832073008,0.0169259395155284,0.335236660410147,44.8259941578075,0.0533028193925731,0.334798815107181,43.0982516089892,TRUE,-0.00251177147294069,0.00286394232058939,0.369998155357062,2026-06-08 21:04:29,2026-06-08 21:05:28,"Time changed"
"15","2026-06-08 22:03:31","Collar_15_2026-06-08 22:03:31",2026-06-08 22:05:00.5,NA,NA,NA,NA,NA,-5.82793684916891,-0.00193926517386412,0.00166242398791712,642.702823625615,0.103018882292675,0.248174924475732,0.0229240389501938,0.223006603070991,-2.19891985717547,0.0289467101752045,0.226253378721558,-5.76942023804209,TRUE,-0.00213629785166601,0.00170136693341826,0.209308045840883,2026-06-08 22:04:31,2026-06-08 22:05:30,"Time changed"
"15","2026-06-08 23:03:29","Collar_15_2026-06-08 23:03:29",2026-06-08 23:04:58.5,NA,NA,NA,NA,NA,-27.8333866727577,-0.00535555007610193,0.00138388951307989,642.542491485725,0.0857583576092813,0.000278460644652594,0.205221722089765,0.185642472426174,-27.2407267137579,0.24909872928383,0.183639352276896,-27.776597657298,TRUE,-0.00505209599485985,0.00130029629467946,0.136393310925807,2026-06-08 23:04:29,2026-06-08 23:05:28,"Time changed"
"16","2026-06-08 00:06:27","Collar_16_2026-06-08 00:06:27",2026-06-08 00:07:56.5,NA,NA,NA,NA,NA,96.5708485991335,-0.0162605358400805,0.003902432134596,647.621146076868,0.241830122550625,0.000104127186314785,0.230381047271869,0.523493489252225,12.7544723156259,0.821909961907566,0.25627910833005,96.5753520475682,TRUE,-0.0165125536193195,0.00397371088137995,0.710135921263251,2026-06-08 00:07:27,2026-06-08 00:08:26,"Time changed"
"16","2026-06-08 01:06:28","Collar_16_2026-06-08 01:06:28",2026-06-08 01:07:57.5,NA,NA,NA,NA,NA,11.4005306078039,-0.00502884373401774,0.0013155098580871,648.503881482228,0.0815209334141807,0.000212280815680176,0.110194777072005,0.249565777021228,-4.47942485452788,0.246042279662449,0.231698413621127,12.034717922679,TRUE,-0.005789681884797,0.00130609332098496,0.278684974316652,2026-06-08 01:07:28,2026-06-08 01:08:27,"Time changed"
"16","2026-06-08 02:06:27","Collar_16_2026-06-08 02:06:27",2026-06-08 02:07:56.5,NA,NA,NA,NA,NA,98.14929341609,0.0183579142157809,0.00188830102011173,644.926030699934,0.117016273789311,9.15324997094743e-17,0.444747054502999,0.358230163337141,95.8400864474384,0.473186264583044,0.351930794058405,98.3467314239706,TRUE,0.0189170244150816,0.00192976933708177,0.414300845266961,2026-06-08 02:07:27,2026-06-08 02:08:26,"Time changed"
"16","2026-06-08 03:06:29","Collar_16_2026-06-08 03:06:29",2026-06-08 03:07:58.5,NA,NA,NA,NA,NA,44.9177380793731,-0.00417391489074316,0.00151267460623157,645.743956305991,0.0937390511320371,0.00671701631037872,0.0606120697547173,0.28696996161884,42.2113480983373,0.11167120245182,0.281457503589392,44.9419331819419,TRUE,-0.00410133632483898,0.00161874394818979,0.297263623644565,2026-06-08 03:07:29,2026-06-08 03:08:28,"Time changed"
"16","2026-06-08 04:06:27","Collar_16_2026-06-08 04:06:27",2026-06-08 04:07:56.5,NA,NA,NA,NA,NA,52.6414435751704,0.000154673229680413,0.00156214746165253,645.765663659768,0.0968048383838682,0.92129579254945,8.30745821187677e-05,0.296355472133026,49.109633813343,0.0609139457287111,0.289664781688291,52.7987972346934,TRUE,0.000344457071179336,0.00170516408545964,0.308648402370238,2026-06-08 04:07:27,2026-06-08 04:08:26,"Time changed"
"16","2026-06-08 05:06:29","Collar_16_2026-06-08 05:06:29",2026-06-08 05:07:58.5,NA,NA,NA,NA,NA,8.77063532342291,-0.0016131659151119,0.00130117332909505,645.093210295339,0.0806325119263696,0.217517451406202,0.0128583498505399,0.246845989726823,-0.473714676348926,0.116011581188235,0.235598019088182,9.12342103384837,TRUE,-0.00103671820205513,0.00131903227523554,0.236325959255301,2026-06-08 05:07:29,2026-06-08 05:08:28,"Time changed"
"16","2026-06-08 06:06:27","Collar_16_2026-06-08 06:06:27",2026-06-08 06:07:56.5,31.5608329572973,-0.0124016396337983,0.846114128160787,0.000320512553290642,0.271435291945269,31.4667327366711,-0.00051652889617676,0.00143022745462549,645.128676335897,0.0886298771376733,0.71863193404431,0.00110412244141297,0.271328887302851,27.420145207549,0.0658886491274314,0.264634984628556,31.5232421403362,TRUE,-0.000742644857403958,0.00152351887219226,0.310999378992941,2026-06-08 06:07:27,2026-06-08 06:08:26,"Time changed"
"16","2026-06-08 07:06:27","Collar_16_2026-06-08 07:06:27",2026-06-08 07:07:56.5,NA,NA,NA,NA,NA,0.263421784969976,-0.00484804441840381,0.00125585886759739,645.30863024114,0.0778244165132182,0.000185268006789834,0.11212932604918,0.238249369394076,-14.1370003016683,0.238348391668869,0.222559990841631,0.402403123619969,TRUE,-0.00508726215587547,0.00115902086194028,0.190696733497717,2026-06-08 07:07:27,2026-06-08 07:08:26,"Time changed"
"16","2026-06-08 08:06:28","Collar_16_2026-06-08 08:06:28",2026-06-08 08:07:57.5,NA,NA,NA,NA,NA,-1.09355205740536,0.00053494142339403,0.00124877820522618,645.145500693125,0.0773856343922456,0.669161329511208,0.00155269080325246,0.236906094772732,-2.38919337123932,0.0446564278236242,0.233725157061171,-0.66023953817696,TRUE,0.000980680575916683,0.00116985340089755,0.196796227588901,2026-06-08 08:07:28,2026-06-08 08:08:27,"Time changed"
"16","2026-06-08 09:06:27","Collar_16_2026-06-08 09:06:27",2026-06-08 09:07:56.5,-3.13473371309069,-0.0043273275686758,0.403657468721918,0.012054944717749,0.228068207672153,-3.33301161164693,-0.00161207676562071,0.00169734932664737,646.349255529846,0.105183173343474,0.346174436202719,0.0153143506743345,0.227691678122811,-2.22024877208495,0.0615760368838794,0.226213167803038,-3.29471190643711,TRUE,-0.00139442565706364,0.00154493320807619,0.204136686402033,2026-06-08 09:07:27,2026-06-08 09:08:26,"Time changed"
"16","2026-06-08 10:06:29","Collar_16_2026-06-08 10:06:29",2026-06-08 10:07:58.5,NA,NA,NA,NA,NA,-20.8622452542749,0.000758097052622585,0.00146666463579969,645.026354014312,0.0908878556712748,0.607201884119627,0.00458526086918164,0.196746377970544,-20.630248421581,0.0651749300985313,0.194039376737552,-20.850332981043,TRUE,0.000895847752410862,0.00151399582771228,0.151965142621466,2026-06-08 10:07:29,2026-06-08 10:08:28,"Time changed"
"16","2026-06-08 11:06:29","Collar_16_2026-06-08 11:06:29",2026-06-08 11:07:58.5,NA,NA,NA,NA,NA,-5.27157990073413,0.00145966034570487,0.00167014939222966,644.536849536535,0.103497618477499,0.385739069472984,0.0129981916097108,0.224042930858374,-12.5024856880883,0.181486321353454,0.207637229373005,-5.2663978243229,TRUE,0.00157735057508891,0.00164843601498304,0.231710134125728,2026-06-08 11:07:29,2026-06-08 11:08:28,"Time changed"
"16","2026-06-08 12:06:31","Collar_16_2026-06-08 12:06:31",2026-06-08 12:08:00.5,5.88897954747689,-0.0086387338488999,0.541686129769711,0.00645572937156925,0.245879689979644,6.05556089078575,-0.000851106818675371,0.00183547980011648,644.632446871415,0.113742991470963,0.644600267492123,0.00369346431004443,0.246221251741108,-0.237891509559933,0.160759398603268,0.229981166075323,6.09407337431944,TRUE,-0.000840218826032614,0.0019872136811971,0.236424295306235,2026-06-08 12:07:31,2026-06-08 12:08:30,"Time changed"
"16","2026-06-08 13:06:29","Collar_16_2026-06-08 13:06:29",2026-06-08 13:07:58.5,NA,NA,NA,NA,NA,3.24309425267212,-0.0029625906304185,0.00179296145481352,644.657672271728,0.111108168801246,0.103868336643832,0.0449569004405508,0.240517609455428,2.84213001211917,0.11250129172659,0.235960463855436,3.32999608807199,TRUE,-0.00344854648848805,0.00200152443730001,0.241275107875024,2026-06-08 13:07:29,2026-06-08 13:08:28,"Time changed"
"16","2026-06-08 14:06:29","Collar_16_2026-06-08 14:06:29",2026-06-08 14:07:58.5,NA,NA,NA,NA,NA,46.8177254272814,-0.00182395484694433,0.00257793998159943,644.296037651729,0.159752564599791,0.482074200440197,0.00855701537205515,0.345818902034542,49.8915426836389,0.0237437891418293,0.349234181340573,46.8264655632954,TRUE,-0.00161338212682455,0.00271674008231704,0.39823688855239,2026-06-08 14:07:29,2026-06-08 14:08:28,"Time changed"
"16","2026-06-08 15:06:30","Collar_16_2026-06-08 15:06:30",2026-06-08 15:07:59.5,NA,NA,NA,NA,NA,43.7034336758042,-0.00011475775107868,0.00251189686789898,644.033308959399,0.155659933715011,0.963717703932113,3.59846122135672e-05,0.336959519259981,47.6457844264627,0.000996309435880064,0.342759162960723,43.7468304025373,TRUE,0.000235608917699556,0.00249933561778118,0.407256073365815,2026-06-08 15:07:30,2026-06-08 15:08:29,"Time changed"
"16","2026-06-08 16:06:28","Collar_16_2026-06-08 16:06:28",2026-06-08 16:07:57.5,NA,NA,NA,NA,NA,-3.78950092697238,0.00360164684408931,0.00169090474366606,643.621932527921,0.104783808476026,0.0374245254207595,0.0725483054727903,0.226827166680895,-2.91695482530744,0.119652707563633,0.224903605703244,-3.76918789244986,TRUE,0.00358725624966315,0.00186915241693642,0.239548963095063,2026-06-08 16:07:28,2026-06-08 16:08:27,"Time changed"
"16","2026-06-08 17:06:29","Collar_16_2026-06-08 17:06:29",2026-06-08 17:07:58.5,NA,NA,NA,NA,NA,-47.6117273301209,-0.000981923773964126,0.0011736030150931,644.047560587007,0.0727270971478735,0.406209600824214,0.0119254516523838,0.157433496900932,-44.9383780348789,0.033532855641156,0.158458600650121,-47.328314349607,TRUE,-0.00128842574837157,0.00116923807522191,0.151999321096645,2026-06-08 17:07:29,2026-06-08 17:08:28,"Time changed"
"16","2026-06-08 18:06:28","Collar_16_2026-06-08 18:06:28",2026-06-08 18:07:57.5,NA,NA,NA,NA,NA,-21.4782312050767,-0.00219749011653581,0.00145915521926697,643.801099093764,0.0904225040500922,0.137493947288887,0.0376325633192616,0.195739023959668,-19.2569390281491,0.0657433389583303,0.196272766246592,-21.4472095939961,TRUE,-0.00210183003475936,0.00151011401759491,0.201970587702091,2026-06-08 18:07:28,2026-06-08 18:08:27,"Time changed"
"16","2026-06-08 19:06:30","Collar_16_2026-06-08 19:06:30",2026-06-08 19:07:59.5,NA,NA,NA,NA,NA,-21.2003844957925,0.000640357892332848,0.00146253764587303,643.531967332747,0.0906321099093226,0.663128335035005,0.00329435464541615,0.196192761076694,-17.3476883673173,0.00573833003140401,0.199420523490016,-21.1884233934815,TRUE,0.000678726370664386,0.00145822819224891,0.205169153824965,2026-06-08 19:07:30,2026-06-08 19:08:29,"Time changed"
"16","2026-06-08 20:06:26","Collar_16_2026-06-08 20:06:26",2026-06-08 20:07:55.5,-16.3452381581302,0.00451861186170008,0.631101730514223,0.00400171620661661,0.204293401585792,-16.3002074336249,0.000662928990328023,0.00152349623691126,642.950568286146,0.0944096576110752,0.6650782057433,0.00325392689050716,0.204370078303969,-13.53727817438,0.0235942759738127,0.205854415224888,-16.2881829615061,TRUE,0.000533219532597434,0.00149022356678034,0.207107945804218,2026-06-08 20:07:26,2026-06-08 20:08:25,"Time changed"
"16","2026-06-08 21:06:28","Collar_16_2026-06-08 21:06:28",2026-06-08 21:07:57.5,NA,NA,NA,NA,NA,46.7635953970166,-0.00148720512636079,0.00257677737742477,642.743314580536,0.159680519090647,0.566067037330696,0.00571048265499801,0.345662943981968,49.2983622775802,0.0296975013191198,0.347512117129422,46.8500804315088,TRUE,-0.00169161272545772,0.00271402135439229,0.376535008866071,2026-06-08 21:07:28,2026-06-08 21:08:27,"Time changed"
"16","2026-06-08 22:06:29","Collar_16_2026-06-08 22:06:29",2026-06-08 22:07:58.5,-36.9917369706596,-0.0189657931419901,0.00924714115673041,0.111128153007765,0.172001474054289,-35.6029528043336,-0.00311263522479138,0.00129712676544798,642.38569353342,0.0803817501068355,0.0196436606264344,0.0903140102251294,0.174003645169633,-39.4198272087455,0.201433509289611,0.165915942249291,-35.4888953213469,TRUE,-0.00350055150306436,0.00138423043819888,0.135590182903787,2026-06-08 22:07:29,2026-06-08 22:08:28,"Time changed"
"16","2026-06-08 23:06:29","Collar_16_2026-06-08 23:06:29",2026-06-08 23:07:58.5,-17.5569779941082,0.00275524764192449,0.0114260030328706,0.105288011238339,0.202240861686999,-18.2490487832042,-0.00412617883873673,0.0014989539599887,642.359486438865,0.0928887953305405,0.00787711904108368,0.115548788144681,0.201077843682773,-25.1670822218847,0.262696118772946,0.186840285374277,-17.7823462265391,TRUE,-0.0035340678748216,0.00153598792026738,0.195705132145989,2026-06-08 23:07:29,2026-06-08 23:08:28,"Time changed"
"29","2026-06-08 00:30:31","Collar_29_2026-06-08 00:30:31",2026-06-08 00:31:30.5,NA,NA,NA,NA,NA,0.214061901118469,0.00867732450629917,0.00174827005766998,602.997465105562,0.108338684111848,6.41399259942882e-06,0.298119229295862,0.234522462166941,3.95220249736649,0.301175789204964,0.238153367882082,0.230352321423512,TRUE,0.00868767379699404,0.00158793186971946,0.176831316315624,2026-06-08 00:31:01,2026-06-08 00:32:00,NA
"29","2026-06-08 01:30:31","Collar_29_2026-06-08 01:30:31",2026-06-08 01:31:30.5,NA,NA,NA,NA,NA,97.72853035303,0.0066411280281246,0.00188499338988856,603.780866309305,0.116811302992989,0.000607535037260178,0.0951797077022997,0.357602671797135,84.5918334614525,0.215591018425,0.335817154130107,98.2147487180126,TRUE,0.00598232643652669,0.0016561910245666,0.280706072840908,2026-06-08 01:31:01,2026-06-08 01:32:00,NA
"29","2026-06-08 02:30:31","Collar_29_2026-06-08 02:30:31",2026-06-08 02:31:30.5,NA,NA,NA,NA,NA,79.9360196326991,0.0110885744624479,0.00175030288984228,604.311363082981,0.108464656847925,4.47842231145713e-09,0.253802893118161,0.332050495889987,66.2308797324209,0.356162122665556,0.311083963186618,81.8658949292359,TRUE,0.00900455318793825,0.00132448512374826,0.222413462524735,2026-06-08 02:31:01,2026-06-08 02:32:00,NA
"29","2026-06-08 03:30:31","Collar_29_2026-06-08 03:30:31",2026-06-08 03:31:30.5,NA,NA,NA,NA,NA,-65.9869836585049,-0.00298236734487294,0.000952920632207706,603.505427385599,0.0590516132810765,0.00220539221521213,0.0766469033168782,0.18077886422097,-69.5750648663376,0.13322649341797,0.176656072895721,-65.5435912734987,TRUE,-0.00345843844312351,0.00101756156104226,0.177434741818863,2026-06-08 03:31:01,2026-06-08 03:32:00,NA
"29","2026-06-08 04:30:31","Collar_29_2026-06-08 04:30:31",2026-06-08 04:31:30.5,NA,NA,NA,NA,NA,91.358024213059,-0.00788718205528526,0.00183561676843247,602.266101783779,0.113751479271263,3.58178599286773e-05,0.135290666883214,0.348235417857822,86.7449118640089,0.195180939056543,0.338843377625455,94.3475885436821,TRUE,-0.00527651330820398,0.00153692923464597,0.292336767612626,2026-06-08 04:31:01,2026-06-08 04:32:00,NA
"29","2026-06-08 05:30:31","Collar_29_2026-06-08 05:30:31",2026-06-08 05:31:30.737705,NA,NA,NA,NA,NA,32.6094809615763,0.000572784780009007,0.00142607381113099,600.077152871495,0.0886805075176273,0.688654887773202,0.00134256161157598,0.27209102106757,29.7154695568731,0.0562101497287356,0.266743110062036,33.1530005465636,TRUE,-0.000297774033206704,0.00134127589841414,0.279961022568481,2026-06-08 05:31:01,2026-06-08 05:32:00,NA
"29","2026-06-08 06:30:32","Collar_29_2026-06-08 06:30:32",2026-06-08 06:31:31.5,NA,NA,NA,NA,NA,235.72398627349,0.0195366064972059,0.00334981587131103,602.137042248877,0.207585002055402,4.87919190422097e-08,0.223755178408303,0.635494592201244,68.6203012922386,0.813467792105716,0.314196559898995,235.886756412026,TRUE,0.0184744841755808,0.00337087294250498,0.798871835342556,2026-06-08 06:31:02,2026-06-08 06:32:01,NA
"29","2026-06-08 07:30:32","Collar_29_2026-06-08 07:30:32",2026-06-08 07:31:31.5,NA,NA,NA,NA,NA,94.1803797657963,0.0100812492020063,0.00185733070738869,599.764617259484,0.115097072054873,3.09300703571832e-07,0.1997894267672,0.352354775850076,75.6674481024198,0.336673620578076,0.323559133041221,95.4220232895839,TRUE,0.011824473481542,0.00180684934459937,0.306017322998686,2026-06-08 07:31:02,2026-06-08 07:32:01,NA
"29","2026-06-08 08:29:41","Collar_29_2026-06-08 08:29:41",2026-06-08 08:30:40.5,NA,NA,NA,NA,NA,321.413588788534,0.0202769871181584,0.00478719857178717,598.491082092564,0.296658283183525,4.53930288684786e-05,0.131975665107183,0.908180903380105,215.620649263382,0.652321366157044,0.579705506326143,351.258259357288,TRUE,-0.00307782327482376,0.00148254967061456,0.276041922166164,2026-06-08 08:30:11,2026-06-08 08:31:10,NA
"29","2026-06-08 09:25:31","Collar_29_2026-06-08 09:25:31",2026-06-08 09:26:30.5,-61.0278772496369,0.0152813756923949,1.92255255562886e-10,0.505755645689954,0.140780491279182,-59.0480564476571,0.00795136736504315,0.00106691976672439,616.170968635478,0.0661160345752827,5.08450702410445e-10,0.489175006735297,0.143122425239188,-57.7757979091086,0.511878331770932,0.142382182123486,-59.0047196459886,TRUE,0.00787771084046524,0.00112617013657048,0.150902908888584,2026-06-08 09:26:01,2026-06-08 09:27:00,"Flux unusable, remove"
"29","2026-06-08 10:25:31","Collar_29_2026-06-08 10:25:31",2026-06-08 10:26:30.5,NA,NA,NA,NA,NA,-35.3428230793991,0.00784749860853837,0.00129994165890761,617.270730010741,0.0805561864600718,1.18508815415687e-07,0.385873315240168,0.174381250301057,-35.6440657645759,0.428357465836964,0.171219432834998,-35.2531578404139,TRUE,0.00782783504701339,0.00135615009525663,0.183520968618137,2026-06-08 10:26:01,2026-06-08 10:27:00,"Flux unusable, remove"
"29","2026-06-08 11:25:31","Collar_29_2026-06-08 11:25:31",2026-06-08 11:26:30.5,NA,NA,NA,NA,NA,-56.3411557854774,0.00583489436851354,0.00109126031415244,617.23252576535,0.0676243958649748,1.57845583244759e-06,0.330174208718198,0.146387598767885,-54.1837574795295,0.35043192804144,0.146708633653094,-56.2139126665203,TRUE,0.00583369097364103,0.00117893990174547,0.144890025397969,2026-06-08 11:26:01,2026-06-08 11:27:00,"Flux unusable, remove"
"29","2026-06-08 12:25:31","Collar_29_2026-06-08 12:25:31",2026-06-08 12:26:30.5,-61.8325740149323,0.0102942431993571,1.38556165889415e-07,0.382637410190175,0.139839602796741,-64.1081282989682,0.00643508124716937,0.00102286601817603,618.574740262354,0.0633860643816136,4.49017159500895e-08,0.40561300593709,0.137212815604271,-63.9773809000792,0.442733785592466,0.135210795305253,-64.0311832402448,TRUE,0.00626411695421293,0.0010121828964066,0.168680035690754,2026-06-08 12:26:01,2026-06-08 12:27:00,NA
"29","2026-06-08 13:25:31","Collar_29_2026-06-08 13:25:31",2026-06-08 13:26:30.5,NA,NA,NA,NA,NA,-59.7742229730876,0.010255452612293,0.0010604829171374,618.729076520946,0.0657171489391531,1.05822224381471e-13,0.617211058995196,0.142258951196882,-57.1701237235124,0.626013852893158,0.143102642212671,-59.3704868719131,TRUE,0.00961437292300429,0.00109017786018741,0.131682430970803,2026-06-08 13:26:01,2026-06-08 13:27:00,NA
"29","2026-06-08 14:25:31","Collar_29_2026-06-08 14:25:31",2026-06-08 14:26:30.5,NA,NA,NA,NA,NA,-47.4573924353512,0.00623004160445319,0.00117511338529531,620.191128133527,0.0728206933972125,1.8656201848403e-06,0.326423430991718,0.157636106181491,-45.2985956633744,0.34677936114489,0.15798365068455,-47.3746160848183,TRUE,0.0064959195609589,0.00115708648675934,0.149150496946003,2026-06-08 14:26:01,2026-06-08 14:27:00,NA
"29","2026-06-08 15:25:31","Collar_29_2026-06-08 15:25:31",2026-06-08 15:26:30.5,NA,NA,NA,NA,NA,-41.1906211435619,0.00594835544161038,0.00123811211947093,622.366214382022,0.0767246668888106,1.13537926778734e-05,0.284674978674677,0.166087099314644,-38.4631347530512,0.299686246066411,0.167243983496386,-41.1140214925271,TRUE,0.00564227256540768,0.00120571858537023,0.159595112356855,2026-06-08 15:26:01,2026-06-08 15:27:00,NA
"29","2026-06-08 16:25:31","Collar_29_2026-06-08 16:25:31",2026-06-08 16:26:30.5,-69.6774511547141,0.0356498672158525,4.88346018984556e-08,0.40392918507685,0.130990145519028,-67.4853734355903,0.00595136885522103,0.000994480090392432,620.821965521122,0.0616270145998723,1.44609578878083e-07,0.38174925856761,0.13340497273383,-67.0444157996505,0.417355785749379,0.131798782321519,-67.4602102534869,TRUE,0.00600270467754139,0.00103575650005891,0.134172881846913,2026-06-08 16:26:01,2026-06-08 16:27:00,NA
"29","2026-06-08 17:25:31","Collar_29_2026-06-08 17:25:31",2026-06-08 17:26:30.5,-52.4359770676526,0.0111265703437601,1.29117505476613e-06,0.334657098519703,0.151229877396208,-51.2231410004637,0.00596421761877651,0.00113880948237133,622.294311956553,0.0705709739939353,2.36470706056754e-06,0.321071049574262,0.15276610302457,-48.6650604754171,0.337192572135133,0.153613188177617,-51.1897079444766,TRUE,0.00587788365355844,0.00111203489740592,0.126580513757943,2026-06-08 17:26:01,2026-06-08 17:27:00,NA
"29","2026-06-08 18:25:31","Collar_29_2026-06-08 18:25:31",2026-06-08 18:26:30.5,-63.5310596446407,0.00542291051353684,1.67083466690418e-10,0.508104613182632,0.137874248170084,-63.9531424373542,0.00798233761586236,0.00102418795309022,620.915021013956,0.0634679834698324,1.35817326979764e-10,0.511552813389204,0.137390147149554,-65.0949745348203,0.551667945643479,0.133957385010863,-63.7807659498984,TRUE,0.00759616472392741,0.00105999438537142,0.148756541856651,2026-06-08 18:26:01,2026-06-08 18:27:00,NA
"29","2026-06-08 19:25:31","Collar_29_2026-06-08 19:25:31",2026-06-08 19:26:30.5,NA,NA,NA,NA,NA,-45.0051963812721,0.00635551332607746,0.0011993738250948,618.469567002463,0.0743240904909968,1.88376403522739e-06,0.326205663431332,0.16089053363683,-46.3456384026767,0.383586774838174,0.156611183405012,-44.5797620024731,TRUE,0.0068471488589307,0.00104532191532311,0.126543959450569,2026-06-08 19:26:01,2026-06-08 19:27:00,NA
"29","2026-06-08 20:25:31","Collar_29_2026-06-08 20:25:31",2026-06-08 20:26:30.5,NA,NA,NA,NA,NA,-56.071584012608,0.00521567037691381,0.00109371451119262,618.883343129811,0.0677764801935475,1.28910463147663e-05,0.2816549717361,0.146716818118169,-56.2057912115864,0.3294846867148,0.144257263079396,-55.9854361823506,TRUE,0.00544351660034396,0.00117291395633466,0.165521993947024,2026-06-08 20:26:01,2026-06-08 20:27:00,NA
"29","2026-06-08 21:25:31","Collar_29_2026-06-08 21:25:31",2026-06-08 21:26:30.5,NA,NA,NA,NA,NA,-45.794941361854,0.00376506327381666,0.00119150641321036,617.586813227081,0.0738365542278284,0.00250765032593657,0.146871706663457,0.159835156180741,-42.9029110350749,0.162481144507413,0.161169336146546,-45.7647991780464,TRUE,0.00357926217302226,0.00121477687366485,0.158891268784159,2026-06-08 21:26:01,2026-06-08 21:27:00,NA
"29","2026-06-08 22:25:31","Collar_29_2026-06-08 22:25:31",2026-06-08 22:26:30.5,NA,NA,NA,NA,NA,-33.0782549432891,0.00329141126270354,0.00132470631634793,616.254753319846,0.0820908294563262,0.0158761721193583,0.0961988706837015,0.177703316255423,-41.5126567124011,0.265368276623446,0.163047414050051,-30.9941513936397,TRUE,0.00500526048303764,0.00103059259828208,0.142407920163647,2026-06-08 22:26:01,2026-06-08 22:27:00,NA
"29","2026-06-08 23:25:31","Collar_29_2026-06-08 23:25:31",2026-06-08 23:26:30.5,NA,NA,NA,NA,NA,-48.7445255599147,0.00497017268112192,0.00116257634761756,615.531579225909,0.0720437847275768,7.21181794926491e-05,0.239611448910528,0.155954319702584,-45.3346183843418,0.247053125391489,0.157936232794028,-48.7338382781013,TRUE,0.00498577749252286,0.00123853814103038,0.1530265856749,2026-06-08 23:26:01,2026-06-08 23:27:00,NA
"30","2026-06-08 00:33:31","Collar_30_2026-06-08 00:33:31",2026-06-08 00:34:30.5,-15.353880590021,0.0200290921986558,0.0273865489997067,0.0811409021431672,0.205988124011571,-15.4601016559735,0.00350979873747566,0.00153419947583949,603.546190477204,0.0950729274623957,0.0258191885866813,0.0827661662885247,0.205805869036411,-11.5823249845051,0.0846327207089388,0.209235512857462,-15.0061546888685,TRUE,0.00353188220238624,0.00151606231754381,0.169010947561656,2026-06-08 00:34:01,2026-06-08 00:35:00,NA
"30","2026-06-08 01:33:31","Collar_30_2026-06-08 01:33:31",2026-06-08 01:34:30.5,NA,NA,NA,NA,NA,70.9437986418683,0.0104959756252852,0.00168593661741614,603.695291566076,0.104475938271388,7.59569440042557e-09,0.247248113035579,0.319839550686317,67.5907316357862,0.291988656303338,0.312851583333698,74.5028641256746,TRUE,0.00819376818284155,0.00140852733451473,0.266665209565553,2026-06-08 01:34:01,2026-06-08 01:35:00,NA
"30","2026-06-08 02:33:31","Collar_30_2026-06-08 02:33:31",2026-06-08 02:34:30.5,NA,NA,NA,NA,NA,44.6331701434034,0.0174005903182765,0.0015108820912568,604.075711373102,0.0936279706311927,4.98209158507421e-21,0.529200819524883,0.286629903055425,41.1431711509367,0.557688238408699,0.280207593758631,45.637896180942,TRUE,0.0161752209596439,0.00130506774715671,0.25609058701183,2026-06-08 02:34:01,2026-06-08 02:35:00,NA
"30","2026-06-08 03:33:31","Collar_30_2026-06-08 03:33:31",2026-06-08 03:34:30.5,NA,NA,NA,NA,NA,104.894047385565,-0.0265133025837282,0.00194212092298337,604.618476079447,0.120351443565033,4.89430488583716e-26,0.612313477431686,0.36844035355107,-6.34447780776819,0.851605237309442,0.229904850706782,104.894710048681,TRUE,-0.0265193718254701,0.00200219172730308,0.452144263246146,2026-06-08 03:34:01,2026-06-08 03:35:00,NA
"30","2026-06-08 04:33:32","Collar_30_2026-06-08 04:33:32",2026-06-08 04:34:31.5,NA,NA,NA,NA,NA,-59.1777061375684,-0.00147502245422894,0.000980344075808554,601.670373896473,0.0607510188051241,0.135099778944062,0.0188237108497404,0.185981374083417,-60.3507233264876,0.0602220063860928,0.183577974750002,-59.1007802939984,TRUE,-0.0016155644452268,0.000870926182186141,0.15712628377897,2026-06-08 04:34:02,2026-06-08 04:35:01,NA
"30","2026-06-08 05:33:31","Collar_30_2026-06-08 05:33:31",2026-06-08 05:34:30.5,NA,NA,NA,NA,NA,-28.7436950515882,-0.00221483649741305,0.00111288607476293,600.121330855714,0.0689645243177728,0.0488837390065361,0.0324759372845368,0.211125957192125,-34.6745844717642,0.109322077199381,0.204306929529378,-28.5101281326863,TRUE,-0.00176486159795209,0.00114066731699652,0.20157229557307,2026-06-08 05:34:01,2026-06-08 05:35:00,NA
"30","2026-06-08 06:33:31","Collar_30_2026-06-08 06:33:31",2026-06-08 06:34:30.5,99.1844933552437,0.0327956252170637,3.7358012798344e-51,0.854131763715428,0.359778666555121,93.50876216813,0.0500465341377647,0.00185214040644648,600.148645079395,0.114775433889329,2.28445207417564e-52,0.860870387438948,0.351370122272869,7.54337643974724,0.934260864662597,0.243600987624247,93.6104786732547,TRUE,0.0495707773363015,0.00193016968562965,0.419569788670566,2026-06-08 06:34:01,2026-06-08 06:35:00,NA
"30","2026-06-08 07:33:30","Collar_30_2026-06-08 07:33:30",2026-06-08 07:34:29.5,227.364965697946,-0.440561392802317,2.66429299508893e-52,0.860507693024059,0.61374180622728,284.725116525864,-0.0828356271051873,0.0041085770687921,611.082614425181,0.254604734121159,4.96418953221584e-40,0.775020179950288,0.77943941075112,135.485743394515,0.937258950309793,0.415143725076378,289.209000975159,TRUE,-0.0752469782988583,0.00392784060139672,0.643368750661914,2026-06-08 07:34:00,2026-06-08 07:34:59,NA
"30","2026-06-08 08:32:40","Collar_30_2026-06-08 08:32:40",2026-06-08 08:33:39.5,NA,NA,NA,NA,NA,108.049519954064,0.0070680111199694,0.00196782414523422,599.309945535843,0.121944248557531,0.00047996705930043,0.0985550905571096,0.37331651969574,49.1127037034068,0.466464579013086,0.289668486874635,120.575549112931,TRUE,0.000921712166508684,0.00133705182159858,0.196134485324882,2026-06-08 08:33:10,2026-06-08 08:34:09,"Flux unusable, remove"
"30","2026-06-08 09:28:31","Collar_30_2026-06-08 09:28:31",2026-06-08 09:29:30.5,NA,NA,NA,NA,NA,9.47059364535427,0.00821920812753201,0.00188846536881503,601.44024404733,0.117026458326976,5.53786912018918e-05,0.246192306733741,0.253329024350942,11.6506626782603,0.268713652002457,0.253932555908325,9.5005954500123,TRUE,0.0079393127767647,0.00182308746735993,0.279918938118987,2026-06-08 09:29:01,2026-06-08 09:30:00,NA
"30","2026-06-08 10:28:29","Collar_30_2026-06-08 10:28:29",2026-06-08 10:29:28.5,-28.2203048196124,0.0193400839434636,1.20515410764382e-15,0.671495870068992,0.185044866035328,-24.2321688786696,0.0147652150998103,0.00142604969512786,600.985037370098,0.0883709852322019,8.41888131187453e-15,0.648918516838683,0.191298068743184,-28.0324753771192,0.691718528555798,0.182431705529895,-24.0003311059189,TRUE,0.014386258822758,0.00142783036547551,0.184298351629261,2026-06-08 10:28:59,2026-06-08 10:29:58,NA
"30","2026-06-08 11:28:29","Collar_30_2026-06-08 11:28:29",2026-06-08 11:29:28.5,NA,NA,NA,NA,NA,-15.590973133523,0.0064271851633932,0.00153252719662663,600.011778188895,0.0949692978608969,9.50332171363158e-05,0.23268604838512,0.20558154039982,-16.1637856192406,0.288992839821002,0.20139771501103,-15.4558362337557,TRUE,0.00587427303327088,0.00157629307334006,0.230155222684257,2026-06-08 11:28:59,2026-06-08 11:29:58,NA
"30","2026-06-08 12:28:30","Collar_30_2026-06-08 12:28:30",2026-06-08 12:29:29.5,NA,NA,NA,NA,NA,-15.5668717763061,-0.00100288865149374,0.0015328350274171,600.625186699955,0.0949883738512578,0.515523636441742,0.00732644109521488,0.205622834497717,-13.0268920087077,0.0311903071777398,0.206731823520549,-15.3972414586277,TRUE,-0.00119060541576361,0.00153080474407881,0.227846869676948,2026-06-08 12:29:00,2026-06-08 12:29:59,NA
"30","2026-06-08 13:28:31","Collar_30_2026-06-08 13:28:31",2026-06-08 13:29:30.5,NA,NA,NA,NA,NA,-36.338143642794,3.49778008815108e-05,0.00128920409542058,599.471735897048,0.0798907895474784,0.978448136745748,1.26913594284666e-05,0.172940855085452,-32.5235705587012,0.00309833027581469,0.175730240280188,-36.1415101058629,TRUE,-0.000457857340482776,0.00113466054007866,0.148383124470177,2026-06-08 13:29:01,2026-06-08 13:30:00,NA
"30","2026-06-08 14:28:31","Collar_30_2026-06-08 14:28:31",2026-06-08 14:29:30.5,-15.5812386391012,-0.0100451044317965,0.834429634156885,0.000759525099347811,0.20559821801258,-15.6936326903875,0.000598778185306793,0.00153121668591769,599.98467815878,0.0948880867201477,0.697195087678377,0.00262958444269126,0.205405741359615,-13.898322419324,0.0386126453706397,0.205235991418608,-15.6822412529239,TRUE,0.000466416601895827,0.00166402562028037,0.234194966239577,2026-06-08 14:29:01,2026-06-08 14:30:00,NA
"30","2026-06-08 15:28:29","Collar_30_2026-06-08 15:28:29",2026-06-08 15:29:28.5,NA,NA,NA,NA,NA,-60.6739456952067,0.00126226775257788,0.00105256147901264,601.067867425438,0.065226264719667,0.235313320951248,0.0241959486495316,0.141196326366827,-56.9055277688097,0.0279550016661978,0.143418526844143,-60.5219348915986,TRUE,0.00165600282211345,0.0010478574112157,0.160394000800611,2026-06-08 15:28:59,2026-06-08 15:29:58,NA
"30","2026-06-08 16:28:31","Collar_30_2026-06-08 16:28:31",2026-06-08 16:29:30.5,NA,NA,NA,NA,NA,-41.2540393412753,-0.0027482917168146,0.00123745796868072,600.388780709547,0.0766841297672653,0.0302757876461407,0.0783772360537193,0.165999347966804,-37.8026569800985,0.0867658017277043,0.168167029160605,-41.219825303559,TRUE,-0.00259902397504055,0.00112898344314417,0.139995864045379,2026-06-08 16:29:01,2026-06-08 16:30:00,NA
"30","2026-06-08 17:28:30","Collar_30_2026-06-08 17:28:30",2026-06-08 17:29:29.5,NA,NA,NA,NA,NA,-71.4339227354776,-0.000529279646288165,0.000962289653902765,600.696258213211,0.0596322029201914,0.584416874835262,0.00518885342434483,0.129086772355882,-70.6344401863003,0.0568635601340956,0.127914172708488,-71.3796267146831,TRUE,-0.000713558894203643,0.00106704279176888,0.138522403255805,2026-06-08 17:29:00,2026-06-08 17:29:59,NA
"30","2026-06-08 18:28:31","Collar_30_2026-06-08 18:28:31",2026-06-08 18:29:30.5,NA,NA,NA,NA,NA,-28.9522685749954,-0.00225811943821391,0.00137104607458227,600.033811454571,0.0849624615632449,0.10496520356755,0.0446797475189289,0.183919583673412,-25.1158091678371,0.0472800960619255,0.186920134698975,-28.7985694541148,TRUE,-0.00273161629144958,0.00140706080032523,0.176463632010072,2026-06-08 18:29:01,2026-06-08 18:30:00,NA
"30","2026-06-08 19:28:31","Collar_30_2026-06-08 19:28:31",2026-06-08 19:29:30.5,NA,NA,NA,NA,NA,-22.8137856447177,0.00397697235939839,0.00144300541298361,599.517871867275,0.0894217154398173,0.00780674078000158,0.115796035085511,0.193572601034058,-27.1037641765574,0.229899168171595,0.183849069531808,-22.8012228570107,TRUE,0.00408562591557715,0.00152282278110638,0.177329177625435,2026-06-08 19:29:01,2026-06-08 19:30:00,NA
"30","2026-06-08 20:28:30","Collar_30_2026-06-08 20:28:30",2026-06-08 20:29:29.5,NA,NA,NA,NA,NA,-39.6922960733382,-0.00171535594120127,0.0012536681542611,601.00189081215,0.0776886600269255,0.176505065412524,0.0312693156582894,0.168173870499988,-35.9869691961994,0.0360153001011179,0.170730866787507,-39.6713362462481,TRUE,-0.00189344354653219,0.00129706866099443,0.157494581907115,2026-06-08 20:29:00,2026-06-08 20:29:59,NA
"30","2026-06-08 21:28:29","Collar_30_2026-06-08 21:28:29",2026-06-08 21:29:28.5,NA,NA,NA,NA,NA,-34.3770377504227,-0.00235043760934549,0.0013104460779535,600.093438076623,0.0812071356265338,0.0780879373372636,0.0525516887932132,0.175790370252215,-32.3557457705478,0.0832874863339435,0.175976177969831,-34.1316169562709,TRUE,-0.0026330149348089,0.00130458851793691,0.178330723152567,2026-06-08 21:28:59,2026-06-08 21:29:58,NA
"30","2026-06-08 22:28:30","Collar_30_2026-06-08 22:28:30",2026-06-08 22:29:29.5,NA,NA,NA,NA,NA,-15.2855657524136,-0.00434854285930944,0.00153643254016838,599.439975301914,0.0952113084006655,0.00637964771664607,0.121352125103903,0.206105424441076,-11.4980799556807,0.12445870613606,0.209382456530167,-15.2805869440872,TRUE,-0.0043228174687589,0.00160563998492877,0.262305037804461,2026-06-08 22:29:00,2026-06-08 22:29:59,NA
"30","2026-06-08 23:28:31","Collar_30_2026-06-08 23:28:31",2026-06-08 23:29:30.5,NA,NA,NA,NA,NA,-26.6466186815793,-0.00435911431029421,0.00139764371179922,598.700006003084,0.0866106926268193,0.00282572071025504,0.143627693654714,0.187487535512761,-22.7731781238736,0.145432156578614,0.190605026684204,-26.5509175483756,TRUE,-0.00412972867365949,0.00148313900373873,0.182621483839351,2026-06-08 23:29:01,2026-06-08 23:30:00,NA
"31","2026-06-08 00:36:32","Collar_31_2026-06-08 00:36:32",2026-06-08 00:37:31.5,NA,NA,NA,NA,NA,-5.1898532650671,0.00533928134314156,0.00167128724374631,602.719391677756,0.103568130087241,0.00226449634301585,0.149637229690469,0.224195568454662,-19.1898119481063,0.370035331762052,0.196382590441885,-5.1570244043826,TRUE,0.00559166814595628,0.00169198113574432,0.207716367941707,2026-06-08 00:37:02,2026-06-08 00:38:01,NA
"31","2026-06-08 01:36:32","Collar_31_2026-06-08 01:36:32",2026-06-08 01:37:31.5,NA,NA,NA,NA,NA,145.309739400045,0.0127970234556371,0.00229832213891934,603.338696699143,0.142424904609704,1.64348340843511e-07,0.208066756710357,0.436015395033639,129.861026784647,0.326556235907243,0.405527409886171,148.779676681343,TRUE,0.00956910253298953,0.00178599140901156,0.269583448185376,2026-06-08 01:37:02,2026-06-08 01:38:01,NA
"31","2026-06-08 02:36:32","Collar_31_2026-06-08 02:36:32",2026-06-08 02:37:31.5,NA,NA,NA,NA,NA,100.439664931201,0.0123816194393543,0.00190640774281496,604.064251527014,0.118138330706456,2.0611588313184e-09,0.263336232953003,0.361665195232158,88.7247699909216,0.35375795784614,0.34165019656862,101.949924202825,TRUE,0.0105651500791982,0.00162313955290841,0.299961191014506,2026-06-08 02:37:02,2026-06-08 02:38:01,NA
"31","2026-06-08 03:36:30","Collar_31_2026-06-08 03:36:30",2026-06-08 03:37:29.5,NA,NA,NA,NA,NA,29.2396701098176,-0.00754142159792797,0.00141701714932003,601.457104258978,0.087811246693692,4.95555685236118e-07,0.193571023113586,0.268822756248052,-13.5208998658511,0.453822281879936,0.223132055243796,30.1168495638696,TRUE,-0.00643164297882954,0.00136222614212602,0.229196171029082,2026-06-08 03:37:00,2026-06-08 03:37:59,NA
"31","2026-06-08 04:36:30","Collar_31_2026-06-08 04:36:30",2026-06-08 04:37:29.5,NA,NA,NA,NA,NA,-40.2664961247241,-2.36842507798876e-05,0.00106071693917852,601.40162511102,0.0657316510693456,0.982223604183489,4.22509473292983e-06,0.20122893454451,-37.8467458267402,0.013086588743387,0.201624303230606,-39.3220994475884,TRUE,0.000637099375453438,0.00113233523507515,0.187852091931163,2026-06-08 04:37:00,2026-06-08 04:37:59,NA
"31","2026-06-08 05:36:32","Collar_31_2026-06-08 05:36:32",2026-06-08 05:37:31.5,NA,NA,NA,NA,NA,-16.7658004149779,0.0111847656651743,0.00116983721034268,599.329891706555,0.0724937336983925,2.20027735853485e-16,0.436517320195744,0.221930174519594,-33.5382957831561,0.526082873347434,0.205276521556757,-16.3381498452162,TRUE,0.0116311849972582,0.00116686846858608,0.181613169973956,2026-06-08 05:37:02,2026-06-08 05:38:01,NA
"31","2026-06-08 06:36:32","Collar_31_2026-06-08 06:36:32",2026-06-08 06:37:31.5,NA,NA,NA,NA,NA,212.286735009511,0.0184464923735785,0.00303815422119488,602.502223925726,0.188271616852939,1.58389019685051e-08,0.238043418984994,0.576369165355674,156.589125182224,0.536683923465258,0.453300627939292,214.09395654317,TRUE,0.0149546837536556,0.00301861291104964,0.527844333657986,2026-06-08 06:37:02,2026-06-08 06:38:01,NA
"31","2026-06-08 07:36:31","Collar_31_2026-06-08 07:36:31",2026-06-08 07:37:30.5,NA,NA,NA,NA,NA,313.228221409924,0.0719231928188617,0.0046266806725174,599.106337032723,0.286711136913422,2.47348922913135e-30,0.671909363514164,0.877729003676877,80.2563413844497,0.954463043179548,0.32980523306332,315.731823179464,TRUE,0.0781527372665507,0.00450253621436483,0.940517651348787,2026-06-08 07:37:01,2026-06-08 07:38:00,NA
"31","2026-06-08 08:35:41","Collar_31_2026-06-08 08:35:41",2026-06-08 08:36:40.5,NA,NA,NA,NA,NA,55.6820373897793,-0.0109744658004607,0.00158206442696103,600.481535428765,0.0980390743667806,2.30106368449365e-10,0.289666720666096,0.300133925705658,11.4274539182563,0.524858460054076,0.247575415893506,60.8600511057905,TRUE,-0.0136644640586872,0.00112299546710895,0.201068164581366,2026-06-08 08:36:11,2026-06-08 08:37:10,NA
"31","2026-06-08 09:31:32","Collar_31_2026-06-08 09:31:32",2026-06-08 09:32:31.5,-18.4121901786581,0.0150941853624281,0.0258222631315822,0.0827628816534056,0.200804661755076,-18.5506648874508,0.00346790298707456,0.00149519111874387,601.740804992994,0.0926556155267691,0.0239174606356107,0.0848773431005441,0.20057307567533,-15.2404136958106,0.095337185080687,0.202953400950459,-18.2871049276521,TRUE,0.00346243653293938,0.00164054542096721,0.179243370391564,2026-06-08 09:32:02,2026-06-08 09:33:01,NA
"31","2026-06-08 10:31:30","Collar_31_2026-06-08 10:31:30",2026-06-08 10:32:29.5,-10.7082837055719,0.00337310684700727,0.00160126933822905,0.158996407422224,0.214118976197023,-10.5445010542041,0.00524717370090572,0.00159835035499161,601.299272667301,0.0990482983162682,0.00174390052833819,0.156697574638587,0.214411417168363,-6.81808273888112,0.160534023111727,0.217709693044815,-10.3054263065148,TRUE,0.00548859680628894,0.00154109172180566,0.220370390200958,2026-06-08 10:32:00,2026-06-08 10:32:59,NA
"31","2026-06-08 11:31:29","Collar_31_2026-06-08 11:31:29",2026-06-08 11:32:28.5,-8.41542273101451,0.0173007306481891,2.50971629450462e-05,0.265627918475965,0.218249520753457,-7.74196321142153,0.00733475823234269,0.00163611830848137,600.063869378839,0.101388743583707,3.52491463329129e-05,0.257338653646651,0.219477816037672,-5.32602023205946,0.276689060469887,0.220433562637303,-7.71889993718061,TRUE,0.00745099968375491,0.00169341210383625,0.232909181709511,2026-06-08 11:31:59,2026-06-08 11:32:58,NA
"31","2026-06-08 12:31:30","Collar_31_2026-06-08 12:31:30",2026-06-08 12:32:29.5,-16.0917489202429,0.0262193110510875,1.46537783456484e-07,0.38147390476175,0.204725409202766,-18.3627544640088,0.0093985740014124,0.00149753430285346,600.497634209236,0.0928008204863529,4.75893902098002e-08,0.404447652701228,0.200887403146811,-15.4944351350421,0.415575299623848,0.202524234391944,-18.359392874641,TRUE,0.00937525057585918,0.00153091931659242,0.219551650534244,2026-06-08 12:32:00,2026-06-08 12:32:59,NA
"31","2026-06-08 13:31:30","Collar_31_2026-06-08 13:31:30",2026-06-08 13:32:29.5,NA,NA,NA,NA,NA,-25.5501324709086,0.00557812862612688,0.00141047304462639,599.340929049653,0.087405714557459,0.000210938129306701,0.212388702087848,0.189208532054105,-23.2839386299036,0.23482243188183,0.189795471444231,-25.2967486237358,TRUE,0.00488109010269677,0.00148143792205164,0.163519004293926,2026-06-08 13:32:00,2026-06-08 13:32:59,NA
"31","2026-06-08 14:31:30","Collar_31_2026-06-08 14:31:30",2026-06-08 14:32:29.5,-47.437340825361,0.00625943240709144,0.00012969164548561,0.224820769498701,0.15766244886333,-47.9774514717283,0.00489431076869755,0.00117003166876165,600.029769306599,0.072505784107386,9.85605299281395e-05,0.231767498490681,0.156954417063566,-46.5573664330399,0.264100293586157,0.156335102223861,-47.8320350471226,TRUE,0.00523905991247382,0.000878413327009799,0.0889732024854311,2026-06-08 14:32:00,2026-06-08 14:32:59,NA
"31","2026-06-08 15:31:28","Collar_31_2026-06-08 15:31:28",2026-06-08 15:32:27.5,NA,NA,NA,NA,NA,-41.4504266316678,0.0017712096074015,0.00123543444979279,600.675151729406,0.0765587341668362,0.157034681711219,0.0342253814950497,0.165727902128241,-37.7255911207744,0.0386443555354507,0.168275063319265,-41.2615039072799,TRUE,0.00130331716627782,0.00139964771207436,0.148457555293044,2026-06-08 15:31:58,2026-06-08 15:32:57,NA
"31","2026-06-08 16:31:31","Collar_31_2026-06-08 16:31:31",2026-06-08 16:32:30.5,-37.7373217677412,0.00916192719231221,0.0338975777832196,0.0752677894834419,0.170936106455004,-38.1997877313641,0.002896297531359,0.0012693581092732,600.214974771645,0.0786609520777601,0.0261945819463121,0.0823680104576869,0.17027860647289,-36.2151745276164,0.112679144997233,0.17040649453277,-37.8949302646902,TRUE,0.00264795778235138,0.00120078426057738,0.146730615340711,2026-06-08 16:32:01,2026-06-08 16:33:00,NA
"31","2026-06-08 17:31:30","Collar_31_2026-06-08 17:31:30",2026-06-08 17:32:29.5,NA,NA,NA,NA,NA,-50.8603135194326,0.00055581978905465,0.00114225795454501,601.035535532223,0.0707846726361184,0.628377372853205,0.00406576521252286,0.153228699853555,-52.2779035246062,0.0900514501176331,0.14905727859106,-50.8592960462628,TRUE,0.000558228241937715,0.00124388354092867,0.149474956771371,2026-06-08 17:32:00,2026-06-08 17:32:59,NA
"31","2026-06-08 18:31:30","Collar_31_2026-06-08 18:31:30",2026-06-08 18:32:29.5,NA,NA,NA,NA,NA,-58.0719106657831,0.000528974104350478,0.00107563407239038,599.64013441509,0.0666560520655212,0.624731797710457,0.00415245167812939,0.144291409637163,-54.1123697116716,0.00482374268197678,0.146795936300957,-58.064277916187,TRUE,0.000602389395579166,0.00106292996984602,0.125182461090082,2026-06-08 18:32:00,2026-06-08 18:32:59,NA
"31","2026-06-08 19:31:31","Collar_31_2026-06-08 19:31:31",2026-06-08 19:32:30.5,NA,NA,NA,NA,NA,-28.0772592727876,0.000913123330756162,0.00138107992951784,599.846082074939,0.0855842503055047,0.511123698952938,0.00748052868795766,0.185265579593317,-25.7635778822662,0.0349872432696055,0.185913844694484,-28.0017351711914,TRUE,0.000895248982882586,0.00141770295977405,0.198032962792434,2026-06-08 19:32:01,2026-06-08 19:33:00,NA
"31","2026-06-08 20:31:31","Collar_31_2026-06-08 20:31:31",2026-06-08 20:32:30.5,NA,NA,NA,NA,NA,-34.2247303620653,0.00199108478637157,0.00131211038908972,600.219492765595,0.0813102714536675,0.134580841013718,0.0381858048254519,0.176013630007632,-30.2260180795073,0.0382064470191852,0.179127235143465,-34.195438412143,TRUE,0.00207133165595876,0.00122538336073848,0.172823661364695,2026-06-08 20:32:01,2026-06-08 20:33:00,NA
"31","2026-06-08 21:31:29","Collar_31_2026-06-08 21:31:29",2026-06-08 21:32:28.5,NA,NA,NA,NA,NA,-4.27959202690374,0.00298722001092665,0.00168401301509309,599.245403208419,0.104356734408392,0.0813339899782723,0.051460158118793,0.225902672695295,-2.26082204409029,0.0822699415953456,0.226136695661883,-4.11968502793845,TRUE,0.00274037493143166,0.00175652708537451,0.216532435441204,2026-06-08 21:31:59,2026-06-08 21:32:58,NA
"31","2026-06-08 22:31:29","Collar_31_2026-06-08 22:31:29",2026-06-08 22:32:28.5,NA,NA,NA,NA,NA,-9.59505475171492,-0.00150819400718599,0.00161104674797753,599.487511708357,0.0998350820874748,0.353073642670677,0.0148852780752416,0.216114580435751,-7.92235068878576,0.0523645918408824,0.215715467478196,-9.57279486111319,TRUE,-0.00134143247193126,0.00170366211030133,0.267647660390063,2026-06-08 22:31:59,2026-06-08 22:32:58,NA
"31","2026-06-08 23:31:30","Collar_31_2026-06-08 23:31:30",2026-06-08 23:32:29.5,-19.6569851489923,-0.00834169768420005,0.199102664780288,0.0282683707047745,0.198732423030331,-20.333523950826,-0.00226503888794189,0.00147314103317748,598.512372975844,0.0912891920475502,0.129594865565736,0.039163731684419,0.197615157168786,-19.549376608651,0.0893064302284104,0.195795035818738,-20.2960731355067,TRUE,-0.00206508954527917,0.00152073728142401,0.189251443726885,2026-06-08 23:32:00,2026-06-08 23:32:59,NA
"32","2026-06-08 00:39:32","Collar_32_2026-06-08 00:39:32",2026-06-08 00:40:31.5,-46.970964379242,0.00399828162070777,0.00779566855340904,0.115835134141605,0.158276391563837,-48.2336246359477,0.00350139008334893,0.00116753657698384,602.825419675297,0.0723511655696145,0.00398606318184827,0.134247381799904,0.156619711870567,-47.0155608307694,0.173472157251621,0.155739308170561,-48.160766989315,TRUE,0.00365465514371869,0.00128714766881027,0.139565934320545,2026-06-08 00:40:02,2026-06-08 00:41:01,NA
"32","2026-06-08 01:39:30","Collar_32_2026-06-08 01:39:30",2026-06-08 01:40:29.5,NA,NA,NA,NA,NA,125.613163349719,0.0059120949646809,0.00211723350288286,604.174690517153,0.131203008741998,0.006105973667152,0.061983187052323,0.40166101457474,104.635262638797,0.238249784699024,0.365067079424962,127.221726434822,TRUE,0.00443287181806123,0.00163962592248181,0.269692670414648,2026-06-08 01:40:00,2026-06-08 01:40:59,NA
"32","2026-06-08 02:39:32","Collar_32_2026-06-08 02:39:32",2026-06-08 02:40:31.5,71.8562886842896,-0.00684812918054669,0.00412224184554809,0.067637042813672,0.321057908697611,73.0755198997756,0.0045897359642766,0.00170097809789682,604.148439926961,0.105408044953202,0.00799197411928919,0.058115704906876,0.322693074542968,57.9009247681215,0.197209209381278,0.300472041030004,75.7118193277948,TRUE,0.00211174364757741,0.00144162307030941,0.262701490523179,2026-06-08 02:40:02,2026-06-08 02:41:01,NA
"32","2026-06-08 03:39:30","Collar_32_2026-06-08 03:39:30",2026-06-08 03:40:29.5,68.4992598637542,0.00433476434425742,0.00524731221455313,0.0641632073541018,0.316598334768918,65.0211923386192,-0.00564983846865941,0.00164484102653544,601.39342749319,0.101929282381881,0.000818853571550282,0.0908980915498084,0.312043293587034,20.3569500000266,0.393974632606628,0.256960269600094,65.913629182302,TRUE,-0.00433360791036387,0.00134528415984759,0.23873187157123,2026-06-08 03:40:00,2026-06-08 03:40:59,NA
"32","2026-06-08 04:39:28","Collar_32_2026-06-08 04:39:28",2026-06-08 04:40:27.5,NA,NA,NA,NA,NA,-99.5154443161898,-0.00389825005436667,0.000828676374825267,601.447069793198,0.0513523111657003,6.98441202337485e-06,0.157921127527153,0.157208448200552,-100.524320142193,0.192346563940392,0.1552830407479,-99.5145309028877,TRUE,-0.00387341815712796,0.000839200841048012,0.158714403511901,2026-06-08 04:39:58,2026-06-08 04:40:57,NA
"32","2026-06-08 05:39:31","Collar_32_2026-06-08 05:39:31",2026-06-08 05:40:30.5,NA,NA,NA,NA,NA,23.427885955788,-0.00670353409366813,0.00138311513013597,600.349925271944,0.0857103698119874,3.85949668514687e-06,0.166021338886181,0.262391193832731,-25.5492392739434,0.463679584672438,0.212224715339228,23.4924015048413,TRUE,-0.00637210931778215,0.00151441041288442,0.226690028173895,2026-06-08 05:40:01,2026-06-08 05:41:00,NA
"32","2026-06-08 06:39:31","Collar_32_2026-06-08 06:39:31",2026-06-08 06:40:30.5,NA,NA,NA,NA,NA,17.833283787076,-0.0140142445253332,0.001351246437489,601.295858323165,0.0837354963016904,2.63040320200276e-18,0.476868779488419,0.256345374415872,-23.6546703234811,0.641916554231012,0.213906655069938,17.9310911878826,TRUE,-0.0138070666764367,0.00146793258215074,0.282822178876799,2026-06-08 06:40:01,2026-06-08 06:41:00,NA
"32","2026-06-08 07:39:30","Collar_32_2026-06-08 07:39:30",2026-06-08 07:40:29.5,NA,NA,NA,NA,NA,238.211197998512,-0.0597260471994644,0.00338471180105473,603.91099320154,0.209747470658411,6.87300298042251e-35,0.72518214072586,0.642114709692442,-2.66258678756492,0.96428775328848,0.233459063152409,243.442444867047,TRUE,-0.0539613326459762,0.00311901690385047,0.536574530761675,2026-06-08 07:40:00,2026-06-08 07:40:59,NA
"32","2026-06-08 08:38:39","Collar_32_2026-06-08 08:38:39",2026-06-08 08:39:38.5,NA,NA,NA,NA,NA,17.2516942914869,0.0165301553467111,0.00134797594037857,599.173832650668,0.0835328266101392,8.56760284545329e-23,0.560324633424936,0.255724927410026,12.3888687180195,0.591627490400823,0.248569166114524,17.5916062762079,TRUE,0.0169254835094749,0.00120626457549353,0.224540601895319,2026-06-08 08:39:09,2026-06-08 08:40:08,NA
"32","2026-06-08 09:34:30","Collar_32_2026-06-08 09:34:30",2026-06-08 09:35:29.5,NA,NA,NA,NA,NA,-17.9150541724866,-0.00453993412872551,0.00150313179255109,606.234095489312,0.0931476917637677,0.00375131583125805,0.13590582355864,0.201638280884539,-16.7995044378088,0.176463730063966,0.2003336001786,-17.7861209357061,TRUE,-0.00506255601315875,0.00146962874976215,0.1831663695113,2026-06-08 09:35:00,2026-06-08 09:35:59,NA
"32","2026-06-08 10:34:29","Collar_32_2026-06-08 10:34:29",2026-06-08 10:35:20,-9.51453859382953,-0.0512429489078796,0.0140190451216866,0.138427894210022,0.206898670457514,-8.49752592034112,-0.00601999072649433,0.00257275813682297,601.977396441527,0.13503917063679,0.0242380659379855,0.117807569001196,0.209359922380954,-9.46940007719532,0.214134838425332,0.2026028396117,-8.48600851912,TRUE,-0.00601569524480962,0.00267515762134956,0.236499866922266,2026-06-08 10:34:59,2026-06-08 10:35:41,"Time changed"
"32","2026-06-08 11:34:27","Collar_32_2026-06-08 11:34:27",2026-06-08 11:35:26.5,NA,NA,NA,NA,NA,-22.9882633262076,0.00723281123960837,0.00144090883555422,599.88527458114,0.0892917924689108,5.23296530756554e-06,0.302855791777447,0.193291354725052,-19.0397355160461,0.303453594306245,0.196628347406991,-22.9017138566678,TRUE,0.00688072556185678,0.00143820616192447,0.17476883462794,2026-06-08 11:34:57,2026-06-08 11:35:56,NA
"32","2026-06-08 12:34:28","Collar_32_2026-06-08 12:34:28",2026-06-08 12:35:27.5,-12.3357101141194,0.0242694679733934,0.120624189270264,0.0410307136233023,0.211234721071103,-12.443318561048,0.00253200353018161,0.00157325793957053,599.829671670362,0.0974933444600371,0.112958626639276,0.0427490588515294,0.211045383974321,-9.62131494462053,0.0613597359028782,0.212682878646038,-12.3918569246408,TRUE,0.00227008919570576,0.00167112191841136,0.241139510472218,2026-06-08 12:34:58,2026-06-08 12:35:57,NA
"32","2026-06-08 13:34:28","Collar_32_2026-06-08 13:34:28",2026-06-08 13:35:27.5,NA,NA,NA,NA,NA,-44.5369462859921,0.00264613519532591,0.00120406302553783,598.918474361295,0.0746146759204655,0.0319789202253417,0.0768705895715915,0.161519568509715,-43.6860472834946,0.124071545755198,0.160120947918668,-44.3027015541633,TRUE,0.0024080185723216,0.00121187047463413,0.149925196781512,2026-06-08 13:34:58,2026-06-08 13:35:57,NA
"32","2026-06-08 14:34:28","Collar_32_2026-06-08 14:34:28",2026-06-08 14:35:27.5,NA,NA,NA,NA,NA,-41.1876886635919,-0.00161701744375002,0.00123814237599888,599.778832364412,0.0767265418579606,0.196707676444275,0.0285675404939548,0.166091158090003,-37.8957463354041,0.0399640004052789,0.168036625077876,-41.1473992624387,TRUE,-0.00167692318246493,0.00128174480612341,0.179989996025647,2026-06-08 14:34:58,2026-06-08 14:35:57,NA
"32","2026-06-08 15:34:26","Collar_32_2026-06-08 15:34:26",2026-06-08 15:35:25.5,NA,NA,NA,NA,NA,-23.2269937565505,-0.00153953380873307,0.00143804511185371,600.354131175058,0.0891143301506542,0.288795930732443,0.019377918091488,0.192907199239312,-21.4668390243052,0.0553104138444004,0.192691318591287,-22.8006379323041,TRUE,-0.00245883580230896,0.00115675612575904,0.124909105204616,2026-06-08 15:34:56,2026-06-08 15:35:55,NA
"32","2026-06-08 16:34:29","Collar_32_2026-06-08 16:34:29",2026-06-08 16:35:28.5,NA,NA,NA,NA,NA,-45.9018196387374,0.000316995509220029,0.00119044566772203,599.820483864123,0.0737708208075943,0.790965593356465,0.00122103596200278,0.159692862006815,-44.1405345907279,0.0378007199019197,0.159515653732308,-45.3760278100236,TRUE,-0.000134775056955137,0.00115243271528261,0.125738668433646,2026-06-08 16:34:59,2026-06-08 16:35:58,NA
"32","2026-06-08 17:34:28","Collar_32_2026-06-08 17:34:28",2026-06-08 17:35:27.5,NA,NA,NA,NA,NA,-49.2284132349515,-0.00245668769270737,0.00115789781708813,600.480868687251,0.0717538605028199,0.0381482502822623,0.0720226062536842,0.155326716149991,-54.4551766500471,0.204295423385278,0.146377179176864,-49.1728568316796,TRUE,-0.00271059609364373,0.00117152862367567,0.168503774445408,2026-06-08 17:34:58,2026-06-08 17:35:57,NA
"32","2026-06-08 18:34:29","Collar_32_2026-06-08 18:34:29",2026-06-08 18:35:28.5,-37.8170818538386,-0.00804118419548729,0.456017669242957,0.00961653292563846,0.170822528550216,-37.6583723271818,-0.00081493685417099,0.00127509813205408,599.404819533109,0.0790166559989732,0.525262986280266,0.006993343557822,0.171048604374279,-35.6901059876908,0.0400558173358265,0.171153753927857,-37.5981002141388,TRUE,-0.000507721534876641,0.00127742482520057,0.157173355302335,2026-06-08 18:34:59,2026-06-08 18:35:58,NA
"32","2026-06-08 19:34:31","Collar_32_2026-06-08 19:34:31",2026-06-08 19:35:30.5,NA,NA,NA,NA,NA,-40.4214929608832,-0.000636954925259696,0.00124607316268194,599.886968848021,0.0772180053989879,0.611172656028929,0.00448487336866139,0.167155036986557,-38.5398723120079,0.0390196167805126,0.167137068559629,-40.3592378915756,TRUE,-0.000332054762506063,0.00127798612284441,0.150615170889787,2026-06-08 19:35:01,2026-06-08 19:36:00,NA
"32","2026-06-08 20:34:31","Collar_32_2026-06-08 20:34:31",2026-06-08 20:35:30.5,-22.1164867470908,0.00481022395144189,0.527686311640083,0.00691213954751242,0.194700691772547,-22.0144183595821,0.000801497009484993,0.0014526499279387,601.016865007267,0.0900193771423369,0.583240564695188,0.00522132051932555,0.194866368769626,-18.6200313634334,0.0152116650842518,0.197317265912267,-21.6255986317168,TRUE,0.00153778619740349,0.001304829299384,0.165437537721431,2026-06-08 20:35:01,2026-06-08 20:36:00,NA
"32","2026-06-08 21:34:29","Collar_32_2026-06-08 21:34:29",2026-06-08 21:35:28.5,-17.9896580913605,0.0024070444394996,0.180707971013445,0.0306792588904496,0.201512961461168,-17.3941644798345,-0.00168434168434042,0.00150967068961287,599.440216116301,0.0935529011878541,0.269151267364187,0.0210109546612873,0.202515444130605,-17.5817536878909,0.087007834637136,0.199031924030463,-17.3318901571322,TRUE,-0.00180652526842217,0.00157949580278546,0.210706382623546,2026-06-08 21:34:59,2026-06-08 21:35:58,NA
"32","2026-06-08 22:34:27","Collar_32_2026-06-08 22:34:27",2026-06-08 22:35:26.5,NA,NA,NA,NA,NA,-17.4200202360993,-0.000818858392417528,0.00150934544400866,599.349309899967,0.0935327460175371,0.589535197612449,0.00504909995352853,0.202471813914797,-13.5934089757485,0.00792017090362528,0.205758147964039,-17.2048367980524,TRUE,-0.00143480890147053,0.00148140966895993,0.206714373865553,2026-06-08 22:34:57,2026-06-08 22:35:56,NA
"32","2026-06-08 23:34:28","Collar_32_2026-06-08 23:34:28",2026-06-08 23:35:27.5,NA,NA,NA,NA,NA,-37.1869306321148,-0.00200439261293519,0.00128011743876473,598.490803874376,0.0793276978095903,0.12283847016714,0.040556222425131,0.17172192149882,-35.0457389695381,0.0698242198237848,0.172075274486864,-37.0708967747696,TRUE,-0.00224918033741862,0.00132308280253006,0.148545172214086,2026-06-08 23:34:58,2026-06-08 23:35:57,NA
"38","2026-06-08 00:22:49","Collar_38_2026-06-08 00:22:49",2026-06-08 00:24:18.5,NA,NA,NA,NA,NA,49.3840660238384,0.00146294279623347,0.00263366600777138,636.276076352493,0.16320585507958,0.580704285538948,0.00529177061100902,0.353294294527418,53.3312971243872,0.00616621366866224,0.359389703292472,49.4171993145135,TRUE,0.00171074365327645,0.00265875433588008,0.390611347355154,2026-06-08 00:23:49,2026-06-08 00:24:48,"Time changed"
"38","2026-06-08 00:44:00","Collar_38_2026-06-08 00:44:00",2026-06-08 00:45:29.5,176.722488901057,-0.557225055254947,4.41983933106608e-20,0.768499084506036,1.02091537379694,191.685199123714,-0.100996889829561,0.00862115934768509,640.493846951657,0.534245298744955,6.37859549208215e-17,0.702931624796399,1.15648924379983,162.104737692759,0.83025658477599,0.889671828133973,191.792105581579,TRUE,-0.0983299838384366,0.00872451620136224,1.228785805111,2026-06-08 00:45:00,2026-06-08 00:45:59,"Time changed"
"38","2026-06-08 01:43:58","Collar_38_2026-06-08 01:43:58",2026-06-08 01:45:27.5,356.174028713063,-0.284064701625185,2.06026603636829e-37,0.750882761445027,1.04972001782815,382.951225816167,-0.099932393722133,0.00618639305672131,642.55125153792,0.383365075792184,1.12196733911081e-31,0.688603527202126,1.17362251652329,331.290191445175,0.804174299714196,0.938681895743592,383.441759378361,TRUE,-0.0959434968595227,0.00603578473992755,1.31904333616663,2026-06-08 01:44:58,2026-06-08 01:45:57,"Time changed"
"38","2026-06-08 02:43:56","Collar_38_2026-06-08 02:43:56",2026-06-08 02:45:25.5,NA,NA,NA,NA,NA,363.331038468968,-0.106161327674555,0.00570077101426325,644.134663836031,0.353271525413742,6.31520214663682e-37,0.746121434832507,1.08149501050756,293.042562801589,0.863300452679392,0.800399944435445,363.385588433256,TRUE,-0.106639189192885,0.00599302084644806,1.31231441056283,2026-06-08 02:44:56,2026-06-08 02:45:55,"Time changed"
"38","2026-06-08 03:44:02","Collar_38_2026-06-08 03:44:02",2026-06-08 03:45:31.5,NA,NA,NA,NA,NA,386.177436139029,-0.0448742197116721,0.00627011537115295,634.545339034785,0.388553270451544,7.56725938509799e-11,0.302684444380617,1.18950550236844,221.229514612045,0.829397089330641,0.593412931103518,393.212489369227,TRUE,-0.0317299625416443,0.00561709864908428,1.04012614081768,2026-06-08 03:45:02,2026-06-08 03:46:01,"Time changed"
"38","2026-06-08 04:43:59","Collar_38_2026-06-08 04:43:59",2026-06-08 04:45:28.5,NA,NA,NA,NA,NA,363.578820010585,-0.0665958256109989,0.00570665966115404,634.634330844023,0.353636439434061,2.16110091563087e-21,0.535771645373106,1.08261214750799,230.018717093715,0.852468400935447,0.615547537237899,363.587827708715,TRUE,-0.0661596953963986,0.00594178374437156,1.42322528688155,2026-06-08 04:44:59,2026-06-08 04:45:58,"Time changed"
"38","2026-06-08 05:44:01","Collar_38_2026-06-08 05:44:01",2026-06-08 05:45:30.5,328.690276469461,-0.567214814327873,1.63531093959867e-27,0.633911179178749,0.936138207870387,359.84983749368,-0.064213860174302,0.00561867812569995,636.256805621156,0.348184304773618,8.0663991657563e-21,0.525368367647356,1.06592114354163,220.675764661771,0.856056376602413,0.592045332846242,360.209394910787,TRUE,-0.0614975453101217,0.00565699737093788,1.29089207668225,2026-06-08 05:45:01,2026-06-08 05:46:00,"Time changed"
"38","2026-06-08 06:43:58","Collar_38_2026-06-08 06:43:58",2026-06-08 06:45:27.5,NA,NA,NA,NA,NA,486.279524862971,-0.130077711818202,0.00951516452129148,638.477734363762,0.589645975358261,4.42752071164753e-26,0.6129681299308,1.80512476789338,338.340271032074,0.890891086186688,0.966664981712543,486.280221873682,TRUE,-0.129880307277264,0.00965371644261476,2.3234435137346,2026-06-08 06:44:58,2026-06-08 06:45:57,"Time changed"
"38","2026-06-08 07:43:56","Collar_38_2026-06-08 07:43:56",2026-06-08 07:45:25.5,258.68653810591,-0.296014819223399,1.68646169094033e-33,0.709915267125562,0.699300731235404,293.080017359612,-0.0582379789546333,0.00425412390644364,633.429798678943,0.263624137501449,3.99775896607541e-26,0.61363389066034,0.807051145781603,174.114125354498,0.861333797666081,0.487639487277092,293.08001735962,TRUE,-0.0582379789546333,0.00425412390644364,1.07829304807644,2026-06-08 07:44:56,2026-06-08 07:45:55,"Time changed"
"38","2026-06-08 08:43:57","Collar_38_2026-06-08 08:43:57",2026-06-08 08:45:26.5,NA,NA,NA,NA,NA,63.5680905009995,0.0165655177003726,0.00296411053386906,631.558531743006,0.183683197794639,6.42455296584976e-07,0.35002019680429,0.39762192201839,55.4711003496207,0.468701086815299,0.365855708928089,63.5926777886231,TRUE,0.0161670329260808,0.00315507875691817,0.467040461478766,2026-06-08 08:44:57,2026-06-08 08:45:56,"Time changed"
"38","2026-06-08 09:43:56","Collar_38_2026-06-08 09:43:56",2026-06-08 09:45:25.5,NA,NA,NA,NA,NA,22.5894682132216,0.00944818831122415,0.00210662782074792,629.709537964839,0.13054578439524,3.50099585586523e-05,0.257505582988545,0.282594523210922,22.9205173542707,0.30154820056975,0.278936500592077,22.6033653754106,TRUE,0.0092566938294597,0.00215226909803707,0.329243897773147,2026-06-08 09:44:56,2026-06-08 09:45:55,"Time changed"
"38","2026-06-08 10:43:56","Collar_38_2026-06-08 10:43:56",2026-06-08 10:45:25.5,NA,NA,NA,NA,NA,26.058142379148,-0.00326427353790737,0.0021684098216764,629.046133014016,0.134374358048964,0.13765415117773,0.0376025108342307,0.290882297123071,28.1881809061549,0.0671340341738434,0.291453757178254,26.2018178029407,TRUE,-0.00255949107630526,0.00209844987042832,0.324411377856417,2026-06-08 10:44:56,2026-06-08 10:45:55,"Time changed"
"38","2026-06-08 11:43:56","Collar_38_2026-06-08 11:43:56",2026-06-08 11:45:25.5,NA,NA,NA,NA,NA,34.0261185852807,0.000666345459258254,0.00231727957245957,629.542185484205,0.143599679293327,0.774712304885516,0.00142362403857725,0.310852495859059,37.7001751733195,0.00683357277601809,0.315496621849371,34.0560353298076,TRUE,0.0003892460268683,0.00252674891357831,0.352445108961481,2026-06-08 11:44:56,2026-06-08 11:45:55,"Time changed"
"38","2026-06-08 12:43:58","Collar_38_2026-06-08 12:43:58",2026-06-08 12:45:27.5,NA,NA,NA,NA,NA,27.309352109125,-0.000616788657337293,0.00219113756622747,630.255498430984,0.135782775430872,0.779334606514012,0.00136430841481751,0.293931120494628,29.591366358256,0.0295528514140492,0.294881791082446,27.6178822020094,TRUE,-0.000570872815614874,0.00219368259817769,0.244973214650246,2026-06-08 12:44:58,2026-06-08 12:45:57,"Time changed"
"38","2026-06-08 13:43:56","Collar_38_2026-06-08 13:43:56",2026-06-08 13:45:25.5,NA,NA,NA,NA,NA,23.0618329112876,0.00199031268039825,0.00211493663510061,628.894983633506,0.131060673962531,0.350569911546682,0.0150396815364388,0.283709112796858,25.9192713235621,0.0336185216251169,0.285994842054846,23.1814889291703,TRUE,0.00227668343550285,0.00208980166676295,0.279479761884842,2026-06-08 13:44:56,2026-06-08 13:45:55,"Time changed"
"38","2026-06-08 14:43:53","Collar_38_2026-06-08 14:43:53",2026-06-08 14:45:22.5,NA,NA,NA,NA,NA,19.6202299167007,-0.000584722756127671,0.00205514175752128,628.746022516345,0.127355240511243,0.777027592216315,0.00139374304781953,0.275687902427582,22.2461640436668,0.024003045628623,0.277373382159206,19.7066856622543,TRUE,-0.000952208712653758,0.0021339610656029,0.295646862376755,2026-06-08 14:44:53,2026-06-08 14:45:52,"Time changed"
"38","2026-06-08 15:43:58","Collar_38_2026-06-08 15:43:58",2026-06-08 15:45:27.5,39.2841751485866,0.0219404928130203,7.1553531060856e-14,0.622290935184535,0.324775978539368,45.3116742750345,0.0228952209838834,0.00254578791901071,631.532048282186,0.157760130915382,1.35986145868489e-12,0.582375564808784,0.341505849340553,40.1578062423806,0.641467941139974,0.322024694481704,46.1320374776805,TRUE,0.0249024651785751,0.0024665301155578,0.270385714038652,2026-06-08 15:44:58,2026-06-08 15:45:57,"Time changed"
"38","2026-06-08 16:43:55","Collar_38_2026-06-08 16:43:55",2026-06-08 16:45:24.5,NA,NA,NA,NA,NA,15.4925971133334,-0.0056985036482001,0.00198565311915405,630.35656326764,0.123049093638567,0.00572174132063378,0.124342896092652,0.266366318218658,19.040955528523,0.130909536390638,0.270062787319596,15.5729512555528,TRUE,-0.00554477896585,0.00210429310079809,0.289254549448471,2026-06-08 16:44:55,2026-06-08 16:45:54,"Time changed"
"38","2026-06-08 17:43:55","Collar_38_2026-06-08 17:43:55",2026-06-08 17:45:24.5,NA,NA,NA,NA,NA,47.1547055909758,-0.0105847078042224,0.0025851894443318,628.279038001046,0.160201807123563,0.000132775535091905,0.224223699492381,0.346791384427593,50.5065218163689,0.232559353306309,0.351028539750428,47.2333051871669,TRUE,-0.0106032777724778,0.00252178684637465,0.396064032541075,2026-06-08 17:44:55,2026-06-08 17:45:54,"Time changed"
"38","2026-06-08 18:43:59","Collar_38_2026-06-08 18:43:59",2026-06-08 18:45:28.5,30.4957798182144,-0.0186275811318756,1.20330715624929e-11,0.550184022136177,0.301840586911659,31.8526780530393,-0.0187738413038549,0.00227568679586033,631.094969421086,0.141022213263093,2.33918939522392e-11,0.539895548757123,0.305273014397589,30.113007791789,0.581870011854812,0.296166435911238,32.0228865073129,TRUE,-0.0192153817969137,0.00227973072404073,0.255765472791314,2026-06-08 18:44:59,2026-06-08 18:45:58,"Time changed"
"38","2026-06-08 19:44:01","Collar_38_2026-06-08 19:44:01",2026-06-08 19:45:30.5,NA,NA,NA,NA,NA,39.4409182202998,-0.0193531538174037,0.00242423795552857,629.976693947504,0.150227791709706,6.53520581678561e-11,0.523540911983061,0.325200475587185,36.458684519109,0.575882178144002,0.312249397412567,39.4488796621115,TRUE,-0.0191774951357562,0.00247917562965964,0.432419494528103,2026-06-08 19:45:01,2026-06-08 19:46:00,"Time changed"
"38","2026-06-08 20:43:59","Collar_38_2026-06-08 20:43:59",2026-06-08 20:45:28.5,NA,NA,NA,NA,NA,23.5499325452447,-0.0234707224743502,0.00212355665247525,629.610260926068,0.131594848494258,6.67943693746894e-16,0.678062027672561,0.284865448850177,26.8467270654336,0.681813145451555,0.288213802276757,23.6578822487036,TRUE,-0.0238007977338544,0.00211997241647797,0.253198144724002,2026-06-08 20:44:59,2026-06-08 20:45:58,"Time changed"
"38","2026-06-08 21:44:00","Collar_38_2026-06-08 21:44:00",2026-06-08 21:45:29.5,27.0543225673502,-0.0108481220803422,4.05758711631127e-18,0.729687349270577,0.293307107828325,24.9828394088366,-0.0275301586523183,0.00214906580791195,631.93382812465,0.133175627345153,1.48201223485927e-18,0.738860555326839,0.288287385818421,24.9351394621401,0.755896364774198,0.283658961571519,25.0185533859686,TRUE,-0.027468267753705,0.00212923234943316,0.258030879398388,2026-06-08 21:45:00,2026-06-08 21:45:59,"Time changed"
"38","2026-06-08 22:43:59","Collar_38_2026-06-08 22:43:59",2026-06-08 22:45:28.5,NA,NA,NA,NA,NA,24.8048694331129,-0.0189004721845804,0.00214588092697013,628.230475755968,0.132978263208659,2.75626845237464e-12,0.572199437563699,0.287860148552126,20.7135296697828,0.626169887843435,0.273853309279826,24.8699418984908,TRUE,-0.0189001961409475,0.00213625640682501,0.271276863984162,2026-06-08 22:44:59,2026-06-08 22:45:58,"Time changed"
"38","2026-06-08 23:43:57","Collar_38_2026-06-08 23:43:57",2026-06-08 23:45:26.5,22.555803444458,-0.00831481506357024,6.18705554504659e-10,0.485764323642754,0.282515255336355,20.6095563701545,-0.015849930482435,0.00207215517798614,627.106015667849,0.128409546496362,2.37785130028045e-10,0.502177183555138,0.277970175260544,20.9924832549877,0.531301515493599,0.274490652801769,20.6883149020971,TRUE,-0.0153624372031021,0.0022052939517129,0.283263912131348,2026-06-08 23:44:57,2026-06-08 23:45:56,"Time changed"
"40","2026-06-08 00:19:48","Collar_40_2026-06-08 00:19:48",2026-06-08 00:20:47.5,NA,NA,NA,NA,NA,20.9363752968611,-0.000272426891957573,0.0020778063660668,636.309007833671,0.12875974541308,0.89613985170504,0.000296300996281242,0.278728256391677,24.1604964508348,0.0131405579916426,0.28183373887508,21.0423266345704,TRUE,-0.00034345972993028,0.00219723724708366,0.247598420553758,2026-06-08 00:20:18,2026-06-08 00:21:17,NA
"40","2026-06-08 00:41:01","Collar_40_2026-06-08 00:41:01",2026-06-08 00:42:00.5,NA,NA,NA,NA,NA,87.7486151385105,-0.0096065730503263,0.00362582326767769,634.932391095288,0.224688926015155,0.0103706997617023,0.107963808722225,0.486387670135614,48.5598402451926,0.565718131425557,0.345379973546548,87.8130480627157,TRUE,-0.00876963903923587,0.0036908546577475,0.439351100960477,2026-06-08 00:41:31,2026-06-08 00:42:30,NA
"40","2026-06-08 01:40:57","Collar_40_2026-06-08 01:40:57",2026-06-08 01:41:56.5,NA,NA,NA,NA,NA,208.884906538158,-0.0205366087525295,0.00299539431792714,637.178829368705,0.185621825058787,3.44914856967004e-10,0.284872687751573,0.568257171045055,111.522527453576,0.692715480024547,0.375695153535805,209.031319224573,TRUE,-0.0216724162520919,0.0031121644321116,0.622675376905255,2026-06-08 01:41:27,2026-06-08 01:42:26,NA
"40","2026-06-08 02:40:55","Collar_40_2026-06-08 02:40:55",2026-06-08 02:41:54.5,NA,NA,NA,NA,NA,220.673108135994,-0.0137185734429925,0.00314619374816962,637.176149322355,0.194966726760678,2.79201721215863e-05,0.138766844103232,0.596865377020453,87.624467150523,0.725131375016767,0.340087453737001,220.68344300014,TRUE,-0.0135576281815332,0.00339050766119743,0.716766100805273,2026-06-08 02:41:25,2026-06-08 02:42:24,NA
"40","2026-06-08 03:41:00","Collar_40_2026-06-08 03:41:00",2026-06-08 03:41:59.5,NA,NA,NA,NA,NA,255.951091274624,-0.0296540216631692,0.00364437537069041,633.653772878026,0.225838582739577,4.66292751190408e-13,0.359425366668802,0.691375564806416,160.492052581589,0.720349582094958,0.460732558249705,256.507943850394,TRUE,-0.0303476732031269,0.00380018131261343,0.707365642516851,2026-06-08 03:41:30,2026-06-08 03:42:29,NA
"40","2026-06-08 04:40:58","Collar_40_2026-06-08 04:40:58",2026-06-08 04:41:57.5,NA,NA,NA,NA,NA,221.88542730814,-0.0296430496572044,0.0031621264173764,632.614243370054,0.19595405958645,6.06849449469717e-16,0.426849047919413,0.599887968562559,132.075948733589,0.737722404175143,0.4092872809983,222.444547742844,TRUE,-0.0301274528821277,0.00344561954913352,0.584503795365442,2026-06-08 04:41:28,2026-06-08 04:42:27,NA
"40","2026-06-08 05:41:00","Collar_40_2026-06-08 05:41:00",2026-06-08 05:41:59.5,NA,NA,NA,NA,NA,200.660965575105,-0.0340090489124949,0.00289449153772491,634.822684417995,0.179368972770677,1.39895010869971e-21,0.539157082826204,0.549114873790523,103.876706347768,0.801023164310599,0.363915051256339,200.901707082964,TRUE,-0.0349159389033668,0.0029922779813459,0.572027288589333,2026-06-08 05:41:30,2026-06-08 05:42:29,NA
"40","2026-06-08 06:40:59","Collar_40_2026-06-08 06:40:59",2026-06-08 06:41:58.5,NA,NA,NA,NA,NA,259.370550696445,-0.0432355532964896,0.00369667117514924,633.47624225239,0.229079305541402,1.87568221841172e-21,0.536876967675304,0.70129661784489,140.729997013055,0.833334612733862,0.424314889073294,259.370897892159,TRUE,-0.0432455611208601,0.00381495252353631,0.901926493386958,2026-06-08 06:41:29,2026-06-08 06:42:28,NA
"40","2026-06-08 07:40:55","Collar_40_2026-06-08 07:40:55",2026-06-08 07:41:54.5,NA,NA,NA,NA,NA,267.418002221617,-0.0375130663564599,0.00382272599861988,632.973316012075,0.236890806768485,5.56389954906944e-17,0.449365770618757,0.725210516910967,151.962201369445,0.796512261276506,0.444645214765741,267.538377451632,TRUE,-0.0381453069994164,0.00388421009758448,0.836826609648056,2026-06-08 07:41:25,2026-06-08 07:42:24,NA
"40","2026-06-08 08:40:56","Collar_40_2026-06-08 08:40:56",2026-06-08 08:41:55.5,NA,NA,NA,NA,NA,78.1850586823984,0.0112039542989123,0.00334807337027594,630.828435930028,0.207477020872302,0.00144116724135783,0.161829315622507,0.449128786978805,50.7352608011818,0.503760604569849,0.35169829380809,78.2527399332747,TRUE,0.0118856709961853,0.00357713151395645,0.546276078152869,2026-06-08 08:41:26,2026-06-08 08:42:25,NA
"40","2026-06-08 09:40:55","Collar_40_2026-06-08 09:40:55",2026-06-08 09:41:54.5,NA,NA,NA,NA,NA,35.5271621270766,0.017323054176051,0.0023464477663151,629.652049265727,0.145407205382539,6.66628955823659e-10,0.484462066946422,0.314765276158619,32.2657097728013,0.54322694059516,0.301527361399765,35.6821238623792,TRUE,0.0168453402016638,0.00263207284316079,0.295537171621429,2026-06-08 09:41:25,2026-06-08 09:42:24,NA
"40","2026-06-08 10:40:57","Collar_40_2026-06-08 10:40:57",2026-06-08 10:41:56.5,NA,NA,NA,NA,NA,18.729883579665,-0.000689050075576637,0.00203994995261355,629.318654774161,0.126413818363237,0.736750054008086,0.00196327471296289,0.273649991021339,21.5624866733267,0.0211940020468305,0.275797592765442,19.1037861239318,TRUE,-8.39044246693685e-05,0.00210594638802383,0.231906756960001,2026-06-08 10:41:27,2026-06-08 10:42:26,NA
"40","2026-06-08 11:40:57","Collar_40_2026-06-08 11:40:57",2026-06-08 11:41:56.5,NA,NA,NA,NA,NA,37.5477905649626,0.00590058888541473,0.00238629311994842,630.20138696558,0.147876385222156,0.0163624961720304,0.0953649037184068,0.320110348791422,40.758058211625,0.107193878634272,0.323639529539387,37.7056076501009,TRUE,0.00624085127396667,0.00248758474539251,0.310287987614055,2026-06-08 11:41:27,2026-06-08 11:42:26,NA
"40","2026-06-08 12:40:57","Collar_40_2026-06-08 12:40:57",2026-06-08 12:41:56.5,NA,NA,NA,NA,NA,27.0168901454442,0.0064521080841887,0.00218580386517615,630.422057842765,0.135452250892738,0.00455321624854054,0.130607674646851,0.293215628801838,30.6545166647334,0.135842595813321,0.297505928859634,27.3289981868684,TRUE,0.00542848643816673,0.00224547813401755,0.298293146512404,2026-06-08 12:41:27,2026-06-08 12:42:26,NA
"40","2026-06-08 13:40:55","Collar_40_2026-06-08 13:40:55",2026-06-08 13:41:54.5,31.691874134847,0.0332904580635182,1.31004145803788e-10,0.512150929185535,0.304864212555724,33.8908038407173,0.0174156203812285,0.00231466802770984,629.405406370919,0.143437844272219,3.85689727258309e-10,0.493940169025889,0.310502169030502,35.3330438277413,0.515059806103878,0.309334086860155,33.8944396646271,TRUE,0.0172903388484938,0.00241129394302975,0.356091898820782,2026-06-08 13:41:25,2026-06-08 13:42:24,NA
"40","2026-06-08 14:40:54","Collar_40_2026-06-08 14:40:54",2026-06-08 14:41:53.5,35.1793641396149,0.0233907031552988,1.67064829603893e-19,0.757693948795903,0.31385430752097,32.3697473979165,0.0317383792517004,0.00228551368459041,627.917393588537,0.141631176500357,4.26679549151031e-20,0.768778839831183,0.306591246744079,35.3942149896191,0.772507838611983,0.309491813103826,32.4188742306973,TRUE,0.0314816879036296,0.00247376238694852,0.312194335903521,2026-06-08 14:41:24,2026-06-08 14:42:23,NA
"40","2026-06-08 15:40:57","Collar_40_2026-06-08 15:40:57",2026-06-08 15:41:56.5,NA,NA,NA,NA,NA,39.1548671538338,0.00535952762204058,0.00241846603891926,630.604025640258,0.149870111357341,0.0306230604868055,0.0780631747402859,0.324426199274037,34.0980248824904,0.207233021205697,0.30616680124367,39.2128832093884,TRUE,0.00504977561196811,0.00257320294506797,0.28567702257794,2026-06-08 15:41:27,2026-06-08 15:42:26,NA
"40","2026-06-08 16:40:56","Collar_40_2026-06-08 16:40:56",2026-06-08 16:41:55.5,NA,NA,NA,NA,NA,35.0894277325609,0.114398159721055,0.00233790401790575,627.408092719772,0.144877757168294,7.32790169193744e-49,0.976349061169563,0.313619171239471,38.3739321404206,0.976629421914615,0.317273004450661,35.095481858712,TRUE,0.114574738052865,0.00238078648109386,0.258468174201589,2026-06-08 16:41:26,2026-06-08 16:42:25,NA
"40","2026-06-08 17:40:54","Collar_40_2026-06-08 17:40:54",2026-06-08 17:41:53.5,38.3045874321475,0.0618621492022121,4.89011467499214e-43,0.962452241736153,0.322135549093454,18.9604745811199,0.0930886068780744,0.00204387367215369,627.822272916914,0.126656967646689,4.23226871198476e-47,0.972800140834574,0.274176340119048,20.593442281545,0.973852299354445,0.273579393621322,18.9912582600858,TRUE,0.0928448708217718,0.00225187373173341,0.295987440009397,2026-06-08 17:41:24,2026-06-08 17:42:23,NA
"40","2026-06-08 18:40:58","Collar_40_2026-06-08 18:40:58",2026-06-08 18:41:57.5,30.0993148194739,0.042869794290668,1.35026487829533e-10,0.5116496665339,0.30084498891703,29.4736642010221,0.0175687493989502,0.00223101531419474,634.148495416508,0.138253962717507,9.9329691392007e-11,0.51671548682144,0.299280538679724,33.3656720379064,0.517584553483232,0.304303973656664,29.682657772853,TRUE,0.0167295275904183,0.00241709195109337,0.259139469208701,2026-06-08 18:41:28,2026-06-08 18:42:27,NA
"40","2026-06-08 19:41:00","Collar_40_2026-06-08 19:41:00",2026-06-08 19:41:59.5,78.8975962757893,0.141338983653764,1.06124945359889e-51,0.981120890410521,0.451803563155675,48.9497687429996,0.185606821967011,0.00262415161858037,628.400740339303,0.162616257150724,5.46913387272229e-58,0.988539279970053,0.352017982570177,40.4413969849132,0.990695923136547,0.322786621293067,48.9943305261076,TRUE,0.186151324947149,0.00286468165504313,0.340051647229668,2026-06-08 19:41:30,2026-06-08 19:42:29,NA
"40","2026-06-08 20:40:58","Collar_40_2026-06-08 20:40:58",2026-06-08 20:41:57.5,NA,NA,NA,NA,NA,103.618052583105,0.188653779677238,0.00413847218747511,629.035017617372,0.256457307071932,4.02673953995337e-47,0.972846770188066,0.555157186819065,68.6209068780012,0.985824096697158,0.408225916812837,103.66088141812,TRUE,0.189468441949232,0.00435978333198353,0.609505866846392,2026-06-08 20:41:28,2026-06-08 20:42:27,NA
"40","2026-06-08 21:40:59","Collar_40_2026-06-08 21:40:59",2026-06-08 21:41:58.5,NA,NA,NA,NA,NA,142.667437615344,0.218259107156884,0.00573013003863009,630.954611408746,0.355090877093853,9.67031209178282e-43,0.96155955653148,0.768670835092432,72.3029404967684,0.988869358113495,0.4209459128242,142.669059725441,TRUE,0.21828192104573,0.00611974462437187,0.944067902610882,2026-06-08 21:41:29,2026-06-08 21:42:28,NA
"40","2026-06-08 22:40:58","Collar_40_2026-06-08 22:40:58",2026-06-08 22:41:57.5,NA,NA,NA,NA,NA,189.297793331011,0.28071709032826,0.00845133589072471,625.355262401851,0.523721495641599,1.92888503554491e-39,0.950055246706889,1.13370820085666,59.7829736110034,0.994603932405387,0.379240775507231,189.314081323597,TRUE,0.27979540049377,0.00875554642518259,1.39245101260071,2026-06-08 22:41:28,2026-06-08 22:42:27,NA
"40","2026-06-08 23:40:57","Collar_40_2026-06-08 23:40:57",2026-06-08 23:41:56.5,NA,NA,NA,NA,NA,261.399125617508,0.384679367172063,0.0154123472579629,620.713345824858,0.955088954179037,1.03728346632033e-32,0.914826137319622,2.0674961576169,110.713382369482,0.993533733526677,0.579746748653806,261.470607650661,TRUE,0.383093121262432,0.0159916095958084,2.36100845869639,2026-06-08 23:41:27,2026-06-08 23:42:26,NA
"41","2026-06-08 00:07:44","Collar_41_2026-06-08 00:07:44",2026-06-08 00:09:13.5,NA,NA,NA,NA,NA,27.34127116856,0.000192751117562094,0.00219172046916623,634.677357085122,0.135818897388731,0.930223243968167,0.000133332977921052,0.29400931426784,30.1664589724352,0.0195205037963757,0.296298385676579,27.4255787302013,TRUE,0.00015277030439504,0.0023985132302711,0.304797483488199,2026-06-08 00:08:44,2026-06-08 00:09:43,"Time changed"
"41","2026-06-08 00:28:55","Collar_41_2026-06-08 00:28:55",2026-06-08 00:30:24.5,30.73434585788,-0.0423763190552743,2.35191128224869e-07,0.371563165216975,0.302441258074655,32.6547318608925,-0.0128344842212077,0.00229094793393917,633.551818300101,0.14196793192381,6.1068038500452e-07,0.351123792651883,0.307320226532819,33.9841955013112,0.379371288217657,0.305876515798629,32.7173798869624,TRUE,-0.0133983992621215,0.00241596570561065,0.320649887808794,2026-06-08 00:29:55,2026-06-08 00:30:54,"Time changed"
"41","2026-06-08 01:28:54","Collar_41_2026-06-08 01:28:54",2026-06-08 01:30:23.5,NA,NA,NA,NA,NA,17.3387495265085,-0.00413998102403026,0.00134846498057757,633.100750528407,0.0835631319805283,0.00265564190082044,0.0739707549793241,0.255817703375564,17.1627879762263,0.105642005174295,0.253563040228054,17.9015460587098,TRUE,-0.00427786278233281,0.00125490313833699,0.188440141465801,2026-06-08 01:29:54,2026-06-08 01:30:53,"Time changed"
"41","2026-06-08 02:28:54","Collar_41_2026-06-08 02:28:54",2026-06-08 02:30:23.5,NA,NA,NA,NA,NA,37.4633354792612,-0.00264217404885355,0.00146641307744188,636.755988665775,0.0908722668317003,0.074131091501835,0.0267757179189991,0.278193672860825,34.4280503363236,0.0821929483250107,0.272476143827368,37.7733785713396,TRUE,-0.00210340176256206,0.00135137002757687,0.279108772099123,2026-06-08 02:29:54,2026-06-08 02:30:53,"Time changed"
"41","2026-06-08 03:28:54","Collar_41_2026-06-08 03:28:54",2026-06-08 03:30:23.5,NA,NA,NA,NA,NA,74.5472931062926,-0.00982366426334554,0.0017114412053151,630.425855770199,0.106056434076178,7.47748236742267e-08,0.218271484360305,0.324678033847413,55.7452518862595,0.353553459984957,0.297785294271921,74.5778679674896,TRUE,-0.00983915180681487,0.00183329547771005,0.359317772945911,2026-06-08 03:29:54,2026-06-08 03:30:53,"Time changed"
"41","2026-06-08 04:28:54","Collar_41_2026-06-08 04:28:54",2026-06-08 04:30:23.5,NA,NA,NA,NA,NA,-8.9400251066068,-0.00690464777249181,0.00120861128214383,629.410437902144,0.0748965271902591,8.47289284050575e-08,0.216659737043611,0.22928601552515,-20.9189855868332,0.314321293077577,0.216358859353146,-8.84496301151383,TRUE,-0.00658595800942213,0.00126807269237776,0.244668073290519,2026-06-08 04:29:54,2026-06-08 04:30:53,"Time changed"
"41","2026-06-08 05:28:54","Collar_41_2026-06-08 05:28:54",2026-06-08 05:30:23.5,NA,NA,NA,NA,NA,38.1792257379081,-0.00708988404646464,0.00147079373616356,631.339034209151,0.0911437322150762,4.30844722759895e-06,0.164523187654967,0.279024728965057,39.8401158697803,0.180651090230044,0.27869035805298,38.8029438243789,TRUE,-0.00595726365325612,0.00143817684884136,0.238839178144417,2026-06-08 05:29:54,2026-06-08 05:30:53,"Time changed"
"41","2026-06-08 06:28:54","Collar_41_2026-06-08 06:28:54",2026-06-08 06:30:23.5,62.6912530188614,-0.0343601581755729,0.00265196237826651,0.0739907286887215,0.309028609249832,64.6131268616683,-0.00446803878584222,0.00164204672425505,629.361194201902,0.101756122045044,0.00749334595637459,0.0590407231685749,0.311513185647858,62.1384107818146,0.108465714450317,0.305824344599343,64.9880137146702,TRUE,-0.00454779195989475,0.00160915614513727,0.307313699957581,2026-06-08 06:29:54,2026-06-08 06:30:53,"Time changed"
"41","2026-06-08 07:28:55","Collar_41_2026-06-08 07:28:55",2026-06-08 07:30:24.5,NA,NA,NA,NA,NA,60.3979275930515,-0.0112214546393726,0.0016134587006193,628.899225070941,0.0999845485696142,2.10087497926497e-10,0.290740609731376,0.30608974295125,31.3820185886481,0.461337756917111,0.269039784311434,60.6772244381895,TRUE,-0.0114934033073275,0.00157887018876724,0.290029289478823,2026-06-08 07:29:55,2026-06-08 07:30:54,"Time changed"
"41","2026-06-08 08:28:55","Collar_41_2026-06-08 08:28:55",2026-06-08 08:30:24.5,47.1407337141733,0.00228515079852906,0.0261709435551823,0.0412083185843635,0.289640363852974,48.1914638354034,0.0030663823487062,0.00153344964959287,630.005956769365,0.0950264614209995,0.0478338886017318,0.032776195436696,0.290911201440981,47.6734966748025,0.0685149090513834,0.287936630928437,48.2330190065692,TRUE,0.00335523764643984,0.00169261331696301,0.275129352256403,2026-06-08 08:29:55,2026-06-08 08:30:54,"Time changed"
"41","2026-06-08 09:28:54","Collar_41_2026-06-08 09:28:54",2026-06-08 09:30:23.5,28.0896640396839,-0.0113982464268653,0.14898163447626,0.035569615818058,0.295848664582454,27.8392981449834,-0.00340283355894354,0.00220083550345707,634.39806567989,0.136383747662505,0.127506473070423,0.0395855724363604,0.295232054584902,31.3619571311541,0.0471960124454151,0.299265006719125,28.2343816789252,TRUE,-0.00399436056677851,0.00226537736225075,0.253820438736765,2026-06-08 09:29:54,2026-06-08 09:30:53,"Time changed"
"41","2026-06-08 10:28:54","Collar_41_2026-06-08 10:28:54",2026-06-08 10:30:23.5,NA,NA,NA,NA,NA,39.5502625058613,0.0032678620732201,0.0024264479336383,628.741185557331,0.150364742016253,0.183294134862599,0.0303238407328562,0.325496934080743,40.2436880849832,0.0823164764003827,0.322255244256408,39.6599661517632,TRUE,0.0031482917463795,0.00255759233564743,0.350757124207497,2026-06-08 10:29:54,2026-06-08 10:30:53,"Time changed"
"41","2026-06-08 11:28:54","Collar_41_2026-06-08 11:28:54",2026-06-08 11:30:23.5,NA,NA,NA,NA,NA,11.5498693594502,-0.00144740382788803,0.00192147250673047,629.438464401308,0.119071880241267,0.454329550828452,0.00968846397455541,0.257756781503821,15.4768534242429,0.0108928730329552,0.262159638830912,11.5959389535733,TRUE,-0.00130686063916351,0.00203973786442088,0.249200628745307,2026-06-08 11:29:54,2026-06-08 11:30:53,"Time changed"
"41","2026-06-08 12:28:54","Collar_41_2026-06-08 12:28:54",2026-06-08 12:30:23.5,NA,NA,NA,NA,NA,38.0982703277797,-0.00361809174541014,0.0023972649837509,630.275908598459,0.148556301509346,0.136661532142791,0.0377893341717481,0.321582174326744,41.2119675643009,0.0518983698445934,0.324866039506374,38.1898659062554,TRUE,-0.00310128583752489,0.00242309198657035,0.294497897641065,2026-06-08 12:29:54,2026-06-08 12:30:53,"Time changed"
"41","2026-06-08 13:28:54","Collar_41_2026-06-08 13:28:54",2026-06-08 13:30:23.5,NA,NA,NA,NA,NA,27.2975187532998,0.00126434633408264,0.00219092150595994,628.389292353009,0.135769386375234,0.566115845212832,0.00570905152821155,0.293902136994228,30.9569109887031,0.0113374477396754,0.298256575127572,27.4518849205205,TRUE,0.00046829883445295,0.00233233457109249,0.275770841705576,2026-06-08 13:29:54,2026-06-08 13:30:53,"Time changed"
"41","2026-06-08 14:28:54","Collar_41_2026-06-08 14:28:54",2026-06-08 14:30:23.5,NA,NA,NA,NA,NA,25.9073815836595,-0.0037743135804446,0.00216568727234443,628.377564762541,0.134205644176206,0.0866721449784379,0.0497610249299352,0.290517079535603,28.7512292857641,0.0678960892415434,0.292824491835753,26.0195546440129,TRUE,-0.0039138167121363,0.00227438195433258,0.297050588143284,2026-06-08 14:29:54,2026-06-08 14:30:53,"Time changed"
"41","2026-06-08 15:28:54","Collar_41_2026-06-08 15:28:54",2026-06-08 15:30:23.5,NA,NA,NA,NA,NA,13.2251764414178,0.00304367298590148,0.00194848610576484,630.861103123361,0.120745888075279,0.123711677725047,0.0403716437166611,0.261380532725628,15.3817904248742,0.0694061038315706,0.261952040390806,13.2554704267483,TRUE,0.00300682240407239,0.0020453458586889,0.244861114494623,2026-06-08 15:29:54,2026-06-08 15:30:53,"Time changed"
"41","2026-06-08 16:28:54","Collar_41_2026-06-08 16:28:54",2026-06-08 16:30:23.5,NA,NA,NA,NA,NA,16.4349791136194,0.00920503504719749,0.00200130820782336,628.487298878095,0.124019225054275,2.345974270351e-05,0.267264907046983,0.268466377030545,19.725296876831,0.275880670808145,0.271607313329521,16.4386865310269,TRUE,0.00923463692020913,0.00224107156497568,0.254462963955899,2026-06-08 16:29:54,2026-06-08 16:30:53,"Time changed"
"41","2026-06-08 17:28:54","Collar_41_2026-06-08 17:28:54",2026-06-08 17:30:23.5,NA,NA,NA,NA,NA,36.0028986621696,0.00781172710429087,0.00235576865472121,628.21572235114,0.145984812246102,0.00157921230835847,0.159369743122561,0.316015630867261,39.4765224670837,0.16671228414121,0.320201622836637,36.0453907455022,TRUE,0.00798043875410678,0.00241432537833003,0.291945786173687,2026-06-08 17:29:54,2026-06-08 17:30:53,"Time changed"
"41","2026-06-08 18:28:54","Collar_41_2026-06-08 18:28:54",2026-06-08 18:30:23.5,14.7520933766395,0.00525918282770445,0.271071542350977,0.0208449339625319,0.264727668910224,14.9633284323632,0.00200300575872564,0.00197691453766603,631.414124575457,0.122507571798012,0.315173794451659,0.0173916608442356,0.265194077329773,12.2836824521124,0.120913611295551,0.255275631341875,15.0036603923184,TRUE,0.00196688729097878,0.00221367639406656,0.254693712885491,2026-06-08 18:29:54,2026-06-08 18:30:53,"Time changed"
"41","2026-06-08 19:28:54","Collar_41_2026-06-08 19:28:54",2026-06-08 19:30:23.5,NA,NA,NA,NA,NA,19.5733508198232,0.0085798330276736,0.00205433905441024,629.360756989684,0.127305497739295,0.000100785173989872,0.231204493332601,0.275580223462789,20.8920395647562,0.264804469212538,0.27426099181432,19.579011005027,TRUE,0.00867804459274049,0.00203828449470376,0.323675057021158,2026-06-08 19:29:54,2026-06-08 19:30:53,"Time changed"
"41","2026-06-08 20:28:54","Collar_41_2026-06-08 20:28:54",2026-06-08 20:30:23.5,NA,NA,NA,NA,NA,38.9586802971823,0.00999393628349542,0.00241451534219333,628.667947677473,0.149625290322551,0.000114285525644346,0.228027428745154,0.323896231309778,37.8032725035488,0.291588204478562,0.31576779548309,38.999644828993,TRUE,0.00957972245917462,0.00249566843535442,0.313653160456064,2026-06-08 20:29:54,2026-06-08 20:30:53,"Time changed"
"41","2026-06-08 21:28:54","Collar_41_2026-06-08 21:28:54",2026-06-08 21:30:23.5,28.2843587792476,0.0454694373571096,1.23939980354888e-16,0.696097381848625,0.296329055672993,30.3837773119308,0.0252625794875193,0.00224800027783794,628.785472795746,0.139306505259615,3.44462586684313e-16,0.685275509134834,0.301558994159725,31.7328665023953,0.698877916027064,0.300191439371158,30.404102823083,TRUE,0.0250806584912193,0.00213857395469322,0.300571227381574,2026-06-08 21:29:54,2026-06-08 21:30:53,"Time changed"
"41","2026-06-08 22:28:54","Collar_41_2026-06-08 22:28:54",2026-06-08 22:30:23.5,NA,NA,NA,NA,NA,37.768335029794,0.0281235785887844,0.00239068285041653,630.075208407397,0.148148412773297,5.37627227051431e-17,0.70466569702782,0.320699211131719,40.6598182953313,0.710071985523161,0.32337468529457,38.1758845566414,TRUE,0.0266230379518104,0.0022208305247127,0.265589008125839,2026-06-08 22:29:54,2026-06-08 22:30:53,"Time changed"
"41","2026-06-08 23:28:54","Collar_41_2026-06-08 23:28:54",2026-06-08 23:30:23.5,NA,NA,NA,NA,NA,27.662544929645,0.0421391404814717,0.00219759618344646,627.842954374858,0.136183009987094,8.8081423668407e-27,0.863748921118092,0.294797514565582,29.1844370780153,0.869261707950112,0.293883517691866,28.0598196964276,TRUE,0.0411632391620399,0.00224246202495837,0.245607873986726,2026-06-08 23:29:54,2026-06-08 23:30:53,"Time changed"
"42","2026-06-08 00:10:45","Collar_42_2026-06-08 00:10:45",2026-06-08 00:11:44.5,NA,NA,NA,NA,NA,28.3048946605354,0.00111449797043324,0.00220939126863157,635.543977638941,0.136913940544611,0.615865636667663,0.00436801522528462,0.29637977149834,31.4133669373832,0.0190525398191488,0.299393243819904,28.3204408697922,TRUE,0.00121492557547479,0.00260612870111832,0.248275814573351,2026-06-08 00:11:15,2026-06-08 00:12:14,NA
"42","2026-06-08 00:31:56","Collar_42_2026-06-08 00:31:56",2026-06-08 00:32:55.5,NA,NA,NA,NA,NA,56.2688893349279,-0.00316741724389796,0.00278918746569366,633.891708151668,0.172843376484546,0.260792519884779,0.0217508694038652,0.374156789467321,47.2601753138367,0.212429829596206,0.341659505259823,56.2698126989392,TRUE,-0.00308420391787835,0.00286339976456172,0.389542903102686,2026-06-08 00:32:26,2026-06-08 00:33:25,NA
"42","2026-06-08 01:31:55","Collar_42_2026-06-08 01:31:55",2026-06-08 01:32:54.5,NA,NA,NA,NA,NA,65.149027616514,-0.00643305696932637,0.00164571737953195,634.558770363802,0.101983589169349,0.000155165664120502,0.114646075594837,0.312209546781698,31.298051776391,0.354152969417839,0.268945674054103,65.1846590703816,TRUE,-0.00628663506780493,0.00180106150347395,0.297024866213181,2026-06-08 01:32:25,2026-06-08 01:33:24,NA
"42","2026-06-08 02:31:54","Collar_42_2026-06-08 02:31:54",2026-06-08 02:32:53.5,NA,NA,NA,NA,NA,167.550387907091,-0.00472984569503922,0.00252148678269478,638.379218139249,0.156254211895984,0.0631516105215851,0.0289559279583292,0.478352027773489,67.2548424327491,0.592825308848396,0.312414041795718,167.794073327262,TRUE,-0.00365046169137686,0.00270363553132518,0.523856165822083,2026-06-08 02:32:24,2026-06-08 02:33:23,NA
"42","2026-06-08 03:31:55","Collar_42_2026-06-08 03:31:55",2026-06-08 03:32:54.5,NA,NA,NA,NA,NA,130.619003513493,-0.00665906949068108,0.00216185781675661,631.160926306167,0.133968336342997,0.00257367417126543,0.0744223994088426,0.410126706790939,75.6858654616922,0.433595497350124,0.323583963597275,130.751392431228,TRUE,-0.00635934415764827,0.00231511079055202,0.403053105180342,2026-06-08 03:32:25,2026-06-08 03:33:24,NA
"42","2026-06-08 04:31:55","Collar_42_2026-06-08 04:31:55",2026-06-08 04:32:54.5,NA,NA,NA,NA,NA,153.93844986759,-0.00538473008120176,0.00238245700968711,630.347777051187,0.147638665004965,0.0256454650606886,0.041494481456112,0.451976647067337,97.0136511632629,0.423100159907301,0.353655898216895,154.063179950321,TRUE,-0.00461794403937531,0.00230746127003616,0.504751278648301,2026-06-08 04:32:25,2026-06-08 04:33:24,NA
"42","2026-06-08 05:31:56","Collar_42_2026-06-08 05:31:56",2026-06-08 05:32:55.5,NA,NA,NA,NA,NA,136.823609832035,-0.0102569218139466,0.00221847601118401,632.752304422792,0.137476913667274,9.7289652084669e-06,0.153368757619594,0.420867761750695,99.9456892023458,0.397784176305014,0.358002950012482,137.057636198108,TRUE,-0.00923885602420118,0.00232441513724063,0.423191182227762,2026-06-08 05:32:26,2026-06-08 05:33:25,NA
"42","2026-06-08 06:31:56","Collar_42_2026-06-08 06:31:56",2026-06-08 06:32:55.5,NA,NA,NA,NA,NA,295.442159761585,-0.0271056083806674,0.00429620082636547,632.945192873533,0.266231605447154,5.07882719484798e-09,0.252246703424397,0.815033571113041,187.623039109415,0.705509395096897,0.515874499514718,295.449701941139,TRUE,-0.0268126405195573,0.00444466348810971,1.0397337281246,2026-06-08 06:32:26,2026-06-08 06:33:25,NA
"42","2026-06-08 07:31:56","Collar_42_2026-06-08 07:31:56",2026-06-08 07:32:55.5,NA,NA,NA,NA,NA,176.857694284631,-0.0153085396738297,0.00262119196796143,630.285482975179,0.162432850329747,4.69754219171764e-08,0.224240865861119,0.497267128926969,66.612812046766,0.700593736322066,0.311579411548246,176.886104717728,TRUE,-0.0154755341179143,0.00269662339078742,0.578134783070544,2026-06-08 07:32:26,2026-06-08 07:33:25,NA
"42","2026-06-08 08:31:55","Collar_42_2026-06-08 08:31:55",2026-06-08 08:32:54.5,51.1810835790022,-0.00223364009990705,5.1968386976914e-08,0.402678972378618,0.358624740763994,55.9754341244416,0.0156515047475087,0.00278237495232989,630.108857626798,0.172421211310414,5.60361209473774e-07,0.352990779215496,0.373242921841089,44.3479950738077,0.501350607534932,0.333467854966352,55.9981226031809,TRUE,0.0152424009899581,0.00224551794185134,0.295576529010602,2026-06-08 08:32:25,2026-06-08 08:33:24,NA
"42","2026-06-08 09:31:54","Collar_42_2026-06-08 09:31:54",2026-06-08 09:32:53.5,NA,NA,NA,NA,NA,17.0613075809826,0.0205069206776949,0.00201178115116291,630.906686926703,0.124668223700226,1.51886979226499e-14,0.641766813783467,0.269871274659119,18.3642368424186,0.657513255922573,0.268544102399617,17.0878827026118,TRUE,0.0207269114824678,0.0019645731176473,0.278300224750658,2026-06-08 09:32:24,2026-06-08 09:33:23,NA
"42","2026-06-08 10:31:54","Collar_42_2026-06-08 10:31:54",2026-06-08 10:32:53.5,NA,NA,NA,NA,NA,39.3071204374315,-0.00668630472884969,0.00242153648132539,629.493228945175,0.150060383843255,0.00769902619698377,0.116178760676239,0.324838085132215,39.8205423607885,0.16607356618048,0.321120904322125,39.4541888050579,TRUE,-0.00669275435520305,0.00248165709918933,0.325148920770749,2026-06-08 10:32:24,2026-06-08 10:33:23,NA
"42","2026-06-08 11:31:54","Collar_42_2026-06-08 11:31:54",2026-06-08 11:32:53.5,NA,NA,NA,NA,NA,24.6973235837629,-0.00527365383543328,0.00214395861694328,630.192220950833,0.132859139428068,0.0169043925821353,0.0944643618783538,0.287602279421114,28.3618448445357,0.0995133660150676,0.291875854261655,24.7726216185668,TRUE,-0.00493983266677582,0.00225839062313581,0.266091248606887,2026-06-08 11:32:24,2026-06-08 11:33:23,NA
"42","2026-06-08 12:31:54","Collar_42_2026-06-08 12:31:54",2026-06-08 12:32:53.5,NA,NA,NA,NA,NA,13.7786191944113,-0.0122558386753105,0.00195749332316683,631.483350360318,0.121304057035824,5.04085332812044e-08,0.403291862750722,0.262588809898323,15.125175378868,0.429105717558573,0.261392465294037,14.3294482418835,TRUE,-0.0136775594193615,0.00181425713125697,0.210457418871056,2026-06-08 12:32:24,2026-06-08 12:33:23,NA
"42","2026-06-08 13:31:55","Collar_42_2026-06-08 13:31:55",2026-06-08 13:32:54.5,NA,NA,NA,NA,NA,32.324332154789,-0.00588340402670173,0.00228464887191892,630.615231027753,0.141577584856193,0.0125909094046941,0.102606176374406,0.306475236064755,33.1726368657783,0.148528051288018,0.303814855750017,32.4615722612027,TRUE,-0.00506988359565452,0.00259028329712054,0.273009988404104,2026-06-08 13:32:25,2026-06-08 13:33:24,NA
"42","2026-06-08 14:31:55","Collar_42_2026-06-08 14:31:55",2026-06-08 14:32:54.5,NA,NA,NA,NA,NA,12.9920898389219,-0.00587700064780883,0.00194470506236093,629.047732003652,0.120511580300486,0.00373281939250898,0.136040813695684,0.260873322981485,13.4140123830943,0.186056539006844,0.257691539088991,13.0613545729185,TRUE,-0.00570319785991297,0.00182193967305322,0.249025472886894,2026-06-08 14:32:25,2026-06-08 14:33:24,NA
"42","2026-06-08 15:31:55","Collar_42_2026-06-08 15:31:55",2026-06-08 15:32:54.5,NA,NA,NA,NA,NA,29.9152454447606,-0.0020751628265038,0.00223924022575161,631.743052597753,0.138763652905872,0.357908979423993,0.0145912137781373,0.300383873087906,30.5100478192762,0.0689590393477709,0.297147974890696,30.0060369020327,TRUE,-0.00206514107655658,0.00219068977717327,0.322063173992306,2026-06-08 15:32:25,2026-06-08 15:33:24,NA
"42","2026-06-08 16:31:55","Collar_42_2026-06-08 16:31:55",2026-06-08 16:32:54.5,NA,NA,NA,NA,NA,21.8598533437517,0.0021801742398492,0.00209385812257345,629.550420253468,0.129754457969063,0.302092759640493,0.0183491918121824,0.280881526386509,22.0701204518313,0.0784348838971499,0.276966765437625,21.9614004916641,TRUE,0.00282826709289903,0.00220390705176551,0.26782852537021,2026-06-08 16:32:25,2026-06-08 16:33:24,NA
"42","2026-06-08 17:31:55","Collar_42_2026-06-08 17:31:55",2026-06-08 17:32:54.5,NA,NA,NA,NA,NA,4.34122268061636,0.00241809289537572,0.00180944427370268,629.102252698891,0.112129593895768,0.186646564270561,0.0298714850239784,0.242728704504719,7.60860127555041,0.0416450741451055,0.245521583242227,4.37166913678702,TRUE,0.00221943514070016,0.00176013177761331,0.245453710102876,2026-06-08 17:32:25,2026-06-08 17:33:24,NA
"42","2026-06-08 18:31:55","Collar_42_2026-06-08 18:31:55",2026-06-08 18:32:54.5,23.1896800559185,0.01264616611064,0.0775803590067494,0.0527266624556372,0.28401153553424,23.7239985994338,0.00348504884043436,0.00212663921370124,631.80513867421,0.131785871972269,0.106677454303032,0.0442532273410514,0.285278960392817,26.1485936551789,0.0690214411856947,0.286541906313657,23.7645669286667,TRUE,0.00390417356611868,0.00203831521145204,0.269625099593652,2026-06-08 18:32:25,2026-06-08 18:33:24,NA
"42","2026-06-08 19:31:55","Collar_42_2026-06-08 19:31:55",2026-06-08 19:32:54.5,37.4389393885978,0.0177255940499188,6.16377739986504e-08,0.399236215430267,0.319820110547611,31.9374731049314,0.0157470493614905,0.00227729542230778,629.391473260029,0.141121898361387,4.07436177486424e-09,0.451870970115382,0.305488804305738,25.7648524810704,0.537351753686789,0.285627053807673,32.0618396444824,TRUE,0.0164823342920459,0.00240237607789889,0.323788429830299,2026-06-08 19:32:25,2026-06-08 19:33:24,NA
"42","2026-06-08 20:31:54","Collar_42_2026-06-08 20:31:54",2026-06-08 20:32:53.5,25.7570165223446,0.0298381484466198,7.35261028782745e-16,0.677002589540767,0.290153277358961,17.9959918936032,0.0245290717380951,0.00202751217206115,627.81155315724,0.125643060566175,1.68142797587886e-17,0.71619315158739,0.271981519433529,19.6015134271575,0.72729628272866,0.271327287030269,18.0131125620033,TRUE,0.0246690354171546,0.00215563660297556,0.290630830880437,2026-06-08 20:32:24,2026-06-08 20:33:23,NA
"42","2026-06-08 21:31:55","Collar_42_2026-06-08 21:31:55",2026-06-08 21:32:54.5,NA,NA,NA,NA,NA,31.1421042684609,0.0241789791861341,0.00226225125256325,628.044691121762,0.14018962502837,2.48827835547287e-15,0.663248251595104,0.30347069748393,34.8427775371324,0.664924048032593,0.308072864382063,31.1663387053872,TRUE,0.0241948154201137,0.00248426328930415,0.344666478914559,2026-06-08 21:32:25,2026-06-08 21:33:24,NA
"42","2026-06-08 22:31:55","Collar_42_2026-06-08 22:31:55",2026-06-08 22:32:54.5,NA,NA,NA,NA,NA,37.6869603782399,0.0183454320025311,0.00238906222510348,628.839823102447,0.148047984116361,2.1179595133437e-10,0.504128999405227,0.320481811630423,22.9915377073444,0.636882876822795,0.279101634192928,37.7038066979779,TRUE,0.0185497234923029,0.00253537444756022,0.384155092267981,2026-06-08 22:32:25,2026-06-08 22:33:24,NA
"42","2026-06-08 23:31:55","Collar_42_2026-06-08 23:31:55",2026-06-08 23:32:54.5,44.8627058912724,0.0349455465425699,7.75293516970458e-07,0.345915970636904,0.340230525501709,41.8718235184007,0.0146784571918527,0.00247384785378191,627.770756742061,0.153302071379549,1.75430664170746e-07,0.3777214706316,0.331855417388185,43.6814084376279,0.400029269871142,0.331620613528943,41.936298090289,TRUE,0.0147466008787424,0.00271712266533293,0.343429955715412,2026-06-08 23:32:25,2026-06-08 23:33:24,NA
"43","2026-06-08 00:13:45","Collar_43_2026-06-08 00:13:45",2026-06-08 00:14:44.5,NA,NA,NA,NA,NA,36.0334016040143,0.00308716972952919,0.00235636754645344,635.733809087925,0.146021925014756,0.195313843930358,0.0287435799763194,0.316095969464263,36.6960893470193,0.0812917192643166,0.312867754835687,36.097560835719,TRUE,0.00284868662152648,0.00207004597211529,0.218368782279614,2026-06-08 00:14:15,2026-06-08 00:15:14,NA
"43","2026-06-08 00:34:57","Collar_43_2026-06-08 00:34:57",2026-06-08 00:35:56.5,NA,NA,NA,NA,NA,49.0969205767239,-0.00396233935094345,0.00262737149841235,634.101359396353,0.162815790136183,0.136957076682806,0.0377335542636305,0.352449914778112,38.0244969420787,0.251490180738862,0.31635046201223,49.1754509601428,TRUE,-0.00467611284763822,0.00269517222867627,0.353301123075838,2026-06-08 00:35:27,2026-06-08 00:36:26,NA
"43","2026-06-08 01:34:56","Collar_43_2026-06-08 01:34:56",2026-06-08 01:35:55.5,NA,NA,NA,NA,NA,42.9840795277777,0.000369419704706554,0.00150053608725874,634.610640418727,0.0929868382992348,0.805961490505018,0.00051338384741264,0.284667159476599,37.196356831559,0.0787997793175282,0.275637245981817,43.1736136445658,TRUE,0.00100266028153232,0.00138314263145028,0.25072359762855,2026-06-08 01:35:26,2026-06-08 01:36:25,NA
"43","2026-06-08 02:34:53","Collar_43_2026-06-08 02:34:53",2026-06-08 02:35:52.5,NA,NA,NA,NA,NA,97.9597816123377,-0.00862995300432243,0.00188681054476829,638.35170480974,0.116923910406033,1.19026476625938e-05,0.1505898530225,0.357947404804447,52.0404920226345,0.43965756722424,0.293223828852515,98.2140986454821,TRUE,-0.00783234824250781,0.00193641027625382,0.374634446675924,2026-06-08 02:35:23,2026-06-08 02:36:22,NA
"43","2026-06-08 03:34:56","Collar_43_2026-06-08 03:34:56",2026-06-08 03:36:25.5,119.257277749076,-0.0246554580527985,0.0129163527533108,0.0512394253423212,0.391163499116333,121.838575409994,-0.0040230906893635,0.00208419530367306,631.0922701721,0.129155661987924,0.0559712624910894,0.0306097279172701,0.395393327710602,104.091647067645,0.191287978247167,0.364241114589692,123.797559743174,TRUE,-0.00685337098864006,0.00182986845170063,0.314576479713783,2026-06-08 03:35:56,2026-06-08 03:36:55,"Time changed"
"43","2026-06-08 04:34:54","Collar_43_2026-06-08 04:34:54",2026-06-08 04:35:53.5,NA,NA,NA,NA,NA,43.6090151553618,0.000996109220986891,0.00150444842229893,630.191551806322,0.0932292820957176,0.509192233168356,0.00370140684778466,0.285409369752159,28.7853105811793,0.148343905667845,0.26614456777907,43.8434069268663,TRUE,0.000275347514251078,0.00134077828849472,0.260542112261402,2026-06-08 04:35:24,2026-06-08 04:36:23,NA
"43","2026-06-08 05:34:56","Collar_43_2026-06-08 05:34:56",2026-06-08 05:35:55.5,NA,NA,NA,NA,NA,88.813719952524,-0.0118954427091556,0.00181625968965714,632.945856713648,0.11255193894077,1.57669253399114e-09,0.266601838714362,0.344563180530424,59.3957568759475,0.444868111259042,0.302349361602516,88.8443730611628,TRUE,-0.0118132390709931,0.00190610705228354,0.329264391108695,2026-06-08 05:35:26,2026-06-08 05:36:25,NA
"43","2026-06-08 06:34:55","Collar_43_2026-06-08 06:34:55",2026-06-08 06:35:54.5,NA,NA,NA,NA,NA,66.4724221045592,0.00126220024331098,0.00165481716736429,629.810016494355,0.102547494634142,0.447138763641645,0.00490612410493756,0.313935870311047,46.2253718236623,0.18696161049159,0.286204494450891,66.5383873626744,TRUE,0.000978286397690706,0.00185290396332475,0.287471756875045,2026-06-08 06:35:25,2026-06-08 06:36:24,NA
"43","2026-06-08 07:34:55","Collar_43_2026-06-08 07:34:55",2026-06-08 07:35:54.5,NA,NA,NA,NA,NA,99.0809316556663,-0.00214603905462108,0.00189564532153185,629.862427970092,0.117471393379151,0.259892352128025,0.0107445325911943,0.359623453002985,56.5423993261992,0.328756807444825,0.298776016948629,99.7961155033163,TRUE,-0.000779981094302887,0.00180288252710063,0.378777855296876,2026-06-08 07:35:25,2026-06-08 07:36:24,NA
"43","2026-06-08 08:34:54","Collar_43_2026-06-08 08:34:54",2026-06-08 08:35:53.5,NA,NA,NA,NA,NA,51.8292933305444,0.00942844310109464,0.0026878824467945,630.918988267457,0.166565597835126,0.000879991622055763,0.175015735759759,0.360567182782778,51.8966945877755,0.227353990382825,0.355118772196014,52.1559853048553,TRUE,0.0101354016278571,0.00256786479835613,0.271613620339347,2026-06-08 08:35:24,2026-06-08 08:36:23,NA
"43","2026-06-08 09:34:53","Collar_43_2026-06-08 09:34:53",2026-06-08 09:35:52.5,NA,NA,NA,NA,NA,26.4160212869736,0.0548874710806346,0.00217488637562378,628.794179076408,0.134775704127711,5.7574902030579e-33,0.916535114004884,0.291751097324409,27.0871326030451,0.921039751811339,0.288791782657825,26.5598620874982,TRUE,0.0554172309553936,0.00214996719794046,0.340432345209501,2026-06-08 09:35:23,2026-06-08 09:36:22,NA
"43","2026-06-08 10:34:55","Collar_43_2026-06-08 10:34:55",2026-06-08 10:35:54.5,23.9739456350911,0.0582449037960287,2.28687941150794e-39,0.949761439590211,0.285873784909415,18.2637212024132,0.0707361343891418,0.00203204075893387,627.182362220296,0.125923692920727,1.44414830857618e-40,0.9543221973869,0.272589008727799,13.2267141501848,0.960708992493251,0.257289643064752,18.2711334736195,TRUE,0.0707503122657766,0.00217873003143915,0.277096413116713,2026-06-08 10:35:25,2026-06-08 10:36:24,NA
"43","2026-06-08 11:34:55","Collar_43_2026-06-08 11:34:55",2026-06-08 11:35:54.5,29.2103858998859,0.0303177521591854,4.5459996077797e-05,0.251079051965011,0.298624641192836,29.2807819427064,0.00979916898508278,0.00222743216738773,629.610398314591,0.138031918412425,4.71069423534001e-05,0.250199851778641,0.298799875862329,31.4944217003606,0.27219436236722,0.299595539203188,29.4591599914994,TRUE,0.0105421649970898,0.00238746693058303,0.258828049801772,2026-06-08 11:35:25,2026-06-08 11:36:24,NA
"43","2026-06-08 12:34:55","Collar_43_2026-06-08 12:34:55",2026-06-08 12:35:54.5,NA,NA,NA,NA,NA,40.318848487377,-0.00516397328122119,0.00244203892513504,630.768249372954,0.151330901389254,0.0387713065839543,0.0715781038741286,0.327588394548991,39.2135221250308,0.147308782367746,0.319500615169707,40.3335740050167,TRUE,-0.00532684785874665,0.00269732852287996,0.322571367947594,2026-06-08 12:35:25,2026-06-08 12:36:24,NA
"43","2026-06-08 13:34:54","Collar_43_2026-06-08 13:34:54",2026-06-08 13:35:53.5,NA,NA,NA,NA,NA,45.235510493442,-0.008706537015865,0.0025441726247184,629.85170547421,0.157660032616888,0.00114502629867969,0.16799478677769,0.3412891649714,48.4692555660714,0.178552694445853,0.345119354142124,45.2648828301915,TRUE,-0.00906870875839173,0.0027539278386781,0.34378792683799,2026-06-08 13:35:24,2026-06-08 13:36:23,NA
"43","2026-06-08 14:34:54","Collar_43_2026-06-08 14:34:54",2026-06-08 14:35:53.5,NA,NA,NA,NA,NA,30.9064794501896,-0.00728669663564598,0.00225781358958484,628.999532379845,0.139914627143745,0.00205685860745862,0.152240405726258,0.302875405215783,28.6843139228457,0.235750474812876,0.292661250211181,30.9341961645783,TRUE,-0.00711836874101694,0.00229357305314881,0.358481267593815,2026-06-08 14:35:24,2026-06-08 14:36:23,NA
"43","2026-06-08 15:34:54","Collar_43_2026-06-08 15:34:54",2026-06-08 15:35:53.5,35.0899058668803,-0.00299029662307279,1.73911693594673e-05,0.274489553781421,0.313620420842702,34.4994200732585,-0.011092584012781,0.00232643738619707,631.723927163191,0.14416718056998,1.29237521967215e-05,0.281594594748026,0.312080974843964,38.0609378967297,0.286825590077179,0.316446544207354,34.5486910270906,TRUE,-0.0115757147886917,0.00238784250000935,0.266163688777831,2026-06-08 15:35:24,2026-06-08 15:36:23,NA
"43","2026-06-08 16:34:54","Collar_43_2026-06-08 16:34:54",2026-06-08 16:35:53.5,NA,NA,NA,NA,NA,32.7099575938178,-0.00874331406369221,0.0022920025039076,629.536336744936,0.142033282652767,0.000333083457816302,0.200573121891515,0.307461692288889,31.0643176004175,0.272363894114792,0.298523650701386,32.7895485897789,TRUE,-0.00900018356777081,0.0023240281289946,0.293226144195433,2026-06-08 16:35:24,2026-06-08 16:36:23,NA
"43","2026-06-08 17:34:54","Collar_43_2026-06-08 17:34:54",2026-06-08 17:35:53.5,NA,NA,NA,NA,NA,54.9430871902423,0.0632313118146119,0.00275854115036054,626.346534115031,0.170944252569736,9.25294273739058e-31,0.900585961528079,0.370045725906668,48.4615640455014,0.916520484084027,0.345097234079273,54.96899944467,TRUE,0.0636036783031706,0.00264636659400028,0.37327554660684,2026-06-08 17:35:24,2026-06-08 17:36:23,NA
"43","2026-06-08 18:34:54","Collar_43_2026-06-08 18:34:54",2026-06-08 18:35:53.5,NA,NA,NA,NA,NA,125.357251689415,0.138148120522271,0.00496040145235928,626.326067712414,0.307391506053322,2.91482697490117e-35,0.930425023842008,0.665415252546395,41.4159074552108,0.983933828793213,0.325418618465903,125.428366635341,TRUE,0.139262001397912,0.00505541006767211,0.819448552061205,2026-06-08 18:35:24,2026-06-08 18:36:23,NA
"43","2026-06-08 19:34:56","Collar_43_2026-06-08 19:34:56",2026-06-08 19:35:55.5,NA,NA,NA,NA,NA,110.862324789611,0.165805743669726,0.00439600255582395,623.977766304105,0.272416226635501,1.6727894811271e-42,0.960826732167937,0.5897037122846,29.5548357484956,0.990548219966609,0.294792036314495,110.911993610527,TRUE,0.166334887400421,0.00460217272233066,0.573430550700427,2026-06-08 19:35:26,2026-06-08 19:36:25,NA
"43","2026-06-08 20:34:54","Collar_43_2026-06-08 20:34:54",2026-06-08 20:35:53.5,NA,NA,NA,NA,NA,128.852229341976,0.192095792610775,0.00510699663726138,621.09918823533,0.316475874546479,1.94876516565457e-42,0.960620057115483,0.685080328633598,58.0662518236621,0.988677140303877,0.373853975020711,131.901734675623,TRUE,0.198225526177393,0.00457897956456209,0.46370231139977,2026-06-08 20:35:24,2026-06-08 20:36:23,NA
"43","2026-06-08 21:34:56","Collar_43_2026-06-08 21:34:56",2026-06-08 21:35:55.5,NA,NA,NA,NA,NA,124.633352415276,0.247052340672567,0.00493056793632766,620.340138493947,0.305542750562077,1.91062508188351e-49,0.977419937709079,0.661413222308482,47.7618138914737,0.994133792507449,0.343090741257658,125.76422471434,TRUE,0.250570982357378,0.0048272272420073,0.545940604132495,2026-06-08 21:35:26,2026-06-08 21:36:25,NA
"43","2026-06-08 22:34:54","Collar_43_2026-06-08 22:34:54",2026-06-08 22:35:53.5,NA,NA,NA,NA,NA,104.574065409639,0.234769686816734,0.0041715741410582,620.840750156574,0.258508604625756,2.58931997046765e-52,0.982016969605968,0.559597663061727,63.8977228301142,0.99145947187113,0.392470302434205,106.202416751928,TRUE,0.238997349995911,0.0034699193391208,0.425112127786722,2026-06-08 22:35:24,2026-06-08 22:36:23,NA
"43","2026-06-08 23:34:54","Collar_43_2026-06-08 23:34:54",2026-06-08 23:35:53.5,NA,NA,NA,NA,NA,132.617550288637,0.248704042876977,0.00526978288685321,619.066126176368,0.326563588395325,5.67235507444122e-48,0.974620486950611,0.706917362273628,73.7087199548822,0.991105245062498,0.425906219980924,133.806786491364,TRUE,0.253537810143353,0.00512974840454279,0.718898667734918,2026-06-08 23:35:24,2026-06-08 23:36:23,NA
"44","2026-06-08 00:16:46","Collar_44_2026-06-08 00:16:46",2026-06-08 00:18:15.5,NA,NA,NA,NA,NA,35.3562247590481,0.00547794537547181,0.00234310768243975,635.798905891788,0.145200223463303,0.0228635059579843,0.0861214600952058,0.31431721912598,37.6435639313012,0.111838738771099,0.315347818155177,35.3719355738617,TRUE,0.00566531695968808,0.00264663380182569,0.308120731217135,2026-06-08 00:17:46,2026-06-08 00:18:45,"Time changed"
"44","2026-06-08 00:37:59","Collar_44_2026-06-08 00:37:59",2026-06-08 00:39:28.5,NA,NA,NA,NA,NA,107.035325135347,-0.00751228709907187,0.00425801868279097,633.663360043078,0.263865493201919,0.0829525261388356,0.0509328721033995,0.571193804446819,108.208563072297,0.0946090580672793,0.567770832721908,108.565324370715,TRUE,-0.00400849208974047,0.00297760104827623,0.344407391102711,2026-06-08 00:38:59,2026-06-08 00:39:58,"Time changed"
"44","2026-06-08 01:37:57","Collar_44_2026-06-08 01:37:57",2026-06-08 01:39:26.5,NA,NA,NA,NA,NA,178.213937141353,-0.00569909022871127,0.00263604628640791,634.972824204101,0.163353358752808,0.0326382597292819,0.0381023581420076,0.500085146216939,181.552272060648,0.043391546784114,0.502989178122521,179.159293615224,TRUE,-0.00372357392528448,0.00203681214422888,0.349170021006702,2026-06-08 01:38:57,2026-06-08 01:39:56,"Time changed"
"44","2026-06-08 02:37:54","Collar_44_2026-06-08 02:37:54",2026-06-08 02:39:23.5,NA,NA,NA,NA,NA,145.339835528577,-0.0272425381749684,0.00229861036781807,637.285487261869,0.142442765888901,8.01606842488115e-22,0.543456375991835,0.436070075026062,95.4677516306861,0.708584458895023,0.351385233658872,145.772859642426,TRUE,-0.0285206325087709,0.00238238257980529,0.467270509351376,2026-06-08 02:38:54,2026-06-08 02:39:53,"Time changed"
"44","2026-06-08 03:37:58","Collar_44_2026-06-08 03:37:58",2026-06-08 03:39:27.5,NA,NA,NA,NA,NA,232.321672024989,0.00993589175096698,0.00330266286269339,630.273015227919,0.204662973571794,0.00321050490480748,0.0712373798439804,0.62654918053275,229.141505024497,0.125179730249387,0.613301786700118,237.729535197457,TRUE,0.00481054526200539,0.00163679295391821,0.324457003402062,2026-06-08 03:38:58,2026-06-08 03:39:57,"Time changed"
"44","2026-06-08 04:37:56","Collar_44_2026-06-08 04:37:56",2026-06-08 04:39:25.5,228.391122034529,-0.0126120815204587,0.291984998512879,0.00940597229365503,0.616371570212574,227.929434566522,0.00407562189954288,0.00324277058024621,629.783261836644,0.200951504030624,0.211296214252979,0.0132098571471822,0.615186997334641,228.441467277097,0.0414794504607788,0.611515499770329,234.102184032531,TRUE,-0.00258306660545631,0.00181516212208242,0.287645808169732,2026-06-08 04:38:56,2026-06-08 04:39:55,"Time changed"
"44","2026-06-08 05:37:58","Collar_44_2026-06-08 05:37:58",2026-06-08 05:39:27.5,NA,NA,NA,NA,NA,151.271067266849,-0.00145685646084973,0.0023561247587373,632.141106546652,0.146006879683761,0.537551241538333,0.00322961001939891,0.446981147696039,151.907091385493,0.0307841813355079,0.444543124859676,152.764802289389,TRUE,-0.00359479701138868,0.00198466558833712,0.446975940123735,2026-06-08 05:38:58,2026-06-08 05:39:57,"Time changed"
"44","2026-06-08 06:37:57","Collar_44_2026-06-08 06:37:57",2026-06-08 06:39:26.5,NA,NA,NA,NA,NA,204.815418026606,0.00477521042157525,0.00294503198996067,630.196382899581,0.182500918013128,0.107591113570519,0.0217948032379337,0.558702918422557,135.394058026884,0.469470908731468,0.414985161178062,205.351481037488,TRUE,0.0033522711067713,0.00269612168037169,0.602921607641017,2026-06-08 06:38:57,2026-06-08 06:39:56,"Time changed"
"44","2026-06-08 07:37:55","Collar_44_2026-06-08 07:37:55",2026-06-08 07:39:24.5,NA,NA,NA,NA,NA,254.996699810733,-0.00246116930783004,0.00362991181143275,629.852403264818,0.224942289303289,0.499083526808975,0.00388078998889953,0.68863167856152,239.068913736743,0.156295718998679,0.639202514873217,260.060224003261,TRUE,-0.00858090565810951,0.00239417458535173,0.537851305143183,2026-06-08 07:38:55,2026-06-08 07:39:54,"Time changed"
"44","2026-06-08 08:37:56","Collar_44_2026-06-08 08:37:56",2026-06-08 08:39:25.5,NA,NA,NA,NA,NA,81.0413368983709,-0.0136526273915684,0.00342872127488311,632.626998017694,0.21247469718849,0.000192952417557164,0.214678132197695,0.459947335906129,54.1620020359265,0.53060807738144,0.361886224388125,83.6121286692169,TRUE,-0.00921193208488034,0.00259285642366288,0.301287047885364,2026-06-08 08:38:56,2026-06-08 08:39:55,"Time changed"
"44","2026-06-08 09:37:55","Collar_44_2026-06-08 09:37:55",2026-06-08 09:39:24.5,36.3176867993366,-0.0123385498937028,0.0591083424398206,0.0600669921274114,0.316845702225131,36.9167972668062,-0.00417504404573013,0.00237377826070112,632.421287558569,0.147100850929414,0.0838831077962599,0.0506345833117221,0.318431537447904,39.0730343937716,0.0793643109961734,0.319126784735186,37.1010371711773,TRUE,-0.00516725104126267,0.00264720173324556,0.292112395237801,2026-06-08 09:38:55,2026-06-08 09:39:54,"Time changed"
"44","2026-06-08 10:37:57","Collar_44_2026-06-08 10:37:57",2026-06-08 10:39:26.5,NA,NA,NA,NA,NA,44.0931480264984,0.000376756211682738,0.00252006781425413,629.323569095509,0.156166279729565,0.881675858966227,0.000385213115842914,0.338055614482248,47.3877421428221,0.0120686347891969,0.342022901878566,44.7159299402501,TRUE,0.00231352313762065,0.00234974543223382,0.274541932331442,2026-06-08 10:38:57,2026-06-08 10:39:56,"Time changed"
"44","2026-06-08 11:37:57","Collar_44_2026-06-08 11:37:57",2026-06-08 11:39:26.5,NA,NA,NA,NA,NA,10.4776026427244,0.00260770542064371,0.00190437956280596,629.891004799406,0.11801264626065,0.176178312832873,0.031315852183914,0.2554638409611,11.5158444308415,0.0779716559125376,0.253647426589711,10.7531541495679,TRUE,0.00306635938714009,0.00217785897214233,0.241753653024416,2026-06-08 11:38:57,2026-06-08 11:39:56,"Time changed"
"44","2026-06-08 12:37:57","Collar_44_2026-06-08 12:37:57",2026-06-08 12:39:26.5,NA,NA,NA,NA,NA,35.8575507457138,-0.000403721912856323,0.00235291699819944,630.387456129506,0.14580809771979,0.864362175403352,0.000507344601715443,0.315633094138564,34.247493879239,0.0897249033265784,0.306548392549789,36.0654887930392,TRUE,-0.00144956855804897,0.00237971147368932,0.256681124455794,2026-06-08 12:38:57,2026-06-08 12:39:56,"Time changed"
"44","2026-06-08 13:37:54","Collar_44_2026-06-08 13:37:54",2026-06-08 13:39:23.5,NA,NA,NA,NA,NA,26.1674878547517,0.00499395544542912,0.00217038660386754,629.149545486563,0.134496857419369,0.0250079449447316,0.0836469239703744,0.291147473446717,29.6755702288775,0.0911290476490898,0.295088781931455,26.2545374911459,TRUE,0.00562376030402287,0.00226482219885309,0.308976328369496,2026-06-08 13:38:54,2026-06-08 13:39:53,"Time changed"
"44","2026-06-08 14:37:54","Collar_44_2026-06-08 14:37:54",2026-06-08 14:39:23.5,NA,NA,NA,NA,NA,28.8674558658283,0.00231134224331116,0.00221977323345389,628.543858744354,0.137557301335703,0.302079861992537,0.0183501618345372,0.297772464773374,29.8300514945884,0.0668077285900131,0.295468907292736,28.9593303609367,TRUE,0.0029355715131978,0.00222798689937361,0.296527489430767,2026-06-08 14:38:54,2026-06-08 14:39:53,"Time changed"
"44","2026-06-08 15:37:55","Collar_44_2026-06-08 15:37:55",2026-06-08 15:39:24.5,NA,NA,NA,NA,NA,10.9260649567051,-0.00554698885203153,0.00191150989874804,631.174695671914,0.118454506607026,0.00523529386245668,0.126781635661127,0.25642034303804,13.4113414922969,0.148550437655039,0.257685803603151,11.071768471782,TRUE,-0.00609081308328757,0.00161345192419869,0.173955777127562,2026-06-08 15:38:55,2026-06-08 15:39:54,"Time changed"
"44","2026-06-08 16:37:54","Collar_44_2026-06-08 16:37:54",2026-06-08 16:39:23.5,NA,NA,NA,NA,NA,18.7722767682701,0.0002266001019983,0.00204067074645156,630.080767706649,0.12645848529303,0.911966435300137,0.00021254652712656,0.273746682230379,20.1084967853024,0.0436285565011206,0.27247603212538,18.9837818398323,TRUE,-0.000678858231066151,0.00211363220787345,0.231539317808233,2026-06-08 16:38:54,2026-06-08 16:39:53,"Time changed"
"44","2026-06-08 17:37:54","Collar_44_2026-06-08 17:37:54",2026-06-08 17:39:23.5,NA,NA,NA,NA,NA,31.8022092768403,0.0018385873553361,0.00227472990436587,628.909625001274,0.140962915579137,0.422240231236086,0.0111382369947262,0.305144651763725,35.2545932646863,0.0201224510535898,0.309131924338984,31.8279572256982,TRUE,0.00164456058035418,0.00238209861444726,0.294002784329139,2026-06-08 17:38:54,2026-06-08 17:39:53,"Time changed"
"44","2026-06-08 18:37:56","Collar_44_2026-06-08 18:37:56",2026-06-08 18:39:25.5,36.2347885789933,0.0149879404414259,0.0112799723163679,0.105643255991892,0.316626894938245,36.7114147914843,0.00596583884129837,0.00236971896501745,633.333499592077,0.146849300117307,0.0146024300471394,0.0985103981505305,0.317887001428298,40.0881197135833,0.107826824207548,0.321837742244298,36.7405780315273,TRUE,0.00589350917037861,0.00230279467539869,0.361226772071411,2026-06-08 18:38:56,2026-06-08 18:39:55,"Time changed"
"44","2026-06-08 19:37:58","Collar_44_2026-06-08 19:37:58",2026-06-08 19:39:27.5,NA,NA,NA,NA,NA,20.4832198246937,0.000252881709281272,0.00206997475157857,630.064317043547,0.128274427481561,0.903189413226894,0.00025725570083598,0.277677680993178,19.0403990796754,0.0869557818765503,0.270061535021443,20.5041298792385,TRUE,-4.12853811327504e-05,0.00221753909570054,0.296438426663286,2026-06-08 19:38:58,2026-06-08 19:39:57,"Time changed"
"44","2026-06-08 20:37:56","Collar_44_2026-06-08 20:37:56",2026-06-08 20:39:25.5,NA,NA,NA,NA,NA,25.8275692477274,0.00390908754186678,0.0021642473465793,628.271288649409,0.134116413303705,0.076074613659717,0.053252868880795,0.290323920055296,28.652103510494,0.0716201771478972,0.292582704590358,25.832901054521,TRUE,0.00406192678590892,0.00231375348562098,0.287610535258076,2026-06-08 20:38:56,2026-06-08 20:39:55,"Time changed"
"44","2026-06-08 21:37:57","Collar_44_2026-06-08 21:37:57",2026-06-08 21:39:26.5,NA,NA,NA,NA,NA,44.8907516609904,0.00366697531075195,0.00253687373136655,629.417806595412,0.157207726923186,0.15370768771027,0.0347712670782509,0.340310051685978,48.1424020710881,0.0467353100338275,0.344180604303712,44.9516083398448,TRUE,0.00316666076135201,0.00250721838962176,0.320208814244143,2026-06-08 21:38:57,2026-06-08 21:39:56,"Time changed"
"44","2026-06-08 22:37:56","Collar_44_2026-06-08 22:37:56",2026-06-08 22:39:25.5,NA,NA,NA,NA,NA,31.4863937395371,0.0031239922836087,0.00226875114985692,628.675148716061,0.140592417672773,0.173814568974965,0.0316554222889964,0.304342629088808,26.6400549592416,0.164400849562053,0.287717848202569,31.4880152769687,TRUE,0.00306017998006034,0.0024210982090401,0.309899969960588,2026-06-08 22:38:56,2026-06-08 22:39:55,"Time changed"
"44","2026-06-08 23:37:55","Collar_44_2026-06-08 23:37:55",2026-06-08 23:39:24.5,NA,NA,NA,NA,NA,15.8606476974386,-0.00111008886525896,0.00199175264151183,627.89106296836,0.123427075417214,0.579437959344498,0.0053271748164539,0.267184541350213,18.4350581871392,0.0286818767378397,0.268702637964179,16.0239162941961,TRUE,-0.000485253210597789,0.00196593562825216,0.242625751795426,2026-06-08 23:38:55,2026-06-08 23:39:54,"Time changed"
"45","2026-06-08 00:25:51","Collar_45_2026-06-08 00:25:51",2026-06-08 00:27:20.5,NA,NA,NA,NA,NA,9.14673543945082,0.00427451919919919,0.00188337561501278,636.112723303301,0.116711050975022,0.0269656169273769,0.0815679754374843,0.252646257070058,11.6142002332022,0.104729737943073,0.253855409280661,9.17002391717461,TRUE,0.00419914516195155,0.00186211060955459,0.278992948587496,2026-06-08 00:26:51,2026-06-08 00:27:50,"Time changed"
"45","2026-06-08 00:47:00","Collar_45_2026-06-08 00:47:00",2026-06-08 00:48:29.5,NA,NA,NA,NA,NA,126.714723845187,-0.0531398987175579,0.00501683342782883,637.109026808453,0.310888543560417,3.52340739047029e-15,0.659218868048075,0.672985344920855,107.410905878181,0.768901630165663,0.564009294236936,126.852529723636,TRUE,-0.0516680955271474,0.00496979186539404,0.693023868119835,2026-06-08 00:48:00,2026-06-08 00:48:59,"Time changed"
"45","2026-06-08 01:47:00","Collar_45_2026-06-08 01:47:00",2026-06-08 01:48:29.5,276.635472063,-0.132306568636711,2.49244749344026e-35,0.729852100625287,0.753604809442317,301.892469569556,-0.0677820289233518,0.004413232412285,640.275568219307,0.273483944959817,6.44077892138608e-30,0.666566127042945,0.837235669027004,256.481297381753,0.779105592001765,0.687301408447566,302.559691522982,TRUE,-0.0653068183284421,0.00402900824538194,0.988254428486112,2026-06-08 01:48:00,2026-06-08 01:48:59,"Time changed"
"45","2026-06-08 02:46:58","Collar_45_2026-06-08 02:46:58",2026-06-08 02:48:27.5,243.042257962421,-0.125988537124866,3.13459413044282e-51,0.854564311180742,0.655171071750425,262.796862717169,-0.0895417920599526,0.00374982447562672,642.962883278274,0.232373166581159,5.25931052315266e-47,0.828539024270322,0.711380346715,225.474000835715,0.878489763336979,0.604001002940398,262.944824102048,TRUE,-0.0890768186080142,0.00396653164148963,0.768850966393538,2026-06-08 02:47:58,2026-06-08 02:48:57,"Time changed"
"45","2026-06-08 03:47:02","Collar_45_2026-06-08 03:47:02",2026-06-08 03:48:31.5,263.598478793811,-0.132860146028157,4.69291312324506e-18,0.471757100098616,0.713760377243609,281.783076869359,-0.0349059110113149,0.0040585195246883,633.930302848484,0.251502714250554,3.9507452327287e-14,0.385324471336632,0.769942978768312,188.509810761918,0.726723533101133,0.517784120597766,282.197685607136,TRUE,-0.0361467544068362,0.00405862452002385,0.80843736542542,2026-06-08 03:48:02,2026-06-08 03:49:01,"Time changed"
"45","2026-06-08 04:46:59","Collar_45_2026-06-08 04:46:59",2026-06-08 04:48:28.5,205.953379175124,-0.0703508964612283,2.11250789632487e-31,0.685258414881083,0.561358301264323,231.26549754272,-0.0447978477292321,0.00328816067851181,633.228544454125,0.203764286584571,5.67291030006686e-26,0.611347255540565,0.623797966741739,169.120914855117,0.776036878656739,0.477598935637699,231.447953329254,TRUE,-0.0458865088603001,0.00334953526451613,0.713935873467736,2026-06-08 04:47:59,2026-06-08 04:48:58,"Time changed"
"45","2026-06-08 05:47:01","Collar_45_2026-06-08 05:47:01",2026-06-08 05:48:30.5,218.453386548136,-0.168996532214784,2.77206381766062e-40,0.777225795342339,0.591370514399145,263.493719842729,-0.0589756051975345,0.00376072818074849,635.905943558077,0.233048859137725,1.22990317132592e-30,0.675756481392984,0.71344889194436,102.607665016708,0.917940517778639,0.361995866234282,263.572314194301,TRUE,-0.057966318629639,0.0040443913756311,0.819403510579647,2026-06-08 05:48:01,2026-06-08 05:49:00,"Time changed"
"45","2026-06-08 06:46:58","Collar_45_2026-06-08 06:46:58",2026-06-08 06:48:27.5,343.446435985338,-0.399431818738057,1.61106484214703e-40,0.779260744956389,0.995501989047799,387.358733569196,-0.100174414940758,0.00630105341156135,636.856956824917,0.390470472300389,4.09266192882276e-31,0.681724303684705,1.19537476746484,240.980275207901,0.909099622231251,0.64431345237509,387.358733569203,TRUE,-0.100174414940758,0.00630105341156135,1.6470906144408,2026-06-08 06:47:58,2026-06-08 06:48:57,"Time changed"
"45","2026-06-08 07:46:59","Collar_45_2026-06-08 07:46:59",2026-06-08 07:48:28.5,340.009248447843,-0.442617178145746,1.37736444208131e-31,0.687523266330097,0.981346400483083,373.139349273817,-0.0770929148891405,0.00593857611310126,635.072229195935,0.368008088206297,1.76311601008879e-24,0.588168540117914,1.12660908844948,257.566642342696,0.847955238161688,0.690416610032164,373.167551009817,TRUE,-0.0775681344261459,0.00608938056889669,1.42973643971596,2026-06-08 07:47:59,2026-06-08 07:48:58,"Time changed"
"45","2026-06-08 08:46:59","Collar_45_2026-06-08 08:46:59",2026-06-08 08:48:28.5,NA,NA,NA,NA,NA,47.5001954795393,-0.000938973378803907,0.00259264314253073,631.901737818095,0.160663705930956,0.71854248147249,0.00225637894395838,0.347791264077876,47.3687303535706,0.0686467849733762,0.341968718943076,47.521751053786,TRUE,-0.00110647870625479,0.00260367005549878,0.357155556972356,2026-06-08 08:47:59,2026-06-08 08:48:58,"Time changed"
"45","2026-06-08 09:46:56","Collar_45_2026-06-08 09:46:56",2026-06-08 09:48:25.5,NA,NA,NA,NA,NA,38.592621223085,-0.000254248896930685,0.0024071611044976,631.619102012579,0.149169554990869,0.916246808653106,0.000192307543542216,0.322909693832804,42.1400145129862,0.00770592713248601,0.327388204271664,38.6247200590538,TRUE,-0.000196678010149832,0.00266630632660986,0.357376233833277,2026-06-08 09:47:56,2026-06-08 09:48:55,"Time changed"
"45","2026-06-08 10:46:56","Collar_45_2026-06-08 10:46:56",2026-06-08 10:48:25.5,NA,NA,NA,NA,NA,29.6502943302719,0.00786785490254112,0.00223430160320251,630.896502877725,0.13845761101838,0.000843586191031124,0.176138837856131,0.299721379375995,32.7971290228318,0.187770771542313,0.302865634515184,29.7173553650886,TRUE,0.00839373622366882,0.00242503616542218,0.295485357171558,2026-06-08 10:47:56,2026-06-08 10:48:55,"Time changed"
"45","2026-06-08 11:46:58","Collar_45_2026-06-08 11:46:58",2026-06-08 11:48:27.5,35.7547211912435,0.0198547689384806,3.25784726099699e-12,0.569755982607405,0.315362739903078,34.7099172123794,0.020737091769832,0.00233052187098574,632.072975786031,0.144420292327707,1.95415531237222e-12,0.57718313992406,0.312628889867229,31.3719182106851,0.625856599759596,0.299289849437968,34.7719761087625,TRUE,0.0213054070338896,0.00244994976896146,0.311393363495157,2026-06-08 11:47:58,2026-06-08 11:48:57,"Time changed"
"45","2026-06-08 12:46:58","Collar_45_2026-06-08 12:46:58",2026-06-08 12:48:27.5,NA,NA,NA,NA,NA,23.3596315950808,-0.000556696409371806,0.00212019169758349,631.629377324751,0.131386325341059,0.79381327816487,0.0011872513297705,0.284414055484013,25.0316588840819,0.0391985526862274,0.28388720834357,23.9390233336964,TRUE,-0.00171816007773634,0.00225400650733486,0.242744476714996,2026-06-08 12:47:58,2026-06-08 12:48:57,"Time changed"
"45","2026-06-08 13:46:56","Collar_45_2026-06-08 13:46:56",2026-06-08 13:48:25.5,NA,NA,NA,NA,NA,21.4291102730436,0.00500604060417646,0.00208635563849713,631.498924985513,0.129289535945814,0.0196543627589731,0.0902989609758002,0.27987510233307,23.3633988247933,0.121085614679326,0.279967867706854,22.0615817950067,TRUE,0.00646858879691752,0.00208724648707904,0.228508031756701,2026-06-08 13:47:56,2026-06-08 13:48:55,"Time changed"
"45","2026-06-08 14:46:56","Collar_45_2026-06-08 14:46:56",2026-06-08 14:48:25.5,NA,NA,NA,NA,NA,20.0921963650151,0.011326235582627,0.00206324065675145,630.993375886698,0.127857121831868,9.3005650027427e-07,0.341918756930225,0.27677433285632,22.7214625238224,0.356782561627619,0.27847418699014,20.2153332885085,TRUE,0.0116625994171868,0.00217030044133445,0.26415747567764,2026-06-08 14:47:56,2026-06-08 14:48:55,"Time changed"
"45","2026-06-08 15:47:00","Collar_45_2026-06-08 15:47:00",2026-06-08 15:48:29.5,12.4354103402871,-0.00417813446116036,0.0152503619097988,0.0973104391305196,0.259665935424306,12.150849676768,-0.00494528226478599,0.00193111970360418,632.755852847332,0.119669708139812,0.0130666216031227,0.101581468739553,0.259050909006553,15.9742713307647,0.104221602884149,0.263248585016598,12.1648865665223,TRUE,-0.00481563438123089,0.0019053980601867,0.256952712690256,2026-06-08 15:48:00,2026-06-08 15:48:59,"Time changed"
"45","2026-06-08 16:46:55","Collar_45_2026-06-08 16:46:55",2026-06-08 16:48:24.5,NA,NA,NA,NA,NA,16.7020780106181,0.00225917508310739,0.0020057677291612,631.8649115135,0.124295577481287,0.264660712308068,0.0214049163836657,0.269064601498012,20.3068429442263,0.0278299829347247,0.272926775989659,16.7154605822318,TRUE,0.00236453624005355,0.00210847848355412,0.296322214460722,2026-06-08 16:47:55,2026-06-08 16:48:54,"Time changed"
"45","2026-06-08 17:46:55","Collar_45_2026-06-08 17:46:55",2026-06-08 17:48:24.5,NA,NA,NA,NA,NA,41.9493882152298,0.00678050565840357,0.00247544739783334,630.764869954279,0.153401193650133,0.00817080963850896,0.114540125113812,0.332069988934291,43.6098985994677,0.148401093394094,0.33142305459562,41.999023530242,TRUE,0.00662975710235309,0.002613476740286,0.368417120454058,2026-06-08 17:47:55,2026-06-08 17:48:54,"Time changed"
"45","2026-06-08 18:47:01","Collar_45_2026-06-08 18:47:01",2026-06-08 18:48:30.5,NA,NA,NA,NA,NA,17.6931920318143,0.015455322320487,0.00202240253471621,634.009911882723,0.125326421049407,2.44263031824901e-10,0.501722866791857,0.271296084865992,19.0265496186858,0.523383409387941,0.270030368430862,17.8885599786792,TRUE,0.0146000273375707,0.00198343500740565,0.269926095515779,2026-06-08 18:48:01,2026-06-08 18:49:00,"Time changed"
"45","2026-06-08 19:47:03","Collar_45_2026-06-08 19:47:03",2026-06-08 19:48:32.5,33.6799828827328,0.0104765554083259,0.152931147969876,0.0349005651824501,0.309957144891722,34.1387649514365,0.00297004465352412,0.00231945586979307,632.022057939968,0.143734542433214,0.205469400339138,0.0274927746760434,0.311144436229954,36.1634723217866,0.0589879347112341,0.31148217626449,34.2188114106064,TRUE,0.00299100773141752,0.00244198157595653,0.341446922322123,2026-06-08 19:48:03,2026-06-08 19:49:02,"Time changed"
"45","2026-06-08 20:47:01","Collar_45_2026-06-08 20:47:01",2026-06-08 20:48:30.5,NA,NA,NA,NA,NA,26.6424180014885,0.00441557455975206,0.00217899347479524,631.889708724208,0.135030217277897,0.0473276459397506,0.0661189794012464,0.292302045964082,25.9798048868129,0.135942925909484,0.28613914750614,26.8236690421982,TRUE,0.00418675297685885,0.00225728997050673,0.268980936386401,2026-06-08 20:48:01,2026-06-08 20:49:00,"Time changed"
"45","2026-06-08 21:47:02","Collar_45_2026-06-08 21:47:02",2026-06-08 21:48:31.5,NA,NA,NA,NA,NA,21.9710829645908,0.0170110463514094,0.0020957998477156,633.210573348168,0.129874784886455,3.90440589476579e-11,0.531810050103669,0.281141999966772,25.2315598258735,0.537545254880913,0.284360513462283,21.9869578022974,TRUE,0.0172166207657215,0.00233331584814712,0.302018413653513,2026-06-08 21:48:02,2026-06-08 21:49:01,"Time changed"
"45","2026-06-08 22:47:01","Collar_45_2026-06-08 22:47:01",2026-06-08 22:48:30.5,NA,NA,NA,NA,NA,41.7171408766578,0.00487387946439757,0.00247066106380028,630.454811241166,0.153104588941618,0.0533025117187262,0.0628770024263478,0.331427924032898,44.0412750669123,0.0886897088919581,0.332616599477882,42.8506734572558,TRUE,0.00585397032402445,0.00206306889040555,0.238178136476615,2026-06-08 22:48:01,2026-06-08 22:49:00,"Time changed"
"49","2026-06-08 01:09:28","Collar_49_2026-06-08 01:09:28",2026-06-08 01:10:57.5,NA,NA,NA,NA,NA,3.04574299784116,0.000428732345668602,0.00127050276517686,648.536899820327,0.0787318853490926,0.736376521129717,0.000964096175314127,0.241027467677089,1.18202019792405,0.0486078232321517,0.237229004687582,3.06444310907727,TRUE,0.000594666116953575,0.00134121764282661,0.222643939013119,2026-06-08 01:10:28,2026-06-08 01:11:27,"Time changed"
"49","2026-06-08 02:09:27","Collar_49_2026-06-08 02:09:27",2026-06-08 02:10:56.5,NA,NA,NA,NA,NA,87.563794732605,-0.00308786332472281,0.00180682515863652,646.412389698493,0.111967289749129,0.0900798896475824,0.024153679645618,0.342773352768574,86.2532798612564,0.0663974383894724,0.338149978702048,87.6003845909959,TRUE,-0.00275274024172172,0.00189507981477128,0.397792626763236,2026-06-08 02:10:27,2026-06-08 02:11:26,"Time changed"
"49","2026-06-08 03:09:29","Collar_49_2026-06-08 03:09:29",2026-06-08 03:10:58.5,NA,NA,NA,NA,NA,28.3120199181187,-0.000771719422360944,0.00141155065307548,645.853747289189,0.087472492959829,0.585605202676706,0.00252665077942116,0.267785705575671,31.6971888146091,0.00762422767470776,0.269393321935128,28.3918689140635,TRUE,-0.00116674152148589,0.00134408461900766,0.231562026253487,2026-06-08 03:10:29,2026-06-08 03:11:28,"Time changed"
"49","2026-06-08 04:09:25","Collar_49_2026-06-08 04:09:25",2026-06-08 04:10:54.5,NA,NA,NA,NA,NA,31.8628733752803,-0.00373700042204491,0.00143259011738324,646.213076000689,0.08877628917113,0.0102680644314374,0.0545220040516478,0.271777108776337,32.804239076593,0.0783164012520976,0.270638825414662,31.9478866130985,TRUE,-0.00411393508696763,0.00149661071953691,0.301308406240057,2026-06-08 04:10:25,2026-06-08 04:11:24,"Time changed"
"49","2026-06-08 05:09:29","Collar_49_2026-06-08 05:09:29",2026-06-08 05:10:58.5,NA,NA,NA,NA,NA,33.0229500556801,-0.00307908962048681,0.00143953152332375,645.425507607644,0.0892064416994428,0.034500376742904,0.0373250140753999,0.273093965017673,32.0942406291755,0.0760635662414581,0.269839370414582,33.060155260019,TRUE,-0.00282941251989528,0.00161428150908659,0.302923255860742,2026-06-08 05:10:29,2026-06-08 05:11:28,"Time changed"
"49","2026-06-08 06:09:25","Collar_49_2026-06-08 06:09:25",2026-06-08 06:10:54.5,NA,NA,NA,NA,NA,39.2832654571558,-0.00150456250875028,0.00147757521676935,645.502552646463,0.0915639743177982,0.310635457016566,0.00871043416772636,0.280311245722293,26.0472309733365,0.141339972529428,0.263125468249131,39.3203011715151,TRUE,-0.00171840666241026,0.00154207823536692,0.307608508040346,2026-06-08 06:10:25,2026-06-08 06:11:24,"Time changed"
"49","2026-06-08 07:09:25","Collar_49_2026-06-08 07:09:25",2026-06-08 07:10:54.5,36.2412833866058,-0.0042882852542918,0.0122710889746091,0.0519718190674957,0.276780743316401,37.2066586799063,-0.00342647530091724,0.00146484560655568,645.556335371578,0.090775132105604,0.0210099242450636,0.0443143675284205,0.277896307480195,26.606338928187,0.153796654883742,0.263739164236482,37.4553132160303,TRUE,-0.00368572859079297,0.00154292194167584,0.220367272971162,2026-06-08 07:10:25,2026-06-08 07:11:24,"Time changed"
"49","2026-06-08 08:09:28","Collar_49_2026-06-08 08:09:28",2026-06-08 08:10:57.5,NA,NA,NA,NA,NA,7.450239573297,0.00040579219701261,0.00129403438618951,644.992769120451,0.0801901182144013,0.754388482229992,0.000832668179632943,0.245491658687509,11.1775337216778,0.00310074652864526,0.247317741343578,7.60247786667436,TRUE,0.00046762058775676,0.00136972447645,0.267030877331951,2026-06-08 08:10:28,2026-06-08 08:11:27,"Time changed"
"49","2026-06-08 09:09:25","Collar_49_2026-06-08 09:09:25",2026-06-08 09:10:54.5,NA,NA,NA,NA,NA,20.0140500126048,0.00224755798860397,0.00206189747139099,646.149709230782,0.12777388587308,0.280202077082212,0.0200748627222135,0.276594150660497,18.9601614761198,0.0992347294760301,0.269881019625491,20.0250696428553,TRUE,0.00226432082434059,0.00228325616851897,0.254502314729818,2026-06-08 09:10:25,2026-06-08 09:11:24,"Time changed"
"49","2026-06-08 10:09:29","Collar_49_2026-06-08 10:09:29",2026-06-08 10:10:46,-0.453757546291743,0.0308025922374425,0.268269727183405,0.0370017219538322,0.227247665326336,-0.201687721277106,-0.00385893993336914,0.0038170620105834,645.505978925734,0.183497092863589,0.319385809706412,0.0300411783560508,0.228067458752276,-4.95522166677499,0.244671579420512,0.207649414509175,-0.0129392620929742,TRUE,-0.00260065944207919,0.00390100146652012,0.216162460919097,2026-06-08 10:10:29,2026-06-08 10:11:03,"Time changed"
"49","2026-06-08 11:09:27","Collar_49_2026-06-08 11:09:27",2026-06-08 11:10:56.5,26.5029558112482,-0.0148801236424685,0.735878595407481,0.00197678641443895,0.291962534260472,26.4098810487698,-0.000984914184410375,0.00217477509246747,644.819704007563,0.134768808013083,0.652324110435966,0.00352376579062302,0.291736169196056,29.7634590321281,0.0142018773983374,0.295304986095618,26.6408800333886,TRUE,-0.000749552901187705,0.0022321118372626,0.264558968972165,2026-06-08 11:10:27,2026-06-08 11:11:26,"Time changed"
"49","2026-06-08 12:09:31","Collar_49_2026-06-08 12:09:31",2026-06-08 12:11:00.5,NA,NA,NA,NA,NA,19.8935582876228,-0.00389423650348887,0.00205982816393276,644.90553055352,0.127645652797152,0.0636817427145918,0.0580475191730395,0.276316562493865,23.7881945015458,0.0597001956409933,0.280960700130829,20.0228654717641,TRUE,-0.00439240119709581,0.00231676642310992,0.271124981433221,2026-06-08 12:10:31,2026-06-08 12:11:30,"Time changed"
"49","2026-06-08 13:09:29","Collar_49_2026-06-08 13:09:29",2026-06-08 13:10:58.5,NA,NA,NA,NA,NA,34.3258781347424,0.00026292208737398,0.00232307536405039,644.464115295396,0.14395883915629,0.910279912079259,0.000220802327650274,0.311629974892189,36.7177152342164,0.0266616728006696,0.312924143606387,34.5556913130235,TRUE,0.00105633658333946,0.00240157906322601,0.326244166948283,2026-06-08 13:10:29,2026-06-08 13:11:28,"Time changed"
"49","2026-06-08 14:09:29","Collar_49_2026-06-08 14:09:29",2026-06-08 14:10:58.5,NA,NA,NA,NA,NA,55.7643340281893,-0.00330483410505023,0.00277748459157078,644.46842852124,0.172118160161566,0.238947003485033,0.023828362723375,0.372586902228399,59.5942501998161,0.026591627804062,0.378644814156022,55.7744594776699,TRUE,-0.00353195591088502,0.00303671577323458,0.445673492114252,2026-06-08 14:10:29,2026-06-08 14:11:28,"Time changed"
"49","2026-06-08 15:09:30","Collar_49_2026-06-08 15:09:30",2026-06-08 15:10:59.5,NA,NA,NA,NA,NA,40.1485682896765,-0.00506257186336944,0.00243857612531738,644.471459292562,0.151116314876179,0.0423330427227414,0.0691691652900689,0.327123875731851,43.9564471559516,0.0721449364309549,0.33238155613628,40.1792590652889,TRUE,-0.00484216524227233,0.00266474987214582,0.333330896404096,2026-06-08 15:10:30,2026-06-08 15:11:29,"Time changed"
"49","2026-06-08 16:09:27","Collar_49_2026-06-08 16:09:27",2026-06-08 16:10:56.5,NA,NA,NA,NA,NA,-10.2134013793493,-0.000350202066992574,0.00160276655539074,643.859117150034,0.0993219661846371,0.827807742282495,0.000822453852841419,0.215003830329295,-13.1567793106232,0.110010627888452,0.206508179254867,-10.067975114361,TRUE,0.000240036855581531,0.00184323877895109,0.20463435692674,2026-06-08 16:10:27,2026-06-08 16:11:26,"Time changed"
"49","2026-06-08 17:09:29","Collar_49_2026-06-08 17:09:29",2026-06-08 17:10:58.5,-5.05466765723235,0.0151157697282464,0.868183254954408,0.000478908819284253,0.224448277557205,-5.16266042632897,-0.00060809846456246,0.00167166601203133,644.122721489884,0.103591602008757,0.717353998592562,0.00227630828962055,0.224246378494223,-15.8264611312591,0.218605848813276,0.20196464798174,-4.62439566201565,TRUE,0.000323091057365508,0.00154814156900526,0.19685127046197,2026-06-08 17:10:29,2026-06-08 17:11:28,"Time changed"
"49","2026-06-08 18:09:26","Collar_49_2026-06-08 18:09:26",2026-06-08 18:10:40.5,NA,NA,NA,NA,NA,5.27679036195509,-0.00671131470998543,0.00521987160255652,644.477671336934,0.236637377745017,0.209071454779378,0.0557475343958735,0.247462656439872,2.59158082748285,0.2443689296004,0.229727428972354,5.27744312363286,TRUE,-0.00683482757237335,0.005949582308995,0.286902976451462,2026-06-08 18:10:26,2026-06-08 18:10:55,"Time changed"
"49","2026-06-08 19:09:30","Collar_49_2026-06-08 19:09:30",2026-06-08 19:10:59.5,NA,NA,NA,NA,NA,-19.5798576807439,-0.00293718564345552,0.00148242228760217,643.768545539792,0.0918643428298142,0.0523001418639738,0.0633939601426884,0.198860195159413,-15.7654708779079,0.0662869237593629,0.202067323030671,-19.5098472172306,TRUE,-0.00288897438814219,0.00155280002350558,0.230177689992401,2026-06-08 19:10:30,2026-06-08 19:11:29,"Time changed"
"49","2026-06-08 20:09:24","Collar_49_2026-06-08 20:09:24",2026-06-08 20:10:53.5,NA,NA,NA,NA,NA,-20.7922629084705,-0.00402212505682815,0.0014675202238567,643.309199375227,0.0909408756745814,0.00813444091311122,0.114663063146503,0.196861151209867,-21.9696374923098,0.18785514609239,0.191885633510226,-20.6280076969683,TRUE,-0.0041101198361744,0.00139627001203697,0.210978134549394,2026-06-08 20:10:24,2026-06-08 20:11:23,"Time changed"
"49","2026-06-08 21:09:28","Collar_49_2026-06-08 21:09:28",2026-06-08 21:10:57.5,NA,NA,NA,NA,NA,48.3774837835813,-0.00502315595334232,0.00261166672520816,642.783480281646,0.161842579815642,0.0593491266390123,0.0599566942294511,0.35034319101226,50.0929406056224,0.0950766675930734,0.349820798787669,48.4029243272778,TRUE,-0.00519296651288081,0.00290177555360776,0.362115949836757,2026-06-08 21:10:28,2026-06-08 21:11:27,"Time changed"
"49","2026-06-08 22:09:29","Collar_49_2026-06-08 22:09:29",2026-06-08 22:10:58.5,NA,NA,NA,NA,NA,-14.0864136198752,0.000962040044817747,0.00155186297908751,642.277077143943,0.0961675184784125,0.537734601892224,0.00658238705877003,0.208175347512604,-25.2030998154821,0.227828741738824,0.186784214310582,-13.944576345066,TRUE,0.000586369793698129,0.00157844410648777,0.196947260011121,2026-06-08 22:10:29,2026-06-08 22:11:28,"Time changed"
"49","2026-06-08 23:09:29","Collar_49_2026-06-08 23:09:29",2026-06-08 23:10:43.5,NA,NA,NA,NA,NA,-4.18172002824671,0.000242123030150718,0.00445858283056458,641.668130777843,0.202125153608572,0.957077848083262,0.00010531124631203,0.211371626587202,-0.795952693370753,0.0203694213662087,0.217116618734439,-4.15913234263548,TRUE,0.000863330683094642,0.00436800118935973,0.206635923332923,2026-06-08 23:10:29,2026-06-08 23:10:58,"Time changed"
"50","2026-06-08 00:42:33","Collar_50_2026-06-08 00:42:33",2026-06-08 00:43:32.5,NA,NA,NA,NA,NA,0.765642811953463,0.00579659611188414,0.00175632449121131,603.06713654465,0.108837809934718,0.00165477044027789,0.158111405697048,0.235602927726129,-2.12586904841158,0.249462839870253,0.226391153922271,1.23931472475342,TRUE,0.00490788969539516,0.00179172300532297,0.225326991716755,2026-06-08 00:43:03,2026-06-08 00:44:02,NA
"50","2026-06-08 01:42:29","Collar_50_2026-06-08 01:42:29",2026-06-08 01:43:28.5,NA,NA,NA,NA,NA,33.6158501507523,0.00747744081624747,0.0014430921628829,603.618536921283,0.0894270912511196,9.19461266293268e-07,0.185354970646627,0.273769455036094,-5.09237601280299,0.429307470803266,0.23110741941858,33.968555448881,TRUE,0.0069920490150093,0.00137832655959624,0.270075768611949,2026-06-08 01:42:59,2026-06-08 01:43:58,NA
"50","2026-06-08 02:42:31","Collar_50_2026-06-08 02:42:31",2026-06-08 02:43:30.5,NA,NA,NA,NA,NA,18.029983091654,0.0134562034313951,0.00135235434658133,603.37329721407,0.0838041524069936,2.63273258374923e-17,0.456237701888517,0.256555556188205,9.47724873128529,0.51024460152001,0.245571805524219,20.3050619252307,TRUE,0.0121042124264875,0.00110645944678544,0.179182699258833,2026-06-08 02:43:01,2026-06-08 02:44:00,NA
"50","2026-06-08 03:42:30","Collar_50_2026-06-08 03:42:30",2026-06-08 03:43:29.5,NA,NA,NA,NA,NA,101.240850791885,-0.00247929379550533,0.00191278248942267,601.422769944088,0.1185333678782,0.197445845258079,0.0140379281052734,0.362874550358376,28.6200951704366,0.47933252700346,0.265961417559373,101.513052045647,TRUE,-0.0020203988311249,0.00195440302832365,0.378978219609636,2026-06-08 03:43:00,2026-06-08 03:43:59,NA
"50","2026-06-08 04:42:29","Collar_50_2026-06-08 04:42:29",2026-06-08 04:43:28.5,NA,NA,NA,NA,NA,29.7453530967941,0.00361808460025639,0.00142000596972462,601.075808004155,0.0879964611394007,0.012120994750511,0.052147767987403,0.269389766279991,-5.45413497220279,0.31628838301336,0.230759326914623,29.8521923250274,TRUE,0.00333986269387324,0.00152786576894833,0.25999057382486,2026-06-08 04:42:59,2026-06-08 04:43:58,NA
"50","2026-06-08 05:42:30","Collar_50_2026-06-08 05:42:30",2026-06-08 05:43:29.5,NA,NA,NA,NA,NA,-85.7832582657161,0.00202938754361809,0.000877473837962166,599.895516469891,0.05437624498019,0.022468434003352,0.0433637138501084,0.166465829838219,-98.2601990546676,0.166098388951399,0.156754887443145,-85.7664000126099,TRUE,0.00194479606148635,0.000912214291885775,0.170263561350357,2026-06-08 05:43:00,2026-06-08 05:43:59,NA
"50","2026-06-08 06:42:30","Collar_50_2026-06-08 06:42:30",2026-06-08 06:43:29.5,NA,NA,NA,NA,NA,-20.2365664973156,0.00434959400358661,0.00115304131969454,600.10481716096,0.0714529078355211,0.000254446245313067,0.107616137811199,0.218743820974161,-39.6329104727916,0.26569325821314,0.20012931407344,-20.2286147750837,TRUE,0.00431605664880201,0.00127160531599339,0.234078989837469,2026-06-08 06:43:00,2026-06-08 06:43:59,NA
"50","2026-06-08 07:42:31","Collar_50_2026-06-08 07:42:31",2026-06-08 07:43:30.5,NA,NA,NA,NA,NA,-48.5349928967295,-0.0023733562550476,0.0010247953840335,600.420259889056,0.0635056254055247,0.0222885250154732,0.0434775157744786,0.194414245345134,-49.5761003584362,0.0828279599180143,0.192007372575601,-48.5252141348271,TRUE,-0.0023218200386265,0.000953303967426379,0.161583199860414,2026-06-08 07:43:01,2026-06-08 07:44:00,NA
"50","2026-06-08 08:41:40","Collar_50_2026-06-08 08:41:40",2026-06-08 08:42:39.5,NA,NA,NA,NA,NA,14.8759372637828,0.00382263417571309,0.00133469816990543,599.079580287058,0.0827100154118989,0.00495207280176852,0.0649965846374243,0.253205997517659,-9.55961860520713,0.262263129857303,0.226845486784817,19.6517427194713,TRUE,0.0012459902232315,0.000959485083469204,0.171532009965398,2026-06-08 08:42:10,2026-06-08 08:43:09,NA
"50","2026-06-08 09:37:31","Collar_50_2026-06-08 09:37:31",2026-06-08 09:38:30.5,NA,NA,NA,NA,NA,3.29458458325198,0.00526008397290101,0.00179373095470944,601.149317776074,0.111155854000557,0.00480697613549288,0.129121956152906,0.240620834360206,6.2002101391694,0.144862414729608,0.242656840439418,3.29992507435891,TRUE,0.00536472805049973,0.00169624680600059,0.17826161762553,2026-06-08 09:38:01,2026-06-08 09:39:00,"Flux unusable, remove"
"50","2026-06-08 10:37:30","Collar_50_2026-06-08 10:37:30",2026-06-08 10:38:29.5,NA,NA,NA,NA,NA,-3.08669284504387,0.000147072186396285,0.00170083697983822,602.745730944953,0.105399299997178,0.931390254306769,0.00012889965066759,0.228159530906718,-12.5755997512089,0.2014390814966,0.207510757892978,-2.9373151105954,TRUE,0.000578252658870913,0.00167958135396041,0.242262479618397,2026-06-08 10:38:00,2026-06-08 10:38:59,NA
"50","2026-06-08 11:37:28","Collar_50_2026-06-08 11:37:28",2026-06-08 11:38:27.5,NA,NA,NA,NA,NA,-7.15540198557933,0.00800070313662734,0.0016441352489681,600.403732815632,0.10188554599654,9.09977576037651e-06,0.289911630197827,0.220553252074424,-4.72813581140473,0.308282803596135,0.221534584817108,-7.12724450062813,TRUE,0.00793778882072179,0.00170841198599733,0.238199016493481,2026-06-08 11:37:58,2026-06-08 11:38:57,NA
"50","2026-06-08 12:37:29","Collar_50_2026-06-08 12:37:29",2026-06-08 12:38:28.5,NA,NA,NA,NA,NA,1.03756647842227,0.0121478813576302,0.0017603088888494,600.095586340484,0.109084719383974,4.29765822629344e-09,0.450880921443831,0.236137416514197,-4.22204271958577,0.529409401288977,0.222470867145853,1.05707648502012,TRUE,0.0123681503163668,0.00182769826218613,0.273469349733993,2026-06-08 12:37:59,2026-06-08 12:38:58,NA
"50","2026-06-08 13:37:27","Collar_50_2026-06-08 13:37:27",2026-06-08 13:38:26.5,NA,NA,NA,NA,NA,-30.0080651268987,0.0177191070362919,0.00135903610475931,598.975092316727,0.0842182148027777,6.91121276182798e-19,0.745602134935991,0.182308500945618,-27.1710971592185,0.750485863680572,0.183745939249711,-30.0025321852737,TRUE,0.0176815635948524,0.00133123538554613,0.197896995621633,2026-06-08 13:37:57,2026-06-08 13:38:56,NA
"50","2026-06-08 14:37:29","Collar_50_2026-06-08 14:37:29",2026-06-08 14:38:28.5,NA,NA,NA,NA,NA,-24.4637717704255,0.0138211310195354,0.00142330003915605,600.378172470681,0.0882005915859574,9.11029086416706e-14,0.619163212450918,0.190929214923494,-25.9518034324269,0.652451678559339,0.185622458816172,-24.2950140054019,TRUE,0.0141163737404899,0.00139083794209234,0.18599425287085,2026-06-08 14:37:59,2026-06-08 14:38:58,NA
"50","2026-06-08 15:37:27","Collar_50_2026-06-08 15:37:27",2026-06-08 15:38:26.5,NA,NA,NA,NA,NA,-57.0242270555335,0.00776641547947232,0.00108506622199782,600.338960095251,0.0672405536831821,1.59347732406614e-09,0.469012866160559,0.145556689528997,-57.5683562173709,0.507742327071712,0.142628528328553,-57.0038231511076,TRUE,0.00765411862786533,0.00109212931796566,0.146713659296879,2026-06-08 15:37:57,2026-06-08 15:38:56,NA
"50","2026-06-08 16:37:28","Collar_50_2026-06-08 16:37:28",2026-06-08 16:38:27.5,NA,NA,NA,NA,NA,-37.4677159510676,0.00606270063606565,0.00127712562217764,599.903164233584,0.0791422976932141,1.39220364892273e-05,0.279819685902322,0.171320582936006,-36.0117495818197,0.309717415579313,0.170695613954908,-37.4530912395081,TRUE,0.00591449112018752,0.00133261434067783,0.207557833420042,2026-06-08 16:37:58,2026-06-08 16:38:57,NA
"50","2026-06-08 17:37:29","Collar_50_2026-06-08 17:37:29",2026-06-08 17:38:28.5,-33.4275075997192,0.00603008261647466,0.0158096464024558,0.0963149335161905,0.177186873530292,-33.434826874592,0.00328591450824201,0.00132077588300217,600.690221401461,0.0818472641245283,0.0157467209788668,0.0964251654492455,0.177176066531283,-32.5780743586732,0.142542619358963,0.175650442021467,-33.372339592783,TRUE,0.00343151291803483,0.00139687553075179,0.202600672126254,2026-06-08 17:37:59,2026-06-08 17:38:58,NA
"50","2026-06-08 18:37:29","Collar_50_2026-06-08 18:37:29",2026-06-08 18:38:28.5,NA,NA,NA,NA,NA,-55.8983075208256,0.00314211327080226,0.00109529494374647,599.834737326148,0.0678744181422418,0.00573917724741294,0.124259336579391,0.146928825943957,-52.5381670316953,0.133548898295068,0.148734344167146,-55.769638069452,TRUE,0.00302233507812742,0.00110130548476516,0.165017322447656,2026-06-08 18:37:59,2026-06-08 18:38:58,NA
"50","2026-06-08 19:37:32","Collar_50_2026-06-08 19:37:32",2026-06-08 19:38:31.5,-36.2287069252659,0.00685396970447708,4.62605206861822e-05,0.250647901414771,0.173098644353489,-33.3987326932493,0.00525725308435053,0.00132117321212308,600.054710597583,0.0818718862439372,0.000194622261831356,0.214456997306935,0.177229366422405,-37.1622966652545,0.3097992695626,0.169066823592545,-32.3104072781189,TRUE,0.00415628580601371,0.00124337085169326,0.131492595653214,2026-06-08 19:38:02,2026-06-08 19:39:01,NA
"50","2026-06-08 20:37:32","Collar_50_2026-06-08 20:37:32",2026-06-08 20:38:31.5,NA,NA,NA,NA,NA,-27.5480857186362,0.00866947342869913,0.0013871836357503,600.427763312272,0.0859624913550086,5.2632715164845e-08,0.402423338704818,0.186084363972595,-31.3824656935345,0.475571247656563,0.177409265997613,-27.3831969117964,TRUE,0.00861248810160169,0.00133896508985101,0.189299831814961,2026-06-08 20:38:02,2026-06-08 20:39:01,NA
"50","2026-06-08 21:37:28","Collar_50_2026-06-08 21:37:28",2026-06-08 21:38:27.5,NA,NA,NA,NA,NA,-41.2064135969174,0.00687512314512979,0.00123794918995977,599.099872611781,0.0767145702971745,7.32368510161927e-07,0.347162299268474,0.166065243063117,-38.8130402696123,0.364411435323717,0.166757030519152,-41.0384806201,TRUE,0.00637606154395717,0.00125084661116888,0.189724798064168,2026-06-08 21:37:58,2026-06-08 21:38:57,NA
"50","2026-06-08 22:37:26","Collar_50_2026-06-08 22:37:26",2026-06-08 22:38:25.5,NA,NA,NA,NA,NA,8.08317548524824,0.0225797831884666,0.00186675701177905,599.206654484962,0.115681211449819,1.6953517797596e-17,0.716112956237065,0.25041694716965,9.66837586730167,0.727311596139697,0.249772286075166,8.13063546979988,TRUE,0.0222700476896817,0.00200730120858384,0.262737521603427,2026-06-08 22:37:56,2026-06-08 22:38:55,NA
"50","2026-06-08 23:37:27","Collar_50_2026-06-08 23:37:27",2026-06-08 23:38:26.5,-30.2763938163031,0.0124741598397271,1.99834307442931e-06,0.324875708466555,0.18190130136977,-30.6022871241115,0.00720396077974452,0.00135232299672503,598.187053029883,0.0838022096852935,1.69842356544459e-06,0.328532742593768,0.181407968091391,-28.8703849466159,0.3534415370708,0.181162298622988,-30.6006629477213,TRUE,0.00725710119120452,0.0014968874702213,0.205085287141616,2026-06-08 23:37:57,2026-06-08 23:38:56,NA
"51","2026-06-08 00:45:31","Collar_51_2026-06-08 00:45:31",2026-06-08 00:46:30.5,NA,NA,NA,NA,NA,11.1532447353036,-0.00632702241555196,0.00191513212970284,603.935289712859,0.118678972920723,0.00163855623280752,0.158376616670178,0.256906248815772,-1.24231084669696,0.359612561226961,0.228064220419174,11.29181524301,TRUE,-0.00564460548644453,0.00196479147816659,0.270381602406908,2026-06-08 00:46:01,2026-06-08 00:47:00,NA
"51","2026-06-08 01:45:29","Collar_51_2026-06-08 01:45:29",2026-06-08 01:46:28.5,NA,NA,NA,NA,NA,72.5029790318297,-0.00359655864570681,0.00169692510305257,603.936263945577,0.105156884598307,0.0361478096440718,0.0366725307181422,0.321924179653013,25.9687085602553,0.367756575983819,0.263039393802718,73.4495322085723,TRUE,-0.00456511201516184,0.00148111013744419,0.289823139198713,2026-06-08 01:45:59,2026-06-08 01:46:58,NA
"51","2026-06-08 02:45:31","Collar_51_2026-06-08 02:45:31",2026-06-08 02:46:30.5,NA,NA,NA,NA,NA,83.8250048075807,-0.00602942506882303,0.00177889601885285,604.109405407777,0.110236546698727,0.000952971009058292,0.0887198094937475,0.337474907128811,14.1288426274242,0.506898157981949,0.250377813874509,83.8603881827803,TRUE,-0.00619200756640916,0.00173384284077685,0.377153008069036,2026-06-08 02:46:01,2026-06-08 02:47:00,NA
"51","2026-06-08 03:45:28","Collar_51_2026-06-08 03:45:28",2026-06-08 03:46:27.5,NA,NA,NA,NA,NA,72.9924435863754,-0.00315267722075709,0.00170038940400149,601.526186753231,0.105371564135102,0.0662231545828668,0.028307979137821,0.32258139324426,28.9558298225931,0.348854064351089,0.266333729844821,74.3362094197356,TRUE,-0.00220382860917549,0.00155624985382288,0.234389368081154,2026-06-08 03:45:58,2026-06-08 03:46:57,NA
"51","2026-06-08 04:45:30","Collar_51_2026-06-08 04:45:30",2026-06-08 04:46:29.5,NA,NA,NA,NA,NA,147.767402946912,0.00540877588161263,0.00232197848305964,601.485402623238,0.143890866452277,0.0215393130480414,0.0439617383409217,0.440503247306705,-16.8121428686093,0.765379717900653,0.220093016586579,148.036469388054,TRUE,0.00442665649341564,0.00244870731654624,0.499634316780724,2026-06-08 04:46:00,2026-06-08 04:46:59,NA
"51","2026-06-08 05:45:30","Collar_51_2026-06-08 05:45:30",2026-06-08 05:46:29.5,NA,NA,NA,NA,NA,34.1579261348092,0.035729430043431,0.00144635528664062,598.483436377818,0.0896293040227993,1.86009097432952e-48,0.837965984446963,0.274388503240945,0.0484527560293646,0.882053947123157,0.236111167166209,34.1581938103776,TRUE,0.0357123223653204,0.00147658327932163,0.299864478329297,2026-06-08 05:46:00,2026-06-08 05:46:59,NA
"51","2026-06-08 06:45:30","Collar_51_2026-06-08 06:45:30",2026-06-08 06:46:29.5,36.3747479626185,-0.0314874982364086,9.09775458383001e-25,0.592735157901542,0.276934704557188,41.0209798959163,-0.0188689553587404,0.00148831239010808,601.490449167735,0.0922293470532607,9.05401864085009e-24,0.576657183824421,0.282348198156225,16.5577170700054,0.666050950789646,0.252924580308838,41.4420006285889,TRUE,-0.0180198847113239,0.00143864114245689,0.283914281019574,2026-06-08 06:46:00,2026-06-08 06:46:59,NA
"51","2026-06-08 07:45:31","Collar_51_2026-06-08 07:45:31",2026-06-08 07:46:30.5,140.69735179207,-0.0926524202183794,1.5986425712691e-46,0.825283257988298,0.427715934475491,188.398810590915,-0.0504027660323712,0.00275031966991434,603.149227972609,0.170434775004136,2.58547251563158e-36,0.740000891509041,0.521763984708576,64.4771957191302,0.91046185417056,0.308819152049064,188.435012708336,TRUE,-0.0498994502428232,0.00285662430242257,0.612061497215524,2026-06-08 07:46:01,2026-06-08 07:47:00,NA
"51","2026-06-08 08:44:40","Collar_51_2026-06-08 08:44:40",2026-06-08 08:45:39.5,NA,NA,NA,NA,NA,40.5196973920462,0.0227683885755025,0.00148520703027795,598.759243076003,0.0920369107667647,7.46564841764869e-30,0.66573402882271,0.281759079394269,-12.0154253941411,0.791318122789954,0.224536119408054,41.1232633660838,TRUE,0.021634896145156,0.00150663377073424,0.281118687812409,2026-06-08 08:45:10,2026-06-08 08:46:09,NA
"51","2026-06-08 09:40:29","Collar_51_2026-06-08 09:40:29",2026-06-08 09:41:28.5,NA,NA,NA,NA,NA,-17.5537722785104,-0.00105042717639571,0.00150766406425064,601.635383444691,0.093428552463642,0.48875802262148,0.0082999423629359,0.202246264481538,-14.3103265324897,0.0207260176786498,0.204532549092388,-17.4226629772764,TRUE,-0.00118344501256603,0.00148718510600231,0.194719666976651,2026-06-08 09:40:59,2026-06-08 09:41:58,NA
"51","2026-06-08 10:40:28","Collar_51_2026-06-08 10:40:28",2026-06-08 10:41:27.5,NA,NA,NA,NA,NA,-31.6762045144152,-0.00118605929258482,0.00134027462957136,599.635309323989,0.0830555834776333,0.379844367001505,0.0133220977413249,0.179791734536642,-35.7056973120927,0.136910178631389,0.171131517758268,-31.555540037292,TRUE,-0.000817366367166827,0.00141519634627894,0.169486423026494,2026-06-08 10:40:58,2026-06-08 10:41:57,NA
"51","2026-06-08 11:40:28","Collar_51_2026-06-08 11:40:28",2026-06-08 11:41:27.5,NA,NA,NA,NA,NA,-13.3278524232302,0.000141918979093435,0.00156170390891942,599.687727742346,0.0967773518298149,0.927905474014391,0.000142361887388449,0.209495463408924,-9.9646329549446,0.0106977485789403,0.212075266055876,-13.1652027866483,TRUE,0.000634597093606355,0.00161223819401661,0.207422953268712,2026-06-08 11:40:58,2026-06-08 11:41:57,NA
"51","2026-06-08 12:40:27","Collar_51_2026-06-08 12:40:27",2026-06-08 12:41:26.5,NA,NA,NA,NA,NA,-43.1789721713251,0.00043112417395425,0.00121776613475839,599.745209834718,0.0754638449688532,0.724601183062953,0.00215631143887371,0.163357778172833,-39.4739930866062,0.00705068137057805,0.165841067626911,-43.1027703537322,TRUE,0.000277230438972258,0.00132944294316354,0.146786659400688,2026-06-08 12:40:57,2026-06-08 12:41:56,NA
"51","2026-06-08 13:40:25","Collar_51_2026-06-08 13:40:25",2026-06-08 13:41:24.5,NA,NA,NA,NA,NA,-31.3094817081349,-0.0003196223697713,0.00134437680516221,598.998204433314,0.0833097915180663,0.812914727749004,0.00097360160963624,0.180342022700411,-28.5597688662895,0.0215760294552805,0.18163183874797,-31.2561115773266,TRUE,-0.000116964096322555,0.00132342571765862,0.201481792511087,2026-06-08 13:40:55,2026-06-08 13:41:54,NA
"51","2026-06-08 14:40:28","Collar_51_2026-06-08 14:40:28",2026-06-08 14:41:27.5,-24.033320934394,0.00478005259436742,0.619486326654518,0.00427916784522003,0.191615325092255,-23.9025249671,0.000500321171589677,0.00142997248567439,599.782842844871,0.0886140769467759,0.727694840747354,0.00210619574923713,0.191824293220634,-22.2289388472557,0.0400575858387116,0.191471446128977,-23.450954428608,TRUE,0.00113808772192381,0.00134148653521274,0.171106156478102,2026-06-08 14:40:58,2026-06-08 14:41:57,NA
"51","2026-06-08 15:43:16","Collar_51_2026-06-08 15:43:16",2026-06-08 15:44:15.5,NA,NA,NA,NA,NA,-50.4285782123891,0.00567495991670812,0.0011463749652555,599.86473955027,0.0710397999952426,6.72279798506001e-06,0.297020717432247,0.153780978081027,-49.1148097205144,0.327799340626173,0.153038537258525,-50.3706623104148,TRUE,0.00586492449966886,0.00125984193432954,0.147851207038324,2026-06-08 15:43:46,2026-06-08 15:44:45,NA
"51","2026-06-08 16:40:28","Collar_51_2026-06-08 16:40:28",2026-06-08 16:41:27.5,NA,NA,NA,NA,NA,-51.4602432010251,0.003266102288917,0.00113656158523921,599.827844711436,0.0704316738805208,0.0056614701557179,0.1246336896982,0.152464557866938,-48.2693548410204,0.136358937903948,0.154120570977818,-51.4010233434899,TRUE,0.00343861049944082,0.00111633855585067,0.144906046221382,2026-06-08 16:40:58,2026-06-08 16:41:57,NA
"51","2026-06-08 17:40:28","Collar_51_2026-06-08 17:40:28",2026-06-08 17:41:27.5,NA,NA,NA,NA,NA,-47.2054205958993,0.00297109929828145,0.00117758343999919,600.556353556094,0.0729737604105889,0.014398067389889,0.09889992996549,0.157967452765103,-44.3033069377084,0.11523841674192,0.159299427602787,-47.0968533181942,TRUE,0.0033468417927278,0.00116654702366507,0.13658978944027,2026-06-08 17:40:58,2026-06-08 17:41:57,NA
"51","2026-06-08 18:40:29","Collar_51_2026-06-08 18:40:29",2026-06-08 18:41:28.5,-61.1501929229335,0.032492774904468,2.34555246700952e-12,0.574544766133306,0.140637067215997,-57.3230632545711,0.00904930106194827,0.00108236744156886,599.517950376384,0.0670733127474365,1.52701506601594e-11,0.546522692983888,0.145194660431563,-59.0342505657953,0.587696893824175,0.140896807416136,-57.2918315390814,TRUE,0.00910371632826551,0.0011017652035439,0.156945728023204,2026-06-08 18:40:59,2026-06-08 18:41:58,NA
"51","2026-06-08 19:40:32","Collar_51_2026-06-08 19:40:32",2026-06-08 19:41:31.5,-39.7122300654352,0.0300596172158472,4.06436919197494e-21,0.786704208987265,0.168145936348503,-43.0737122414854,0.0184681458456206,0.00121883478653163,599.758705696927,0.0755300683342759,7.94940718079695e-22,0.798325464091071,0.163501132938854,-40.0485254459452,0.801575573860246,0.165048956530603,-43.028194042946,TRUE,0.0186325596957898,0.00130008817623326,0.177335705321154,2026-06-08 19:41:02,2026-06-08 19:42:01,NA
"51","2026-06-08 20:40:32","Collar_51_2026-06-08 20:40:32",2026-06-08 20:41:31.5,-19.5620559590425,0.0147498986881214,1.21294277717719e-14,0.644509598123664,0.198889697796447,-11.3081233634327,0.0145722866194121,0.00158821151531416,600.265327991876,0.0984200037663176,6.82166193499651e-13,0.592082971094654,0.213051338023703,-23.8863866427542,0.690561487491799,0.188845010083543,-11.3012320228027,TRUE,0.0145846945358745,0.00170878209375615,0.21078867829646,2026-06-08 20:41:02,2026-06-08 20:42:01,NA
"51","2026-06-08 21:40:26","Collar_51_2026-06-08 21:40:26",2026-06-08 21:41:25.5,NA,NA,NA,NA,NA,-55.1549111928363,0.00890129374720198,0.00110210132329566,599.413007400435,0.0682962032095368,4.55675684274489e-11,0.529344476064908,0.147841870746912,-52.36937670847,0.538775290813858,0.148943699020657,-55.1184855344138,TRUE,0.00887561078739059,0.00100118999646002,0.125438641760305,2026-06-08 21:40:56,2026-06-08 21:41:55,NA
"51","2026-06-08 22:40:24","Collar_51_2026-06-08 22:40:24",2026-06-08 22:41:23.5,NA,NA,NA,NA,NA,-0.74610381072879,0.00535808092347165,0.00173433729795902,599.39271974852,0.107475283834236,0.00307736353427739,0.141306346734664,0.232653445936949,-2.71061798377374,0.222562187444098,0.225290654198151,-0.745808890484764,TRUE,0.00536768829164782,0.00195715465669578,0.26532226105003,2026-06-08 22:40:54,2026-06-08 22:41:53,NA
"51","2026-06-08 23:40:27","Collar_51_2026-06-08 23:40:27",2026-06-08 23:41:26.5,-13.0390127621861,0.0072690063199809,0.000669018538071803,0.182283556154312,0.210000325754973,-12.6724973184698,0.00555108891479014,0.00157025616274998,598.137354715207,0.0973073271171732,0.00080831357740596,0.177273173458323,0.210642709291572,-9.50423817510268,0.188599413205416,0.212890481772198,-12.6375635949316,TRUE,0.00529546086872795,0.00165519409029524,0.207160198432446,2026-06-08 23:40:57,2026-06-08 23:41:56,NA
"52","2026-06-08 00:48:32","Collar_52_2026-06-08 00:48:32",2026-06-08 00:49:31.5,NA,NA,NA,NA,NA,-61.6949374486266,0.0340729581843675,0.00104364399737078,602.367311682678,0.0646736566014694,4.98676105196924e-39,0.94839381159011,0.140000086837469,-75.4154471905466,0.961590694280177,0.122918039565058,-61.4125587603207,TRUE,0.0337409810894968,0.00109316908448264,0.125898802339568,2026-06-08 00:49:02,2026-06-08 00:50:01,NA
"52","2026-06-08 01:48:30","Collar_52_2026-06-08 01:48:30",2026-06-08 01:49:29.5,NA,NA,NA,NA,NA,-34.7068938195672,0.036633781170165,0.00108557526735989,602.453106538285,0.0672720987550878,1.86489387466507e-62,0.906110004229649,0.205944815577171,-97.9809954817918,0.946402290960141,0.156937354078017,-34.5497541321266,TRUE,0.0365200489406426,0.0010536369738218,0.225332631127584,2026-06-08 01:49:00,2026-06-08 01:49:59,NA
"52","2026-06-08 02:48:33","Collar_52_2026-06-08 02:48:33",2026-06-08 02:49:32.5,-50.599415619108,0.0397672332372179,8.28174143199478e-71,0.932211877280386,0.192749112210823,-27.4451438892028,0.0406102919662083,0.00111892380861318,602.488091971045,0.0693386771195574,7.33729241061456e-66,0.917784877029011,0.212271377525177,-87.6763629852353,0.951861652550389,0.163822360950886,-27.3359117762778,TRUE,0.0403864189891338,0.00120840593707593,0.245592424950102,2026-06-08 02:49:03,2026-06-08 02:50:02,NA
"52","2026-06-08 03:48:30","Collar_52_2026-06-08 03:48:30",2026-06-08 03:49:29.5,-79.9170200684047,0.0578300174981582,7.17641143997605e-73,0.93745089768988,0.170584831990241,-32.2211705358867,0.0371933569747454,0.00109687719319735,601.434888820465,0.06797246868237,1.11524879580543e-62,0.90692391303911,0.208088907380149,-80.3329944652034,0.939710853331881,0.168912367456567,-32.1131304455152,TRUE,0.0372163248186779,0.00117101322936031,0.209080001252702,2026-06-08 03:49:00,2026-06-08 03:49:59,NA
"52","2026-06-08 04:48:31","Collar_52_2026-06-08 04:48:31",2026-06-08 04:49:30.5,NA,NA,NA,NA,NA,3.96125722912471,0.0336210436568311,0.00127535853481157,600.270712378411,0.0790327929178448,2.78984373225285e-51,0.854850832066108,0.241948657217764,-19.6383935413395,0.884673773073909,0.217516392432187,4.63340190912422,TRUE,0.0344696036648635,0.00124616388217675,0.223516001032386,2026-06-08 04:49:01,2026-06-08 04:50:00,NA
"52","2026-06-08 05:48:32","Collar_52_2026-06-08 05:48:32",2026-06-08 05:49:31.5,-11.0466500685134,0.0315775300809546,1.11181862799703e-51,0.857093480529117,0.227282240712499,2.56960833928333,0.0315507079928817,0.00126798472043562,602.537281772425,0.0785758444373336,9.07395990044321e-49,0.839922267309999,0.240549768640053,-25.8589302576494,0.877828999727515,0.211951041611714,5.71077047771314,TRUE,0.0299909563056566,0.00104052761772903,0.192387418042241,2026-06-08 05:49:02,2026-06-08 05:50:01,NA
"52","2026-06-08 06:48:31","Collar_52_2026-06-08 06:48:31",2026-06-08 06:49:30.5,-63.1946921257014,0.0393046233913851,3.78928130322437e-68,0.924800167140911,0.182894427551415,-22.6350732064012,0.0361199181398882,0.00114157546978189,598.766986313967,0.0707423796843865,1.76304575996005e-59,0.894559603343667,0.216568631084805,-72.0799505112755,0.932456498624548,0.174821897623006,-22.4070035020987,TRUE,0.0366310191683872,0.00115556925760393,0.247517139165582,2026-06-08 06:49:01,2026-06-08 06:50:00,NA
"52","2026-06-08 08:47:40","Collar_52_2026-06-08 08:47:40",2026-06-08 08:48:39.5,NA,NA,NA,NA,NA,68.3287085470902,-0.0357032669524173,0.00166766602101413,602.755402096034,0.10334372625217,1.88113128212273e-42,0.795263489275633,0.316373430261847,-2.09588755854561,0.889885705053406,0.234010968951779,68.6259637395085,TRUE,-0.0356770216780661,0.00168278601707652,0.331352155133435,2026-06-08 08:48:10,2026-06-08 08:49:09,NA
"52","2026-06-08 09:43:30","Collar_52_2026-06-08 09:43:30",2026-06-08 09:44:29.5,NA,NA,NA,NA,NA,-48.2116024097003,0.000893931196538448,0.0011677508612679,601.187319540673,0.0723644445691939,0.44706877560333,0.0100026217356679,0.156648457130878,-46.5890623304483,0.0484635795380818,0.156293814498804,-48.174442223152,TRUE,0.00106617416758365,0.00120400857356022,0.170103888426844,2026-06-08 09:44:00,2026-06-08 09:44:59,NA
"52","2026-06-08 10:43:29","Collar_52_2026-06-08 10:43:29",2026-06-08 10:44:28.5,-20.1759855433906,-0.014708244793912,0.185052705652414,0.0300853900907778,0.197874760680729,-20.8773985545361,0.00231974839709834,0.00146647944074618,599.781801754643,0.0908763793045012,0.119122536192316,0.0413578848789023,0.196721534897965,-19.4782812268027,0.082025350595988,0.195911071212226,-20.607688924802,TRUE,0.00200749674934243,0.00143543442781878,0.193096071518133,2026-06-08 10:43:59,2026-06-08 10:44:58,NA
"52","2026-06-08 11:43:27","Collar_52_2026-06-08 11:43:27",2026-06-08 11:44:26.45,-28.8629153629627,0.000536561468695701,0.000252169050485827,0.207786890038668,0.184056583052284,-31.2928393553865,0.00574027708488538,0.00134412077484565,599.818510484727,0.0832315429127499,7.3227865180735e-05,0.239229526520027,0.180367035397806,-31.0489991047814,0.285395646238528,0.17790295215212,-31.1783428580064,TRUE,0.0053311105267998,0.00124407688867247,0.16688360374183,2026-06-08 11:43:57,2026-06-08 11:44:56,NA
"52","2026-06-08 12:43:28","Collar_52_2026-06-08 12:43:28",2026-06-08 12:44:27.5,NA,NA,NA,NA,NA,-21.1013688315221,0.00636632881055426,0.00146374492835841,599.743600746362,0.0907069240922021,5.59480474146821e-05,0.245938319998634,0.196354712521072,-18.5571695533476,0.264014201509221,0.197420657328088,-20.8761348135513,TRUE,0.0068916453083102,0.00152081619802652,0.171285084161007,2026-06-08 12:43:58,2026-06-08 12:44:57,NA
"52","2026-06-08 13:43:24","Collar_52_2026-06-08 13:43:24",2026-06-08 13:44:23.5,NA,NA,NA,NA,NA,-33.6966189793778,0.00399558191365559,0.00131789761793685,599.113181527163,0.0816689006912965,0.00363067129549363,0.136798388138991,0.176789960387711,-36.3118603704086,0.226910937942024,0.170269250700416,-33.5255319201378,TRUE,0.00345931888910897,0.00136685114775222,0.156655015755401,2026-06-08 13:43:54,2026-06-08 13:44:53,NA
"52","2026-06-08 14:43:27","Collar_52_2026-06-08 14:43:27",2026-06-08 14:44:26.5,NA,NA,NA,NA,NA,-22.3831133616381,0.00431316800393434,0.00144819357102847,601.056187286281,0.0897432208119867,0.00422589291724201,0.132649643490813,0.194268568795705,-25.7063366231692,0.232307489352466,0.186002548703789,-22.2692975205335,TRUE,0.00461541074876405,0.00153057787491663,0.166921519199863,2026-06-08 14:43:57,2026-06-08 14:44:56,NA
"52","2026-06-08 15:46:15","Collar_52_2026-06-08 15:46:15",2026-06-08 15:47:14.5,NA,NA,NA,NA,NA,-62.2055831777206,0.00458816224827382,0.00103921233035797,600.026803020962,0.0643990302813057,4.46170889997206e-05,0.251541082631059,0.139405598900786,-58.549147294262,0.255814562945703,0.141467539423962,-62.1536806492402,TRUE,0.00472269691572509,0.0011163968054289,0.1170114264727,2026-06-08 15:46:45,2026-06-08 15:47:44,NA
"52","2026-06-08 16:43:29","Collar_52_2026-06-08 16:43:29",2026-06-08 16:44:28.5,NA,NA,NA,NA,NA,-61.6330143027292,0.00365586478577179,0.00104418268400966,599.866642529631,0.0647070385159789,0.000898104922735274,0.174473774548765,0.140072349195525,-61.7682931945361,0.229453720528226,0.137722951797635,-61.4915344620432,TRUE,0.00385151827598571,0.00104850794394903,0.150692439049872,2026-06-08 16:43:59,2026-06-08 16:44:58,NA
"52","2026-06-08 17:43:27","Collar_52_2026-06-08 17:43:27",2026-06-08 17:44:26.5,NA,NA,NA,NA,NA,-69.8703387828765,0.00290670696010502,0.000974910202883975,600.306878005491,0.0604142867083309,0.00418782137388749,0.132897209078475,0.130779761495625,-66.9212814678608,0.147952890921623,0.131934093023716,-69.8179385265247,TRUE,0.00275970885949692,0.0010053076821517,0.155811983399947,2026-06-08 17:43:57,2026-06-08 17:44:56,NA
"52","2026-06-08 18:43:30","Collar_52_2026-06-08 18:43:30",2026-06-08 18:44:29.5,NA,NA,NA,NA,NA,-58.6032817194039,0.00731552259215825,0.00107088159560544,599.23654775013,0.0663615454594658,5.62501873798239e-09,0.445860453596908,0.143653886531333,-55.5557971884719,0.454588101634604,0.145040769463958,-58.4626419903237,TRUE,0.00699484628272599,0.00107416628586067,0.130362719615131,2026-06-08 18:44:00,2026-06-08 18:44:59,NA
"52","2026-06-08 19:43:33","Collar_52_2026-06-08 19:43:33",2026-06-08 19:44:32.5,NA,NA,NA,NA,NA,-52.9780355334679,0.00745194231644978,0.00112227657882327,599.524745925941,0.0695464451992641,1.17631052747279e-08,0.431873311954246,0.150548289346501,-49.2878273162067,0.434799101898932,0.152818043254276,-52.9068190755148,TRUE,0.00716883131898463,0.00106234414596129,0.150766488758004,2026-06-08 19:44:03,2026-06-08 19:45:02,NA
"52","2026-06-08 20:43:32","Collar_52_2026-06-08 20:43:32",2026-06-08 20:44:31.5,NA,NA,NA,NA,NA,-12.6071562590524,0.00456814250046215,0.00157111141391834,600.509903457919,0.0973603262438009,0.00515293210203114,0.127216604636121,0.210757437338819,-11.4484262414221,0.167583505371123,0.209469112929542,-12.167977903861,TRUE,0.00449735216753676,0.00147892674347342,0.177977701388211,2026-06-08 20:44:02,2026-06-08 20:45:01,NA
"52","2026-06-08 21:43:26","Collar_52_2026-06-08 21:43:26",2026-06-08 21:44:25.5,NA,NA,NA,NA,NA,-35.249746026594,0.00112981307250971,0.00130095033953154,599.611683370541,0.0806186934686462,0.388726270547146,0.0128366815944926,0.174516560210659,-35.1405779122556,0.0748200148179802,0.171939332903756,-35.0997183521084,TRUE,0.000936937710785643,0.00132551215148043,0.15857365956698,2026-06-08 21:43:56,2026-06-08 21:44:55,NA
"52","2026-06-08 22:43:25","Collar_52_2026-06-08 22:43:25",2026-06-08 22:44:24.5,NA,NA,NA,NA,NA,-12.7624297505151,0.00228336040266725,0.00156907979564776,599.166765195291,0.097234428732094,0.150998960386367,0.0352254629501591,0.210484905004979,-12.5636816493124,0.0944520452240581,0.207531368369429,-12.5661745414275,TRUE,0.00186454239588268,0.0015440134484393,0.201082929998984,2026-06-08 22:43:55,2026-06-08 22:44:54,NA
