"label","StartTime","Plot","TIMESTAMP","HM81_AIC","HM81_flux.estimate","HM81_p.value","HM81_r.squared","HM81_RMSE","lin_AIC","lin_flux.estimate","lin_flux.std.error","lin_int.estimate","lin_int.std.error","lin_p.value","lin_r.squared","lin_RMSE","poly_AIC","poly_r.squared","poly_RMSE","rob_AIC","rob_converged","rob_flux.estimate","rob_flux.std.error","rob_RMSE","TIMESTAMP_min","TIMESTAMP_max","flag"
"13","2026-06-09 00:57:31","Collar_13_2026-06-09 00:57:31",2026-06-09 00:58:50.5,564.462148698171,-1.62433296405973,6.39828607262873e-53,0.951221291621518,8.03742533669225,325.240133145422,-1.55419504164408,0.00872522264588418,3562.05555588398,0.476584088846991,1.40689461237536e-103,0.997547718735919,1.80213343179573,71.9042474105493,0.999901694947283,0.365536062044491,325.287803011269,TRUE,-1.55574421863257,0.00907303347701624,2.32402929706126,2026-06-09 00:58:11,2026-06-09 00:59:30,"Time changed"
"13","2026-06-09 01:57:31","Collar_13_2026-06-09 01:57:31",2026-06-09 01:58:50.5,1142.98510748133,-1.49468657767784,4.72408972223794e-100,0.942757517325856,8.50308738045925,504.769619149915,-1.52858710527696,0.00396172331212135,3564.37206474599,0.216394970260373,6.41965938610452e-237,0.998939808529097,1.15720303605982,243.037635210182,0.999798582492783,0.507612448515346,506.281139905107,TRUE,-1.53272241430066,0.00392351138280442,1.27665768918726,2026-06-09 01:58:11,2026-06-09 01:59:30,"Time changed"
"13","2026-06-09 02:57:31","Collar_13_2026-06-09 02:57:31",2026-06-09 02:58:50.5,1155.33181881521,-1.57904970896449,3.58197559813656e-101,0.94459562571657,8.83757742102458,559.0185786461,-1.61463586875693,0.00469363393591989,3552.61375476846,0.256372971042393,4.7099152860213e-229,0.99866664169935,1.37099110989948,248.716760429606,0.999813007274899,0.516701597028639,559.037591379372,TRUE,-1.61519109957012,0.00470126099915566,1.81119312410645,2026-06-09 02:58:11,2026-06-09 02:59:30,"Time changed"
"13","2026-06-09 03:57:31","Collar_13_2026-06-09 03:57:31",2026-06-09 03:58:50.5,1088.69880410508,-1.44502241261133,6.63853347322272e-106,0.95173135632669,7.17630495756494,616.323036849358,-1.40385890312139,0.00561411263370481,3588.90948238042,0.306650828615898,3.30447265647232e-207,0.997479559708329,1.63985914024528,149.72475181609,0.999866920112911,0.379219616073631,616.34592724271,TRUE,-1.40435940309734,0.00565077547019532,2.09761961401941,2026-06-09 03:58:11,2026-06-09 03:59:30,"Time changed"
"13","2026-06-09 04:57:31","Collar_13_2026-06-09 04:57:31",2026-06-09 04:58:50.5,1088.79534189999,-1.36866105401709,1.20465638597729e-103,0.948447704043036,7.17847023621047,542.61334472528,-1.35938405121147,0.00445907235771385,3575.5940961481,0.243560883538749,8.92260580013771e-221,0.998302834908956,1.30247664054911,150.769557342337,0.999857021985538,0.380459798175313,542.815702227772,TRUE,-1.35779223577114,0.00468042530358043,1.64753825141509,2026-06-09 04:58:11,2026-06-09 04:59:30,"Time changed"
"13","2026-06-09 05:57:31","Collar_13_2026-06-09 05:57:31",2026-06-09 05:58:50.5,1099.79774128433,-1.52897395379872,1.88629503254885e-104,0.949643174333543,7.42957606136674,589.42269129039,-1.42326980127272,0.00516146245511308,3575.18537373177,0.281926431120744,6.66463679329482e-214,0.997926391944635,1.5076418904094,229.308821398848,0.999786991152149,0.486295136650484,590.049075848883,TRUE,-1.41960708903969,0.00547149421950293,1.65992308004468,2026-06-09 05:58:11,2026-06-09 05:59:30,"Time changed"
"13","2026-06-09 06:57:31","Collar_13_2026-06-09 06:57:31",2026-06-09 06:58:50.5,568.100862449371,-1.77841233537271,2.64771811372213e-54,0.955044215012352,8.2223064611958,358.939671977519,-1.65547242827433,0.0107708143768545,3566.96367904627,0.588317222868197,1.35061164272077e-98,0.996709088526523,2.22463603096156,108.401361945339,0.999863381690759,0.459193598853671,358.955512347557,TRUE,-1.65444972999757,0.0113115798713274,2.85169912232394,2026-06-09 06:58:11,2026-06-09 06:59:30,"Time changed"
"13","2026-06-09 07:57:31","Collar_13_2026-06-09 07:57:31",2026-06-09 07:58:50.5,568.620389772951,-1.57934806892715,5.96006226286301e-52,0.948350649821007,8.24904805873004,304.932635530786,-1.55057436491895,0.0076851978823353,3558.1539876056,0.419776454883855,8.64657514515136e-108,0.998087558522558,1.58732362437254,97.6716690342673,0.99986362971306,0.429409635410723,305.332363669445,TRUE,-1.55327520303054,0.00768559769399967,1.78468162486047,2026-06-09 07:58:11,2026-06-09 07:59:30,"Time changed"
"13","2026-06-09 08:57:31","Collar_13_2026-06-09 08:57:31",2026-06-09 08:58:50.5,560.917202786677,-1.57011337907618,1.65718258180145e-52,0.950017147637778,7.86130708332692,308.285272863566,-1.50196283286489,0.00784793240461294,3558.19614436351,0.428665246284522,5.27355187653105e-106,0.997874980731612,1.62093529653338,114.519966089637,0.999820626573541,0.477093830425731,308.423543102343,TRUE,-1.50082705118702,0.00851621395679327,1.80280581661724,2026-06-09 08:58:11,2026-06-09 08:59:30,"Time changed"
"13","2026-06-09 09:57:31","Collar_13_2026-06-09 09:57:31",2026-06-09 09:58:50.5,565.09732085004,-1.46165056671018,1.56102193904792e-50,0.943843237175765,8.06939593322354,246.603258904948,-1.45528870570091,0.00533739401622622,3563.53782248327,0.291536063580046,5.62728912094935e-118,0.99895190802786,1.10240123211584,115.087888645587,0.999807367449179,0.478790291625163,246.61001376925,TRUE,-1.45491598125845,0.00542738547022321,1.46240183081332,2026-06-09 09:58:11,2026-06-09 09:59:30,"Time changed"
"13","2026-06-09 10:57:31","Collar_13_2026-06-09 10:57:31",2026-06-09 10:58:50.5,557.965582374745,-1.32461195213352,1.11828816004837e-49,0.940937457528021,7.71761409046289,185.44763011923,-1.35750673281225,0.00364193393725659,3571.48989271957,0.198927619107475,1.46834680748839e-128,0.999438911975212,0.752215865553593,81.9302806620993,0.999853663182791,0.389174429153643,187.691264665573,TRUE,-1.35280153751519,0.00337556238019291,0.663624683134863,2026-06-09 10:58:11,2026-06-09 10:59:30,"Time changed"
"13","2026-06-09 11:57:31","Collar_13_2026-06-09 11:57:31",2026-06-09 11:58:50.5,552.208058142922,-1.50959835010832,3.63537968810676e-53,0.951922811135199,7.44483671838379,329.105644229203,-1.44970474164784,0.00893858617038394,3564.74928737479,0.488238308463365,2.06932867510817e-100,0.997043436403679,1.84620216863286,81.4913499709235,0.999872692649242,0.388108263480048,329.106160735192,TRUE,-1.44987676160915,0.00903111121287769,2.62247900113596,2026-06-09 11:58:11,2026-06-09 11:59:30,"Time changed"
"13","2026-06-09 12:57:31","Collar_13_2026-06-09 12:57:31",2026-06-09 12:58:50.5,548.784888236583,-1.21034589307764,1.61513508210171e-49,0.940378535637174,7.28724764254054,210.963066235752,-1.27558449267622,0.00427159083065794,3567.76472994911,0.23332037548825,4.70152956178874e-121,0.999126071859189,0.882267072750521,75.599263880222,0.999846921536376,0.374075927764438,213.324189164019,TRUE,-1.28125352153342,0.00377236247874666,0.886631965814034,2026-06-09 12:58:11,2026-06-09 12:59:30,"Time changed"
"13","2026-06-09 13:57:31","Collar_13_2026-06-09 13:57:31",2026-06-09 13:58:50.5,NA,NA,NA,NA,NA,319.995592500222,-0.00812943748033605,0.00844386048007304,3567.96751950161,0.461215686587093,0.338641700832442,0.0117439387465313,1.7440200533721,311.234099767123,0.157458283348336,1.63137176992648,324.378275874404,TRUE,0.00708682405937217,0.005697947983848,1.37016386488799,2026-06-09 13:58:11,2026-06-09 13:59:30,"Flux unusable, remove"
"13","2026-06-09 14:57:31","Collar_13_2026-06-09 14:57:31",2026-06-09 14:58:50.5,526.985644315308,-1.34323566454076,9.45849191923927e-54,0.95355325086595,6.3590605091799,302.674153074139,-1.25991247826333,0.007577479393172,3556.06354918191,0.413892717574976,2.98847060353985e-101,0.99718654620839,1.56507512729433,152.745140815508,0.999589220956986,0.605842785817818,306.6178377624,TRUE,-1.2480653395095,0.00675101077600293,1.33983568946007,2026-06-09 14:58:11,2026-06-09 14:59:30,"Time changed"
"13","2026-06-09 15:57:31","Collar_13_2026-06-09 15:57:31",2026-06-09 15:58:50.5,564.786176276641,-1.23014508256269,7.36209408922505e-48,0.9342493065086,8.05371900154448,136.712871934522,-1.34281269696668,0.00268564951396132,3554.86485505227,0.146694001806061,1.6657756581746e-138,0.999688091712865,0.554702037028099,101.152129616694,0.999809776458626,0.438852867471703,136.794711051535,TRUE,-1.34266122729648,0.0029435894399735,0.543238069804796,2026-06-09 15:58:11,2026-06-09 15:59:30,"Time changed"
"13","2026-06-09 16:57:31","Collar_13_2026-06-09 16:57:31",2026-06-09 16:58:50.5,534.297951998108,-1.3972495650809,6.81791490010231e-53,0.951141826656614,6.65642511403616,291.139498126098,-1.28617763870556,0.00705043288484661,3554.36491813444,0.38510468658201,2.19983744699576e-104,0.997661660630667,1.45621737416725,168.0835771666,0.999522293143618,0.666797065676944,299.422304395696,TRUE,-1.26958749974789,0.00502855638464334,0.827170133268557,2026-06-09 16:58:11,2026-06-09 16:59:30,"Time changed"
"13","2026-06-09 17:57:31","Collar_13_2026-06-09 17:57:31",2026-06-09 17:58:50.5,555.573531428596,-1.58796044621597,3.67499671181259e-53,0.951909456337112,7.60309151002984,317.579143777542,-1.48068774738002,0.00831729267605489,3555.13493289344,0.454302372852479,1.47068613181587e-103,0.997544928918241,1.71787836275087,163.524898736152,0.999659562031721,0.648066950748912,318.619939696607,TRUE,-1.47573673976723,0.00841767196652732,1.65346952462304,2026-06-09 17:58:11,2026-06-09 17:59:30,"Time changed"
"13","2026-06-09 18:57:31","Collar_13_2026-06-09 18:57:31",2026-06-09 18:58:50.5,531.616590059299,-1.5935165828694,4.63504894067939e-56,0.959471170279831,6.54580285433156,359.096998479502,-1.38706515186709,0.0107814104264328,3562.11418849058,0.58889599418884,1.35736030507515e-92,0.995309596227049,2.22682457055133,158.813600748891,0.999635060539415,0.629262436391087,359.295488220275,TRUE,-1.38298121548496,0.0105923298775661,2.77443838972147,2026-06-09 18:58:11,2026-06-09 18:59:30,"Time changed"
"13","2026-06-09 19:57:31","Collar_13_2026-06-09 19:57:31",2026-06-09 19:58:50.5,568.581768848108,-1.34350461498776,5.48011706345562e-49,0.938482830961902,8.2470571373679,191.997684179757,-1.42140245615519,0.00379412068286602,3564.72123651387,0.207240275922608,9.90001099460364e-129,0.999444554481462,0.783648968555074,142.298601903509,0.999716125568047,0.567550456121287,192.783981622765,TRUE,-1.41970130060348,0.00372509692173318,0.670437210093284,2026-06-09 19:58:11,2026-06-09 19:59:30,"Time changed"
"13","2026-06-09 20:57:31","Collar_13_2026-06-09 20:57:31",2026-06-09 20:58:50.5,563.939712934406,-1.4317461127728,1.89657184061108e-50,0.943562383507899,8.01122414606532,248.203371528798,-1.44116778971851,0.00539103951262965,3547.72907674739,0.294466257004536,2.62220211492137e-117,0.99890972317957,1.11348133247059,138.766698223406,0.999735926231471,0.555159387314597,248.676378642431,TRUE,-1.44234396015995,0.00582238773715357,1.05538892182271,2026-06-09 20:58:11,2026-06-09 20:59:30,"Time changed"
"13","2026-06-09 21:57:31","Collar_13_2026-06-09 21:57:31",2026-06-09 21:58:50.5,557.642622163121,-1.47438050167933,9.77239107629438e-52,0.947692073246656,7.70205178776177,288.879002680011,-1.43868089666465,0.00695152403053971,3500.50116742823,0.37970214407715,1.19336230418359e-108,0.998182244171083,1.43578844526982,105.86269855984,0.999824497347511,0.451965233107546,288.979490445397,TRUE,-1.43991946412029,0.00816525537171845,1.54294031708251,2026-06-09 21:58:11,2026-06-09 21:59:30,"Time changed"
"13","2026-06-09 22:57:31","Collar_13_2026-06-09 22:57:31",2026-06-09 22:58:50.5,558.913684465003,-1.51150279550358,1.68389504341986e-52,0.949996663071221,7.76348164132119,314.989300449207,-1.48278637855296,0.00818374836972613,3565.3986637998,0.447007992624553,3.73804440154912e-104,0.997629656357244,1.69029572459612,158.353310538063,0.999681749010484,0.627454766930072,315.025264342481,TRUE,-1.48230408361612,0.00878157735984454,2.0638891353425,2026-06-09 22:58:11,2026-06-09 22:59:30,"Time changed"
"13","2026-06-09 23:57:31","Collar_13_2026-06-09 23:57:31",2026-06-09 23:58:50.5,563.637529223328,-1.66585591339768,5.17471283265467e-54,0.954265590796678,7.99610804104369,363.871575639586,-1.59578679458819,0.0111079881373265,3550.33880047054,0.606734133924726,2.57406364783291e-96,0.996234892055329,2.29427690211543,182.333503188646,0.999629702808037,0.728908192526418,363.871575639594,TRUE,-1.59578679458819,0.0111079881373265,3.0271251488013,2026-06-09 23:58:11,2026-06-09 23:59:30,"Time changed"
"14","2026-06-09 00:00:31","Collar_14_2026-06-09 00:00:31",2026-06-09 00:01:35.5,106.540538547829,-0.230757561913461,2.22541182774819e-34,0.956685788916137,0.674946297545638,68.3260350033031,-0.217957851325433,0.00451365366055715,3547.16014558705,0.16879495700522,2.37786064458805e-42,0.979830113781537,0.46058070388227,47.2691757554236,0.98778024962612,0.366207205261254,68.3431680441573,TRUE,-0.218338670096156,0.00478671797505175,0.476700864175545,2026-06-09 00:01:11,2026-06-09 00:02:00,"Time changed"
"14","2026-06-09 01:00:31","Collar_14_2026-06-09 01:00:31",2026-06-09 01:01:35.5,194.087324534934,-0.227688700496602,5.96547662922363e-72,0.962964316269702,0.626002723738683,161.872067202399,-0.220130225924512,0.00369257372706424,3580.27729963833,0.138089421646383,8.2767373153981e-79,0.973164401731853,0.532870502747329,137.023702725107,0.979889427839327,0.466074856114096,163.177233606127,TRUE,-0.215966552639659,0.00335226344334393,0.466148428267051,2026-06-09 01:01:11,2026-06-09 01:02:00,"Time changed"
"14","2026-06-09 02:00:29","Collar_14_2026-06-09 02:00:29",2026-06-09 02:01:33.5,65.1557257720117,-0.194939907744618,1.15165159769196e-81,0.976534511857854,0.32855252818634,121.016161676172,-0.14408362441602,0.0030103133438803,3561.10958215627,0.112575254918826,8.96438066354493e-70,0.958976908681268,0.434414395905867,37.7498405276721,0.982859023225164,0.283716910119357,121.826003721985,TRUE,-0.145043531126039,0.0029541977560176,0.431932961655706,2026-06-09 02:01:09,2026-06-09 02:01:58,"Time changed"
"14","2026-06-09 03:00:31","Collar_14_2026-06-09 03:00:31",2026-06-09 03:01:35.5,110.045445180875,-0.208797273294096,3.9271704473321e-82,0.977043994547026,0.411226980210386,66.3244926206885,-0.184803624628733,0.00229007788755876,3562.21719754204,0.0856409524609763,1.94227362041859e-91,0.985174183011758,0.330478155745365,-31.2696943884099,0.994632146101959,0.200914465175013,67.1290901976696,TRUE,-0.182785941246484,0.00241272989588189,0.250664429377021,2026-06-09 03:01:11,2026-06-09 03:02:00,"Time changed"
"14","2026-06-09 04:00:31","Collar_14_2026-06-09 04:00:31",2026-06-09 04:01:35.5,177.962791319239,-0.145357924403241,9.60574153258961e-65,0.94804445389891,0.577513637036071,-31.6326890081512,-0.173250787051899,0.00140326255358366,3585.51200986057,0.0524771416267574,2.34276085328883e-109,0.993611920554104,0.202502990511479,-33.5325806481165,0.993977907738903,0.19865404406577,-31.4833019806892,TRUE,-0.173413095266947,0.00137893619177998,0.235852342688144,2026-06-09 04:01:11,2026-06-09 04:02:00,"Time changed"
"14","2026-06-09 05:00:30","Collar_14_2026-06-09 05:00:30",2026-06-09 05:01:34.5,NA,NA,NA,NA,NA,-25.8352902158267,-0.168118452999843,0.00144453419737561,3571.20876593695,0.0540205576403239,7.35252101881162e-107,0.992816765190257,0.208458847645876,-47.8489856171729,0.994462113896414,0.184931005995111,-25.7042220548506,TRUE,-0.167887044940717,0.00155064913940906,0.239237285164113,2026-06-09 05:01:10,2026-06-09 05:01:59,"Time changed"
"14","2026-06-09 06:00:30","Collar_14_2026-06-09 06:00:30",2026-06-09 06:01:34.5,181.258652571304,-0.251412148018559,1.71601552047188e-79,0.974012207586733,0.587109510640623,120.54949792704,-0.24806061450438,0.00300329751159426,3574.19739729154,0.112312887179045,2.05487336106758e-92,0.98583838183746,0.433401950291024,9.53674212144186,0.995516482921034,0.246388966944233,120.876168138758,TRUE,-0.249381636172604,0.00312208282676952,0.499288779068983,2026-06-09 06:01:10,2026-06-09 06:01:59,"Time changed"
"14","2026-06-09 07:00:32","Collar_14_2026-06-09 07:00:32",2026-06-09 07:01:36.5,133.678486530132,-0.332370695194196,1.98652673787747e-36,0.964411310617858,0.885376172472009,46.0832458632662,-0.317665772334184,0.0036135080461598,3580.80182524836,0.135132640020562,1.07550857623842e-54,0.993827381994147,0.368728352803899,30.4630342394816,0.995830822277246,0.309555653263152,46.0960087203591,TRUE,-0.317273310408032,0.00384666432956752,0.415193488516618,2026-06-09 07:01:12,2026-06-09 07:02:01,"Time changed"
"14","2026-06-09 08:00:29","Collar_14_2026-06-09 08:00:29",2026-06-09 08:01:33.5,116.106233764742,-0.212589707082516,2.58187556684089e-32,0.947208261140643,0.742698429941106,15.7995602925645,-0.218688120826292,0.00266936923445545,3571.01862663495,0.0998251303812591,3.1049993335886e-53,0.992899102048942,0.27238686292457,6.04885131532467,0.994606432345388,0.242498630611871,15.8242795285928,TRUE,-0.218687129258979,0.00296114460430831,0.297552410322101,2026-06-09 08:01:09,2026-06-09 08:01:58,"Time changed"
"14","2026-06-09 09:00:29","Collar_14_2026-06-09 09:00:29",2026-06-09 09:01:33.5,128.02459045171,-0.165010211222357,4.56178271681861e-29,0.927941057985233,0.836706747387807,28.6738621818956,-0.210579674969842,0.00303613468627939,3577.87795617218,0.113540883367052,8.60694651209099e-50,0.990120421412021,0.309812217784411,23.6706268682783,0.991748416250664,0.289227570358283,28.7300871270269,TRUE,-0.210392729187575,0.00313629129941285,0.329880975783364,2026-06-09 09:01:09,2026-06-09 09:01:58,"Time changed"
"14","2026-06-09 10:00:30","Collar_14_2026-06-09 10:00:30",2026-06-09 10:01:34.5,41.965983687024,-0.150100783601161,6.26186919616373e-37,0.966081570386467,0.353855125690973,10.4122054368056,-0.129269619304413,0.00252936593858115,3578.49541735671,0.0945894937806488,1.64273256922471e-43,0.981954741774527,0.258100694465721,-8.60073563527559,0.988611271631894,0.2094531724587,11.2277380564985,TRUE,-0.127105978932419,0.00243848180135922,0.212933528208486,2026-06-09 10:01:10,2026-06-09 10:01:59,"Time changed"
"14","2026-06-09 11:00:30","Collar_14_2026-06-09 11:00:30",2026-06-09 11:01:34.5,NA,NA,NA,NA,NA,3.93114278122466,-0.205761728419624,0.00237063541690772,3571.29890721515,0.0886535240328117,1.9768759601043e-54,0.993668840615016,0.241903568833596,2.52254913985956,0.994317953292001,0.234096410607033,3.94290685520952,TRUE,-0.205797994102828,0.00235934650363307,0.228449658178507,2026-06-09 11:01:10,2026-06-09 11:01:59,"Time changed"
"14","2026-06-09 12:00:32","Collar_14_2026-06-09 12:00:32",2026-06-09 12:01:36.5,NA,NA,NA,NA,NA,0.452685432853362,-0.101183480228139,0.00228959158415227,3567.31387825551,0.0856227664040115,1.52740543404816e-40,0.976012044813364,0.233633721755604,-11.8730056719388,0.982694263864879,0.202710224459977,0.818416246985687,TRUE,-0.100308708073179,0.00210402336081487,0.140970148495677,2026-06-09 12:01:12,2026-06-09 12:02:01,"Time changed"
"14","2026-06-09 13:00:29","Collar_14_2026-06-09 13:00:29",2026-06-09 13:01:33.5,68.0897969653282,-0.133849133382783,3.70991639779494e-32,0.94640575534386,0.459493921266521,39.8293762341409,-0.132692967164075,0.00339444530615845,3569.89020662297,0.126940455027926,4.71119783925466e-38,0.969545515063365,0.346374827573134,3.73906935757058,0.986340610858872,0.236961633442758,39.9884705598884,TRUE,-0.133883558371853,0.00378718572856631,0.347532183034572,2026-06-09 13:01:09,2026-06-09 13:01:58,"Time changed"
"14","2026-06-09 14:03:20","Collar_14_2026-06-09 14:03:20",2026-06-09 14:04:24.5,25.5909762883555,-0.172113442029886,2.06134650739472e-43,0.981783318802238,0.300406784920385,52.7311375910096,-0.148731232364331,0.00386189492298963,3561.71223765817,0.144421445797028,9.43256766667236e-38,0.968652298415929,0.394074161580747,-0.979981326463667,0.990115987316717,0.226039042094399,52.7386646824797,TRUE,-0.149002625593001,0.00415955271691097,0.506066336145047,2026-06-09 14:04:00,2026-06-09 14:04:49,"Time changed"
"14","2026-06-09 15:00:30","Collar_14_2026-06-09 15:00:30",2026-06-09 15:01:34.5,91.9710312174795,-0.235512844414815,2.32422695373653e-35,0.960573785024786,0.583437920936507,31.2647107669269,-0.198329710892566,0.00311582419855934,3559.20392506233,0.116520994117818,5.0749610643644e-48,0.988291623325174,0.317943867755402,9.19803724950167,0.993048405411913,0.250256883107464,31.3101351929283,TRUE,-0.198902965652044,0.00326181846529667,0.337047808186441,2026-06-09 15:01:10,2026-06-09 15:01:59,"Time changed"
"14","2026-06-09 16:00:30","Collar_14_2026-06-09 16:00:30",2026-06-09 16:01:34.5,79.9478122478368,-0.1978091720447,1.20152694805312e-36,0.965148598085047,0.517342880001513,33.62501447664,-0.186850410158133,0.00319024189975655,3559.12981353673,0.119303957459419,2.62256731469675e-46,0.986200430333523,0.325537573382006,18.7983144521567,0.990530241478127,0.275473296025654,33.6954701139772,TRUE,-0.187245021148008,0.00318584381120144,0.362571369166694,2026-06-09 16:01:10,2026-06-09 16:01:59,"Time changed"
"14","2026-06-09 17:00:30","Collar_14_2026-06-09 17:00:30",2026-06-09 17:01:34.5,67.7975429967995,-0.158559967674379,8.06718978954353e-25,0.89177522711367,0.458152992459731,84.5389818544016,-0.0871116277010029,0.00530811307155203,3558.34524135135,0.19850497735816,2.55223166008116e-21,0.848734121692645,0.541648659520839,50.395139173494,0.929461249004081,0.377835509925014,84.5701200898992,TRUE,-0.0875141673501117,0.00528046773759631,0.680548285446599,2026-06-09 17:01:10,2026-06-09 17:01:59,"Time changed"
"14","2026-06-09 18:00:29","Collar_14_2026-06-09 18:00:29",2026-06-09 18:01:33.5,105.706377615679,-0.185102536771084,1.46077981003213e-34,0.957438248532193,0.669339576268496,22.3034787327877,-0.219396473599849,0.00284875309246271,3571.77721761179,0.106533463114974,5.90098359744895e-52,0.991972300333874,0.290691489242732,17.7528317939097,0.993234169078186,0.27260827324213,22.3253966880288,TRUE,-0.219158652285792,0.00295742119876909,0.323511709339787,2026-06-09 18:01:09,2026-06-09 18:01:58,"Time changed"
"14","2026-06-09 19:00:31","Collar_14_2026-06-09 19:00:31",2026-06-09 19:01:35.5,78.8804310503486,-0.260214863868296,1.12617450869067e-39,0.973930851516245,0.511850225303776,68.0560580646983,-0.212968382186039,0.00450148427124914,3574.35578643744,0.168339864147083,6.22386138513291e-42,0.979005403291685,0.459338919218489,18.848848058363,0.992756381278889,0.275612537795252,68.1361837981356,TRUE,-0.21402314036129,0.00477860219629159,0.529292955098345,2026-06-09 19:01:11,2026-06-09 19:02:00,"Time changed"
"14","2026-06-09 20:00:29","Collar_14_2026-06-09 20:00:29",2026-06-09 20:01:33.5,42.9119140565451,-0.401316923299432,3.98486523991608e-52,0.99210253625596,0.357218230024547,108.184115440726,-0.268913144659527,0.00672403051802535,3606.34231115656,0.251455367989351,1.62799443212649e-38,0.970863674619947,0.686131223576357,6.77768990940876,0.996460954068568,0.244272510730903,108.648619260423,TRUE,-0.265302147221952,0.00720765907369815,0.707252979681769,2026-06-09 20:01:09,2026-06-09 20:01:58,"Time changed"
"14","2026-06-09 21:00:30","Collar_14_2026-06-09 21:00:30",2026-06-09 21:01:34.5,49.2559384537027,-0.188172951248232,1.55633757314309e-38,0.970918237748934,0.380614528811704,26.226313908933,-0.150140168535395,0.00296272584717665,3555.55980678535,0.110795647960882,2.44921712560682e-43,0.981652033332701,0.302321458118782,5.7545842454731,0.988753194117629,0.241786085903535,26.4784539748023,TRUE,-0.149023735455775,0.00272929263080654,0.29639941940738,2026-06-09 21:01:10,2026-06-09 21:01:59,"Time changed"
"14","2026-06-09 22:00:30","Collar_14_2026-06-09 22:00:30",2026-06-09 22:01:34.5,83.9926917671817,-0.199317197670659,1.76730017054903e-36,0.964584160149887,0.538697754176729,40.9045508032125,-0.192892962486694,0.00343113842290478,3535.53620245535,0.128312650045392,1.82275352631001e-45,0.985039754928812,0.350119054048981,19.6251703074866,0.990976712421136,0.277760506037481,41.0212123991751,TRUE,-0.192600270282723,0.00371122012222783,0.318163229761463,2026-06-09 22:01:10,2026-06-09 22:01:59,"Time changed"
"14","2026-06-09 23:00:31","Collar_14_2026-06-09 23:00:31",2026-06-09 23:01:35.5,NA,NA,NA,NA,NA,41.0288412766422,-0.275293141993205,0.00343540565242519,3592.42234141974,0.12847222959615,8.90315905789013e-53,0.992580540632906,0.350554489224991,-13.7083970754966,0.997708145246195,0.199023633602012,41.0956117158358,TRUE,-0.276152848067109,0.0036386407956504,0.396042073487796,2026-06-09 23:01:11,2026-06-09 23:02:00,"Time changed"
"15","2026-06-09 00:03:31","Collar_15_2026-06-09 00:03:31",2026-06-09 00:04:50.5,240.985318292419,-0.169140221157392,5.00825593121729e-48,0.934895057726046,1.06436524790062,38.4753029161415,-0.177907001508967,0.00145344673887248,3550.8248535551,0.0793893311203839,6.47762281997164e-91,0.994820931197179,0.300199211614634,39.4815106999015,0.995011162734863,0.298485941581935,38.6277031483693,TRUE,-0.177586017412333,0.00150818130333192,0.284574918180683,2026-06-09 00:04:11,2026-06-09 00:05:30,"Time changed"
"15","2026-06-09 01:03:30","Collar_15_2026-06-09 01:03:30",2026-06-09 01:04:49.5,521.977391888968,-0.248196587936087,1.11511874469716e-101,0.945407727057493,1.22113433255773,113.28752017659,-0.224428171269979,0.00116567177431092,3575.96619823083,0.0636706526585523,2.50983257713709e-189,0.995755684096365,0.340487916497012,9.72905202060396,0.997833007574075,0.244845876561332,113.3223709443,TRUE,-0.224268314028778,0.00123462046880713,0.355586468329585,2026-06-09 01:04:10,2026-06-09 01:05:29,"Time changed"
"15","2026-06-09 02:03:27","Collar_15_2026-06-09 02:03:27",2026-06-09 02:04:46.5,NA,NA,NA,NA,NA,33.1194145415824,-0.211982454417726,0.000907349307503304,3564.93868644872,0.0495607115752391,1.48002139241943e-202,0.997113637094137,0.265032989607589,30.508549228618,0.997230465401095,0.261272746154501,33.1467027614547,TRUE,-0.211853974124839,0.000923925627158725,0.245338041148899,2026-06-09 02:04:07,2026-06-09 02:05:26,"Time changed"
"15","2026-06-09 03:03:29","Collar_15_2026-06-09 03:03:29",2026-06-09 03:04:48.5,469.712738408001,-0.193829627062364,8.64124827591186e-101,0.943974794358147,1.03712572953622,62.8689661708891,-0.18814118533645,0.000995748632629733,3563.06981193857,0.0543892086268233,4.83586798672864e-188,0.995593731819083,0.290854067800747,8.49162576806364,0.996940750158058,0.243900896351936,62.9801717975517,TRUE,-0.188156702545442,0.00100142230247732,0.328022841329839,2026-06-09 03:04:09,2026-06-09 03:05:28,"Time changed"
"15","2026-06-09 04:03:31","Collar_15_2026-06-09 04:03:31",2026-06-09 04:04:50.5,545.316738547,-0.187002988965535,2.25947252057205e-92,0.928404107830313,1.31352671123282,-4.49428328048045,-0.211007093625906,0.000806726494379752,3576.32441940394,0.0440645501985056,2.76062370446788e-210,0.997695833942124,0.235641480996377,-0.764572311288987,0.997699723098777,0.236946970112054,-4.43539005889123,TRUE,-0.21094619830266,0.000796214470087404,0.234724818242131,2026-06-09 04:04:11,2026-06-09 04:05:30,"Time changed"
"15","2026-06-09 05:03:28","Collar_15_2026-06-09 05:03:28",2026-06-09 05:04:47.5,571.003345746333,-0.198002939592142,1.54947490752801e-92,0.928744991200553,1.42331166294033,91.1628109642035,-0.229046121318688,0.00108780057310178,3574.36824150075,0.0594172167312538,1.91207968068931e-195,0.996448884522201,0.31774205986812,75.693852040192,0.99685573304613,0.300897277998458,91.1881321902148,TRUE,-0.229049584537272,0.00112406094524555,0.334875193644045,2026-06-09 05:04:08,2026-06-09 05:05:27,"Time changed"
"15","2026-06-09 06:03:28","Collar_15_2026-06-09 06:03:28",2026-06-09 06:04:47.5,NA,NA,NA,NA,NA,21.6924673323441,-0.26505927865344,0.000875520257779293,3584.00284260455,0.0478221635430305,2.67284348332988e-220,0.998279100766596,0.255735855488497,-16.5964803804224,0.998678799172153,0.225509356107471,22.3946065280406,TRUE,-0.264780727857185,0.000821623428598246,0.249321251318079,2026-06-09 06:04:08,2026-06-09 06:05:27,"Time changed"
"15","2026-06-09 07:03:32","Collar_15_2026-06-09 07:03:32",2026-06-09 07:04:51.5,NA,NA,NA,NA,NA,8.63944266651153,-0.205051418108183,0.00120618642838182,3576.18972121077,0.0658836207716855,5.32277751406467e-102,0.997308295657469,0.249129331798833,-0.0684946139928577,0.997703639768136,0.233115794363584,8.63958479108952,TRUE,-0.205062099239832,0.00128585398040424,0.245537696569793,2026-06-09 07:04:12,2026-06-09 07:05:31,"Time changed"
"15","2026-06-09 08:03:29","Collar_15_2026-06-09 08:03:29",2026-06-09 08:04:48.5,285.647601965016,-0.206805081389989,3.44207071157129e-47,0.931599421290662,1.40708175602095,4.9209341305021,-0.229816601626176,0.00117847707684059,3577.31829672173,0.064370096522187,1.22241884967661e-106,0.997953158368943,0.243406159931191,7.23583742025983,0.997995821545427,0.244004673024085,4.97361087847546,TRUE,-0.229976047541968,0.00111151247510116,0.221599891187081,2026-06-09 08:04:09,2026-06-09 08:05:28,"Time changed"
"15","2026-06-09 09:03:27","Collar_15_2026-06-09 09:03:27",2026-06-09 09:04:46.5,NA,NA,NA,NA,NA,42.366838137819,-0.217579515785907,0.00148923101902157,3576.11122499751,0.0813439194721143,6.95057957036825e-97,0.99635918454202,0.307590203249654,16.1677453976582,0.997503926182911,0.258013472282263,42.3867256711534,TRUE,-0.21737731376299,0.00152041011232306,0.301970463865697,2026-06-09 09:04:07,2026-06-09 09:05:26,"Time changed"
"15","2026-06-09 10:03:30","Collar_15_2026-06-09 10:03:30",2026-06-09 10:04:49.5,239.386688881414,-0.177971668585656,3.03333046599563e-48,0.935726047190372,1.05378366359557,0.351496417863281,-0.177446070517653,0.00114529701643674,3575.55169061503,0.0625577543623094,7.25047217359239e-99,0.996761162222249,0.236553051586617,-1.26619961718205,0.996980795595554,0.23137728471682,0.527200722751061,TRUE,-0.17697331503321,0.00110655445985955,0.241699934109634,2026-06-09 10:04:10,2026-06-09 10:05:29,"Time changed"
"15","2026-06-09 11:03:30","Collar_15_2026-06-09 11:03:30",2026-06-09 11:04:49.5,261.133356087607,-0.187834794217102,2.6513510265981e-46,0.927926946519175,1.20720026300486,-10.7618515205473,-0.192046374812566,0.0010684463476629,3571.98041849823,0.0583600613702411,6.96455699576471e-104,0.997591533732942,0.220680085924414,-8.310348122832,0.997637704221532,0.221411667407497,-10.5524310361982,TRUE,-0.192159581865176,0.000932009029819595,0.161214070125451,2026-06-09 11:04:10,2026-06-09 11:05:29,"Time changed"
"15","2026-06-09 12:03:32","Collar_15_2026-06-09 12:03:32",2026-06-09 12:04:51.5,NA,NA,NA,NA,NA,34.6223879687764,-0.191390990141378,0.00141886474791092,3574.66872652353,0.0775004135165789,3.43688648337558e-94,0.995731494303113,0.293056544363698,25.0985595477018,0.996395381438923,0.272824679743258,34.6268174603647,TRUE,-0.191416290334614,0.00161228736097852,0.292891093518327,2026-06-09 12:04:12,2026-06-09 12:05:31,"Time changed"
"15","2026-06-09 13:03:27","Collar_15_2026-06-09 13:03:27",2026-06-09 13:04:46.5,266.245918904751,-0.232716437152893,1.45902729932109e-49,0.940533606801113,1.24639746707824,76.916616686193,-0.217943057512833,0.00184817008818563,3570.6979639902,0.100949682691215,1.16882660542529e-89,0.99442219653259,0.381726545985082,65.1741675188038,0.99541855504618,0.35047940294315,76.9510535804642,TRUE,-0.218105400253405,0.0021422392128093,0.396832625333586,2026-06-09 13:04:07,2026-06-09 13:05:26,"Time changed"
"15","2026-06-09 14:06:18","Collar_15_2026-06-09 14:06:18",2026-06-09 14:07:37.5,NA,NA,NA,NA,NA,15.9676632590601,-0.17730963821804,0.00126271611678084,3564.9426724897,0.0689713528711248,1.51662985209014e-95,0.99605972310666,0.260805141745175,16.7252212518648,0.99621623149025,0.258914016976342,16.0649515409516,TRUE,-0.177209162142136,0.00136837441499971,0.241296401443224,2026-06-09 14:06:58,2026-06-09 14:08:17,"Time changed"
"15","2026-06-09 15:03:28","Collar_15_2026-06-09 15:03:28",2026-06-09 15:04:47.5,250.145082896777,-0.155530462554656,5.50956856674733e-44,0.917369978949853,1.12707653022001,13.1467419495478,-0.167298437815532,0.00124064857960262,3568.45105576905,0.0677659925581543,3.52238020515401e-94,0.995728804333469,0.25624724699334,9.00023705644161,0.996142333401757,0.246710324867296,13.1597621877722,TRUE,-0.167191065993185,0.00129778817758846,0.266815330106163,2026-06-09 15:04:08,2026-06-09 15:05:27,"Time changed"
"15","2026-06-09 16:03:30","Collar_15_2026-06-09 16:03:30",2026-06-09 16:04:49.5,NA,NA,NA,NA,NA,13.6363491365654,-0.194103336737144,0.00124445083455321,3557.44446587523,0.0679736771393661,4.30864414034921e-99,0.996804094712998,0.25703257603774,11.5191220107599,0.997039361206887,0.250625026936589,13.8105485740013,TRUE,-0.193755389092364,0.00129073995321339,0.280797862580953,2026-06-09 16:04:10,2026-06-09 16:05:29,"Time changed"
"15","2026-06-09 17:03:30","Collar_15_2026-06-09 17:03:30",2026-06-09 17:04:49.5,283.689116858611,-0.192565076152181,1.93631232466815e-45,0.924161082877488,1.38996331005979,3.58890352303883,-0.215574261783054,0.00116870675606264,3560.60243191619,0.0638364276847624,9.29746668382839e-105,0.997712730123426,0.241388168823353,-30.0835130815941,0.99857174459189,0.19324164187548,3.62612047646988,TRUE,-0.215368071117664,0.00133013433823205,0.220361707648206,2026-06-09 17:04:10,2026-06-09 17:05:29,"Time changed"
"15","2026-06-09 18:03:27","Collar_15_2026-06-09 18:03:27",2026-06-09 18:04:46.5,271.403921940737,-0.202202304057551,5.64867522368741e-46,0.926516940456744,1.28723290926041,9.0896293798204,-0.202767570353588,0.00120958501428305,3559.32225877737,0.0660692563744482,1.58338079141582e-101,0.997231996671528,0.249831285837373,11.6693656584627,0.99728070421634,0.250860480081302,9.13818704342161,TRUE,-0.202510485741114,0.00135851225092074,0.247924096198844,2026-06-09 18:04:07,2026-06-09 18:05:26,"Time changed"
"15","2026-06-09 19:03:31","Collar_15_2026-06-09 19:03:31",2026-06-09 19:04:50.5,259.838012625958,-0.211066194908186,3.05506324512094e-49,0.939396918894636,1.19746635000043,42.8827830158474,-0.207576012613704,0.00149404102714098,3583.21546765282,0.0816066489668188,3.46098142555373e-95,0.995975481143452,0.308583676630336,31.8084415955924,0.996666655690315,0.284509360026812,43.4711964016469,TRUE,-0.208190671936015,0.00137388132084158,0.278599776043122,2026-06-09 19:04:11,2026-06-09 19:05:30,"Time changed"
"15","2026-06-09 20:03:29","Collar_15_2026-06-09 20:03:29",2026-06-09 20:04:48.5,NA,NA,NA,NA,NA,85.8180266314191,-0.223179718062819,0.00195390477722291,3579.60571453359,0.106725062011549,1.38640242403768e-88,0.994057033999669,0.403565303085969,-5.37817992237436,0.998191937638265,0.225506677044183,85.9145232890316,TRUE,-0.223757473613087,0.00213337831989375,0.441907435756277,2026-06-09 20:04:09,2026-06-09 20:05:28,"Time changed"
"15","2026-06-09 21:03:30","Collar_15_2026-06-09 21:03:30",2026-06-09 21:04:49.5,NA,NA,NA,NA,NA,7.54972852424686,-0.196773134461313,0.00119799934989376,3570.21313065191,0.0654364308832545,7.73007139881681e-101,0.99711714801276,0.247438348261694,-25.9548241755591,0.998196059987216,0.198293001392361,7.56760054799085,TRUE,-0.196925418005431,0.00129982922719381,0.262594002603315,2026-06-09 21:04:10,2026-06-09 21:05:29,"Time changed"
"15","2026-06-09 22:03:28","Collar_15_2026-06-09 22:03:28",2026-06-09 22:04:47.5,311.849662025738,-0.232622840186057,8.07753054569758e-46,0.925840610563052,1.6574507984568,-8.28019184853289,-0.260075702782565,0.00108514753499641,3552.93916604073,0.0592723040110357,1.29967914230594e-113,0.998643926332992,0.22412959882121,-7.641180290665,0.998699718006244,0.222339616319113,-8.23234647984941,TRUE,-0.260287744913839,0.00114445004742493,0.23986923970948,2026-06-09 22:04:08,2026-06-09 22:05:27,"Time changed"
"15","2026-06-09 23:03:30","Collar_15_2026-06-09 23:03:30",2026-06-09 23:04:49.5,NA,NA,NA,NA,NA,-16.6921979229412,-0.273658316792526,0.00102956966785297,3591.61265542386,0.05623656174432,4.0983334708396e-117,0.998897167489541,0.21265038086746,-49.893237660881,0.99930728118817,0.170738075089554,-16.6723381548865,TRUE,-0.273652462462643,0.00117370099193535,0.193303032362371,2026-06-09 23:04:10,2026-06-09 23:05:29,"Time changed"
"16","2026-06-09 00:06:31","Collar_16_2026-06-09 00:06:31",2026-06-09 00:07:50.5,279.188256887953,-0.191088901785324,2.33801305086384e-43,0.914253765746845,1.35140795193295,115.072881288073,-0.196249697488054,0.00234590830034977,3566.35812824587,0.128136852802051,4.03611348222512e-78,0.988977375043623,0.484530876467853,103.822510789774,0.990890477058463,0.446238733362119,115.214672342604,TRUE,-0.196597833427695,0.00254553161678056,0.472632603496268,2026-06-09 00:07:11,2026-06-09 00:08:30,"Time changed"
"16","2026-06-09 01:06:28","Collar_16_2026-06-09 01:06:28",2026-06-09 01:07:47.5,NA,NA,NA,NA,NA,133.776105080077,-0.162994827548914,0.00124274715779777,3586.57870006269,0.0678806198883214,3.74214416465052e-163,0.990898682822802,0.363001318052229,95.551157742858,0.993009771628132,0.320160687346036,133.902515728013,TRUE,-0.163138401426939,0.00115484465267769,0.312765975063102,2026-06-09 01:07:08,2026-06-09 01:08:27,"Time changed"
"16","2026-06-09 02:06:27","Collar_16_2026-06-09 02:06:27",2026-06-09 02:07:46.5,471.387344232629,-0.12629252971463,2.11576321167674e-76,0.885992945072462,1.04256738305473,185.038714121351,-0.131603328602364,0.00145866266374935,3563.32136554176,0.0796742323665557,7.96315798618489e-138,0.980959250489923,0.426069346618257,153.080346657804,0.984791695961968,0.383217124432794,186.688329423501,TRUE,-0.133373080913976,0.0011737278296781,0.301087724629765,2026-06-09 02:07:07,2026-06-09 02:08:26,"Time changed"
"16","2026-06-09 03:06:29","Collar_16_2026-06-09 03:06:29",2026-06-09 03:07:48.5,531.877510036197,-0.170921287172974,1.82962166232717e-87,0.917398708774851,1.25950410591541,52.8336843605684,-0.188195424547926,0.000965006264663476,3568.64829078585,0.0527100167000582,3.32672107571047e-190,0.995862873758683,0.281874348940176,35.4554553566728,0.99638031331523,0.265343164270126,53.1203596064315,TRUE,-0.187709616907389,0.000979284168650042,0.276952071752981,2026-06-09 03:07:09,2026-06-09 03:08:28,"Time changed"
"16","2026-06-09 04:06:31","Collar_16_2026-06-09 04:06:31",2026-06-09 04:07:50.5,490.945186545981,-0.175167560239902,1.013309755833e-93,0.93116180013441,1.10827479317294,0.0371848379845687,-0.181484498649495,0.000818231686794419,3589.15573969643,0.0446929801958237,5.30049159438566e-199,0.996798614096838,0.239002100238,-85.3128083815888,0.998168479761948,0.181930204829359,0.204914352678273,TRUE,-0.181308903052274,0.00083871850183934,0.273841961327479,2026-06-09 04:07:11,2026-06-09 04:08:30,"Time changed"
"16","2026-06-09 05:06:28","Collar_16_2026-06-09 05:06:28",2026-06-09 05:07:47.5,420.035292721659,-0.182496060659267,2.57023868984322e-108,0.955007355285592,0.88799527908834,137.306071780917,-0.179459935124539,0.00125653197443932,3576.94636238757,0.068633566207936,5.96090503570583e-169,0.992313685616206,0.367027806126327,0.737083965504581,0.996807241678087,0.238061498454836,138.03805330059,TRUE,-0.180146668694421,0.00132657672914075,0.379821370205523,2026-06-09 05:07:08,2026-06-09 05:08:27,"Time changed"
"16","2026-06-09 06:06:28","Collar_16_2026-06-09 06:06:28",2026-06-09 06:07:47.5,419.198558144013,-0.234002692810007,1.16383342030174e-110,0.957977874524373,0.88567638601646,172.227187562615,-0.185089219811472,0.00140141720196422,3580.16547016345,0.0765474037052423,1.25844343647205e-163,0.991023363922852,0.409348183387166,29.141140126529,0.996420090882189,0.260158669624658,172.437208928194,TRUE,-0.18475825540646,0.00145676253519428,0.41470996790918,2026-06-09 06:07:08,2026-06-09 06:08:27,"Time changed"
"16","2026-06-09 07:06:30","Collar_16_2026-06-09 07:06:30",2026-06-09 07:07:49.5,221.770576257457,-0.25629899756486,9.06954363633681e-56,0.958767919996763,0.943920315823465,116.806079098621,-0.19766521581981,0.0023714584559237,3580.62477640633,0.129532438692326,5.34695546631862e-78,0.988897610229984,0.489808081579529,51.3848409649042,0.995338231404483,0.321538937719471,116.874735259367,TRUE,-0.197238462534708,0.00255570353043303,0.526023127994166,2026-06-09 07:07:10,2026-06-09 07:08:29,"Time changed"
"16","2026-06-09 08:06:29","Collar_16_2026-06-09 08:06:29",2026-06-09 08:07:48.5,223.281124321985,-0.211672763814469,9.39657154602294e-54,0.953561067634958,0.95287399612154,74.3531965841864,-0.188390173544957,0.00181879579755721,3581.00283213955,0.099345217097288,2.71415602396534e-85,0.992782280312322,0.375659492647282,22.5481828722781,0.996407039915287,0.268510370200292,74.3613100278273,TRUE,-0.188518889319085,0.00193325362306302,0.459810601494172,2026-06-09 08:07:09,2026-06-09 08:08:28,"Time changed"
"16","2026-06-09 09:06:27","Collar_16_2026-06-09 09:06:27",2026-06-09 09:07:46.5,222.26993117349,-0.181514033451559,8.72277823701641e-50,0.941312223150811,0.946870863023337,68.8411010815982,-0.166407668508914,0.00175720422149785,3568.88571789368,0.0959809974838498,2.79229825593409e-82,0.99137753421121,0.362938185370853,62.1392274545138,0.992457168230077,0.343894032397629,69.0632185176821,TRUE,-0.165605830849071,0.00170562461859764,0.342801031788951,2026-06-09 09:07:07,2026-06-09 09:08:26,"Time changed"
"16","2026-06-09 10:06:28","Collar_16_2026-06-09 10:06:28",2026-06-09 10:07:47.5,187.249702882305,-0.184177912495035,3.92368622822048e-55,0.957190830833503,0.760735929303403,70.2438490649928,-0.15643659748684,0.00177267766833179,3579.04335872491,0.0968261791898034,6.51980808574314e-80,0.99008370721967,0.36613411709389,15.3789146954745,0.995248941381966,0.256744546947043,70.276708386918,TRUE,-0.156197417378099,0.00192520429030126,0.382517958589145,2026-06-09 10:07:08,2026-06-09 10:08:27,"Time changed"
"16","2026-06-09 11:06:30","Collar_16_2026-06-09 11:06:30",2026-06-09 11:07:49.5,171.740890660476,-0.181180085372336,1.10516399527133e-56,0.960933229505208,0.690458739402865,68.890117893333,-0.148563693567948,0.00175774263239425,3574.68920548041,0.0960104062539065,1.8275748579233e-78,0.989199012268178,0.363049390358487,-22.5003304664073,0.99672192296026,0.202620815330471,68.9720821346814,TRUE,-0.149025850935394,0.00197230181179283,0.405512802550498,2026-06-09 11:07:10,2026-06-09 11:08:29,"Time changed"
"16","2026-06-09 12:06:32","Collar_16_2026-06-09 12:06:32",2026-06-09 12:07:51.5,211.379761451725,-0.159976961150971,1.41794341581461e-49,0.940577107998896,0.884567795315538,72.7678941523313,-0.154346751998804,0.00180086389639637,3578.57503516091,0.0983657511142549,6.2262917844068e-79,0.989493110360735,0.37195578445677,49.7387916031837,0.992505515003564,0.318247964178327,72.7875449863644,TRUE,-0.154542462065692,0.001840571140337,0.432321817950702,2026-06-09 12:07:12,2026-06-09 12:08:31,"Time changed"
"16","2026-06-09 13:06:25","Collar_16_2026-06-09 13:06:25",2026-06-09 13:07:44.5,NA,NA,NA,NA,NA,64.3843613001583,-0.135253885093792,0.00170893336354301,3574.42591386257,0.0933443744668863,2.89789991430891e-76,0.987700970512815,0.352968178824038,34.0907036175465,0.991988727320795,0.288596722746599,64.398934964444,TRUE,-0.135455238225031,0.00176979418635129,0.398763159547778,2026-06-09 13:07:05,2026-06-09 13:08:24,"Time changed"
"16","2026-06-09 14:09:18","Collar_16_2026-06-09 14:09:18",2026-06-09 14:10:37.5,149.216391452342,-0.105650513607089,2.40685338278002e-44,0.919104225149693,0.599789101752106,82.5795441865428,-0.0885722885155706,0.00191475428735075,3560.89505470233,0.104586606490023,1.83201154938128e-58,0.964829734163988,0.395479044484524,82.7676269438203,0.966466261899213,0.391216478946609,83.1085471093046,TRUE,-0.0881144301895357,0.00174005327064181,0.332581903779243,2026-06-09 14:09:58,2026-06-09 14:11:17,"Time changed"
"16","2026-06-09 15:06:28","Collar_16_2026-06-09 15:06:28",2026-06-09 15:07:47.5,246.674268512962,-0.158384542890878,4.54854211942451e-45,0.922483803329574,1.10289059744647,48.9806089831364,-0.168828710059478,0.00155207998925531,3565.81636048,0.0847768197463493,6.12041269368728e-87,0.993450975156576,0.32057121645802,22.9317643784035,0.995501672764891,0.269154865018848,49.1138909458696,TRUE,-0.168291249508499,0.0015942094387898,0.323024310221188,2026-06-09 15:07:08,2026-06-09 15:08:27,"Time changed"
"16","2026-06-09 16:06:30","Collar_16_2026-06-09 16:06:30",2026-06-09 16:07:49.5,210.115586670256,-0.162290440835906,4.59898049407434e-49,0.938758484921035,0.87760628144245,95.9573855574165,-0.150521270728034,0.00208173319484327,3565.10059596258,0.113707232256693,3.04100277736148e-73,0.985299995548684,0.429967364589334,35.6909690715531,0.993416822111532,0.291497651649867,96.1873007684318,TRUE,-0.151432911757479,0.00221576361755253,0.447818256071714,2026-06-09 16:07:10,2026-06-09 16:08:29,"Time changed"
"16","2026-06-09 17:06:30","Collar_16_2026-06-09 17:06:30",2026-06-09 17:07:49.5,158.164583347762,-0.146068039752728,1.01188569989499e-41,0.905567960146082,0.63428875209162,201.136160189047,-0.0808153725126019,0.00401713175799867,3553.01484629538,0.219421458496214,1.31603274235793e-32,0.83841599999505,0.829710339189191,130.480557924292,0.936449802653439,0.52714037537004,201.461660979802,TRUE,-0.0800476586391697,0.00417403715200612,0.650974791610853,2026-06-09 17:07:10,2026-06-09 17:08:29,"Time changed"
"16","2026-06-09 18:06:27","Collar_16_2026-06-09 18:06:27",2026-06-09 18:07:46.5,NA,NA,NA,NA,NA,88.9046242071271,-0.155138393888752,0.00199196393693749,3573.8183253043,0.108803907525412,1.00075717806973e-75,0.987303914951932,0.411426155111337,64.1989384641134,0.991131793209414,0.348349664502821,88.9988259900045,TRUE,-0.154953494901148,0.00221568015141739,0.442456655363008,2026-06-09 18:07:07,2026-06-09 18:08:26,"Time changed"
"16","2026-06-09 19:06:31","Collar_16_2026-06-09 19:06:31",2026-06-09 19:07:50.5,203.7860617824,-0.165775717657002,1.5452972585604e-51,0.947074274168593,0.843566330322418,61.1313539856306,-0.156092527706457,0.00167453935609367,3584.54342027821,0.0914657247902762,9.47871536695983e-82,0.991103075245668,0.345864338246729,42.9566347425422,0.993256886962667,0.30503983056949,61.1885895174802,TRUE,-0.155717232386033,0.00178021199103073,0.374453951486759,2026-06-09 19:07:11,2026-06-09 19:08:30,"Time changed"
"16","2026-06-09 20:06:29","Collar_16_2026-06-09 20:06:29",2026-06-09 20:07:48.5,218.981900921903,-0.168943203285326,8.94309211136503e-52,0.947810796380544,0.927611061835214,64.3217321502341,-0.17296835392204,0.00170826456292262,3568.10867569208,0.0933078436243824,1.57515485347928e-84,0.992449426379217,0.352830042755066,37.7582507196449,0.994846995107692,0.295288386439388,64.5641451645897,TRUE,-0.173033003490898,0.00164639366408488,0.338078425277044,2026-06-09 20:07:09,2026-06-09 20:08:28,"Time changed"
"16","2026-06-09 21:06:30","Collar_16_2026-06-09 21:06:30",2026-06-09 21:07:49.5,213.292771251904,-0.177282403608003,8.41369490192827e-51,0.944725540029258,0.895207441914736,56.7048329475608,-0.162179697399339,0.00162884693015867,3560.59795384944,0.0889699394028726,5.78153244603353e-84,0.992193460904735,0.33642688871687,42.550556546694,0.993778361646097,0.304266624528268,56.9380571130479,TRUE,-0.162895392011712,0.0017184017431054,0.276992525150618,2026-06-09 21:07:10,2026-06-09 21:08:29,"Time changed"
"16","2026-06-09 22:06:28","Collar_16_2026-06-09 22:06:28",2026-06-09 22:07:47.5,194.525695286135,-0.187000312858333,1.3929676354284e-55,0.958312004528406,0.796129009786345,67.9522293465669,-0.166014592958615,0.0017474692303733,3527.3136608625,0.0954492584024158,2.18172521939708e-82,0.991431909593493,0.360927491354687,-1.3477555393839,0.996572623589283,0.231259376095883,67.9799858103289,TRUE,-0.165939416636852,0.00181864239192109,0.349737919657553,2026-06-09 22:07:08,2026-06-09 22:08:27,"Time changed"
"16","2026-06-09 23:06:30","Collar_16_2026-06-09 23:06:30",2026-06-09 23:07:49.5,NA,NA,NA,NA,NA,49.9830610991445,-0.171293703238021,0.00156183480257088,3586.90337651419,0.0853096415440908,3.23436603939146e-87,0.993557196720442,0.322586004608465,36.8025618971751,0.99480234533836,0.293529869711815,49.9883559466312,TRUE,-0.171361224792805,0.0015948150395069,0.350032432272832,2026-06-09 23:07:10,2026-06-09 23:08:29,"Time changed"
"29","2026-06-09 00:09:53","Collar_29_2026-06-09 00:09:53",2026-06-09 00:10:42.5,NA,NA,NA,NA,NA,-34.0704527345451,-0.00134348415319698,0.000923602794511034,3646.50900616314,0.0504485001865496,0.149789073185894,0.026410457091081,0.190763667729837,-32.5875432772798,0.0565662272439147,0.190240915921392,-34.0592413982833,TRUE,-0.00143443394858427,0.000942624465262958,0.211452142222701,2026-06-09 00:10:03,2026-06-09 00:11:22,NA
"29","2026-06-09 00:30:52","Collar_29_2026-06-09 00:30:52",2026-06-09 00:31:41.5,-34.8327700537284,-0.00472853625360329,1.4716111125766e-11,0.444464661089571,0.189856939192915,-40.5522291283069,-0.00756813663097211,0.000886934380728251,3648.40984408553,0.0484456191964152,8.70607055348366e-13,0.482795170298298,0.183190064504933,-42.0133029133908,0.516923240826151,0.179357361712489,-40.4681719658625,TRUE,-0.00779359652371933,0.000912586022368994,0.193957545519852,2026-06-09 00:31:02,2026-06-09 00:32:21,NA
"29","2026-06-09 01:30:51","Collar_29_2026-06-09 01:30:51",2026-06-09 01:31:40.5,NA,NA,NA,NA,NA,-137.683533389166,-0.00513260344649467,0.00053206639688523,3650.06286614515,0.0290622244562737,1.33350285914838e-17,0.370658005556981,0.155414399581406,-139.321260658443,0.392447236545597,0.153676033839577,-137.572056476955,TRUE,-0.00503151307161404,0.000551296072079133,0.178273914757254,2026-06-09 01:31:01,2026-06-09 01:32:20,NA
"29","2026-06-09 02:30:51","Collar_29_2026-06-09 02:30:51",2026-06-09 02:31:40.5,NA,NA,NA,NA,NA,-28.6133629815318,-0.009116697443468,0.000748156791454976,3632.56079964068,0.0408653895999378,1.67396702135907e-24,0.484481390101222,0.218533512391325,-68.4434664004423,0.608010420270509,0.191778261626256,-28.3657310895899,TRUE,-0.00928472240145584,0.000736831936849215,0.197672571617679,2026-06-09 02:31:01,2026-06-09 02:32:20,NA
"29","2026-06-09 03:30:51","Collar_29_2026-06-09 03:30:51",2026-06-09 03:31:40.5,NA,NA,NA,NA,NA,-85.7288796201351,-0.0113977460134857,0.000625859922920045,3634.96275354302,0.0341853604448017,1.19669024729211e-40,0.677322378812447,0.182811101607052,-163.081510538132,0.805933709412457,0.142678797048198,-85.1433882341899,TRUE,-0.0118657763921771,0.000653394205666157,0.196103328790185,2026-06-09 03:31:01,2026-06-09 03:32:20,NA
"29","2026-06-09 04:30:51","Collar_29_2026-06-09 04:30:51",2026-06-09 04:31:40.5,NA,NA,NA,NA,NA,-9.14097424467714,-0.0251680192997193,0.000795096733853849,3651.47337986813,0.0434293161135208,2.7269417626279e-70,0.863790507086273,0.232244475923345,-27.3035377591673,0.881409300117351,0.218088750924305,-8.92863465973343,TRUE,-0.0250915518972979,0.000846696890071254,0.226817939775966,2026-06-09 04:31:01,2026-06-09 04:32:20,NA
"29","2026-06-09 05:30:51","Collar_29_2026-06-09 05:30:51",2026-06-09 05:31:40.5,NA,NA,NA,NA,NA,-58.9264765786901,-0.0236280205748646,0.000680538291567286,3652.73770050104,0.0371719708224381,7.68602629421848e-76,0.884117577785053,0.198782427522668,-58.4722146056695,0.886657386116044,0.197848182023159,-58.7397465572114,TRUE,-0.0237258131800255,0.000710852796298377,0.205042132359577,2026-06-09 05:31:01,2026-06-09 05:32:20,NA
"29","2026-06-09 06:30:51","Collar_29_2026-06-09 06:30:51",2026-06-09 06:31:40.5,NA,NA,NA,NA,NA,-30.6109703546853,0.00794298056670924,0.00094379017389453,3659.20159620265,0.0515511636027354,1.46801127787576e-12,0.475911457087745,0.194933229099655,-27.8700295717606,0.484095121314055,0.195933576845511,-30.5376186693586,TRUE,0.00803752088528852,0.000941136344202784,0.192496440824524,2026-06-09 06:31:01,2026-06-09 06:32:20,NA
"29","2026-06-09 07:30:51","Collar_29_2026-06-09 07:30:51",2026-06-09 07:31:40.5,NA,NA,NA,NA,NA,-27.2242251080556,-0.00115421750793851,0.000963980461077884,3656.13386550969,0.0526539858470912,0.234798148119091,0.0180482214551902,0.199103391055103,-26.1282253975149,0.0530538780386376,0.198078216246238,-26.5999234662239,TRUE,-0.0018010098076196,0.00103961385625284,0.159974380249692,2026-06-09 07:31:01,2026-06-09 07:32:20,NA
"29","2026-06-09 08:30:51","Collar_29_2026-06-09 08:30:51",2026-06-09 08:31:40.5,NA,NA,NA,NA,NA,-38.0504272160291,-0.00785675429019662,0.000900911710858547,3663.60068641554,0.0492090808769951,3.75680977965656e-13,0.493683927975268,0.186076983834944,-35.8373366042195,0.504867821005944,0.186415870201806,-37.9919811599243,TRUE,-0.00779473207644266,0.000914243463976217,0.184108531662229,2026-06-09 08:31:01,2026-06-09 08:32:20,NA
"29","2026-06-09 09:30:51","Collar_29_2026-06-09 09:30:51",2026-06-09 09:31:40.5,NA,NA,NA,NA,NA,-33.7919897516006,-0.00198740630058573,0.000925211626538055,3645.91136479528,0.0505363768834345,0.0348131513468319,0.0558517458443096,0.191095960680941,-33.3052247975021,0.0964171862718151,0.189389499431378,-33.763400149309,TRUE,-0.00186926045179192,0.00103748273671468,0.176095116743846,2026-06-09 09:31:01,2026-06-09 09:32:20,NA
"29","2026-06-09 10:30:51","Collar_29_2026-06-09 10:30:51",2026-06-09 10:31:40.5,NA,NA,NA,NA,NA,-39.0814005816316,0.00760745177986555,0.000895125273708477,3646.98493515811,0.0488930174378418,1.01425764827704e-12,0.480792182493067,0.184881835898628,-37.6471614675041,0.49718002118769,0.184319125641781,-38.965390705081,TRUE,0.00772827569622842,0.00097082445122159,0.176462728817616,2026-06-09 10:31:01,2026-06-09 10:32:20,NA
"29","2026-06-09 11:30:51","Collar_29_2026-06-09 11:30:51",2026-06-09 11:31:40.5,-25.9271642648328,0.0104027705991055,2.48052080379794e-07,0.290627605731946,0.200724008630436,-33.446404090173,0.00606544700786204,0.000927212160446779,3642.79786841497,0.0506456488950257,5.78858836321874e-09,0.354264401619629,0.19150915690351,-34.6306049397268,0.394782668619053,0.187827147573787,-33.283349170246,TRUE,0.00623981475229846,0.000979534434848422,0.200208152758418,2026-06-09 11:31:01,2026-06-09 11:32:20,NA
"29","2026-06-09 12:30:51","Collar_29_2026-06-09 12:30:51",2026-06-09 12:31:40.5,-13.8165233011299,-0.0161730477691911,0.00528201374005791,0.0955090427043666,0.216506891671654,-18.072213600097,0.00367291832711494,0.00102072771475849,3639.21788144087,0.0557536016721035,0.000560252490057461,0.142367077587924,0.210824137581686,-32.8178451967983,0.321519469717349,0.189967282600085,-18.0680246994351,TRUE,0.00373081712456579,0.00105227588872599,0.2477111573724,2026-06-09 12:31:01,2026-06-09 12:32:20,NA
"29","2026-06-09 13:30:51","Collar_29_2026-06-09 13:30:51",2026-06-09 13:31:40.5,-30.5770648205045,0.0116952717750189,1.84874388556013e-06,0.254310751191428,0.194974541697157,-27.5669636132753,0.00458690377971038,0.000961917713549226,3638.52202611232,0.0525413156389641,8.46795246991069e-06,0.225718717267443,0.198677345046466,-27.5021663911662,0.262884064437512,0.196384574781414,-26.8787235776309,TRUE,0.00515399093534551,0.000851181652371367,0.170287602323839,2026-06-09 13:31:01,2026-06-09 13:32:20,NA
"29","2026-06-09 14:30:51","Collar_29_2026-06-09 14:30:51",2026-06-09 14:31:40.5,NA,NA,NA,NA,NA,-71.5792803807387,0.00568687152913875,0.000730589637241834,3635.98819671499,0.039905846614722,2.4637537470147e-11,0.437188188132097,0.150898156257147,-70.1767365908188,0.455168207136685,0.150409081089683,-71.5458968170158,TRUE,0.00557452435104249,0.000682560141051881,0.132164205613294,2026-06-09 14:31:01,2026-06-09 14:32:20,NA
"29","2026-06-09 15:30:51","Collar_29_2026-06-09 15:30:51",2026-06-09 15:31:40.5,NA,NA,NA,NA,NA,23.5353640383849,0.00622236376992262,0.00132387518112617,3636.91886055743,0.0723119480786867,1.10005754127657e-05,0.220709684419401,0.273437116766013,-15.5274440613897,0.545090475261543,0.211646380947296,25.2615120222647,TRUE,0.00532167319063026,0.00113645884917384,0.173081223794521,2026-06-09 15:31:01,2026-06-09 15:32:20,NA
"29","2026-06-09 16:30:51","Collar_29_2026-06-09 16:30:51",2026-06-09 16:31:40.5,NA,NA,NA,NA,NA,-3.57947371372681,0.00202852710285711,0.00111750155951766,3632.16681160896,0.0610395269144271,0.0733316237555388,0.0405322875874603,0.23081209525818,-34.6216395286074,0.380847509709952,0.187837672541145,-3.55884568585272,TRUE,0.00187277873878068,0.00122922448721746,0.207204555921775,2026-06-09 16:31:01,2026-06-09 16:32:20,NA
"29","2026-06-09 17:30:51","Collar_29_2026-06-09 17:30:51",2026-06-09 17:31:40.5,NA,NA,NA,NA,NA,-40.1426749097555,0.00432536037395175,0.000889207587098523,3624.68951640325,0.0485697849662421,5.85195820978688e-06,0.23274624993989,0.183659579308566,-40.5148161506624,0.273552790925961,0.181045031299021,-39.5623832528808,TRUE,0.00491951897500144,0.000872965271963561,0.17699508635155,2026-06-09 17:31:01,2026-06-09 17:32:20,NA
"29","2026-06-09 18:30:51","Collar_29_2026-06-09 18:30:51",2026-06-09 18:31:40.5,NA,NA,NA,NA,NA,-65.016188739707,0.00675624231348206,0.000761181059824245,3621.27856178358,0.0415767936896197,1.87803047536468e-13,0.50249821782933,0.157216599648154,-61.2791024713742,0.504130534745203,0.159010303582316,-64.9007321877138,TRUE,0.00689941185511565,0.000745746797277118,0.168616389995729,2026-06-09 18:31:01,2026-06-09 18:32:20,NA
"29","2026-06-09 19:30:51","Collar_29_2026-06-09 19:30:51",2026-06-09 19:31:40.5,-42.981527938114,0.0119536247697424,1.46909936890189e-07,0.299832658133877,0.180429676892775,-46.4587584243772,0.00529354495928011,0.000854789459647333,3618.50163280994,0.0466898178207753,2.58075330242094e-08,0.32961378593984,0.176550756914349,-44.3495170439153,0.345272248634864,0.17675753088937,-46.3357050265086,TRUE,0.00500027698220064,0.000853764960593062,0.167741289524992,2026-06-09 19:31:01,2026-06-09 19:32:20,NA
"29","2026-06-09 20:30:51","Collar_29_2026-06-09 20:30:51",2026-06-09 20:31:40.5,NA,NA,NA,NA,NA,89.5700458790451,-0.00935378859009323,0.00200026553750803,3612.16148541657,0.109257352773111,1.20460339934776e-05,0.218965388531403,0.413140792379952,49.0558661655576,0.552269172979071,0.316892486329579,89.6186750736898,TRUE,-0.00946914172521934,0.00223331741953633,0.451494945885188,2026-06-09 20:31:01,2026-06-09 20:32:20,NA
"29","2026-06-09 21:30:51","Collar_29_2026-06-09 21:30:51",2026-06-09 21:31:40.5,NA,NA,NA,NA,NA,-44.9409430034974,0.00527615288918854,0.00086293687203271,3604.98348922313,0.0471348410901789,3.60308951333387e-08,0.323991817084007,0.178233547696684,-42.3720337888486,0.335977160276823,0.178955680782561,-44.8861817817103,TRUE,0.00544675104036191,0.000944898497941623,0.188869787610093,2026-06-09 21:31:01,2026-06-09 21:32:20,NA
"29","2026-06-09 22:30:51","Collar_29_2026-06-09 22:30:51",2026-06-09 22:31:40.5,-22.5105122278926,0.0139146690449749,0.0385111544349823,0.0537540179810816,0.205056376437946,-21.4837421021292,0.0018369379992176,0.000999194090538243,3613.84701466642,0.0545774044453865,0.0698072976920815,0.0415310332224937,0.206376518799908,-21.4389612578244,0.0877656264010295,0.2039693801164,-21.4438246082147,TRUE,0.00164609497635792,0.00101807111433202,0.19405059653754,2026-06-09 22:31:01,2026-06-09 22:32:20,NA
"29","2026-06-09 23:30:51","Collar_29_2026-06-09 23:30:51",2026-06-09 23:31:40.5,NA,NA,NA,NA,NA,-40.6401529363659,0.0124336320530296,0.000886447123068778,3620.38497584333,0.0484190044890205,4.99676671830305e-23,0.716094133877431,0.18308942485897,-38.7956499006251,0.723641478458951,0.183000810371711,-39.874922390599,TRUE,0.0118272980132957,0.000945733712345226,0.178612724433582,2026-06-09 23:31:01,2026-06-09 23:32:20,NA
"30","2026-06-09 00:12:52","Collar_30_2026-06-09 00:12:52",2026-06-09 00:13:41.5,NA,NA,NA,NA,NA,-24.1989012409315,0.00409382329896165,0.000982381081702944,3647.03977950605,0.053659053954889,7.90664213533867e-05,0.182097896235128,0.202903909957604,-26.4057992333109,0.243156551433606,0.197734880833552,-24.0878870919262,TRUE,0.00441280823155692,0.00104335900372696,0.218625361031602,2026-06-09 00:13:02,2026-06-09 00:14:21,NA
"30","2026-06-09 00:33:52","Collar_30_2026-06-09 00:33:52",2026-06-09 00:34:41.5,NA,NA,NA,NA,NA,-52.2637536034781,-0.000638089633860488,0.000824332503942333,3649.26341806132,0.0450262155182521,0.441230354954921,0.00762325600858994,0.170260086712071,-52.4712156532939,0.0584668645339163,0.168009125291283,-52.1563090981094,TRUE,-0.000688415959134209,0.000884028310072343,0.150801685166399,2026-06-09 00:34:02,2026-06-09 00:35:21,NA
"30","2026-06-09 01:33:49","Collar_30_2026-06-09 01:33:49",2026-06-09 01:34:38.5,NA,NA,NA,NA,NA,-76.5765849509013,0.00251806377791271,0.000644018531685065,3649.92846927672,0.0351772095200902,0.000136730150457637,0.0882204897170116,0.188115156317084,-74.1911831372994,0.0973752054665395,0.188364365687301,-76.5177460937722,TRUE,0.00249323608996115,0.000693276719688241,0.196617035641508,2026-06-09 01:33:59,2026-06-09 01:35:18,NA
"30","2026-06-09 02:33:49","Collar_30_2026-06-09 02:33:49",2026-06-09 02:34:38.5,NA,NA,NA,NA,NA,-59.8320692927831,-0.00565317584350618,0.000678615106265796,3632.56467317849,0.0370669237019469,3.64462623211198e-14,0.305178583223082,0.198220673029875,-69.0760812918624,0.360376460806177,0.191399505559638,-59.5611626045871,TRUE,-0.00542040222970579,0.000713480173936185,0.213766384120813,2026-06-09 02:33:59,2026-06-09 02:35:18,NA
"30","2026-06-09 03:33:50","Collar_30_2026-06-09 03:33:50",2026-06-09 03:34:39.5,-114.916166436117,0.0275509842528552,0.000440862550643883,0.0754184370054467,0.166874680870811,-117.022265789636,0.00220926330161353,0.000567553347292883,3634.77526201109,0.0310005722340198,0.000145944566814362,0.0875090661730157,0.165779991400147,-116.492183229922,0.107085201532867,0.165039951876506,-116.865298757459,TRUE,0.00235233775847397,0.000562912700109365,0.16152167779618,2026-06-09 03:34:00,2026-06-09 03:35:19,NA
"30","2026-06-09 04:33:50","Collar_30_2026-06-09 04:33:50",2026-06-09 04:34:39.5,NA,NA,NA,NA,NA,-17.0009500694336,-0.00851024471287932,0.000775805124639498,3649.59404003786,0.0423755809398802,3.58115035344511e-21,0.432331295420597,0.226609476456062,-20.8182252098401,0.459399795383134,0.222553761244066,-16.9734762228814,TRUE,-0.00862502576751229,0.000854402104175683,0.228627856566696,2026-06-09 04:34:00,2026-06-09 04:35:19,NA
"30","2026-06-09 05:33:49","Collar_30_2026-06-09 05:33:49",2026-06-09 05:34:38.5,NA,NA,NA,NA,NA,26.202075537667,-0.0162465876582755,0.000887945898146642,3651.086470063,0.0485008697185808,7.23365373053525e-41,0.679365991723521,0.259365333779949,28.6661247964518,0.682429252784351,0.259772770625663,26.3357854315661,TRUE,-0.0162922602391206,0.000820574876615719,0.238986946617621,2026-06-09 05:33:59,2026-06-09 05:35:18,NA
"30","2026-06-09 06:33:51","Collar_30_2026-06-09 06:33:51",2026-06-09 06:34:40.5,NA,NA,NA,NA,NA,-34.6814012210886,0.00386680668564557,0.000920082808385582,3660.23335164559,0.0502562335306215,6.96203671172315e-05,0.184633100846236,0.190036639327974,-34.3633260774496,0.221309132801909,0.188141173704397,-34.6785978087544,TRUE,0.00382479443717135,0.000981851212052167,0.225980288816157,2026-06-09 06:34:01,2026-06-09 06:35:20,NA
"30","2026-06-09 07:33:51","Collar_30_2026-06-09 07:33:51",2026-06-09 07:34:40.5,NA,NA,NA,NA,NA,-24.2322202579428,-0.00342261384791179,0.000982176528177361,3656.12140841258,0.0536478809499621,0.000811510818004004,0.13471106009004,0.202861660864142,-20.3965651980612,0.136486808732606,0.205302573751057,-24.190962964717,TRUE,-0.00336177362417742,0.00105896334180102,0.216674215297555,2026-06-09 07:34:01,2026-06-09 07:35:20,NA
"30","2026-06-09 08:33:49","Collar_30_2026-06-09 08:33:49",2026-06-09 08:34:38.5,0.459479975317766,-0.0370315016564764,2.45867563744592e-10,0.403568922058831,0.236712754472305,-6.06447284396232,-0.00879464566524624,0.00110027945603766,3663.42064312148,0.0600988310917344,9.70445636334487e-12,0.450277128898911,0.227254990791419,-6.5126107206833,0.480008452281096,0.223913446127642,-6.01644102771064,TRUE,-0.00859694176478404,0.00112226916177878,0.215298214600642,2026-06-09 08:33:59,2026-06-09 08:35:18,NA
"30","2026-06-09 09:33:51","Collar_30_2026-06-09 09:33:51",2026-06-09 09:34:40.5,NA,NA,NA,NA,NA,-13.2563362930204,0.0013281803971717,0.00105191788157099,3645.93659238848,0.057457253009681,0.210484903866286,0.0200294434304365,0.217266247386484,-25.8732804274387,0.203831596848456,0.198394086865196,-13.178128347191,TRUE,0.00157436082221656,0.00108323884450469,0.227429415810413,2026-06-09 09:34:01,2026-06-09 09:35:20,NA
"30","2026-06-09 10:33:50","Collar_30_2026-06-09 10:33:50",2026-06-09 10:34:39.5,NA,NA,NA,NA,NA,-32.1017297847757,0.0023315435820293,0.000935037487047796,3647.95902190328,0.0510730793801189,0.0147647756227448,0.0738287827057028,0.193125423130145,-31.8980459301121,0.116752756279062,0.191062501195475,-31.804841050407,TRUE,0.00235928142345455,0.00103558317932254,0.193137965862031,2026-06-09 10:34:00,2026-06-09 10:35:19,NA
"30","2026-06-09 11:33:51","Collar_30_2026-06-09 11:33:51",2026-06-09 11:34:40.5,-27.6659655521069,-0.0117652786334733,0.00242908670704554,0.111848198549499,0.198554449057319,-30.2445448831346,-0.00337105780358309,0.000945954080541071,3643.62898323754,0.0516693592659691,0.000627806450366269,0.14001888102696,0.195380168813321,-29.4349832589442,0.173640462180236,0.194026499986421,-30.1895715590945,TRUE,-0.0034749245286861,0.00096090518475526,0.191455174694196,2026-06-09 11:34:01,2026-06-09 11:35:20,NA
"30","2026-06-09 12:33:51","Collar_30_2026-06-09 12:33:51",2026-06-09 12:34:40.5,NA,NA,NA,NA,NA,-42.3271723683348,0.00714915965816099,0.000877149640422772,3639.15815220361,0.047911162743858,4.80912804426922e-12,0.459945056745345,0.181169095144998,-46.6588197039739,0.513359679088964,0.17422468683029,-42.2773319113148,TRUE,0.00708547373266758,0.000905720577142501,0.174895121482447,2026-06-09 12:34:01,2026-06-09 12:35:20,NA
"30","2026-06-09 13:33:51","Collar_30_2026-06-09 13:33:51",2026-06-09 13:34:40.5,NA,NA,NA,NA,NA,74.9056616405664,-0.00513125553471056,0.00182508678441961,3639.22726273615,0.0996888397603935,0.00623356946001031,0.0920160938510374,0.376958851781582,24.0599474106449,0.542555655446421,0.271059421477232,75.4805215037854,TRUE,-0.00547254309693956,0.00183421716894127,0.341777900840327,2026-06-09 13:34:01,2026-06-09 13:35:20,NA
"30","2026-06-09 14:33:49","Collar_30_2026-06-09 14:33:49",2026-06-09 14:34:38.5,NA,NA,NA,NA,NA,-6.58026566513555,-0.00525954340948865,0.00109673819057287,3636.52912638348,0.0599054021279823,7.62936812284788e-06,0.22770751366161,0.226523567291531,-24.5199582061167,0.412945776308293,0.200079273233458,-6.24885216889797,TRUE,-0.00517408124214453,0.00108157993162088,0.205489850307419,2026-06-09 14:33:59,2026-06-09 14:35:18,NA
"30","2026-06-09 15:33:51","Collar_30_2026-06-09 15:33:51",2026-06-09 15:34:40.5,-33.3129063411665,0.0237506872188817,1.89148527887132e-05,0.210248361607172,0.191669011340889,-33.3438999116708,0.00423180390416904,0.000927806370272073,3637.66029890281,0.0506781054820568,1.86189988799652e-05,0.210554267635006,0.19163188676785,-30.8916036342227,0.225680330442953,0.19226812269894,-33.2619721266079,TRUE,0.00444452765834642,0.000943891001652803,0.202748988888463,2026-06-09 15:34:01,2026-06-09 15:35:20,NA
"30","2026-06-09 16:33:51","Collar_30_2026-06-09 16:33:51",2026-06-09 16:34:40.5,-38.7745419051415,0.0170802486497748,9.07084891905723e-09,0.346947732521652,0.185236754855161,-26.58958475494,0.00479675613902765,0.000967811684960122,3630.80544111756,0.0528632527526121,4.09044794669277e-06,0.239505307638912,0.199894703428792,-47.5265973857914,0.443171955713798,0.173282317818721,-26.5151835712844,TRUE,0.00474866892349784,0.00100675138430934,0.172956807511887,2026-06-09 16:34:01,2026-06-09 16:35:20,NA
"30","2026-06-09 17:33:50","Collar_30_2026-06-09 17:33:50",2026-06-09 17:34:39.5,NA,NA,NA,NA,NA,104.526049499861,0.0138553668105961,0.00219625791225064,3627.13102259414,0.119962735446838,1.57496374567986e-08,0.33785372681233,0.453621640289007,45.0744916581316,0.700431826811689,0.309104363501685,105.395048448616,TRUE,0.0138606798695483,0.00202860772120838,0.368900294723193,2026-06-09 17:34:00,2026-06-09 17:35:19,NA
"30","2026-06-09 18:33:51","Collar_30_2026-06-09 18:33:51",2026-06-09 18:34:40.5,NA,NA,NA,NA,NA,-28.783132612785,-0.0039892852503991,0.000954633840537265,3622.24475335369,0.0521434601201344,7.5840012939655e-05,0.182928712677189,0.197172912254255,-45.0293174914644,0.365619434713343,0.17600812498315,-28.6678435954962,TRUE,-0.00423712896286645,0.000932114218621669,0.181617801875356,2026-06-09 18:34:01,2026-06-09 18:35:20,NA
"30","2026-06-09 19:33:49","Collar_30_2026-06-09 19:33:49",2026-06-09 19:34:38.5,NA,NA,NA,NA,NA,-26.8963768247823,5.81542729842709e-05,0.00096595773202179,3618.66737777835,0.052761987202409,0.952147349964265,4.64656730570107e-05,0.199511782475741,-22.9146106471202,0.000274351890468309,0.202096857777096,-26.8297417224335,TRUE,0.000243121635550569,0.000990030197357583,0.162334626531869,2026-06-09 19:33:59,2026-06-09 19:35:18,NA
"30","2026-06-09 20:33:51","Collar_30_2026-06-09 20:33:51",2026-06-09 20:34:40.5,NA,NA,NA,NA,NA,34.0984837791921,-0.010488302116599,0.00141422641352719,3611.93287211416,0.0772470610858436,1.25941187090357e-10,0.413539306891834,0.292098528986896,5.76528381521932,0.608517565645759,0.241772310319665,34.5502381237318,TRUE,-0.0102054766110113,0.00154790811566219,0.242472811963347,2026-06-09 20:34:01,2026-06-09 20:35:20,NA
"30","2026-06-09 21:33:49","Collar_30_2026-06-09 21:33:49",2026-06-09 21:34:38.5,10.0523269124205,0.0351554904588051,1.11188389369101e-17,0.611456942237151,0.251339016957204,-5.68130668316058,0.0142264180304937,0.00110291755020928,3606.32854926032,0.0602429275530058,4.92603485974434e-21,0.680826904573109,0.227799870606624,-8.26245866274773,0.70603251241787,0.221477947858727,-5.67474307248876,TRUE,0.0143122588383917,0.00123934115333466,0.206603083225435,2026-06-09 21:33:59,2026-06-09 21:35:18,NA
"30","2026-06-09 22:33:49","Collar_30_2026-06-09 22:33:49",2026-06-09 22:34:38.5,NA,NA,NA,NA,NA,-29.9738685160567,0.00331611404980142,0.000947555731274362,3614.06230839801,0.0517568437103617,0.000773271235211399,0.135710655400764,0.195710978518662,-28.4389977329804,0.161936823622761,0.195238064423891,-29.8810000799235,TRUE,0.00360115521931805,0.000912148783460972,0.153680897462208,2026-06-09 22:33:59,2026-06-09 22:35:18,NA
"30","2026-06-09 23:33:51","Collar_30_2026-06-09 23:33:51",2026-06-09 23:34:40.5,1.6819785759742,0.0337918923735999,7.60259183274227e-12,0.453657350053961,0.23852831295196,15.7268314258677,0.00814960342217015,0.00126081690750079,3623.04396456575,0.0688676153550754,8.09633214345885e-09,0.348806388991411,0.260412873412726,-17.4236726550809,0.590709283216832,0.209152873947548,15.7398091951094,TRUE,0.00803901901891699,0.00130451960032263,0.256263285142129,2026-06-09 23:34:01,2026-06-09 23:35:20,NA
"31","2026-06-09 00:15:52","Collar_31_2026-06-09 00:15:52",2026-06-09 00:16:41.5,-21.7995695972574,0.027358427692831,7.8731183838936e-07,0.269942914297378,0.205969549476208,-15.0510085987927,0.00467480070747474,0.00104018475874515,3647.8626659156,0.0568163731286477,2.39153287041175e-05,0.205685289809809,0.214842853306817,-22.342321771512,0.310243712622527,0.202821013233536,-15.0285407563411,TRUE,0.00481777448459965,0.00107474096879688,0.224719528691122,2026-06-09 00:16:02,2026-06-09 00:17:21,NA
"31","2026-06-09 00:36:51","Collar_31_2026-06-09 00:36:51",2026-06-09 00:37:40.5,NA,NA,NA,NA,NA,-6.60234433780854,-0.0120863707381192,0.00109658686024229,3648.1321231478,0.0598971362497759,1.42682044700176e-17,0.608983885712458,0.226492311075036,-7.43318339973593,0.631896818318139,0.222628841452688,-6.2705186210384,TRUE,-0.0118743121217349,0.00107595985906148,0.184427268702851,2026-06-09 00:37:01,2026-06-09 00:38:20,NA
"31","2026-06-09 01:36:48","Collar_31_2026-06-09 01:36:48",2026-06-09 01:37:37.5,NA,NA,NA,NA,NA,-43.9926674375825,-0.00204856226136783,0.000713050498882161,3650.13541970006,0.0389478338953275,0.00462585516123155,0.0496461973641893,0.208279109155802,-40.3505158560742,0.0517693385039534,0.209375708764897,-42.8117354790197,TRUE,-0.00252864363720219,0.000603362610966273,0.132429917216146,2026-06-09 01:36:58,2026-06-09 01:38:17,NA
"31","2026-06-09 02:36:48","Collar_31_2026-06-09 02:36:48",2026-06-09 02:37:37.5,NA,NA,NA,NA,NA,-16.3504697886072,0.000167455365124131,0.000777383747116973,3632.03255797989,0.0424618075481394,0.829726356284973,0.000293590912920169,0.227070585569396,-44.9013040570036,0.184322602343089,0.206419204552502,-16.2058343484009,TRUE,-5.80072034441531e-05,0.000802909004947924,0.242239853467246,2026-06-09 02:36:58,2026-06-09 02:38:17,NA
"31","2026-06-09 03:36:49","Collar_31_2026-06-09 03:36:49",2026-06-09 03:37:38.5,NA,NA,NA,NA,NA,-88.3051390697754,-0.00061286533133898,0.000620841471513208,3635.2106445661,0.0339112454808382,0.325077075836032,0.00612972912658476,0.181345232653876,-84.7751660461419,0.00904510631348551,0.182236128566735,-88.1113912727824,TRUE,-0.000363884032123771,0.000607111023620711,0.169577971081778,2026-06-09 03:36:59,2026-06-09 03:38:18,NA
"31","2026-06-09 04:36:49","Collar_31_2026-06-09 04:36:49",2026-06-09 04:37:38.5,NA,NA,NA,NA,NA,-105.842419446236,-0.00227625810410695,0.000587732415594572,3648.68850635929,0.0321027816870792,0.000157121401333867,0.0867038279413329,0.171674214005781,-117.205619757455,0.170319887053958,0.164672406965661,-105.828054759184,TRUE,-0.0022087460771409,0.000614423695217153,0.194309967034466,2026-06-09 04:36:59,2026-06-09 04:38:18,NA
"31","2026-06-09 05:36:48","Collar_31_2026-06-09 05:36:48",2026-06-09 05:37:37.5,NA,NA,NA,NA,NA,-78.8563648267628,-0.00801669805294146,0.000639446647760855,3649.61466614495,0.0349274867081042,1.8141913677753e-25,0.498690600985953,0.186779727883347,-85.2589788039308,0.530246947684937,0.181960811235081,-78.7615380131602,TRUE,-0.00786761178519536,0.000653578352831893,0.181669083537031,2026-06-09 05:36:58,2026-06-09 05:38:17,NA
"31","2026-06-09 06:36:52","Collar_31_2026-06-09 06:36:52",2026-06-09 06:37:41.5,-13.4326741618593,0.0464496268613698,2.19056858801988e-13,0.5005542908348,0.217026927620295,-7.14957508055645,0.00890360292385603,0.0010928427289537,3661.32496099815,0.0596926264657719,4.87940774627921e-12,0.459746950306865,0.22571898706463,-15.0729757998869,0.534554444196159,0.21224840155774,-7.12784905442271,TRUE,0.00893546560330726,0.00113256635868288,0.219950190129903,2026-06-09 06:37:02,2026-06-09 06:38:21,NA
"31","2026-06-09 07:36:51","Collar_31_2026-06-09 07:36:51",2026-06-09 07:37:40.5,-24.0317324994888,-0.00439735591460068,0.186622932167448,0.022252178189744,0.203116015688218,-22.9813068809558,0.000848387078299134,0.000989885485012004,3655.89605707571,0.0540689551526625,0.394039668403093,0.00932938161774086,0.204453891733177,-24.0574558725539,0.0702365083858471,0.200658467017696,-22.9064988317253,TRUE,0.00110540338742612,0.00097614801256768,0.213860841072416,2026-06-09 07:37:01,2026-06-09 07:38:20,NA
"31","2026-06-09 08:36:49","Collar_31_2026-06-09 08:36:49",2026-06-09 08:37:38.5,113.644483126916,-0.0145903615771634,2.48647274885967e-17,0.603420220722003,0.480224483873588,132.427404067214,-0.023021591047742,0.00261467139793914,3649.90061230627,0.142817076009965,2.58203484617395e-13,0.498469841912903,0.54004200587465,85.2199525859334,0.735571578151637,0.397258855284451,132.427728224247,TRUE,-0.0229910676043937,0.00269162877319268,0.710538529856938,2026-06-09 08:36:59,2026-06-09 08:38:18,NA
"31","2026-06-09 09:36:52","Collar_31_2026-06-09 09:36:52",2026-06-09 09:37:41.5,NA,NA,NA,NA,NA,22.6680901771879,-0.012260548786977,0.00131671858006399,3646.63135112434,0.0719210443350364,2.68789912689069e-14,0.526420150111402,0.271958971100784,14.0997135632744,0.595271760496939,0.254700056226634,22.956355260021,TRUE,-0.0118767659611656,0.00129624671252192,0.293500618162318,2026-06-09 09:37:02,2026-06-09 09:38:21,NA
"31","2026-06-09 10:36:49","Collar_31_2026-06-09 10:36:49",2026-06-09 10:37:38.5,NA,NA,NA,NA,NA,-36.2118141382257,0.00352280229690818,0.000911324097708846,3648.26527276116,0.0497778202778301,0.000227954641493925,0.160773796100383,0.188227589178702,-49.4977954183796,0.32385637570761,0.171160578531662,-36.1160092267718,TRUE,0.00379366068914605,0.000976421864816729,0.192782380088262,2026-06-09 10:36:59,2026-06-09 10:38:18,NA
"31","2026-06-09 11:36:51","Collar_31_2026-06-09 11:36:51",2026-06-09 11:37:40.5,NA,NA,NA,NA,NA,11.5847514766098,-0.00903499373802274,0.00122859574995813,3643.69044708541,0.0671076498353064,1.65926451036602e-10,0.409449382104654,0.253757819716626,9.7674192600887,0.450868082431266,0.247896114025828,11.6475910497692,TRUE,-0.00910722861402719,0.00129580558797628,0.290122424169715,2026-06-09 11:37:01,2026-06-09 11:38:20,NA
"31","2026-06-09 12:36:50","Collar_31_2026-06-09 12:36:50",2026-06-09 12:37:39.5,-13.501983824107,0.0212177998657927,8.63141081750362e-09,0.347760426603008,0.216932935085786,-6.99464824641426,0.00621174079052917,0.00109390143309006,3638.46494164887,0.0597504543936841,2.23237112417171e-07,0.292488677433218,0.22593765496526,-16.382660114481,0.401513789479681,0.210518127805578,-6.98488777545858,TRUE,0.00614069290351921,0.00113411677691472,0.211635201452499,2026-06-09 12:37:00,2026-06-09 12:38:19,NA
"31","2026-06-09 13:36:50","Collar_31_2026-06-09 13:36:50",2026-06-09 13:37:39.5,NA,NA,NA,NA,NA,22.5551169039199,0.00899186899803241,0.00131578919566408,3637.41684678111,0.0718702800353278,1.62881118160165e-09,0.374504422666324,0.271767013283082,-0.894886719440056,0.556179938241069,0.23191486682333,23.795965943002,TRUE,0.00777733999202376,0.00119232770863906,0.251886688893623,2026-06-09 13:37:00,2026-06-09 13:38:19,NA
"31","2026-06-09 14:36:49","Collar_31_2026-06-09 14:36:49",2026-06-09 14:37:38.5,NA,NA,NA,NA,NA,-54.0997003939985,0.00442772784155072,0.000814927624722911,3636.19868850131,0.0445125076192774,6.10060533148932e-07,0.274556966850627,0.168317574990457,-57.9383623941386,0.342266868764987,0.162365282636934,-53.9229743041377,TRUE,0.0047389019258497,0.000838361829075517,0.132911204573554,2026-06-09 14:36:59,2026-06-09 14:38:18,NA
"31","2026-06-09 15:36:52","Collar_31_2026-06-09 15:36:52",2026-06-09 15:37:41.5,NA,NA,NA,NA,NA,-17.9129406176366,-0.0026499587406135,0.001021744310334,3638.57545240009,0.0558091295704445,0.011339939409784,0.0793915233116927,0.21103410825494,-23.1842573777966,0.180131977094784,0.201756552383509,-17.9068293189127,TRUE,-0.00272821412174619,0.00105203366683973,0.24829649787571,2026-06-09 15:37:02,2026-06-09 15:38:21,NA
"31","2026-06-09 16:36:50","Collar_31_2026-06-09 16:36:50",2026-06-09 16:37:39.5,76.3826601070249,0.0160707883619418,0.196189973740116,0.0213236611322687,0.380454760530625,71.099681365144,-0.00476223356542339,0.00178218504044103,3630.13227123953,0.0973454853964077,0.00917313248151271,0.0838649852907699,0.368097798001754,37.7770225838152,0.425425070129379,0.295323032931042,72.7208679040908,TRUE,-0.0068110512973635,0.00145342224808873,0.287561644760448,2026-06-09 16:37:00,2026-06-09 16:38:19,NA
"31","2026-06-09 17:36:51","Collar_31_2026-06-09 17:36:51",2026-06-09 17:37:40.5,NA,NA,NA,NA,NA,22.7549250520431,-0.00327706468631344,0.00131743338084605,3630.2930801929,0.0719600877718922,0.0149997343994857,0.0734962656191507,0.272106608179941,25.4902159393531,0.0880280687697877,0.273493332350975,22.8706597150961,TRUE,-0.00347442630323849,0.00128395028699066,0.220632723786577,2026-06-09 17:37:01,2026-06-09 17:38:20,NA
"31","2026-06-09 18:36:51","Collar_31_2026-06-09 18:36:51",2026-06-09 18:37:40.5,-18.0783371363357,0.00511451245560598,3.44562991027065e-07,0.284796460611109,0.210816069053296,-17.326068329019,0.00562055173725498,0.0010254989008392,3622.05990329224,0.0560142106517575,5.02745157592588e-07,0.278039424560429,0.211809592543048,-29.0442528696889,0.406822769114971,0.194500904325414,-17.280243697405,TRUE,0.00572257947329733,0.00106922729503954,0.242951741687438,2026-06-09 18:37:01,2026-06-09 18:38:20,NA
"31","2026-06-09 19:36:49","Collar_31_2026-06-09 19:36:49",2026-06-09 19:37:38.5,NA,NA,NA,NA,NA,-40.051413202956,-0.00121115887123372,0.000889714923036452,3618.52991718234,0.0485974963778049,0.177342146838792,0.0232064474004327,0.18376436598187,-43.1643519896688,0.10630586352768,0.178071684839105,-40.0451561018517,TRUE,-0.00126732288332282,0.000911991176643633,0.156961536533824,2026-06-09 19:36:59,2026-06-09 19:38:18,NA
"31","2026-06-09 20:36:51","Collar_31_2026-06-09 20:36:51",2026-06-09 20:37:40.5,NA,NA,NA,NA,NA,-30.6497446557593,-0.00259937935227674,0.000943561484078715,3610.76315421537,0.0515386722392572,0.00730478671234953,0.0886706095584621,0.194885994825034,-53.7606391645618,0.35061989661694,0.16666059818359,-30.0823784718201,TRUE,-0.00325703586117293,0.000930458086519962,0.183138081300631,2026-06-09 20:37:01,2026-06-09 20:38:20,NA
"31","2026-06-09 21:36:50","Collar_31_2026-06-09 21:36:50",2026-06-09 21:37:39.5,NA,NA,NA,NA,NA,-46.7631744027478,0.00289359749012263,0.000853164683476548,3607.78801608338,0.0466010702320477,0.00109350037249335,0.128520671554469,0.176215170812378,-44.0213372993457,0.142119245586498,0.17712045447102,-46.6718514097081,TRUE,0.00294962544709496,0.000850368887257787,0.215357799575785,2026-06-09 21:37:00,2026-06-09 21:38:19,NA
"31","2026-06-09 22:36:49","Collar_31_2026-06-09 22:36:49",2026-06-09 22:37:38.5,NA,NA,NA,NA,NA,-49.5279498921258,0.00333337322718769,0.00083854877247745,3613.61399646418,0.0458027283548396,0.000155973828545831,0.168460960215133,0.173196357090754,-50.3117617390389,0.21672754339381,0.170292046227787,-49.5020765202234,TRUE,0.00346588222386376,0.00087018953836285,0.191957248666029,2026-06-09 22:36:59,2026-06-09 22:38:18,NA
"31","2026-06-09 23:36:50","Collar_31_2026-06-09 23:36:50",2026-06-09 23:37:39.5,NA,NA,NA,NA,NA,-59.8149826928449,0.00912620454597425,0.00078633176080131,3625.74457441251,0.0429505608008431,1.14640759786732e-18,0.633286942150312,0.16241130021952,-57.2216909708936,0.63967880930734,0.163094179843843,-59.719687568412,TRUE,0.00896289602225093,0.000814359552884712,0.166125173516214,2026-06-09 23:37:00,2026-06-09 23:38:19,NA
"32","2026-06-09 00:18:50","Collar_32_2026-06-09 00:18:50",2026-06-09 00:19:39.5,2.51327446225586,-0.0231678229365884,1.47734363516212e-13,0.505513933620134,0.239770835514794,-11.2003765032758,-0.0111363734697627,0.00106552197941922,3649.19891672268,0.0582003282113946,1.7230241838704e-16,0.583411744796329,0.220076078211063,-9.72551504313804,0.596355675756016,0.219461962066535,-11.0797215931975,TRUE,-0.0107751963392599,0.00112131071774979,0.239351707151432,2026-06-09 00:19:00,2026-06-09 00:20:19,NA
"32","2026-06-09 00:39:49","Collar_32_2026-06-09 00:39:49",2026-06-09 00:40:38.5,16.8759377628289,-0.0248752857461351,1.12476580126352e-14,0.536771271467273,0.262289868573433,-6.33894148487533,-0.0133206655978477,0.00109839362271343,3647.36713235983,0.0599958241894445,1.24469961769625e-19,0.653447280524672,0.226865485168662,-12.9570886667465,0.696522304809271,0.21507387823553,-6.23745175043801,TRUE,-0.0133139502618872,0.00109371314024652,0.232923649566288,2026-06-09 00:39:59,2026-06-09 00:41:18,NA
"32","2026-06-09 01:39:47","Collar_32_2026-06-09 01:39:47",2026-06-09 01:40:36.5,NA,NA,NA,NA,NA,41.3272401186238,-0.0166717177746421,0.000930923361059794,3650.79937481636,0.0508483599586244,7.15615394194236e-40,0.669956669982364,0.27191887340072,20.3100590049949,0.717729292269835,0.253077200920698,41.8011994018122,TRUE,-0.0161384607564828,0.000896793520993116,0.277713210764805,2026-06-09 01:39:57,2026-06-09 01:41:16,NA
"32","2026-06-09 02:39:46","Collar_32_2026-06-09 02:39:46",2026-06-09 02:40:35.5,NA,NA,NA,NA,NA,-15.1363822871631,-0.0158493228234307,0.00078033876142907,3632.48283365036,0.0426232146388943,6.5953663665561e-46,0.723064300369478,0.227933733059554,-21.5405823780246,0.740499378556683,0.22205194252414,-14.7894799780001,TRUE,-0.0155327274755074,0.000599561743436557,0.139335098476632,2026-06-09 02:39:56,2026-06-09 02:41:15,NA
"32","2026-06-09 03:39:47","Collar_32_2026-06-09 03:39:47",2026-06-09 03:40:36.5,NA,NA,NA,NA,NA,-20.5883688753932,-0.0204009636272789,0.000767156388424934,3635.177197065,0.0419031746488568,3.21643855541429e-60,0.817380273489622,0.224083216286667,-53.0130604065273,0.854561739291999,0.20125239885403,-19.8939842105767,TRUE,-0.020221903451744,0.000796033123537582,0.188674716615155,2026-06-09 03:39:57,2026-06-09 03:41:16,NA
"32","2026-06-09 04:39:47","Collar_32_2026-06-09 04:39:47",2026-06-09 04:40:36.5,NA,NA,NA,NA,NA,-31.7614698619367,-0.0112423058371152,0.000740832635121868,3649.05540003489,0.0404653337487289,1.15958669187214e-32,0.593085140295127,0.216394156540976,-36.3226882326338,0.614285924156287,0.212027768385004,-31.6135973848868,TRUE,-0.011211186196686,0.00082590232284783,0.215654616910024,2026-06-09 04:39:57,2026-06-09 04:41:16,NA
"32","2026-06-09 05:39:48","Collar_32_2026-06-09 05:39:48",2026-06-09 05:40:37.5,NA,NA,NA,NA,NA,-36.8448792796238,-0.020867073215552,0.000729157006918706,3649.19544205286,0.0398275943058798,2.14852855768652e-64,0.838279536003607,0.212983753708637,-53.5845119562098,0.857940411106171,0.200893325828255,-36.6902782789002,TRUE,-0.0206423648109224,0.000758816396766597,0.237902575257158,2026-06-09 05:39:58,2026-06-09 05:41:17,NA
"32","2026-06-09 06:39:52","Collar_32_2026-06-09 06:39:52",2026-06-09 06:40:41.5,NA,NA,NA,NA,NA,39.6919435043646,-0.00496337406912472,0.00146454087970613,3664.11154390595,0.0799953088948581,0.00110247478019544,0.128350689443775,0.30249062845347,43.6785220214745,0.128496912506606,0.306419217317862,39.8320577977931,TRUE,-0.00466620319705137,0.00151813003627259,0.259726422245649,2026-06-09 06:40:02,2026-06-09 06:41:21,NA
"32","2026-06-09 07:39:50","Collar_32_2026-06-09 07:39:50",2026-06-09 07:40:39.5,NA,NA,NA,NA,NA,-30.5038426579659,0.00190543470031148,0.000944422298411774,3655.55269387744,0.0515856911442453,0.0470760041860734,0.0495984612491604,0.195063789977219,-28.0664573951269,0.0679822277440757,0.195693181901352,-30.3426283294098,TRUE,0.00219507438295261,0.000937038417188006,0.183235309243901,2026-06-09 07:40:00,2026-06-09 07:41:19,NA
"32","2026-06-09 08:39:49","Collar_32_2026-06-09 08:39:49",2026-06-09 08:40:38.5,-21.741955386435,0.0172180687200412,7.56902554054915e-15,0.54140385759944,0.206043730162765,-16.8855197855471,0.00931566103799307,0.0010283264295461,3647.81875146171,0.0561686542971697,8.28958296830075e-14,0.512702215327711,0.212393598730496,-24.8117547442616,0.580191998811645,0.1997147155161,-16.7159015208541,TRUE,0.00906476346209046,0.00109660942890944,0.234603521869715,2026-06-09 08:39:59,2026-06-09 08:41:18,NA
"32","2026-06-09 09:39:51","Collar_32_2026-06-09 09:39:51",2026-06-09 09:40:40.5,NA,NA,NA,NA,NA,-40.6105414837037,0.000614953645390212,0.000886611194419671,3646.02302567597,0.0484279662999043,0.489993408436856,0.00612989961633407,0.183123312643688,-45.1202178876564,0.106420274129919,0.175908158330903,-40.5856241519833,TRUE,0.00048948974967108,0.000908537187331642,0.201696115571235,2026-06-09 09:40:01,2026-06-09 09:41:20,NA
"32","2026-06-09 10:39:47","Collar_32_2026-06-09 10:39:47",2026-06-09 10:40:36.5,NA,NA,NA,NA,NA,-46.0003314263497,0.00165729658325854,0.000857242087603037,3648.18315681619,0.0468237838531609,0.0568293178132973,0.0457268817735618,0.17705732998579,-42.2503410685948,0.0487044452390272,0.179091842579428,-45.9937074399551,TRUE,0.00166962625906351,0.00092618812728597,0.182727922919537,2026-06-09 10:39:57,2026-06-09 10:41:16,NA
"32","2026-06-09 11:39:49","Collar_32_2026-06-09 11:39:49",2026-06-09 11:40:38.5,NA,NA,NA,NA,NA,30.8879895796124,-0.00210291959967484,0.00138613193665575,3641.84349704415,0.0757125007422489,0.133280682806138,0.0286623514708432,0.286295812188292,-25.8746811664201,0.545525977258809,0.198392350008229,30.8971688223942,TRUE,-0.00223001656685422,0.00142907649971136,0.306199285423226,2026-06-09 11:39:59,2026-06-09 11:41:18,NA
"32","2026-06-09 12:39:48","Collar_32_2026-06-09 12:39:48",2026-06-09 12:40:37.5,NA,NA,NA,NA,NA,14.8602680267379,0.00640495624784233,0.0012540067549567,3638.28722936894,0.068495635122953,2.25507123587096e-06,0.250630531475557,0.259006284254668,-8.30075081816734,0.466361091595749,0.221424948776,15.1379310476877,TRUE,0.00609256751140656,0.00120289690631032,0.256647147128107,2026-06-09 12:39:58,2026-06-09 12:41:17,NA
"32","2026-06-09 13:39:48","Collar_32_2026-06-09 13:39:48",2026-06-09 13:40:37.5,-54.0638876382382,0.00447562702582753,0.000171057656223802,0.166595434393226,0.168355253683376,-56.4725145685636,0.00344912067060071,0.000802931348634043,3638.92480892681,0.0438572539321904,4.97169222150744e-05,0.191313472399358,0.165839828453296,-54.9145359909458,0.215625885924469,0.165462989767729,-56.414819218931,TRUE,0.00326940107083119,0.00084955080678443,0.161568363815388,2026-06-09 13:39:58,2026-06-09 13:41:17,NA
"32","2026-06-09 14:39:48","Collar_32_2026-06-09 14:39:48",2026-06-09 14:40:37.5,NA,NA,NA,NA,NA,12.6145360415203,-0.00599237710991118,0.00123652868223254,3636.7000317278,0.0675409578955501,6.27822356472513e-06,0.231413230515442,0.255396311139034,-16.5452145639012,0.492215786058657,0.210304357300934,12.7338294730078,TRUE,-0.00557158841862912,0.00122252716186541,0.273878477503306,2026-06-09 14:39:58,2026-06-09 14:41:17,NA
"32","2026-06-09 15:39:52","Collar_32_2026-06-09 15:39:52",2026-06-09 15:40:41.5,NA,NA,NA,NA,NA,56.4675460433125,-0.015618627402292,0.0016264330702456,3638.85502918455,0.0888380909361958,7.33909449199926e-15,0.541762740249083,0.335928322912241,-10.4478704369333,0.811151637471611,0.218473385743738,56.627351593507,TRUE,-0.0156515082855167,0.00168198334288238,0.335820516377432,2026-06-09 15:40:02,2026-06-09 15:41:21,NA
"32","2026-06-09 16:39:49","Collar_32_2026-06-09 16:39:49",2026-06-09 16:40:38.5,NA,NA,NA,NA,NA,-25.9592070171808,-0.00165877527835804,0.000971632249643082,3630.2189117827,0.0530719374374858,0.0917619788820984,0.0360200782362461,0.200683814219764,-42.3590065696821,0.252994183230187,0.178970251968713,-25.9034073964124,TRUE,-0.0018717718391493,0.000986699902519932,0.229044281731937,2026-06-09 16:39:59,2026-06-09 16:41:18,NA
"32","2026-06-09 17:39:49","Collar_32_2026-06-09 17:39:49",2026-06-09 17:40:38.5,NA,NA,NA,NA,NA,30.8309590935364,-0.00378609018316774,0.00138563795108601,3628.83027761087,0.0756855185468127,0.00777462141797376,0.0873553446879255,0.286193782939736,12.9562460120205,0.305694069277105,0.252886287342311,30.9129432804707,TRUE,-0.00342331377424082,0.00138312811240464,0.249079652762128,2026-06-09 17:39:59,2026-06-09 17:41:18,NA
"32","2026-06-09 18:39:49","Collar_32_2026-06-09 18:39:49",2026-06-09 18:40:38.5,NA,NA,NA,NA,NA,49.8122117748856,0.0164224616712924,0.0015601679525385,3621.18747047361,0.085218595821114,1.24233308799547e-16,0.586861083868026,0.322241728446003,40.7749146243945,0.648988958338224,0.30090861360776,49.9708240229844,TRUE,0.0158093535454089,0.00149426499357417,0.310881112530423,2026-06-09 18:39:59,2026-06-09 18:41:18,NA
"32","2026-06-09 19:39:47","Collar_32_2026-06-09 19:39:47",2026-06-09 19:40:36.5,NA,NA,NA,NA,NA,46.500614917778,0.0344375876604455,0.00152820829014335,3617.56004326906,0.0834729135387674,6.82188514023594e-36,0.866850785433821,0.315640684735288,20.5707035837118,0.908407762769034,0.265212207982687,46.62682445111,TRUE,0.0342361044327235,0.00162780894930836,0.334160104105806,2026-06-09 19:39:57,2026-06-09 19:41:16,NA
"32","2026-06-09 20:39:51","Collar_32_2026-06-09 20:39:51",2026-06-09 20:40:40.5,NA,NA,NA,NA,NA,49.6825356208892,0.0281395826240788,0.0015589039861919,3609.7365780191,0.0851495561789093,1.41119062424108e-29,0.806851390298329,0.321980665078073,30.5870030772984,0.855285080569804,0.282345687443178,49.8000817781512,TRUE,0.0278194546171588,0.00157103128350384,0.286089625533944,2026-06-09 20:40:01,2026-06-09 20:41:20,NA
"32","2026-06-09 21:39:49","Collar_32_2026-06-09 21:39:49",2026-06-09 21:40:38.5,NA,NA,NA,NA,NA,-11.3484343960478,0.022743043702972,0.00106453644211026,3607.98142320153,0.0581464967598111,2.46444516184891e-34,0.854050661589457,0.219872522404541,-18.252242208527,0.872647100816041,0.208072562943281,-11.1867817183259,TRUE,0.023086946441167,0.00112710670885571,0.202897611890571,2026-06-09 21:39:59,2026-06-09 21:41:18,NA
"32","2026-06-09 22:39:49","Collar_32_2026-06-09 22:39:49",2026-06-09 22:40:38.5,NA,NA,NA,NA,NA,-19.2866193682979,0.0258828449828784,0.0010130096817315,3616.4717965198,0.0553320317148494,1.20594664502351e-39,0.893271314597241,0.209230032088894,-37.3061721945868,0.918951677287781,0.184712362301559,-19.1185838667174,TRUE,0.0256117382776924,0.00101170539584224,0.190001475390851,2026-06-09 22:39:59,2026-06-09 22:41:18,NA
"32","2026-06-09 23:39:50","Collar_32_2026-06-09 23:39:50",2026-06-09 23:40:39.5,NA,NA,NA,NA,NA,-63.583156637782,0.0174736029505026,0.000768029161978489,3627.68410423806,0.0419508467835028,3.56538052228991e-36,0.869043616975115,0.158631027031544,-65.259767896663,0.878013952551714,0.155103066890028,-63.520616912991,TRUE,0.0176165711847966,0.000776826239791713,0.162673386753568,2026-06-09 23:40:00,2026-06-09 23:41:19,NA
"38","2026-06-09 00:23:05","Collar_38_2026-06-09 00:23:05",2026-06-09 00:24:24.5,293.678441002504,-0.469421530383987,1.1269731183654e-59,0.967255556515876,1.47950951942212,202.455359075861,-0.347776693938057,0.00405038989956053,3626.3126430511,0.221238065560159,5.41347537097292e-79,0.989530725188708,0.836579574648333,66.5399018180004,0.998178789220659,0.353483843297212,202.683189776344,TRUE,-0.346188838501783,0.00434820581479117,0.92405645760466,2026-06-09 00:23:45,2026-06-09 00:25:04,"Time changed"
"38","2026-06-09 00:44:13","Collar_38_2026-06-09 00:44:13",2026-06-09 00:45:32.5,307.065561498829,-0.332156798776782,2.68208387103554e-52,0.949396671545934,1.60862556836506,120.219328157201,-0.305025757939245,0.00242259179015897,3641.86475023398,0.132325414240946,7.23950247805936e-92,0.995103897712315,0.500369312489554,41.3677872671396,0.998261895457694,0.302025684989017,120.276739741068,TRUE,-0.30543299230534,0.00261348018523973,0.534029520353142,2026-06-09 00:44:53,2026-06-09 00:46:12,"Time changed"
"38","2026-06-09 01:44:13","Collar_38_2026-06-09 01:44:13",2026-06-09 01:45:32.5,576.32442378076,-0.390711614823161,1.13230822544935e-111,0.959198861767896,1.44717688422498,343.605337491186,-0.306838420869607,0.00239417985148657,3642.34145190515,0.130773513681601,1.39462826965819e-161,0.990472182387958,0.699330057840405,208.483801340088,0.996006348047481,0.455655722095577,344.276525254458,TRUE,-0.306892771652157,0.0024005387430192,0.654080646566843,2026-06-09 01:44:53,2026-06-09 01:46:12,"Time changed"
"38","2026-06-09 02:44:12","Collar_38_2026-06-09 02:44:12",2026-06-09 02:45:31.5,553.718464027729,-0.391759296837217,1.18724381730128e-119,0.967663669140982,1.34847059545249,406.596216118036,-0.320613176648136,0.00291505073938241,3614.46367470909,0.159224223490349,3.32985154971999e-151,0.987107092640334,0.851474295431167,193.265237491138,0.996685327827256,0.434492862189944,406.933067789272,TRUE,-0.319086862017346,0.00295868146693796,1.02014330218864,2026-06-09 02:44:52,2026-06-09 02:46:11,"Time changed"
"38","2026-06-09 03:44:13","Collar_38_2026-06-09 03:44:13",2026-06-09 03:45:32.5,619.034537538367,-0.292059581934192,2.59267610128179e-96,0.936168654644853,1.65381342461098,320.228327708033,-0.280298299076439,0.00222551327559683,3628.66834013259,0.121560705063213,2.12741926913048e-160,0.990137836516619,0.650063246828076,302.725215201757,0.991378051427685,0.611699988393959,321.01335065672,TRUE,-0.281981238823973,0.0021460305834747,0.776978440361513,2026-06-09 03:44:53,2026-06-09 03:46:12,"Time changed"
"38","2026-06-09 04:44:10","Collar_38_2026-06-09 04:44:10",2026-06-09 04:45:29.5,605.469143310899,-0.323264215300193,5.0439526471344e-108,0.9546218564158,1.58517043377712,401.54557597546,-0.318187667371118,0.00286940294638582,3637.10896531064,0.156730876017615,9.28177670723225e-152,0.987313882638484,0.838140763409011,314.24541836274,0.992830167526955,0.634122771857543,401.767950098473,TRUE,-0.317683320667348,0.00297923521872122,0.810593391593737,2026-06-09 04:44:50,2026-06-09 04:46:09,"Time changed"
"38","2026-06-09 05:44:11","Collar_38_2026-06-09 05:44:11",2026-06-09 05:45:30.5,586.706595819114,-0.343842066463053,2.61499114373617e-111,0.958764393567001,1.49489948405054,421.24381280725,-0.31446466747599,0.0030515845051649,3640.96205381483,0.166681892251729,8.52992171451151e-147,0.985339457179285,0.891355245169571,315.927453759213,0.992596650898894,0.637464725381743,421.461858527721,TRUE,-0.313575711829944,0.00334510917022432,0.887883399434263,2026-06-09 05:44:51,2026-06-09 05:46:10,"Time changed"
"38","2026-06-09 06:44:12","Collar_38_2026-06-09 06:44:12",2026-06-09 06:45:31.251572,600.642166201905,-0.405019427886767,7.58543871266485e-110,0.957824232438721,1.57985739100105,386.238536766342,-0.331247767112209,0.00278171950626722,3643.43152036088,0.151148679477802,7.97209760289174e-156,0.989049388186187,0.805017980577291,278.095066122299,0.99459085802053,0.569422411598925,386.440889531474,TRUE,-0.331894814329154,0.00301724476427526,0.873949767567319,2026-06-09 06:44:52,2026-06-09 06:46:11,"Time changed"
"38","2026-06-09 07:44:13","Collar_38_2026-06-09 07:44:13",2026-06-09 07:45:32.5,358.002977478716,-0.465095011580499,1.15896525566793e-53,0.953310768441066,2.21165030241397,207.419266191228,-0.436109937995081,0.00417802049028975,3633.89857119603,0.228209430218731,1.49312709964073e-85,0.992892026661373,0.862940776397319,162.002234654405,0.996167550077361,0.641928777820296,207.580851565718,TRUE,-0.434669318906885,0.00448355527919165,0.897596336442023,2026-06-09 07:44:53,2026-06-09 07:46:12,"Time changed"
"38","2026-06-09 08:44:15","Collar_38_2026-06-09 08:44:15",2026-06-09 08:45:34.5,NA,NA,NA,NA,NA,152.464359298466,-0.0832650429504353,0.00296349524988848,3645.24229611927,0.161870331657005,1.49573537146582e-42,0.910079825713283,0.612089121566558,153.535604106868,0.913312223777171,0.608843294580787,152.484625564674,TRUE,-0.0836097253358316,0.0032821592297535,0.698836095618106,2026-06-09 08:44:55,2026-06-09 08:46:14,"Time changed"
"38","2026-06-09 09:44:08","Collar_38_2026-06-09 09:44:08",2026-06-09 09:45:27.5,135.987119467366,-0.0340357310040515,1.26713764347801e-09,0.378440293181794,0.5521916325462,135.106441945934,-0.0185889082064964,0.00265882000151969,3646.44695236655,0.145228535621398,8.17955341187976e-10,0.38524518949047,0.5491605897445,138.557427171382,0.389449614588672,0.554433744536728,135.106489389485,TRUE,-0.0186009135206544,0.00269053556126976,0.718709406122369,2026-06-09 09:44:48,2026-06-09 09:46:07,"Time changed"
"38","2026-06-09 10:44:11","Collar_38_2026-06-09 10:44:11",2026-06-09 10:45:30.5,NA,NA,NA,NA,NA,110.981172865534,-0.00904891794114366,0.0022866765704629,3652.01321831658,0.124901531347844,0.0001660354646705,0.167197966171562,0.47229697883745,108.833906081269,0.228794307477767,0.460436662711806,111.109147856388,TRUE,-0.00915182610695797,0.00247474085529049,0.476440608033416,2026-06-09 10:44:51,2026-06-09 10:46:10,"Time changed"
"38","2026-06-09 11:46:58","Collar_38_2026-06-09 11:46:58",2026-06-09 11:48:17.5,79.473928686768,-0.0190717739256415,0.93660078127655,8.16346913275979e-05,0.387876776973234,79.4175917567882,0.000464871365693038,0.00187728597265784,3642.20333544563,0.102540033772824,0.805071789998585,0.000785540949436355,0.387740227346947,81.2852997537317,0.027066456442655,0.387608773973934,79.5350248037664,TRUE,0.00109257618162446,0.00195152449702282,0.422995296379725,2026-06-09 11:47:38,2026-06-09 11:48:57,"Time changed"
"38","2026-06-09 12:44:06","Collar_38_2026-06-09 12:44:06",2026-06-09 12:45:25.5,NA,NA,NA,NA,NA,78.3333772966394,-0.00215827890688572,0.00186460784808152,3642.57160287117,0.101847536550149,0.250601432985077,0.0168868642910915,0.385121649795549,82.3213871295467,0.0170341993843312,0.390126896768939,78.3334430269518,TRUE,-0.0021470251578053,0.0018867228043457,0.518666110639437,2026-06-09 12:44:46,2026-06-09 12:46:05,"Time changed"
"38","2026-06-09 13:44:06","Collar_38_2026-06-09 13:44:06",2026-06-09 13:45:25.5,NA,NA,NA,NA,NA,22.2667069264756,0.00350834019470032,0.00131341953995528,3642.47216652533,0.0717408460652513,0.00919771907500242,0.0838085070725085,0.271277577546255,23.4597068678839,0.115397938814926,0.270044446170089,22.3208066775682,TRUE,0.0033367910473798,0.00134917917160295,0.322804709075006,2026-06-09 13:44:46,2026-06-09 13:46:05,"Time changed"
"38","2026-06-09 14:44:08","Collar_38_2026-06-09 14:44:08",2026-06-09 14:45:27.5,3.8802168721769,0.0122080442211008,0.593634791213857,0.00366677129486036,0.241828066639052,3.89834789485809,-0.000607686734365351,0.00117096925402367,3637.1488440027,0.0639600085460234,0.605257660256673,0.00344093895025122,0.241855471880296,6.51850581326036,0.0204822287887118,0.24291316998112,3.90536495861902,TRUE,-0.000664028307613118,0.00121638597213181,0.27904091194874,2026-06-09 14:44:48,2026-06-09 14:46:07,"Time changed"
"38","2026-06-09 15:46:58","Collar_38_2026-06-09 15:46:58",2026-06-09 15:48:17.5,NA,NA,NA,NA,NA,43.8457490174781,-0.000644959976158029,0.00150306008264192,3642.93560688965,0.0820992826247347,0.669034822734883,0.00235501819446456,0.310446499173795,43.5844202894448,0.0541056573629884,0.306239054184022,43.8740117433732,TRUE,-0.000397394761621498,0.00129810294308088,0.249721403239698,2026-06-09 15:47:38,2026-06-09 15:48:57,"Time changed"
"38","2026-06-09 16:44:06","Collar_38_2026-06-09 16:44:06",2026-06-09 16:45:25.5,NA,NA,NA,NA,NA,-16.1039890793471,-0.00302344632692345,0.0010333616462155,3634.81547464354,0.0564436850036547,0.00449773853692153,0.0988962951367021,0.213433587354804,-20.5600971531865,0.189283033650879,0.205092846377351,-16.0007329208375,TRUE,-0.0029333246219771,0.000988762674729253,0.160936441736839,2026-06-09 16:44:46,2026-06-09 16:46:05,"Time changed"
"38","2026-06-09 17:44:10","Collar_38_2026-06-09 17:44:10",2026-06-09 17:45:29.5,NA,NA,NA,NA,NA,21.0378722843529,-0.00577418836963389,0.0013033708310399,3624.01642969708,0.0711919712712325,3.03355391519651e-05,0.201037728784958,0.269202087324657,24.9015729510322,0.202397795166534,0.272488993896011,21.1160644357198,TRUE,-0.0054143613612301,0.00119418462712153,0.221147392051259,2026-06-09 17:44:50,2026-06-09 17:46:09,"Time changed"
"38","2026-06-09 18:44:10","Collar_38_2026-06-09 18:44:10",2026-06-09 18:45:29.5,NA,NA,NA,NA,NA,29.7619917247729,-0.000668992463102665,0.00137641129629271,3623.52902423932,0.07518154551985,0.628300728094484,0.00301952093997791,0.284288082221086,23.1513649190177,0.126857864746656,0.269524534608867,29.794846542528,TRUE,-0.000578761485631615,0.00145632612610139,0.271497190061133,2026-06-09 18:44:50,2026-06-09 18:46:09,"Time changed"
"38","2026-06-09 19:44:09","Collar_38_2026-06-09 19:44:09",2026-06-09 19:45:28.5,1.3575522227629,-0.0139285078107807,0.0622596278617617,0.0438605101342149,0.238045147524315,0.798395023828679,-0.00233974074205754,0.001148500435866,3612.37092480651,0.0627327296943838,0.0450205972051015,0.0505201129789082,0.237214695361662,-0.0890688089080882,0.106790595048347,0.233085820229599,0.849817788584136,TRUE,-0.00234525212540648,0.00121667991099821,0.198189801931578,2026-06-09 19:44:49,2026-06-09 19:46:08,"Time changed"
"38","2026-06-09 20:44:10","Collar_38_2026-06-09 20:44:10",2026-06-09 20:45:29.5,65.4496619398352,-0.0489918157493496,0.00559129496260186,0.0943093175691101,0.35532612754342,65.2280253790368,-0.00496758655717794,0.00171796819807655,3618.0686645738,0.0938378699980382,0.00496468374332668,0.0968150220930818,0.354834260415814,69.0070846392046,0.0993059602893638,0.358976767520369,65.5097118087293,TRUE,-0.00407395023813534,0.00158603077282828,0.310783455656005,2026-06-09 20:44:50,2026-06-09 20:46:09,"Time changed"
"38","2026-06-09 21:44:11","Collar_38_2026-06-09 21:44:11",2026-06-09 21:45:30.5,NA,NA,NA,NA,NA,13.182557670518,-0.00198170246097006,0.0012409263277091,3604.24288491242,0.0677811635553461,0.114319637563166,0.0316605124103788,0.256304613913204,8.11340698292438,0.135442035585285,0.245346669170295,13.2045175263125,TRUE,-0.00189434651723712,0.00122941967687332,0.231411291421153,2026-06-09 21:44:51,2026-06-09 21:46:10,"Time changed"
"38","2026-06-09 22:44:09","Collar_38_2026-06-09 22:44:09",2026-06-09 22:45:28.5,5.38104140808814,-0.0083162846444331,1.13991179975069e-15,0.56292415688427,0.244107123227833,6.17894839579052,-0.0117995988110253,0.00118777948049395,3628.37417890448,0.0648782070597807,1.68821330834967e-15,0.558543021469804,0.245327506044656,5.99151202990942,0.581055850264733,0.242114400346005,6.33479425016216,TRUE,-0.0114080241658651,0.00119449258000711,0.242656384660468,2026-06-09 22:44:49,2026-06-09 22:46:08,"Time changed"
"38","2026-06-09 23:44:12","Collar_38_2026-06-09 23:44:12",2026-06-09 23:45:31.5,73.2500278723101,-0.00811752297228656,0.000825536155016054,0.13435604314875,0.373078302531977,77.3880927048532,-0.00509797118365536,0.00185362416929661,3635.81707202176,0.101247592370116,0.00739850233272691,0.0884016392532599,0.382853048116747,70.6176846959435,0.203227335530061,0.362608566163632,77.3966171973319,TRUE,-0.00526128757206183,0.0018809936079545,0.402308246967488,2026-06-09 23:44:52,2026-06-09 23:46:11,"Time changed"
"40","2026-06-09 00:20:04","Collar_40_2026-06-09 00:20:04",2026-06-09 00:20:53.5,389.86364094767,-0.56779812110818,5.82454733006924e-54,0.954126738830823,2.69896435366398,230.185476153546,-0.537151060366737,0.0048168798273131,3641.07681079197,0.263104837177806,8.90878482997597e-88,0.993766703400413,0.994892683665579,113.009205196766,0.99862946393024,0.472610189695827,230.240356655824,TRUE,-0.538058240981784,0.00504186767955801,1.2044451444701,2026-06-09 00:20:14,2026-06-09 00:21:33,NA
"40","2026-06-09 00:41:14","Collar_40_2026-06-09 00:41:14",2026-06-09 00:42:03.5,373.820002942915,-0.57597037630576,3.60795560421535e-54,0.954686309297028,2.4414579691119,233.244461600549,-0.48850285414276,0.00490985808809469,3651.69683007982,0.268183442216965,6.11870051866836e-84,0.992182108077614,1.01409669014028,129.997437252238,0.997954121792321,0.525551073451877,233.252484874195,TRUE,-0.488359672459023,0.00501181525073754,1.29911622542363,2026-06-09 00:41:24,2026-06-09 00:42:43,NA
"40","2026-06-09 01:41:14","Collar_40_2026-06-09 01:41:14",2026-06-09 01:42:33.5,643.924982053868,-0.396286403059895,1.98241304101447e-105,0.951058488317875,1.78758657292193,372.209811521335,-0.346160748082555,0.00261804985794089,3643.06529620459,0.143001612307431,1.05607407962543e-163,0.991043261713497,0.764721563188353,259.538456953254,0.995680195424254,0.534474129374101,374.021673553853,TRUE,-0.348875784900533,0.0023490943511071,0.733928910501194,2026-06-09 01:41:54,2026-06-09 01:43:13,"Time changed"
"40","2026-06-09 02:41:13","Collar_40_2026-06-09 02:41:13",2026-06-09 02:42:32.5,671.979946424787,-0.45985207222009,6.30880873125568e-105,0.95033627578787,1.95138268488411,318.167210572067,-0.375786541633348,0.00221122482978104,3616.35661633632,0.120780249800748,8.33885540276879e-181,0.994559096278253,0.645889650749819,216.570182384822,0.99718780941791,0.467316832456533,318.551611880766,TRUE,-0.376898736817968,0.00219734079005834,0.693657675864073,2026-06-09 02:41:53,2026-06-09 02:43:12,"Time changed"
"40","2026-06-09 03:41:14","Collar_40_2026-06-09 03:41:14",2026-06-09 03:42:03.5,607.283463222696,-0.376933272554976,7.12239751464754e-110,0.957003418279077,1.59418348012113,340.252639425219,-0.329501842852955,0.00236922654317617,3638.3404418703,0.129410528438991,3.84375066182418e-167,0.991897456952084,0.692041299423539,221.807654261396,0.996230671715685,0.475028389366711,343.668978573978,TRUE,-0.325935482041873,0.0025294934575532,0.647129298623179,2026-06-09 03:41:24,2026-06-09 03:42:43,NA
"40","2026-06-09 04:41:09","Collar_40_2026-06-09 04:41:09",2026-06-09 04:41:58.5,NA,NA,NA,NA,NA,300.627961816964,-0.369751584010732,0.00209328882839736,3664.37555031572,0.114338417420894,1.92678292626208e-183,0.994961496247227,0.611441031270418,301.519513589551,0.995058438560456,0.609399550985315,300.642656173386,TRUE,-0.369701912876443,0.00218102034292019,0.736975326922697,2026-06-09 04:41:19,2026-06-09 04:42:38,NA
"40","2026-06-09 05:41:12","Collar_40_2026-06-09 05:41:12",2026-06-09 05:42:01.5,689.606673993424,-0.526469976884648,9.9842032273586e-114,0.961569969138685,2.06188727051752,519.771619755877,-0.449600088208685,0.00415187634059082,3656.41876301461,0.226781399523283,3.76321225272797e-150,0.98670523805881,1.21274595123201,393.063176393494,0.994126549106086,0.811227129546952,520.798179405133,TRUE,-0.44610075772418,0.00458638445211587,1.20093703575559,2026-06-09 05:41:22,2026-06-09 05:42:41,NA
"40","2026-06-09 06:41:11","Collar_40_2026-06-09 06:41:11",2026-06-09 06:42:00.5,706.309274573955,-0.532566600467063,2.25868558964177e-111,0.958840759154308,2.17236696622367,491.538173473115,-0.458305569191881,0.00380125335529757,3650.19798129869,0.20762987265037,1.96414399506093e-157,0.989247598930528,1.11033042366291,355.125160307352,0.995529287675472,0.7205334033636,491.672861431625,TRUE,-0.457560249838068,0.00405385972697365,1.18881205889183,2026-06-09 06:41:21,2026-06-09 06:42:40,NA
"40","2026-06-09 07:41:12","Collar_40_2026-06-09 07:41:12",2026-06-09 07:42:01.5,399.993939288705,-0.496193298699649,7.61608070071026e-50,0.941515877615391,2.87537324836761,254.865953568969,-0.505978819630381,0.00562026807846814,3661.94642826384,0.306987047776491,1.39547271123853e-80,0.990467991188265,1.16082688212427,195.98943597932,0.995656419474739,0.793852255583871,255.106725675315,TRUE,-0.508401468419311,0.00591822310855243,1.17252769731704,2026-06-09 07:41:22,2026-06-09 07:42:41,NA
"40","2026-06-09 08:41:14","Collar_40_2026-06-09 08:41:14",2026-06-09 08:42:03.5,402.30045476267,-0.57007925197135,1.00573151465583e-48,0.937518404963817,2.91712403980293,223.392658307128,-0.497348914521995,0.00461665893011508,3649.67549973964,0.252168486584591,1.29464312690816e-86,0.993323962798154,0.95353846415407,194.00318749539,0.995601972288202,0.784058249025908,223.518068453368,TRUE,-0.498895965465315,0.00520427688099901,0.845719626262367,2026-06-09 08:41:24,2026-06-09 08:42:43,NA
"40","2026-06-09 09:41:09","Collar_40_2026-06-09 09:41:09",2026-06-09 09:41:58.5,NA,NA,NA,NA,NA,184.491064825249,-0.101664273177054,0.00362022547176044,3649.26610968931,0.19774187180123,1.55202178456992e-42,0.909994718668532,0.747732134534757,156.043246444274,0.940004436350878,0.618460721187715,185.577406938885,TRUE,-0.104986979752206,0.003613443084592,0.725543158475602,2026-06-09 09:41:19,2026-06-09 09:42:38,NA
"40","2026-06-09 10:41:10","Collar_40_2026-06-09 10:41:10",2026-06-09 10:41:59.5,129.834474594275,-0.0436691833437824,2.15698801172032e-12,0.47078464796944,0.531360721776211,129.890084097421,-0.0214215775519114,0.00257353432880209,3652.44177356542,0.140570110699371,2.21708650688479e-12,0.470416652549152,0.531545433284271,132.611964754214,0.478810307434652,0.534209547312638,129.899774003875,TRUE,-0.0216585661946044,0.00271840909010526,0.560728730657463,2026-06-09 10:41:20,2026-06-09 10:42:39,NA
"40","2026-06-09 11:43:59","Collar_40_2026-06-09 11:43:59",2026-06-09 11:44:48.5,93.1935154053544,-0.0843763252999703,3.44954986951603e-11,0.432386364826844,0.42260381012431,106.614890830999,-0.0137514109586586,0.0022251186086385,3641.0673872558,0.121539147791798,2.72421509244373e-08,0.32870535065772,0.459582614345069,89.3395039549756,0.485463845279257,0.40761996935986,106.626721786197,TRUE,-0.013527589573334,0.00228898009633436,0.44216058147704,2026-06-09 11:44:09,2026-06-09 11:45:28,NA
"40","2026-06-09 12:41:07","Collar_40_2026-06-09 12:41:07",2026-06-09 12:41:56.5,77.3359729345505,-0.0317088911041785,6.08114035563833e-12,0.45673190281944,0.38272835459642,80.0510121901708,-0.0146942214734725,0.00188473264876195,3644.60174789006,0.102946781828439,2.33044745029151e-11,0.437978041001742,0.389278285973945,81.0683480435181,0.458546267137132,0.38708355272576,80.1051334731713,TRUE,-0.0142633448598019,0.00199450798649112,0.448691375843509,2026-06-09 12:41:17,2026-06-09 12:42:36,NA
"40","2026-06-09 13:41:07","Collar_40_2026-06-09 13:41:07",2026-06-09 13:41:56.5,NA,NA,NA,NA,NA,25.8366486803176,-0.00155969426866094,0.00134305411118836,3644.2811877144,0.07335952855654,0.249059827900644,0.0169962266372798,0.277398390014147,16.0009903081236,0.173113676500003,0.257744705740484,25.9007649397987,TRUE,-0.00174533552860489,0.00145991459124079,0.295468153226248,2026-06-09 13:41:17,2026-06-09 13:42:36,NA
"40","2026-06-09 14:41:09","Collar_40_2026-06-09 14:41:09",2026-06-09 14:41:58.5,18.6543591666678,-0.0279084009387564,2.34642493177083e-12,0.469656620651709,0.265221518206329,32.7658362732977,-0.00943858257844475,0.00140249617405581,3638.97341857516,0.0766063386977383,2.56122420383871e-09,0.367349494183155,0.289675730443835,14.938296931617,0.518419258611983,0.256038480796299,32.8041327909046,TRUE,-0.00918524361041378,0.00145095363746189,0.305114576013743,2026-06-09 14:41:19,2026-06-09 14:42:38,NA
"40","2026-06-09 15:43:59","Collar_40_2026-06-09 15:43:59",2026-06-09 15:44:48.5,NA,NA,NA,NA,NA,-21.3051033282315,-0.00656830670475162,0.00100031030609047,3636.50514889304,0.0546383737287509,5.20351207945333e-09,0.355988717636104,0.206607065279396,-19.8330608459237,0.376020961175423,0.206026904099012,-21.2055397329432,TRUE,-0.00687784874584449,0.000920124092098331,0.205800084366874,2026-06-09 15:44:09,2026-06-09 15:45:28,NA
"40","2026-06-09 16:41:07","Collar_40_2026-06-09 16:41:07",2026-06-09 16:41:56.5,-28.4041719885461,-0.0104597735717331,2.58966163124716e-15,0.553720760879645,0.197640470554451,-23.0759719955241,-0.00914858958513287,0.000989299985593688,3633.89763086618,0.0540369743404674,3.57416261477997e-14,0.522985278689535,0.204332960942197,-26.7877551161828,0.566821421832715,0.197263406309024,-23.074329010625,TRUE,-0.00918794179501837,0.000954820997048127,0.188344972367706,2026-06-09 16:41:17,2026-06-09 16:42:36,NA
"40","2026-06-09 17:41:10","Collar_40_2026-06-09 17:41:10",2026-06-09 17:41:59.5,-29.9680543219294,-0.0205532740847118,1.15180285073767e-23,0.72652924927502,0.195718090533019,-29.5584157914284,-0.0136275865914832,0.000950019332172357,3633.62439953789,0.0518914091004847,1.40770641308723e-23,0.725125356081961,0.196219817974234,-31.2663950749092,0.744054274458702,0.191818271988346,-28.8196784854374,TRUE,-0.0141576199807992,0.00082260435578578,0.126792053906715,2026-06-09 17:41:20,2026-06-09 17:42:39,NA
"40","2026-06-09 18:41:11","Collar_40_2026-06-09 18:41:11",2026-06-09 18:42:00.5,NA,NA,NA,NA,NA,20.4751146387977,-0.0122726103827334,0.00129879462168406,3625.18335952574,0.0709420121980103,1.45472257274222e-14,0.533738129731286,0.268256903435861,19.3151315327927,0.562862565607254,0.263139146141952,20.6089564844733,TRUE,-0.0118171514298751,0.00134738413183407,0.258924905827407,2026-06-09 18:41:21,2026-06-09 18:42:40,NA
"40","2026-06-09 19:41:10","Collar_40_2026-06-09 19:41:10",2026-06-09 19:41:59.5,NA,NA,NA,NA,NA,-8.5176660013369,-0.0134291883183594,0.00108353813906327,3629.92679368512,0.0591843965127955,4.04880368084615e-20,0.66322267368005,0.22379718939926,-13.7438083588808,0.699906173808511,0.214018956040676,-8.28800001384824,TRUE,-0.013932557107344,0.00110324619726506,0.192323100124176,2026-06-09 19:41:20,2026-06-09 19:42:39,NA
"40","2026-06-09 20:41:11","Collar_40_2026-06-09 20:41:11",2026-06-09 20:42:00.5,0.77598258595588,-0.0321052169893503,6.45377543867152e-22,0.696946676828993,0.2371814691912,12.4731297719964,-0.014844251017968,0.00123543633433056,3615.76390439582,0.0674812922972385,2.00060057526721e-19,0.649232674299651,0.255170694355004,5.68324901386484,0.693490238107218,0.241648381196132,12.7783546329816,TRUE,-0.0141801477553817,0.00113512011208378,0.218336290900021,2026-06-09 20:41:21,2026-06-09 20:42:40,NA
"40","2026-06-09 21:41:11","Collar_40_2026-06-09 21:41:11",2026-06-09 21:42:00.5,18.6885578119894,-0.0373263283518978,5.90514619826123e-25,0.746501057864831,0.265278213119097,11.3376454931814,-0.0197535272059704,0.0012266997559269,3607.43116398999,0.0670040879407272,1.61708769440258e-26,0.76875604257422,0.253366215471229,13.152047145466,0.774988105184447,0.253195948164069,11.4815149862658,TRUE,-0.0199902968503929,0.0012713529387377,0.276776716916859,2026-06-09 21:41:21,2026-06-09 21:42:40,NA
"40","2026-06-09 22:41:10","Collar_40_2026-06-09 22:41:10",2026-06-09 22:41:59.5,NA,NA,NA,NA,NA,29.9343261005984,-0.0291619536856737,0.00137789461361749,3615.7052612907,0.0752625664249191,4.61547132053116e-34,0.851688694396618,0.28459445099234,25.9932892927961,0.865703435713503,0.274354605701968,29.9403740665382,TRUE,-0.0291932008681406,0.00150654009056246,0.290670604873572,2026-06-09 22:41:20,2026-06-09 22:42:39,NA
"40","2026-06-09 23:41:13","Collar_40_2026-06-09 23:41:13",2026-06-09 23:42:02.5,78.3874446899615,-0.0473562703133919,2.28379379124153e-28,0.792605477919111,0.385251812559917,42.6725472450894,-0.0336871614961355,0.00149207918590898,3631.30770595501,0.0814994904043426,6.00039401767401e-36,0.867287296855901,0.308178472108278,43.351084193059,0.872684484833916,0.305792775769164,42.6916858281506,TRUE,-0.0334868486978857,0.00157518278855224,0.329411383899197,2026-06-09 23:41:23,2026-06-09 23:42:42,NA
"41","2026-06-09 00:07:59","Collar_41_2026-06-09 00:07:59",2026-06-09 00:09:18.5,184.453225226532,-0.245374538314517,1.41326336338555e-61,0.970731815752058,0.747555318669344,172.903507969591,-0.184463451257593,0.00336730957078271,3620.53819440397,0.183927245044485,5.05915233259748e-64,0.974666450144961,0.695494132241518,96.3601812953364,0.990743388850836,0.425904237358921,173.206109065014,TRUE,-0.183079782455399,0.00325011444303087,0.823060867096545,2026-06-09 00:08:39,2026-06-09 00:09:58,"Time changed"
"41","2026-06-09 00:29:09","Collar_41_2026-06-09 00:29:09",2026-06-09 00:30:28.5,211.012457239821,-0.246234188190321,2.66084488793519e-57,0.962333192487686,0.882539465144898,105.556320563025,-0.193460185649156,0.00221044567319072,3621.20632005624,0.120737691157979,1.23599829938554e-79,0.989919755071178,0.456552022624238,8.85902948661579,0.99713702463237,0.246492687385201,108.370602274649,TRUE,-0.189851132794447,0.002097043047915,0.295512595724971,2026-06-09 00:29:49,2026-06-09 00:31:08,"Time changed"
"41","2026-06-09 01:29:08","Collar_41_2026-06-09 01:29:08",2026-06-09 01:30:27.5,412.993984856035,-0.212417035586527,7.1476848266514e-113,0.960600663501052,0.868669160212071,374.068579354575,-0.185395581967497,0.00263330144456135,3628.47479837053,0.143834675692515,3.20175209204143e-121,0.969108990352523,0.769176488722383,287.147475582172,0.982499870287021,0.582635345339233,374.521704958506,TRUE,-0.183647250865348,0.00275419176767378,0.798688624185855,2026-06-09 01:29:48,2026-06-09 01:31:07,"Time changed"
"41","2026-06-09 02:29:08","Collar_41_2026-06-09 02:29:08",2026-06-09 02:30:27.5,535.200648254896,-0.240622206399162,9.50382741553083e-84,0.90795697023203,1.27265196370978,382.049061368104,-0.177298111630435,0.00269979911222758,3618.72092253557,0.1474668730176,1.33100825225719e-116,0.964658469828283,0.788600183122951,314.578041758762,0.977390619377021,0.634782252264341,382.049061368143,TRUE,-0.177298111630435,0.00269979911222758,1.06741706854064,2026-06-09 02:29:48,2026-06-09 02:31:07,"Time changed"
"41","2026-06-09 03:29:09","Collar_41_2026-06-09 03:29:09",2026-06-09 03:30:28.5,298.87330042137,-0.257469645754867,7.6604541156164e-132,0.977332151246021,0.608097481602612,362.393618537768,-0.170853444901689,0.00253895888324957,3615.55499791539,0.13868155061513,3.21763936893049e-118,0.966284773700789,0.741619415757286,66.830314175312,0.994815471500699,0.292677225275524,367.843090602262,TRUE,-0.174854827471736,0.00229552618275881,0.673026468179797,2026-06-09 03:29:49,2026-06-09 03:31:08,"Time changed"
"41","2026-06-09 04:29:08","Collar_41_2026-06-09 04:29:08",2026-06-09 04:30:27.5,486.346621783524,-0.232853636410881,8.66102669451566e-95,0.933271023195364,1.09246220341457,387.195434758732,-0.178694701129175,0.0027435694297891,3635.91712878484,0.149857670107855,4.67014226733847e-116,0.964092565092863,0.801385312315725,363.666172428122,0.969768437788969,0.740023867167748,387.218510783438,TRUE,-0.178350474424341,0.00287689770641495,0.914726578869132,2026-06-09 04:29:48,2026-06-09 04:31:07,"Time changed"
"41","2026-06-09 05:29:08","Collar_41_2026-06-09 05:29:08",2026-06-09 05:30:27.506173,289.764172945553,-0.258105105027974,7.78687621650741e-139,0.980564334684312,0.584550604379008,379.607519843407,-0.178476001947138,0.0026407227659456,3645.73620120696,0.144095674925771,1.45517967804535e-119,0.966158144740829,0.771346458327694,91.8412498052965,0.994411717474619,0.315422763986191,380.391915671629,TRUE,-0.178569284200769,0.00283445008646798,0.82850173999413,2026-06-09 05:29:48,2026-06-09 05:31:07,"Time changed"
"41","2026-06-09 06:29:08","Collar_41_2026-06-09 06:29:08",2026-06-09 06:30:27.5,512.109588285006,-0.391790140621786,5.10080829226775e-116,0.964052458673841,1.18405302642324,372.588735539035,-0.266717280440778,0.00262115182531493,3646.07802359243,0.143171046183745,6.09784632462881e-146,0.984969892431148,0.765627635061676,248.180286852176,0.993263755617197,0.51583608288296,374.305900913669,TRUE,-0.267868681067319,0.00245509912143772,0.699330773510977,2026-06-09 06:29:48,2026-06-09 06:31:07,"Time changed"
"41","2026-06-09 07:29:08","Collar_41_2026-06-09 07:29:08",2026-06-09 07:30:27.5,114.016511526066,-0.191201469138831,1.57919805005137e-62,0.97233058829288,0.481342390197544,152.087456411975,-0.120948095067933,0.00295652252877264,3646.46784039489,0.161489471697937,1.83004967171296e-54,0.955467718924537,0.610648955012256,77.0990585707067,0.98340901674142,0.377598895433563,154.953323068909,TRUE,-0.123248072017079,0.00233624234166754,0.469311706442492,2026-06-09 07:29:48,2026-06-09 07:31:07,"Time changed"
"41","2026-06-09 08:29:08","Collar_41_2026-06-09 08:29:08",2026-06-09 08:30:27.5,NA,NA,NA,NA,NA,99.8504341020699,-0.00223016238189091,0.00213300624416542,3644.36715253471,0.116507839242365,0.298998724519918,0.0138213263633398,0.440557452668879,68.7098437364303,0.36439317709156,0.358310495481982,113.17117722978,FALSE,-0.00878775659728587,0.00128533714079749,0.26737436498666,2026-06-09 08:29:48,2026-06-09 08:31:07,"Time changed"
"41","2026-06-09 09:29:08","Collar_41_2026-06-09 09:29:08",2026-06-09 09:30:27.5,92.8431681349678,-0.0046459802218602,1.52057243550761e-05,0.214475200702153,0.421679459434504,81.5016358791916,-0.0114778582019436,0.00190189808192798,3644.6192849234,0.103884382237863,5.03675564364814e-08,0.318304637599776,0.392823685585536,63.0813099213426,0.484916614638398,0.345924858663439,91.3639776239196,TRUE,-0.00646383830146073,0.00115181747555122,0.207931770734049,2026-06-09 09:29:48,2026-06-09 09:31:07,"Time changed"
"41","2026-06-09 10:29:08","Collar_41_2026-06-09 10:29:08",2026-06-09 10:30:27.5,NA,NA,NA,NA,NA,83.8241087184718,-0.00680583964581205,0.00192970633488207,3650.62707783728,0.105403308623403,0.000707871413666732,0.137538994571609,0.398567284845096,75.3146927419286,0.262384831220456,0.373411198994287,89.7076061701325,TRUE,-0.00302956060310317,0.00130869205911952,0.236021330904265,2026-06-09 10:29:48,2026-06-09 10:31:07,"Time changed"
"41","2026-06-09 11:29:08","Collar_41_2026-06-09 11:29:08",2026-06-09 11:30:27.864197,116.399066644019,-0.205731820424844,2.65667032840978e-32,0.831667459974227,0.484342895137744,174.1603361084,-0.0407543658131119,0.00331634043319704,3641.09720497831,0.182360010468861,5.09330267186912e-20,0.656549320184315,0.69183269972251,67.8957541937354,0.91196342216948,0.354787781068066,176.043393176362,TRUE,-0.0371367509457145,0.00315429681739593,0.667521355436443,2026-06-09 11:29:48,2026-06-09 11:31:07,"Time changed"
"41","2026-06-09 12:29:08","Collar_41_2026-06-09 12:29:08",2026-06-09 12:30:27.5,NA,NA,NA,NA,NA,116.712080184601,0.00105240720345946,0.00237006564934909,3642.75788827752,0.129456361613352,0.658242146209029,0.002521481703607,0.489520407167769,118.595194951904,0.0285696746829944,0.489401571178188,116.717364090956,TRUE,0.00121602689057633,0.002416210389554,0.626144775004917,2026-06-09 12:29:48,2026-06-09 12:31:07,"Time changed"
"41","2026-06-09 13:29:08","Collar_41_2026-06-09 13:29:08",2026-06-09 13:30:27.5,NA,NA,NA,NA,NA,88.3772632020596,0.00758457015620872,0.00198540921941755,3648.37478210909,0.108445879518143,0.000266313091958164,0.157608993664366,0.410072324262766,74.1344160848146,0.329375950829842,0.370666780594388,88.4922250204943,TRUE,0.0078664260945299,0.00202239632171998,0.434342384303841,2026-06-09 13:29:48,2026-06-09 13:31:07,"Time changed"
"41","2026-06-09 14:29:08","Collar_41_2026-06-09 14:29:08",2026-06-09 14:30:27.5,NA,NA,NA,NA,NA,90.1154376848262,-2.69418502764744e-05,0.00200709547420292,3633.00431326759,0.109630413643729,0.989324350481377,2.31005950629506e-06,0.414551467815348,93.7426845204119,0.00465087564402642,0.418993401347362,90.1284635457693,TRUE,-0.000242937081686983,0.00218750144643202,0.423232163804777,2026-06-09 14:29:48,2026-06-09 14:31:07,"Time changed"
"41","2026-06-09 15:29:08","Collar_41_2026-06-09 15:29:08",2026-06-09 15:29:57.5,NA,NA,NA,NA,NA,62.4418947738454,0.0280481599828379,0.00425572675441629,3628.91853177835,0.159149387294592,3.12174300825498e-08,0.475049231029324,0.434261414695632,53.7082340041758,0.593074033090121,0.390563235273439,62.4520114939077,TRUE,0.0280426596246439,0.00466246172685586,0.487596324982111,2026-06-09 15:29:33,2026-06-09 15:30:22,"Time changed"
"41","2026-06-09 16:29:08","Collar_41_2026-06-09 16:29:08",2026-06-09 16:30:27.5,NA,NA,NA,NA,NA,51.2428879541762,0.00383063512797669,0.00157418110458832,3631.16580680075,0.0859840141459622,0.0172451131612053,0.0705600555684629,0.325136046541799,48.6136774592085,0.144473504807896,0.316017906174693,51.2753596121447,TRUE,0.00355068720041547,0.00160708225812515,0.409970645226029,2026-06-09 16:29:48,2026-06-09 16:31:07,"Time changed"
"41","2026-06-09 17:29:08","Collar_41_2026-06-09 17:29:08",2026-06-09 17:30:27.5,NA,NA,NA,NA,NA,45.3418607016245,-0.00524917084648184,0.00151718065932723,3631.41550477088,0.0828705686361852,0.000879318980167878,0.133047713231709,0.313363005073255,35.4576444074677,0.271176755951377,0.291072876497687,45.3729389817385,TRUE,-0.00503138494449297,0.00160714846221844,0.349094044690247,2026-06-09 17:29:48,2026-06-09 17:31:07,"Time changed"
"41","2026-06-09 18:29:08","Collar_41_2026-06-09 18:29:08",2026-06-09 18:30:27.5,NA,NA,NA,NA,NA,99.7839532874899,-0.00395855150179147,0.00213212015331194,3621.43628432939,0.116459439697829,0.0671400245988492,0.0423227441852664,0.440374436829002,103.568708439145,0.04489596961966,0.44553144173961,99.8761107614339,TRUE,-0.00440367903918973,0.00221799750558674,0.486058781016925,2026-06-09 18:29:48,2026-06-09 18:31:07,"Time changed"
"41","2026-06-09 19:29:08","Collar_41_2026-06-09 19:29:08",2026-06-09 19:30:27.5,NA,NA,NA,NA,NA,67.2954313556047,-0.00699778900403944,0.00174031059423289,3616.74645256223,0.0950582434998937,0.00013284801239613,0.171697027462846,0.359448925358347,71.121000655289,0.173501078331158,0.363751028897828,67.5401499118718,TRUE,-0.00768043763478335,0.00179419125112214,0.392179102671025,2026-06-09 19:29:48,2026-06-09 19:31:07,"Time changed"
"41","2026-06-09 20:29:08","Collar_41_2026-06-09 20:29:08",2026-06-09 20:30:27.5,83.6459807837523,-0.0202482449117429,6.93203437325982e-07,0.272249007231823,0.398123806957175,80.0781695479681,-0.0110025822191527,0.00188505257815564,3616.59797800381,0.102964256827619,1.15708085875253e-07,0.303991894333998,0.389344365142303,83.0889349681402,0.312545342876619,0.392002899529532,80.0789536579739,TRUE,-0.0109524117752221,0.00198270940706255,0.487248548397892,2026-06-09 20:29:48,2026-06-09 20:31:07,"Time changed"
"41","2026-06-09 21:29:08","Collar_41_2026-06-09 21:29:08",2026-06-09 21:30:27.5,NA,NA,NA,NA,NA,89.2931716425315,-0.0142820482348068,0.0019968071432249,3607.34375787981,0.109068450351339,4.03379796072178e-10,0.39608586256306,0.412426485340359,91.8303032494319,0.407028595337948,0.41401524146487,89.3115155720031,TRUE,-0.0145066599948743,0.00209817431144315,0.517356954427712,2026-06-09 21:29:48,2026-06-09 21:31:07,"Time changed"
"41","2026-06-09 22:29:08","Collar_41_2026-06-09 22:29:08",2026-06-09 22:30:27.5,NA,NA,NA,NA,NA,104.881963292197,-0.015862565849604,0.00220114884058962,3607.67574564093,0.120229884919195,3.17968693366878e-10,0.399693175599941,0.454631827172474,106.179705851643,0.419631828557879,0.452861597511586,104.912754163977,TRUE,-0.0160905534396336,0.00226529389113311,0.497571590311556,2026-06-09 22:29:48,2026-06-09 22:31:07,"Time changed"
"41","2026-06-09 23:29:08","Collar_41_2026-06-09 23:29:08",2026-06-09 23:30:27.5,NA,NA,NA,NA,NA,136.982769170117,-0.0157221150996451,0.00269018364572622,3605.19259040826,0.146941662541333,1.12140790017359e-07,0.304535755517348,0.555638530086137,140.219464730686,0.311139836455609,0.56022307215078,136.982772106306,TRUE,-0.0157229857180489,0.00272419078443728,0.728120745620782,2026-06-09 23:29:48,2026-06-09 23:31:07,"Time changed"
"42","2026-06-09 00:11:00","Collar_42_2026-06-09 00:11:00",2026-06-09 00:11:49.5,327.088014450081,-0.683564970320706,2.57321357266379e-65,0.976528701020998,1.82306738917694,300.465422111297,-0.504528804037911,0.00747359425420014,3642.65049717405,0.408218363313655,5.92303118192611e-71,0.98317281134708,1.54361838176403,154.28359129863,0.99742532563662,0.611696251721348,303.92689718909,TRUE,-0.492788170987128,0.00665109268105369,1.37414753910264,2026-06-09 00:11:10,2026-06-09 00:12:29,NA
"42","2026-06-09 00:32:10","Collar_42_2026-06-09 00:32:10",2026-06-09 00:32:59.5,NA,NA,NA,NA,NA,161.996153711557,-0.460157264610434,0.00314540643668925,3643.17571491811,0.171806579788555,6.27252623614221e-97,0.996368753933982,0.649661599044361,114.141122361642,0.99810088504142,0.475965516715151,162.065864478217,TRUE,-0.460197629114056,0.00317483774903417,0.612427335658304,2026-06-09 00:32:20,2026-06-09 00:33:39,NA
"42","2026-06-09 01:32:09","Collar_42_2026-06-09 01:32:09",2026-06-09 01:32:58.5,726.319468550087,-0.489369373744855,6.99156740783929e-107,0.95308674480367,2.3125462659874,428.768351591822,-0.457776620335136,0.00312419031155191,3656.16758580155,0.170647724813981,1.07423034325818e-170,0.992694658584692,0.9125631016924,322.98236850183,0.996321726858546,0.651674726260355,429.059626809071,TRUE,-0.456236935353648,0.00329874421231867,0.906454236060582,2026-06-09 01:32:19,2026-06-09 01:33:38,NA
"42","2026-06-09 02:32:09","Collar_42_2026-06-09 02:32:09",2026-06-09 02:32:58.5,707.693838758102,-0.538373571710959,6.51585542484603e-112,0.95948319474478,2.18178664706772,380.74126842205,-0.465216099944895,0.00268878794607854,3628.52853005037,0.146865427438586,4.97559989553312e-182,0.994749815241814,0.785383866915496,-14.2311139132358,0.999566261786499,0.227182445375835,381.483663661693,TRUE,-0.464254020237505,0.00282028546192688,0.800722831268425,2026-06-09 02:32:19,2026-06-09 02:33:38,NA
"42","2026-06-09 03:32:10","Collar_42_2026-06-09 03:32:10",2026-06-09 03:32:59.5,683.331566732898,-0.58855492327285,3.20777830359625e-120,0.968194801712992,2.0218481198195,472.424385997299,-0.4857875248439,0.00358085019491171,3633.82333846708,0.195591138094864,1.88655420915475e-165,0.991488145278386,1.04595156974968,50.4038762728411,0.99940617363716,0.278032430433444,475.39511537026,TRUE,-0.480677157867778,0.0033157126918141,1.11676003330141,2026-06-09 03:32:20,2026-06-09 03:33:39,NA
"42","2026-06-09 04:32:09","Collar_42_2026-06-09 04:32:09",2026-06-09 04:32:58.5,733.134295885082,-0.491961489273998,1.78472035369626e-107,0.953890387702596,2.36232317858097,502.587397122941,-0.470829414302818,0.00393479847306564,3641.69791630472,0.214924297200268,6.41155680994423e-157,0.989085378408771,1.14933840164546,421.603253317261,0.993582989070844,0.886903175110914,502.754335569158,TRUE,-0.469263759778886,0.00431063923667725,1.14634443410725,2026-06-09 04:32:19,2026-06-09 04:33:38,NA
"42","2026-06-09 05:32:09","Collar_42_2026-06-09 05:32:09",2026-06-09 05:32:58.5,692.232872564201,-0.606545147832563,5.99954473981763e-120,0.967941784269005,2.07887853960726,484.971000868736,-0.497448569290714,0.00372403749672854,3656.645793337,0.203412232471524,2.13431646334796e-164,0.991222717991592,1.08777598991569,14.3009406009153,0.999548202443438,0.24836913550716,485.934747909191,TRUE,-0.494396433494969,0.00368176877773466,1.32959900078983,2026-06-09 05:32:19,2026-06-09 05:33:38,NA
"42","2026-06-09 06:32:08","Collar_42_2026-06-09 06:32:08",2026-06-09 06:32:57.5,647.299965840414,-0.768752546155536,9.0818058435474e-134,0.978569468068712,1.80653970648349,590.840266097604,-0.527034895815218,0.00518437804709962,3642.05121429641,0.283178113395287,7.07886433363306e-146,0.984941486571236,1.51433544029432,162.328210921287,0.998991218504178,0.394453518256269,598.690515518146,TRUE,-0.51476830694373,0.00429750860197705,1.37227381580945,2026-06-09 06:32:18,2026-06-09 06:33:37,NA
"42","2026-06-09 07:32:08","Collar_42_2026-06-09 07:32:08",2026-06-09 07:32:57.5,369.729070401394,-0.545373426888995,1.48997216252321e-55,0.958240020617479,2.3798252504242,190.317279462255,-0.496863214860339,0.00375448133957402,3659.29404772649,0.205075118530983,1.51455954121853e-93,0.995566048986884,0.775461740714575,32.5844249642127,0.999412788148084,0.285892552307462,192.998879587333,TRUE,-0.492104233528504,0.00347486830887096,0.679761372874567,2026-06-09 07:32:18,2026-06-09 07:33:37,NA
"42","2026-06-09 08:32:08","Collar_42_2026-06-09 08:32:08",2026-06-09 08:32:57.5,238.78133186756,-0.228364900539882,1.44971121048272e-55,0.958269326020086,1.04980422558332,84.3465704053376,-0.219078005577402,0.00193601786923839,3653.67835869181,0.105748053619894,2.86313443140811e-88,0.993945499213209,0.399870887919891,-30.9437828699139,0.998637021319186,0.192205430399046,85.0492598893806,TRUE,-0.217803866693236,0.00193209839169675,0.408505371625268,2026-06-09 08:32:18,2026-06-09 08:33:37,NA
"42","2026-06-09 09:32:08","Collar_42_2026-06-09 09:32:08",2026-06-09 09:32:57.5,60.5426052003591,-0.147678425576158,2.97253107905975e-51,0.946179629524854,0.344594006830263,51.4897952948808,-0.0619691565918863,0.00157661221035119,3646.98400950341,0.0861168046055196,3.59083613904291e-53,0.951937997070041,0.32563817435553,33.3492683553996,0.963557513033901,0.287262467915499,54.3279920433003,TRUE,-0.0595681184089804,0.000947299683829761,0.205629722401929,2026-06-09 09:32:18,2026-06-09 09:33:37,NA
"42","2026-06-09 10:32:09","Collar_42_2026-06-09 10:32:09",2026-06-09 10:32:58.5,NA,NA,NA,NA,NA,62.2848077276124,-0.0264097645889714,0.00168665487256179,3652.36657235102,0.0921274915567198,8.63724472037769e-26,0.758644876537956,0.348366713046409,39.6016133972796,0.82709722174923,0.298710081737861,65.2335237921988,TRUE,-0.0290604946924464,0.00107258368541811,0.231911303585384,2026-06-09 10:32:19,2026-06-09 10:33:38,NA
"42","2026-06-09 11:34:58","Collar_42_2026-06-09 11:34:58",2026-06-09 11:35:47.5,NA,NA,NA,NA,NA,122.982216474613,0.00290516970314874,0.00246478851017166,3643.04748854311,0.134630259191702,0.242113177827763,0.0174993506915416,0.50908474852291,109.73677533384,0.20802249363413,0.463042220450957,123.849127414308,TRUE,0.00479604082206679,0.00255002716559615,0.389159655476089,2026-06-09 11:35:08,2026-06-09 11:36:27,NA
"42","2026-06-09 12:32:07","Collar_42_2026-06-09 12:32:07",2026-06-09 12:32:56.5,NA,NA,NA,NA,NA,124.816366462807,-0.0185419211401742,0.00249320602905586,3644.40914186817,0.136182464550164,1.14919685028237e-10,0.414891717787716,0.514954187379472,128.31901665335,0.418517977768451,0.520066790738245,124.816918968694,TRUE,-0.0184872498596505,0.00258380050003156,0.674293460084007,2026-06-09 12:32:17,2026-06-09 12:33:36,NA
"42","2026-06-09 13:32:07","Collar_42_2026-06-09 13:32:07",2026-06-09 13:32:56.5,128.293421321332,-0.051488851892466,3.10287007651319e-15,0.551667482137147,0.526267444440618,133.870250528136,-0.0242187645430379,0.00263835659006166,3667.16758664686,0.144110794940129,4.84204175085111e-14,0.519298954640836,0.54493401588916,130.781010105479,0.560063655755501,0.528131183333755,133.88380286098,TRUE,-0.0244756793079425,0.00280381475490956,0.613676859176819,2026-06-09 13:32:17,2026-06-09 13:33:36,NA
"42","2026-06-09 14:32:07","Collar_42_2026-06-09 14:32:07",2026-06-09 14:32:56.5,118.42953676721,-0.0404144604623111,5.36956357793318e-13,0.489083980184985,0.49480327264095,116.400058880945,-0.0209698604553728,0.00236544820953829,3637.99570099226,0.129204150473952,1.97205340239441e-13,0.501882118758051,0.488566707418196,119.967410285321,0.504568722511298,0.493616898519069,116.401182568422,TRUE,-0.0209178807803509,0.00238275720761922,0.674471596861198,2026-06-09 14:32:17,2026-06-09 14:33:36,NA
"42","2026-06-09 15:34:59","Collar_42_2026-06-09 15:34:59",2026-06-09 15:35:48.5,52.7719480815936,-0.117737819549222,5.79619448416615e-20,0.660129820402917,0.328258144671773,56.6895523785323,-0.019307484417301,0.00162869137691203,3635.14337998928,0.0889614428629758,3.96319972144977e-19,0.643072109602896,0.336394760286734,56.440560422516,0.661534768294039,0.331861228673213,56.831156188003,TRUE,-0.0189347443880495,0.00160954133249981,0.38464017655936,2026-06-09 15:35:09,2026-06-09 15:36:28,NA
"42","2026-06-09 16:32:07","Collar_42_2026-06-09 16:32:07",2026-06-09 16:32:56.5,NA,NA,NA,NA,NA,82.8348682614836,-0.0151428968034953,0.00191781224452808,3636.26952263334,0.104753636466706,1.49652323484819e-11,0.444229070240261,0.396110644053489,86.2208803226272,0.448478201756563,0.399751816177746,82.847304285058,TRUE,-0.0152326738814916,0.00209416121552681,0.412477531001282,2026-06-09 16:32:17,2026-06-09 16:33:36,NA
"42","2026-06-09 17:32:09","Collar_42_2026-06-09 17:32:09",2026-06-09 17:32:58.5,NA,NA,NA,NA,NA,72.722093917047,-0.0201180793393724,0.00180034847023207,3637.57063939791,0.0983375978030046,7.35703731540846e-18,0.61551829268076,0.371849326804055,76.6022858495063,0.616093661866005,0.376428333379172,72.7526917452602,TRUE,-0.0203101013776039,0.00193929084393028,0.464220106989897,2026-06-09 17:32:19,2026-06-09 17:33:38,NA
"42","2026-06-09 18:32:08","Collar_42_2026-06-09 18:32:08",2026-06-09 18:32:57.5,81.5839186911699,-0.0854780235510191,1.25566518828253e-22,0.709340474595127,0.393025754023841,82.853081115968,-0.0261676931297347,0.0019180305621743,3628.67325750469,0.104765561287506,2.33860772520247e-22,0.704692526471238,0.396155736029358,82.5720561572011,0.720079877774577,0.390738580362204,82.8552911389746,TRUE,-0.0260863123496518,0.0020665423225667,0.456529065701844,2026-06-09 18:32:18,2026-06-09 18:33:37,NA
"42","2026-06-09 19:32:09","Collar_42_2026-06-09 19:32:09",2026-06-09 19:32:58.5,89.855309930487,-0.113888521260769,4.83348302377421e-35,0.860009117961741,0.413878038254176,81.7081390787892,-0.0442085939769566,0.00190435434191202,3622.87499588591,0.104018546656809,9.03762193308273e-37,0.873563822324988,0.393331008826909,79.882960205493,0.882443047224191,0.384226373899686,81.731859753664,TRUE,-0.0444979665407324,0.00193565332822612,0.45597828828871,2026-06-09 19:32:19,2026-06-09 19:33:38,NA
"42","2026-06-09 20:32:09","Collar_42_2026-06-09 20:32:09",2026-06-09 20:32:58.5,124.963065872511,-0.116418298904446,5.75419534499621e-40,0.895274194952793,0.515426550615236,129.519510600082,-0.0642186231032365,0.00256758070340814,3617.06917288062,0.140244915200199,5.32256304348743e-39,0.889136344979109,0.530315753790891,118.94108565,0.90760519064374,0.490460712169531,129.526031643937,TRUE,-0.0640413092263314,0.00264284249257619,0.668324288229612,2026-06-09 20:32:19,2026-06-09 20:33:38,NA
"42","2026-06-09 21:32:09","Collar_42_2026-06-09 21:32:09",2026-06-09 21:32:58.5,137.220731133472,-0.101647679602959,3.17744906236527e-43,0.913577416641709,0.556465525135057,115.759865773054,-0.0782193998544601,0.00235600247156118,3612.41571409312,0.128688210811434,8.99007970687643e-48,0.933911932666058,0.486615756607266,108.686006077401,0.942455131806887,0.460011243214453,115.834416412082,TRUE,-0.0775892060953647,0.00252153893727276,0.518056910112358,2026-06-09 21:32:19,2026-06-09 21:33:38,NA
"42","2026-06-09 22:32:08","Collar_42_2026-06-09 22:32:08",2026-06-09 22:32:57.5,140.417569044736,-0.15740032456196,1.01514881845098e-52,0.950640910199433,0.567695654910387,155.649222398882,-0.105949651829143,0.0030230758116014,3611.27345581557,0.165124706802417,1.71264900744818e-49,0.940288919491556,0.624395067959648,120.963142666988,0.963183665842062,0.496698416784491,155.768375675116,TRUE,-0.105357494759941,0.00316982915871985,0.709241292758311,2026-06-09 22:32:18,2026-06-09 22:33:37,NA
"42","2026-06-09 23:32:09","Collar_42_2026-06-09 23:32:09",2026-06-09 23:32:58.5,159.269983116093,-0.115248955841912,7.68034240961444e-50,0.941503286087492,0.638686066066907,144.206537711385,-0.110147028083059,0.00281442510301748,3602.55969096723,0.15372790790415,4.9422756173364e-53,0.951542965793191,0.581299730136455,122.826333076371,0.964716164023245,0.502516248482271,144.239643416818,TRUE,-0.110086595819612,0.00301321832806617,0.639378814427157,2026-06-09 23:32:19,2026-06-09 23:33:38,NA
"43","2026-06-09 00:14:00","Collar_43_2026-06-09 00:14:00",2026-06-09 00:15:19.5,164.559996701761,-0.178259746259669,2.62748160321487e-52,0.94942333449835,0.660155642478266,116.67209253246,-0.123761859083546,0.00236947338985715,3627.09424595974,0.129424011556306,1.88697640621788e-62,0.972204017059345,0.48939808013108,93.6585291290778,0.980169483884931,0.418773080833209,116.768994368734,TRUE,-0.123050458124329,0.00256206314421008,0.485613009358032,2026-06-09 00:14:40,2026-06-09 00:15:59,"Time changed"
"43","2026-06-09 00:35:12","Collar_43_2026-06-09 00:35:12",2026-06-09 00:36:31.5,151.204940673773,-0.169695260019422,4.72182676299981e-56,0.959451899737204,0.60729005619807,90.0303210218046,-0.127735053768676,0.00200602802522633,3637.53428052124,0.109572108060188,5.21893309837403e-69,0.981125606077348,0.41433099372941,41.49228250337,0.990212748190587,0.302260781184522,90.7243456817929,TRUE,-0.127219886695815,0.00204702645718868,0.357988996136245,2026-06-09 00:35:52,2026-06-09 00:37:11,"Time changed"
"43","2026-06-09 01:35:10","Collar_43_2026-06-09 01:35:10",2026-06-09 01:36:29.5,347.797508356808,-0.159798171631645,5.06493360597993e-97,0.937473965717063,0.708551928835178,275.906828730389,-0.119482304507328,0.00193766354764514,3646.62008964399,0.105837942918522,1.92192007354882e-112,0.960104390874033,0.56598352876813,245.862246923037,0.967750980664561,0.512112932191606,275.929836657002,TRUE,-0.119246932200733,0.00214607129537013,0.636603846448698,2026-06-09 01:35:50,2026-06-09 01:37:09,"Time changed"
"43","2026-06-09 02:35:10","Collar_43_2026-06-09 02:35:10",2026-06-09 02:36:29.5,387.321925003454,-0.132471567351489,4.290426704511e-89,0.92122888669578,0.8017021481322,326.327385220986,-0.119570334327783,0.00226833737543551,3625.69008219229,0.123899818393684,3.52805215288316e-102,0.946196932967498,0.662571989727469,309.263303755532,0.952833685383659,0.624326503307416,326.361615974504,TRUE,-0.119169092488337,0.00230998975851044,0.838231732855314,2026-06-09 02:35:50,2026-06-09 02:37:09,"Time changed"
"43","2026-06-09 03:35:12","Collar_43_2026-06-09 03:35:12",2026-06-09 03:36:31.5,342.469971395301,-0.150472831379723,5.55340460881369e-95,0.933645193453235,0.696853218008948,342.213156223431,-0.112492590791591,0.00238378643793292,3626.6047940681,0.130205810629254,4.89176150348787e-95,0.933751613779574,0.696294184617633,298.299027928549,0.950895641249174,0.60329730120358,342.215313045612,TRUE,-0.112390861107184,0.00243110521756793,0.932551976677441,2026-06-09 03:35:52,2026-06-09 03:37:11,"Time changed"
"43","2026-06-09 04:35:08","Collar_43_2026-06-09 04:35:08",2026-06-09 04:36:27.5,379.334131364077,-0.185713679347509,6.6850036561505e-86,0.913551598719248,0.781937877923009,404.375828089344,-0.108506022458875,0.00289489405172025,3636.96463774949,0.158123236499699,1.57879825522049e-80,0.898905237099963,0.845586610118012,362.468222687762,0.924121316910903,0.737258698107258,404.437878963145,TRUE,-0.108136032522171,0.00293733941259665,0.988775214029101,2026-06-09 04:35:48,2026-06-09 04:37:07,"Time changed"
"43","2026-06-09 05:35:10","Collar_43_2026-06-09 05:35:10",2026-06-09 05:36:29.5,249.750817698243,-0.164475933468128,1.66395719717118e-110,0.957787343646228,0.521561628121256,318.221070981635,-0.105645106029052,0.00221159704071358,3641.98552698523,0.120800580492049,8.1006810411754e-96,0.935241875170849,0.645998372027724,195.294078557417,0.970706505224951,0.437256353884561,321.043579186917,TRUE,-0.108534588511866,0.00220396270736584,0.667750396217296,2026-06-09 05:35:50,2026-06-09 05:37:09,"Time changed"
"43","2026-06-09 06:35:08","Collar_43_2026-06-09 06:35:08",2026-06-09 06:36:27.5,418.135948998357,-0.224597630504216,6.90735512469672e-83,0.905618281822512,0.882740239215561,421.416802447943,-0.117542615128258,0.00305323461522805,3631.53143091289,0.166772023613742,3.49379635878889e-82,0.903662974559472,0.891837235511771,378.274992096284,0.928247951096075,0.774590885327561,421.419158545932,TRUE,-0.117597965910904,0.00311127865648744,1.20237021624764,2026-06-09 06:35:48,2026-06-09 06:37:07,"Time changed"
"43","2026-06-09 07:35:10","Collar_43_2026-06-09 07:35:10",2026-06-09 07:36:29.5,172.747122200809,-0.208672609263903,2.47244627576044e-50,0.943177647316661,0.694814680693874,192.403341760612,-0.120024097550235,0.003803752348937,3646.12831579393,0.207766371242443,3.61651359895422e-46,0.927351515757284,0.785638321507415,140.957147753599,0.963673223975602,0.562811954669259,193.855585572257,TRUE,-0.123209399310334,0.00374249595607093,0.80455352046136,2026-06-09 07:35:50,2026-06-09 07:37:09,"Time changed"
"43","2026-06-09 08:35:10","Collar_43_2026-06-09 08:35:10",2026-06-09 08:36:29.5,NA,NA,NA,NA,NA,81.9787000882645,-0.0222523384157957,0.00190757734140741,3654.44796801413,0.104194591479985,8.89685262889946e-19,0.635646331988866,0.393996696727039,13.2368625039748,0.853232156635373,0.253330201901587,87.3053686702207,TRUE,-0.018598665785089,0.00160190929048643,0.343668453839338,2026-06-09 08:35:50,2026-06-09 08:37:09,"Time changed"
"43","2026-06-09 09:35:08","Collar_43_2026-06-09 09:35:08",2026-06-09 09:36:27.5,NA,NA,NA,NA,NA,182.581280756838,-0.00522320252607297,0.00357727078274697,3646.87775363513,0.195395625504025,0.148276519814951,0.0266050802313674,0.738860145329979,162.342798087089,0.281037755686918,0.643296592190701,182.581280756836,TRUE,-0.00522320252607297,0.00357727078274697,1.05045598114339,2026-06-09 09:35:48,2026-06-09 09:37:07,"Time changed"
"43","2026-06-09 10:35:09","Collar_43_2026-06-09 10:35:09",2026-06-09 10:36:28.5,163.527809431441,0.046404746058833,0.750507380308681,0.00130370438678749,0.65591057346636,163.280416449266,0.0018589349072761,0.00317075508461704,3647.66881461306,0.173191159044176,0.559383453752945,0.00438731471791928,0.654897184167572,165.275441488761,0.0290294631316603,0.655196311062158,163.280682372786,TRUE,0.00185092505651934,0.00323487573792864,0.884640567575499,2026-06-09 10:35:49,2026-06-09 10:37:08,"Time changed"
"43","2026-06-09 11:37:57","Collar_43_2026-06-09 11:37:57",2026-06-09 11:39:16.5,NA,NA,NA,NA,NA,94.380723019896,-0.00138113919791964,0.00206132024393765,3643.90565753125,0.112592247802673,0.504819734422716,0.00572264638021468,0.425751213006547,96.6918055084859,0.0264932810580699,0.426787903793728,94.4001600605208,TRUE,-0.00157263880628954,0.00220880782657404,0.452043603593435,2026-06-09 11:38:37,2026-06-09 11:39:56,"Time changed"
"43","2026-06-09 12:35:06","Collar_43_2026-06-09 12:35:06",2026-06-09 12:36:25.5,NA,NA,NA,NA,NA,46.929295130405,0.00583432548627106,0.00153230823417324,3644.23029244428,0.0836968583215097,0.000278012172203178,0.156732724052539,0.316487499367376,47.9403322367576,0.187657601022989,0.31469076853068,47.2798845774201,TRUE,0.00618727838026937,0.00161692628666515,0.305484464544922,2026-06-09 12:35:46,2026-06-09 12:37:05,"Time changed"
"43","2026-06-09 13:35:06","Collar_43_2026-06-09 13:35:06",2026-06-09 13:36:25.5,NA,NA,NA,NA,NA,73.7521426846843,-0.00379077095984516,0.00181197615045971,3657.09489516613,0.0989727182591349,0.0396858799400606,0.0531307035866199,0.374250942455931,73.8631369285207,0.0980595543201189,0.370038849499833,73.7545275296829,TRUE,-0.00387752024072074,0.00187666088443115,0.43923383980462,2026-06-09 13:35:46,2026-06-09 13:37:05,"Time changed"
"43","2026-06-09 14:35:07","Collar_43_2026-06-09 14:35:07",2026-06-09 14:36:26.5,NA,NA,NA,NA,NA,27.7216239913183,0.00166589242143053,0.00135897033136112,3638.75711645367,0.0742288951729321,0.223943776556651,0.018901316070999,0.280685773459276,30.729406861702,0.0309944536861514,0.282597093645328,27.7514173241051,TRUE,0.00156669495472485,0.00149605342275848,0.295229505254824,2026-06-09 14:35:47,2026-06-09 14:37:06,"Time changed"
"43","2026-06-09 15:37:58","Collar_43_2026-06-09 15:37:58",2026-06-09 15:39:17.5,NA,NA,NA,NA,NA,72.7846014474746,0.00560832560766231,0.00180105195349365,3635.53993879256,0.0983760230607711,0.00258185523483264,0.11056860056043,0.371994626328875,76.7564381726055,0.110881661714279,0.376791178781115,73.0260873627305,TRUE,0.00631684317104228,0.00185229768095853,0.382800487181941,2026-06-09 15:38:38,2026-06-09 15:39:57,"Time changed"
"43","2026-06-09 16:35:07","Collar_43_2026-06-09 16:35:07",2026-06-09 16:36:26.5,NA,NA,NA,NA,NA,46.8868938272656,0.000440269338572785,0.00153190221381284,3631.68638844824,0.0836746809111023,0.774567910501108,0.00105784133814098,0.316403638714742,43.4048082504912,0.0902491161474765,0.305895470688459,46.8914455455884,TRUE,0.000346544418300117,0.00155540856628409,0.394119175019231,2026-06-09 16:35:47,2026-06-09 16:37:06,"Time changed"
"43","2026-06-09 17:35:08","Collar_43_2026-06-09 17:35:08",2026-06-09 17:36:27.5,44.7354725249685,0.0498475313909965,0.940976410173866,7.07356513554065e-05,0.312177630100892,43.7113554348716,-0.00150967809227044,0.00150179810253883,3627.24331219026,0.0820303514739799,0.317886283687942,0.0127897093227341,0.310185846050507,27.6104708451798,0.232128793026163,0.277141674507954,44.4512112340745,TRUE,-0.00042399026177736,0.00147736561807341,0.297988870018711,2026-06-09 17:35:48,2026-06-09 17:37:07,"Time changed"
"43","2026-06-09 18:35:09","Collar_43_2026-06-09 18:35:09",2026-06-09 18:36:28.5,74.3720595134977,-0.0243559530719993,0.0172091106835005,0.0706040192063191,0.375703782998342,73.5360402135,-0.00472114651368412,0.00180953047417215,3627.12912327251,0.0988391319367648,0.0108794643319359,0.0802658592140717,0.373745805202699,68.510870352425,0.178386551122442,0.357865183356993,73.5412564357499,TRUE,-0.00463720471746066,0.00180609834253626,0.368341344574335,2026-06-09 18:35:49,2026-06-09 18:37:08,"Time changed"
"43","2026-06-09 19:35:08","Collar_43_2026-06-09 19:35:08",2026-06-09 19:36:27.5,28.9078984972558,0.0130760936583013,0.00591017902511886,0.0931396853933705,0.282774572150441,24.765636150039,-0.00473215340535271,0.00133409395986533,3623.63342105245,0.0728701123287222,0.000662746136068827,0.13890042274755,0.275547733714757,23.7942570051028,0.190782354264581,0.270609683192798,25.1181567334281,TRUE,-0.00540140248451154,0.00140594072666914,0.293633686088734,2026-06-09 19:35:48,2026-06-09 19:37:07,"Time changed"
"43","2026-06-09 20:35:10","Collar_43_2026-06-09 20:35:10",2026-06-09 20:36:29.5,55.4580687814562,-0.00877701840235098,0.470956402381632,0.00668360889778974,0.333815544902539,55.475556510349,-0.00115168199933484,0.00161638048649157,3614.67042566046,0.0882890044929708,0.47827703848317,0.00646644956651424,0.333852032369946,58.3355308246198,0.020524219891825,0.33581501596237,55.5013739203087,TRUE,-0.000932041356337421,0.00167891640322343,0.393315782158064,2026-06-09 20:35:50,2026-06-09 20:37:09,"Time changed"
"43","2026-06-09 21:35:09","Collar_43_2026-06-09 21:35:09",2026-06-09 21:36:28.5,NA,NA,NA,NA,NA,48.8624080873088,-0.00630832215158727,0.00155093380490045,3609.50036668975,0.0847142135242987,0.000112793441331104,0.174987534052732,0.320334480132918,47.0000945809459,0.233281608896498,0.312846915832839,48.9349413036118,TRUE,-0.00663571281368862,0.00159846577453623,0.38453605273204,2026-06-09 21:35:49,2026-06-09 21:37:08,"Time changed"
"43","2026-06-09 22:35:09","Collar_43_2026-06-09 22:35:09",2026-06-09 22:36:28.5,NA,NA,NA,NA,NA,52.4307223017809,-0.0042320253920365,0.00158591125774245,3612.34315271653,0.0866247318192964,0.00926400520702057,0.08365698995018,0.327558827256638,56.023741431724,0.088306828395303,0.330997815917757,52.4874045018495,TRUE,-0.00452208480097769,0.00164689222946429,0.377176772861594,2026-06-09 22:35:49,2026-06-09 22:37:08,"Time changed"
"43","2026-06-09 23:35:11","Collar_43_2026-06-09 23:35:11",2026-06-09 23:36:30.5,NA,NA,NA,NA,NA,96.0534407986773,-0.00692104826199801,0.00208298332871338,3608.09329942537,0.11377551634933,0.00135929462088005,0.123989992095318,0.430225570956437,99.2916886046454,0.132291687224887,0.433779546099704,96.0678979645758,TRUE,-0.00712999725309755,0.00213149548544128,0.550332728509228,2026-06-09 23:35:51,2026-06-09 23:37:10,"Time changed"
"44","2026-06-09 00:17:02","Collar_44_2026-06-09 00:17:02",2026-06-09 00:18:21.5,259.442107800055,-0.264198770908579,1.1059812512376e-53,0.953366721329038,1.19450699591325,141.231900236073,-0.235263534307692,0.00276258415639263,3624.98997422099,0.15089628155891,1.02002920344175e-78,0.989359294093815,0.570592346859233,105.659566706493,0.993511491707924,0.45139179384982,141.283610167499,TRUE,-0.23467699391728,0.00299560145766698,0.602569830510685,2026-06-09 00:17:42,2026-06-09 00:19:01,"Time changed"
"44","2026-06-09 00:38:14","Collar_44_2026-06-09 00:38:14",2026-06-09 00:39:33.5,256.523029980875,-0.255839750355895,1.06418362343601e-52,0.950581210178506,1.17291172157854,102.202689874282,-0.224797442149412,0.00216459649030372,3636.52692543335,0.118233343482578,2.21481942147024e-85,0.992819805575594,0.44708219604736,67.3271583928364,0.995583346344728,0.355227394722714,102.275079042579,TRUE,-0.224224253654293,0.0022980081537487,0.399565351855011,2026-06-09 00:38:54,2026-06-09 00:40:13,"Time changed"
"44","2026-06-09 01:38:11","Collar_44_2026-06-09 01:38:11",2026-06-09 01:39:30.5,577.762263718912,-0.312729968094436,1.39986874447319e-101,0.945250402575452,1.45369404212483,329.678066422687,-0.265796265778515,0.00229221364568758,3719.48394037696,0.12520397428345,8.69178049393914e-155,0.988385622357194,0.669546149770636,291.24905373424,0.991090995977135,0.590151298811829,329.698928804892,TRUE,-0.265597318962232,0.00241102511905405,0.761845481208807,2026-06-09 01:38:51,2026-06-09 01:40:10,"Time changed"
"44","2026-06-09 02:38:13","Collar_44_2026-06-09 02:38:13",2026-06-09 02:39:32.5,541.315196118059,-0.210909347757129,1.32000428388829e-97,0.938528820072075,1.29720356771569,355.472356830445,-0.222975219381382,0.00248463350477354,3622.70072541333,0.135714221063434,1.82105616545066e-137,0.980758859897464,0.72575119681448,332.41551985565,0.983752395715222,0.67117113510458,355.480850533336,TRUE,-0.222763202973604,0.00252298404582904,0.960383824255943,2026-06-09 02:38:53,2026-06-09 02:40:12,"Time changed"
"44","2026-06-09 03:38:14","Collar_44_2026-06-09 03:38:14",2026-06-09 03:39:33.5,526.490372561431,-0.262196019046461,6.30923651794011e-97,0.937299931624137,1.23847808147603,377.044643539315,-0.21020360108103,0.00265790591207369,3628.12404913279,0.145178606753857,5.56371788767082e-129,0.975361094161503,0.776363352181222,350.499309238548,0.979643131112715,0.710192451062317,377.073684833593,TRUE,-0.210520849165255,0.00270741729975419,0.970467776446564,2026-06-09 03:38:54,2026-06-09 03:40:13,"Time changed"
"44","2026-06-09 04:38:09","Collar_44_2026-06-09 04:38:09",2026-06-09 04:39:28.5,NA,NA,NA,NA,NA,379.940477734988,-0.215700087978555,0.00268206774455647,3653.1699422317,0.14649836045941,4.19593142008026e-130,0.976154068203173,0.783420923773942,375.821060292992,0.977333971329643,0.768673623918842,381.175239869667,TRUE,-0.216450926723279,0.00279285428952656,0.751781640965649,2026-06-09 04:38:49,2026-06-09 04:40:08,"Time changed"
"44","2026-06-09 05:38:11","Collar_44_2026-06-09 05:38:11",2026-06-09 05:39:30.5,580.137722991821,-0.226580619857805,1.37997575934485e-93,0.930892281068824,1.4645254165632,120.301177004317,-0.239269652635057,0.00119150263461207,3640.443083585,0.065081571040854,3.32105957673725e-192,0.996097224296668,0.348033004230186,74.5167256251575,0.997140819064384,0.299792454632535,120.41789672237,TRUE,-0.238917048756789,0.00120166794515276,0.364915461398969,2026-06-09 05:38:51,2026-06-09 05:40:10,"Time changed"
"44","2026-06-09 06:38:10","Collar_44_2026-06-09 06:38:10",2026-06-09 06:39:29.5,507.172670596792,-0.291440251767677,3.65268935699011e-111,0.958589627379938,1.16592580463333,322.778597728093,-0.244940435708316,0.00224332057665464,3634.2721104565,0.122533365211142,1.03803841379734e-150,0.98692020804399,0.655264686006093,149.207759107541,0.995688651643093,0.378607442669739,340.604281108729,TRUE,-0.252687621520455,0.00157475878854518,0.435677091675037,2026-06-09 06:38:50,2026-06-09 06:40:09,"Time changed"
"44","2026-06-09 07:38:11","Collar_44_2026-06-09 07:38:11",2026-06-09 07:39:30.5,252.356177451844,-0.415392177373407,9.60288687968827e-57,0.96107366083715,1.14276010381938,220.663069153413,-0.244402994374399,0.00453856705674768,3642.20908848507,0.247902997229691,1.86036538742647e-63,0.97380660533214,0.937409136404097,126.828246932897,0.992289585177456,0.51524367098161,233.632736015686,TRUE,-0.257732316594016,0.00245640721785908,0.429346864004198,2026-06-09 07:38:51,2026-06-09 07:40:10,"Time changed"
"44","2026-06-09 08:38:12","Collar_44_2026-06-09 08:38:12",2026-06-09 08:39:31.5,291.828243561617,-0.233987267803835,5.31156310449499e-46,0.926632677558169,1.46249940465104,88.6343085537079,-0.230208329264647,0.0019886014092294,3636.92427639111,0.108620241472519,4.9023719102684e-89,0.99421334473313,0.410731648639236,74.8037905795433,0.995369462389787,0.372220746963496,90.9583147492355,TRUE,-0.227720953287375,0.00186337911606263,0.395111331671167,2026-06-09 08:38:52,2026-06-09 08:40:11,"Time changed"
"44","2026-06-09 09:38:09","Collar_44_2026-06-09 09:38:09",2026-06-09 09:39:28.5,88.5520618709988,0.0199138019534935,0.653028065888107,0.00260433563140656,0.410520569673185,86.9175113468696,-0.00265264401718854,0.00196737781882789,3646.09219502303,0.107460978734584,0.181459586868108,0.0227762290923583,0.406348065164339,72.6660426401844,0.222119972659434,0.367280609513208,94.797348608612,TRUE,0.00192963353421133,0.00137246693051297,0.251209881901548,2026-06-09 09:38:49,2026-06-09 09:40:08,"Time changed"
"44","2026-06-09 10:38:09","Collar_44_2026-06-09 10:38:09",2026-06-09 10:39:28.5,NA,NA,NA,NA,NA,102.99255676493,-0.0105047491718578,0.00217530880448851,3653.0046354865,0.11881846534163,6.70581823966043e-06,0.230162268350468,0.449294749274688,44.9890142542326,0.645348551077971,0.308939273613121,106.554345434918,TRUE,-0.00704618457198002,0.00185148859645591,0.393522067092808,2026-06-09 10:38:49,2026-06-09 10:40:08,"Time changed"
"44","2026-06-09 11:40:57","Collar_44_2026-06-09 11:40:57",2026-06-09 11:42:16.5,NA,NA,NA,NA,NA,107.77993722444,-0.000528111421700767,0.00224138003094957,3643.30942552857,0.12242736984068,0.814345977969094,0.00071124057333462,0.462941296866385,109.17195779374,0.0327625268770804,0.461410512400104,107.7848738574,TRUE,-0.000646419775351292,0.00234748970619887,0.578615710894132,2026-06-09 11:41:37,2026-06-09 11:42:56,"Time changed"
"44","2026-06-09 12:38:06","Collar_44_2026-06-09 12:38:06",2026-06-09 12:39:25.5,NA,NA,NA,NA,NA,127.529930979857,-0.000921153221447081,0.00253585085159025,3643.28452183287,0.138511785498917,0.717399166775031,0.00168883671643965,0.523762175840198,127.688342123844,0.0484947980047713,0.518020870115049,127.551798127705,TRUE,-0.00101905057214238,0.00264366980396695,0.634213476932414,2026-06-09 12:38:46,2026-06-09 12:40:05,"Time changed"
"44","2026-06-09 13:38:06","Collar_44_2026-06-09 13:38:06",2026-06-09 13:39:25.5,NA,NA,NA,NA,NA,84.0866103713132,0.00199301732623345,0.00193287487777308,3652.84157050848,0.105576378949282,0.305673323267942,0.0134474606373409,0.399221725116217,86.9573689271165,0.027275337397268,0.401596136782482,84.1784121581852,TRUE,0.00162581904308409,0.00208729640416653,0.393249325889359,2026-06-09 13:38:46,2026-06-09 13:40:05,"Time changed"
"44","2026-06-09 14:38:08","Collar_44_2026-06-09 14:38:08",2026-06-09 14:39:27.5,NA,NA,NA,NA,NA,72.1059626882626,0.0166601139204703,0.00179342898341243,3642.70433683409,0.0979596455770196,2.96374761101027e-14,0.525245334804832,0.370420155419595,61.3068202200139,0.605425134494312,0.342109554084212,72.2482664018448,TRUE,0.0172390057565519,0.00198698149742556,0.376851005596208,2026-06-09 14:38:48,2026-06-09 14:40:07,"Time changed"
"44","2026-06-09 15:40:58","Collar_44_2026-06-09 15:40:58",2026-06-09 15:42:17.5,NA,NA,NA,NA,NA,65.9369388995835,0.00585707545305325,0.00172559690390801,3636.1114636099,0.0942545607766376,0.00108441370555703,0.128694189580948,0.356409916004006,69.9143654392045,0.128940009737909,0.361018129381865,65.977134177312,TRUE,0.00614752789055413,0.00166295162061246,0.406556991100893,2026-06-09 15:41:38,2026-06-09 15:42:57,"Time changed"
"44","2026-06-09 16:38:07","Collar_44_2026-06-09 16:38:07",2026-06-09 16:39:26.5,NA,NA,NA,NA,NA,31.3683852403114,0.00642330387983765,0.00139030001434167,3633.51637513339,0.0759401670823312,1.49067936263495e-05,0.214858761712494,0.287156699348309,30.907156047709,0.257444022745627,0.282911214367488,31.5988940271103,TRUE,0.00694546959331559,0.00142272729133209,0.309715281392241,2026-06-09 16:38:47,2026-06-09 16:40:06,"Time changed"
"44","2026-06-09 17:38:10","Collar_44_2026-06-09 17:38:10",2026-06-09 17:39:29.5,NA,NA,NA,NA,NA,30.8031982135725,-0.000479274404470388,0.00138539755613633,3631.19271740282,0.0756723878322501,0.730313771813414,0.00153200148196185,0.286144131051957,31.9041145548933,0.0370672677704781,0.284679534977949,30.8477768858356,TRUE,-0.000753675692684419,0.00147994483907029,0.274786560549152,2026-06-09 17:38:50,2026-06-09 17:40:09,"Time changed"
"44","2026-06-09 18:38:11","Collar_44_2026-06-09 18:38:11",2026-06-09 18:39:30.5,NA,NA,NA,NA,NA,63.6173959010706,0.000967634029814488,0.0017007611363699,3624.96173795575,0.092897995778431,0.571030306232212,0.00413278158585634,0.351280262721651,59.8655103320437,0.0961030466489791,0.339041606384318,63.6239527986548,TRUE,0.000852873890105224,0.00182286469814877,0.362422871994898,2026-06-09 18:38:51,2026-06-09 18:40:10,"Time changed"
"44","2026-06-09 19:38:10","Collar_44_2026-06-09 19:38:10",2026-06-09 19:39:29.5,NA,NA,NA,NA,NA,-2.68272204722071,-0.00540489639611645,0.00112378240285233,3624.68768007276,0.0613825955235998,7.23061105471999e-06,0.228729593381384,0.232109359318098,-0.815807815419571,0.24902267223396,0.232029517487989,-2.60463784965546,TRUE,-0.00520647861183333,0.0013215671268107,0.230444392098986,2026-06-09 19:38:50,2026-06-09 19:40:09,"Time changed"
"44","2026-06-09 20:38:11","Collar_44_2026-06-09 20:38:11",2026-06-09 20:39:30.5,NA,NA,NA,NA,NA,70.919964993831,-0.0115479506388273,0.00178018436532987,3613.66476315111,0.0972362056721383,7.32695038934564e-09,0.350435215396572,0.367684572614814,74.6784820788862,0.352392994067323,0.371929345939623,70.979703118243,TRUE,-0.011428709105281,0.00188989205554554,0.406198655213168,2026-06-09 20:38:51,2026-06-09 20:40:10,"Time changed"
"44","2026-06-09 21:38:11","Collar_44_2026-06-09 21:38:11",2026-06-09 21:39:30.5,60.2273105525639,-0.0584504196896342,7.04576771529556e-13,0.485557848803118,0.343915621422467,65.0679093781624,-0.0138068440951599,0.00171624984428535,3606.01541680011,0.0937440110663944,7.70686771385769e-12,0.453469236801826,0.354479346513848,63.1501428839528,0.492438180073829,0.346073709634825,65.096327217806,TRUE,-0.0135688031038987,0.00178511629069808,0.370926281949283,2026-06-09 21:38:51,2026-06-09 21:40:10,"Time changed"
"44","2026-06-09 22:38:10","Collar_44_2026-06-09 22:38:10",2026-06-09 22:39:29.5,NA,NA,NA,NA,NA,76.3209924615876,-0.0181792358329814,0.0018413027854302,3603.05621231453,0.100574580833146,2.21333632636837e-15,0.555496546788461,0.380308152852426,75.1142321329295,0.583505473622183,0.372943652967466,77.0292429339835,TRUE,-0.0194707304791016,0.00182917390420135,0.337256949207257,2026-06-09 22:38:50,2026-06-09 22:40:09,"Time changed"
"44","2026-06-09 23:38:12","Collar_44_2026-06-09 23:38:12",2026-06-09 23:39:31.5,NA,NA,NA,NA,NA,118.970725317105,-0.0247699423427376,0.00240376002141808,3611.483662566,0.131296796208948,3.28747814015942e-16,0.576515333699668,0.496479742973089,117.188137763732,0.60604568061211,0.4851165900941,118.994496013252,TRUE,-0.0247635903938674,0.00256148500447262,0.571706552529627,2026-06-09 23:38:52,2026-06-09 23:40:11,"Time changed"
"45","2026-06-09 00:26:06","Collar_45_2026-06-09 00:26:06",2026-06-09 00:27:25.5,88.129833475393,-0.0549443387767396,4.87716769883287e-31,0.822775054529988,0.409438663827224,64.2355802036979,-0.0387576049035758,0.00170734499603199,3644.20712601705,0.0932576155710143,4.14859979941209e-36,0.868534870945764,0.352640112674925,65.5603372512496,0.872858441286704,0.35132632794241,64.5693922176244,TRUE,-0.0391176013176951,0.00178253078864163,0.358605229099292,2026-06-09 00:26:46,2026-06-09 00:28:05,"Time changed"
"45","2026-06-09 00:47:13","Collar_45_2026-06-09 00:47:13",2026-06-09 00:48:32.5,NA,NA,NA,NA,NA,50.9790281033121,-0.0374540729405236,0.00157158722404479,3638.23726000032,0.0858423326960338,1.49711963428843e-37,0.879250313974038,0.32460029874082,51.5463615894196,0.884321896847695,0.321863696427147,51.0063561428146,TRUE,-0.037593012162813,0.0016438007729858,0.385521961434707,2026-06-09 00:47:53,2026-06-09 00:49:12,"Time changed"
"45","2026-06-09 01:47:14","Collar_45_2026-06-09 01:47:14",2026-06-09 01:48:33.5,239.232211575019,-0.040184884973928,7.2104846088383e-52,0.767148122444282,0.504696267609228,188.02369631734,-0.0410273955623352,0.00147233282925604,3643.70949239571,0.0804209162778786,7.24606922751367e-63,0.830923831866157,0.430062345568834,187.647517252821,0.83548558537726,0.426931740093804,188.151304609777,TRUE,-0.0415457436888311,0.001501575853454,0.530900082720088,2026-06-09 01:47:54,2026-06-09 01:49:13,"Time changed"
"45","2026-06-09 02:47:14","Collar_45_2026-06-09 02:47:14",2026-06-09 02:48:33.5,207.696338913718,-0.0371851313374963,8.0730298379862e-57,0.798387365473962,0.457330898665694,166.728637723866,-0.0402650449138161,0.00137754240207297,3631.5506150581,0.0752433281286787,1.28928594313656e-65,0.843930710350563,0.402374452830327,166.918530220833,0.847603313458398,0.40015263295431,166.777173209504,TRUE,-0.0399709540094641,0.00148178820534343,0.426089419637317,2026-06-09 02:47:54,2026-06-09 02:49:13,"Time changed"
"45","2026-06-09 03:47:13","Collar_45_2026-06-09 03:47:13",2026-06-09 03:48:32.5,NA,NA,NA,NA,NA,1437.72018421783,0.0579826452131832,0.0731234878430626,3628.57041396056,3.99410906075148,0.429001011605958,0.00396369595442831,21.3590691405366,1441.09103192504,0.00787262135338777,21.4533293021911,1439.77492726958,TRUE,-0.0218487296473197,0.00251627503909966,0.858945854477728,2026-06-09 03:47:53,2026-06-09 03:49:12,"Flux unusable, remove"
"45","2026-06-09 04:47:12","Collar_45_2026-06-09 04:47:12",2026-06-09 04:48:31.5,NA,NA,NA,NA,NA,310.547181635286,-0.0427347083219955,0.00215919181767715,3646.90880855481,0.117938132565471,1.25014905373904e-44,0.712582502220769,0.63069102256755,310.226711469427,0.720239769612667,0.626208963628256,310.549431810123,TRUE,-0.0428229668693815,0.00222589231578196,0.776145667729436,2026-06-09 04:47:52,2026-06-09 04:49:11,"Time changed"
"45","2026-06-09 05:47:13","Collar_45_2026-06-09 05:47:13",2026-06-09 05:48:32.5,NA,NA,NA,NA,NA,334.591197748598,-0.0427154494256797,0.00232767879001682,3652.22981517513,0.127141130982133,5.25719023620466e-41,0.680654928093145,0.679905372123829,338.413720870603,0.681008958995697,0.683870469415796,334.592859357879,TRUE,-0.0426364993237457,0.00238087062048125,0.831940351413682,2026-06-09 05:47:53,2026-06-09 05:49:12,"Time changed"
"45","2026-06-09 06:47:14","Collar_45_2026-06-09 06:47:14",2026-06-09 06:48:33.5,NA,NA,NA,NA,NA,160.151250107474,-0.000856407048047423,0.00310934616243377,3654.21572943649,0.169836916245616,0.783714275133777,0.000971640324862116,0.642213602765873,163.907453147278,0.00401150699858132,0.649618310074794,160.153062760702,TRUE,-0.000748782480740824,0.00313315718364571,0.865895923897715,2026-06-09 06:47:54,2026-06-09 06:49:13,"Time changed"
"45","2026-06-09 07:47:16","Collar_45_2026-06-09 07:47:16",2026-06-09 07:48:35.5,NA,NA,NA,NA,NA,182.56608369898,-0.00363361372526534,0.00357693102393855,3656.25443367633,0.195377067393968,0.312843100959414,0.0130573100209324,0.738789970535334,185.684013712832,0.0238794451911044,0.74433297270719,182.566083698984,TRUE,-0.00363361372526534,0.00357693102393855,1.03886751204478,2026-06-09 07:47:56,2026-06-09 07:49:15,"Time changed"
"45","2026-06-09 08:47:17","Collar_45_2026-06-09 08:47:17",2026-06-09 08:48:36.5,NA,NA,NA,NA,NA,159.667232134922,0.00236784860551707,0.00309995425397575,3649.57767878067,0.169323916828104,0.447270924183552,0.00742448352907707,0.640273770063891,163.529149622825,0.0091362223561397,0.648084168847411,159.66786853075,TRUE,0.00243012544551782,0.00313073300404335,0.81821778370934,2026-06-09 08:47:57,2026-06-09 08:49:16,"Time changed"
"45","2026-06-09 09:47:09","Collar_45_2026-06-09 09:47:09",2026-06-09 09:48:28.5,NA,NA,NA,NA,NA,143.18310991152,0.00128656599340391,0.00279648029991382,3643.41331926685,0.152747737198623,0.646748644526673,0.00270625738469549,0.577593357140305,146.918947517017,0.00599392020534731,0.584178633275135,143.189845666381,TRUE,0.00110469521181367,0.00291091264280596,0.704555531393694,2026-06-09 09:47:49,2026-06-09 09:49:08,"Time changed"
"45","2026-06-09 10:47:13","Collar_45_2026-06-09 10:47:13",2026-06-09 10:48:32.5,NA,NA,NA,NA,NA,113.668620194861,0.000685909916382915,0.00232540921493304,3645.00484296446,0.127017163558346,0.768805742184657,0.00111418325936863,0.480296934407,117.260730590405,0.00619416107460998,0.485336739935264,113.676407998576,TRUE,0.000813818311869917,0.0025900322780985,0.51176858389844,2026-06-09 10:47:53,2026-06-09 10:49:12,"Time changed"
"45","2026-06-09 11:49:58","Collar_45_2026-06-09 11:49:58",2026-06-09 11:51:17.5,NA,NA,NA,NA,NA,78.8080165692333,-0.0036217018975041,0.00187014741126792,3640.93633434772,0.102150115381767,0.056417731873812,0.0458758381244911,0.386265807649271,82.1579124703132,0.0535979200042525,0.389728501192867,78.8205019438757,TRUE,-0.00367051758891607,0.00209011304444957,0.401102700134686,2026-06-09 11:50:38,2026-06-09 11:51:57,"Time changed"
"45","2026-06-09 12:47:07","Collar_45_2026-06-09 12:47:07",2026-06-09 12:48:26.5,58.4257714963976,0.0202874038916354,8.32352330701596e-06,0.22604709456089,0.340064981572964,55.3665990554154,0.00834801435170816,0.00161528013179604,3638.43811501461,0.0882289015521907,1.77295951242069e-06,0.25508406689655,0.333624761838965,58.7329657288224,0.260960807566302,0.336650206630814,55.4008891842769,TRUE,0.00864296457671619,0.00178768069509074,0.352258616248127,2026-06-09 12:47:47,2026-06-09 12:49:06,"Time changed"
"45","2026-06-09 13:47:06","Collar_45_2026-06-09 13:47:06",2026-06-09 13:48:25.5,45.7731168501863,0.0123536147761855,0.913529152646158,0.000152132194815895,0.314208767641369,45.7728030180934,-0.000167851933849823,0.00152127252577254,3637.89287578733,0.0830940722097523,0.912425888325487,0.000156054491504915,0.314208151337004,44.3608672409229,0.0655575744510678,0.307728780803552,45.8358595224851,TRUE,3.63943850057502e-05,0.00152228389748224,0.343764895629119,2026-06-09 13:47:46,2026-06-09 13:49:05,"Time changed"
"45","2026-06-09 14:47:08","Collar_45_2026-06-09 14:47:08",2026-06-09 14:48:27.5,NA,NA,NA,NA,NA,10.8061945408019,0.000430983723965358,0.00122263194820793,3632.30104325377,0.0667818984890612,0.725410388120637,0.00159053907808104,0.252526038368363,6.39655640359283,0.101215767843804,0.242728096034764,10.8236814395236,TRUE,0.000365937159848278,0.00127620447737316,0.27835990038613,2026-06-09 14:47:48,2026-06-09 14:49:07,"Time changed"
"45","2026-06-09 15:49:58","Collar_45_2026-06-09 15:49:58",2026-06-09 15:51:17.5,NA,NA,NA,NA,NA,44.2847525571165,0.00198689793321968,0.00150718979990622,3634.77619051349,0.0823248536639484,0.191268135835642,0.0217946870806221,0.311299463258256,46.288704606484,0.0458995303231876,0.311459027528269,44.4469051113511,TRUE,0.00156935592642713,0.00145527923136513,0.322019243454768,2026-06-09 15:50:38,2026-06-09 15:51:57,"Time changed"
"45","2026-06-09 16:47:06","Collar_45_2026-06-09 16:47:06",2026-06-09 16:48:25.5,-3.35662462356913,-0.0144855066084783,1.37379633491505e-15,0.560847525219934,0.231133795898507,8.06160397830111,-0.0104767130282757,0.00120183815259221,3630.04660377478,0.0656461117545116,3.81864293867623e-13,0.493474568214901,0.248231225986619,-3.44887627672557,0.582746675535834,0.228242330190848,8.30684729032863,TRUE,-0.0110409813968911,0.00125559088065401,0.235693729706206,2026-06-09 16:47:46,2026-06-09 16:49:05,"Time changed"
"45","2026-06-09 17:47:10","Collar_45_2026-06-09 17:47:10",2026-06-09 17:48:29.5,NA,NA,NA,NA,NA,5.26430628559697,-0.0134353541183567,0.00118100889393982,3612.30908056274,0.0645083879783863,3.07935098272282e-18,0.623946272273027,0.243929088963823,-3.85671929133123,0.680831490467959,0.227661277063114,5.40066995358514,TRUE,-0.0134407421890622,0.00110913407354179,0.216477368858519,2026-06-09 17:47:50,2026-06-09 17:49:09,"Time changed"
"45","2026-06-09 18:47:10","Collar_45_2026-06-09 18:47:10",2026-06-09 18:48:29.5,28.7089666250566,-0.0237244007190264,2.5997070664817e-21,0.685985609698004,0.282423210155089,39.2038800253884,-0.0172670771278149,0.00146008025577098,3615.23693096816,0.0797516632619497,4.47473071602335e-19,0.641966974784998,0.301569317921183,27.9665777298697,0.704059342544476,0.277759186806277,40.5219837980964,TRUE,-0.0186134582321929,0.00145485218691461,0.265599696621043,2026-06-09 18:47:50,2026-06-09 18:49:09,"Time changed"
"45","2026-06-09 19:47:09","Collar_45_2026-06-09 19:47:09",2026-06-09 19:48:28.5,NA,NA,NA,NA,NA,1.70332204559161,-0.0286591910215719,0.00115501452140747,3619.73115740346,0.0630885383251149,9.25276732183896e-39,0.887555743785223,0.238560133960574,-4.9996552384621,0.901636442733306,0.226040807635403,1.78098606319648,TRUE,-0.0285210083527503,0.00125974832525073,0.235899201785914,2026-06-09 19:47:49,2026-06-09 19:49:08,"Time changed"
"45","2026-06-09 20:47:10","Collar_45_2026-06-09 20:47:10",2026-06-09 20:48:29.5,71.4409517145167,-0.0510449330311524,5.53438428955904e-30,0.811418727710691,0.368883766316079,68.965691943239,-0.0328346062273557,0.00175857307681285,3605.53146619217,0.096055766310909,1.65015644188904e-30,0.817164229754745,0.363220912818228,66.7923787329936,0.830742384825137,0.354042074309362,70.7214014056591,TRUE,-0.034651206124506,0.00154399147755379,0.320897079752029,2026-06-09 20:47:50,2026-06-09 20:49:09,"Time changed"
"45","2026-06-09 21:47:12","Collar_45_2026-06-09 21:47:12",2026-06-09 21:48:31.5,33.9808137648752,-0.0569763828251443,5.94926907901226e-33,0.841664554456899,0.291883787722925,44.8981174944543,-0.0283772728425849,0.00151297874747864,3597.01538696184,0.082641054225946,1.23519597905889e-30,0.8185133400384,0.312495129704668,32.4241312584149,0.852289049901632,0.285606278376938,45.0346194744331,TRUE,-0.0287341918139843,0.00171069382677528,0.311863172776685,2026-06-09 21:47:52,2026-06-09 21:49:11,"Time changed"
"45","2026-06-09 22:47:10","Collar_45_2026-06-09 22:47:10",2026-06-09 22:48:29.5,51.1371487906231,-0.0521028283400954,4.40190641618813e-38,0.88297525206632,0.324921244942544,26.6572658556408,-0.0388246461130561,0.00134996013900937,3627.67315856774,0.0737367456328493,2.84147780355922e-43,0.913824415374669,0.278824781537007,24.857064764898,0.919851242006481,0.272413204495028,26.7866416387721,TRUE,-0.038838516905935,0.00142954213957135,0.296177821568881,2026-06-09 22:47:50,2026-06-09 22:49:09,"Time changed"
"49","2026-06-09 01:09:27","Collar_49_2026-06-09 01:09:27",2026-06-09 01:10:46.5,407.371719647816,-0.395160364114939,1.62961316640713e-125,0.972741833148091,0.853540301980353,499.651782916788,-0.217008752131633,0.00389886650911376,3567.29295823688,0.212961642148873,1.01089075226926e-105,0.951473813861204,1.13884282320628,311.863454540019,0.985364844866308,0.62942011630854,502.705844033663,TRUE,-0.220929994569711,0.00330027368616865,0.91789992866051,2026-06-09 01:10:07,2026-06-09 01:11:26,"Time changed"
"49","2026-06-09 02:09:27","Collar_49_2026-06-09 02:09:27",2026-06-09 02:10:46.5,322.076090375651,-0.347094141736096,4.23146088114464e-124,0.971594835075203,0.653827738062995,453.831304429694,-0.161450377972869,0.0033787197884423,3546.4414873219,0.184550487385402,7.71446940723103e-96,0.935281889325993,0.98691011187433,328.45327420398,0.971169657513194,0.662911920646571,459.840321999507,TRUE,-0.154021061308286,0.00280247599354528,0.799725243140579,2026-06-09 02:10:07,2026-06-09 02:11:26,"Time changed"
"49","2026-06-09 03:09:27","Collar_49_2026-06-09 03:09:27",2026-06-09 03:10:46.5,413.10175649452,-0.313619274483527,1.05395324338602e-118,0.966757646719035,0.868961765415457,385.296855568539,-0.202210889108052,0.00272733986094303,3549.78928965381,0.148971187940602,1.14647152065888e-124,0.972060425256845,0.796644722208093,196.994478547849,0.991600650377372,0.439586008942524,385.341987357951,TRUE,-0.201679948726364,0.00295687387006163,0.871350867697438,2026-06-09 03:10:07,2026-06-09 03:11:26,"Time changed"
"49","2026-06-09 04:09:29","Collar_49_2026-06-09 04:09:29",2026-06-09 04:10:48.5,358.87610517039,-0.404347779530536,2.13821802356497e-125,0.972647965048541,0.733512005993488,469.086221066708,-0.185589651579577,0.00354368976713724,3568.39621582555,0.193561382599695,9.30650214408556e-102,0.945532502123739,1.03509716209574,356.426620722018,0.97372858010292,0.723469825943473,477.959067580949,TRUE,-0.177517410587213,0.0026820227806863,0.661494564170663,2026-06-09 04:10:09,2026-06-09 04:11:28,"Time changed"
"49","2026-06-09 05:09:26","Collar_49_2026-06-09 05:09:26",2026-06-09 05:10:45.5,583.23996614293,-0.288917231805905,8.76226598825206e-99,0.940602705488562,1.47879231619745,296.969779912939,-0.25981308146926,0.00206949499307749,3589.06968038802,0.113038764244542,3.51465899641733e-160,0.990074968360289,0.604490950130874,279.096099846067,0.991343162128537,0.56815880265735,297.218680025315,TRUE,-0.2607474454213,0.00208279251194344,0.574578867534189,2026-06-09 05:10:06,2026-06-09 05:11:25,"Time changed"
"49","2026-06-09 06:09:28","Collar_49_2026-06-09 06:09:28",2026-06-09 06:10:47.5,295.508879534164,-0.455599398081326,5.32766786318506e-121,0.968909271100951,0.601737549176331,528.625787983395,-0.136705543915199,0.0042683598271867,3562.46770169253,0.233143893476512,5.47510085255405e-71,0.866528183070607,1.246770297134,250.740561227781,0.977077758604548,0.519979768249685,545.071439824085,TRUE,-0.121515499142951,0.0030984367087085,0.881479123622808,2026-06-09 06:10:08,2026-06-09 06:11:27,"Time changed"
"49","2026-06-09 07:09:29","Collar_49_2026-06-09 07:09:29",2026-06-09 07:10:48.5,206.358596467121,-0.420735730778839,2.11372503842137e-65,0.976646749559424,0.857239101289461,247.368215466343,-0.235141173869774,0.00536297308006429,3564.13551209119,0.292933228480884,1.0255596926745e-56,0.961008003111637,1.10768440802636,156.51531668554,0.988086226326745,0.620288146351956,249.813317125796,TRUE,-0.227436207889397,0.00457750887993,0.806477675572077,2026-06-09 07:10:09,2026-06-09 07:11:28,"Time changed"
"49","2026-06-09 08:09:27","Collar_49_2026-06-09 08:09:27",2026-06-09 08:10:46.5,167.397774762509,-0.273474933440073,1.94919572457708e-59,0.966792506942696,0.671968686545746,248.915122793033,-0.15024907481117,0.00541507467748273,3556.6399983577,0.295779091943733,3.64629346260768e-42,0.908004248619503,1.1184456268936,149.950258372908,0.974601716574072,0.595351809810031,249.031068302386,TRUE,-0.148535407811966,0.00552977597082169,1.23936407678232,2026-06-09 08:10:07,2026-06-09 08:11:26,"Time changed"
"49","2026-06-09 09:09:27","Collar_49_2026-06-09 09:09:27",2026-06-09 09:10:46.5,210.648175938978,-0.34387902989138,4.41916126329882e-56,0.959520680491224,0.880532421885356,169.924842419996,-0.184848907598624,0.00330520143127428,3556.36459503092,0.180534809999682,1.04694454917436e-64,0.97566904165889,0.682666132414193,134.874846892411,0.985066237320456,0.54181856043424,170.693252543538,TRUE,-0.182233180911596,0.00316857867158406,0.668267539474121,2026-06-09 09:10:07,2026-06-09 09:11:26,"Time changed"
"49","2026-06-09 10:09:27","Collar_49_2026-06-09 10:09:27",2026-06-09 10:10:46.5,165.104135666886,-0.23743377793377,3.50831074258329e-66,0.977697454120664,0.662404567009779,197.450828294148,-0.186467340446346,0.00392566133720116,3580.44682892528,0.214425213824705,2.48835273426005e-59,0.96658401110787,0.810817766468725,102.287807683917,0.990325469243154,0.441978921044408,197.534747012102,TRUE,-0.18548497384621,0.00422729370419004,0.978634704069132,2026-06-09 10:10:07,2026-06-09 10:11:26,"Time changed"
"49","2026-06-09 11:09:29","Collar_49_2026-06-09 11:09:29",2026-06-09 11:10:48.5,197.45700313359,-0.140755352235131,5.22859185392666e-50,0.942076762731071,0.810849058757081,120.308302363075,-0.142462878113811,0.00242393934093245,3564.76360557739,0.132399019383603,2.38054002201574e-66,0.97791806443648,0.500647639633571,98.0300664559672,0.98410059113681,0.430372584166588,120.545187233831,TRUE,-0.141570474097794,0.00232419881389361,0.487600468502536,2026-06-09 11:10:09,2026-06-09 11:11:28,"Time changed"
"49","2026-06-09 12:09:30","Collar_49_2026-06-09 12:09:30",2026-06-09 12:10:49.5,NA,NA,NA,NA,NA,170.859446669757,-0.138520978607822,0.00332456452445884,3572.33360482207,0.181592449729595,4.6579415091812e-55,0.957002225192105,0.686665443261274,149.559371363873,0.968659931445255,0.5938991144801,171.014627426615,TRUE,-0.138098097025874,0.00341674446153225,0.645413725742261,2026-06-09 12:10:10,2026-06-09 12:11:29,"Time changed"
"49","2026-06-09 13:09:25","Collar_49_2026-06-09 13:09:25",2026-06-09 13:10:44.5,187.221279425453,-0.197999098494517,2.32812943505268e-55,0.957759647882027,0.760600799151075,204.289808272353,-0.154052407296483,0.00409709610402354,3563.48625870586,0.223789224974756,9.61526446394938e-52,0.947713794135821,0.846226413010078,125.487820056764,0.981427021912864,0.51094516146324,204.499946075033,TRUE,-0.155833913508171,0.00416972065365921,0.767609956670813,2026-06-09 13:10:05,2026-06-09 13:11:24,"Time changed"
"49","2026-06-09 14:12:16","Collar_49_2026-06-09 14:12:16",2026-06-09 14:13:35.5,210.822237640973,-0.230376676806867,1.16379939885e-54,0.955981299137634,0.881490861702383,126.650534808129,-0.178267609049157,0.00252195147407223,3563.43985295025,0.137752581701053,1.73348332886503e-72,0.984629220409814,0.520891357074538,51.9200160256695,0.994254960464324,0.322616236040882,126.682153187573,TRUE,-0.177989136698493,0.00267502398746739,0.610998202813046,2026-06-09 14:12:56,2026-06-09 14:14:15,"Time changed"
"49","2026-06-09 15:09:26","Collar_49_2026-06-09 15:09:26",2026-06-09 15:10:45.5,169.75558414635,-0.3040709192198,8.04185070764241e-69,0.98091524555847,0.681944346188357,178.490977808799,-0.208819122690043,0.0034869790688865,3553.36501033518,0.19046376348433,5.6921525860822e-67,0.978713304772835,0.720211026245454,11.3320052847082,0.9974942324776,0.250332097416846,180.202636669199,TRUE,-0.205660528174663,0.00335656072244577,0.672884538225473,2026-06-09 15:10:06,2026-06-09 15:11:25,"Time changed"
"49","2026-06-09 16:09:28","Collar_49_2026-06-09 16:09:28",2026-06-09 16:10:47.5,217.752042519437,-0.299342371106719,2.37700539832934e-61,0.970339155613317,0.920508206149521,179.203167108798,-0.226442459867885,0.0035025348463984,3562.20156556313,0.191313442209183,1.62951745489836e-69,0.981680485413194,0.723423962791548,-9.95625633747707,0.998362003138352,0.219145696812233,180.153258623744,TRUE,-0.229135840023986,0.00348318499976027,0.715064012295926,2026-06-09 16:10:08,2026-06-09 16:11:27,"Time changed"
"49","2026-06-09 17:09:28","Collar_49_2026-06-09 17:09:28",2026-06-09 17:10:47.5,227.764767673803,-0.187106840797638,1.41920667828556e-54,0.955756918103809,0.979953819633041,100.015821551203,-0.198319427660075,0.00213521221197776,3558.95575628096,0.116628332346385,1.2518516982755e-81,0.991039399979038,0.441013079820808,48.3189699608929,0.995533404226801,0.315436361627969,102.303637175559,TRUE,-0.19565289675281,0.00194305698080214,0.43010909787322,2026-06-09 17:10:08,2026-06-09 17:11:27,"Time changed"
"49","2026-06-09 18:09:26","Collar_49_2026-06-09 18:09:26",2026-06-09 18:10:45.5,126.250107255126,-0.28509796192882,1.08568165963738e-71,0.983889013155957,0.519589366659881,190.891999738007,-0.171847026305814,0.00376799169309658,3560.44790248523,0.205813073284101,5.32039023061282e-58,0.963855488622517,0.778252209307358,37.3197242462943,0.99495765291921,0.294480170927966,191.061774556725,TRUE,-0.170519139431607,0.00382491905124266,0.941269245897579,2026-06-09 18:10:06,2026-06-09 18:11:25,"Time changed"
"49","2026-06-09 19:09:31","Collar_49_2026-06-09 19:09:31",2026-06-09 19:10:50.5,204.802707229973,-0.464287809934353,3.03363733590765e-71,0.983458977038506,0.848943444598886,240.008903107712,-0.278601896175677,0.00512188634614413,3576.77716980249,0.279764727677913,8.66454022191451e-64,0.974314645031669,1.05788963707402,67.1098879524119,0.99718578518299,0.354745344516339,242.845632238502,TRUE,-0.274896305884955,0.00433551588968259,0.742913344817278,2026-06-09 19:10:11,2026-06-09 19:11:30,"Time changed"
"49","2026-06-09 20:09:27","Collar_49_2026-06-09 20:09:27",2026-06-09 20:10:46.5,208.067300474035,-0.350329062024531,5.12224564863702e-67,0.978770792192013,0.866442958949247,194.397750790939,-0.251993286119045,0.00385146307734635,3564.23343313736,0.210372399185801,6.52594374583709e-70,0.982105228248939,0.795492637232225,29.325613700553,0.9978378418301,0.280128514604367,200.260827140929,TRUE,-0.244131382913446,0.00314345977757198,0.66899951860323,2026-06-09 20:10:07,2026-06-09 20:11:26,"Time changed"
"49","2026-06-09 21:09:28","Collar_49_2026-06-09 21:09:28",2026-06-09 21:10:47.5,147.873512887507,-0.561995927619419,4.67315001761029e-78,0.988935882967558,0.594776143484956,293.719514656694,-0.233358856884921,0.00716504341344789,3541.03313256167,0.391364876901792,3.63554409721218e-47,0.931503531157779,1.4798893735661,54.946025237461,0.996705963947977,0.328775797108504,293.922694056966,TRUE,-0.234463664791534,0.00715964573418831,1.6706573319617,2026-06-09 21:10:08,2026-06-09 21:11:27,"Time changed"
"49","2026-06-09 22:09:28","Collar_49_2026-06-09 22:09:28",2026-06-09 22:10:47.5,87.7977649723368,-0.482271410987871,1.92613823008147e-88,0.994006721465661,0.408589784499762,281.556283275766,-0.217925889039996,0.00664054424163068,3521.34223081245,0.362715985057248,2.09160812903071e-47,0.932466749553318,1.37155775489653,51.8795103211951,0.996361176504544,0.322534572641325,283.362454965086,TRUE,-0.210343436348895,0.00652347049281208,1.34957141385529,2026-06-09 22:10:08,2026-06-09 22:11:27,"Time changed"
"49","2026-06-09 23:09:30","Collar_49_2026-06-09 23:09:30",2026-06-09 23:10:49.5,218.435153702159,-0.383219235403824,5.64741302994911e-66,0.977423623343584,0.92444666674599,202.259826819189,-0.260644920240695,0.00404544303616505,3571.18557176763,0.220967860835343,2.12001903009856e-69,0.981556491000038,0.835557834771962,50.3158958374235,0.997374127148598,0.319397925878782,203.260651330861,TRUE,-0.258504656548418,0.00399784844022402,0.812856975419182,2026-06-09 23:10:10,2026-06-09 23:11:29,"Time changed"
"50","2026-06-09 00:21:51","Collar_50_2026-06-09 00:21:51",2026-06-09 00:22:40.5,-11.0910303995943,0.00863263110812639,5.53392092808713e-09,0.354993010337781,0.22022653250184,-4.44629447300386,0.00641291293536665,0.00111146371998562,3649.02735680581,0.060709731519081,1.52924258400177e-07,0.299131449379717,0.229565021926287,-10.1250002323174,0.378996616422557,0.21891469678055,-4.43056252537532,TRUE,0.0063950611965296,0.00117510876188831,0.262414952966378,2026-06-09 00:22:01,2026-06-09 00:23:20,NA
"50","2026-06-09 00:42:50","Collar_50_2026-06-09 00:42:50",2026-06-09 00:43:39.5,NA,NA,NA,NA,NA,-43.3600477014576,0.00429826291700177,0.00087150546401265,3646.94809071045,0.0476028697889523,4.49745990737433e-06,0.237719969267848,0.180003330164957,-42.593396505564,0.267914637554622,0.178708263751922,-43.3536796512879,TRUE,0.0043553873712353,0.000875768253467912,0.187018677733355,2026-06-09 00:43:00,2026-06-09 00:44:19,NA
"50","2026-06-09 01:42:48","Collar_50_2026-06-09 01:42:48",2026-06-09 01:43:37.5,NA,NA,NA,NA,NA,-109.888672396959,-0.00120055065771518,0.000580347596494309,3649.16621345875,0.0316994123491221,0.0402058300765315,0.0263706698211012,0.1695171388114,-117.839256681428,0.0964427118553621,0.164346659214247,-109.824908310603,TRUE,-0.00117849424057077,0.000598153983658697,0.213277559451888,2026-06-09 01:42:58,2026-06-09 01:44:17,NA
"50","2026-06-09 02:42:47","Collar_50_2026-06-09 02:42:47",2026-06-09 02:43:36.5,NA,NA,NA,NA,NA,-66.6450760033378,-2.65363543985637e-05,0.000664319671801117,3631.63164502282,0.0362860867095253,0.968187278456257,1.0098731331695e-05,0.194045035596108,-64.3409006675535,0.0105529259441675,0.194252786718008,-66.3773442966387,TRUE,-0.000359209505864354,0.000624974263330383,0.14089352774098,2026-06-09 02:42:57,2026-06-09 02:44:16,NA
"50","2026-06-09 03:42:46","Collar_50_2026-06-09 03:42:46",2026-06-09 03:43:35.5,NA,NA,NA,NA,NA,-49.0618362927275,0.00477627800481129,0.000701843953711314,3633.54304212554,0.0383357164358504,1.97705068484595e-10,0.226674760792023,0.205005723542079,-83.500766987796,0.391828817470106,0.182963330491118,-48.6191279638213,TRUE,0.00481391388122441,0.000643036455130926,0.156916748651947,2026-06-09 03:42:56,2026-06-09 03:44:15,NA
"50","2026-06-09 04:42:46","Collar_50_2026-06-09 04:42:46",2026-06-09 04:43:35.5,-94.4868298418879,0.0219478597093618,1.99203233108058e-23,0.468176905771903,0.177875664758356,-87.7553779150782,0.00700445847861333,0.000621908996144544,3649.49528691245,0.0339695551967498,5.66657290949254e-22,0.445324932163492,0.1816570521948,-89.0509900969938,0.463382847409226,0.1798172946572,-87.5673264228524,TRUE,0.00724562834900658,0.000635491671419277,0.173861551474161,2026-06-09 04:42:56,2026-06-09 04:44:15,NA
"50","2026-06-09 05:42:47","Collar_50_2026-06-09 05:42:47",2026-06-09 05:43:36.5,263.27762391218,0.0292669537656681,5.71277375691074e-24,0.476462577137537,0.544081314900985,251.045432129695,0.0232217506766573,0.00179282219946366,3646.96608987033,0.097926502173454,1.31035392878173e-26,0.5149959143108,0.523675968482488,227.309155941279,0.592188283458064,0.483265775469358,253.433203206442,TRUE,0.0221373364222089,0.00114491442173302,0.322994288233121,2026-06-09 05:42:57,2026-06-09 05:44:16,NA
"50","2026-06-09 06:42:53","Collar_50_2026-06-09 06:42:53",2026-06-09 06:43:42.5,-77.8368059093211,0.0176785159794819,1.05837485470596e-13,0.509675400063808,0.14511051330335,-81.2936349510283,0.00645357388663475,0.000687551828972198,3665.84480791447,0.0375550602253533,1.92530656168513e-14,0.530411275384638,0.142008999354026,-77.491580747585,0.531571753021526,0.143687530285798,-81.1757478749581,TRUE,0.00623569148577053,0.00072890797644483,0.135160901438196,2026-06-09 06:43:03,2026-06-09 06:44:22,NA
"50","2026-06-09 07:42:49","Collar_50_2026-06-09 07:42:49",2026-06-09 07:43:38.5,NA,NA,NA,NA,NA,-12.5553139105433,-0.0038018580090186,0.00105653685531632,3655.63018893396,0.0577095479347697,0.00056010153062195,0.142372631543548,0.218220263959456,-14.6401588971852,0.20518519302231,0.212823333181071,-12.5467370311559,TRUE,-0.00388543572048365,0.00113014939146151,0.232383624487628,2026-06-09 07:42:59,2026-06-09 07:44:18,NA
"50","2026-06-09 08:42:49","Collar_50_2026-06-09 08:42:49",2026-06-09 08:43:38.5,NA,NA,NA,NA,NA,0.305343637166725,0.00284642690530951,0.00114496669756738,3649.10144726494,0.062539711875169,0.015055462954399,0.0734181673940738,0.236484826545057,-0.133640321772983,0.123431312638748,0.233020898100043,0.321447284407096,TRUE,0.00298399845477518,0.00120514511420311,0.25027288890334,2026-06-09 08:42:59,2026-06-09 08:44:18,NA
"50","2026-06-09 09:42:50","Collar_50_2026-06-09 09:42:50",2026-06-09 09:43:39.5,NA,NA,NA,NA,NA,-30.9269126124361,0.00377424163768921,0.000941928367707255,3645.77779415882,0.0514494690968891,0.00013957215901854,0.170702344099044,0.194548686113214,-28.3832036985807,0.185662005664296,0.195306158291316,-30.8681707722452,TRUE,0.00386009917967039,0.000837659240818559,0.161119982411067,2026-06-09 09:43:00,2026-06-09 09:44:19,NA
"50","2026-06-09 10:42:47","Collar_50_2026-06-09 10:42:47",2026-06-09 10:43:36.5,NA,NA,NA,NA,NA,-6.41862634447914,0.00313404681448847,0.00109784672552534,3648.63410351891,0.0599659518860482,0.00551565541193992,0.0945965069526598,0.226752527397106,-20.6435617846191,0.279050567203554,0.204985886785021,-6.40131113985273,TRUE,0.00325908474502472,0.00110096436478143,0.236073284301447,2026-06-09 10:42:57,2026-06-09 10:44:16,NA
"50","2026-06-09 11:42:48","Collar_50_2026-06-09 11:42:48",2026-06-09 11:43:37.5,-32.9448947989496,-0.0208670959977985,7.00682315780047e-23,0.713634438856123,0.192110371279027,-36.069366611877,-0.0130670451290503,0.000912135808133303,3641.79406849192,0.0498221570573884,1.51639658876895e-23,0.724603112967075,0.188395242263582,-38.1752796754658,0.744840364847102,0.183711739315494,-35.8806065086039,TRUE,-0.0127076748508795,0.000936740149512647,0.160299352225454,2026-06-09 11:42:58,2026-06-09 11:44:17,NA
"50","2026-06-09 12:42:48","Collar_50_2026-06-09 12:42:48",2026-06-09 12:43:37.5,NA,NA,NA,NA,NA,75.3468950979208,-0.009393388509089,0.00183012678910808,3638.39596657198,0.0999641319952994,2.04180465019162e-06,0.252472806212721,0.377999829337584,34.0446524679804,0.575677978611014,0.288513670881382,75.3685396032361,TRUE,-0.00931378922060233,0.00194921811194399,0.473702141916849,2026-06-09 12:42:58,2026-06-09 12:44:17,NA
"50","2026-06-09 13:42:48","Collar_50_2026-06-09 13:42:48",2026-06-09 13:43:37.5,NA,NA,NA,NA,NA,68.0346611852425,-0.00750995071686998,0.00174836975671406,3641.52092479689,0.0954984464338295,4.97638197332118e-05,0.191294825422469,0.361113488743037,0.681608726832685,0.668535318328692,0.234211241015008,68.3034825800057,TRUE,-0.00710767888095954,0.00182160334190636,0.386655425606002,2026-06-09 13:42:58,2026-06-09 13:44:17,NA
"50","2026-06-09 14:42:48","Collar_50_2026-06-09 14:42:48",2026-06-09 14:43:37.5,NA,NA,NA,NA,NA,-5.60699747896418,0.00317285148661437,0.00110342989996008,3636.30487843582,0.0602709128261691,0.00519905267787013,0.0958427684886564,0.227905692847747,-49.4005009679082,0.502505510418165,0.171264691273621,-5.46708239350033,TRUE,0.00351237218580559,0.0010277239945983,0.209691685177015,2026-06-09 14:42:58,2026-06-09 14:44:17,NA
"50","2026-06-09 15:42:51","Collar_50_2026-06-09 15:42:51",2026-06-09 15:43:40.5,NA,NA,NA,NA,NA,-18.3542551733133,-0.00578131816914366,0.00101893000187642,3638.31215073936,0.0556554080338803,2.27529189631776e-07,0.292152754678351,0.2104528326171,-25.6206993935155,0.385138055286074,0.198707525349434,-18.2951997383843,TRUE,-0.00589021873623551,0.0010312948176856,0.182982209419686,2026-06-09 15:43:01,2026-06-09 15:44:20,NA
"50","2026-06-09 16:42:48","Collar_50_2026-06-09 16:42:48",2026-06-09 16:43:37.5,NA,NA,NA,NA,NA,-56.7077460074463,0.00117498463108047,0.000801751749115159,3630.39110599649,0.0437928225262851,0.146798250924299,0.0267974323551437,0.165596190460847,-52.9047610210896,0.0291911775863823,0.167554494154416,-56.6901910079617,TRUE,0.00127365628037546,0.000854279664690046,0.174554078574862,2026-06-09 16:42:58,2026-06-09 16:44:17,NA
"50","2026-06-09 17:42:48","Collar_50_2026-06-09 17:42:48",2026-06-09 17:43:37.5,NA,NA,NA,NA,NA,-6.92736880025929,-0.00169199212833821,0.00109436151158002,3628.12106337526,0.0597755845361272,0.12612835689907,0.0297351910068555,0.226032680944731,-12.7183143688522,0.141503834690784,0.215395081061923,-6.85015394999556,TRUE,-0.00174877325043992,0.00107195733920538,0.18096943337353,2026-06-09 17:42:58,2026-06-09 17:44:17,NA
"50","2026-06-09 18:42:48","Collar_50_2026-06-09 18:42:48",2026-06-09 18:43:37.5,NA,NA,NA,NA,NA,21.598107547183,-0.0043753406904031,0.00130794254460444,3621.8776733815,0.0714416847779309,0.00126631834925548,0.125466621778866,0.27014634263935,8.43699137806556,0.294309673698583,0.245843360966005,21.9655125373342,TRUE,-0.00493174139640979,0.00134714412610011,0.244311690744737,2026-06-09 18:42:58,2026-06-09 18:44:17,NA
"50","2026-06-09 19:42:48","Collar_50_2026-06-09 19:42:48",2026-06-09 19:43:37.5,NA,NA,NA,NA,NA,-49.7606778905091,3.90303787971197e-05,0.000837329948004369,3618.81398693652,0.0457361544260652,0.962940887846326,2.7855155246242e-05,0.17294461745962,-50.1023044046412,0.0528503632905894,0.170515122949677,-49.7557001663355,TRUE,9.73625296883049e-05,0.000856008051012082,0.16610399863692,2026-06-09 19:42:58,2026-06-09 19:44:17,NA
"50","2026-06-09 20:42:50","Collar_50_2026-06-09 20:42:50",2026-06-09 20:43:39.5,NA,NA,NA,NA,NA,8.25474024394316,0.000402181865217498,0.00120328976936982,3610.71013450336,0.0657254011305414,0.739099059752893,0.00143017227995739,0.248531047232593,-33.936762560846,0.439443355554277,0.188643431426178,8.26984326305137,TRUE,0.000295776678903958,0.00123229192844273,0.296994313327761,2026-06-09 20:43:00,2026-06-09 20:44:19,NA
"50","2026-06-09 21:42:48","Collar_50_2026-06-09 21:42:48",2026-06-09 21:43:37.5,NA,NA,NA,NA,NA,-17.3812792461496,-0.00622330034713097,0.00102514509479363,3609.30564588917,0.0559948852615982,4.33180713668541e-08,0.320870022637516,0.211736516390269,-14.3841808334776,0.329330636219709,0.213164093848184,-17.2252533334568,TRUE,-0.00613574439112427,0.000996336754556652,0.18415883366362,2026-06-09 21:42:58,2026-06-09 21:44:17,NA
"50","2026-06-09 22:42:48","Collar_50_2026-06-09 22:42:48",2026-06-09 22:43:37.5,55.6602748351655,-0.0241216417833629,2.88174431731138e-15,0.552508215496139,0.33423768361825,59.2334819112114,-0.0155841554544789,0.00165479381121991,3618.37313305564,0.090387195004347,1.67492792248099e-14,0.53206786844964,0.34178603469045,53.5056068544878,0.585644281167212,0.32582923848787,59.3860166973568,TRUE,-0.0156002481770723,0.00155084667041613,0.306290902058061,2026-06-09 22:42:58,2026-06-09 22:44:17,NA
"50","2026-06-09 23:42:50","Collar_50_2026-06-09 23:42:50",2026-06-09 23:43:39.5,NA,NA,NA,NA,NA,-40.0952934625509,0.0131126062354595,0.000889470950731705,3630.12378374268,0.0485841702630133,2.94449572152025e-24,0.735886349424312,0.183713975216538,-36.8691393462671,0.738428823596538,0.185217585546152,-40.0606466983253,TRUE,0.0129515904931613,0.000915373996677385,0.210376116870648,2026-06-09 23:43:00,2026-06-09 23:44:19,NA
"51","2026-06-09 00:24:50","Collar_51_2026-06-09 00:24:50",2026-06-09 00:25:39.5,NA,NA,NA,NA,NA,-44.5356390142534,0.00283591361514529,0.000865125591519009,3649.45032220746,0.0472543920660628,0.00156253468344448,0.121082452627114,0.178685612328059,-42.0660904514726,0.137736897371986,0.179298197513054,-44.432894092359,TRUE,0.00273104805705689,0.0007819578911936,0.160278126051239,2026-06-09 00:25:00,2026-06-09 00:26:19,NA
"51","2026-06-09 00:45:50","Collar_51_2026-06-09 00:45:50",2026-06-09 00:46:39.5,NA,NA,NA,NA,NA,-44.707288463836,-0.000709113405903783,0.000864197974613361,3647.37104422769,0.0472037243094084,0.414406088504412,0.00855810415936655,0.178494019573879,-46.9789366341465,0.0833142299444576,0.173876458602496,-44.3473595069824,TRUE,-0.00071864636219141,0.000887484957517663,0.166156164447228,2026-06-09 00:46:00,2026-06-09 00:47:19,NA
"51","2026-06-09 01:45:46","Collar_51_2026-06-09 01:45:46",2026-06-09 01:46:35.5,-33.8545627810945,-0.0048195558421634,4.46855334735899e-13,0.283108051910742,0.214983359657386,-29.8772661091115,-0.00562544134531081,0.000745207626603603,3647.9114169618,0.0407043020150595,3.28644159825953e-12,0.265064137553469,0.217672073504513,-29.3177722166593,0.280698882651021,0.216720306402357,-29.8643708472971,TRUE,-0.005581362460717,0.000784763266348082,0.255470675906067,2026-06-09 01:45:56,2026-06-09 01:47:15,NA
"51","2026-06-09 02:45:47","Collar_51_2026-06-09 02:45:47",2026-06-09 02:46:36.5,NA,NA,NA,NA,NA,-56.2508863756937,-0.000175572367649624,0.000686252276173287,3631.69609903267,0.0374840768004353,0.798405379361907,0.000414102420513599,0.200451458854017,-57.5935598669356,0.0332408632125656,0.198392179292543,-56.0013714072167,TRUE,0.000118907724483795,0.000754197318121187,0.205276921861878,2026-06-09 02:45:57,2026-06-09 02:47:16,NA
"51","2026-06-09 03:45:46","Collar_51_2026-06-09 03:45:46",2026-06-09 03:46:35.5,-20.0538343356144,0.0200186511918099,1.73930004035398e-24,0.484233120495321,0.224457842275042,-21.6023750923923,0.00940707856791442,0.00076472929419659,3636.17260766095,0.0417706033050291,8.05666360167629e-25,0.489200829741719,0.22337427207513,-29.2182658710698,0.524970369355077,0.216787707649098,-21.526344668558,TRUE,0.00948679174949675,0.000764824789839129,0.191101638018416,2026-06-09 03:45:56,2026-06-09 03:47:15,NA
"51","2026-06-09 04:45:44","Collar_51_2026-06-09 04:45:44",2026-06-09 04:46:33.5,NA,NA,NA,NA,NA,-65.729115199562,-0.00132220022509034,0.00066622392954243,3650.39829477517,0.0363900999797198,0.0489184015216605,0.0243222261876817,0.194601261426656,-62.4310836190029,0.0285934434300153,0.195415588432358,-65.6670835672314,TRUE,-0.00131500207806541,0.000703233032389549,0.225841368864931,2026-06-09 04:45:54,2026-06-09 04:47:13,NA
"51","2026-06-09 05:45:47","Collar_51_2026-06-09 05:45:47",2026-06-09 05:46:36.5,NA,NA,NA,NA,NA,-48.9176057648117,0.00281683823735045,0.000702160360398801,3650.08948597936,0.0383529990198005,9.2810845808903e-05,0.0924418392513703,0.205098144630213,-53.3343711633465,0.138949746358578,0.201050423520488,-48.7458920708531,TRUE,0.00301010290637402,0.000712080014249586,0.197443518824777,2026-06-09 05:45:57,2026-06-09 05:47:16,NA
"51","2026-06-09 06:45:54","Collar_51_2026-06-09 06:45:54",2026-06-09 06:46:43.5,NA,NA,NA,NA,NA,-6.39517755048364,0.0164309562578554,0.00109800763220155,3667.42649024224,0.0599747408378929,1.23820820919855e-24,0.741663157456016,0.226785761540504,-6.85639512872104,0.755675049187146,0.223432850432068,-6.24913910762016,TRUE,0.0163970910327573,0.00109428680614323,0.218415503250484,2026-06-09 06:46:04,2026-06-09 06:47:23,NA
"51","2026-06-09 07:45:47","Collar_51_2026-06-09 07:45:47",2026-06-09 07:46:36.5,-4.35994013398946,-0.0056942133975993,4.64791671399108e-07,0.279447997426372,0.229688954965824,-15.3674875781026,-0.00705762611076569,0.00103812931342703,3654.88741526362,0.0567041017776614,1.90063576654026e-09,0.372073422101761,0.21441831551846,-20.2129475178729,0.437801496720951,0.2055383163851,-15.2837342595802,TRUE,-0.00734667252100526,0.000977087518290318,0.188194596795142,2026-06-09 07:45:57,2026-06-09 07:47:16,NA
"51","2026-06-09 08:45:47","Collar_51_2026-06-09 08:45:47",2026-06-09 08:46:36.5,NA,NA,NA,NA,NA,60.7491635097775,-0.0108317327463146,0.00167054417341236,3648.54009899185,0.0912475022216121,7.42179529693394e-09,0.350225626374508,0.345039161335109,63.7700391196802,0.358129782225524,0.347417121566164,61.9161427353822,TRUE,-0.012349850663755,0.00160672225325076,0.307943274863949,2026-06-09 08:45:57,2026-06-09 08:47:16,NA
"51","2026-06-09 09:45:48","Collar_51_2026-06-09 09:45:48",2026-06-09 09:46:37.5,-43.3340631283895,-0.0063550170160751,0.0012159558318185,0.126311865178609,0.180032565724405,-41.2098004078531,-0.00264064570369156,0.000883296719817577,3645.96361209687,0.0482469249761061,0.00373624883427038,0.102801822936159,0.182438731202997,-41.6207518436988,0.150931490085966,0.179797945241267,-41.1956711695875,TRUE,-0.00260801988869071,0.000975921391490793,0.190854579585469,2026-06-09 09:45:58,2026-06-09 09:47:17,NA
"51","2026-06-09 10:48:37","Collar_51_2026-06-09 10:48:37",2026-06-09 10:49:26.5,4.0560067811658,-0.0110805089906132,3.16526905663902e-13,0.495876091377393,0.242093905985827,13.9357790090152,-0.0095562959902685,0.00124678192608461,3650.05966690497,0.068101004679144,4.18515282672333e-11,0.429610625286819,0.257514046614689,1.76778394392437,0.533984310119007,0.23580661534802,15.0280291268217,TRUE,-0.00989782286171874,0.00105232998446729,0.200904244371953,2026-06-09 10:48:47,2026-06-09 10:50:06,NA
"51","2026-06-09 11:45:47","Collar_51_2026-06-09 11:45:47",2026-06-09 11:46:36.5,-24.7379875295937,0.00147024222866587,5.28259549584055e-09,0.35574488940627,0.202221418385436,-38.6741979208921,0.00729659674004757,0.000897406283788757,3639.95411491026,0.0490176094574247,5.2508294986858e-12,0.458744115001256,0.185352962503733,-42.2532223347749,0.507667477442074,0.179088617538034,-38.6576732366924,TRUE,0.0073659500483993,0.000971831310860509,0.216201840265266,2026-06-09 11:45:57,2026-06-09 11:47:16,NA
"51","2026-06-09 12:45:47","Collar_51_2026-06-09 12:45:47",2026-06-09 12:46:36.5,NA,NA,NA,NA,NA,-14.834574782486,0.0019871468433933,0.00104159278058525,3638.32242222596,0.0568932812870957,0.0600980238733079,0.0445823206225595,0.215133670324758,-17.1282002626719,0.116864814392517,0.209539473930526,-14.7648708846664,TRUE,0.00188300771306356,0.00104251146860591,0.21862373494947,2026-06-09 12:45:57,2026-06-09 12:47:16,NA
"51","2026-06-09 13:45:47","Collar_51_2026-06-09 13:45:47",2026-06-09 13:46:36.5,NA,NA,NA,NA,NA,143.343520823523,-0.0158425284198064,0.00279928536803558,3640.52120914151,0.152900954014882,2.4149102226688e-07,0.291101335121888,0.578172724251706,123.739826937326,0.472226921419303,0.505393488658089,147.316737044618,TRUE,-0.0118074623162637,0.00238952452504573,0.424291598389072,2026-06-09 13:45:57,2026-06-09 13:47:16,NA
"51","2026-06-09 14:45:46","Collar_51_2026-06-09 14:45:46",2026-06-09 14:46:35.5,NA,NA,NA,NA,NA,17.9138446733255,0.00227150771699245,0.00127816912510829,3636.81840329181,0.0698154181967422,0.0794407614689615,0.0389151678768205,0.263996852038305,-23.0590124160871,0.452204541533618,0.201914545410399,18.1180470540602,TRUE,0.00183674096463421,0.00129471451818492,0.252554833064158,2026-06-09 14:45:56,2026-06-09 14:47:15,NA
"51","2026-06-09 15:45:51","Collar_51_2026-06-09 15:45:51",2026-06-09 15:46:40.5,NA,NA,NA,NA,NA,48.880046941902,0.000596139834196657,0.0015511047936746,3636.56901971271,0.0847235531746936,0.701777908838709,0.00189015639894786,0.320369796662806,44.3790351731153,0.10251115898672,0.307763725260124,48.9246345461781,TRUE,0.000272699018596716,0.00159158964963411,0.337604673190094,2026-06-09 15:46:01,2026-06-09 15:47:20,NA
"51","2026-06-09 16:45:46","Collar_51_2026-06-09 16:45:46",2026-06-09 16:46:35.5,NA,NA,NA,NA,NA,-42.0089566240971,0.00406567535676674,0.000878895894024221,3630.78964617317,0.0480065456028771,1.45830866372134e-05,0.215282706459226,0.18152977155674,-38.4087456459794,0.219194441130278,0.183443869548793,-41.7197878266336,TRUE,0.00371755163895357,0.000821564237036411,0.16444531721435,2026-06-09 16:45:56,2026-06-09 16:47:15,NA
"51","2026-06-09 17:45:46","Collar_51_2026-06-09 17:45:46",2026-06-09 17:46:35.5,NA,NA,NA,NA,NA,12.3386367138314,-0.00964216788619348,0.00123439828560669,3627.64854305939,0.0674245925973773,2.18208537399061e-11,0.438910685183821,0.254956292684692,9.16812713813865,0.487013910098973,0.246969337089712,12.3460996102795,TRUE,-0.00973684427615261,0.00133089431657512,0.297872396913087,2026-06-09 17:45:56,2026-06-09 17:47:15,NA
"51","2026-06-09 18:45:48","Collar_51_2026-06-09 18:45:48",2026-06-09 18:46:37.5,4.79812656460706,-0.0220225875032367,0.00867019798841202,0.0850547815115497,0.243219405873988,4.59486016208942,-0.00321391955365844,0.00117607783060063,3620.77444677581,0.0642390462751505,0.00776681176569293,0.0873765509396852,0.242910612478063,-10.5010415116113,0.281170214384051,0.218400794901644,4.76663005233731,TRUE,-0.0028984466205755,0.0012536802522682,0.255503019199138,2026-06-09 18:45:58,2026-06-09 18:47:17,NA
"51","2026-06-09 19:45:48","Collar_51_2026-06-09 19:45:48",2026-06-09 19:46:37.5,NA,NA,NA,NA,NA,-20.5912663524882,-0.00661481071657829,0.00100478314193066,3618.62701364821,0.0548826863933066,4.8337994860051e-09,0.357178840928835,0.207530898094864,-26.1317283046958,0.429444312686803,0.19807387973367,-20.4554615468887,TRUE,-0.00632629972605629,0.00104919789063078,0.233063318988379,2026-06-09 19:45:58,2026-06-09 19:47:17,NA
"51","2026-06-09 20:45:50","Collar_51_2026-06-09 20:45:50",2026-06-09 20:46:39.5,-35.8337077102568,-0.00408399584092278,0.0017439272583664,0.118787599781359,0.188672928059803,-42.6796718396014,0.00375657112569268,0.000875219300187837,3610.5935897775,0.0478057248107108,5.03568745052031e-05,0.191060496277017,0.180770396932551,-56.1996761637016,0.350161363111837,0.164139293337218,-42.6490702085404,TRUE,0.00384150273967624,0.000869315802934212,0.174330271772203,2026-06-09 20:46:00,2026-06-09 20:47:19,NA
"51","2026-06-09 21:45:48","Collar_51_2026-06-09 21:45:48",2026-06-09 21:46:37.5,NA,NA,NA,NA,NA,8.36127113357515,-0.00982862058102864,0.00120409120820654,3607.58440426672,0.0657691768613468,4.55330604917924e-12,0.460690832184648,0.248696578793197,2.77037752475767,0.521621226651629,0.237288868294863,8.50672680110396,TRUE,-0.00949555495143984,0.00121980168831782,0.210758322129054,2026-06-09 21:45:58,2026-06-09 21:47:17,NA
"51","2026-06-09 22:45:47","Collar_51_2026-06-09 22:45:47",2026-06-09 22:46:36.5,NA,NA,NA,NA,NA,22.8270535473672,-0.00886426246203892,0.0013180274177794,3615.45573992083,0.0719925349153189,2.61117545403883e-09,0.367042455740445,0.272229302334664,13.1137853645597,0.466751525317083,0.253135407103791,24.6432435718292,TRUE,-0.00921661422561406,0.00113212785312339,0.193210354071451,2026-06-09 22:45:57,2026-06-09 22:47:16,NA
"51","2026-06-09 23:45:50","Collar_51_2026-06-09 23:45:50",2026-06-09 23:46:39.5,NA,NA,NA,NA,NA,-66.8936245100733,0.0111711301876757,0.000752301579068029,3632.91219362153,0.0410917838030661,1.93722556723556e-24,0.738694216500246,0.155382605287527,-65.2312335403799,0.74621912623497,0.155130730395276,-66.7659379425531,TRUE,0.0113873089121789,0.000757944445347741,0.169984159011604,2026-06-09 23:46:00,2026-06-09 23:47:19,NA
"52","2026-06-09 00:27:51","Collar_52_2026-06-09 00:27:51",2026-06-09 00:28:40.5,-35.8973079329316,0.027564951868748,0.130819240461621,0.0290242981696651,0.1885979452122,-34.5231621736925,0.000904033265000216,0.000920993214924227,3649.89109677038,0.0503059612325163,0.329339157103489,0.0122019578171065,0.190224677401775,-37.7088398390264,0.0970589261657376,0.184248086188216,-34.506087086115,TRUE,0.000787990505811319,0.000877519668057675,0.223512646629388,2026-06-09 00:28:01,2026-06-09 00:29:20,NA
"52","2026-06-09 00:48:51","Collar_52_2026-06-09 00:48:51",2026-06-09 00:49:40.5,NA,NA,NA,NA,NA,-41.3685441802511,-0.00506762101935943,0.00088242079283022,3647.3765281594,0.0481990805964141,1.71019210426495e-07,0.297173614395084,0.182257814638252,-41.8464068361104,0.335432391790228,0.179544547072719,-41.3633184250462,TRUE,-0.00511158325212058,0.000987609210570659,0.180423381504482,2026-06-09 00:49:01,2026-06-09 00:50:20,NA
"52","2026-06-09 01:48:47","Collar_52_2026-06-09 01:48:47",2026-06-09 01:49:36.5,NA,NA,NA,NA,NA,-79.2643276477549,-0.0119181053602727,0.00063863194701343,3647.09319362465,0.0348829865928461,8.50764583085169e-42,0.687912127864201,0.186541757155932,-79.1584231400286,0.695416066516866,0.185463032682468,-78.9458641974425,TRUE,-0.0118771709657106,0.000610033644077806,0.162201854014641,2026-06-09 01:48:57,2026-06-09 01:50:16,NA
"52","2026-06-09 02:48:48","Collar_52_2026-06-09 02:48:48",2026-06-09 02:49:37.5,NA,NA,NA,NA,NA,-49.6857803360756,-0.00351250627576064,0.000700476814004012,3631.91652724508,0.0382610413177274,1.41448267176607e-06,0.137294235074263,0.204606387673477,-48.0653851509264,0.150029911903842,0.204388239743523,-49.5436385846357,TRUE,-0.00329702739353278,0.000806500160757388,0.211571685844628,2026-06-09 02:48:58,2026-06-09 02:50:17,NA
"52","2026-06-09 03:48:47","Collar_52_2026-06-09 03:48:47",2026-06-09 03:49:36.5,-15.0589476908433,0.0163788007668219,3.93583056228429e-38,0.652838966272322,0.227988895847914,-32.2158848125377,0.0138130436456606,0.000739781364770996,3638.21653118615,0.0404079118647683,8.03155619106922e-42,0.68813890216538,0.216087084808322,-29.6491759644262,0.690920099936054,0.216495979077717,-32.2071891462801,TRUE,0.0138815539987516,0.000742401652561105,0.207845066139468,2026-06-09 03:48:57,2026-06-09 03:50:16,NA
"52","2026-06-09 04:48:45","Collar_52_2026-06-09 04:48:45",2026-06-09 04:49:34.5,NA,NA,NA,NA,NA,-86.4969379285454,-0.00214720240477263,0.000624359546373574,3650.38236386256,0.034103407740745,0.000746601148343111,0.0696417361696866,0.182372847807374,-93.2902248358116,0.130331852942562,0.177450854967728,-86.325361327666,TRUE,-0.00207190366468774,0.000662463434207101,0.167871755588643,2026-06-09 04:48:55,2026-06-09 04:50:14,NA
"52","2026-06-09 05:48:48","Collar_52_2026-06-09 05:48:48",2026-06-09 05:49:37.5,NA,NA,NA,NA,NA,302.306612771334,-0.0119970626163265,0.00210429862218105,3648.98799497149,0.114939788039358,5.68971651755079e-08,0.170620535456255,0.614656946615613,125.494905717658,0.732102453294451,0.351565919068972,302.530261613885,TRUE,-0.0111204336106955,0.00214176402216772,0.774139843767219,2026-06-09 05:48:58,2026-06-09 05:50:17,"Flux unusable, remove"
"52","2026-06-09 06:48:53","Collar_52_2026-06-09 06:48:53",2026-06-09 06:49:42.5,NA,NA,NA,NA,NA,-22.893752135399,0.017289753265338,0.00099042731557154,3670.29950472891,0.0540985507095905,1.15068853173278e-28,0.796207388850856,0.204565803028205,-26.0715476768717,0.813695874740579,0.198148395061714,-22.8020249217551,TRUE,0.0170570266345307,0.00096047378841169,0.193846730288687,2026-06-09 06:49:03,2026-06-09 06:50:22,NA
"52","2026-06-09 07:48:46","Collar_52_2026-06-09 07:48:46",2026-06-09 07:49:35.5,NA,NA,NA,NA,NA,16.4166822800782,-0.00630117125799978,0.00126626474104233,3653.64474765675,0.0691651837828343,3.78408505783484e-06,0.240967851870985,0.261538085152817,13.6812558833671,0.302256677418489,0.254034794089742,16.471604304763,TRUE,-0.00647146811381304,0.00132026406370576,0.282056164475945,2026-06-09 07:48:56,2026-06-09 07:50:15,NA
"52","2026-06-09 08:48:47","Collar_52_2026-06-09 08:48:47",2026-06-09 08:49:36.5,NA,NA,NA,NA,NA,-32.6783740521426,0.0028373585597136,0.000931673652322157,3647.49283907002,0.0508893419360656,0.00316818587693006,0.106270408565251,0.192430646702753,-33.1589702641851,0.154949992280945,0.189562697784172,-32.6495461231773,TRUE,0.00299215697357394,0.000984946809446465,0.204589209468232,2026-06-09 08:48:57,2026-06-09 08:50:16,NA
"52","2026-06-09 09:48:47","Collar_52_2026-06-09 09:48:47",2026-06-09 09:49:36.5,NA,NA,NA,NA,NA,-59.2328138500739,0.00355567953213865,0.00078919808384655,3645.62299351282,0.0431071234482733,2.29338219783518e-05,0.206502056919466,0.163003319104974,-57.6372063676674,0.229995744633587,0.162671178449996,-59.1275459828277,TRUE,0.00334093135065946,0.000718805232088179,0.143549253966638,2026-06-09 09:48:57,2026-06-09 09:50:16,NA
"52","2026-06-09 10:51:37","Collar_52_2026-06-09 10:51:37",2026-06-09 10:52:26.5,NA,NA,NA,NA,NA,-12.189942471979,-0.010948627707758,0.00105895228961714,3649.35431365829,0.0578414823967485,2.82492142178115e-16,0.578144109145608,0.218719154942814,-25.7945534942977,0.661472230109206,0.198491729372975,-12.1754148034485,TRUE,-0.0110727660854948,0.00115934689594225,0.224684094481459,2026-06-09 10:51:47,2026-06-09 10:53:06,NA
"52","2026-06-09 11:48:46","Collar_52_2026-06-09 11:48:46",2026-06-09 11:49:35.259259,NA,NA,NA,NA,NA,92.0000711755984,0.0336609184623142,0.00200830497559244,3639.15022059853,0.109222581025179,9.77001188044853e-28,0.780510698500378,0.416623123999626,50.7907603677235,0.874392263132137,0.319236890063267,92.7135246484631,TRUE,0.0322422812464137,0.00199799537778961,0.434763010388442,2026-06-09 11:48:56,2026-06-09 11:50:15,NA
"52","2026-06-09 12:48:46","Collar_52_2026-06-09 12:48:46",2026-06-09 12:49:35.5,NA,NA,NA,NA,NA,-8.8668346099905,-0.00161850878639823,0.0010811761079327,3637.78980638255,0.0590553790080422,0.138431893027113,0.027928077388407,0.223309328465494,-16.2534535880094,0.156890317762422,0.210688198441155,-8.85678564540962,TRUE,-0.00164927697068663,0.0011187338222784,0.198468702136554,2026-06-09 12:48:56,2026-06-09 12:50:15,NA
"52","2026-06-09 13:48:46","Collar_52_2026-06-09 13:48:46",2026-06-09 13:49:35.5,NA,NA,NA,NA,NA,96.6507833576734,0.00697372651144915,0.00209077445452282,3641.2018168538,0.114201078738472,0.00130569609848143,0.124828566617997,0.431834773249875,86.2049310190871,0.269414230167653,0.399711969644687,96.7685639431007,TRUE,0.00707656837044757,0.00230613778439881,0.427115461670058,2026-06-09 13:48:56,2026-06-09 13:50:15,NA
"52","2026-06-09 14:48:46","Collar_52_2026-06-09 14:48:46",2026-06-09 14:49:35.5,NA,NA,NA,NA,NA,-42.378948235839,-0.00234028918818059,0.000876865841446531,3636.85255077679,0.0478956612395415,0.00925362618702178,0.0836806425553204,0.181110478460502,-44.6060934992894,0.152300990110324,0.176474309158048,-42.3512875376649,TRUE,-0.00225584455401711,0.000962426163881197,0.188932712994205,2026-06-09 14:48:56,2026-06-09 14:50:15,NA
"52","2026-06-09 15:48:51","Collar_52_2026-06-09 15:48:51",2026-06-09 15:49:40.5,NA,NA,NA,NA,NA,-52.6447383390302,0.00199701465466262,0.000822371975897465,3636.86016123869,0.0449191286839278,0.0174697819621511,0.070287781350974,0.16985515341959,-56.3900426611472,0.156079081352953,0.163944118079301,-52.5294475347106,TRUE,0.00187027918954317,0.000812032738856358,0.171585006502789,2026-06-09 15:49:01,2026-06-09 15:50:20,NA
"52","2026-06-09 16:48:47","Collar_52_2026-06-09 16:48:47",2026-06-09 16:49:36.5,NA,NA,NA,NA,NA,-44.5541778951053,0.0053740209892019,0.000865025356949466,3631.22941289674,0.0472489171111034,2.37273056876287e-08,0.331022721363193,0.178664909581995,-61.1732287191484,0.483015981996857,0.159115557261499,-44.513677591107,TRUE,0.00534985442179715,0.000931504619923536,0.17749669203435,2026-06-09 16:48:57,2026-06-09 16:50:16,NA
"52","2026-06-09 17:48:47","Collar_52_2026-06-09 17:48:47",2026-06-09 17:49:36.5,NA,NA,NA,NA,NA,6.19419573334508,-0.00915571938464168,0.00118789267635416,3626.84792026094,0.0648843899788979,3.46089420143062e-11,0.432339327074591,0.245350885854238,-33.375344530468,0.670721275154859,0.189306517983905,7.43272473452013,TRUE,-0.00794552495282427,0.00103672089223736,0.182924011608178,2026-06-09 17:48:57,2026-06-09 17:50:16,NA
"52","2026-06-09 18:48:47","Collar_52_2026-06-09 18:48:47",2026-06-09 18:49:36.5,3.91300513761556,-0.0116759190905136,0.75922328950773,0.00121140487889669,0.241877628734922,3.74830339177885,0.000591391556478672,0.00116987165938023,3619.77816168886,0.0639000563632202,0.614620404810311,0.00326556744398683,0.241628771418683,-7.83438746264311,0.179674894131742,0.222071293304704,3.88315469909616,TRUE,0.000980777677344945,0.00125504176222808,0.226439354596735,2026-06-09 18:48:57,2026-06-09 18:50:16,NA
"52","2026-06-09 19:48:49","Collar_52_2026-06-09 19:48:49",2026-06-09 19:49:38.5,NA,NA,NA,NA,NA,-4.12789975968424,-0.00210149574918788,0.00111367769820483,3617.84721276476,0.060830662162934,0.0628826868812296,0.0436573055167639,0.230022303571471,-21.4519021346273,0.26742458870517,0.203952883642158,-4.07253835057014,TRUE,-0.00221672817579477,0.00122521869582324,0.209228901229563,2026-06-09 19:48:59,2026-06-09 19:50:18,NA
"52","2026-06-09 20:48:51","Collar_52_2026-06-09 20:48:51",2026-06-09 20:49:40.5,NA,NA,NA,NA,NA,2.60331937739922,-0.0056328938842507,0.00116152976572069,3611.23007316035,0.0634444102496086,6.19571320864523e-06,0.23166419722401,0.239905811895645,-13.6681689693847,0.403646700133521,0.214120156604728,2.64586734139849,TRUE,-0.00586897013944,0.00121225151362655,0.272418805191889,2026-06-09 20:49:01,2026-06-09 20:50:20,NA
"52","2026-06-09 21:48:49","Collar_52_2026-06-09 21:48:49",2026-06-09 21:49:38.5,NA,NA,NA,NA,NA,-21.8518115276574,0.00193933710791165,0.000996898152409616,3606.41559127238,0.0544519970345399,0.0553335186094914,0.0462736961703106,0.205902308911306,-23.20839564891,0.1080416528134,0.201726116839631,-21.8226320623951,TRUE,0.00178166518174174,0.00102426346733704,0.21733728617802,2026-06-09 21:48:59,2026-06-09 21:50:18,NA
"52","2026-06-09 22:48:47","Collar_52_2026-06-09 22:48:47",2026-06-09 22:49:36.5,NA,NA,NA,NA,NA,-3.74168015001309,-0.00317147193367988,0.00111636922143183,3614.17489821775,0.0609776769953125,0.00573689163950709,0.0937672513835297,0.230578218782656,-15.9141336307558,0.259637077733855,0.211135489510274,-3.70663927638761,TRUE,-0.00300483947202029,0.00130461572686693,0.210101582105204,2026-06-09 22:48:57,2026-06-09 22:50:16,NA
