"label","StartTime","Plot","TIMESTAMP","HM81_AIC","HM81_flux.estimate","HM81_p.value","HM81_r.squared","HM81_RMSE","lin_AIC","lin_flux.estimate","lin_flux.std.error","lin_int.estimate","lin_int.std.error","lin_p.value","lin_r.squared","lin_RMSE","poly_AIC","poly_r.squared","poly_RMSE","rob_AIC","rob_converged","rob_flux.estimate","rob_flux.std.error","rob_RMSE","TIMESTAMP_min","TIMESTAMP_max","flag"
"13","2026-06-10 00:57:31","Collar_13_2026-06-10 00:57:31",2026-06-10 00:58:58,727.469705606223,20.5158998847573,7.02819976301736e-57,0.982259361436344,63.2095062221523,554.691712338065,24.886848299762,0.110624244542035,5561.81447270114,6.63837647721685,3.01636021566923e-93,0.998756742441065,16.7331740334507,476.866041616714,0.999646941486112,9.06205044482398,554.873377662507,TRUE,24.8788197569705,0.115573830382599,13.1179174520891,2026-06-10 00:58:26,2026-06-10 00:59:30,"Time changed"
"13","2026-06-10 01:57:31","Collar_13_2026-06-10 01:57:31",2026-06-10 01:58:58,1453.56090086932,19.0093946715194,1.43605627584823e-110,0.979971600582045,63.8384380676752,1029.80319968618,23.8481137018741,0.058480340632646,6207.04190233304,3.50930774029261,3.55511796431433e-201,0.999230891623163,12.5098730211682,910.669714932004,0.999701714452802,7.85226501208823,1030.09689773839,TRUE,23.8350171812844,0.0611202988933088,10.9872049546513,2026-06-10 01:58:26,2026-06-10 01:59:30,"Time changed"
"13","2026-06-10 02:57:31","Collar_13_2026-06-10 02:57:31",2026-06-10 02:58:58,1440.44105141345,21.9414130176534,3.78888195269216e-117,0.984192287496451,60.697015392019,1158.88174586569,25.5094374941885,0.0960766765800221,6222.22803764872,5.76540117818062,2.37836713472121e-177,0.998187590560355,20.5523259835626,942.1487807716,0.999668221845639,8.86291180599699,1159.25644736985,TRUE,25.4902876611692,0.098035111146522,22.3628410661052,2026-06-10 02:58:26,2026-06-10 02:59:30,"Time changed"
"13","2026-06-10 03:57:31","Collar_13_2026-06-10 03:57:31",2026-06-10 03:58:58,1402.50824795038,19.2752652294284,2.17148599208814e-119,0.985417036943987,52.4572802642037,1157.56577045422,22.9489668167062,0.0955916184551163,6750.50975273892,5.7362936488159,9.20012032719706e-172,0.99778405038979,20.4485643521354,877.848768952,0.999750115743804,6.92105087834238,1157.76337727533,TRUE,22.9831903166393,0.100003913379164,24.6597323017004,2026-06-10 03:58:26,2026-06-10 03:59:30,"Time changed"
"13","2026-06-10 04:57:31","Collar_13_2026-06-10 04:57:31",2026-06-10 04:58:58,1450.58891537706,21.3799445225935,2.44236406058016e-115,0.983129198284195,63.112873934275,1126.80634452775,25.6807863250389,0.0849259464749502,6688.09879382672,5.09626445557751,1.43763707857486e-184,0.998602130546968,18.1670078373496,935.977456623091,0.999687682348369,8.65501995985395,1130.67301746771,TRUE,25.57148044471,0.0715421109195863,15.2039184176221,2026-06-10 04:58:26,2026-06-10 04:59:30,"Time changed"
"13","2026-06-10 05:57:31","Collar_13_2026-06-10 05:57:31",2026-06-10 05:58:58,1409.05462852843,17.4763741674972,1.79813614435709e-114,0.982594721767203,53.7948380717001,1055.26090807497,21.5532789926246,0.0644961094404667,6806.30420385383,3.87030399668772,4.05426146104307e-190,0.99885513886566,13.7967414473163,791.861155526393,0.999853632957722,4.97211861038917,1055.27897131108,TRUE,21.545897996951,0.0678743694697793,18.2216600843852,2026-06-10 05:58:26,2026-06-10 05:59:30,"Time changed"
"13","2026-06-10 06:57:31","Collar_13_2026-06-10 06:57:31",2026-06-10 06:58:58,702.583220658047,17.5686657859592,1.80099108038598e-58,0.984207023713306,52.1967485767939,556.706171701426,21.7765904350725,0.112351810751847,6619.52667340061,6.74204484519107,3.5512938442072e-89,0.998325854290922,16.9944880533816,438.008462360236,0.999746490518947,6.72069086836374,557.231574451927,TRUE,21.7428877752553,0.11040857817633,16.9729779876087,2026-06-10 06:58:26,2026-06-10 06:59:30,"Time changed"
"13","2026-06-10 07:57:31","Collar_13_2026-06-10 07:57:31",2026-06-10 07:58:58,724.653564077316,17.8308718744875,2.20183446775933e-54,0.978709724476609,61.8549468844454,511.187577941736,22.2357991851289,0.0791616596786589,5722.74238524591,4.75035921541207,2.57713979595033e-99,0.99920215558892,11.9741005569214,482.274085476232,0.999519151533355,9.44698601331015,511.297259568224,TRUE,22.2120759119825,0.0816041457057794,14.5544602533674,2026-06-10 07:58:26,2026-06-10 07:59:30,"Time changed"
"13","2026-06-10 08:57:31","Collar_13_2026-06-10 08:57:31",2026-06-10 08:58:58,716.159847713272,17.7860443433151,1.11852404449863e-56,0.981995799361935,57.9427699191399,551.480165054975,22.6435252007192,0.107924840594327,5146.76159541635,6.47638974688343,2.4304375851151e-91,0.998570861921713,16.3248585124673,458.178627567246,0.999680141065634,7.84868556653009,552.207848134541,TRUE,22.7206259148775,0.106665678034374,18.0411422650447,2026-06-10 08:58:26,2026-06-10 08:59:30,"Time changed"
"13","2026-06-10 09:57:31","Collar_13_2026-06-10 09:57:31",2026-06-10 09:58:58,704.978172762183,18.1327266330965,1.42665032698238e-57,0.983134849256308,53.1672663945315,538.742286499865,21.468785365837,0.0978515352199377,4929.49922116462,5.87190748603725,1.4589728168897e-92,0.998692947981905,14.8011566095114,431.737118933697,0.999763071666826,6.40417328579417,540.54999767217,TRUE,21.3837793997321,0.0855475191836285,12.7517105727325,2026-06-10 09:58:26,2026-06-10 09:59:30,"Time changed"
"13","2026-06-10 10:57:31","Collar_13_2026-06-10 10:57:31",2026-06-10 10:58:58,721.372859780344,16.2861946320215,2.06480306727168e-54,0.978753095199002,60.3134958643781,505.723208584225,21.704094967428,0.0759031720637644,4837.32889040825,4.55482280634038,8.38781029237778e-100,0.999230085425996,11.4812172782912,430.830458520111,0.999771269386813,6.35966398168624,506.393584293654,TRUE,21.755863297098,0.0795929017823393,11.9541849914794,2026-06-10 10:58:26,2026-06-10 10:59:30,"Time changed"
"13","2026-06-10 11:57:31","Collar_13_2026-06-10 11:57:31",2026-06-10 11:58:58,725.162992922496,17.4247787165664,5.82785337658538e-55,0.979589151684053,62.0978123852402,510.824985662059,22.7994355946841,0.0789411718749973,4592.03045852561,4.73712810992159,4.47209622788313e-100,0.999245304758079,11.9407492711685,461.811516155917,0.999666139855542,8.07111283751418,510.845093324666,TRUE,22.7923013103831,0.080340038445905,13.4333351015491,2026-06-10 11:58:26,2026-06-10 11:59:30,"Time changed"
"13","2026-06-10 12:57:31","Collar_13_2026-06-10 12:57:31",2026-06-10 12:58:58,732.115396311278,18.1442837913319,4.37560464204293e-54,0.978240623699211,65.5092128596212,497.17289735589,23.2966857385682,0.0710715311860717,4661.30176902302,4.26488409280054,1.54587633943344e-103,0.999414011564944,10.7503766925926,456.40537170263,0.999705709054045,7.74235298236848,497.317750534588,TRUE,23.2996994461075,0.0700175384673054,8.98567843757204,2026-06-10 12:58:26,2026-06-10 12:59:30,"Time changed"
"13","2026-06-10 13:57:31","Collar_13_2026-06-10 13:57:31",2026-06-10 13:58:58,NA,NA,NA,NA,NA,707.466103730796,2.41330172138383,0.358284334066701,4559.32370335385,21.5000455394743,5.75946787347757e-09,0.418657643380308,54.1945767875415,574.866998821477,0.92891935009912,19.2584308256064,709.023902776198,TRUE,2.79700627780148,0.391251107702495,50.9002627641047,2026-06-10 13:58:26,2026-06-10 13:59:30,"Flux unusable, remove"
"13","2026-06-10 14:57:31","Collar_13_2026-06-10 14:57:31",2026-06-10 14:58:58,732.491315184489,18.2680746614139,1.36331604648479e-54,0.979031163769855,65.6989189315035,526.035818114462,23.7970528041423,0.0887398733494115,4581.83821668476,5.32513184856231,4.76983482622987e-98,0.999124710919945,13.4229142138715,486.524293882471,0.999551841867756,9.76094930996319,526.209778680114,TRUE,23.7806710142158,0.0933725130682865,13.7294699918533,2026-06-10 14:58:26,2026-06-10 14:59:30,"Time changed"
"13","2026-06-10 15:57:31","Collar_13_2026-06-10 15:57:31",2026-06-10 15:58:58,739.136935784315,21.5073998999938,9.04299019768227e-56,0.980761099010117,69.1447842872512,552.897760143785,26.1440837074092,0.109108155442906,4948.01237099432,6.5473984980705,5.69482925978272e-95,0.998903946242956,16.5038483295693,493.120971628314,0.999589124539433,10.269037870211,552.920555479669,TRUE,26.127869052166,0.113409626588915,20.3032480059395,2026-06-10 15:58:26,2026-06-10 15:59:30,"Time changed"
"13","2026-06-10 16:57:31","Collar_13_2026-06-10 16:57:31",2026-06-10 16:58:58,737.857279079466,18.4825575284472,2.37846695868779e-54,0.978657523437532,68.4674956151036,520.507823137615,24.5833258083986,0.0850454892049575,4579.47023442905,5.10343801549819,4.23928219424907e-100,0.999246584561363,12.8640966319617,462.756011114074,0.999708631464852,8.1299657982035,520.719375865129,TRUE,24.6153877707102,0.0884631674082694,12.0076535539352,2026-06-10 16:58:26,2026-06-10 16:59:30,"Time changed"
"13","2026-06-10 17:57:31","Collar_13_2026-06-10 17:57:31",2026-06-10 17:58:58,722.936376910363,20.0423777700956,6.30158904650401e-57,0.982320698881597,61.0432693029039,556.025774010712,24.0742547531843,0.111765316798223,5169.29087163982,6.70685032086336,4.6452705365007e-92,0.998644000124504,16.9057741784423,471.153013056921,0.999654490157245,8.67243009527763,556.040949394197,TRUE,24.0654503976268,0.116953313750648,19.0176551092796,2026-06-10 17:58:26,2026-06-10 17:59:30,"Time changed"
"13","2026-06-10 18:57:31","Collar_13_2026-06-10 18:57:31",2026-06-10 18:58:58,730.001165728545,24.0348125102042,3.84206929110566e-59,0.9849627221511,64.452432745682,603.638504717637,27.5504767492688,0.161201165765357,5523.91825995084,9.67341319569468,9.7009335589639e-86,0.99784779828978,24.3835080846304,502.534997670192,0.999572792596876,11.0402636396363,603.656764122656,TRUE,27.5334394514245,0.170370528664076,26.9682157365039,2026-06-10 18:58:26,2026-06-10 18:59:30,"Time changed"
"13","2026-06-10 19:57:31","Collar_13_2026-06-10 19:57:31",2026-06-10 19:58:58,744.289653350052,25.8400675583048,1.1303985847179e-59,0.98553543512766,71.9404661652062,625.717695588378,31.3512921329821,0.191041941246028,7026.09738184475,11.4641083803974,1.2454234440169e-84,0.997666153205424,28.8972644630658,521.53938605602,0.999558140709166,12.7781479925021,626.726713809479,TRUE,31.2107745358951,0.196444324873077,25.2220901942834,2026-06-10 19:58:26,2026-06-10 19:59:30,"Time changed"
"13","2026-06-10 20:57:31","Collar_13_2026-06-10 20:57:31",2026-06-10 20:58:58,725.163872335373,28.4244985624576,1.53616603204753e-63,0.989096294467106,62.0982324606288,656.694864130918,31.1463463145969,0.242445975346592,7938.41080371434,14.5487787636385,5.950441421171e-78,0.996197216374385,36.6727087355854,495.342582966328,0.999701249922723,10.4460368117558,657.900742670135,TRUE,30.9290082588475,0.234392912344422,39.1173055191791,2026-06-10 20:58:26,2026-06-10 20:59:30,"Time changed"
"13","2026-06-10 21:57:31","Collar_13_2026-06-10 21:57:31",2026-06-10 21:58:58,726.398708165445,28.6043229420272,9.23192232440184e-64,0.989271110155396,62.6908975774643,668.122293725344,31.6896034169139,0.264722526616524,8502.46965629935,15.8855574648719,4.99751346661958e-76,0.995622928618568,40.0422902482818,536.24377104478,0.999458850091916,14.3084057276426,668.425441671823,TRUE,31.5648919282195,0.274967771933796,47.1859460762268,2026-06-10 21:58:26,2026-06-10 21:59:30,"Time changed"
"13","2026-06-10 22:57:31","Collar_13_2026-06-10 22:57:31",2026-06-10 22:58:58,736.591243288252,26.0914947413593,3.58615063300562e-61,0.987035945933739,67.803945008944,638.60267559314,31.2034405086239,0.210947275356141,8755.35708422981,12.6585942932708,8.49663113096489e-82,0.997128989582428,31.9081724357023,498.162243313277,0.999688855071381,10.6750831572363,638.61014132186,TRUE,31.210558715375,0.221166296998471,40.008135116644,2026-06-10 22:58:26,2026-06-10 22:59:30,"Time changed"
"13","2026-06-10 23:57:31","Collar_13_2026-06-10 23:57:31",2026-06-10 23:58:58,726.355178697693,26.0337282108067,3.8073450971938e-62,0.987926699119778,62.6699095422335,643.843394831848,29.8779216009949,0.219624978219365,8505.74785117734,13.1793287742336,1.63257768586996e-79,0.996607441297087,33.2207736003206,520.169489478956,0.999524139013321,12.6442031098249,646.249598161672,TRUE,29.6150983071006,0.205938362875098,30.6278109748667,2026-06-10 23:58:26,2026-06-10 23:59:30,"Time changed"
"14","2026-06-10 00:00:31","Collar_14_2026-06-10 00:00:31",2026-06-10 00:01:58,NA,NA,NA,NA,NA,455.834498899835,4.3294853848165,0.0517124813394285,6126.30102643174,3.10317978778816,2.63191678332232e-66,0.991092152256815,7.82210042234842,449.91356145706,0.992353080780712,7.36521795190273,456.089184217976,TRUE,4.3519927479633,0.0535245522596238,7.67235923182533,2026-06-10 00:01:26,2026-06-10 00:02:30,"Time changed"
"14","2026-06-10 01:00:31","Collar_14_2026-06-10 01:00:31",2026-06-10 01:01:58,NA,NA,NA,NA,NA,865.185204260443,6.53642757572279,0.031048313893041,5419.70992233667,1.86315755156629,1.76470764107638e-164,0.997120264197651,6.64172711925843,807.451765269136,0.998208907180917,5.2793865785258,865.328890165498,TRUE,6.53910625663412,0.034594969962065,6.12977507900549,2026-06-10 01:01:26,2026-06-10 01:02:30,"Time changed"
"14","2026-06-10 02:00:31","Collar_14_2026-06-10 02:00:31",2026-06-10 02:01:58,877.47851143566,5.1527576088296,4.68422066318496e-146,0.99441249392216,6.9633034033312,1039.07574473162,4.87889493147834,0.0606035986506587,6056.81641638715,3.63672091396162,1.67556554929158e-111,0.980632649421431,12.9640716101157,828.442884703309,0.996284301477015,5.72329671078476,1039.08608243686,TRUE,4.87758035881723,0.0625651532983334,16.4243787757986,2026-06-10 02:01:26,2026-06-10 02:02:30,"Time changed"
"14","2026-06-10 03:00:31","Collar_14_2026-06-10 03:00:31",2026-06-10 03:01:58,1069.92116189073,4.66798143031271,1.68597297286204e-108,0.978423564432221,14.5970292046174,893.158718463009,5.24119585301503,0.0345751405695538,6027.57267704823,2.07479654033866,2.69409833182923e-146,0.994460575192826,7.39617132073788,805.821025550413,0.997256339350634,5.24637749147058,893.524895463537,TRUE,5.25612442363833,0.0356756701274745,7.45361310799657,2026-06-10 03:01:26,2026-06-10 03:02:30,"Time changed"
"14","2026-06-10 04:00:31","Collar_14_2026-06-10 04:00:31",2026-06-10 04:01:58,1207.028754624,5.66873547248671,2.77629086795758e-101,0.972028394076666,24.7334090791976,1069.88301023491,7.78326674709838,0.0682272303865451,6406.70384574888,4.09420234396806,1.30869810033812e-130,0.990260179805543,14.5948874354744,948.582172903536,0.996285032008564,9.08494976866161,1070.18073737651,TRUE,7.82014335640094,0.0731205955727846,13.9851573537775,2026-06-10 04:01:26,2026-06-10 04:02:30,"Time changed"
"14","2026-06-10 05:00:30","Collar_14_2026-06-10 05:00:30",2026-06-10 05:01:57,NA,NA,NA,NA,NA,957.614715244357,5.2051961276098,0.0443025670848866,6523.04389905187,2.65852318751774,3.11393488769561e-132,0.99081275818464,9.47702223940757,915.24539933619,0.993569008554418,7.99167850086288,957.726245059636,TRUE,5.21263613751123,0.047776438417199,10.5966580891812,2026-06-10 05:01:25,2026-06-10 05:02:29,"Time changed"
"14","2026-06-10 06:00:29","Collar_14_2026-06-10 06:00:29",2026-06-10 06:01:56,NA,NA,NA,NA,NA,889.206990316569,5.47157542848729,0.0340536079990405,6763.71852644076,2.04350024030488,1.62558381319271e-149,0.995066404750019,7.28460722649794,857.915267833491,0.996239344814917,6.41026304747221,889.991592268858,TRUE,5.4875477243202,0.0328031337923819,5.64561825921326,2026-06-10 06:01:24,2026-06-10 06:02:28,"Time changed"
"14","2026-06-10 07:00:31","Collar_14_2026-06-10 07:00:31",2026-06-10 07:01:58,498.629679790969,7.73666120242069,1.3981826077935e-64,0.989895010221546,10.8715231320712,600.047730456755,5.5368162422873,0.156809504478067,6688.44138470438,9.40987692382103,3.15372735103488e-43,0.951898803990157,23.7192194115605,498.684234269065,0.990490130277655,10.71803315041,604.244729094662,TRUE,5.29250137429641,0.133235366209478,17.865625163021,2026-06-10 07:01:26,2026-06-10 07:02:30,"Time changed"
"14","2026-06-10 08:00:30","Collar_14_2026-06-10 08:00:30",2026-06-10 08:01:57,512.298539665918,7.22101211075454,1.10569712537487e-64,0.989970008058088,12.0768680296711,520.205505208716,6.29176568137089,0.0848479437909203,5913.30515670518,5.09158364455847,5.1057298409488e-63,0.988672590339271,12.8342156433387,453.462379145619,0.996185270962244,7.56904754618809,520.220341169837,TRUE,6.30191953817736,0.0860919658941172,12.9597964195834,2026-06-10 08:01:25,2026-06-10 08:02:29,"Time changed"
"14","2026-06-10 09:00:30","Collar_14_2026-06-10 09:00:30",2026-06-10 09:01:57,547.11706101384,7.70794515990227,6.65612731134103e-46,0.960438230905739,15.7860504858693,613.120200525991,3.93065512766254,0.173397939863775,5325.68934790273,10.4053212743266,5.3756545970657e-32,0.890787432837522,26.2284087615156,446.405978157565,0.992099520223964,7.16915096306686,613.122491504814,TRUE,3.9376455147424,0.17511350499494,36.3423588853774,2026-06-10 09:01:25,2026-06-10 09:02:29,"Time changed"
"14","2026-06-10 10:00:32","Collar_14_2026-06-10 10:00:32",2026-06-10 10:01:59,535.521216155242,3.38033517731848,6.53958198813919e-51,0.972559898417739,14.4389275716942,492.440634219578,4.54141598206299,0.0685309060851989,5171.40705051919,4.11242541634239,5.56807588948073e-60,0.985856893656059,10.3660782764302,469.539665685142,0.990650094214556,8.56546717482647,493.0196623775,TRUE,4.58555445485608,0.0699391809444328,9.53487378877877,2026-06-10 10:01:27,2026-06-10 10:02:31,"Time changed"
"14","2026-06-10 11:00:30","Collar_14_2026-06-10 11:00:30",2026-06-10 11:01:57,408.679854744064,3.91137546609828,1.72214684351952e-68,0.992406501827802,5.44242690012864,483.511877624464,3.23769667154417,0.063982018580384,4672.30592557329,3.83945426128972,9.75349438452417e-53,0.975987986491803,9.67800735136524,398.501435988759,0.993894665738394,4.95942969949399,483.565608898452,TRUE,3.22362559773333,0.0677976983357898,11.3119877608945,2026-06-10 11:01:25,2026-06-10 11:02:29,"Time changed"
"14","2026-06-10 12:00:30","Collar_14_2026-06-10 12:00:30",2026-06-10 12:01:57,NA,NA,NA,NA,NA,581.041480624966,0.678822471069982,0.135480781944113,4950.17842590036,8.12997584477063,4.67170239301173e-06,0.284942602239133,20.4930077655572,464.437391490529,0.88817722064392,8.23579923121669,581.051737151182,TRUE,0.665339725426312,0.152147252118393,23.8956902141732,2026-06-10 12:01:25,2026-06-10 12:02:29,"Flux unusable, remove"
"14","2026-06-10 13:00:30","Collar_14_2026-06-10 13:00:30",2026-06-10 13:01:57,NA,NA,NA,NA,NA,421.671565008173,2.19744559463959,0.0397618286036622,4596.1601786912,2.38604104178431,4.26868929462875e-55,0.979789832504261,6.01442839829292,395.857698499277,0.987224734102353,4.85959116506169,421.838380003119,TRUE,2.1877658235804,0.0383152014166779,6.12996231828537,2026-06-10 13:01:25,2026-06-10 13:02:29,"Time changed"
"14","2026-06-10 14:00:22","Collar_14_2026-06-10 14:00:22",2026-06-10 14:01:49,485.826892548507,4.39227031493987,7.50521575851699e-57,0.982222349493516,9.85189512420611,532.444740060174,3.80599815567534,0.0932243280606333,4774.95981599134,5.59423649909673,4.90744024696384e-47,0.963579211185685,14.1012389467422,410.673857718367,0.99473962097849,5.44623621577965,532.50276990445,TRUE,3.82458537481046,0.0963856087612908,18.6251784000744,2026-06-10 14:01:17,2026-06-10 14:02:21,"Time changed"
"14","2026-06-10 15:00:31","Collar_14_2026-06-10 15:00:31",2026-06-10 15:01:58,535.821514425162,4.72868211828814,2.05086457442197e-57,0.98293946320008,14.4723198552439,452.487864595398,5.80034352948239,0.0503982186462301,4644.70804601482,3.02431307476761,5.89430517715435e-75,0.995266277666231,7.62330325575983,424.628770427479,0.997100402467464,6.06339727761988,452.589780391456,TRUE,5.80902508588496,0.048897659016906,6.90405638381397,2026-06-10 15:01:26,2026-06-10 15:02:30,"Time changed"
"14","2026-06-10 16:00:30","Collar_14_2026-06-10 16:00:30",2026-06-10 16:01:57,540.268307069284,10.9322291897894,6.45405912829134e-59,0.98471311885989,14.9759255250973,633.797028084802,6.1476603242028,0.203291661311841,5241.15014017283,12.1991936582587,3.2003309177158e-39,0.935549439951846,30.7501738191555,496.485157493662,0.992670776024304,10.5382520409018,633.805339914781,TRUE,6.16569279400742,0.205658920759466,39.3744898964264,2026-06-10 16:01:25,2026-06-10 16:02:29,"Time changed"
"14","2026-06-10 17:00:29","Collar_14_2026-06-10 17:00:29",2026-06-10 17:01:56,542.000825541503,4.39265124420769,1.47763589240022e-53,0.97738381740362,15.1768465304306,438.723931212567,5.28334803463857,0.0453350026474138,4463.29626458274,2.72047792430167,2.68828644331712e-75,0.995382791061084,6.85743430155466,406.910973405203,0.997338681131593,5.29085312187169,438.803546978356,TRUE,5.27807415569282,0.0462087403480724,8.26264489087968,2026-06-10 17:01:24,2026-06-10 17:02:28,"Time changed"
"14","2026-06-10 18:00:31","Collar_14_2026-06-10 18:00:31",2026-06-10 18:01:58,534.300049513854,5.94047418508414,4.15862060290899e-61,0.986974861513088,14.3039292645801,546.175003232128,6.52505708795195,0.103609199830709,5116.93639239273,6.2174153398904,1.31455276589735e-58,0.984364048976402,15.6720688074397,418.360325044241,0.997942164525868,5.77796439135619,547.214049837169,TRUE,6.61543801512372,0.100368337703482,16.2270651094514,2026-06-10 18:01:26,2026-06-10 18:02:30,"Time changed"
"14","2026-06-10 19:00:32","Collar_14_2026-06-10 19:00:32",2026-06-10 19:01:59,553.434103541372,7.25692716666691,5.79568917798071e-60,0.985838897572592,16.5720792149307,545.402789919304,7.26166070359376,0.102995574875315,5548.98805874534,6.18059272938053,1.1815099452997e-61,0.987484845510313,15.5792510601875,492.270921257885,0.994803483778775,10.2021092387457,546.509005390015,TRUE,7.35819596016825,0.100589420461623,12.4840104370558,2026-06-10 19:01:27,2026-06-10 19:02:31,"Time changed"
"14","2026-06-10 20:00:32","Collar_14_2026-06-10 20:00:32",2026-06-10 20:01:59,633.4870990136,9.80329498049757,2.72936693698425e-48,0.966769512855053,30.67695057841,610.469574644973,8.72694088313319,0.16989825427156,6809.15457104115,10.1953109767721,3.88611853367663e-53,0.9766790526978,25.6990415480325,607.559704033334,0.979030976426357,24.7649978099076,610.865967839393,TRUE,8.7745025422704,0.16049238493652,20.8899813506614,2026-06-10 20:01:27,2026-06-10 20:02:31,"Time changed"
"14","2026-06-10 21:00:32","Collar_14_2026-06-10 21:00:32",2026-06-10 21:01:59,593.987562602993,12.546119156681,2.37544084770129e-57,0.982859725348015,22.6388846906178,658.421649144315,8.86175516205248,0.245687859181004,7816.41385116425,14.743318807526,8.77451012493457e-44,0.953811789747802,37.1630805037453,581.247869428122,0.986751329656989,20.2272873124541,658.776505228671,TRUE,8.97812282690224,0.238689326853972,39.7645017872535,2026-06-10 21:01:27,2026-06-10 21:02:31,"Time changed"
"14","2026-06-10 22:00:32","Collar_14_2026-06-10 22:00:32",2026-06-10 22:01:59,658.698421137106,5.52433405640046,4.17929293564297e-40,0.939578856562092,37.2422855562844,622.237542772552,7.81204216668262,0.185995519616685,8109.52252004735,11.1612810320432,8.74202101487259e-48,0.965519204723947,28.1339358480813,598.602379662838,0.977461022250692,23.1160870086034,623.094401971942,TRUE,7.954151635605,0.167799644704487,27.8299937851272,2026-06-10 22:01:27,2026-06-10 22:02:31,"Time changed"
"14","2026-06-10 23:00:32","Collar_14_2026-06-10 23:00:32",2026-06-10 23:01:59,NA,NA,NA,NA,NA,607.474068826358,6.15941146832409,0.16602815810985,8348.23370449534,9.96307295850746,1.61200283859327e-44,0.956228898169304,25.1136455268603,601.533322640879,0.962436258347859,23.6431751863806,607.964935928786,TRUE,6.04468772369605,0.169287602140076,21.0068883910561,2026-06-10 23:01:27,2026-06-10 23:02:31,"Time changed"
"15","2026-06-10 00:03:31","Collar_15_2026-06-10 00:03:31",2026-06-10 00:04:58,NA,NA,NA,NA,NA,400.117673278742,4.7945323655667,0.0336868719344174,5771.55148726302,2.02149302050582,9.57096916463325e-81,0.996899577904733,5.09552217106423,356.707762054467,0.998504956935099,3.59592390254619,400.774386856949,TRUE,4.77728954677606,0.0346624151545113,4.90492336876632,2026-06-10 00:04:26,2026-06-10 00:05:30,"Time changed"
"15","2026-06-10 01:03:31","Collar_15_2026-06-10 01:03:31",2026-06-10 01:04:58,954.699021226491,4.41341739148125,3.07379023240348e-125,0.988184197509427,9.37133862958607,876.607033899015,4.54485770042634,0.0324426727992285,6091.23179532226,1.94683070478828,6.16520383706213e-142,0.993519936985086,6.94000261959985,741.109393534108,0.997784071589122,4.09041709653394,877.332286766024,TRUE,4.53722017605854,0.032017560199764,6.34883469892373,2026-06-10 01:04:26,2026-06-10 01:05:30,"Time changed"
"15","2026-06-10 02:03:31","Collar_15_2026-06-10 02:03:31",2026-06-10 02:04:58,1027.94781578669,4.77281678398598,1.33310075429503e-118,0.98499767708137,12.420919186228,833.388295266989,5.3543390666981,0.0274742362010211,5733.91964341537,1.64868310813237,3.34393552377271e-160,0.996641167799964,5.87717517562628,712.096169170413,0.998718786380851,3.65851607047251,833.604296378958,TRUE,5.34442137882513,0.0285684802844342,5.99719429329919,2026-06-10 02:04:26,2026-06-10 02:05:30,"Time changed"
"15","2026-06-10 03:03:30","Collar_15_2026-06-10 03:03:30",2026-06-10 03:04:57,1104.69550416088,4.04876395976209,9.59539597077793e-105,0.975302998693169,16.6859241566915,745.248435093547,5.6111531914249,0.0195749216226399,6033.90445302071,1.17465841037874,1.33329168599671e-181,0.998444644126011,4.18738641480899,705.457663527925,0.998889453442423,3.5662866698578,745.936685047162,TRUE,5.59943846066338,0.021896811627298,3.81052153618741,2026-06-10 03:04:25,2026-06-10 03:05:29,"Time changed"
"15","2026-06-10 04:03:31","Collar_15_2026-06-10 04:03:31",2026-06-10 04:04:58,1062.08615541323,5.23488548546454,3.5554108556912e-118,0.984765984519758,14.1637146595489,964.832143210423,6.0472889305422,0.0455496054356449,6262.70169606611,2.73335587982793,5.69657230272512e-139,0.992790331287262,9.74378353477192,774.917856606345,0.998377813965798,4.65843472004571,967.505839260495,TRUE,6.11704632159886,0.0433005434278543,8.64848033680934,2026-06-10 04:04:26,2026-06-10 04:05:30,"Time changed"
"15","2026-06-10 05:03:30","Collar_15_2026-06-10 05:03:30",2026-06-10 05:04:57,1044.11023164825,4.03436394734955,1.10136662201492e-110,0.980054454975776,13.2175464083286,852.857565633481,4.93847563706025,0.0296105438551454,6240.52687743861,1.7768793687075,1.40456133987896e-151,0.995419393296423,6.33416528885291,813.794783538897,0.996711014076174,5.40976761257421,852.86043276886,TRUE,4.93974218944358,0.030480867879995,7.78773044839925,2026-06-10 05:04:25,2026-06-10 05:05:29,"Time changed"
"15","2026-06-10 06:03:29","Collar_15_2026-06-10 06:03:29",2026-06-10 06:04:56,NA,NA,NA,NA,NA,786.480579181385,4.7209416184422,0.0229389056913924,6719.35580872461,1.37652548575799,3.18669463366294e-163,0.996987079779294,4.9069959979624,722.310687125012,0.998216592257047,3.80510744016684,786.513367026436,TRUE,4.72278653915249,0.0225793402850823,4.17449122036012,2026-06-10 06:04:24,2026-06-10 06:05:28,"Time changed"
"15","2026-06-10 07:03:29","Collar_15_2026-06-10 07:03:29",2026-06-10 07:04:56,512.443201945965,3.85928078040602,4.13339414417553e-57,0.982555737276313,12.0903144887659,422.704993918294,4.79290747587468,0.0400791730838526,6360.020500084,2.40508435494944,5.32974498391558e-76,0.995613976556599,6.06243035697354,392.562241916957,0.997406132805699,4.7379504417466,423.066983101478,TRUE,4.76960859375274,0.0410407889277068,5.15418600830576,2026-06-10 07:04:24,2026-06-10 07:05:28,"Time changed"
"15","2026-06-10 08:03:28","Collar_15_2026-06-10 08:03:28",2026-06-10 08:04:55,517.844315466254,3.87205204055889,5.75057711213231e-53,0.976387214583959,12.6032120197467,379.87385427712,4.29769096222367,0.0288291353534359,6150.01063395907,1.72998834731955,5.21456321421858e-82,0.997173142020084,4.36073431371226,362.689915136091,0.997959368978268,3.765262262488,380.150474559419,TRUE,4.28275095719565,0.0290059096962555,3.75477275124427,2026-06-10 08:04:23,2026-06-10 08:05:27,"Time changed"
"15","2026-06-10 09:03:30","Collar_15_2026-06-10 09:03:30",2026-06-10 09:04:57,NA,NA,NA,NA,NA,395.273968960471,5.42410920426514,0.0324548191011048,5014.38676947989,1.94755958411302,3.95662834275271e-85,0.997749579687266,4.90916017995124,386.663330983917,0.998146441714298,4.52776485390501,395.362116835412,TRUE,5.41777512946604,0.0315191731254278,3.80353398593114,2026-06-10 09:04:25,2026-06-10 09:05:29,"Time changed"
"15","2026-06-10 10:03:30","Collar_15_2026-06-10 10:03:30",2026-06-10 10:04:57,551.926272736356,3.94396565178059,3.30702136278262e-51,0.973147215115113,16.3809750866085,377.019009606755,5.24072681615973,0.0282029385487913,4955.08240882013,1.69241132109651,5.03615668686664e-88,0.998178812857662,4.26601493140428,380.396596049083,0.998196168576602,4.31467824293894,377.144738779225,TRUE,5.23199612189882,0.0270315999991701,4.55092430731196,2026-06-10 10:04:25,2026-06-10 10:05:29,"Time changed"
"15","2026-06-10 11:03:30","Collar_15_2026-06-10 11:03:30",2026-06-10 11:04:57,NA,NA,NA,NA,NA,392.548606450186,5.09714510091734,0.0317815080769192,4640.72454158927,1.90715531212627,5.27491845898723e-84,0.997556720467027,4.80731423656892,375.988763101643,0.998219247682211,4.17083538283214,392.796824371624,TRUE,5.10998502303545,0.0331837933194673,3.64147315534734,2026-06-10 11:04:25,2026-06-10 11:05:29,"Time changed"
"15","2026-06-10 12:03:30","Collar_15_2026-06-10 12:03:30",2026-06-10 12:04:57,NA,NA,NA,NA,NA,365.790831724496,3.89015495423088,0.0258692648130079,4741.77528668201,1.55237145101869,3.01843815419363e-82,0.997221779725635,3.91302026084345,359.354219478131,0.997633889971978,3.66987763477795,365.821125123529,TRUE,3.89335344888721,0.0273708780686142,3.92770948999998,2026-06-10 12:04:25,2026-06-10 12:05:29,"Time changed"
"15","2026-06-10 13:03:29","Collar_15_2026-06-10 13:03:29",2026-06-10 13:04:56,578.469968999509,4.04770357409591,7.13549245571462e-46,0.960350848222412,20.0916214463698,471.378921621214,5.27444054543258,0.0582807385335234,4557.80297827742,3.49732995110992,2.03013657862776e-68,0.992366740265672,8.81562395943791,470.152641610341,0.992956461496766,8.60595042902351,471.384933165626,TRUE,5.27466315884718,0.0660431209013118,9.63730192381277,2026-06-10 13:04:24,2026-06-10 13:05:28,"Time changed"
"15","2026-06-10 14:03:22","Collar_15_2026-06-10 14:03:22",2026-06-10 14:04:49,553.871954932943,3.69937043531989,1.07887144615295e-50,0.972120504474675,16.6279895324664,386.129885315625,5.22012173909921,0.030250412951474,4693.61984386335,1.81527684635944,5.29053012430912e-86,0.997888825840636,4.57571870069065,385.620193284999,0.9980303332048,4.49157882724282,386.600327266107,TRUE,5.20891258256113,0.0257619316939822,3.49976723961493,2026-06-10 14:04:17,2026-06-10 14:05:21,"Time changed"
"15","2026-06-10 15:03:29","Collar_15_2026-06-10 15:03:29",2026-06-10 15:04:56,530.132570535931,5.44946893180679,6.05384978612491e-60,0.985819296576008,13.8526526680048,453.054850055626,6.09092929327327,0.0506185068146364,4613.97273299339,3.03753220047926,3.6117437088606e-76,0.995667819294683,7.65662434441189,337.79645391195,0.999308348811789,3.10908774504649,453.274206345835,TRUE,6.11218780307328,0.0543092601662004,8.35959971435383,2026-06-10 15:04:24,2026-06-10 15:05:28,"Time changed"
"15","2026-06-10 16:03:29","Collar_15_2026-06-10 16:03:29",2026-06-10 16:04:56,NA,NA,NA,NA,NA,390.985072807491,6.50731283056651,0.0314015555583929,4910.48500218834,1.88435499496356,5.29230263781885e-91,0.998535117310945,4.74984210066176,360.878227582365,0.999133198719665,3.71315328901001,390.99628010155,TRUE,6.51052195699623,0.0318353846277407,5.90870810568259,2026-06-10 16:04:24,2026-06-10 16:05:28,"Time changed"
"15","2026-06-10 17:03:29","Collar_15_2026-06-10 17:03:29",2026-06-10 17:04:56,NA,NA,NA,NA,NA,347.299320686976,3.77288192785004,0.0224392842658023,4528.86347099894,1.34654403699979,2.70984374134106e-85,0.997776457809066,3.39419672749101,336.417743798943,0.998231460315483,3.07628866397941,348.074811303543,TRUE,3.75688189938521,0.0211538316457166,3.04025565440271,2026-06-10 17:04:24,2026-06-10 17:05:28,"Time changed"
"15","2026-06-10 18:03:31","Collar_15_2026-06-10 18:03:31",2026-06-10 18:04:58,530.819708568826,4.11058860458606,2.66972681021961e-56,0.981491775916092,13.9260671697955,418.271374196843,5.36260460892923,0.038735328232152,5439.88689059549,2.32444246591789,5.44067630194096e-80,0.996723740609494,5.85915855276322,393.556813162122,0.997893685233266,4.77433737170914,418.290405668734,TRUE,5.36347550294436,0.040824023690091,6.13412229580207,2026-06-10 18:04:26,2026-06-10 18:05:30,"Time changed"
"15","2026-06-10 19:03:32","Collar_15_2026-06-10 19:03:32",2026-06-10 19:04:59,567.665820875348,7.60403703406557,2.83401735502768e-61,0.987132439587025,18.4893345120214,501.851487870964,8.53292526079839,0.073675919510327,5561.67867507977,4.42116909398494,3.97189695249624e-75,0.995325223998518,11.1443200208464,417.195533392181,0.998804883719797,5.7264254390896,501.861563736358,TRUE,8.53900928853771,0.0769498109096918,13.1253001763387,2026-06-10 19:04:27,2026-06-10 19:05:31,"Time changed"
"15","2026-06-10 20:03:31","Collar_15_2026-06-10 20:03:31",2026-06-10 20:04:58,622.156084924373,7.90333085035467,2.30401202868117e-54,0.978679053922629,28.1163126786405,444.178941607849,10.0971236354389,0.0472778093235424,6469.26121407753,2.83706251380087,7.94586562759657e-92,0.998620694548792,7.15130588783842,422.542832689536,0.999070233313852,5.9668823702316,444.532133120831,TRUE,10.1247633776946,0.0426008207543371,6.29155164469181,2026-06-10 20:04:26,2026-06-10 20:05:30,"Time changed"
"15","2026-06-10 21:03:30","Collar_15_2026-06-10 21:03:30",2026-06-10 21:04:57,628.669268103745,6.88602739307145,2.72966554209718e-51,0.97331021155329,29.5608644435653,406.318097400497,9.49067948262713,0.035332519592806,6895.00640069086,2.12024559278741,4.29820948864246e-98,0.999127599092583,5.34444507923464,407.097713601459,0.999169768391436,5.29845869813111,406.608621494183,TRUE,9.49246136262465,0.038274283228202,4.15353002754209,2026-06-10 21:04:25,2026-06-10 21:05:29,"Time changed"
"15","2026-06-10 22:03:30","Collar_15_2026-06-10 22:03:30",2026-06-10 22:04:57,615.867771069055,7.62978551129602,1.37947700738391e-54,0.979023320247657,26.7886498629201,446.894727793192,9.69808517295514,0.0482758628060053,7256.02788874074,2.89695403928349,3.73712583827373e-90,0.998441340664377,7.30227281815175,410.249271693074,0.999165972294965,5.42847757193748,447.016262387432,TRUE,9.71112288543534,0.0508596111311455,7.97677763904794,2026-06-10 22:04:25,2026-06-10 22:05:29,"Time changed"
"15","2026-06-10 23:03:30","Collar_15_2026-06-10 23:03:30",2026-06-10 23:04:57,571.014351298958,6.57666234011723,1.24451250324126e-58,0.984391196821041,18.9717679983942,479.899628839429,7.95296949450802,0.0622286531398707,7995.28087271222,3.73423772449479,8.24076224698184e-78,0.996157704015612,9.41279090462874,435.38760682947,0.998178370736487,6.58655552571632,480.343021692665,TRUE,7.92530187362202,0.0668022131807181,8.82750528610036,2026-06-10 23:04:25,2026-06-10 23:05:29,"Time changed"
"16","2026-06-10 00:06:31","Collar_16_2026-06-10 00:06:31",2026-06-10 00:07:58,NA,NA,NA,NA,NA,484.384616229206,3.76286146406588,0.0644129988400222,5687.19038339944,3.8653166681208,1.38375611924969e-56,0.981873798670172,9.74319801295449,436.213635272011,0.9918767688285,6.62854017260361,484.517073189656,TRUE,3.78512467093946,0.0626102370351832,10.0809070869361,2026-06-10 00:07:26,2026-06-10 00:08:30,"Time changed"
"16","2026-06-10 01:06:31","Collar_16_2026-06-10 01:06:31",2026-06-10 01:07:58,901.786237424999,5.66659338313832,6.13388451969414e-130,0.990022243783342,7.64571409994249,1057.23755885062,3.98088438348417,0.0649883099119903,5416.83986989682,3.89984012636493,1.06971238440745e-96,0.967012205393663,13.9020309400434,895.973409192531,0.99074767433691,7.42073251424704,1057.2382277972,TRUE,3.98091679146025,0.0668042602042194,18.4714222311605,2026-06-10 01:07:26,2026-06-10 01:08:30,"Time changed"
"16","2026-06-10 02:06:29","Collar_16_2026-06-10 02:06:29",2026-06-10 02:07:56,1032.40672400648,4.19232085549593,4.43892158586506e-97,0.967462345070037,12.6357706129294,1050.24702454226,3.63505263533368,0.0632642713277528,5874.47661948886,3.79638344532005,2.90208223965234e-93,0.962676202983644,13.5332317241174,971.566961249386,0.980240574340803,9.92465638575361,1050.68275176432,TRUE,3.6727245161999,0.0679395334857165,14.7561859209834,2026-06-10 02:07:24,2026-06-10 02:08:28,"Time changed"
"16","2026-06-10 03:06:30","Collar_16_2026-06-10 03:06:30",2026-06-10 03:07:57,832.945824487811,4.5408657934687,1.22002236809971e-146,0.994528716897784,5.86718184188337,980.404436191672,4.15931151877526,0.0483610818369061,6084.64233594098,2.90206789124682,4.13498823814779e-115,0.98298985088264,10.3452029588263,782.363445857431,0.996404623520734,4.79376625240831,982.285062264567,TRUE,4.10452485725997,0.0466310925961234,10.4374947639236,2026-06-10 03:07:25,2026-06-10 03:08:29,"Time changed"
"16","2026-06-10 04:06:29","Collar_16_2026-06-10 04:06:29",2026-06-10 04:07:56,997.937201314972,5.40688535672035,1.22865391308039e-115,0.98330931609093,11.0668775416811,1123.78613976812,4.42987678885867,0.083945139699444,6421.89923063393,5.03740787622485,1.00637333844013e-88,0.956055851675479,17.9571977013766,937.382223012597,0.989841874187726,8.70190913543909,1123.78963417595,TRUE,4.43401103523025,0.0848221298121519,23.8920338200093,2026-06-10 04:07:24,2026-06-10 04:08:28,"Time changed"
"16","2026-06-10 05:06:28","Collar_16_2026-06-10 05:06:28",2026-06-10 05:07:55,1012.76740882591,5.34034725561757,4.09417930386103e-123,0.987245740566952,11.7164741881701,975.59238211242,5.46060195048792,0.047474251751634,5765.94694717821,2.84885069639293,4.60487901391432e-131,0.990417835125096,10.1554959284279,873.563652537916,0.995761124876716,6.80791837858535,975.844621735974,TRUE,5.48099208035469,0.0523427192676836,10.1368087625015,2026-06-10 05:07:23,2026-06-10 05:08:27,"Time changed"
"16","2026-06-10 06:06:27","Collar_16_2026-06-10 06:06:27",2026-06-10 06:07:54,933.170505731289,2.92916702878716,2.07029756572964e-112,0.981255113155262,8.62663031187816,905.355950506378,3.30712234242251,0.0362357925246006,6431.76173824359,2.17444949544687,2.33514905058498e-118,0.984865712024095,7.75141113065091,839.069313604524,0.99118639580695,5.96205886037206,905.356907284313,TRUE,3.30818521490582,0.0387072228274077,8.04906328718634,2026-06-10 06:07:22,2026-06-10 06:08:26,"Time changed"
"16","2026-06-10 07:06:27","Collar_16_2026-06-10 07:06:27",2026-06-10 07:07:54,529.422542544429,3.23791170871145,3.7235960939719e-51,0.973045928868723,13.7771991318093,410.153416550026,4.3939458135206,0.0363904446215143,6221.04484274686,2.18372990993968,2.9110593869282e-76,0.995697377512343,5.50446826125052,405.449516281179,0.996236615973576,5.23170655325335,410.462706642793,TRUE,4.40982343900976,0.0348264987335101,5.05139901973927,2026-06-10 07:07:22,2026-06-10 07:08:26,"Time changed"
"16","2026-06-10 08:06:27","Collar_16_2026-06-10 08:06:27",2026-06-10 08:07:54,503.868940996882,2.94878079411187,5.68507909391128e-50,0.970610799770164,11.3186162187027,471.29678128528,3.43352667666111,0.0582439255537757,5715.79408288032,3.49512086557153,7.88707840429421e-57,0.982194326929811,8.81005557793747,434.80850540035,0.990449241587578,6.5572801356058,472.952264510095,TRUE,3.49627365981541,0.049254393275853,8.08933169125131,2026-06-10 08:07:22,2026-06-10 08:08:26,"Time changed"
"16","2026-06-10 09:06:30","Collar_16_2026-06-10 09:06:30",2026-06-10 09:07:57,518.494895783215,3.19675975332484,2.13161349376387e-51,0.973518839869955,12.6664424254678,460.943490106383,4.06202965917777,0.0537852412482812,4812.98268663305,3.22756265411921,1.6321942666269e-63,0.989075288858611,8.13562891176751,443.658314903126,0.992126024613559,7.01921480904789,461.21816259568,FALSE,4.04821533256916,0.0608023195891846,8.22210179922485,2026-06-10 09:07:25,2026-06-10 09:08:29,"Time changed"
"16","2026-06-10 10:06:28","Collar_16_2026-06-10 10:06:28",2026-06-10 10:07:55,454.300294890685,2.83309171397108,2.00887789508958e-54,0.978771601884515,7.73032994508133,486.709452036632,2.73499416567276,0.0655752809695495,5049.47489761651,3.93506328090433,1.3394959890668e-47,0.965049169298442,9.91900639230085,441.745326554821,0.983544693669137,6.9166812485608,486.818095318763,TRUE,2.75454465425373,0.0658816865482671,11.3121110026935,2026-06-10 10:07:23,2026-06-10 10:08:27,"Time changed"
"16","2026-06-10 11:06:30","Collar_16_2026-06-10 11:06:30",2026-06-10 11:07:57,471.673853971973,3.10112746101252,1.81431550928867e-56,0.981717282068317,8.8356467614943,429.66126473613,3.41247969311836,0.0422822171977902,4754.40594391042,2.53728535921191,2.59802458579403e-65,0.990420659851141,6.39566581285843,407.959948870116,0.993549201948015,5.3337179445809,429.722373261098,TRUE,3.42259538507901,0.040646758883863,7.15117460937343,2026-06-10 11:07:25,2026-06-10 11:08:29,"Time changed"
"16","2026-06-10 12:06:28","Collar_16_2026-06-10 12:06:28",2026-06-10 12:07:55,456.278775464194,1.95569930682107,8.57313040046903e-54,0.977771185750739,7.84887827542446,425.534667296631,2.74323390733465,0.040961128975027,4665.32692204614,2.45800905754201,2.8890958688643e-60,0.986148367344654,6.19583620736324,404.033272900069,0.990643474985924,5.17502073450412,426.682827475852,TRUE,2.78153365948811,0.0396522754315508,6.14927196280372,2026-06-10 12:07:23,2026-06-10 12:08:27,"Time changed"
"16","2026-06-10 13:06:29","Collar_16_2026-06-10 13:06:29",2026-06-10 13:07:56,484.532055020965,3.44452182577698,3.15645636544775e-57,0.982704387538175,9.75425447652863,461.709726543147,3.86819624767386,0.0541031943680757,4474.49166790191,3.24664249073224,4.95207242616574e-62,0.987825542510376,8.18372293410435,418.349451969686,0.99412491516586,5.77748114819927,462.850191920611,TRUE,3.9145778531293,0.0463889092123762,7.49193612787667,2026-06-10 13:07:24,2026-06-10 13:08:28,"Time changed"
"16","2026-06-10 14:06:22","Collar_16_2026-06-10 14:06:22",2026-06-10 14:07:49,511.684229988957,2.94133433600041,1.16907883877029e-49,0.969930721830257,12.0199339101717,436.123192441073,3.62018989665344,0.0444370569191671,4487.05499493744,2.66659369824537,1.44675796809587e-65,0.990597021592237,6.7216098066119,438.006481087015,0.990898295525111,6.72058844203005,436.420469161007,TRUE,3.64360333362578,0.0409198285391232,6.47907561857068,2026-06-10 14:07:17,2026-06-10 14:08:21,"Time changed"
"16","2026-06-10 15:06:29","Collar_16_2026-06-10 15:06:29",2026-06-10 15:07:56,527.980747166821,3.35349004966097,1.21418146786601e-49,0.969894582632817,13.6252440895096,400.889399214783,4.11184783938606,0.0338874438534914,4623.4749203531,2.03352900696686,2.13978930608596e-76,0.995739214096813,5.12586095296491,398.716115576545,0.996125254306577,4.96762637573186,401.178586803874,TRUE,4.09406788239264,0.0346096857849732,4.78698422159812,2026-06-10 15:07:24,2026-06-10 15:08:28,"Time changed"
"16","2026-06-10 16:06:29","Collar_16_2026-06-10 16:06:29",2026-06-10 16:07:56,525.226213089106,4.69832672872359,7.93825598863764e-56,0.980840490406368,13.3395796772694,473.196305139102,5.03518678917454,0.0591012176031446,4992.8971977127,3.54656553213802,8.85029656083402e-67,0.991395037647464,8.93973074199367,433.36442857115,0.995615820505037,6.48484308069204,474.509816195385,TRUE,5.0878408494574,0.0509295089351182,8.44576772865687,2026-06-10 16:07:24,2026-06-10 16:08:28,"Time changed"
"16","2026-06-10 17:06:29","Collar_16_2026-06-10 17:06:29",2026-06-10 17:07:56,NA,NA,NA,NA,NA,431.974173704383,3.16794116181941,0.0430412177066167,4460.09077808747,2.58283171430657,8.12458087738735e-63,0.988504337247448,6.51047326450024,385.766659006568,0.99469024067571,4.49664215852379,431.977287679947,TRUE,3.16585816078491,0.0453780286726361,7.69485747590604,2026-06-10 17:07:24,2026-06-10 17:08:28,"Time changed"
"16","2026-06-10 18:06:30","Collar_16_2026-06-10 18:06:30",2026-06-10 18:07:57,514.329648309144,2.97504870573033,1.71585047716803e-49,0.969562394235427,12.2670376893513,429.166039759986,3.67439950076164,0.042121452755899,5347.11643151446,2.52763815308779,2.02155679937235e-67,0.991789042741208,6.37134836422236,429.793666850009,0.992204186543928,6.30914534185596,429.167479746832,TRUE,3.67501908417174,0.0385809546476237,5.14938130481384,2026-06-10 18:07:25,2026-06-10 18:08:29,"Time changed"
"16","2026-06-10 19:06:32","Collar_16_2026-06-10 19:06:32",2026-06-10 19:07:59,534.455487192916,4.45835418026233,1.04761641150212e-58,0.984476284511909,14.3210423361908,477.611402876354,6.01185646542033,0.0611429042462299,5736.18958814648,3.66908374359713,1.13381494537794e-70,0.993525673983783,9.24855904687341,442.039021295732,0.996477966077823,6.93232501231349,477.73048534306,TRUE,6.00944474673565,0.0640146503987989,8.41406517273289,2026-06-10 19:07:27,2026-06-10 19:08:31,"Time changed"
"16","2026-06-10 20:06:29","Collar_16_2026-06-10 20:06:29",2026-06-10 20:07:56,560.990202132191,6.31082672742277,4.30767500514618e-58,0.983763807445402,17.5638557450851,528.364600989245,7.19739252257338,0.0903438578655183,5991.38108007604,5.42138428513825,5.83854007010923e-65,0.99017126209881,13.6655350983447,482.10352262629,0.995463920131649,9.43459948803112,529.179873693943,TRUE,7.26851250113894,0.0783263021286434,11.709366018167,2026-06-10 20:07:24,2026-06-10 20:08:28,"Time changed"
"16","2026-06-10 21:06:30","Collar_16_2026-06-10 21:06:30",2026-06-10 21:07:57,507.232704005733,5.81204816836758,1.66735879361406e-66,0.991220289063305,11.6153084634708,528.748560465918,6.46490265116622,0.0906110860002885,7368.04111206348,5.43742019997096,5.63784654526251e-62,0.98777532242857,13.705956390298,446.743361652781,0.996744650133766,7.18778092130148,528.899746109328,TRUE,6.48868302706075,0.094486005546508,15.5630492468124,2026-06-10 21:07:25,2026-06-10 21:08:29,"Time changed"
"16","2026-06-10 22:06:30","Collar_16_2026-06-10 22:06:30",2026-06-10 22:07:57,600.001091258752,10.1142861689352,1.89803241230285e-47,0.96466053557065,23.7107113580656,590.509787310167,6.51661710791002,0.145716496320922,7401.78804647504,8.74420399907634,1.90399147425401e-49,0.969461742213379,22.0412758756165,557.972158619442,0.982593166016983,16.9114113280038,594.547762648809,TRUE,6.77168601282331,0.0705795743437,11.0098764224887,2026-06-10 22:07:25,2026-06-10 22:08:29,"Time changed"
"16","2026-06-10 23:06:28","Collar_16_2026-06-10 23:06:28",2026-06-10 23:07:55,513.149892437495,5.98583239503941,2.82155916794534e-61,0.987134238776555,12.156217378487,532.137186824723,5.5750505645317,0.0930040391753935,7934.72444757123,5.5810173303691,2.80283333633374e-57,0.982769486798637,14.0679177496609,487.46087880928,0.991851649140312,9.83152599333697,532.138987792142,TRUE,5.57546265307875,0.0951099866169438,18.3252857790151,2026-06-10 23:07:23,2026-06-10 23:08:27,"Time changed"
"29","2026-06-10 00:10:08","Collar_29_2026-06-10 00:10:08",2026-06-10 00:11:35,376.891090906755,0.740174565296129,6.93797382757324e-28,0.852604987062001,4.26181927995001,373.188983672846,0.540428554131515,0.0273841516308867,4913.69552630116,1.64327728327168,1.14834048677937e-28,0.860765348550468,4.14216410602391,367.003040780487,0.880960682700135,3.89228117643168,373.294238416044,TRUE,0.534506517918926,0.0278988579719181,4.253485463745,2026-06-10 00:11:03,2026-06-10 00:12:07,"Time changed"
"29","2026-06-10 00:31:13","Collar_29_2026-06-10 00:31:13",2026-06-10 00:32:40,371.0085859867,0.999129405074673,1.69208895447859e-29,0.86895850675764,4.07326990068662,387.304338701842,0.538447961699933,0.030524941162886,5060.04706496581,1.83175082662041,4.64855160309556e-26,0.831620913733025,4.61724421218829,370.042592723161,0.878597178586365,3.98435951443994,387.349040355937,TRUE,0.539571967856986,0.029689125735704,4.36911712389585,2026-06-10 00:32:08,2026-06-10 00:33:12,"Time changed"
"29","2026-06-10 01:31:12","Collar_29_2026-06-10 01:31:12",2026-06-10 01:32:39,NA,NA,NA,NA,NA,756.874670606157,0.234184389651277,0.0204701049842829,5244.78745735725,1.2283768714207,2.60282186835057e-21,0.50556383769003,4.3788803436006,733.504376335587,0.599434490611986,3.97250500086781,756.975341881421,TRUE,0.240624301479593,0.0202814384779539,5.05959497547557,2026-06-10 01:32:07,2026-06-10 01:33:11,"Time changed"
"29","2026-06-10 02:31:12","Collar_29_2026-06-10 02:31:12",2026-06-10 02:32:39,753.283138372576,2.55205291721369,5.39000682446928e-75,0.928002962912119,4.31880816681561,806.890629795853,0.80365560248906,0.0248121785241145,4817.49583123868,1.48893746524433,1.59164278899408e-63,0.891256675382992,5.30771878818285,755.062995724631,0.92922209000869,4.31593784048633,806.976520935126,TRUE,0.79647258907614,0.0264996249309367,5.92810076891588,2026-06-10 02:32:07,2026-06-10 02:33:11,"Time changed"
"29","2026-06-10 03:31:12","Collar_29_2026-06-10 03:31:12",2026-06-10 03:32:39,830.808917238707,1.16095885856014,1.35925502443985e-77,0.934424836599418,5.81915783534897,839.006075249553,1.15912565017068,0.028074327487845,5091.9855844304,1.68469358575531,7.70698406513939e-76,0.930156845419905,6.00554422611512,827.219114656767,0.93814370199242,5.69642155050065,839.257841067521,TRUE,1.17133729101688,0.0276452520275923,6.42071002437436,2026-06-10 03:32:07,2026-06-10 03:33:11,"Time changed"
"29","2026-06-10 04:31:12","Collar_29_2026-06-10 04:31:12",2026-06-10 04:32:39,834.470520044203,2.61716679680658,3.02693472302555e-96,0.966471834548042,5.90168933064839,886.439842551451,1.66147487544518,0.0336931014870386,5252.06027836045,2.02186684557243,3.9450919885136e-85,0.94999365663721,7.2074891618687,833.957023557986,0.967615929793183,5.84597396829551,886.853744514501,TRUE,1.68061726004328,0.0386126803177011,6.75128737523418,2026-06-10 04:32:07,2026-06-10 04:33:11,"Time changed"
"29","2026-06-10 05:31:12","Collar_29_2026-06-10 05:31:12",2026-06-10 05:32:39,968.589509371007,4.2147698389859,1.97785419420488e-74,0.926526409538426,9.88561730960299,1051.22412152559,1.79006229641268,0.0635024698944008,5115.57276566836,3.81067734416916,9.5411682283511e-57,0.861263438909549,13.5841861780477,935.952729043726,0.944570904741163,8.65419685402282,1051.62531523002,TRUE,1.81809588988112,0.0628390474178301,15.1883486064896,2026-06-10 05:32:07,2026-06-10 05:33:11,"Time changed"
"29","2026-06-10 06:31:12","Collar_29_2026-06-10 06:31:12",2026-06-10 06:32:39,353.398601159427,-0.871267995902841,1.00479524405828e-23,0.800403215463939,3.55723895866639,365.891474342886,-0.36378405651358,0.0258892998792178,5304.17975264186,1.55357372193857,4.39271516311695e-21,0.758106558891909,3.91605079227034,354.71874743154,0.808464966333219,3.54132461508013,366.047760118046,TRUE,-0.373132525338781,0.0256488011273565,4.50072638357128,2026-06-10 06:32:07,2026-06-10 06:33:11,"Time changed"
"29","2026-06-10 07:31:12","Collar_29_2026-06-10 07:31:12",2026-06-10 07:32:39,NA,NA,NA,NA,NA,317.253958148588,0.0815777033656948,0.017808840856217,5117.51985990976,1.06867884807554,2.24220702052857e-05,0.249849936811676,2.69378954509264,320.173759840513,0.262213243320435,2.71494085448808,317.254087378711,TRUE,0.081772407511213,0.0187567436474677,3.0097748232082,2026-06-10 07:32:07,2026-06-10 07:33:11,"Time changed"
"29","2026-06-10 08:31:12","Collar_29_2026-06-10 08:31:12",2026-06-10 08:32:39,321.915039221894,-0.135346415186777,3.59097384452933e-10,0.466818243685516,2.79212631285206,325.07721902141,-0.133132338267714,0.0189134619517869,4323.52506398482,1.13496531834638,1.70874608935661e-09,0.440238224544889,2.86087603783853,323.579494880488,0.485636136397879,2.7870066380171,325.094075921153,TRUE,-0.133787563723889,0.0190314116092135,3.00702609201471,2026-06-10 08:32:07,2026-06-10 08:33:11,"Time changed"
"29","2026-06-10 09:31:12","Collar_29_2026-06-10 09:31:12",2026-06-10 09:32:39,NA,NA,NA,NA,NA,319.372296645044,0.0996602929280136,0.0181014115753888,4215.4962605428,1.08623552914589,7.20949665221506e-07,0.324848123324285,2.73804419090975,323.099582492411,0.327674858049416,2.77673699777667,319.472541232697,TRUE,0.104039740148088,0.0186844328874661,2.19389079602405,2026-06-10 09:32:07,2026-06-10 09:33:11,"Time changed"
"29","2026-06-10 10:31:12","Collar_29_2026-06-10 10:31:12",2026-06-10 10:32:39,NA,NA,NA,NA,NA,350.03975086359,0.0917737764545494,0.0229173305476339,4141.10788265441,1.37523079735209,0.000166478538820679,0.202899762117662,3.4665066597581,334.774645501611,0.407355809123928,3.03765146825336,350.18476172163,TRUE,0.0892100313535598,0.0254424987252822,2.93599507310208,2026-06-10 10:32:07,2026-06-10 10:33:11,"Time changed"
"29","2026-06-10 11:31:12","Collar_29_2026-06-10 11:31:12",2026-06-10 11:32:39,347.721065123428,0.37095186259639,1.1859177821159e-14,0.614162111875353,3.40522602056793,355.823474152563,0.215832554387991,0.0239599478321635,4011.31729010756,1.43779652229796,6.27051125942783e-13,0.56294032191322,3.62421437152186,347.793879416654,0.636783505287009,3.35762079593223,355.825873049663,TRUE,0.216986044115157,0.0274593190352557,3.92838002192313,2026-06-10 11:32:07,2026-06-10 11:33:11,"Time changed"
"29","2026-06-10 12:31:12","Collar_29_2026-06-10 12:31:12",2026-06-10 12:32:39,NA,NA,NA,NA,NA,334.859357168237,0.0858901899510818,0.0203915613838381,3987.95437206374,1.22366360090945,8.20569091719406e-05,0.219730461330671,3.0844553728898,317.660776441953,0.436871743522562,2.66296330430053,334.89259358111,TRUE,0.0882072687370395,0.0219723734565649,2.85180775855736,2026-06-10 12:32:07,2026-06-10 12:33:11,"Time changed"
"29","2026-06-10 13:31:12","Collar_29_2026-06-10 13:31:12",2026-06-10 13:32:39,NA,NA,NA,NA,NA,366.112273839499,-0.0290300414006908,0.0259333091224102,4020.26092811942,1.55621464324835,0.267214455169279,0.0195022838733865,3.92270769038944,336.662612047084,0.413923612652308,3.08208862787552,366.204888146144,TRUE,-0.0221144566613954,0.0275389032439916,4.44637608125624,2026-06-10 13:32:07,2026-06-10 13:33:11,"Time changed"
"29","2026-06-10 14:31:12","Collar_29_2026-06-10 14:31:12",2026-06-10 14:32:39,NA,NA,NA,NA,NA,328.281014569417,0.166383236436513,0.0193853673708804,4049.64188170867,1.16328357576409,3.42810315520199e-12,0.539024416124628,2.93225709483657,316.186561395891,0.640131708954912,2.63293557298752,328.395662340888,TRUE,0.16946647705272,0.0192040904324904,2.6062821977413,2026-06-10 14:32:07,2026-06-10 14:33:11,"Time changed"
"29","2026-06-10 15:31:12","Collar_29_2026-06-10 15:31:12",2026-06-10 15:32:39,NA,NA,NA,NA,NA,345.541122865957,-0.0594262267019822,0.0221378449702498,4053.01395248219,1.32845516744693,0.00927408498743422,0.102638969561739,3.34860060872083,349.207365861281,0.107234860605859,3.39432730784454,345.564657553435,TRUE,-0.0602209721441814,0.0206716632324314,2.9783693770407,2026-06-10 15:32:07,2026-06-10 15:33:11,"Time changed"
"29","2026-06-10 16:31:12","Collar_29_2026-06-10 16:31:12",2026-06-10 16:32:39,NA,NA,NA,NA,NA,340.30631281342,0.294920188181926,0.0212641130068385,4182.26686677443,1.27602396904812,8.20016293853645e-21,0.753289342318231,3.21643872085551,332.571483013961,0.794040328436801,2.98660493722079,340.408462618695,TRUE,0.291920898792976,0.0212242155866379,3.18951313699774,2026-06-10 16:32:07,2026-06-10 16:33:11,"Time changed"
"29","2026-06-10 17:31:12","Collar_29_2026-06-10 17:31:12",2026-06-10 17:32:39,NA,NA,NA,NA,NA,337.976503049428,0.0917273718412351,0.0208864203307568,3977.02453882023,1.25335926126279,4.38715751874536e-05,0.234389108324148,3.15930841179714,335.25026352828,0.309653629171055,3.04878537537644,338.628632026582,TRUE,0.0914504079424365,0.0214175136743149,2.47822607909823,2026-06-10 17:32:07,2026-06-10 17:33:11,"Time changed"
"29","2026-06-10 18:31:12","Collar_29_2026-06-10 18:31:12",2026-06-10 18:32:39,355.350134490629,0.397408619683861,8.8206799711365e-11,0.489695343244938,3.61104233237326,351.291075603368,0.191384629175361,0.0231389881091408,4290.47768055173,1.3885320980606,1.19861922859493e-11,0.520587759923608,3.50003488467734,354.313220049951,0.527746025633095,3.53029487273774,351.521460787251,TRUE,0.183620014807173,0.0210034714218959,3.0158900032379,2026-06-10 18:32:07,2026-06-10 18:33:11,"Time changed"
"29","2026-06-10 19:31:12","Collar_29_2026-06-10 19:31:12",2026-06-10 19:32:39,402.058409742151,0.385429772492031,6.82238984876916e-19,0.716331394504276,5.17216255593092,405.07072367673,0.427216594339007,0.0349951189186171,4583.6820863869,2.09999874085902,2.96394314347344e-18,0.702875879373469,5.29340939330901,399.969372428059,0.741698068547995,5.01574805073486,405.074438163658,TRUE,0.429313983375357,0.0385360948363949,5.72720672667798,2026-06-10 19:32:07,2026-06-10 19:33:11,"Time changed"
"29","2026-06-10 20:31:12","Collar_29_2026-06-10 20:31:12",2026-06-10 20:32:39,NA,NA,NA,NA,NA,451.060643318565,0.47779222448461,0.0498479416620992,4712.79152623078,2.99129187039662,6.37590220702896e-14,0.5932127509639,7.54006760899736,443.027879553242,0.661957753746794,6.98525751249,451.822972960911,TRUE,0.508706258621475,0.0403325724220772,5.31537833709732,2026-06-10 20:32:07,2026-06-10 20:33:11,"Time changed"
"29","2026-06-10 21:31:12","Collar_29_2026-06-10 21:31:12",2026-06-10 21:32:39,353.09635748698,0.493127978413201,7.93441163571844e-10,0.453465226753801,3.5489781579316,358.298526114427,0.160889420980681,0.0244204881245065,5284.8734233727,1.46543277740783,1.03722274717649e-08,0.407926194783339,3.69387632395455,353.522959033552,0.482700208597715,3.50889955039485,358.318181955643,TRUE,0.163535155416557,0.025220709728528,3.56616026954255,2026-06-10 21:32:07,2026-06-10 21:33:11,"Time changed"
"29","2026-06-10 22:31:12","Collar_29_2026-06-10 22:31:12",2026-06-10 22:32:39,361.463228039927,1.18035393976096,2.39387454693852e-26,0.835120629138375,3.78490301077672,361.4414773768,0.446995146859534,0.0250180860515821,5504.63531821102,1.50129363266931,2.36869855108244e-26,0.835175792764461,3.78426980105519,361.818653505049,0.844111073602039,3.7401118010582,361.493742542158,TRUE,0.451868581087695,0.0275550709085504,3.82639500119485,2026-06-10 22:32:07,2026-06-10 22:33:11,"Time changed"
"29","2026-06-10 23:31:12","Collar_29_2026-06-10 23:31:12",2026-06-10 23:32:39,NA,NA,NA,NA,NA,405.960507555702,0.187076104297235,0.0352354642909077,5493.26025973021,2.11442146593549,1.52297098281285e-06,0.30912570656545,5.3297643619628,395.577948087495,0.446264164512458,4.84914492709416,409.034601025454,TRUE,0.241326460218011,0.0218930314775745,3.30580464000199,2026-06-10 23:32:07,2026-06-10 23:33:11,"Time changed"
"30","2026-06-10 00:13:07","Collar_30_2026-06-10 00:13:07",2026-06-10 00:14:04,NA,NA,NA,NA,NA,339.571762529242,0.261526252987136,0.0211443013532224,4890.49967280847,1.26883427147003,1.65089136675743e-18,0.708310723635538,3.19831584680115,332.659360001092,0.753390528627011,2.98862449545142,339.599069973616,TRUE,0.259277539412607,0.021810547813703,3.66582960266776,2026-06-10 00:13:32,2026-06-10 00:14:36,NA
"30","2026-06-10 00:34:12","Collar_30_2026-06-10 00:34:12",2026-06-10 00:35:09,NA,NA,NA,NA,NA,328.56714138168,0.0716953887868871,0.0194280810777816,5054.11315675746,1.16584675410101,0.000469439452647477,0.177742043529052,2.93871802837018,318.873948037458,0.333933411352572,2.68793063285526,328.573346909718,TRUE,0.0704278676325972,0.0208279711655077,3.07761732017291,2026-06-10 00:34:37,2026-06-10 00:35:41,NA
"30","2026-06-10 01:34:10","Collar_30_2026-06-10 01:34:10",2026-06-10 01:35:07,NA,NA,NA,NA,NA,649.060331714975,-0.182238950729037,0.0135216890717381,5202.0914440137,0.811414017222588,2.55406239487985e-26,0.586621757595561,2.89250389941697,650.270435887481,0.595398643317618,2.88425414550479,649.249322206959,TRUE,-0.178507291969899,0.0131411411574163,2.403315011906,2026-06-10 01:34:35,2026-06-10 01:35:39,NA
"30","2026-06-10 02:34:12","Collar_30_2026-06-10 02:34:12",2026-06-10 02:35:09,NA,NA,NA,NA,NA,669.203712500272,-0.025973435813788,0.0146109249865163,4796.00968337206,0.876777248444975,0.0778323493362926,0.0240935937089357,3.12550874919317,656.424836780957,0.142262239903311,2.95334111488356,669.38579729844,TRUE,-0.0198462807468542,0.0163537421069538,3.21765997332398,2026-06-10 02:34:37,2026-06-10 02:35:41,NA
"30","2026-06-10 03:34:12","Collar_30_2026-06-10 03:34:12",2026-06-10 03:35:09,NA,NA,NA,NA,NA,706.541775723584,0.120803671418497,0.0168673107070593,5073.19141900775,1.0121791935863,5.55204509273355e-11,0.286089715358975,3.60818546662347,686.501027760254,0.406623875361801,3.31552097580164,706.590550221231,TRUE,0.123031074138832,0.0162414309860079,3.69028240596908,2026-06-10 03:34:37,2026-06-10 03:35:41,NA
"30","2026-06-10 04:34:12","Collar_30_2026-06-10 04:34:12",2026-06-10 04:35:09,NA,NA,NA,NA,NA,645.007083224847,0.0263073669732026,0.013312528401101,5243.77012913823,0.798862634099794,0.0502898301673541,0.0296054753878435,2.84776111231302,644.20264423371,0.0648139511680693,2.81772177690292,645.420618803735,TRUE,0.0248475739096069,0.0137929184894069,2.63895789987832,2026-06-10 04:34:37,2026-06-10 04:35:41,NA
"30","2026-06-10 05:34:11","Collar_30_2026-06-10 05:34:11",2026-06-10 05:35:08,NA,NA,NA,NA,NA,674.153936147331,0.0544544938184963,0.0148917721741579,5074.00286988079,0.8936304199342,0.000371793379780528,0.0945830540102415,3.18558642004361,667.360695893848,0.166719244849801,3.08021101921234,674.294167447967,TRUE,0.0494189037411447,0.0156144223487752,2.84149023567382,2026-06-10 05:34:36,2026-06-10 05:35:40,NA
"30","2026-06-10 06:34:10","Collar_30_2026-06-10 06:34:10",2026-06-10 06:35:07,405.37210306506,-0.788459458659159,6.40747488402195e-16,0.648015489457916,5.30569535590704,407.87972829934,-0.37370248555692,0.0357595125894037,5288.48975175249,2.14586873061118,2.18237549660728e-15,0.634170996657172,5.40903262198092,408.106655025424,0.654801801973888,5.33974049029105,408.157373650247,TRUE,-0.385599587335006,0.0361644916066452,4.45998900290854,2026-06-10 06:34:35,2026-06-10 06:35:39,NA
"30","2026-06-10 07:34:12","Collar_30_2026-06-10 07:34:12",2026-06-10 07:35:09,NA,NA,NA,NA,NA,354.174549058684,-0.157455234214729,0.0236579581880466,5118.89464386253,1.41967462724532,7.93451007756504e-09,0.412836554915004,3.57853500627757,348.468205706139,0.494284194056025,3.37508244445029,354.477551069655,TRUE,-0.151544885874216,0.0242059220052551,3.34314083433067,2026-06-10 07:34:37,2026-06-10 07:35:41,NA
"30","2026-06-10 08:34:10","Collar_30_2026-06-10 08:34:10",2026-06-10 08:35:07,NA,NA,NA,NA,NA,346.030735533914,-0.0948247857836275,0.0222213788635458,4301.91631479341,1.33346789711214,6.77774249637345e-05,0.224230179103704,3.36123605929498,338.792725101606,0.347400651766151,3.13300615998636,346.279024660816,TRUE,-0.0843596144212674,0.023566173402229,3.38798847610689,2026-06-10 08:34:35,2026-06-10 08:35:39,NA
"30","2026-06-10 09:34:12","Collar_30_2026-06-10 09:34:12",2026-06-10 09:35:09,NA,NA,NA,NA,NA,335.323422982506,-0.0271706194288826,0.0204644839754673,4213.08371513152,1.22803956405327,0.189069295766769,0.0272189906827877,3.0954857435084,336.760835799703,0.0648241643259814,3.08441823332029,335.366940169165,TRUE,-0.0232736094122318,0.0220530203534536,3.18891532636234,2026-06-10 09:34:37,2026-06-10 09:35:41,NA
"30","2026-06-10 10:34:12","Collar_30_2026-06-10 10:34:12",2026-06-10 10:35:09,382.111590926837,0.445966598241739,5.4890488338856e-09,0.419526655446363,4.43644696332028,388.365288376896,0.183561792891926,0.030775079146175,4142.01468043935,1.84676118995621,1.21911217423835e-07,0.360904042073117,4.65508042453107,373.127588293335,0.5246316413776,4.08004211380755,388.792114578056,TRUE,0.192894106075738,0.0334087899220457,3.62507136527034,2026-06-10 10:34:37,2026-06-10 10:35:41,NA
"30","2026-06-10 11:34:12","Collar_30_2026-06-10 11:34:12",2026-06-10 11:35:09,NA,NA,NA,NA,NA,357.011181921608,0.127520170269708,0.0241798540590909,4004.82535375927,1.45099272833825,1.74182386921877e-06,0.306267986864547,3.65747768718514,352.813177406462,0.388470869770779,3.48979365995582,357.372196981665,TRUE,0.137713078822244,0.0235576524665021,3.32280728572672,2026-06-10 11:34:37,2026-06-10 11:35:41,NA
"30","2026-06-10 12:34:12","Collar_30_2026-06-10 12:34:12",2026-06-10 12:35:09,NA,NA,NA,NA,NA,345.492826244479,0.0906506027557616,0.0221296220122804,3983.09813755177,1.32796172144888,0.000122003093592449,0.210328955305384,3.34735679288876,346.662470881447,0.243976446618988,3.32852573629629,345.655458286832,TRUE,0.0986653135703231,0.0234641663699237,3.48061414876471,2026-06-10 12:34:37,2026-06-10 12:35:41,NA
"30","2026-06-10 13:34:12","Collar_30_2026-06-10 13:34:12",2026-06-10 13:35:09,NA,NA,NA,NA,NA,335.975971151361,0.0211987117867669,0.0205674657733642,4003.10597042241,1.23421933004915,0.306626279075918,0.0165826783992397,3.11106291064405,335.060208379447,0.0882129643648451,3.04433142147866,336.161370931038,TRUE,0.0129776795139662,0.0212903050826293,2.98476076146515,2026-06-10 13:34:37,2026-06-10 13:35:41,NA
"30","2026-06-10 14:34:12","Collar_30_2026-06-10 14:34:12",2026-06-10 14:35:09,NA,NA,NA,NA,NA,354.977996055013,-0.00936946543612008,0.0238046256844643,4061.91958952468,1.42847589917465,0.695206429833188,0.00245301229688542,3.60072013172424,354.963890606836,0.0621933621977167,3.54800885047047,355.030414009354,TRUE,-0.00682041623139214,0.0249851293318701,3.59958500777837,2026-06-10 14:34:37,2026-06-10 14:35:41,NA
"30","2026-06-10 15:34:12","Collar_30_2026-06-10 15:34:12",2026-06-10 15:35:09,NA,NA,NA,NA,NA,327.362716971435,0.0561617917713924,0.01924891498179,4050.12881641374,1.15509529539438,0.00488310847639483,0.119038098026012,2.91161712044957,329.308217815854,0.146447798873209,2.91256818500542,327.381910928784,TRUE,0.0554283485179314,0.02099614082107,2.38643484056794,2026-06-10 15:34:37,2026-06-10 15:35:41,NA
"30","2026-06-10 16:34:12","Collar_30_2026-06-10 16:34:12",2026-06-10 16:35:09,NA,NA,NA,NA,NA,326.716123506493,0.0365950025975617,0.0191534125094643,4167.75400675994,1.14936435125616,0.0606059336488145,0.0547706492878676,2.8971712862957,330.640969374325,0.0558629083609712,2.94258122792531,326.74860143776,TRUE,0.0397966758647814,0.0196419429880752,2.96069182114084,2026-06-10 16:34:37,2026-06-10 16:35:41,NA
"30","2026-06-10 17:34:13","Collar_30_2026-06-10 17:34:13",2026-06-10 17:35:10,NA,NA,NA,NA,NA,335.886870121736,-0.00740008530893037,0.0205533738156602,3964.46497497919,1.23337369516208,0.72001967965163,0.00205340191705485,3.10893134191146,323.886104516028,0.219812604677369,2.79358765027731,336.296035099839,TRUE,-0.0122743318405497,0.0213006382763387,2.74648269813434,2026-06-10 17:34:38,2026-06-10 17:35:42,NA
"30","2026-06-10 18:34:12","Collar_30_2026-06-10 18:34:12",2026-06-10 18:35:09,NA,NA,NA,NA,NA,354.655163115919,0.0912984467774433,0.0237455842762058,4293.60265114848,1.42493292270157,0.00028348312047652,0.190053843670936,3.59178944782525,353.34077690821,0.253640054895348,3.50398561917995,354.737645891997,TRUE,0.0960444966325215,0.0237643661969839,3.55762993764292,2026-06-10 18:34:37,2026-06-10 18:35:41,NA
"30","2026-06-10 19:34:11","Collar_30_2026-06-10 19:34:11",2026-06-10 19:35:08,399.047620939319,0.141710472338921,8.59245883111578e-05,0.218643338225028,5.05375219620504,400.038704215578,0.136375710055257,0.0336664149121108,4568.48275829308,2.02026542870408,0.000142413292470668,0.206638363340181,5.09242781398293,402.434712702625,0.225976402140138,5.11177513743198,400.124881911612,TRUE,0.138612582374743,0.034998460900678,5.35145703510893,2026-06-10 19:34:36,2026-06-10 19:35:40,NA
"30","2026-06-10 20:34:10","Collar_30_2026-06-10 20:34:10",2026-06-10 20:35:07,NA,NA,NA,NA,NA,387.507995712027,0.122218665821586,0.0305727987801977,4699.7770411964,1.8346226824449,0.000170407385707291,0.202340074402016,4.62448322062282,378.917471387461,0.34280421406283,4.26586456768939,387.612024971481,TRUE,0.124935871760908,0.0316122386147509,4.69896911300736,2026-06-10 20:34:35,2026-06-10 20:35:39,NA
"30","2026-06-10 21:34:10","Collar_30_2026-06-10 21:34:10",2026-06-10 21:35:07,490.710816587149,1.09753854983005,6.80938413838822e-16,0.647340606047304,10.2290578763631,494.511722347856,0.715193152381596,0.0696314459117003,5301.32838399351,4.1784669764609,4.36491311704705e-15,0.626103816477364,10.5325474308532,480.32744380265,0.717346986897957,9.30657913133546,495.088788154428,TRUE,0.761678534553595,0.0658696710042701,10.1648081260577,2026-06-10 21:34:35,2026-06-10 21:35:39,NA
"30","2026-06-10 22:34:13","Collar_30_2026-06-10 22:34:13",2026-06-10 22:35:10,343.568768901581,0.343507620170039,2.86495187872578e-27,0.845836449098219,3.2981792581449,327.458161137497,0.413416606395337,0.019263052452752,5497.84714288116,1.15594366145617,1.1433176197437e-30,0.879679555603401,2.9137555735796,321.516909714042,0.896743495848666,2.74313682035236,327.553098034895,TRUE,0.4077348120395,0.0208006130568995,2.82317820238976,2026-06-10 22:34:38,2026-06-10 22:35:42,NA
"30","2026-06-10 23:34:11","Collar_30_2026-06-10 23:34:11",2026-06-10 23:35:08,NA,NA,NA,NA,NA,374.510148199616,0.0437839577997107,0.0276638703538273,5464.11104791446,1.66006273747563,0.118494662739002,0.0382410525842691,4.18447474137113,378.210124264944,0.042670064702228,4.24271646974736,374.679085632713,TRUE,0.0369262693292013,0.0272517870019107,3.68297281868975,2026-06-10 23:34:36,2026-06-10 23:35:40,NA
"31","2026-06-10 00:16:07","Collar_31_2026-06-10 00:16:07",2026-06-10 00:17:03.924242,NA,NA,NA,NA,NA,330.790015737772,0.148918803801951,0.0190141989447152,4923.1697594833,1.13885513879652,6.37685622774817e-11,0.489388424589095,2.87766073234651,332.418536673984,0.507409759239961,2.87164867787594,330.836649257817,TRUE,0.146683103254239,0.0188908015182292,2.72743628798739,2026-06-10 00:16:32,2026-06-10 00:17:36,NA
"31","2026-06-10 00:37:13","Collar_31_2026-06-10 00:37:13",2026-06-10 00:38:10,NA,NA,NA,NA,NA,354.192772118614,0.296799197056193,0.0236612747311848,5051.4851318191,1.41987364746955,8.76187510831702e-19,0.714082953864178,3.57903667111379,347.711767442661,0.756661009340996,3.35550068963029,354.531681958874,TRUE,0.288422946761011,0.0246238396423955,3.49238543686995,2026-06-10 00:37:38,2026-06-10 00:38:42,NA
"31","2026-06-10 01:37:10","Collar_31_2026-06-10 01:37:10",2026-06-10 01:38:07,NA,NA,NA,NA,NA,784.379671285272,0.0478477116999626,0.0227542966772986,5157.22726155806,1.36544740661073,0.0374417669077623,0.0333915166666926,4.8675051998601,727.349650247572,0.395542213484352,3.87957206444698,785.814998241355,TRUE,0.0208150376577964,0.0220099022846737,3.55674770226037,2026-06-10 01:37:35,2026-06-10 01:38:39,NA
"31","2026-06-10 02:37:11","Collar_31_2026-06-10 02:37:11",2026-06-10 02:38:08,NA,NA,NA,NA,NA,673.382018323018,0.346747452660764,0.0148476253392299,4792.00353969305,0.89098124197377,5.55364189645647e-48,0.809918896992854,3.17614271138422,664.16172078749,0.828298716591903,3.04254506304844,673.578005567007,TRUE,0.351948103897806,0.0156508664186655,3.69786443923748,2026-06-10 02:37:36,2026-06-10 02:38:40,NA
"31","2026-06-10 03:37:12","Collar_31_2026-06-10 03:37:12",2026-06-10 03:38:09,NA,NA,NA,NA,NA,682.114960895397,0.143926514382024,0.0153548008379714,5080.35316459475,0.921415998067287,3.25314054555338e-16,0.407024204853047,3.28463560010659,679.660517421246,0.435746276133031,3.22942826311909,682.278525723095,TRUE,0.147395777027855,0.0146039458185892,2.95132874746398,2026-06-10 03:37:37,2026-06-10 03:38:41,NA
"31","2026-06-10 04:37:12","Collar_31_2026-06-10 04:37:12",2026-06-10 04:38:09,NA,NA,NA,NA,NA,656.822676423094,0.160263601835166,0.0139314679972841,5217.42888870891,0.836004167342617,1.81364680079804e-21,0.5083265666342,2.98016211532122,659.480263347358,0.513377587655798,2.98825244930781,656.870510728011,TRUE,0.163016194946553,0.0150006731186251,3.06005360102297,2026-06-10 04:37:37,2026-06-10 04:38:41,NA
"31","2026-06-10 05:37:12","Collar_31_2026-06-10 05:37:12",2026-06-10 05:38:09,NA,NA,NA,NA,NA,707.594661883653,0.0416501292215208,0.0169357544201416,5061.33001667825,1.01628638669591,0.0152559217131071,0.0451193400767917,3.62282666314342,711.542895700239,0.0454994992078164,3.65073911767194,707.602689773704,TRUE,0.0423601341772651,0.0170093657222696,3.55851590779353,2026-06-10 05:37:37,2026-06-10 05:38:41,NA
"31","2026-06-10 06:37:11","Collar_31_2026-06-10 06:37:11",2026-06-10 06:38:08,419.582574567667,-0.909956246791014,6.61342659544476e-19,0.716609719458946,5.91855397629645,416.061219973984,-0.498986218633937,0.0380823481454537,5199.64922704544,2.2852582195931,1.18851688281284e-19,0.731553847440749,5.76038789470056,419.890567384109,0.732257708164893,5.84637922747417,416.062423911923,TRUE,-0.499886173823504,0.0385475724809712,5.47984229341222,2026-06-10 06:37:36,2026-06-10 06:38:40,NA
"31","2026-06-10 07:37:12","Collar_31_2026-06-10 07:37:12",2026-06-10 07:38:09,NA,NA,NA,NA,NA,345.47126421698,-0.106333252576597,0.0221259518588243,5097.32777352264,1.32774148165902,9.92863831306588e-06,0.2682575579536,3.3468016404738,348.336741724347,0.280918714610765,3.3716710790396,345.484962368402,TRUE,-0.105191444943672,0.0221995579419682,2.80741546066696,2026-06-10 07:37:37,2026-06-10 07:38:41,NA
"31","2026-06-10 08:37:10","Collar_31_2026-06-10 08:37:10",2026-06-10 08:38:07,NA,NA,NA,NA,NA,387.30909506108,-0.260559438099304,0.0305260580109007,4280.28414346609,1.83181784680771,4.14359849536244e-12,0.536277620555503,4.6174131481415,369.464261023743,0.668637917214882,3.96667364161883,388.079822011557,TRUE,-0.247042794207713,0.0270520445436574,4.5594522146562,2026-06-10 08:37:35,2026-06-10 08:38:39,NA
"31","2026-06-10 09:37:11","Collar_31_2026-06-10 09:37:11",2026-06-10 09:38:08,NA,NA,NA,NA,NA,339.735636529,0.158813897968662,0.0211709720154513,4205.09627542349,1.27043473344385,2.65886174028076e-10,0.471797317598116,3.2023500875276,331.954228716288,0.55936024904747,2.97245782111572,339.791411922024,TRUE,0.156743131832276,0.0212075096384486,3.05382676065193,2026-06-10 09:37:36,2026-06-10 09:38:40,NA
"31","2026-06-10 10:37:11","Collar_31_2026-06-10 10:37:11",2026-06-10 10:38:08,NA,NA,NA,NA,NA,343.516806227966,-0.0940273348717096,0.021795791912234,4158.22237001547,1.30792913372175,5.76015528566241e-05,0.228042498062674,3.29686119687537,345.754518153958,0.24869073219538,3.3053594682922,343.681014074584,TRUE,-0.0949380146881102,0.0212982476188077,2.60003984614572,2026-06-10 10:37:36,2026-06-10 10:38:40,NA
"31","2026-06-10 11:37:11","Collar_31_2026-06-10 11:37:11",2026-06-10 11:38:08,345.710883134156,0.0381235148488355,0.217154706748115,0.024073525332381,3.3529762291812,344.023736666428,-0.0394558460191534,0.0218809497651303,4018.25479492107,1.31303931449503,0.0761383355239484,0.0490788458587058,3.30974228979247,332.655336754023,0.249308914936504,2.98853200476925,344.054821915297,TRUE,-0.0425344847460304,0.0219815810910024,3.42111170216234,2026-06-10 11:37:36,2026-06-10 11:38:40,NA
"31","2026-06-10 12:37:12","Collar_31_2026-06-10 12:37:12",2026-06-10 12:38:09,336.439815653885,0.190002882216255,4.89531819161462e-05,0.231839672863901,3.12218311770475,336.190674624866,0.0905740361332352,0.0206014623497462,3990.32276858105,1.2362594079172,4.31424358115853e-05,0.234778348988533,3.11620527913205,330.99795320403,0.335696549832354,2.95067274735421,336.277315625344,TRUE,0.0958793346191656,0.0193511100666795,2.5756870153459,2026-06-10 12:37:37,2026-06-10 12:38:41,NA
"31","2026-06-10 13:37:11","Collar_31_2026-06-10 13:37:11",2026-06-10 13:38:08,NA,NA,NA,NA,NA,332.520641554093,-0.044019190601188,0.0200279948535806,4008.49034075803,1.20184657958328,0.0316403877762804,0.0712168775905856,3.02946180390569,327.842503695841,0.187297230426004,2.87991421077357,332.602864854819,TRUE,-0.0484250366076734,0.020658084889422,2.65685807948967,2026-06-10 13:37:36,2026-06-10 13:38:40,NA
"31","2026-06-10 14:37:13","Collar_31_2026-06-10 14:37:13",2026-06-10 14:38:10,NA,NA,NA,NA,NA,349.769033232988,-0.0698463519498451,0.0228696561627294,4061.20719742996,1.37236993699887,0.00330584444528121,0.128962770372013,3.45929536730727,339.491151550319,0.300738343959633,3.14988356692778,350.055187398742,TRUE,-0.063505902255517,0.0231996891705057,3.59428704359307,2026-06-10 14:37:38,2026-06-10 14:38:42,NA
"31","2026-06-10 15:37:13","Collar_31_2026-06-10 15:37:13",2026-06-10 15:38:10,NA,NA,NA,NA,NA,343.065747916924,-0.048646013528018,0.0217202985484847,4058.80509187726,1.30339890282911,0.0286508595827421,0.073748203525301,3.28544196776139,325.376698925977,0.336540083766044,2.82580357867965,344.213257085703,TRUE,-0.0284647076939694,0.0209129938295716,2.74282660560189,2026-06-10 15:37:38,2026-06-10 15:38:42,NA
"31","2026-06-10 16:37:11","Collar_31_2026-06-10 16:37:11",2026-06-10 16:38:08,325.298972206068,0.332463987671607,0.266745186223473,0.0195402113341691,2.86576026680011,325.994026035965,0.0144073085678296,0.0190473179712758,4168.49977355916,1.14299779490509,0.452231318197019,0.00899976685694033,2.88112328182022,323.69180143115,0.100573383085266,2.78941536371366,326.085511291786,TRUE,0.010150785943116,0.022358624301703,2.86019021857835,2026-06-10 16:37:36,2026-06-10 16:38:40,NA
"31","2026-06-10 17:37:14","Collar_31_2026-06-10 17:37:14",2026-06-10 17:38:11,NA,NA,NA,NA,NA,320.302840418865,0.0208503823345348,0.0182314468478241,3966.07547892843,1.09403872904404,0.257096143734828,0.020338607655869,2.75771350348364,322.252215701882,0.0507626038086826,2.75869651346352,320.562604322216,TRUE,0.0117434142557686,0.0190623186190897,2.76275686160422,2026-06-10 17:37:39,2026-06-10 17:38:43,NA
"31","2026-06-10 18:37:12","Collar_31_2026-06-10 18:37:12",2026-06-10 18:38:09,329.030682186917,0.0316540212510874,5.60962685838348e-05,0.228661606053933,2.94921531479843,328.649239158597,0.0850877641480249,0.0194403542009455,4302.90865016843,1.16658324375976,4.62242399066535e-05,0.23317483744835,2.94057447771078,332.595369022228,0.233810096878468,2.98715374202386,328.709935157265,TRUE,0.0869815831225918,0.0213886889832079,2.33287120783206,2026-06-10 18:37:37,2026-06-10 18:38:41,NA
"31","2026-06-10 19:37:11","Collar_31_2026-06-10 19:37:11",2026-06-10 19:38:08,NA,NA,NA,NA,NA,362.933630219359,-0.0685566242773231,0.0253069004641147,4594.26706522475,1.51862490404092,0.00868021935688463,0.104334132738201,3.82795626280943,363.95395341654,0.144465648839803,3.80205187552255,363.057332368813,TRUE,-0.0656406458174273,0.0255624602315615,3.66664866730767,2026-06-10 19:37:36,2026-06-10 19:38:40,NA
"31","2026-06-10 20:37:10","Collar_31_2026-06-10 20:37:10",2026-06-10 20:38:07,359.189161910115,0.667975524356467,6.07020978354033e-18,0.696081304843328,3.71927012303072,359.008349615355,0.295538776519034,0.0245541930987935,4714.86598365831,1.4734561899958,5.55772378262388e-18,0.696925549096189,3.7141007206331,355.461652688338,0.730147514894102,3.56162000174972,359.092916952036,TRUE,0.290377137598345,0.0247840096518928,4.21515889726632,2026-06-10 20:37:35,2026-06-10 20:38:39,NA
"31","2026-06-10 21:37:10","Collar_31_2026-06-10 21:37:10",2026-06-10 21:38:07,389.402026218648,0.423228000319456,2.97321434634048e-15,0.630593658661645,4.69235267938362,395.48094518667,0.312329129195644,0.0325065323800978,5429.41766589869,1.95066281176666,5.81911086976623e-14,0.594379065548163,4.91698240102774,392.263847972189,0.637005820519647,4.72708771546541,395.490179045164,TRUE,0.3102456298904,0.0325492565811654,5.0556868886331,2026-06-10 21:37:35,2026-06-10 21:38:39,NA
"31","2026-06-10 22:37:14","Collar_31_2026-06-10 22:37:14",2026-06-10 22:38:11,NA,NA,NA,NA,NA,339.998970929757,0.124391486148228,0.0212139004430418,5533.23134867356,1.27301079681134,1.80784715557124e-07,0.35306799321233,3.20884350000537,331.24328744066,0.468342271634247,2.956246474616,340.10378167279,TRUE,0.128939731914786,0.0232662155012543,2.67288590086959,2026-06-10 22:37:39,2026-06-10 22:38:43,NA
"31","2026-06-10 23:37:11","Collar_31_2026-06-10 23:37:11",2026-06-10 23:38:08,NA,NA,NA,NA,NA,424.732719303275,0.465803999292838,0.0407092244812867,5431.66214176352,2.44289268885924,5.02914313952407e-17,0.675131222220806,6.15773279024148,394.155570019449,0.809154309707392,4.79637783798187,425.460098316259,TRUE,0.438184607245735,0.0383114302337506,5.96988013749022,2026-06-10 23:37:36,2026-06-10 23:38:40,NA
"32","2026-06-10 00:19:08","Collar_32_2026-06-10 00:19:08",2026-06-10 00:20:05,NA,NA,NA,NA,NA,587.999929757706,2.26747988428392,0.142930190305614,4875.27423835783,8.57700242055331,1.10661287305653e-23,0.799793019091252,21.6198154294222,563.297210468651,0.871263016012256,17.6185188786934,588.207535875964,TRUE,2.33124050048569,0.118572016960311,12.8637489109254,2026-06-10 00:19:33,2026-06-10 00:20:37,NA
"32","2026-06-10 00:40:11","Collar_32_2026-06-10 00:40:11",2026-06-10 00:41:08,NA,NA,NA,NA,NA,564.195403178713,1.11023559784848,0.119014411219618,5056.8475006174,7.14185639107275,1.75550859171373e-13,0.580062786266923,18.0022820826569,555.128600524558,0.656537657837225,16.5455154740384,564.345685725989,TRUE,1.14550792366416,0.10025051184027,14.6181246304114,2026-06-10 00:40:36,2026-06-10 00:41:40,NA
"32","2026-06-10 01:40:08","Collar_32_2026-06-10 01:40:08",2026-06-10 01:41:05,NA,NA,NA,NA,NA,1194.39074392113,1.41347137004667,0.110136406482311,5113.56176047242,6.60910212859854,9.53896244140598e-25,0.562702731272256,23.5599253560494,1155.92587609792,0.684562557054323,20.1679549129332,1195.1216313956,TRUE,1.50452616566674,0.0867710948046233,18.4464855217009,2026-06-10 01:40:33,2026-06-10 01:41:37,NA
"32","2026-06-10 02:40:11","Collar_32_2026-06-10 02:40:11",2026-06-10 02:41:08,NA,NA,NA,NA,NA,1183.13054240826,2.83317226556833,0.105468379659831,4747.52441758155,6.32898162172723,1.87844638755836e-54,0.849342307443745,22.5613603310017,1180.41888015213,0.856923113226868,22.1602205856489,1183.31809715381,TRUE,2.7884637056723,0.100408157479767,16.8273279089999,2026-06-10 02:40:36,2026-06-10 02:41:40,NA
"32","2026-06-10 03:40:12","Collar_32_2026-06-10 03:40:12",2026-06-10 03:41:09,NA,NA,NA,NA,NA,1273.8298591912,2.92250934270363,0.149493769326365,5011.28079483423,8.97087185449235,2.99469773255485e-40,0.749107152035692,31.9790899214537,1167.07558002329,0.892974197115465,21.0516392445057,1280.00473280171,TRUE,2.58839564460358,0.131341012303601,22.7470006246117,2026-06-10 03:40:37,2026-06-10 03:41:41,NA
"32","2026-06-10 04:40:12","Collar_32_2026-06-10 04:40:12",2026-06-10 04:41:09,NA,NA,NA,NA,NA,1274.87083559795,3.11062238529499,0.150093505611704,5142.92760741875,9.00686102906805,1.01047962425115e-42,0.770406689124803,32.1073830314906,1256.47007847695,0.806747811157076,29.6897962151167,1276.53755320877,TRUE,2.98322141402758,0.120710531939387,21.1953690799311,2026-06-10 04:40:37,2026-06-10 04:41:41,NA
"32","2026-06-10 05:40:10","Collar_32_2026-06-10 05:40:10",2026-06-10 05:41:07,1170.60094966339,1.92964282977748,6.38811658334571e-58,0.866995691241523,21.4998935045711,1165.70608156338,2.91139680917433,0.0986318303003713,4966.16255507179,5.91873169287077,5.72284843436855e-59,0.871910569871701,21.0989139179921,1164.705567533,0.876744036111797,20.8606163953451,1168.95812207063,TRUE,2.80260520290907,0.0862278243132753,17.3406221136888,2026-06-10 05:40:35,2026-06-10 05:41:39,NA
"32","2026-06-10 06:40:09","Collar_32_2026-06-10 06:40:09",2026-06-10 06:41:06,336.398414270154,-0.297718651670631,8.26090327177622e-22,0.770547068515602,3.12118894754911,341.694463178683,-0.296316236838025,0.0214923895092903,5125.95547452625,1.28972246136733,1.08894138209948e-20,0.751069039136514,3.25096813580508,327.249599588092,0.812569434358431,2.8668094025801,341.839471101958,TRUE,-0.288781810938057,0.0216644758538999,2.75487073205658,2026-06-10 06:40:34,2026-06-10 06:41:38,NA
"32","2026-06-10 07:40:11","Collar_32_2026-06-10 07:40:11",2026-06-10 07:41:08,NA,NA,NA,NA,NA,344.909173312038,-0.355373941649621,0.0220304907199753,5065.57110266386,1.32201301787383,4.74798806054314e-24,0.805079867023851,3.33236205847798,344.525415732906,0.817792257963708,3.2742557729786,345.240756449869,TRUE,-0.358801832133219,0.0217183068743902,3.28951487695674,2026-06-10 07:40:36,2026-06-10 07:41:40,NA
"32","2026-06-10 08:40:10","Collar_32_2026-06-10 08:40:10",2026-06-10 08:41:07,NA,NA,NA,NA,NA,323.414239294423,0.0576082898608054,0.0186730589903071,4254.9532253663,1.12053913743868,0.00302101149236523,0.131248420485481,2.82451235816549,326.170054882042,0.147719313885029,2.84310144640146,323.436429267462,TRUE,0.0582560664058584,0.0199336530408792,2.96383833165961,2026-06-10 08:40:35,2026-06-10 08:41:39,NA
"32","2026-06-10 09:40:11","Collar_32_2026-06-10 09:40:11",2026-06-10 09:41:08,NA,NA,NA,NA,NA,351.729066344052,0.0232640831712165,0.0232170785274312,4219.1867362797,1.39321817386632,0.320164966114733,0.0156873384065265,3.51184694780154,347.649587815608,0.130738567942332,3.35389612123221,351.856088756975,TRUE,0.0243685257167385,0.0224654548697816,3.88249124226805,2026-06-10 09:40:36,2026-06-10 09:41:40,NA
"32","2026-06-10 10:40:11","Collar_32_2026-06-10 10:40:11",2026-06-10 10:41:08,NA,NA,NA,NA,NA,352.602702331104,0.0509213039478936,0.0233736291647985,4147.24311599335,1.40261251660642,0.0331120801823573,0.0700586468037367,3.53552701062104,348.378118642318,0.180585987143536,3.37274439874588,352.819340217411,TRUE,0.0603538203932193,0.0237144819996031,3.48581016766162,2026-06-10 10:40:36,2026-06-10 10:41:40,NA
"32","2026-06-10 11:40:11","Collar_32_2026-06-10 11:40:11",2026-06-10 11:41:08,NA,NA,NA,NA,NA,353.435883683221,-0.0248438822227893,0.0235239138746794,4009.52661730454,1.4116308514849,0.294950330675549,0.0173963283090205,3.55825928070717,352.036895122588,0.0957150743567386,3.46901679372427,353.441117597431,TRUE,-0.026167147147232,0.0243381965863402,3.83368592315071,2026-06-10 11:40:36,2026-06-10 11:41:40,NA
"32","2026-06-10 12:40:10","Collar_32_2026-06-10 12:40:10",2026-06-10 12:41:07,NA,NA,NA,NA,NA,338.164432514679,-0.0117855804999985,0.0209166358100578,4011.91119235789,1.25517244179903,0.575125294115033,0.00501411922389228,3.16387884638625,340.546162002647,0.0294799348426907,3.17555034487562,338.164540290223,TRUE,-0.0117949120583791,0.0213970441648982,2.6484237345302,2026-06-10 12:40:35,2026-06-10 12:41:39,NA
"32","2026-06-10 13:40:09","Collar_32_2026-06-10 13:40:09",2026-06-10 13:41:06,NA,NA,NA,NA,NA,328.334685767095,0.051114244237796,0.019393372376177,4007.22874730614,1.16376394278563,0.0105589799134526,0.0993139183067085,2.93346794285023,323.837027532164,0.209691336621699,2.7925332273507,328.362571276342,TRUE,0.0541440500379257,0.0222533235234068,2.93307682209856,2026-06-10 13:40:34,2026-06-10 13:41:38,NA
"32","2026-06-10 14:40:12","Collar_32_2026-06-10 14:40:12",2026-06-10 14:41:09,NA,NA,NA,NA,NA,340.928909473763,-0.0641565922721983,0.0213661954566391,4052.34647776953,1.28214976666417,0.00383387115187103,0.125198002180177,3.23187985137212,333.9543013557,0.261103802475372,3.01854320916106,340.981462422699,TRUE,-0.0630670376199482,0.021279488031985,2.92310637602574,2026-06-10 14:40:37,2026-06-10 14:41:41,NA
"32","2026-06-10 15:40:13","Collar_32_2026-06-10 15:40:13",2026-06-10 15:41:10,NA,NA,NA,NA,NA,328.33736454961,-0.0189774525635723,0.0193937720005006,4056.86599739543,1.16378792357502,0.331553371181425,0.0149713027095456,2.93352839057019,326.866252739865,0.0944886387922032,2.85836814420421,328.39491244729,TRUE,-0.0190132082033154,0.0198634087254696,2.77611076848148,2026-06-10 15:40:38,2026-06-10 15:41:42,NA
"32","2026-06-10 16:40:10","Collar_32_2026-06-10 16:40:10",2026-06-10 16:41:07,NA,NA,NA,NA,NA,352.014994539487,0.475252287268751,0.0232681994747207,4187.7938041335,1.39628585668201,1.75832496690536e-29,0.868799041521283,3.51957957197712,353.663919705017,0.873459830920453,3.51270635880542,352.041328903225,TRUE,0.478948561323904,0.025274369593773,3.78472840163785,2026-06-10 16:40:35,2026-06-10 16:41:39,NA
"32","2026-06-10 17:40:13","Collar_32_2026-06-10 17:40:13",2026-06-10 17:41:10,413.677175391198,0.340605748994238,1.42872305905949e-10,0.481945895006161,5.65571201621593,422.6630099316,0.262449314953797,0.0400662314547432,3965.51566917587,2.40430774936346,1.20627190415596e-08,0.405141658959934,6.0604727885123,403.342462220686,0.584473812899164,5.14759398179275,422.693989531145,TRUE,0.268690099777585,0.0416225420909196,5.44247239496658,2026-06-10 17:40:38,2026-06-10 17:41:42,NA
"32","2026-06-10 18:40:11","Collar_32_2026-06-10 18:40:11",2026-06-10 18:41:08,NA,NA,NA,NA,NA,475.74588378707,0.264264113299626,0.0602717600647647,4309.77824743255,3.61680783367844,4.49934484420266e-05,0.233802361244274,9.11678859043295,461.985093122565,0.416994151984179,8.08189664509757,476.40883060863,TRUE,0.305195279886659,0.0579716950037979,8.8409737469374,2026-06-10 18:40:36,2026-06-10 18:41:40,NA
"32","2026-06-10 19:40:10","Collar_32_2026-06-10 19:40:10",2026-06-10 19:41:07,NA,NA,NA,NA,NA,502.78684120521,0.440990821290992,0.0742079312648423,4587.26727270391,4.45309423237931,1.32853692245204e-07,0.359202160647747,11.2247928440778,482.928763827376,0.556070094409921,9.4946809096991,502.922959463613,TRUE,0.420720026007932,0.0781240563362751,10.6631757302263,2026-06-10 19:40:35,2026-06-10 19:41:39,NA
"32","2026-06-10 20:40:08","Collar_32_2026-06-10 20:40:08",2026-06-10 20:41:05,604.421113400618,1.65537170186951,5.08962689244634e-23,0.789895949167031,24.5307411637539,597.340932471577,2.52988752017735,0.153578248354492,4699.8533207317,9.21597463114184,1.62514258849575e-24,0.811579337872605,23.2304552054295,600.907352964192,0.812832006644924,23.5296033714238,597.362799643062,TRUE,2.51143464551886,0.152659390677401,21.6601385539608,2026-06-10 20:40:33,2026-06-10 20:41:37,NA
"32","2026-06-10 21:40:09","Collar_32_2026-06-10 21:40:09",2026-06-10 21:41:06,580.84003772133,2.62389867782469,1.406928228085e-26,0.837871170216029,20.4612771946805,582.563214280167,2.43445495467066,0.137075989932017,5401.99025118792,8.22570161652176,3.25111505838005e-26,0.833515589672566,20.7343011004103,582.310953804736,0.844058290333306,20.3933755872619,582.996282351463,TRUE,2.52176515188163,0.125278878645026,16.5305152612528,2026-06-10 21:40:34,2026-06-10 21:41:38,NA
"32","2026-06-10 22:40:15","Collar_32_2026-06-10 22:40:15",2026-06-10 22:41:12,682.454749450589,9.60926526912973,3.45469915485916e-14,0.60097152121249,44.7094912477299,679.522808550591,2.92102082122963,0.28898606701834,5538.34836900295,17.3415720711115,8.2294641853083e-15,0.618570511488577,43.7124264457496,666.547021747842,0.70624089642798,38.9851137836411,681.148071447413,TRUE,2.6443602113886,0.2821218926672,38.8579922809319,2026-06-10 22:40:40,2026-06-10 22:41:44,NA
"32","2026-06-10 23:40:11","Collar_32_2026-06-10 23:40:11",2026-06-10 23:41:08,NA,NA,NA,NA,NA,612.807322380332,4.37015223491213,0.172981115309296,5439.6574734141,10.3803083277611,1.13349812660671e-34,0.910161354617003,26.165359311186,614.253261587674,0.913622952269856,26.073518486209,613.513043277694,TRUE,4.26037323599251,0.177258917073166,23.0279449762903,2026-06-10 23:40:36,2026-06-10 23:41:40,NA
"38","2026-06-10 00:23:16","Collar_38_2026-06-10 00:23:16",2026-06-10 00:24:13,505.433809173993,4.13311442284252,4.92460310582371e-57,0.982458501070915,11.4556868022445,426.306633598589,4.52688598325956,0.0412050880685988,4733.52185846921,2.47264863600761,1.08687567404481e-73,0.994807432488833,6.23273779242426,392.627417373773,0.997091760170058,4.74032640717168,426.40272238528,TRUE,4.53898107898793,0.0397171077068517,5.06474244013962,2026-06-10 00:23:41,2026-06-10 00:24:45,NA
"38","2026-06-10 00:44:26","Collar_38_2026-06-10 00:44:26",2026-06-10 00:45:23,504.053971625927,4.02551635744012,1.03741744221618e-57,0.983304521447879,11.3347376171743,421.036242312633,4.59241492122582,0.0395679827219061,5026.99854096472,2.37440867360876,3.4753704811199e-75,0.995344999110595,5.98510700596594,391.35166861507,0.997227587468724,4.69403495254474,423.319928793577,TRUE,4.54134422556854,0.0349273472295352,5.37708946501852,2026-06-10 00:44:51,2026-06-10 00:45:55,NA
"38","2026-06-10 01:44:20","Collar_38_2026-06-10 01:44:20",2026-06-10 01:45:17,948.489114353861,3.50353317228586,2.28920074266327e-120,0.985920711303033,9.15016298954259,866.775689487638,4.06315768111972,0.0312388263304282,5113.63407577143,1.87458988530293,7.7161655409866e-138,0.992490716732714,6.68248075329825,779.596891592844,0.996276125510565,4.74302815566891,870.0717188353,TRUE,4.01475692148929,0.0285436591694473,6.56937384523938,2026-06-10 01:44:45,2026-06-10 01:45:49,NA
"38","2026-06-10 02:44:21","Collar_38_2026-06-10 02:44:21",2026-06-10 02:45:18,984.637164485458,5.53610578179398,4.26251934034337e-132,0.990767579625672,10.514998371053,985.440850326217,5.76085237242188,0.0493070079276807,4844.97800841159,2.95883133886339,6.33157833640779e-132,0.990710326173984,10.5475515627329,835.264951462273,0.997162467066711,5.87545618607871,989.091661540513,TRUE,5.69208954783061,0.0432674653245717,7.67753431863899,2026-06-10 02:44:46,2026-06-10 02:45:50,NA
"38","2026-06-10 03:44:23","Collar_38_2026-06-10 03:44:23",2026-06-10 03:45:20,1035.26966876884,5.41429169607518,1.09327561949444e-120,0.986082335852695,12.7756760611575,935.803195604356,5.70889392833466,0.0407376270520996,4873.511307792,2.44459707977967,5.89579581887467e-142,0.993524459243176,8.71442498611202,842.710833092376,0.996931564594916,6.04615003711421,939.155385649203,TRUE,5.66272756839421,0.0374362776260363,6.47905952647111,2026-06-10 03:44:48,2026-06-10 03:45:52,NA
"38","2026-06-10 04:44:25","Collar_38_2026-06-10 04:44:25",2026-06-10 04:45:22,1029.43770160925,7.04370006625,6.77265825099132e-135,0.991651938767524,12.4922994741274,1027.47309859914,7.20142761445151,0.0579585855316219,5394.02377411984,3.47799808657389,2.57446652546446e-135,0.991777148939055,12.3982613241201,834.414033562797,0.998194065779614,5.85625865292932,1029.6479571043,TRUE,7.13640426579683,0.0545514532660605,12.4916373739421,2026-06-10 04:44:50,2026-06-10 04:45:54,NA
"38","2026-06-10 05:44:25","Collar_38_2026-06-10 05:44:25",2026-06-10 05:45:22,1020.94442718807,5.81444583092216,2.76007688616994e-124,0.987771975143712,12.0908137774605,934.427730476664,5.76461363552506,0.0405226838535574,5212.72624104759,2.43169869679819,8.74592111565532e-143,0.993714676043309,8.66844522451286,809.455158312543,0.997669411813726,5.32022327000355,938.439723351846,TRUE,5.69277545744553,0.0340370437767441,6.08669631509629,2026-06-10 05:44:50,2026-06-10 05:45:54,NA
"38","2026-06-10 06:44:24","Collar_38_2026-06-10 06:44:24",2026-06-10 06:45:21,578.736702043314,7.66713731603332,2.73652695428803e-58,0.983995930484528,20.1328876077988,481.877750755077,8.3358249803479,0.0631827851709975,5193.0438518752,3.79149359691057,1.11961804452666e-78,0.996393617030727,9.55711421633884,441.906502716089,0.998166503896368,6.9252619831331,483.132934206492,TRUE,8.27108843084273,0.054434669338554,8.83194176445489,2026-06-10 06:44:49,2026-06-10 06:45:53,NA
"38","2026-06-10 07:44:23","Collar_38_2026-06-10 07:44:23",2026-06-10 07:45:20,475.616260560232,4.68534634616226,1.83945563718402e-65,0.990525073354216,9.10770275512539,504.802454417175,4.873213669089,0.0753674701717164,4723.05480609009,4.52267622894504,2.56170031091966e-59,0.985154936643143,11.4001862798261,442.106149592046,0.994679483533616,6.9359055918237,505.341539242607,TRUE,4.82968158373478,0.0808406749170965,9.70551501613576,2026-06-10 07:44:48,2026-06-10 07:45:52,NA
"38","2026-06-10 08:44:17","Collar_38_2026-06-10 08:44:17",2026-06-10 08:45:14,494.609094447894,2.71970236089103,5.5921214752487e-51,0.972695843633155,10.5404394342732,399.62056449231,3.33662322541234,0.0335583022183274,4345.27385464493,2.01377776620052,5.63966877310408e-71,0.993667615020828,5.07607454054101,401.269871600843,0.993892531093306,5.06617660971704,399.626762304459,TRUE,3.3351507550885,0.0344505589979969,6.21645024053489,2026-06-10 08:44:42,2026-06-10 08:45:46,NA
"38","2026-06-10 09:44:22","Collar_38_2026-06-10 09:44:22",2026-06-10 09:45:19,433.045971544904,2.02846259897308,1.8238205114017e-57,0.983002873478537,6.56437138326899,426.192424738552,2.6218054339123,0.0411689040719296,4330.11719148294,2.47047729469509,6.57932418658773e-59,0.98470378946938,6.22726455176171,400.126802396916,0.990368325600478,5.02182579975627,426.24072017334,TRUE,2.61698138225635,0.0378346957631033,4.72669874748069,2026-06-10 09:44:47,2026-06-10 09:45:51,NA
"38","2026-06-10 10:44:20","Collar_38_2026-06-10 10:44:20",2026-06-10 10:45:17,425.775788752561,2.37841261414416,1.88406295107228e-60,0.986335049785693,6.20733878719192,411.067321220734,2.77117719820561,0.0366471720990354,4207.05285416627,2.19913569783804,1.50965172299115e-63,0.989102318499876,5.54330120947369,372.599417336254,0.994329951379507,4.06349912897798,411.136755733999,TRUE,2.76256491202192,0.0383847507890258,6.35014468634402,2026-06-10 10:44:45,2026-06-10 10:45:49,NA
"38","2026-06-10 11:44:18","Collar_38_2026-06-10 11:44:18",2026-06-10 11:45:15,421.941265686077,1.77469016696802,4.84527877287032e-56,0.98113834199735,6.02691900749834,402.422020638552,2.2866146850958,0.0342893206212205,4235.93566102306,2.05764496177114,3.76824440514048e-60,0.986031076577781,5.18664938069386,377.270634580285,0.991079497810171,4.21216554717506,402.453333377465,TRUE,2.28546879059169,0.0368129254953855,6.08409676764911,2026-06-10 11:44:43,2026-06-10 11:45:47,NA
"38","2026-06-10 12:44:18","Collar_38_2026-06-10 12:44:18",2026-06-10 12:45:15,405.812948464716,2.47908005052631,1.92999445829139e-60,0.986324599084634,5.32371813879023,388.541087404688,2.37628557861579,0.0308167244444101,4347.24356486031,1.84926025487037,4.46416908440853e-64,0.989515712310623,4.66137974911337,350.934589969653,0.99447226711268,3.4397264182832,388.877797689773,TRUE,2.36117053425726,0.0295756130108301,4.55918174507419,2026-06-10 12:44:43,2026-06-10 12:45:47,NA
"38","2026-06-10 13:44:18","Collar_38_2026-06-10 13:44:18",2026-06-10 13:45:15,443.544070777611,1.47882181132507,4.96612000486604e-46,0.960804156887782,7.11646675453005,339.969007656815,1.87866823472959,0.0212090114842594,4004.53107296136,1.2727174185459,7.76752306045148e-68,0.992034591821483,3.20810398943528,341.569067171487,0.992323328711289,3.20063572965345,340.418300004234,TRUE,1.86469174259853,0.0218663442486327,2.35601471408692,2026-06-10 13:44:43,2026-06-10 13:45:47,NA
"38","2026-06-10 14:44:19","Collar_38_2026-06-10 14:44:19",2026-06-10 14:45:16,443.416799057292,1.52844216568244,1.92813491256927e-48,0.967133915378298,7.10950304873982,368.851687633559,2.04705453569962,0.0264855850001648,4020.71008563419,1.58935579789304,3.86287169185724e-64,0.98956374602782,4.00624569252634,371.305188888866,0.989809117838736,4.02324525136297,369.035159444411,TRUE,2.05635435377539,0.027170023088058,4.01896543306625,2026-06-10 14:44:44,2026-06-10 14:45:48,NA
"38","2026-06-10 15:44:19","Collar_38_2026-06-10 15:44:19",2026-06-10 15:45:16,399.461095410741,2.80402830289476,3.86610540316489e-62,0.987920828671929,5.06985161237796,427.619228689566,2.39792555572943,0.0416232385736476,4386.95534481652,2.49774115065613,3.27338145351484e-56,0.981371649477214,6.29598780784469,380.939341099553,0.991458009471361,4.33272951579766,428.102106880388,TRUE,2.37660992674105,0.0426786539174413,5.4917754141452,2026-06-10 15:44:44,2026-06-10 15:45:48,NA
"38","2026-06-10 16:44:20","Collar_38_2026-06-10 16:44:20",2026-06-10 16:45:17,408.475771465084,2.82301613949108,4.0894839563606e-63,0.988752107268675,5.43388969282997,420.82162898679,2.67020060527466,0.0395027149467162,4698.96343461238,2.370492063237,1.6238666063537e-60,0.98639935704267,5.97523451331707,369.986373291299,0.99414967187446,3.98263682212954,424.29254896183,TRUE,2.60773772313536,0.0327095295729047,3.89059566817439,2026-06-10 16:44:45,2026-06-10 16:45:49,NA
"38","2026-06-10 17:44:22","Collar_38_2026-06-10 17:44:22",2026-06-10 17:45:19,523.501527343975,3.82189256377126,5.2145493686668e-57,0.98242662275065,13.1637747268605,405.335803396976,5.20324929478171,0.0350665493839969,3902.98012873828,2.10428516399436,6.98627198558942e-82,0.997146772282321,5.30421406287706,371.247344830726,0.998412001210836,4.02145548932572,405.507413839288,TRUE,5.19253236780321,0.0335701475674038,4.40501793168868,2026-06-10 17:44:47,2026-06-10 17:45:51,NA
"38","2026-06-10 18:44:20","Collar_38_2026-06-10 18:44:20",2026-06-10 18:45:17,490.82401571622,10.4756424939138,3.06912171041387e-81,0.997009520237516,10.2379688357943,584.695333319344,9.76148220185172,0.13934269892707,4455.55513027998,8.36172304415498,1.76103792981319e-61,0.987325299155557,21.0771665930012,362.251938094225,0.999610984696197,3.75259823484438,585.472743413064,TRUE,9.65805127010643,0.133105900214079,25.0268678034867,2026-06-10 18:44:45,2026-06-10 18:45:49,NA
"38","2026-06-10 19:44:20","Collar_38_2026-06-10 19:44:20",2026-06-10 19:45:17,372.73951080555,14.7875883417749,2.21917790011141e-110,0.999644652681267,4.1278673711865,653.954550966318,11.3350285671795,0.23738886365416,5200.53298177169,14.2453099224213,3.45141032170446e-51,0.973110775555602,35.9077631270852,379.718472849147,0.999627988094012,4.29223004695161,654.327722353887,TRUE,11.212760551271,0.23198586981503,46.2037343429228,2026-06-10 19:44:45,2026-06-10 19:45:49,NA
"38","2026-06-10 20:44:23","Collar_38_2026-06-10 20:44:23",2026-06-10 20:45:20,482.033439193766,8.81618961818762,3.42083067131016e-78,0.996263458978878,9.56856670497582,557.347543692779,8.16495771658781,0.112907482707869,4797.46647800203,6.77538979283045,2.43728277491855e-62,0.988096424066736,17.0785397509466,366.428341473948,0.999406618711101,3.87511229807202,557.866061626092,TRUE,8.10230743825198,0.111093794623185,19.1379460858752,2026-06-10 20:44:48,2026-06-10 20:45:52,NA
"38","2026-06-10 21:44:23","Collar_38_2026-06-10 21:44:23",2026-06-10 21:45:20,413.552778253707,11.7119843544198,1.15700123849024e-97,0.999099739523405,5.65030264793388,613.895105640383,9.78418444289873,0.174434618441865,5468.72054671882,10.4675306274003,1.70813230726178e-55,0.980368831887559,26.3852181764476,357.263202285935,0.999643921147567,3.61132077779065,614.217788456286,TRUE,9.70051906208227,0.174918213283711,32.7488001366511,2026-06-10 21:44:48,2026-06-10 21:45:52,NA
"38","2026-06-10 22:44:25","Collar_38_2026-06-10 22:44:25",2026-06-10 22:45:22,401.478839015227,10.9136619804522,1.41182580726012e-98,0.999157893732413,5.14915515707803,611.506719554551,9.21120721409864,0.171259130302495,5928.36873301233,10.2769748784744,2.27939667355693e-54,0.978686320471122,25.904889511631,356.204303454077,0.999605414267151,3.58202468933456,611.735349056164,TRUE,9.14722126538372,0.17960350992552,30.7493032320736,2026-06-10 22:44:50,2026-06-10 22:45:54,NA
"38","2026-06-10 23:44:24","Collar_38_2026-06-10 23:44:24",2026-06-10 23:45:21,456.385561111179,9.18955638995599,1.39739260864591e-82,0.997288876970436,7.85532821294737,572.29437841989,7.85237842991722,0.126664821648403,5544.10341292278,7.60094476579335,3.49147467227099e-58,0.983871699481027,19.1594935932272,404.824044120688,0.998846765754944,5.20659557329819,576.294380203659,TRUE,7.64453729195763,0.10925332250358,15.5224844573377,2026-06-10 23:44:49,2026-06-10 23:45:53,NA
"40","2026-06-10 00:20:17","Collar_40_2026-06-10 00:20:17",2026-06-10 00:21:44,500.47546537028,3.05835720333056,2.43138859953184e-51,0.973408036646115,11.0269818462215,428.271459537475,3.53275836510307,0.0418325937818006,4804.99042690455,2.51030420765091,1.53307015294768e-66,0.991243658492202,6.32765516202493,418.918788961763,0.992869705909763,5.80283920288361,430.276274720106,TRUE,3.58412628908701,0.0317229373665793,4.87326133875299,2026-06-10 00:21:12,2026-06-10 00:22:16,"Time changed"
"40","2026-06-10 00:41:24","Collar_40_2026-06-10 00:41:24",2026-06-10 00:42:51,430.259091878644,3.68411958516911,1.3895460727196e-65,0.990609056310147,6.42514510226862,458.0157519991,3.45400039601449,0.0525874785449846,5076.86455710645,3.15568691125861,9.67755005030935e-60,0.985606577549801,7.95445369246536,387.240457874015,0.995444286372202,4.5479102675816,458.983322897353,TRUE,3.48852255744352,0.0546776823689066,7.46401418541918,2026-06-10 00:42:19,2026-06-10 00:43:23,"Time changed"
"40","2026-06-10 01:41:21","Collar_40_2026-06-10 01:41:21",2026-06-10 01:42:48,1000.49099095599,2.54955066797987,4.15884661553511e-96,0.966305036247251,11.176114978602,855.72449025764,3.20224296913823,0.0299388552181622,5141.81662604632,1.79658078622656,4.59202503454935e-127,0.988935299390081,6.40439630013491,858.881314893894,0.989006832412545,6.43412510351225,859.302693891951,TRUE,3.2524624426483,0.0284126208487778,5.11696200863815,2026-06-10 01:42:16,2026-06-10 01:43:20,"Time changed"
"40","2026-06-10 02:41:22","Collar_40_2026-06-10 02:41:22",2026-06-10 02:42:49,906.976319929943,3.71225821699238,3.90613294089303e-125,0.988139876526249,7.79987024464612,934.735357914562,3.76004172978873,0.0405706579575222,4935.13278452706,2.43457754279252,3.36838545763751e-119,0.985316669571592,8.67870764676299,737.877873693928,0.996868051624897,4.03989225468731,935.86276798159,TRUE,3.79673932149962,0.0391792785676554,10.3096108085885,2026-06-10 02:42:17,2026-06-10 02:43:21,"Time changed"
"40","2026-06-10 03:41:24","Collar_40_2026-06-10 03:41:24",2026-06-10 03:42:51,1007.61323193835,3.85081461316228,2.30040259405631e-107,0.977524452761797,11.4864966883448,869.217506228634,4.03649785676152,0.031533590970469,5006.82060045306,1.89227821990682,5.87084161044219e-137,0.99224881741487,6.7455355881051,850.337111940737,0.993499738607199,6.22612129415009,871.997711404108,TRUE,4.08479478366048,0.0270965066134497,6.01653519867546,2026-06-10 03:42:19,2026-06-10 03:43:23,"Time changed"
"40","2026-06-10 04:41:25","Collar_40_2026-06-10 04:41:25",2026-06-10 04:42:52,1006.5530879054,4.53109522889303,3.63222782513842e-122,0.986803269534954,11.4397561182748,970.645433678677,5.24035364391364,0.0465795112144215,5383.15200260952,2.79515880850675,7.62419242615234e-130,0.989988280247185,9.96409672681019,882.430012734337,0.995074592609092,7.04408168897837,971.054229296126,TRUE,5.2669248637834,0.0472267691266277,10.928686822772,2026-06-10 04:42:20,2026-06-10 04:43:24,"Time changed"
"40","2026-06-10 05:41:25","Collar_40_2026-06-10 05:41:25",2026-06-10 05:42:52,921.90647392269,5.91209276974041,1.23775565921087e-131,0.99061252201225,8.26087709274769,1002.43849980572,4.46984923596709,0.0526381843453289,5136.66462583235,3.15872968179826,2.05424258394723e-114,0.982558476097084,11.2601430686146,842.868802188957,0.995043869222097,6.0498246335223,1003.11328837315,TRUE,4.50038919930495,0.0475847824033869,12.3666288827663,2026-06-10 05:42:20,2026-06-10 05:43:24,"Time changed"
"40","2026-06-10 06:41:24","Collar_40_2026-06-10 06:41:24",2026-06-10 06:42:51,478.290790707632,4.13207223187024,2.5966756887819e-61,0.987168111098998,9.29701909085181,463.106668504316,4.28473014382973,0.054687706336639,5401.95412153751,3.28171807944089,1.6523822286058e-64,0.989841289517602,8.27213701128149,416.998379644414,0.995300600374128,5.71774751157085,463.111056589117,TRUE,4.28455563327046,0.0554019575138597,9.21665982171104,2026-06-10 06:42:19,2026-06-10 06:43:23,"Time changed"
"40","2026-06-10 07:41:23","Collar_40_2026-06-10 07:41:23",2026-06-10 07:42:50,470.062352275814,3.00338660666493,7.46509750019923e-54,0.977868599359648,8.72679467781684,471.892986547063,3.04293306225111,0.058511656979309,5165.75512171475,3.51118698204383,1.81324871853078e-53,0.977236439182348,8.85055299833766,449.501751650053,0.984832696137883,7.34192356711077,472.075309239176,TRUE,3.0566882556252,0.0574729168160181,9.12311313682948,2026-06-10 07:42:18,2026-06-10 07:43:22,"Time changed"
"40","2026-06-10 08:41:18","Collar_40_2026-06-10 08:41:18",2026-06-10 08:42:45,425.19298624788,3.49932814642213,2.13863922131241e-52,0.975382207343265,6.17957297523227,456.513298915851,2.02508815506621,0.0519832062412179,4338.09678286282,3.11942553777972,8.41982351834475e-46,0.960142108156974,7.86305064004785,416.139298183641,0.979861296919502,5.68008738457482,456.867107671997,TRUE,2.04932188825013,0.0509534017453191,8.16532203211605,2026-06-10 08:42:13,2026-06-10 08:43:17,"Time changed"
"40","2026-06-10 09:41:23","Collar_40_2026-06-10 09:41:23",2026-06-10 09:42:50,449.330035403393,2.31936814358983,5.20649853972344e-47,0.963510790705216,7.44035661717252,465.143846411736,1.99574520607165,0.055551445447901,4402.77083053222,3.33354962344276,1.11433574080395e-43,0.953460287459265,8.40278736670836,429.106750149638,0.974862753911584,6.27589589997171,466.859789903888,TRUE,2.05961228690607,0.0437807334750534,6.11912572060328,2026-06-10 09:42:18,2026-06-10 09:43:22,"Time changed"
"40","2026-06-10 10:41:21","Collar_40_2026-06-10 10:41:21",2026-06-10 10:42:48,437.113472257876,3.12119140155501,3.81404695869822e-52,0.97492608612558,6.77300743148429,437.259021265223,2.21608328232091,0.0448270109818827,4291.6701323923,2.68999419139986,4.09290107289737e-52,0.974869877320718,6.78059478972736,416.026525731961,0.982954691674187,5.67516215669058,439.210278268893,TRUE,2.26689610231018,0.0396291437488722,5.38549645247965,2026-06-10 10:42:16,2026-06-10 10:43:20,"Time changed"
"40","2026-06-10 11:41:19","Collar_40_2026-06-10 11:41:19",2026-06-10 11:42:46,490.470942346584,2.07598953907914,2.99240981959924e-41,0.944426025595849,10.2102007600091,451.237065119854,2.23789310625589,0.0499156357672215,4087.73639279374,2.99535408078233,1.63343102485527e-49,0.969609900098652,7.55030711161942,441.155921486871,0.975529118138907,6.88539279297247,452.802508094937,TRUE,2.29613306794581,0.035692513434886,5.90284295805366,2026-06-10 11:42:14,2026-06-10 11:43:18,"Time changed"
"40","2026-06-10 12:41:19","Collar_40_2026-06-10 12:41:19",2026-06-10 12:42:46,485.319526160851,3.70440066312864,3.92465303953606e-46,0.961095746614609,9.81351990144266,483.75090450512,2.56071556323483,0.0640997685088909,4168.32418890729,3.84652023818141,1.83424471635622e-46,0.962023370957766,9.69581836606901,455.451811579154,0.976894704738019,7.68576999433122,487.57955328323,TRUE,2.66938601865575,0.0406869814050465,6.20933221224165,2026-06-10 12:42:14,2026-06-10 12:43:18,"Time changed"
"40","2026-06-10 13:41:19","Collar_40_2026-06-10 13:41:19",2026-06-10 13:42:46,NA,NA,NA,NA,NA,530.479788211152,2.10604823578571,0.0918258367493429,4274.60103796462,5.51031536713425,2.78173365597464e-32,0.893043688749282,13.8897012445597,483.75764282568,0.950987285366061,9.55541232780229,539.583074603909,TRUE,2.34553627435089,0.0397919409704085,4.87224128481012,2026-06-10 13:42:14,2026-06-10 13:43:18,"Time changed"
"40","2026-06-10 14:41:20","Collar_40_2026-06-10 14:41:20",2026-06-10 14:42:47,477.389299928194,2.73890501997468,3.47997814700349e-46,0.961243889534592,9.23277151992589,422.471402619615,2.44038511597066,0.04000722123838,4245.56498926607,2.40076664466401,9.51604825669112e-58,0.983350208314392,6.05154682274192,425.376541640425,0.983628308915791,6.09837496263949,423.453919859398,TRUE,2.47941437501412,0.0377235415527318,4.12283913398894,2026-06-10 14:42:15,2026-06-10 14:43:19,"Time changed"
"40","2026-06-10 15:41:20","Collar_40_2026-06-10 15:41:20",2026-06-10 15:42:47,458.278208282708,2.02347803964233,8.80700011322016e-50,0.970199771731805,7.97052911702321,412.987702592555,2.40475954037559,0.0371925484269255,4290.66974019488,2.23186282199861,2.56749123357835e-59,0.985153872707245,5.62579557629255,403.083543232586,0.988012926044222,5.13735180150587,413.478392950386,TRUE,2.42737815658582,0.0332485816931139,5.45490512876368,2026-06-10 15:42:15,2026-06-10 15:43:19,"Time changed"
"40","2026-06-10 16:41:21","Collar_40_2026-06-10 16:41:21",2026-06-10 16:42:48,460.0311346373,3.03089330013814,9.90706852179672e-53,0.975976078942811,8.07873198820543,449.335642639234,2.70702687105092,0.0491908666431221,4636.29891694715,2.95186189401303,5.54786635172667e-55,0.979621019256901,7.44067754589597,425.552070466866,0.986709301335232,6.10661468257669,451.437809525516,TRUE,2.76807018846132,0.0360975192336564,5.446590781232,2026-06-10 16:42:16,2026-06-10 16:43:20,"Time changed"
"40","2026-06-10 17:41:23","Collar_40_2026-06-10 17:41:23",2026-06-10 17:42:50,521.394297980911,7.04212722682464,3.82663693489023e-41,0.943990881443054,12.9521171526926,527.939821537081,2.78143086842343,0.0900491379817775,4254.1003718896,5.4036986362853,9.15694806857168e-40,0.938056983652268,13.6209553669651,500.20883035268,0.96198253056305,10.8444705810265,533.964223445322,TRUE,2.97471799097792,0.0339319276966999,4.66716560309614,2026-06-10 17:42:18,2026-06-10 17:43:22,"Time changed"
"40","2026-06-10 18:41:19","Collar_40_2026-06-10 18:41:19",2026-06-10 18:42:46,516.754341406679,4.29356729619884,2.98128273838205e-57,0.982735700403221,12.4979832067316,440.909700086951,4.97779900137145,0.0461036916614612,4659.51113462995,2.76660567044151,3.22976512467384e-73,0.994624776650627,6.97370724970364,412.059004858134,0.996757304866636,5.50457599543126,441.8794102213,TRUE,5.01430823821269,0.0399606898960502,6.2113222053456,2026-06-10 18:42:14,2026-06-10 18:43:18,"Time changed"
"40","2026-06-10 19:41:20","Collar_40_2026-06-10 19:41:20",2026-06-10 19:42:47,526.739833341114,7.77553549829201,1.29283195502485e-60,0.986497413012074,13.4958032163206,541.714204930036,6.04239493577523,0.100114276071038,5485.84292442745,6.00769079196774,1.83604063168573e-57,0.98299927069648,15.1434218752386,493.262797580072,0.992413946354536,10.2802471841407,545.323956222123,TRUE,6.17771971837679,0.0610919886533764,8.88340844730976,2026-06-10 19:42:15,2026-06-10 19:43:19,"Time changed"
"40","2026-06-10 20:41:22","Collar_40_2026-06-10 20:41:22",2026-06-10 20:42:49,526.470594084187,5.10606024842511,1.07299491105379e-57,0.983286644796997,13.4678813709077,465.779748996503,5.44851783298262,0.0558238442686368,5084.28285857898,3.34989582251947,1.79925162174096e-70,0.99343007245987,8.44399078366952,438.874470882684,0.995916163005122,6.76561090328656,467.480312177833,TRUE,5.50809638592318,0.0530938358644909,7.34299769940446,2026-06-10 20:42:17,2026-06-10 20:43:21,"Time changed"
"40","2026-06-10 21:41:22","Collar_40_2026-06-10 21:41:22",2026-06-10 21:42:49,506.701066942228,6.32342864553808,8.75505965874372e-64,0.989289155831937,11.5679044708942,485.251097859375,5.84260520620459,0.0648437611225296,5429.88043285951,3.89116599450768,2.67383832868073e-68,0.992299716259862,9.8083557030258,405.038089451125,0.997892141648355,5.21517530748267,485.608233833836,TRUE,5.86519269036844,0.0589964748021642,10.6614698934443,2026-06-10 21:42:17,2026-06-10 21:43:21,"Time changed"
"40","2026-06-10 22:41:24","Collar_40_2026-06-10 22:41:24",2026-06-10 22:42:51,543.140542162372,8.58765115643535,1.1971080311012e-54,0.979117502695207,15.310487680316,567.250908357431,5.47479215670494,0.121844845169728,6248.6223828645,7.31170601339114,1.42746191256365e-49,0.969739595695994,18.430417380425,514.636624338253,0.987334888535963,12.1173505695645,571.621889977147,TRUE,5.68849471051881,0.0646874170343365,10.2009656328238,2026-06-10 22:42:19,2026-06-10 22:43:23,"Time changed"
"40","2026-06-10 23:41:25","Collar_40_2026-06-10 23:41:25",2026-06-10 23:42:52,NA,NA,NA,NA,NA,605.015386807411,4.28961021919168,0.162917585503047,5597.45750186876,9.77641268246077,1.04667468996102e-35,0.916695947605234,24.6431360739932,565.996278831713,0.957023013885036,17.9881394668951,614.254853828271,TRUE,4.72923875457071,0.0539613854209722,8.8311327992637,2026-06-10 23:42:20,2026-06-10 23:43:24,"Time changed"
"41","2026-06-10 00:08:14","Collar_41_2026-06-10 00:08:14",2026-06-10 00:09:11,492.362212285474,12.135369165687,1.4925898712027e-77,0.996084565629846,10.3598268705903,650.71119652945,8.49109276034049,0.231539547660529,5032.11551383569,13.894302221888,3.23435180672638e-44,0.9552512060886,35.0229876160454,433.150942134569,0.99851940328212,6.47420238908785,652.269763298999,TRUE,8.24691310090834,0.20931688563007,35.7293619392209,2026-06-10 00:08:39,2026-06-10 00:09:43,NA
"41","2026-06-10 00:29:21","Collar_41_2026-06-10 00:29:21",2026-06-10 00:30:18,474.942290730358,13.4959057266179,6.51885064375848e-83,0.997353712385118,9.06060711939858,656.313139173302,9.04096429707725,0.241735114296113,5087.78099598962,14.506121177179,9.89094185220601e-45,0.956901917651236,36.5651829240374,350.05046003853,0.999635705795482,3.41641221055583,657.241123074886,TRUE,8.84478756086109,0.228661107629616,41.6513785387206,2026-06-10 00:29:46,2026-06-10 00:30:50,NA
"41","2026-06-10 01:29:20","Collar_41_2026-06-10 01:29:20",2026-06-10 01:30:17,904.195976032577,11.8807792344663,5.22614795959308e-175,0.998028267415538,7.71690570196497,1269.36453785451,9.03978062841613,0.146948238009115,5481.56820088899,8.8181187641693,6.31374963795718e-97,0.967282778919668,31.4345603717673,877.185020665582,0.998446723097087,6.90340481335666,1270.87421241916,TRUE,8.91195671637888,0.149883896630255,32.1782861004057,2026-06-10 01:29:45,2026-06-10 01:30:49,NA
"41","2026-06-10 02:29:20","Collar_41_2026-06-10 02:29:20",2026-06-10 02:30:17,1047.56877686562,15.1969096176523,6.65592341989163e-152,0.99547253096195,13.3945420896015,1352.56781502839,10.2764319484069,0.202369049230224,5160.15984136412,12.1438292454616,1.10502831122888e-86,0.952709495750635,43.2899514930559,940.132503179026,0.998078778912754,8.79444650314755,1355.12446824244,TRUE,10.0046749345836,0.194679160738328,46.4445613318324,2026-06-10 02:29:45,2026-06-10 02:30:49,NA
"41","2026-06-10 03:29:20","Collar_41_2026-06-10 03:29:20",2026-06-10 03:30:17,1043.53149655049,13.6809786341554,4.48260312339943e-152,0.995500408234078,13.1881581358462,1345.95799767873,10.15584132442,0.197289192092869,5366.69772093054,11.8389954880168,2.09606401765574e-87,0.953921596249174,42.2032894273683,929.107493140172,0.998190532140835,8.42932382565814,1347.92292846466,TRUE,9.92179010225721,0.189733062230294,47.720452033599,2026-06-10 03:29:45,2026-06-10 03:30:49,NA
"41","2026-06-10 04:29:20","Collar_41_2026-06-10 04:29:20",2026-06-10 04:30:17,1113.45642756335,16.7979364694111,1.53645185642758e-141,0.993426822711426,17.2577506978719,1387.02538688303,10.9502492311581,0.231047225591037,6042.05856281412,13.8647587953195,4.87280350100618e-83,0.946086876264284,49.4246685769741,942.761152119081,0.998285386809889,8.88381099740598,1387.81318480577,TRUE,10.7762104853778,0.230224416324767,58.9313739980745,2026-06-10 04:29:45,2026-06-10 04:30:49,NA
"41","2026-06-10 05:29:20","Collar_41_2026-06-10 05:29:20",2026-06-10 05:30:17,1154.19142678001,20.0407697865547,1.90777020777865e-137,0.992383758649212,20.184892575498,1420.33536234843,11.8662308343995,0.262627694677966,5116.96491564885,15.7598500928378,1.56745367841086e-80,0.940999611431673,56.1802321382073,899.29170158052,0.998960492919994,7.51604776720874,1422.30362719007,TRUE,11.5532411516493,0.250648127263804,64.079288682429,2026-06-10 05:29:45,2026-06-10 05:30:49,NA
"41","2026-06-10 06:29:20","Collar_41_2026-06-10 06:29:20",2026-06-10 06:30:17,614.691758996696,22.2737804103635,1.52870978327578e-65,0.990580562175709,26.5474059483766,738.037212266526,13.8950962881152,0.453270588950441,5360.2288099215,27.2000123296614,1.43210508985413e-39,0.937172192763923,68.5623271874222,488.963368669449,0.998719879750799,9.94581415588804,738.359093476079,TRUE,13.6785408268443,0.447314690256463,86.8534696364199,2026-06-10 06:29:45,2026-06-10 06:30:49,NA
"41","2026-06-10 07:29:20","Collar_41_2026-06-10 07:29:20",2026-06-10 07:30:17,549.408912562164,14.5080381757737,4.61972535882348e-65,0.990244039099297,16.0668203342943,667.906964658222,8.27388669496752,0.264284409139854,5258.7305474176,15.8592667655463,4.12513408584301e-40,0.939603845967694,39.9760200015148,485.339167408667,0.996576540381542,9.67236938321737,670.418439541859,TRUE,7.92442469192215,0.234832043091164,39.0996819298508,2026-06-10 07:29:45,2026-06-10 07:30:49,NA
"41","2026-06-10 08:29:20","Collar_41_2026-06-10 08:29:20",2026-06-10 08:30:17,455.350781274035,2.39719567071519,3.72120157350641e-49,0.968805472666518,7.7930492131428,464.549389104005,2.27333400693715,0.0552980025647983,4515.98654243689,3.31834093857922,3.21889729932316e-47,0.964063276297954,8.3644512507145,449.796688759069,0.973069576443337,7.35859944364181,464.602674294055,TRUE,2.2737789450457,0.0567815013806062,8.52191565882546,2026-06-10 08:29:45,2026-06-10 08:30:49,NA
"41","2026-06-10 09:29:20","Collar_41_2026-06-10 09:29:20",2026-06-10 09:30:17,447.820563695884,1.65125226390956,1.04381212957591e-41,0.946251822274151,7.35446387851852,432.727656037471,1.6287545442542,0.0432914097352332,4345.6216776011,2.59784532081237,6.91230055373644e-45,0.957389053332227,6.54831765181292,433.600820203971,0.959390338039055,6.49664582882355,432.746157526174,TRUE,1.62296341325086,0.045583787442482,7.59462639997177,2026-06-10 09:29:45,2026-06-10 09:30:49,NA
"41","2026-06-10 10:29:20","Collar_41_2026-06-10 10:29:20",2026-06-10 10:30:17,NA,NA,NA,NA,NA,420.646140948676,1.67187047239455,0.0394494258921132,4329.0774178517,2.3672942759162,5.06047326076289e-48,0.966112135171464,5.96717393827367,424.058216798154,0.966417268422538,6.03684410241535,420.685644009639,TRUE,1.67958321742362,0.041044032864496,6.81485785924133,2026-06-10 10:29:45,2026-06-10 10:30:49,NA
"41","2026-06-10 11:29:20","Collar_41_2026-06-10 11:29:20",2026-06-10 11:30:17,NA,NA,NA,NA,NA,429.452625757055,1.49436744928777,0.042214412248871,3974.73523394732,2.53321649727476,2.70559456396432e-43,0.952132091888039,6.38540954385257,430.904258714313,0.95397247181571,6.36327534848689,429.465953112312,TRUE,1.48993713640098,0.0439439389603426,7.46625791679637,2026-06-10 11:29:45,2026-06-10 11:30:49,NA
"41","2026-06-10 12:29:20","Collar_41_2026-06-10 12:29:20",2026-06-10 12:30:17,427.575808641843,1.42298290693936,3.47179682465397e-44,0.955150525085201,6.29388529674494,391.041728304307,1.53942559387034,0.0314152437003702,4143.96662057958,1.88517639754212,7.03360523579369e-52,0.974434363988694,4.75191258767704,393.648063600787,0.974976681979147,4.77768978183264,391.048068508116,TRUE,1.54146164306261,0.0348195504138257,5.56884281411903,2026-06-10 12:29:45,2026-06-10 12:30:49,NA
"41","2026-06-10 13:29:20","Collar_41_2026-06-10 13:29:20",2026-06-10 13:30:17,NA,NA,NA,NA,NA,381.971256626624,1.383932145964,0.0292980331041407,3886.92009450852,1.75812611957179,6.68824960265174e-51,0.972540318192797,4.43166042668974,382.312621845374,0.974043238775415,4.37874176397898,382.106126733605,TRUE,1.39103117276842,0.0297296807913778,4.73043173238248,2026-06-10 13:29:45,2026-06-10 13:30:49,NA
"41","2026-06-10 14:29:20","Collar_41_2026-06-10 14:29:20",2026-06-10 14:30:17,407.658761486335,1.06150680371262,1.92494082462014e-47,0.964644747615193,5.39984645664579,348.317520119947,1.49621297493313,0.0226157256157974,4217.98447981922,1.35713198824199,6.17378804062511e-60,0.985810464039751,3.4208854866178,350.566974101432,0.986187509223071,3.43001325047587,348.826575370229,TRUE,1.50151480906164,0.0225294543796653,2.65416774218964,2026-06-10 14:29:45,2026-06-10 14:30:49,NA
"41","2026-06-10 15:29:20","Collar_41_2026-06-10 15:29:20",2026-06-10 15:30:17,391.096169233191,1.32477002363329,8.85623910177653e-51,0.972294574474535,4.75390299314803,362.31223298284,1.48529153615178,0.0251862226662855,4430.29607918414,1.51138323059268,7.71049305965214e-57,0.982207118298726,3.80970237460066,356.531741250042,0.984692707186519,3.59105829410631,362.337952952311,TRUE,1.48806784761829,0.0267209252467731,3.66417003226188,2026-06-10 15:29:45,2026-06-10 15:30:49,NA
"41","2026-06-10 16:29:20","Collar_41_2026-06-10 16:29:20",2026-06-10 16:30:17,332.800221679919,2.3649657477223,6.80912956610613e-70,0.993146571759638,3.03598402488417,412.925006248043,1.90161085762999,0.0371746155452237,5301.98739749048,2.2307866996662,5.01390016357882e-53,0.97648971480014,5.62308302416007,328.682029744661,0.993951237294847,2.89857256967882,413.398229851685,TRUE,1.87994881918086,0.0373800793138761,5.92760553966579,2026-06-10 16:29:45,2026-06-10 16:30:49,NA
"41","2026-06-10 17:29:20","Collar_41_2026-06-10 17:29:20",2026-06-10 17:30:17,380.304588625974,12.3138811669197,2.31010444790509e-105,0.999487214443475,4.37520687716616,627.636287904185,10.021009911938,0.193882323291228,4110.15930469331,11.6345549713163,2.65026037822394e-53,0.976960606167168,29.3269045232585,383.149165399317,0.999496249050885,4.4070096036391,628.643985311149,TRUE,9.86237709949191,0.190920251719916,31.8961327130237,2026-06-10 17:29:45,2026-06-10 17:30:49,NA
"41","2026-06-10 18:29:20","Collar_41_2026-06-10 18:29:20",2026-06-10 18:30:17,375.767654509678,12.7370834287949,7.83272517245117e-106,0.999504522207404,4.22514809260397,638.2475141995,9.81933228022645,0.210371751664867,4948.52392946357,12.6240580760965,1.3894280787534e-50,0.971895802479212,31.8211179376007,351.865213955936,0.999677451272327,3.46443854938108,638.489101472033,TRUE,9.73397003068592,0.213182181278724,39.3612539960067,2026-06-10 18:29:45,2026-06-10 18:30:49,NA
"41","2026-06-10 19:29:20","Collar_41_2026-06-10 19:29:20",2026-06-10 19:30:17,438.313750520022,14.8615004792924,2.96902040026848e-94,0.998844958546983,6.8358315760888,659.811294604503,10.3687512293978,0.248328246494409,6185.05592562252,14.9017640480301,1.25167687322578e-47,0.965124284440567,37.5624690881721,391.367226119099,0.999472526393367,4.69459673591071,660.238494663401,TRUE,10.2329442308161,0.255813197597622,44.8376917202696,2026-06-10 19:29:45,2026-06-10 19:30:49,NA
"41","2026-06-10 20:29:20","Collar_41_2026-06-10 20:29:20",2026-06-10 20:30:17,435.633102574863,13.3803112964832,1.27511240863052e-92,0.998698525070002,6.69631756644743,647.513254540167,9.57355279366326,0.225913263865122,5323.24576142834,13.5566783117208,5.08218619919437e-48,0.966107531264987,34.1719482593486,422.117032156902,0.999005961979994,5.94737048301837,648.275998029409,TRUE,9.41092789584727,0.222341857482192,38.2410696823543,2026-06-10 20:29:45,2026-06-10 20:30:49,NA
"41","2026-06-10 21:29:20","Collar_41_2026-06-10 21:29:20",2026-06-10 21:30:17,426.042614686981,11.7150829607167,2.3767481378371e-91,0.99857187500742,6.22009247871442,631.048457654718,8.49114594245304,0.199038615505321,5732.49973461614,11.9439754702801,3.38498883060918e-48,0.966541748573779,30.1068523126689,415.388520501114,0.998860129354572,5.64737821252628,631.826014794837,TRUE,8.34315917127565,0.190331237373598,34.9973538230722,2026-06-10 21:29:45,2026-06-10 21:30:49,NA
"41","2026-06-10 22:29:20","Collar_41_2026-06-10 22:29:20",2026-06-10 22:30:17,434.832592649972,11.8107157566114,3.30498988798482e-90,0.998447409099132,6.65520988772763,627.849683604886,8.72782282006472,0.194200843524756,6550.20858835879,11.6536688394789,1.40863530123475e-49,0.969752341050165,29.3750843279918,435.635353470606,0.998521930581436,6.59911977871285,628.453469532775,TRUE,8.60922955486459,0.201212136672266,31.7399464329898,2026-06-10 22:29:45,2026-06-10 22:30:49,NA
"41","2026-06-10 23:29:21","Collar_41_2026-06-10 23:29:21",2026-06-10 23:30:18,445.262279947085,10.9635934612109,1.26610460687539e-89,0.998379779857385,7.21114938166916,628.230945162551,9.27270294692194,0.194771228107919,5588.82387192558,11.6878966673436,4.1356176714159e-51,0.972956016143565,29.4613614775948,446.746670199278,0.998441287216154,7.18796385522467,628.640775555896,TRUE,9.16970054169671,0.193345061981252,33.4801539480118,2026-06-10 23:29:46,2026-06-10 23:30:50,NA
"42","2026-06-10 00:11:15","Collar_42_2026-06-10 00:11:15",2026-06-10 00:12:12,500.258897215467,7.2337446861064,2.08266552042527e-70,0.99339949561202,11.0086271920448,523.073567110833,7.0768715848663,0.0867406621887914,5165.97114974634,5.20516251998889,1.32103911823375e-65,0.990624114788108,13.1205108083724,397.291793475461,0.998726844685657,4.91349652593601,523.461119084994,TRUE,7.03409647482015,0.0906304882712367,13.1100568896084,2026-06-10 00:11:40,2026-06-10 00:12:44,NA
"42","2026-06-10 00:32:21","Collar_42_2026-06-10 00:32:21",2026-06-10 00:33:18,534.507074169913,6.78853307545442,3.87291414484712e-64,0.989562885931381,14.3267263814464,487.4715759586,7.34001662865342,0.065960844587925,4914.48442808618,3.95820031081391,4.87006583027141e-74,0.994938084015828,9.97732727082031,364.085977093942,0.999286828517767,3.80591507432232,487.501480564123,TRUE,7.34656396222096,0.0694420567286218,11.3903447539903,2026-06-10 00:32:46,2026-06-10 00:33:50,NA
"42","2026-06-10 01:32:20","Collar_42_2026-06-10 01:32:20",2026-06-10 01:33:17,1055.08713563104,5.34097642675168,4.4564771758293e-124,0.987680102236872,13.7875233993589,977.699228436242,6.54733446062841,0.0478605105872339,5649.98302111955,2.87202944512906,1.26403802314074e-140,0.993206786726285,10.238122823798,861.381323411886,0.997307684189165,6.49629029500627,978.16102969183,TRUE,6.51624126443536,0.0487071591630768,10.6326543369697,2026-06-10 01:32:45,2026-06-10 01:33:49,NA
"42","2026-06-10 02:32:20","Collar_42_2026-06-10 02:32:20",2026-06-10 02:33:17,1096.30389149132,5.67997162519999,3.32382825148596e-119,0.985319724030041,16.1559768662077,970.491495134692,7.03256231892832,0.046551940984168,5051.11380042921,2.79350436495558,4.17025665260465e-146,0.994422631011444,9.95819901698319,864.347866311145,0.997609605357939,6.57083600695519,970.897134826621,TRUE,7.05882962099806,0.0478596876876808,11.4582490554524,2026-06-10 02:32:45,2026-06-10 02:33:49,NA
"42","2026-06-10 03:32:20","Collar_42_2026-06-10 03:32:20",2026-06-10 03:33:17,1039.12887415651,7.32917461484182,9.32791488575335e-137,0.992192540887929,12.9667210102968,1078.83411162371,7.72011999045142,0.0706170114407229,5394.67335960275,4.23760912067807,2.88154042913808e-128,0.989403704310905,15.1060995319284,897.889692329875,0.997445503607522,7.47562773488831,1079.94940055717,TRUE,7.66558574764659,0.0722025129749977,15.1972641024741,2026-06-10 03:32:45,2026-06-10 03:33:49,NA
"42","2026-06-10 04:32:20","Collar_42_2026-06-10 04:32:20",2026-06-10 04:33:17,1131.95330494183,6.52017989474134,2.35079919082201e-113,0.981881502306529,18.5302252179108,963.751671983114,7.26273242259082,0.0453607095927707,6036.34826369159,2.72202055523275,2.54546268686383e-149,0.995031715182702,9.70337571595592,898.690179937202,0.997079273382731,7.49867915339573,963.820382407714,TRUE,7.27449096707126,0.0574125513458502,9.49303556314956,2026-06-10 04:32:45,2026-06-10 04:33:49,NA
"42","2026-06-10 05:32:20","Collar_42_2026-06-10 05:32:20",2026-06-10 05:33:17,1039.51105618234,8.99769343137847,5.83230606265551e-141,0.993288389008747,12.9857952092163,1108.82512515727,8.33525490610462,0.0792510865265282,5143.5813630082,4.75572557145622,3.86064288581111e-126,0.98856105048363,16.9530652268983,904.549584590032,0.997695405789561,7.66958927110382,1109.57397592878,TRUE,8.2810865480486,0.0802617550499145,19.0425189348452,2026-06-10 05:32:45,2026-06-10 05:33:49,NA
"42","2026-06-10 06:32:21","Collar_42_2026-06-10 06:32:21",2026-06-10 06:33:18,538.459489227877,7.09766591730704,5.62273280012852e-64,0.989438646532126,14.7689937074182,515.468243401756,7.51306695935363,0.0818117014172234,5345.54252160609,4.90938380187372,8.13595875320657e-69,0.992585111301774,12.3749494828588,436.416996188067,0.997933660943997,6.63891741020967,515.468431747272,TRUE,7.51330146848087,0.0867861832888917,15.3868815031617,2026-06-10 06:32:46,2026-06-10 06:33:50,NA
"42","2026-06-10 07:32:20","Collar_42_2026-06-10 07:32:20",2026-06-10 07:33:17,552.471975880875,7.5212599811644,1.14347670322887e-63,0.989197988985863,16.4498823012475,536.198100208243,8.27025546357558,0.0959551331751955,5351.27700841284,5.75810756109964,4.29165683473084e-67,0.991590474901112,14.5143042510304,472.416848793599,0.997035890884164,8.75715300490245,536.334005258958,TRUE,8.24186342846475,0.100019816947406,16.9777832674615,2026-06-10 07:32:45,2026-06-10 07:33:49,NA
"42","2026-06-10 08:32:19","Collar_42_2026-06-10 08:32:19",2026-06-10 08:33:16,474.894829853368,3.49034615873561,1.2139372532192e-50,0.972015958744066,9.05729984345968,459.469059525897,2.80956581331567,0.0531786675270397,4543.93815559295,3.19116317641469,6.85999973179514e-54,0.977927889372006,8.04387774380544,450.279237225335,0.981981581117542,7.38596466913818,459.54604525126,TRUE,2.79604363710537,0.0583996917387081,8.2430128239303,2026-06-10 08:32:44,2026-06-10 08:33:48,NA
"42","2026-06-10 09:32:21","Collar_42_2026-06-10 09:32:21",2026-06-10 09:33:18,473.580547432939,2.58620984562149,8.59224083046099e-53,0.976084388004493,8.96619308135611,444.305202333076,3.01907616360783,0.0473237495562071,4367.88755263829,2.83981931056943,5.89912084521971e-59,0.984756677434015,7.15825487005744,434.377148062263,0.987696745946005,6.53555826353617,444.344768936502,TRUE,3.02827130380121,0.047608753542956,7.212075555683,2026-06-10 09:32:46,2026-06-10 09:33:50,NA
"42","2026-06-10 10:32:19","Collar_42_2026-06-10 10:32:19",2026-06-10 10:33:16,464.244438683506,2.49481803753345,2.20688789596111e-56,0.981603274099618,8.34485314661582,461.031060037461,3.20003628630658,0.0538214839911907,4397.90620861891,3.22973752069567,4.64819067861178e-57,0.982490630913633,8.14111103846645,436.810528547918,0.988657303108841,6.65904500457118,461.067627093865,TRUE,3.19024224917363,0.0583538339641194,8.33146425515672,2026-06-10 10:32:44,2026-06-10 10:33:48,NA
"42","2026-06-10 11:32:19","Collar_42_2026-06-10 11:32:19",2026-06-10 11:33:16,475.898254006867,2.11549557966762,2.84768537652089e-51,0.973274338777997,9.12748044799137,389.852319644575,2.9193017568874,0.0311291271719025,4087.78926015875,1.86800702169521,2.19063340984714e-69,0.992887593932165,4.70863421154424,389.055549957311,0.993393565251188,4.61185467816138,390.066592103414,TRUE,2.9107358124309,0.0313824214309721,4.99754118076828,2026-06-10 11:32:44,2026-06-10 11:33:48,NA
"42","2026-06-10 12:32:19","Collar_42_2026-06-10 12:32:19",2026-06-10 12:33:16,NA,NA,NA,NA,NA,411.067124261503,2.84005113505201,0.0366471165760094,4016.5691786125,2.19913236599382,3.26718337760149e-64,0.989619078451825,5.54329281098509,414.952166299818,0.989637421758229,5.62845416555796,411.130969773815,TRUE,2.83840674905281,0.0381544868134013,6.39722560831543,2026-06-10 12:32:44,2026-06-10 12:33:48,NA
"42","2026-06-10 13:32:19","Collar_42_2026-06-10 13:32:19",2026-06-10 13:33:16,483.110047618747,2.19745228086943,4.37964000312078e-51,0.972906772495914,9.64813881581989,396.400224331672,3.06478567341634,0.0327372130130054,4030.39598382378,1.96450557194625,2.44183311243665e-69,0.992863042909466,4.95187546802739,397.039626665941,0.993222657895102,4.90397483495757,396.642115033283,TRUE,3.06466332495772,0.0317301917238105,4.0497720292959,2026-06-10 13:32:44,2026-06-10 13:33:48,NA
"42","2026-06-10 14:32:21","Collar_42_2026-06-10 14:32:21",2026-06-10 14:33:18,427.540627749906,3.67602102755598,5.71769967849491e-63,0.988631816422966,6.29218226182191,416.17793911595,3.08187779657963,0.0381165553378994,4397.4314827717,2.28731093617998,2.31940430342708e-65,0.990455090794509,5.76556212126147,360.168692434042,0.99620839745373,3.69294224267681,418.806214143982,TRUE,3.02860719142617,0.032750752924527,4.81751816723967,2026-06-10 14:32:46,2026-06-10 14:33:50,NA
"42","2026-06-10 15:32:19","Collar_42_2026-06-10 15:32:19",2026-06-10 15:33:16,448.076737174226,2.46010281940889,7.53648007432474e-59,0.984637707992638,7.36897061777825,395.317265196259,3.10909869921638,0.0324656299128048,4136.69440731393,1.94820832289886,5.90592388413995e-70,0.99317746057989,4.91079543806638,358.579639290412,0.996354479894895,3.64807638313393,395.362679045996,TRUE,3.10266048771565,0.0346284424559025,4.86805165259212,2026-06-10 15:32:44,2026-06-10 15:33:48,NA
"42","2026-06-10 16:32:19","Collar_42_2026-06-10 16:32:19",2026-06-10 16:33:16,440.198187442321,2.85531566554519,5.72886890975606e-64,0.989432375842855,6.93564319579771,425.290294899893,3.52539836388144,0.0408842030747758,4940.35932053938,2.45339286252228,4.16876553231803e-67,0.99159822654307,6.18420029082512,342.968328865755,0.99777354070688,3.23527200742859,425.379847391784,TRUE,3.53491880426614,0.0439586843379396,7.21858366160394,2026-06-10 16:32:44,2026-06-10 16:33:48,NA
"42","2026-06-10 17:32:21","Collar_42_2026-06-10 17:32:21",2026-06-10 17:33:18,447.707512117955,4.06345531466873,1.27560488207673e-64,0.989924396473053,7.34807101442445,425.533004035555,3.82753337115873,0.0409606049087529,4165.41061202323,2.45797760919865,2.74234921269328e-69,0.992836700267775,6.19575693638421,343.580199260089,0.998090922982087,3.25053533886105,425.560861754208,TRUE,3.82093416657262,0.0418769050978953,5.64688187207793,2026-06-10 17:32:46,2026-06-10 17:33:50,NA
"42","2026-06-10 18:32:20","Collar_42_2026-06-10 18:32:20",2026-06-10 18:33:17,442.272728810084,6.71164424034242,2.76834672603046e-78,0.996288477397172,7.04721008810087,532.39574886021,6.02469092474478,0.0931892025896793,4659.01639701983,5.59212867814756,2.58462953708032e-59,0.985150737536284,14.0959258201223,386.008381506863,0.998531416408869,4.5050110103848,533.976430658463,TRUE,5.92768767525527,0.0867290353538235,14.3724807936049,2026-06-10 18:32:45,2026-06-10 18:33:49,NA
"42","2026-06-10 19:32:20","Collar_42_2026-06-10 19:32:20",2026-06-10 19:33:17,495.961478502096,6.19210041353734,2.41244566529192e-67,0.991742840501216,10.6506634774119,499.850720826303,6.12338575237762,0.0725506902524228,6204.67276987221,4.35364596225128,1.58897856483605e-66,0.991233697240418,10.9741163093725,406.164259432111,0.998049576550665,5.2605498205234,501.033760028226,TRUE,6.06560324649746,0.0736418143040754,10.2305189309474,2026-06-10 19:32:45,2026-06-10 19:33:49,NA
"42","2026-06-10 20:32:20","Collar_42_2026-06-10 20:32:20",2026-06-10 20:33:17,447.25593749403,9.45480416440416,2.86591695924884e-83,0.997421856384131,7.32259066108837,586.980372040056,7.4833368949614,0.1418136085762,5171.83347753062,8.50999821258682,7.38993428188453e-54,0.977875705651355,21.4509197548962,429.377261377175,0.998158694936157,6.28896872969623,588.59156862575,TRUE,7.33384449127179,0.134223507399954,21.4683404491547,2026-06-10 20:32:45,2026-06-10 20:33:49,NA
"42","2026-06-10 21:32:20","Collar_42_2026-06-10 21:32:20",2026-06-10 21:33:17,481.453902048698,8.54724374657387,1.34466462202041e-76,0.995801587122052,9.52600518438994,556.722306619882,7.66282025861776,0.112365756134973,5851.29072328637,6.74288168438205,9.37527434964506e-61,0.98663442966292,16.9965974510436,414.672364566068,0.9985869367902,5.61635295281643,557.589108070738,TRUE,7.57441992960893,0.108357560127719,18.2891407178798,2026-06-10 21:32:45,2026-06-10 21:33:49,NA
"42","2026-06-10 22:32:20","Collar_42_2026-06-10 22:32:20",2026-06-10 22:33:17,444.847581148968,11.3688031939377,1.76743185899572e-89,0.998362531111266,7.18818253330347,625.301627697884,9.19789817706952,0.190431484676341,6840.33489698246,11.4274758994313,1.70610891271116e-51,0.973705289695381,28.8049259701546,453.52224472912,0.99824042977246,7.57253392924248,626.979110996681,TRUE,8.9985429617457,0.180708330180749,28.1226890346157,2026-06-10 22:32:45,2026-06-10 22:33:49,NA
"42","2026-06-10 23:32:21","Collar_42_2026-06-10 23:32:21",2026-06-10 23:33:18,504.152367904496,11.5851890863943,4.75062618354003e-78,0.99622430340649,11.3433200647687,595.323035043323,9.61223827286845,0.151212768888507,6000.07571288401,9.07402615222261,7.37082770043463e-59,0.984648540636583,22.8726495567606,457.910353964815,0.998256959794433,7.83250538155661,596.860886411307,TRUE,9.45718138432587,0.141632836293299,23.2108194749406,2026-06-10 23:32:46,2026-06-10 23:33:50,NA
"43","2026-06-10 00:14:16","Collar_43_2026-06-10 00:14:16",2026-06-10 00:15:28,408.735558202209,3.94635716001624,1.15448385574676e-72,0.994402972165219,5.44475941519771,483.694003785768,3.78492207871574,0.0640717183177966,5060.74177425909,3.84483699298039,6.93680811390118e-57,0.982266729433515,9.69157545592579,382.808485530979,0.996468159191841,4.39547565055753,484.882938241182,TRUE,3.72535677924884,0.0657655080919748,8.72790388587652,2026-06-10 00:14:56,2026-06-10 00:16:00,"Time changed"
"43","2026-06-10 00:35:22","Collar_43_2026-06-10 00:35:22",2026-06-10 00:36:34,365.933620416502,4.36202900654836,6.23850811507873e-83,0.997357402449457,3.91732058397724,491.472277686098,3.96205510114779,0.0680223230077261,5336.62710124817,4.08190619379599,1.65953941049155e-56,0.981768947672246,10.2891493068264,332.371823846507,0.998517264695515,2.98202151124657,492.218411276396,TRUE,3.90973453461831,0.0679322134254637,10.8733527287822,2026-06-10 00:36:02,2026-06-10 00:37:06,"Time changed"
"43","2026-06-10 01:35:20","Collar_43_2026-06-10 01:35:20",2026-06-10 01:36:32,799.560815578991,5.0478666638589,3.35694505023321e-150,0.995186513282411,5.16017525497646,1017.67194996541,3.88264205722918,0.0558144048454471,5726.25621650498,3.34932937847169,1.4590656631139e-103,0.97423029266879,11.9395870443825,800.047700608139,0.995314850856183,5.13116506141702,1019.34300561377,TRUE,3.82771524342369,0.0535701691567481,12.4517941215259,2026-06-10 01:36:00,2026-06-10 01:37:04,"Time changed"
"43","2026-06-10 02:35:21","Collar_43_2026-06-10 02:35:21",2026-06-10 02:36:33,862.938856289731,4.63175109736053,2.15678523437485e-144,0.994067962670664,6.58459110332845,1022.80875535618,4.4754590174421,0.056928092209275,5211.58666348623,3.41615990038499,3.29718122564425e-110,0.979709837321214,12.1778224471871,826.625148331152,0.995649624029804,5.68342300911699,1023.69590214255,TRUE,4.42830171168032,0.058262328650725,13.1206915008462,2026-06-10 02:36:01,2026-06-10 02:37:05,"Time changed"
"43","2026-06-10 03:35:22","Collar_43_2026-06-10 03:35:22",2026-06-10 03:36:34,839.082066859582,4.50650677262226,4.27146198963877e-150,0.995168359680824,6.00729975563186,1015.21443862229,4.52781379056794,0.0552893343328571,5331.48634715364,3.3178207724325,1.95808332160249e-112,0.981271425255244,11.8272661281806,796.025983080181,0.996635712691137,5.05240615701194,1016.54590752733,TRUE,4.47953315067144,0.055239003397568,11.5152290943401,2026-06-10 03:36:02,2026-06-10 03:37:06,"Time changed"
"43","2026-06-10 04:35:22","Collar_43_2026-06-10 04:35:22",2026-06-10 04:36:34,888.474801844532,5.02545171051122,5.61588995362093e-142,0.99352937848271,7.26412183292062,1031.98432716235,4.72925290434244,0.0589729929222872,5678.96364747246,3.53887098282177,2.72593282605313e-111,0.980484840167722,12.6152591649616,849.468286023303,0.995351926592238,6.20535057318934,1032.41559144479,TRUE,4.69788026619757,0.0640844718094607,14.0642360903311,2026-06-10 04:36:02,2026-06-10 04:37:06,"Time changed"
"43","2026-06-10 05:35:22","Collar_43_2026-06-10 05:35:22",2026-06-10 05:36:34,854.322531716711,6.71145465348198,1.78709506761223e-151,0.995402122144302,6.36995578356563,1073.34720573372,4.90646805007739,0.0691423613123293,5150.48148454227,4.14911782507664,1.21739149249329e-104,0.975210999016165,14.7906484648298,844.006266827393,0.995881579373451,6.07634977311417,1074.49947390314,TRUE,4.84385334547144,0.0688191857751645,16.5726606306842,2026-06-10 05:36:02,2026-06-10 05:37:06,"Time changed"
"43","2026-06-10 06:35:23","Collar_43_2026-06-10 06:35:23",2026-06-10 06:36:35,442.033348034853,4.71762995213914,2.53681410286891e-71,0.993826184943911,7.03424536206402,511.263197676404,4.65541590604181,0.0792077206408963,5207.37391923792,4.75312325696102,9.49080144889653e-57,0.982089420348754,11.9810678008602,413.705174577663,0.996245479969443,5.57472277406505,512.698253134166,TRUE,4.57226902962825,0.0806534775904413,11.0059664351831,2026-06-10 06:36:03,2026-06-10 06:37:07,"Time changed"
"43","2026-06-10 07:35:20","Collar_43_2026-06-10 07:35:20",2026-06-10 07:36:32,450.688190439482,3.50275088390169,2.57354377571422e-59,0.985152763185868,7.51849606454113,473.558028799833,3.20344880835155,0.0592658951327773,5290.08642755835,3.55644755613345,1.67954329701956e-54,0.978891887571074,8.9646400896159,435.858750116928,0.988886839045488,6.61046969125392,473.646799590895,TRUE,3.18847294307397,0.0596496374847859,11.1436766062975,2026-06-10 07:36:00,2026-06-10 07:37:04,"Time changed"
"43","2026-06-10 08:35:18","Collar_43_2026-06-10 08:35:18",2026-06-10 08:36:30,427.68912319234,2.62251019780346,4.12123628546299e-50,0.970909270371036,6.29937375596991,429.817668997612,1.90868809345842,0.0423331179570541,4584.47277279639,2.54033982891129,1.15670715658652e-49,0.969940870879998,6.40336513109308,416.582661708481,0.976942007530521,5.69949232950908,429.879160070963,TRUE,1.89971509364825,0.0432374413496631,7.5223855850976,2026-06-10 08:35:58,2026-06-10 08:37:02,"Time changed"
"43","2026-06-10 09:35:20","Collar_43_2026-06-10 09:35:20",2026-06-10 09:36:32,NA,NA,NA,NA,NA,424.173587425808,0.81408800071823,0.0405345095140005,4445.88013999244,2.4324083349651,4.42108373832119e-29,0.864911236578362,6.13130516611666,425.273629292972,0.870805718607974,6.09354919544891,424.23558494546,TRUE,0.824002752058965,0.0414823609660081,6.47674762402685,2026-06-10 09:36:00,2026-06-10 09:37:04,"Time changed"
"43","2026-06-10 10:35:18","Collar_43_2026-06-10 10:35:18",2026-06-10 10:36:30,433.7161770513,1.07573786645755,1.38535480958118e-28,0.859935552298722,6.59830090599325,419.312206072635,0.871689780081053,0.0390467035613449,4423.19094951768,2.34312758028371,1.26864590734023e-31,0.887775300849851,5.90625760952675,422.456257377241,0.88924343748071,5.96290996462067,419.447424280779,TRUE,0.867024987201643,0.043469684938196,5.60805438497599,2026-06-10 10:35:58,2026-06-10 10:37:02,"Time changed"
"43","2026-06-10 11:35:18","Collar_43_2026-06-10 11:35:18",2026-06-10 11:36:30,401.623725141753,0.55266789035016,1.33822188389211e-29,0.869928696500304,5.15489713426837,389.55336986136,0.708348984445823,0.0310576244498888,4196.4851545542,1.86371626255975,3.80965202271007e-32,0.891972587430485,4.69781861233927,393.488940591026,0.892079613261256,4.7718453565122,389.566206083755,TRUE,0.710557014308392,0.0315500228371211,4.61485080510601,2026-06-10 11:35:58,2026-06-10 11:37:02,"Time changed"
"43","2026-06-10 12:35:18","Collar_43_2026-06-10 12:35:18",2026-06-10 12:36:30,371.132018110025,0.983684595409211,8.32496510786816e-32,0.889263343107,4.07713921694732,366.844523514472,0.608676525395752,0.0260797955774592,4205.45598692803,1.56500505118699,1.03836722503278e-32,0.896332001900792,3.9448654312719,368.680268502917,0.899726922832277,3.94282376463355,366.873171780743,TRUE,0.609453218126387,0.0245335282051264,3.35361968867028,2026-06-10 12:35:58,2026-06-10 12:37:02,"Time changed"
"43","2026-06-10 13:35:18","Collar_43_2026-06-10 13:35:18",2026-06-10 13:36:30,NA,NA,NA,NA,NA,346.901392315737,0.974383228929961,0.0223707029146817,4077.93456397518,1.34242858446098,9.54054980800935e-49,0.967859507292681,3.38382301882976,346.749998106191,0.96984806539847,3.33076754182464,347.032561516923,TRUE,0.981927225489957,0.021439118244839,2.81205000492178,2026-06-10 13:35:58,2026-06-10 13:37:02,"Time changed"
"43","2026-06-10 14:35:20","Collar_43_2026-06-10 14:35:20",2026-06-10 14:36:32,NA,NA,NA,NA,NA,328.657072513414,0.956895576193498,0.0194415256454096,4600.92296156651,1.16665354018897,5.3641327379263e-52,0.974653250289032,2.94075167199736,330.932360139914,0.975316957515438,2.94918432545021,328.998017045278,TRUE,0.961957579532813,0.0191004867599948,2.44939695890728,2026-06-10 14:36:00,2026-06-10 14:37:04,"Time changed"
"43","2026-06-10 15:35:18","Collar_43_2026-06-10 15:35:18",2026-06-10 15:36:30,NA,NA,NA,NA,NA,374.207636298167,1.04948066755658,0.0275995709647119,4219.99835705102,1.65620423833767,3.63713631114338e-45,0.958248279743428,4.17474872812,365.315763758932,0.965759671214947,3.84208947381116,374.404339486186,TRUE,1.05984752378431,0.0280437149822148,3.68668509164626,2026-06-10 15:35:58,2026-06-10 15:37:02,"Time changed"
"43","2026-06-10 16:35:18","Collar_43_2026-06-10 16:35:18",2026-06-10 16:36:30,360.963539122043,1.57219141107402,2.63449629595178e-22,0.778687100276094,3.77038267277919,362.924423382054,0.369493976967347,0.0253051082466928,5395.14701936679,1.5185173560615,6.84260273401431e-22,0.771908928369635,3.82768516955903,362.298041035362,0.787579059772492,3.75392928481652,362.977768892258,TRUE,0.364915325392862,0.0255095903147869,3.47578725255073,2026-06-10 16:35:58,2026-06-10 16:37:02,"Time changed"
"43","2026-06-10 17:35:21","Collar_43_2026-06-10 17:35:21",2026-06-10 17:36:33,372.781930206746,1.1755833504375,3.42404405243588e-50,0.971079845640297,4.12921452682737,346.313263756611,1.26179657546699,0.0222697249694853,4091.50117429667,1.33636906632474,9.15600230018119e-56,0.980753514326151,3.36854895718525,341.572998143344,0.983175050789223,3.20073251272425,346.377774507455,TRUE,1.26701373090116,0.0214472151556601,3.0625722363817,2026-06-10 17:36:01,2026-06-10 17:37:05,"Time changed"
"43","2026-06-10 18:35:19","Collar_43_2026-06-10 18:35:19",2026-06-10 18:36:31,432.979165183373,1.97154401597274,4.30820416310327e-53,0.97660261831992,6.56099885169267,335.714458727374,2.24485266237939,0.0205261331462877,4655.2710440223,1.23173902800991,1.44386866059732e-73,0.994760405956243,3.10481088112743,331.672595017529,0.995370156609339,2.96602522000126,335.852957641337,TRUE,2.23736106285356,0.0212251644208441,3.32924270408026,2026-06-10 18:35:59,2026-06-10 18:37:03,"Time changed"
"43","2026-06-10 19:35:19","Collar_43_2026-06-10 19:35:19",2026-06-10 19:36:31,441.211533748491,2.99661930191693,7.95206645358865e-62,0.987641142989107,6.98991759632783,393.965330879325,3.28945477039211,0.0321297532658934,6403.42413455811,1.92805292530646,9.02432998032319e-72,0.994025452794851,4.85999027858432,335.549936287969,0.997712930111704,3.05582146602604,394.578160323873,TRUE,3.27895242508997,0.0296856137609656,4.84661224207182,2026-06-10 19:35:59,2026-06-10 19:37:03,"Time changed"
"43","2026-06-10 20:35:21","Collar_43_2026-06-10 20:35:21",2026-06-10 20:36:33,414.368068743601,7.31947651235988,1.72463712142611e-85,0.997808126236278,5.68584967442637,551.544228605302,6.31490048069575,0.1079780386893,5113.9849325396,6.47958207586847,1.29111460073161e-56,0.981913618761599,16.332905328833,378.925531715385,0.998805236191673,4.26612907025302,554.112505886951,TRUE,6.1723042183113,0.0927439657740069,15.337882954372,2026-06-10 20:36:01,2026-06-10 20:37:05,"Time changed"
"43","2026-06-10 21:35:21","Collar_43_2026-06-10 21:35:21",2026-06-10 21:36:33,391.349869851434,7.30857079442132,1.68917172545855e-87,0.998107486417675,4.76318949885108,547.207385568685,5.68529250242395,0.104435277966561,5843.07845190492,6.26698691154801,1.08237007452168e-54,0.979184168701185,15.7970225123863,379.383244398412,0.998519669325344,4.2811760160308,548.695239185388,TRUE,5.5814453690312,0.0967705658754805,16.3019679261364,2026-06-10 21:36:01,2026-06-10 21:37:05,"Time changed"
"43","2026-06-10 22:35:21","Collar_43_2026-06-10 22:35:21",2026-06-10 22:36:33,388.560281576099,7.69684802159377,1.15856850322184e-89,0.998384338725457,4.66206804086223,560.658674214794,6.01636453211461,0.115820199124013,6468.0722686487,6.95017704875054,1.94652880584636e-53,0.977185143837428,17.5191212066953,382.637032057494,0.998613089025553,4.38968239807976,562.047157744077,TRUE,5.90243622258465,0.110250155891381,17.3778920108157,2026-06-10 22:36:01,2026-06-10 22:37:05,"Time changed"
"43","2026-06-10 23:35:22","Collar_43_2026-06-10 23:35:22",2026-06-10 23:36:34,461.735487615394,5.5373257778357,3.47244800221857e-71,0.993764350735678,8.18534479847008,529.93761884942,5.39059866189573,0.0914436714867117,6035.2856559762,5.48738226688698,7.89432462906008e-57,0.98219380797524,13.8318944059628,440.854040538364,0.995747567328709,6.86942235152462,530.699993162786,TRUE,5.3278863149272,0.0909617637442867,13.9868811787633,2026-06-10 23:36:02,2026-06-10 23:37:06,"Time changed"
"44","2026-06-10 00:17:17","Collar_44_2026-06-10 00:17:17",2026-06-10 00:18:29,522.92788822678,4.71960085274732,1.69118022665498e-56,0.981758016674223,13.105816109763,412.829074641043,5.08324402017723,0.0371471931982072,5088.40784716001,2.22914113034152,1.12976876571585e-79,0.996646858014552,5.61893508256794,387.015452646277,0.997880401455882,4.54004550970136,412.833106319499,TRUE,5.08119413798634,0.0449291545341773,5.17611542199458,2026-06-10 00:17:57,2026-06-10 00:19:01,"Time changed"
"44","2026-06-10 00:38:24","Collar_44_2026-06-10 00:38:24",2026-06-10 00:39:36,506.550979502373,4.95213696364441,9.49191705717188e-61,0.98662918330947,11.5545568146173,439.894142345424,5.23085706347793,0.0457449335537022,5214.10665662465,2.74507719453266,8.8419743039818e-75,0.995204947435447,6.91944100926156,381.556620096275,0.998162242888743,4.35335153627199,440.134332843373,TRUE,5.2306560801524,0.0441661839357566,7.13300039837434,2026-06-10 00:39:04,2026-06-10 00:40:08,"Time changed"
"44","2026-06-10 01:38:21","Collar_44_2026-06-10 01:38:21",2026-06-10 01:39:33,1022.54944330988,4.13062405218698,6.542691896085e-111,0.980216074515462,12.1656829016814,851.07330683935,4.56236968144921,0.029408036149143,5464.67729580943,1.76472721890031,1.41222461484398e-147,0.994709977177454,6.29084567647562,818.43624355872,0.996009170929361,5.50720869612808,851.075783256715,TRUE,4.56352072013946,0.030897292338599,7.31171352741154,2026-06-10 01:39:01,2026-06-10 01:40:05,"Time changed"
"44","2026-06-10 02:38:22","Collar_44_2026-06-10 02:38:22",2026-06-10 02:39:34,999.007734557036,4.75961568703417,3.73167165962491e-120,0.985812813458589,11.1125386354554,893.843882719633,4.91870589053244,0.0346663747694185,5354.51132285891,2.08027135256275,1.21755101916434e-142,0.993682102400186,7.41568776409558,801.224234936153,0.996995357974248,5.15443687509557,894.133774924579,TRUE,4.91642579569037,0.0410611206979755,6.45880769476367,2026-06-10 02:39:02,2026-06-10 02:40:06,"Time changed"
"44","2026-06-10 03:38:23","Collar_44_2026-06-10 03:38:23",2026-06-10 03:39:35,1046.78003508995,4.69022416327485,6.54646690270799e-114,0.982239782919361,13.3539696809656,893.951266922878,5.28511801542857,0.0346806954997693,5262.33242134657,2.08113071571493,1.3726665862723e-146,0.99451863009973,7.41875119560642,843.116581386158,0.996404979195716,6.05559284582578,894.209155107289,TRUE,5.27161209833917,0.0368933146173622,7.53207588285163,2026-06-10 03:39:03,2026-06-10 03:40:07,"Time changed"
"44","2026-06-10 04:38:23","Collar_44_2026-06-10 04:38:23",2026-06-10 04:39:35,1022.84156309793,4.63018718880124,5.15034302480551e-119,0.985218935390279,12.1793591858865,942.122585370419,5.27717657726479,0.0417399000980789,5876.65856161287,2.50474181423387,2.83213900479721e-136,0.992055882401538,8.92882709803714,867.470685685926,0.99566198392897,6.65023315039192,942.262287879691,TRUE,5.26271454073392,0.0456150992226568,8.46345030336455,2026-06-10 04:39:03,2026-06-10 04:40:07,"Time changed"
"44","2026-06-10 05:38:23","Collar_44_2026-06-10 05:38:23",2026-06-10 05:39:35,1053.34955719455,4.58060190035992,1.15009490241443e-112,0.98142647400457,13.6956886706585,891.328485152105,5.30073107613927,0.0343326083835351,5095.55200015059,2.06024258821632,2.61041822662706e-147,0.994658955172302,7.34428983684402,848.541321985982,0.996273311494005,6.18326636125436,891.417842036686,TRUE,5.29163644213691,0.0344241770928204,8.9772600260205,2026-06-10 05:39:03,2026-06-10 05:40:07,"Time changed"
"44","2026-06-10 06:38:24","Collar_44_2026-06-10 06:38:24",2026-06-10 06:39:36,525.434524531575,4.75238431419613,7.75037049462988e-57,0.982204205068879,13.3609720975186,449.301190509615,5.24107642792278,0.0491778319849077,5379.78771061462,2.95107970590556,7.29871359350883e-73,0.994483850140617,7.4387059057255,425.744131753803,0.996389936444474,6.11564322933383,449.317908860022,TRUE,5.23703498392617,0.0536447549694463,8.04879890579807,2026-06-10 06:39:04,2026-06-10 06:40:08,"Time changed"
"44","2026-06-10 07:38:21","Collar_44_2026-06-10 07:38:21",2026-06-10 07:39:33,551.730416246092,5.74292055160043,1.97426510503016e-57,0.982960061544845,16.3563142812872,481.134487792702,6.55603347933531,0.0628225741650983,5682.63804566716,3.76987793500667,2.72254698630389e-72,0.994248453917194,9.50262820854346,454.684343825313,0.996399744017125,7.64052996800658,481.142172734347,TRUE,6.5513948274787,0.0630901027959725,13.1375624809717,2026-06-10 07:39:01,2026-06-10 07:40:05,"Time changed"
"44","2026-06-10 08:38:18","Collar_44_2026-06-10 08:38:18",2026-06-10 08:39:30,NA,NA,NA,NA,NA,431.620724181146,0.990595271286533,0.0429243543537613,4554.34796431758,2.5758189393416,1.96177050319192e-32,0.894220782416486,6.4927963544381,434.293676477616,0.89635848738787,6.53136319967645,431.625583546358,TRUE,0.989324616198484,0.0460191239829043,8.07437733925023,2026-06-10 08:38:58,2026-06-10 08:40:02,"Time changed"
"44","2026-06-10 09:38:23","Collar_44_2026-06-10 09:38:23",2026-06-10 09:39:35,NA,NA,NA,NA,NA,424.233859816806,0.911628835656631,0.0405533070389886,4322.57920633858,2.43353634309955,8.59609571414542e-32,0.889150833182631,6.13414850537132,424.993659821246,0.894541112077871,6.08044017984554,424.279908750199,TRUE,0.910474656337548,0.0463930231904245,6.59806226661095,2026-06-10 09:39:03,2026-06-10 09:40:07,"Time changed"
"44","2026-06-10 10:38:19","Collar_44_2026-06-10 10:38:19",2026-06-10 10:39:31,432.5027861281,0.871480232973658,1.6512809609207e-32,0.894796746690909,6.53700036895243,411.044172910334,1.01678875005904,0.0366406471406359,4281.90923800332,2.19874414596319,4.95098828086815e-37,0.92437690592085,5.5423142353713,414.25777875143,0.925286309973675,5.59847025022792,411.04526583055,TRUE,1.01575656001488,0.0388858738807473,6.75841744451028,2026-06-10 10:38:59,2026-06-10 10:40:03,"Time changed"
"44","2026-06-10 11:38:19","Collar_44_2026-06-10 11:38:19",2026-06-10 11:39:31,NA,NA,NA,NA,NA,396.586515188785,0.822916821736654,0.0327841592842196,4220.90322860321,1.96732273941087,1.64235762807091e-34,0.909099134978589,4.95897662500885,400.379920937004,0.909387593186392,5.03161314970175,396.596023647586,TRUE,0.821739345695942,0.036266249920493,5.2436400212693,2026-06-10 11:38:59,2026-06-10 11:40:03,"Time changed"
"44","2026-06-10 12:38:18","Collar_44_2026-06-10 12:38:18",2026-06-10 12:39:30,399.949407866267,1.3025470118683,1.39045107643969e-36,0.921860034305817,5.08893105189831,382.4753453366,0.926319447851793,0.0294118598623185,4064.64521888715,1.76495667355291,2.89273417234429e-40,0.940279824022816,4.44887801730143,385.641051472449,0.941041451502322,4.4922995480843,382.708251799955,TRUE,0.918501533296248,0.0300317726027346,4.11732839901703,2026-06-10 12:38:58,2026-06-10 12:40:02,"Time changed"
"44","2026-06-10 13:38:19","Collar_44_2026-06-10 13:38:19",2026-06-10 13:39:31,356.092055694022,1.04111039114953,2.24387612401715e-37,0.926250844414554,3.63170978152393,359.789406552926,0.673790433956871,0.02470216195304,4076.71502804346,1.48233555423876,1.34941492356114e-36,0.921934215179081,3.73648269123898,355.117708211195,0.931684196551964,3.55220938289997,360.114999563356,TRUE,0.661950871847547,0.0222870523433581,2.62731745826993,2026-06-10 13:38:59,2026-06-10 13:40:03,"Time changed"
"44","2026-06-10 14:38:20","Collar_44_2026-06-10 14:38:20",2026-06-10 14:39:32,369.02523143329,0.986903940444754,1.39676185694778e-43,0.953125587244227,4.01159741080004,334.084266187836,0.958876417963358,0.0202703437586129,4083.02408920508,1.2163895333192,6.12334599780664e-51,0.972617102358006,3.06611982965322,336.468329752901,0.973289464266618,3.07748595073094,334.27859823029,TRUE,0.950444913400221,0.0194773199528466,2.81732741532331,2026-06-10 14:39:00,2026-06-10 14:40:04,"Time changed"
"44","2026-06-10 15:38:20","Collar_44_2026-06-10 15:38:20",2026-06-10 15:39:32,382.745422342195,0.948661217833452,4.36453881377046e-39,0.93491218048463,4.45813023750547,364.582228132471,0.894098019703704,0.0256298740594849,4315.35786763844,1.53800601102288,6.51135774923898e-43,0.950779821554822,3.87680968912581,365.447569477933,0.953097163533421,3.84598690591947,364.808104939155,TRUE,0.890986535729138,0.0275862134985713,3.87719293937691,2026-06-10 15:39:00,2026-06-10 15:40:04,"Time changed"
"44","2026-06-10 16:38:19","Collar_44_2026-06-10 16:38:19",2026-06-10 16:39:31,392.692930510306,0.690127508179331,7.09601773001056e-39,0.93390123507088,4.81265420872912,337.285058183316,0.968327982955844,0.0207756244113834,5033.14720423807,1.24671058286517,1.51771267293134e-50,0.971816935249981,3.14254926999467,337.260544511986,0.97350898386278,3.0962972855895,337.424325292089,TRUE,0.974889569444686,0.0208090470246181,3.23411928404708,2026-06-10 16:38:59,2026-06-10 16:40:03,"Time changed"
"44","2026-06-10 17:38:23","Collar_44_2026-06-10 17:38:23",2026-06-10 17:39:35,415.33834775122,1.74146519703451,2.47901651923621e-56,0.981535258905208,5.72844582788855,350.800778579561,2.20453394384849,0.0230518834168672,4419.17747226334,1.38330509070215,6.43950266241802e-70,0.993158702906293,3.48685931018208,325.699404231867,0.995627810577152,2.83282692155966,350.947050334685,TRUE,2.21269248493206,0.0239541632293488,3.47543509280241,2026-06-10 17:39:03,2026-06-10 17:40:07,"Time changed"
"44","2026-06-10 18:38:19","Collar_44_2026-06-10 18:38:19",2026-06-10 18:39:31,531.76478380579,5.25886250105297,1.55554001769073e-58,0.984280292218143,14.027675916027,411.971479199259,5.86360313344188,0.0369029438532311,4575.58257571452,2.21448413437307,9.47718951337402e-84,0.997510850014616,5.58198959368382,339.310362765513,0.99923467944779,3.14550612204964,412.223880990763,TRUE,5.87311394527858,0.0379410249788989,5.48148675442803,2026-06-10 18:38:59,2026-06-10 18:40:03,"Time changed"
"44","2026-06-10 19:38:20","Collar_44_2026-06-10 19:38:20",2026-06-10 19:39:32,507.944247248884,5.35292690416999,1.35821480258675e-63,0.989138821511194,11.6790581086953,457.033181925955,5.86585457050525,0.0521915085185532,6126.08972413911,3.13192541015162,2.61023716248715e-74,0.995037311320896,7.89455872647723,357.455612958023,0.998991517621557,3.6166697865154,457.853642900522,TRUE,5.82885238709334,0.0521642358375664,7.75974531998376,2026-06-10 19:39:00,2026-06-10 19:40:04,"Time changed"
"44","2026-06-10 20:38:22","Collar_44_2026-06-10 20:38:22",2026-06-10 20:39:34,529.210536239346,5.13595843539311,2.8276453843848e-58,0.98397928442469,13.7547493419092,431.091459529601,5.69224712323376,0.0427499531235277,5293.00491211516,2.5653534122849,6.28151509901162e-79,0.996459179955909,6.46641618660754,387.417510867063,0.998299515879726,4.55410849610389,431.246326582375,TRUE,5.67720588493796,0.0447503926496072,7.5059923813301,2026-06-10 20:39:02,2026-06-10 20:40:06,"Time changed"
"44","2026-06-10 21:38:23","Collar_44_2026-06-10 21:38:23",2026-06-10 21:39:35,549.244737520448,5.54855884562407,5.42384565120072e-58,0.983644642872581,16.0465425958405,429.949439703374,6.57546223407851,0.042376049440965,5408.06598024938,2.54291607568347,4.20541279057367e-83,0.997390279251702,6.40985900587406,378.801074246245,0.998882820918387,4.26204678139991,430.257095978004,TRUE,6.55540965398121,0.0463279984860379,6.39277116761747,2026-06-10 21:39:03,2026-06-10 21:40:07,"Time changed"
"44","2026-06-10 22:38:23","Collar_44_2026-06-10 22:38:23",2026-06-10 22:39:35,537.97147393105,6.19777654403351,5.33209350883474e-62,0.987796938116224,14.7136553733957,477.681520637881,6.97232800684144,0.0611758916306593,6969.78332608465,3.67106326153868,1.08732615643121e-74,0.995173366863736,9.25354876361092,402.669776823329,0.998568698941273,5.12102653694183,478.13376914105,TRUE,6.93184615477967,0.0643441335389566,8.36450179450891,2026-06-10 22:39:03,2026-06-10 22:40:07,"Time changed"
"44","2026-06-10 23:38:23","Collar_44_2026-06-10 23:38:23",2026-06-10 23:39:35,550.344178253465,6.68590236722892,8.21545721958911e-59,0.984595591117108,16.182827484551,478.580738332403,6.82436662617303,0.0616005157761236,5762.88493497297,3.69654424855539,6.43715218061904e-74,0.994893057759767,9.31777799070552,439.659015157074,0.99736135207859,6.80656451944739,478.638740910687,TRUE,6.83746346577366,0.0628589089588764,7.36685086666963,2026-06-10 23:39:03,2026-06-10 23:40:07,"Time changed"
"45","2026-06-10 00:26:17","Collar_45_2026-06-10 00:26:17",2026-06-10 00:27:14,443.094588601345,7.70024169532785,1.83173953693985e-80,0.996835028200767,7.09190366646953,546.257446018623,6.56346857885436,0.103674927063187,5280.23131598918,6.22135952152803,9.50014834501604e-59,0.984524393211288,15.6820107982245,389.888992620979,0.998687336796397,4.6415167092445,546.81571908864,TRUE,6.4980505712478,0.100870362841055,17.3618746077938,2026-06-10 00:26:42,2026-06-10 00:27:46,NA
"45","2026-06-10 00:47:26","Collar_45_2026-06-10 00:47:26",2026-06-10 00:48:23,453.241060569044,7.62660465399296,1.73638751627527e-77,0.996065715767308,7.66759946400884,538.889437246695,6.36728837622741,0.0979623589033348,5057.58336590695,5.87855783050764,1.85346670265413e-59,0.9853066310355,14.8179199509379,379.621729129956,0.998808056215283,4.28903703289638,539.062031590944,TRUE,6.33297312002493,0.0986996010777099,16.771295660286,2026-06-10 00:47:51,2026-06-10 00:48:55,NA
"45","2026-06-10 01:47:20","Collar_45_2026-06-10 01:47:20",2026-06-10 01:48:17,851.517316046958,8.13574665021511,3.75191555641857e-172,0.997814889448455,6.30159790635688,1172.42013070024,7.03722300436019,0.101211997069289,5373.20169427359,6.07356319890265,1.55054289065959e-103,0.974205801234828,21.6508525405005,834.984914223608,0.998134134779992,5.8691313369609,1172.71163596847,TRUE,6.99075727714967,0.10772350338597,24.6548808834017,2026-06-10 01:47:45,2026-06-10 01:48:49,NA
"45","2026-06-10 02:47:21","Collar_45_2026-06-10 02:47:21",2026-06-10 02:48:18,870.967000680999,10.0070692738173,1.92299892839498e-171,0.997758376383188,6.79107816755613,1227.79051417432,7.45262665036115,0.125233539641974,5154.30079444603,7.51505591888574,3.8219074150142e-95,0.965117101671107,26.7894417502411,825.561711036536,0.998467102488697,5.66022446879476,1228.81790762092,TRUE,7.34477977779441,0.120930301872507,31.5542059318008,2026-06-10 02:47:46,2026-06-10 02:48:50,NA
"45","2026-06-10 03:47:23","Collar_45_2026-06-10 03:47:23",2026-06-10 03:48:20,873.513317583248,8.89114253532141,1.4330377865295e-168,0.997514342827896,6.85791351454787,1159.54329337192,7.19292386319128,0.0963214466376173,5324.90991368783,5.78008942124519,2.06846828726369e-107,0.977561737181529,20.6046861837046,854.017116295665,0.997925340445177,6.31487155929087,1160.27830743129,TRUE,7.14492067443266,0.103390790746434,21.9733606392606,2026-06-10 03:47:48,2026-06-10 03:48:52,NA
"45","2026-06-10 04:47:27","Collar_45_2026-06-10 04:47:27",2026-06-10 04:48:24,885.231836994912,9.24130620282824,3.82602193934657e-168,0.997475909024299,7.17407957783627,1186.03072990373,7.45522358708587,0.106651419680945,5568.29348289697,6.39997388097638,7.95238503549918e-104,0.97447346176625,22.8144313679175,871.582063170168,0.997796353479951,6.75622907039351,1186.41293799661,TRUE,7.39926578400366,0.107392387976998,28.8698087416172,2026-06-10 04:47:52,2026-06-10 04:48:56,NA
"45","2026-06-10 05:47:26","Collar_45_2026-06-10 05:47:26",2026-06-10 05:48:38,980.973293350026,5.93045916090857,2.34562564813013e-134,0.991488330440109,10.3678621331507,997.631199140792,5.91469860607356,0.051673866830951,5410.33499490541,3.10086259551428,8.55221305704013e-131,0.99032470385068,11.0538602473031,820.659190202292,0.9975951597632,5.55449606088468,999.037861223677,TRUE,5.86170717035988,0.0515355892721066,10.9738846734542,2026-06-10 05:48:06,2026-06-10 05:49:10,"Time changed"
"45","2026-06-10 06:47:24","Collar_45_2026-06-10 06:47:24",2026-06-10 06:48:21,498.799269331854,6.83278996682879,4.04149120606167e-71,0.993734240410135,10.8857146684029,537.228112182027,7.17531322338799,0.0967184217537146,5193.82248487537,5.80391123610729,4.96101555056966e-63,0.988682923368545,14.6297603219394,425.734528964225,0.998085438845707,6.11519149805616,537.413281350955,TRUE,7.14167415247347,0.101507805779361,16.4109479810685,2026-06-10 06:47:49,2026-06-10 06:48:53,NA
"45","2026-06-10 07:47:25","Collar_45_2026-06-10 07:47:25",2026-06-10 07:48:22,433.901601703778,2.62320862822399,7.39508681500992e-51,0.972452638801169,6.60771906464141,459.583396561406,2.04591166428142,0.0532254595719403,5162.51350607565,3.19397108901536,1.89229250222504e-45,0.959104857732625,8.05095557230448,433.05506725818,0.974431920463524,6.46942943122422,459.598027801635,TRUE,2.03957451766886,0.0606394421854909,8.25333870674285,2026-06-10 07:47:50,2026-06-10 07:48:54,NA
"45","2026-06-10 08:47:17","Collar_45_2026-06-10 08:47:17",2026-06-10 08:48:14,420.888867875532,1.69232853723186,5.90425644616311e-42,0.947214487144504,5.97832583676526,428.850853232455,1.32405493607542,0.0420194524991311,4193.30015343384,2.52151728773859,2.80816093290838e-40,0.940335997953246,6.35591966633591,414.751690864522,0.954836907940446,5.61978111011063,428.955529950686,TRUE,1.31844732356773,0.0421487003096288,5.8830078944748,2026-06-10 08:47:42,2026-06-10 08:48:46,NA
"45","2026-06-10 09:47:22","Collar_45_2026-06-10 09:47:22",2026-06-10 09:48:19,414.177493897821,0.611511541808759,1.07694985499196e-34,0.910306970154635,5.67752055080951,388.704186347569,0.9641488606566,0.0308554115939243,4211.71105967625,1.85158180621175,4.6167151808506e-40,0.939387810383722,4.66723162008758,391.25868789325,0.940720853454867,4.69067880861249,388.70804936267,TRUE,0.965499384068678,0.0326304886202983,5.39019574531949,2026-06-10 09:47:47,2026-06-10 09:48:51,NA
"45","2026-06-10 10:47:20","Collar_45_2026-06-10 10:47:20",2026-06-10 10:48:17,405.783180044058,0.855816589523686,2.44705717106078e-37,0.926047871549931,5.32249921157824,370.859959300567,1.00459312296059,0.0268979174750214,4107.58301781869,1.61409918224981,1.07557512000283e-44,0.956787160925285,4.0686156647687,373.502784105618,0.957680074230724,4.09183462073453,371.1792496059,TRUE,0.990114703920612,0.0249524662420157,3.65172907170148,2026-06-10 10:47:45,2026-06-10 10:48:49,NA
"45","2026-06-10 11:47:18","Collar_45_2026-06-10 11:47:18",2026-06-10 11:48:15,407.602263313161,0.992860243220599,1.20843496232188e-30,0.879468233049284,5.39750018606564,377.093998678413,0.784450551622882,0.0282192117970916,4040.14141766788,1.69338785159551,4.47480411561335e-37,0.924618986958522,4.26847644512603,376.71296038474,0.929532272592353,4.19413489468556,377.134201981663,TRUE,0.790019013545381,0.031172745353882,4.20130914912046,2026-06-10 11:47:43,2026-06-10 11:48:47,NA
"45","2026-06-10 12:47:18","Collar_45_2026-06-10 12:47:18",2026-06-10 12:48:15,NA,NA,NA,NA,NA,346.850940984883,1.12498635992111,0.0223620228165372,4012.66097323729,1.34190770624318,1.39798120311841e-52,0.975712103653348,3.38251005535164,349.746631275686,0.97612125450617,3.40843688550361,347.282419356676,TRUE,1.11137512358972,0.0196329816911455,3.25079050706921,2026-06-10 12:47:43,2026-06-10 12:48:47,NA
"45","2026-06-10 13:47:18","Collar_45_2026-06-10 13:47:18",2026-06-10 13:48:15,369.888717720571,0.823319547866916,2.56971289515356e-44,0.955576569394964,4.03833194177613,333.354976352856,0.992587064149361,0.0201569470857434,3963.18915196918,1.20958478804037,5.20740052975071e-52,0.97467709082327,3.04896729433155,336.106314639014,0.975158905779042,3.06892789968427,333.450635707911,TRUE,0.993663130165046,0.0187596730102812,2.87717600937859,2026-06-10 13:47:43,2026-06-10 13:48:47,NA
"45","2026-06-10 14:47:19","Collar_45_2026-06-10 14:47:19",2026-06-10 14:48:16,NA,NA,NA,NA,NA,340.222579552469,1.46212484393258,0.0212504211589137,4129.24226232169,1.27520234408183,5.39307086193393e-61,0.986866958153749,3.21436767327356,340.74199805999,0.987551701768128,3.18033769802886,340.254309995876,TRUE,1.46017338043155,0.0212999326522022,3.72335111791456,2026-06-10 14:47:44,2026-06-10 14:48:48,NA
"45","2026-06-10 15:47:21","Collar_45_2026-06-10 15:47:21",2026-06-10 15:48:18,400.864498075257,0.858822949537697,1.2294615426718e-39,0.937475450692645,5.12487920254157,377.008352425884,1.0519247559942,0.0282006266141938,4172.92376334993,1.69227258575587,1.16024808922632e-44,0.956683152670216,4.26566522502541,379.556416553617,0.957640014933061,4.28688274288385,377.100769779852,TRUE,1.05453803922708,0.0282212366293752,4.53654576138586,2026-06-10 15:47:46,2026-06-10 15:48:50,NA
"45","2026-06-10 16:47:21","Collar_45_2026-06-10 16:47:21",2026-06-10 16:48:18,396.920204946529,1.98058880903363,6.91912615110174e-45,0.957387719122031,4.97172189641035,385.151891352125,1.24113878909816,0.0300236920559464,4823.68763472603,1.80167170341818,2.29974695332516e-47,0.964444618722524,4.54142458896506,382.869848107387,0.967720101542294,4.39755089191539,385.184811616174,TRUE,1.23894730024193,0.033316681993063,4.14740663277142,2026-06-10 16:47:46,2026-06-10 16:48:50,NA
"45","2026-06-10 17:47:22","Collar_45_2026-06-10 17:47:22",2026-06-10 17:48:19,459.522361603572,8.00973512557227,2.99153365054737e-80,0.996785359777423,8.04717653847163,552.944720670857,7.39709727530374,0.109147576227845,4300.16328514753,6.54976407365059,1.38131681820273e-60,0.986469011381812,16.509811171238,370.076027045072,0.999236559792245,3.98538437205988,553.402185672486,TRUE,7.33536423989393,0.105464474706582,19.4915405514677,2026-06-10 17:47:47,2026-06-10 17:48:51,NA
"45","2026-06-10 18:47:23","Collar_45_2026-06-10 18:47:23",2026-06-10 18:48:20,547.031198977756,8.91583714535905,1.0810703056714e-67,0.99195056696654,15.7756276018525,536.187405713432,9.19521450626368,0.0959472397177726,4432.97368673031,5.75763388788002,5.64084607435811e-70,0.993187398427233,14.5131102759001,365.849227190869,0.999533898451696,3.85788813040514,538.989659988648,TRUE,9.05938329197387,0.0906696771348872,13.3737404221285,2026-06-10 18:47:48,2026-06-10 18:48:52,NA
"45","2026-06-10 19:47:21","Collar_45_2026-06-10 19:47:21",2026-06-10 19:48:18,386.7835307708,12.7967652542641,9.0257750857781e-105,0.999464542984344,4.59878354323393,637.732561712524,10.2950478322725,0.209540081050156,5342.7512980582,12.5741509091066,5.98380623894921e-52,0.974565165783769,31.6953183066782,367.054157151549,0.999628312543413,3.89381193342936,637.838197957094,TRUE,10.2374980468154,0.210494057936243,42.1943947596962,2026-06-10 19:47:46,2026-06-10 19:48:50,NA
"45","2026-06-10 20:47:25","Collar_45_2026-06-10 20:47:25",2026-06-10 20:48:22,387.768445499089,12.0321048368607,2.85123368275228e-103,0.9994025123862,4.63375747451153,626.640792367248,9.82950987686126,0.192403308892401,5620.69987744076,11.5458017831224,5.42477472681798e-53,0.976430878196989,29.1031867890854,336.670510286911,0.999744026733364,3.08227588798827,626.889045370586,TRUE,9.7503788126146,0.195430161353706,33.8885313119545,2026-06-10 20:47:50,2026-06-10 20:48:54,NA
"45","2026-06-10 21:47:27","Collar_45_2026-06-10 21:47:27",2026-06-10 21:48:24,461.099005273266,10.9261408173872,1.12491732017548e-86,0.997990077150784,8.14536714837276,595.095944803625,9.45815414284985,0.150948853742884,5597.42783210068,9.05818904434504,1.80226335276304e-58,0.98420666974341,22.8327293920619,355.077260404114,0.999630108622547,3.55110433112909,595.136614349922,TRUE,9.43245280779398,0.156979775734951,30.6132779490935,2026-06-10 21:47:52,2026-06-10 21:48:56,NA
"45","2026-06-10 22:47:29","Collar_45_2026-06-10 22:47:29",2026-06-10 22:48:26,549.230113736333,10.574350168303,4.34816437003809e-71,0.993719676418165,16.0447376114051,567.487709136155,10.579625554168,0.122066993236282,6461.67370566862,7.32503674848976,3.02926219045667e-67,0.991682950304859,18.4640197998064,399.382538469866,0.999411079611562,4.99315745204444,570.501422537414,TRUE,10.4045007855238,0.109413855947892,17.3234987051914,2026-06-10 22:47:54,2026-06-10 22:48:58,NA
"49","2026-06-10 01:09:31","Collar_49_2026-06-10 01:09:31",2026-06-10 01:10:43,1037.86001167475,9.97536436716459,3.69545799929621e-108,0.978157413305389,12.9035944573395,1217.46153553851,4.41231291778161,0.120355934143661,5707.65200896258,7.22235894509676,9.60195615715624e-70,0.913043171980699,25.7460445201438,815.708818283307,0.996164740810849,5.44973949727592,1217.79679578355,TRUE,4.38306829129137,0.131259288545088,28.6544390790427,2026-06-10 01:10:11,2026-06-10 01:11:15,"Time changed"
"49","2026-06-10 02:09:27","Collar_49_2026-06-10 02:09:27",2026-06-10 02:10:39,809.942322727446,6.55235170484707,4.01618067603149e-165,0.997186103065774,5.37038401269168,1101.9420286386,5.28274952000712,0.0771805648453735,5446.89087279394,4.63147701743764,1.09751891878352e-102,0.973405034901007,16.5101477773997,788.944661798203,0.997678344212806,4.91665659412729,1102.556551932,TRUE,5.23115305398291,0.0803489112865423,19.5423502081163,2026-06-10 02:10:07,2026-06-10 02:11:11,"Time changed"
"49","2026-06-10 03:09:30","Collar_49_2026-06-10 03:09:30",2026-06-10 03:10:42,1137.95513594352,9.10042627981639,1.31478249701278e-60,0.879236528937062,18.9629516005659,1220.56724451122,2.53577637840319,0.121802210645254,6351.75944239869,7.3091475866597,6.45029261907783e-43,0.772007757074053,26.055426018143,912.897828327241,0.979264347565996,7.91984546508814,1223.40684559909,TRUE,2.35870556342457,0.114682147403688,26.2181007596899,2026-06-10 03:10:10,2026-06-10 03:11:14,"Time changed"
"49","2026-06-10 04:09:28","Collar_49_2026-06-10 04:09:28",2026-06-10 04:10:40,995.716332437296,9.05603332036545,1.02634980947602e-128,0.989573237158295,10.9727490356521,1227.37124270007,5.50447037853598,0.125031752958431,6314.26781733879,7.50294703643423,3.56492342691776e-79,0.938049436809047,26.7462763760115,831.488544450666,0.997141445883498,5.79073405509186,1227.41583103476,TRUE,5.48350946998812,0.12837849230388,34.5492683765201,2026-06-10 04:10:08,2026-06-10 04:11:12,"Time changed"
"49","2026-06-10 05:09:28","Collar_49_2026-06-10 05:09:28",2026-06-10 05:10:40,997.647536339628,8.90307750132518,1.02173563945604e-116,0.983945385939049,11.0545548426361,1200.61184919903,4.43427169162041,0.112803456855493,5838.70032090631,6.76914737486602,2.61803513470417e-73,0.923502333754922,24.1304497604667,761.255250003904,0.997473525493285,4.41996159789655,1201.15629644138,TRUE,4.38864383159948,0.111384327649992,27.2305021947271,2026-06-10 05:10:08,2026-06-10 05:11:12,"Time changed"
"49","2026-06-10 06:09:26","Collar_49_2026-06-10 06:09:26",2026-06-10 06:10:38,806.017947728916,4.03186328026266,1.85359832193497e-145,0.994291110507278,5.28993345667682,1009.57460326607,3.65190930010378,0.0541029301580856,6466.18746848661,3.24662663593124,6.22949902195214e-102,0.972673827369942,11.5734754454039,764.27386262386,0.995984559952017,4.47157661322391,1016.16501585015,TRUE,3.52948143020409,0.0489834391363773,9.65797843352599,2026-06-10 06:10:06,2026-06-10 06:11:10,"Time changed"
"49","2026-06-10 07:09:25","Collar_49_2026-06-10 07:09:25",2026-06-10 07:10:37,434.499132622839,6.42557807794278,2.98210059752981e-74,0.995016285504067,6.63816063670743,570.018316520874,4.83424964468922,0.124466453470272,6298.52788609868,7.46902435664274,1.00978369830488e-45,0.959911640025276,18.8269654257667,428.089721832666,0.995753773465384,6.2269892714759,570.804134805982,TRUE,4.75290803895382,0.13844857873656,18.0423237981313,2026-06-10 07:10:05,2026-06-10 07:11:09,"Time changed"
"49","2026-06-10 08:09:25","Collar_49_2026-06-10 08:09:25",2026-06-10 08:10:37,417.076760512275,5.75762816882483,1.16122425213939e-76,0.995821089005123,5.8055634049981,543.361988765028,4.64331598524258,0.101391326955291,5620.85826755478,6.0843244863747,4.45636902116909e-50,0.97083701259923,15.3365903328787,383.264943077419,0.997664256124019,4.41093622373927,544.620943255816,TRUE,4.54660966355393,0.0977535951457019,15.8347030866913,2026-06-10 08:10:05,2026-06-10 08:11:09,"Time changed"
"49","2026-06-10 09:09:30","Collar_49_2026-06-10 09:09:30",2026-06-10 09:10:42,453.867884861203,5.58603950381586,5.39848445871756e-66,0.990886689805832,7.70465979809536,544.860527820678,4.15605797161362,0.102566849682559,5059.42928824048,6.15486564535332,7.74646537230258e-47,0.963047887473149,15.514401503089,453.85946870893,0.991431710999659,7.59220281389503,547.29326216252,TRUE,4.00810024941321,0.087860197642112,11.7340159953044,2026-06-10 09:10:10,2026-06-10 09:11:14,"Time changed"
"49","2026-06-10 10:09:27","Collar_49_2026-06-10 10:09:27",2026-06-10 10:10:39,386.412844996237,5.50570714268245,3.83783946057292e-83,0.997397845500358,4.58568911609965,540.478326890958,4.65102378557799,0.0991670240421737,4911.02112773865,5.95084777701709,1.03512314555888e-50,0.972157101618232,15.0001392420497,381.09116608993,0.997745497538083,4.33779259959423,540.587973425058,TRUE,4.62340456483873,0.107207383333287,17.7209763896052,2026-06-10 10:10:07,2026-06-10 10:11:11,"Time changed"
"49","2026-06-10 11:09:29","Collar_49_2026-06-10 11:09:29",2026-06-10 11:10:41,515.205426808184,3.34051654077523,4.4157876036521e-34,0.906204290223769,12.3499567389497,540.014224516644,1.96528038152017,0.0988136271471841,4802.81096909158,5.92964101854807,7.52916950897125e-29,0.862614213558033,14.9466839459595,496.195248347172,0.93416732001016,10.5147771824261,540.117804853497,TRUE,1.93467586506488,0.10114522380968,14.7354865366653,2026-06-10 11:10:09,2026-06-10 11:11:13,"Time changed"
"49","2026-06-10 12:09:26","Collar_49_2026-06-10 12:09:26",2026-06-10 12:10:38,452.851349400409,3.16424458877125,3.47368810268771e-52,0.975000351561835,7.64464812004143,459.899713611301,2.5014772623541,0.0533551258786042,4599.50598168316,3.20175214789272,1.0588851103537e-50,0.972137042046537,8.0705690746128,432.431471410936,0.982829868532597,6.43847059499974,461.640392132871,TRUE,2.44243317290715,0.0467568824956093,7.8441340697631,2026-06-10 12:10:06,2026-06-10 12:11:10,"Time changed"
"49","2026-06-10 13:09:27","Collar_49_2026-06-10 13:09:27",2026-06-10 13:10:39,476.659665987432,3.48042360264972,1.04430767139159e-48,0.967767196100068,9.18109710354281,504.457818518383,2.61624749895623,0.0751679321974435,4699.13082882031,4.51070228778767,7.46721077455128e-43,0.950565499371521,11.3700038938255,478.726447197095,0.968711742697963,9.19266813995083,505.150113805692,TRUE,2.55456468839864,0.0750766143778937,9.75033862253006,2026-06-10 13:10:07,2026-06-10 13:11:11,"Time changed"
"49","2026-06-10 14:09:20","Collar_49_2026-06-10 14:09:20",2026-06-10 14:10:32,458.627371289439,7.47458840788138,1.37947039345265e-67,0.991888046430889,7.99196569137577,583.615361158412,4.52518219583049,0.138189907523448,4628.82180491939,8.29254595400965,2.85561347027303e-41,0.944508443450595,20.9027937937931,389.829329195215,0.997353153729363,4.63938697655851,583.887820398735,TRUE,4.48272418325573,0.140339162234092,23.4931771329395,2026-06-10 14:10:00,2026-06-10 14:11:04,"Time changed"
"49","2026-06-10 15:09:27","Collar_49_2026-06-10 15:09:27",2026-06-10 15:10:39,458.912539213494,5.24672280783979,6.3433135982204e-71,0.993643937115596,8.00951610489845,492.317440778572,5.24366133704667,0.0684659940918263,4589.71235707359,4.10853015584432,6.82042281597052e-64,0.989373714402819,10.3562595998241,378.831647439423,0.998256565599592,4.26304924065507,492.469657564087,TRUE,5.22266226013776,0.0733566422506498,11.4665330689083,2026-06-10 15:10:07,2026-06-10 15:11:11,"Time changed"
"49","2026-06-10 16:09:27","Collar_49_2026-06-10 16:09:27",2026-06-10 16:10:39,455.349186588774,7.63895240290432,2.59605450760224e-68,0.992306928827838,7.79295361787741,566.081694440836,4.56265631354394,0.120753891680403,5230.72229507724,7.24623971338381,5.33550373640453e-45,0.957737628823243,18.2653982684315,427.561879700969,0.995282473642592,6.20175693732152,566.594823474025,TRUE,4.56237568505133,0.113525730346862,17.5973100632184,2026-06-10 16:10:07,2026-06-10 16:11:11,"Time changed"
"49","2026-06-10 17:09:29","Collar_49_2026-06-10 17:09:29",2026-06-10 17:10:41,442.298045731545,4.88347034001702,4.38489447161333e-69,0.99272917994219,7.04858263454764,523.867942212886,4.28196039988696,0.0872723204608359,4595.49712585338,5.23706644648952,6.50925043734406e-52,0.974497140841003,13.2009301633634,406.783240687463,0.996041168096729,5.28565709769528,537.379911843432,TRUE,3.99744724556856,0.0545253573682224,6.7847188506047,2026-06-10 17:10:09,2026-06-10 17:11:13,"Time changed"
"49","2026-06-10 18:09:30","Collar_49_2026-06-10 18:09:30",2026-06-10 18:10:42,558.479116441841,6.38398544736882,8.35341361018257e-42,0.94663030531991,17.2278471642065,599.859773610898,3.71053286749546,0.156582949682152,5355.45493935428,9.39628174824057,4.38415416737216e-33,0.89912636807435,23.6849504242887,517.468921261,0.973296930315076,12.3842469323902,604.21350373835,TRUE,3.4305263376071,0.109790231507038,15.4545636100959,2026-06-10 18:10:10,2026-06-10 18:11:14,"Time changed"
"49","2026-06-10 19:09:32","Collar_49_2026-06-10 19:09:32",2026-06-10 19:10:44,512.131547175117,4.09363440649924,2.37559879924336e-52,0.975299980569327,12.0613645564834,516.080558583377,3.97387707315479,0.0821979530159877,6288.34537899979,4.93256211633941,1.61153139088507e-51,0.973752833195223,12.4333744262297,484.279621315525,0.984868564489932,9.59385653169453,517.815211035389,TRUE,3.87388424874452,0.0635142869129426,9.39784273480775,2026-06-10 19:10:12,2026-06-10 19:11:16,"Time changed"
"49","2026-06-10 20:09:27","Collar_49_2026-06-10 20:09:27",2026-06-10 20:10:39,517.603692686518,4.49906336030822,1.46910970490175e-56,0.981839333099079,12.579905750246,497.886747236716,4.86544252892998,0.0714628692981268,6665.12854191639,4.28836764044834,1.03823612732191e-60,0.986591075753721,10.8095710288979,444.130120264572,0.994485632373046,7.04473573206757,498.51239436746,TRUE,4.81237677549618,0.0657149803257182,8.89553723207056,2026-06-10 20:10:07,2026-06-10 20:11:11,"Time changed"
"49","2026-06-10 21:09:30","Collar_49_2026-06-10 21:09:30",2026-06-10 21:10:42,460.13862352032,9.19732704224493,4.03475044211877e-78,0.996243829130039,8.08541454957975,577.268638430343,6.84337757317092,0.131605384874658,7356.90575787727,7.89741972787017,1.82696970436935e-53,0.97723099270128,19.9068099218533,456.049447637423,0.996683363413351,7.72118436069323,578.678789425186,TRUE,6.80204064960431,0.1057293732764,14.2631330149211,2026-06-10 21:10:10,2026-06-10 21:11:14,"Time changed"
"49","2026-06-10 22:09:28","Collar_49_2026-06-10 22:09:28",2026-06-10 22:10:40,454.843359255971,9.73031907500703,4.50509518476311e-76,0.995637317910415,7.76269031037327,604.531116718224,6.03098751032792,0.162311821304165,7616.34436932619,9.74006178284334,1.46662980018343e-44,0.956359937081201,24.5515073554867,435.401632125643,0.996958213307593,6.58726616706549,605.823814281037,TRUE,5.89093493147623,0.1538958856328,24.5697139525437,2026-06-10 22:10:08,2026-06-10 22:11:12,"Time changed"
"49","2026-06-10 23:09:27","Collar_49_2026-06-10 23:09:27",2026-06-10 23:10:39,442.835276243607,6.42173246780572,1.38324155343333e-73,0.99476753574994,7.07777147166131,549.043993394798,5.06505260437592,0.105921185277514,8406.74886439771,6.35615373190633,3.15364686345598e-51,0.973187649875978,16.021782877844,442.339720177987,0.995117194549791,6.94837851298271,549.098016848148,TRUE,5.04340535248552,0.107589159007747,18.6877070185922,2026-06-10 23:10:07,2026-06-10 23:11:11,"Time changed"
"50","2026-06-10 00:22:09","Collar_50_2026-06-10 00:22:09",2026-06-10 00:23:06,NA,NA,NA,NA,NA,318.849754709218,0.00131763772225881,0.0180287980206015,5017.33098550758,1.08187811078771,0.941969892107032,8.47776010549838e-05,2.72706056562514,322.409760224537,0.00683049252485531,2.76204175180297,318.888182339885,TRUE,0.00249142287463167,0.0187827057324569,2.54955967972515,2026-06-10 00:22:34,2026-06-10 00:23:38,NA
"50","2026-06-10 00:43:12","Collar_50_2026-06-10 00:43:12",2026-06-10 00:44:09,NA,NA,NA,NA,NA,354.931541625686,-0.0611476736094589,0.0237961208171923,5119.21728125118,1.42796553626936,0.0125585476557246,0.0948678362588691,3.59943367390676,355.746989492311,0.138144295416732,3.56944598159482,354.987238059478,TRUE,-0.0639305683508919,0.0264524627805611,3.61882693075121,2026-06-10 00:43:37,2026-06-10 00:44:41,NA
"50","2026-06-10 01:43:07","Collar_50_2026-06-10 01:43:07",2026-06-10 01:44:04,734.505821414954,-0.340320669380276,6.47500179297173e-28,0.609575371762288,4.01789858957613,743.390224334401,-0.259441239291721,0.0194355190993485,5176.2608802867,1.16629309737423,5.25528810973751e-26,0.581960260703462,4.15756600257577,737.527950123148,0.612501161908858,4.03445878291745,743.73522813505,TRUE,-0.268122931013176,0.0175904333000779,3.5545548771797,2026-06-10 01:43:32,2026-06-10 01:44:36,NA
"50","2026-06-10 02:43:10","Collar_50_2026-06-10 02:43:10",2026-06-10 02:44:07,734.336082404604,-0.364830613445045,2.38791115605138e-08,0.216743798778642,4.01527639126308,725.393832536768,-0.124407978090563,0.0181357545984392,4900.25091069623,1.0882963967009,2.6426362764917e-10,0.2688100250407,3.87952574686083,711.515307481142,0.362760099961344,3.65035176364369,725.933193256608,TRUE,-0.136862872455295,0.018861682250685,3.71614320693345,2026-06-10 02:43:35,2026-06-10 02:44:39,NA
"50","2026-06-10 03:43:12","Collar_50_2026-06-10 03:43:12",2026-06-10 03:44:09,NA,NA,NA,NA,NA,729.120936437793,-0.315629001815577,0.0183976032307701,5216.28542401613,1.10400949656118,5.55025719444894e-35,0.696917902695794,3.93553932519825,705.744656385826,0.754470538197179,3.57022537712676,730.518548781483,TRUE,-0.300257010896681,0.0196288111278923,3.33851410145229,2026-06-10 03:43:37,2026-06-10 03:44:41,NA
"50","2026-06-10 04:43:13","Collar_50_2026-06-10 04:43:13",2026-06-10 04:44:10,695.04942646244,-0.151841638126108,3.0190428614616e-12,0.317316430208698,3.45217221981467,689.349218873306,-0.130095224597251,0.0157880330704288,5336.56677924027,0.947413542032658,1.74898393846396e-13,0.346603784633018,3.377310850594,689.499736109075,0.365668111404313,3.35398188389689,689.415204981626,TRUE,-0.132730706172941,0.0164970952876861,3.42301439135705,2026-06-10 04:43:38,2026-06-10 04:44:42,NA
"50","2026-06-10 05:43:09","Collar_50_2026-06-10 05:43:09",2026-06-10 05:44:06,NA,NA,NA,NA,NA,842.01675592939,0.403330257954609,0.0284013047861326,5167.89272796883,1.70431494827419,4.53229854883478e-28,0.611734982296932,6.0754898597782,817.05943121292,0.689265301039676,5.47812272578003,843.419321475469,TRUE,0.41201808298927,0.0274935005080223,4.04945334056367,2026-06-10 05:43:34,2026-06-10 05:44:38,NA
"50","2026-06-10 06:43:10","Collar_50_2026-06-10 06:43:10",2026-06-10 06:44:07,NA,NA,NA,NA,NA,325.348885203993,-0.109134626853615,0.0189530274936785,5081.1308828086,1.13733958054983,2.72431105369832e-07,0.344817703464349,2.86686077564118,322.852839848528,0.407130472968845,2.77147169289137,325.351014729467,TRUE,-0.109293285239741,0.0200064997650822,3.0960469115064,2026-06-10 06:43:35,2026-06-10 06:44:39,NA
"50","2026-06-10 07:43:11","Collar_50_2026-06-10 07:43:11",2026-06-10 07:44:08,NA,NA,NA,NA,NA,332.858972606829,0.0436317664990337,0.0200801865288542,5006.39139221625,1.20497851500013,0.0335581733824405,0.0697178888590867,3.03735638785577,324.579072842894,0.229864594543131,2.80851870055655,332.967687355031,TRUE,0.0395601127630406,0.0209918669148651,2.39333251068269,2026-06-10 07:43:36,2026-06-10 07:44:40,NA
"50","2026-06-10 08:43:10","Collar_50_2026-06-10 08:43:10",2026-06-10 08:44:07,342.576034705665,-0.199774886649719,0.00325870728759232,0.129327266950078,3.27308890845961,337.788961119914,-0.0804738514001701,0.020856310673226,4248.419242817,1.25155243091456,0.000271010680958631,0.191145634213215,3.15475398395327,323.724203004853,0.387407759589934,2.7901106922667,338.179947993916,TRUE,-0.0717801942859724,0.0193688002077431,2.85217025555736,2026-06-10 08:43:35,2026-06-10 08:44:39,NA
"50","2026-06-10 09:43:11","Collar_50_2026-06-10 09:43:11",2026-06-10 09:44:08,NA,NA,NA,NA,NA,318.720107695657,0.0304015440941487,0.0180108271383537,4216.53119206792,1.08079970810589,0.0963640919210869,0.0432686574609312,2.72434226547825,320.287023276494,0.0784191088892478,2.71730729699508,318.788507938601,TRUE,0.032512176085652,0.0169718506418034,2.2412262265925,2026-06-10 09:43:36,2026-06-10 09:44:40,NA
"50","2026-06-10 10:43:11","Collar_50_2026-06-10 10:43:11",2026-06-10 10:44:08,NA,NA,NA,NA,NA,355.447326503289,-0.127396601413693,0.023890721277761,4146.0258906631,1.43364235218591,1.39500557464005e-06,0.310987884795535,3.61374306853263,347.762079335015,0.424358068177687,3.35679956856807,356.936845329058,TRUE,-0.104706521376014,0.0211729079398185,2.62263398655139,2026-06-10 10:43:36,2026-06-10 10:44:40,NA
"50","2026-06-10 11:43:11","Collar_50_2026-06-10 11:43:11",2026-06-10 11:44:08,NA,NA,NA,NA,NA,324.190564783004,0.0614547633114928,0.0187849031608836,4004.96364872851,1.1272507196433,0.00173765730802659,0.145214440784341,2.84143005987392,325.048816317063,0.185547557495835,2.81868539103242,324.191791287319,TRUE,0.0608422925128223,0.0181560537573666,2.80770388354858,2026-06-10 11:43:36,2026-06-10 11:44:40,NA
"50","2026-06-10 12:43:09","Collar_50_2026-06-10 12:43:09",2026-06-10 12:44:05.636364,NA,NA,NA,NA,NA,348.93778049301,-0.0968564018414332,0.0215626215298625,4012.38186597398,1.28708069891975,3.02028502748372e-05,0.239696023834156,3.30177692182096,330.869781148242,0.455779391208322,2.83815252364926,350.144408651913,TRUE,-0.116502519319342,0.0219868354813253,2.53321312515842,2026-06-10 12:43:34,2026-06-10 12:44:38,NA
"50","2026-06-10 13:43:08","Collar_50_2026-06-10 13:43:08",2026-06-10 13:44:05,NA,NA,NA,NA,NA,352.333300928478,0.0510021924329238,0.0233252417155145,4014.17790664323,1.39970886644863,0.0324960199888634,0.0705369935039231,3.5282078590801,353.439886799422,0.111003815603886,3.5066580195442,352.351392201387,TRUE,0.0499879984319235,0.0239730102975253,3.46936287267886,2026-06-10 13:43:33,2026-06-10 13:44:37,NA
"50","2026-06-10 14:43:11","Collar_50_2026-06-10 14:43:11",2026-06-10 14:44:08,311.189232225047,-0.107235954517085,0.33105618950382,0.0150018888161316,2.57100588481449,311.164512315548,-0.0168560275724227,0.0169938772987585,4044.31166098955,1.01977424373661,0.325046480295048,0.0153764185807545,2.5705170464254,315.118572289145,0.0160720747686662,2.61139382234999,311.168909271955,TRUE,-0.0171663701741687,0.0178889694663033,2.8808520387889,2026-06-10 14:43:36,2026-06-10 14:44:40,NA
"50","2026-06-10 15:43:14","Collar_50_2026-06-10 15:43:14",2026-06-10 15:44:11,NA,NA,NA,NA,NA,318.404799411464,-0.0068092962045713,0.0179671957418086,4085.2133645126,1.07818146074346,0.70597337019123,0.00227464859148444,2.71774252095811,312.57145594106,0.142350221826765,2.56072624487784,318.44344404466,TRUE,-0.00952895963055477,0.0176272078364218,2.98772129103586,2026-06-10 15:43:39,2026-06-10 15:44:43,NA
"50","2026-06-10 16:43:11","Collar_50_2026-06-10 16:43:11",2026-06-10 16:44:08,NA,NA,NA,NA,NA,453.945716873204,0.709551645586303,0.0509665776868838,4249.48741913348,3.0584193532033,6.84652686216623e-21,0.754691358068403,7.70927401904155,445.371307332249,0.797838936001007,7.11231811156063,454.675312178993,TRUE,0.680825421523588,0.0472794292634736,6.55652915224619,2026-06-10 16:43:36,2026-06-10 16:44:40,NA
"50","2026-06-10 17:43:14","Collar_50_2026-06-10 17:43:14",2026-06-10 17:44:11,NA,NA,NA,NA,NA,328.926126199605,0.0282182555199843,0.0194818043441571,3974.87578743264,1.16907059774634,0.152452579487385,0.0322280802182446,2.9468442828782,331.310445906003,0.0559871110962105,2.95777407667522,328.932040934692,TRUE,0.0267786250845396,0.020521011443464,2.72327520307361,2026-06-10 17:43:39,2026-06-10 17:44:43,NA
"50","2026-06-10 18:43:12","Collar_50_2026-06-10 18:43:12",2026-06-10 18:44:09,NA,NA,NA,NA,NA,346.976771674686,0.113186606448979,0.0223836781318314,4318.83130913738,1.34320720560927,3.93445787461676e-06,0.2886965242546,3.38578566786377,350.333946148649,0.295696377798578,3.42387038107736,347.089970067322,TRUE,0.118963728429887,0.0223392599215994,3.25106222567953,2026-06-10 18:43:37,2026-06-10 18:44:41,NA
"50","2026-06-10 19:43:11","Collar_50_2026-06-10 19:43:11",2026-06-10 19:44:08,NA,NA,NA,NA,NA,348.392602486078,-0.0241966635255504,0.0226287912515144,4596.52040025071,1.35791603525775,0.289020449531484,0.0178252840366331,3.42286181248755,351.702543163384,0.028197189763041,3.46010616080766,348.469701263997,TRUE,-0.0216964824821665,0.0230025419322801,2.89995029354145,2026-06-10 19:43:36,2026-06-10 19:44:40,NA
"50","2026-06-10 20:43:09","Collar_50_2026-06-10 20:43:09",2026-06-10 20:44:06,NA,NA,NA,NA,NA,431.378023313109,0.583617448457421,0.0428442923577569,4908.36667576679,2.57101455244436,1.92862706641354e-20,0.746534068229099,6.4806860677812,434.570971962469,0.749661688778307,6.54530974194092,431.619197347985,TRUE,0.597207131431318,0.0462528993611087,6.0178032613459,2026-06-10 20:43:34,2026-06-10 20:44:38,NA
"50","2026-06-10 21:43:11","Collar_50_2026-06-10 21:43:11",2026-06-10 21:44:08,NA,NA,NA,NA,NA,336.891230452044,-0.0665698577564519,0.0207127810571388,5503.81556628286,1.24293945795224,0.00206537166267226,0.140863938798749,3.13304349856298,336.014035939624,0.202969024949156,3.0667502367053,337.015567678534,TRUE,-0.0690801792376325,0.0197832194507553,2.6844462364082,2026-06-10 21:43:36,2026-06-10 21:44:40,NA
"50","2026-06-10 22:43:15","Collar_50_2026-06-10 22:43:15",2026-06-10 22:44:12,461.272062564445,1.58773384745535,1.89307081945593e-21,0.764454922808811,8.15621756250885,460.906650173052,0.771693335696111,0.0537700015254094,5761.21490076363,3.22664814375803,1.58452842583175e-21,0.765775378324014,8.13332373051098,463.80994347808,0.769694159724933,8.19614472904879,461.282981150496,TRUE,0.792285742008852,0.0542136568204692,8.34714038794741,2026-06-10 22:43:40,2026-06-10 22:44:44,NA
"50","2026-06-10 23:43:12","Collar_50_2026-06-10 23:43:12",2026-06-10 23:44:09,447.236038827514,1.86213709963249,8.76029917535619e-33,0.896889005696789,7.32146990233055,451.70921327588,1.12842212187138,0.0500972544201994,5745.00356949594,3.00625271334469,7.68588635278431e-32,0.889543244540601,7.57777899665313,447.709097525316,0.902334791793748,7.24137588381576,451.937186719018,TRUE,1.12288234485859,0.0550957995392961,7.63720433381974,2026-06-10 23:43:37,2026-06-10 23:44:41,NA
"51","2026-06-10 00:25:10","Collar_51_2026-06-10 00:25:10",2026-06-10 00:26:07,NA,NA,NA,NA,NA,332.279277425619,0.14683329540247,0.019990844432457,5010.32713510219,1.19961724475052,4.99286752171427e-10,0.461305598455499,3.02384238056274,333.85474983775,0.481028995975016,3.01623255124538,332.771091345551,TRUE,0.159899380852156,0.0198192916738817,2.78014723762535,2026-06-10 00:25:35,2026-06-10 00:26:39,NA
"51","2026-06-10 00:46:12","Collar_51_2026-06-10 00:46:12",2026-06-10 00:47:09,NA,NA,NA,NA,NA,326.449643529546,0.0388190401609381,0.0191141911764746,5106.09274145276,1.14701074445503,0.0464900330166194,0.0614463763003784,2.89123861400078,324.786653152077,0.139755145571186,2.81300684579908,326.640527964293,TRUE,0.0423485902299367,0.0187417334453973,2.63695648328133,2026-06-10 00:46:37,2026-06-10 00:47:41,NA
"51","2026-06-10 01:46:07","Collar_51_2026-06-10 01:46:07",2026-06-10 01:47:04,738.65749208149,-0.31799391996926,4.32613341381167e-08,0.209630155777109,4.08257122099104,741.590988261194,-0.106308928247901,0.0193014869062041,5137.15470544435,1.15825004892817,1.91216305620537e-07,0.191592431034308,4.12889438919515,740.814598801129,0.220755476277213,4.08578190395141,741.717983366304,TRUE,-0.10073819261253,0.0204241818607954,3.9404905623517,2026-06-10 01:46:32,2026-06-10 01:47:36,NA
"51","2026-06-10 02:46:10","Collar_51_2026-06-10 02:46:10",2026-06-10 02:47:07,673.045726454364,-0.196565354675011,6.88513402436828e-16,0.400114147637659,3.17203724791606,668.654664795194,-0.140381672896789,0.0145801033304579,4872.87336545811,0.874927692252174,7.74280575858768e-17,0.420038342453941,3.11891550778211,670.437725152084,0.429844795816606,3.1168810404096,668.94920224314,TRUE,-0.148066914679119,0.0141193199980197,2.74962278234101,2026-06-10 02:46:35,2026-06-10 02:47:39,NA
"51","2026-06-10 03:46:11","Collar_51_2026-06-10 03:46:11",2026-06-10 03:47:08,NA,NA,NA,NA,NA,932.55735996541,0.47132235675355,0.0402322205066466,5179.24141586553,2.41426847562372,5.44250024002878e-22,0.517422422370799,8.60631050457367,923.9768697025,0.561934392275843,8.26461700857824,932.973635310819,TRUE,0.448868141890932,0.0406401219248145,7.94550379017652,2026-06-10 03:46:36,2026-06-10 03:47:40,NA
"51","2026-06-10 04:46:11","Collar_51_2026-06-10 04:46:11",2026-06-10 04:47:08,698.155369812636,-0.263855063661388,1.57784938938572e-07,0.193944686710281,3.49365895365238,700.032115637981,-0.0878541835811821,0.016450244115247,5289.40424949747,0.987151722763953,4.09168392679027e-07,0.182223662307741,3.51896830324,687.925416338744,0.277518953449946,3.33373462974772,700.187379295513,TRUE,-0.0874023285177008,0.0164912357035332,3.38971505833213,2026-06-10 04:46:36,2026-06-10 04:47:40,NA
"51","2026-06-10 05:46:08","Collar_51_2026-06-10 05:46:08",2026-06-10 05:47:05,NA,NA,NA,NA,NA,877.842303167605,0.727314278802828,0.0325971758283027,5200.76190918949,1.95610217396858,6.08675271510091e-46,0.795472817439422,6.97305326968492,866.431017318728,0.818337142838428,6.62369379737805,878.434798605987,TRUE,0.729542801911082,0.0325947872864226,6.21158430576662,2026-06-10 05:46:33,2026-06-10 05:47:37,NA
"51","2026-06-10 06:46:10","Collar_51_2026-06-10 06:46:10",2026-06-10 06:47:07,348.8558087175,-0.465345670013132,1.56461861656859e-14,0.6107851093765,3.43507965040869,346.809331858558,-0.228021350410817,0.0223548665446818,5046.55021253266,1.3414782703004,5.74977553420229e-15,0.622848354310304,3.38142758791529,350.729377036542,0.623311993599625,3.4343008836217,346.855738740727,TRUE,-0.223512163228546,0.0218031672326447,3.24051481186831,2026-06-10 06:46:35,2026-06-10 06:47:39,NA
"51","2026-06-10 07:46:11","Collar_51_2026-06-10 07:46:11",2026-06-10 07:47:08,462.80456399169,-0.561141847906063,1.73758340719655e-06,0.306319959353964,8.25293586958118,465.7053063262,-0.272502505368915,0.055791886680819,4971.27341503738,3.34797810095566,7.44720215813851e-06,0.274662094511944,8.43915683537132,457.853724148263,0.395558078024168,7.82909417580347,465.870896181643,TRUE,-0.285603577586828,0.0468222768337428,7.10169586393184,2026-06-10 07:46:36,2026-06-10 07:47:40,NA
"51","2026-06-10 08:46:08","Collar_51_2026-06-10 08:46:08",2026-06-10 08:47:05,NA,NA,NA,NA,NA,347.587660953093,0.0855985631764635,0.0224891098804693,4233.77463193651,1.34953398906444,0.000321904611842452,0.186963878329069,3.4017334178883,351.161486908322,0.192277131713281,3.44573522509707,347.587977026089,TRUE,0.0859535279195129,0.0213792498729585,3.06775028308563,2026-06-10 08:46:33,2026-06-10 08:47:37,NA
"51","2026-06-10 09:46:09","Collar_51_2026-06-10 09:46:09",2026-06-10 09:47:06,NA,NA,NA,NA,NA,321.314678570715,0.0691206431637873,0.0183739026254152,4211.2325950222,1.10258726274855,0.000372135566144159,0.183428353177176,2.77926155859913,321.847099141086,0.225848739552062,2.75011302051568,321.740408715092,TRUE,0.0728010963260126,0.0181126230665763,2.25907072817728,2026-06-10 09:46:34,2026-06-10 09:47:38,NA
"51","2026-06-10 10:46:09","Collar_51_2026-06-10 10:46:09",2026-06-10 10:47:06,316.557184440454,-0.116721913976619,4.87895093443793e-05,0.231917680937389,2.67939000172865,313.554302790806,-0.0828323376730748,0.0173091648949468,4130.0544386621,1.03869412672211,1.06946245724413e-05,0.266594515012554,2.61820787802789,314.452559514234,0.300770085637177,2.59804940638167,313.705873606454,TRUE,-0.0792482176566874,0.017207278877705,2.56325307288491,2026-06-10 10:46:34,2026-06-10 10:47:38,NA
"51","2026-06-10 11:46:12","Collar_51_2026-06-10 11:46:12",2026-06-10 11:47:09,NA,NA,NA,NA,NA,313.846845362312,-0.164325301663431,0.0173481600437182,4012.4151407554,1.04103416058541,9.94813735573981e-14,0.587487482979793,2.62410633738961,310.337327792268,0.632495519628131,2.51709461673184,313.91516476176,TRUE,-0.163094892817463,0.0183112027302721,2.77124695127613,2026-06-10 11:46:37,2026-06-10 11:47:41,NA
"51","2026-06-10 12:46:09","Collar_51_2026-06-10 12:46:09",2026-06-10 12:47:06,NA,NA,NA,NA,NA,340.739816038854,0.0569855379712037,0.02133513953093,4001.04648101365,1.28028615234022,0.00961250818335064,0.101720664759314,3.22718228971363,343.512181036025,0.118526982755828,3.24883504801042,340.821480178098,TRUE,0.0542950734511102,0.0217706875642483,3.62398413765354,2026-06-10 12:46:34,2026-06-10 12:47:38,NA
"51","2026-06-10 13:46:07","Collar_51_2026-06-10 13:46:07",2026-06-10 13:47:04,336.251908795127,0.192983379472347,0.845138844032868,0.000610221117849181,3.11767345753547,336.102469178309,0.00882058098386281,0.0205874889278183,4031.34778639373,1.23542088616443,0.66978939725456,0.00290524997603528,3.11409164028253,337.757424571889,0.0382368723944162,3.10815445712985,336.205911576152,TRUE,0.00236564043955267,0.0200961367378048,2.58491292693499,2026-06-10 13:46:32,2026-06-10 13:47:36,NA
"51","2026-06-10 14:46:11","Collar_51_2026-06-10 14:46:11",2026-06-10 14:47:08,331.942898502038,0.365746298369472,2.70259686910438e-15,0.63170131678585,3.01602821119866,334.002018820807,0.205314648980072,0.0202575233345802,4054.22259940615,1.21562020104779,7.39733613079595e-15,0.619847296896817,3.0641805948371,334.136005502846,0.641798422241389,3.02276525001688,334.284330596803,TRUE,0.19492159568746,0.0190585964469552,2.66371547245055,2026-06-10 14:46:36,2026-06-10 14:47:40,NA
"51","2026-06-10 15:46:14","Collar_51_2026-06-10 15:46:14",2026-06-10 15:47:11,NA,NA,NA,NA,NA,323.441345419159,0.054359424716902,0.0186769528906043,4079.64842219474,1.12077280390343,0.00498249474311984,0.1185243127814,2.82510135483265,308.300552828267,0.343368033914743,2.47796536669818,323.564726515876,TRUE,0.0591175797259398,0.0192074400392734,2.88232157534584,2026-06-10 15:46:39,2026-06-10 15:47:43,NA
"51","2026-06-10 16:46:10","Collar_51_2026-06-10 16:46:10",2026-06-10 16:47:07,NA,NA,NA,NA,NA,538.859129894847,1.42029486269884,0.097939523260091,4312.56141460132,5.8771875016292,9.56097565391368e-22,0.76948481382663,14.8144658004111,524.889420696017,0.825162026508084,13.1117138956466,540.040194243822,TRUE,1.34704875976684,0.0895829856940746,12.1499879134794,2026-06-10 16:46:35,2026-06-10 16:47:39,NA
"51","2026-06-10 17:46:13","Collar_51_2026-06-10 17:46:13",2026-06-10 17:47:10,486.489146546733,1.89786312793583,1.94020874611046e-19,0.727368408582802,9.90221130756732,478.948337774265,0.86596563151768,0.061774949321855,3981.62183225747,3.70701171481122,4.92472946276503e-21,0.757231343459856,9.34416304662232,480.838052356099,0.764986483464547,9.34320500463284,479.16107253125,TRUE,0.87834970875831,0.0608366740782518,9.45876310688956,2026-06-10 17:46:38,2026-06-10 17:47:42,NA
"51","2026-06-10 18:46:11","Collar_51_2026-06-10 18:46:11",2026-06-10 18:47:08,NA,NA,NA,NA,NA,327.000261306245,0.115032892650093,0.0191953214346502,4320.76175240617,1.15187923598411,1.09203035507548e-07,0.363077504747041,2.90351048744997,325.506342767819,0.414699053743603,2.82862304610388,327.158493459467,TRUE,0.116579544412737,0.0199630655742972,2.87469699275228,2026-06-10 18:46:36,2026-06-10 18:47:40,NA
"51","2026-06-10 19:46:11","Collar_51_2026-06-10 19:46:11",2026-06-10 19:47:08,332.167639168588,0.187527287298337,0.568823029050855,0.0051808413461075,3.02124675297431,332.358079376979,0.00755949554475497,0.0200029659332364,4591.18974533085,1.20034463580278,0.706761305083037,0.0022618971255373,3.02567589529477,334.261086640333,0.0339366679559622,3.02567504129878,332.398878188462,TRUE,0.0113382815752452,0.0206493530037945,3.00675853939702,2026-06-10 19:46:36,2026-06-10 19:47:40,NA
"51","2026-06-10 20:46:08","Collar_51_2026-06-10 20:46:08",2026-06-10 20:47:05,436.648583752993,0.689469103194271,6.09349311157939e-17,0.673159817049427,6.74882996966264,437.997834627713,0.505637632294029,0.0450824962378827,4998.76853956046,2.70532543565583,1.17750195013647e-16,0.666304460111059,6.81923983782984,436.784321585184,0.69202422506401,6.65770272953109,438.051387673519,TRUE,0.50109727575951,0.0472404854881929,7.2221805936267,2026-06-10 20:46:33,2026-06-10 20:47:37,NA
"51","2026-06-10 21:46:10","Collar_51_2026-06-10 21:46:10",2026-06-10 21:47:07,344.748469833894,-0.412901205533078,1.45958163182378e-12,0.551201408655661,3.32824520225856,343.034280465049,-0.195587323830863,0.0217150416274463,5468.51478349059,1.30308344376218,6.29700902929196e-13,0.562882485278351,3.28464679871883,344.787811893576,0.577731648313028,3.28087130988354,343.047220272244,TRUE,-0.194628986827575,0.0221480778975197,3.28802156321117,2026-06-10 21:46:35,2026-06-10 21:47:39,NA
"51","2026-06-10 22:46:15","Collar_51_2026-06-10 22:46:15",2026-06-10 22:47:12,NA,NA,NA,NA,NA,370.909023078691,-0.0345136300317572,0.0269080710329081,5846.46680848138,1.61470848033012,0.204314000333219,0.0254495395593184,4.07015150577607,370.22131706179,0.0932581913700433,3.98984098938867,371.106453500189,TRUE,-0.0435225618771844,0.0280485287920862,3.72930966253793,2026-06-10 22:46:40,2026-06-10 22:47:44,NA
"51","2026-06-10 23:46:12","Collar_51_2026-06-10 23:46:12",2026-06-10 23:47:09,NA,NA,NA,NA,NA,387.357004668332,0.339648429401359,0.0305373100183881,5876.27374462678,1.83249306101717,1.67566080457039e-16,0.662574653535486,4.61911514213288,386.577121055554,0.686497410747127,4.52476324709542,387.467862892841,TRUE,0.349497948384817,0.0318419602629079,4.71961899720329,2026-06-10 23:46:37,2026-06-10 23:47:41,NA
"52","2026-06-10 00:28:10","Collar_52_2026-06-10 00:28:10",2026-06-10 00:29:07,NA,NA,NA,NA,NA,383.889937153295,0.278710219686153,0.0297336519061427,5019.62397467072,1.78426687759653,1.46918351557122e-13,0.582404399374273,4.49755272052025,387.213679626646,0.586726525508723,4.54697355585872,383.961777837123,TRUE,0.277784672590458,0.0294544926766752,4.10388574799138,2026-06-10 00:28:35,2026-06-10 00:29:39,NA
"52","2026-06-10 00:49:12","Collar_52_2026-06-10 00:49:12",2026-06-10 00:50:09,NA,NA,NA,NA,NA,353.29399962714,0.214038288846781,0.0234982535086339,5099.81718463963,1.41009101570064,4.20119202643334e-13,0.568399202528704,3.55437785875868,356.720678391667,0.572189322944055,3.59628119849319,353.295450820888,TRUE,0.214772427231625,0.0231155495090961,3.21343981058182,2026-06-10 00:49:37,2026-06-10 00:50:41,NA
"52","2026-06-10 01:49:06","Collar_52_2026-06-10 01:49:06",2026-06-10 01:50:03,NA,NA,NA,NA,NA,779.866931750422,0.0381612898921762,0.0223627650675692,5104.51875209653,1.3419522474901,0.0903464333464879,0.0222441363543806,4.78375037441789,760.618182416457,0.182358908099748,4.40914480039975,779.910382494109,TRUE,0.0366388489834031,0.0238618687734263,4.69917477362518,2026-06-10 01:49:31,2026-06-10 01:50:35,NA
"52","2026-06-10 02:49:09","Collar_52_2026-06-10 02:49:09",2026-06-10 02:50:06,790.352264946074,0.348802260272778,1.08757305539935e-18,0.457084710319657,4.98061332271552,788.253855605878,0.243987850028337,0.0230958905036294,4833.30332293355,1.38594588260814,3.83569900975031e-19,0.4657778876651,4.94057754085511,791.681080016433,0.468126474471085,4.96867612267878,789.153206769645,TRUE,0.260478624383901,0.0223165388244626,4.11236395295796,2026-06-10 02:49:34,2026-06-10 02:50:38,NA
"52","2026-06-10 03:49:12","Collar_52_2026-06-10 03:49:12",2026-06-10 03:50:09,788.868872340677,0.481252100075038,7.65215097252727e-46,0.794741539700011,4.95227805799217,780.270643629312,0.519624236043841,0.0223975155547983,5245.66585638955,1.34403756629113,1.10137182963102e-47,0.807878161533805,4.79118405517208,745.035458703329,0.85792989523534,4.15265211963006,780.327944305252,TRUE,0.520383639242025,0.0223716012100731,4.78549438849328,2026-06-10 03:49:37,2026-06-10 03:50:41,NA
"52","2026-06-10 04:49:11","Collar_52_2026-06-10 04:49:11",2026-06-10 04:50:08,815.385268328059,0.405020960035919,3.6873826975846e-27,0.598872031972771,5.48399485142287,792.525980256897,0.373040033481703,0.0234785197529659,5253.50677831001,1.40890682592401,4.54479910813482e-32,0.663553273119231,5.02242801011714,781.347140902306,0.700630223959245,4.77506464112079,793.599806505525,TRUE,0.354346935550301,0.0218055874861938,4.40622253375647,2026-06-10 04:49:36,2026-06-10 04:50:40,NA
"52","2026-06-10 05:49:07","Collar_52_2026-06-10 05:49:07",2026-06-10 05:50:04,860.387552011072,0.779556376291342,5.24413398177005e-40,0.74690685013481,6.52029440680231,826.322454988492,0.615112091311566,0.0267376421623402,5285.73662980372,1.60448132795408,2.6322227686351e-47,0.80524966704851,5.71960602003722,818.018143706984,0.822837064964107,5.49835980081027,826.688297129662,TRUE,0.599173114274754,0.0286177660564858,5.45301842587786,2026-06-10 05:49:32,2026-06-10 05:50:36,NA
"52","2026-06-10 06:49:09","Collar_52_2026-06-10 06:49:09",2026-06-10 06:50:06,NA,NA,NA,NA,NA,373.624613732595,-0.286725323442041,0.0274760698585853,5009.54437030252,1.64879314286565,2.31218577564814e-15,0.63350517987674,4.15606778244941,359.937103115749,0.720816620553107,3.68636928393082,373.627164330513,TRUE,-0.286095303829636,0.0280825860766633,5.30319691147656,2026-06-10 06:49:34,2026-06-10 06:50:38,NA
"52","2026-06-10 07:49:13","Collar_52_2026-06-10 07:49:13",2026-06-10 07:50:10,NA,NA,NA,NA,NA,416.67698327286,0.192374193207489,0.0382631584265606,4912.91168541314,2.29610834310723,4.38270573083319e-06,0.28634036541506,5.78773750430309,375.899838779805,0.641643966076282,4.16798336831883,416.772741845352,TRUE,0.181459327116335,0.0389155925878476,5.9193230176286,2026-06-10 07:49:38,2026-06-10 07:50:42,NA
"52","2026-06-10 08:49:07","Collar_52_2026-06-10 08:49:07",2026-06-10 08:50:04,332.870703235386,0.0714028841267522,0.000378464551228761,0.183016450083004,3.03763047791101,332.672812583884,0.07595256582249,0.0200514522768379,4240.95696127622,1.20325422044367,0.000341842574996002,0.185499950874995,3.03301000572497,329.913411716286,0.265945184916191,2.92615878333574,332.711920074071,TRUE,0.0749282612113399,0.02128164400584,3.56409873215142,2026-06-10 08:49:32,2026-06-10 08:50:36,NA
"52","2026-06-10 09:49:10","Collar_52_2026-06-10 09:49:10",2026-06-10 09:50:07,304.257114953813,0.112105598842596,0.024804697571102,0.0774305350885265,2.4375007661118,303.468210077866,0.0396283959834726,0.0160170021974598,4215.39328970716,0.961153597598087,0.0160613621765406,0.0885600826535803,2.42275358691752,306.255460256192,0.105407787331816,2.43928832205871,303.642243939644,TRUE,0.0441386887581303,0.0151489221604909,2.50515737533173,2026-06-10 09:49:35,2026-06-10 09:50:39,NA
"52","2026-06-10 10:49:08","Collar_52_2026-06-10 10:49:08",2026-06-10 10:50:05,NA,NA,NA,NA,NA,336.308905720516,0.240828255882993,0.0206202072837052,4111.34886140746,1.23738426015168,2.0774869463471e-17,0.684059350985956,3.11904066339596,329.98820314752,0.730444491719508,2.92784274156811,336.710668951669,TRUE,0.228164649171592,0.0206771564463717,2.76433628323566,2026-06-10 10:49:33,2026-06-10 10:50:37,NA
"52","2026-06-10 11:49:13","Collar_52_2026-06-10 11:49:13",2026-06-10 11:50:10,NA,NA,NA,NA,NA,326.677887358624,-0.00555474500996419,0.0191477798554479,3990.58264142876,1.14902634507965,0.77269349564608,0.00133404690041359,2.89631928337068,325.731788388635,0.0745070530901931,2.83353269185611,327.154772047935,TRUE,0.00667888384469497,0.0191120396464562,2.29317585613349,2026-06-10 11:49:38,2026-06-10 11:50:42,NA
"52","2026-06-10 12:49:08","Collar_52_2026-06-10 12:49:08",2026-06-10 12:50:05,349.075738997135,0.267721944600318,0.482175252963248,0.00787159205166916,3.44089593838301,349.169126609759,0.0145527875252978,0.0227643634625897,4012.97716275143,1.36605149761225,0.524958934011795,0.00644514445545491,3.44336864994813,337.345503827211,0.221126282384812,3.09832148001131,349.191261292048,TRUE,0.012294963201689,0.024439276863948,3.7462223285072,2026-06-10 12:49:33,2026-06-10 12:50:37,NA
"52","2026-06-10 13:49:09","Collar_52_2026-06-10 13:49:09",2026-06-10 13:50:06,351.366278074701,0.445037226906326,6.17097900112799e-06,0.278821909165202,3.50206017251628,349.631215804506,0.118091861013504,0.0228454241080536,4030.53178389499,1.37091581179856,2.58330231619664e-06,0.297817847820033,3.45562999368365,352.928750548293,0.305365582891454,3.49289755037297,349.665191480112,TRUE,0.121157911334218,0.0242494289920192,3.68854806066943,2026-06-10 13:49:34,2026-06-10 13:50:38,NA
"52","2026-06-10 14:49:11","Collar_52_2026-06-10 14:49:11",2026-06-10 14:50:08,NA,NA,NA,NA,NA,348.635401731504,0.00606762581466915,0.0226710942315758,4062.64962539744,1.36045456656179,0.789852952754114,0.0011356867642269,3.42926061891947,345.716839059482,0.101991511335236,3.3044015844098,348.6717103513,TRUE,0.00466059256800949,0.0238548943279534,3.49533762179323,2026-06-10 14:49:36,2026-06-10 14:50:40,NA
"52","2026-06-10 15:49:12","Collar_52_2026-06-10 15:49:12",2026-06-10 15:50:09,347.372041262292,0.795871627581944,4.48811416716978e-14,0.597676041488436,3.39609593509144,346.002141632313,0.218722966156369,0.0222164917401063,4087.45968037477,1.33317462898257,2.29544746127752e-14,0.606066445331008,3.36049682634135,348.328945790481,0.616077473773396,3.3714688902964,346.238351753139,TRUE,0.217516531710638,0.0209824746831212,3.02602355750611,2026-06-10 15:49:37,2026-06-10 15:50:41,NA
"52","2026-06-10 16:49:09","Collar_52_2026-06-10 16:49:09",2026-06-10 16:50:06,643.855833163395,-12.1069668271601,4.60945905030563e-28,0.854500999036327,33.2239522985115,659.797508675139,-4.12374380152065,0.248301913770167,4643.93213036195,14.9001838651515,1.06898742239525e-24,0.814059679129434,37.5584859644062,572.48809322482,0.954365430654213,18.909220419757,659.798077497069,TRUE,-4.12894981632824,0.255633543443672,44.9867066306859,2026-06-10 16:49:34,2026-06-10 16:50:38,NA
"52","2026-06-10 17:49:13","Collar_52_2026-06-10 17:49:13",2026-06-10 17:50:10,NA,NA,NA,NA,NA,415.307643138677,0.522047744183893,0.0378622330803598,4074.26286694453,2.27204948152262,1.08498349492902e-20,0.751097668060886,5.72709298989151,413.807658851142,0.771292147588895,5.57911928691474,415.320610001857,TRUE,0.525652609148378,0.0383293397020933,6.74798446148568,2026-06-10 17:49:38,2026-06-10 17:50:42,NA
"52","2026-06-10 18:49:12","Collar_52_2026-06-10 18:49:12",2026-06-10 18:50:09,378.444394327514,0.283644504046476,3.92521862606535e-12,0.537063803768377,4.31304701335403,389.033785755881,0.2244115108049,0.0309337410448489,4324.05836811089,1.85628222596732,7.18484873353902e-10,0.455154126495951,4.67907983961389,367.176882130285,0.633973975362417,3.89748957666452,389.057531479402,TRUE,0.228800354379843,0.0327842523661751,5.44168601194668,2026-06-10 18:49:37,2026-06-10 18:50:41,NA
"52","2026-06-10 19:49:11","Collar_52_2026-06-10 19:49:11",2026-06-10 19:50:08,377.656842782066,0.266393290347999,1.1682386421918e-11,0.520973017164768,4.28699717728071,377.526624728601,0.234813097953944,0.0283132787413881,4586.89501415578,1.69903265209007,1.09584211370334e-11,0.521931717478246,4.28270513935327,375.426762598707,0.564754804551415,4.15284344282891,377.608664497607,TRUE,0.23509605648696,0.0289300380316638,3.78140646304417,2026-06-10 19:49:36,2026-06-10 19:50:40,NA
"52","2026-06-10 20:49:08","Collar_52_2026-06-10 20:49:08",2026-06-10 20:50:05,NA,NA,NA,NA,NA,399.025004574302,0.189830800876244,0.0334049155309336,5053.05549941499,2.00457328682324,3.64821620679569e-07,0.338883307654874,5.05287306110763,390.930601154695,0.451129451593347,4.67885566101899,399.055275627642,TRUE,0.18773338320661,0.0361738450120733,4.62587463455698,2026-06-10 20:49:33,2026-06-10 20:50:37,NA
"52","2026-06-10 21:49:11","Collar_52_2026-06-10 21:49:11",2026-06-10 21:50:08,356.058503406224,-0.277750725610741,5.15973162813511e-15,0.624130835896447,3.63077257807432,358.13187888675,-0.243097360340336,0.0243892035141931,5428.02910948809,1.46355544010204,1.42258527884195e-14,0.611948058953138,3.68914417115108,357.457394747137,0.638875036132259,3.61671935718477,358.144464351174,TRUE,-0.245496003877149,0.0236216098420973,3.78006197732616,2026-06-10 21:49:36,2026-06-10 21:50:40,NA
"52","2026-06-10 22:49:15","Collar_52_2026-06-10 22:49:15",2026-06-10 22:50:12,NA,NA,NA,NA,NA,434.627292042151,-0.2499799184466,0.0439286536761235,5809.1754792166,2.63608526726323,3.5389452041192e-07,0.339503589287929,6.64470803900899,422.742473950648,0.482706778681904,5.9760527631655,434.64521742569,TRUE,-0.253336271448003,0.047523068124904,6.82539086537083,2026-06-10 22:49:40,2026-06-10 22:50:44,NA
"52","2026-06-10 23:49:12","Collar_52_2026-06-10 23:49:12",2026-06-10 23:50:09,NA,NA,NA,NA,NA,370.118765925257,0.0475694383722993,0.0267449956897727,5898.13568254936,1.60492260087517,0.0801252815098605,0.0478137010762215,4.04548450706755,367.346834016385,0.142023130959607,3.90258818335005,370.133006161191,TRUE,0.046497420017592,0.0280065571468057,4.67390339197629,2026-06-10 23:49:37,2026-06-10 23:50:41,NA
