"SN","label","chamber","Vtotal","obs_length","DeadBand","TimeClosing","start_time","end_time","Tcham","Pressure","V1_avg","V2_avg","V3_avg","V4_avg","Plot","Group","Treatment","LI8100A_Port","Date","Time","total_seconds","unique_ID","Vtotal_m3","flag"
"81A-1767",41,101,6918.9,"01:30","00:25","13",2026-06-07 00:07:28,"2026-06-07 00:09:10",19.6830188679245,100.147075471698,2.66381132075472,-0.531462264150943,145.403981132075,0.0351981132075472,"Fresh",11,"Control",NA,"2026-06-07","00:07:28",90,"Collar_41_2026-06-07 00:07:28",0.0069189,NA
"81A-1767",42,101,6926.9,"01:30","00:25","13",2026-06-07 00:10:29,"2026-06-07 00:12:11",19.8172641509434,100.164811320755,2.56793396226415,0.367396226415094,10.0733679245283,0.0348584905660377,"Fresh",11,"Disturbance",NA,"2026-06-07","00:10:29",90,"Collar_42_2026-06-07 00:10:29",0.0069269,NA
"81A-1767",43,101,6926.9,"01:30","00:25","14",2026-06-07 00:13:30,"2026-06-07 00:15:13",19.8294392523364,100.184205607477,2.66355140186916,0.268570093457944,145.752411214953,0.0564859813084112,"Fresh",11,"1 µm",NA,"2026-06-07","00:13:30",90,"Collar_43_2026-06-07 00:13:30",0.0069269,NA
"81A-1767",44,101,6926.9,"01:30","00:25","14",2026-06-07 00:16:31,"2026-06-07 00:18:14",166.671028037383,100.177943925234,2.56448598130841,0.735261682242991,18.9622336448598,0.0563457943925234,"Fresh",11,"45 µm",NA,"2026-06-07","00:16:31",90,"Collar_44_2026-06-07 00:16:31",0.0069269,NA
"81A-1767",40,101,6926.9,"01:30","00:25","13",2026-06-07 00:19:33,"2026-06-07 00:21:15",19.7740566037736,100.175,2.66758490566038,0.775716981132076,141.451575471698,0.130424528301887,"Fresh",10,"45 µm",NA,"2026-06-07","00:19:33",90,"Collar_40_2026-06-07 00:19:33",0.0069269,NA
"81A-1767",38,101,6926.9,"01:30","00:25","14",2026-06-07 00:22:32,"2026-06-07 00:24:15",-72.2027102803738,100.180934579439,2.66448598130841,-0.527214953271028,74.0653738317757,0.0588411214953271,"Fresh",10,"Disturbance",NA,"2026-06-07","00:22:32",90,"Collar_38_2026-06-07 00:22:32",0.0069269,NA
"81A-1767",45,101,6926.9,"01:30","00:25","14",2026-06-07 00:25:34,"2026-06-07 00:27:17",-69.2041121495327,100.166542056075,2.56355140186916,0.733130841121495,18.3068037383178,0.203822429906542,"Fresh",12,"Control",NA,"2026-06-07","00:25:34",90,"Collar_45_2026-06-07 00:25:34",0.0069269,NA
"81A-1767",41,101,6918.9,"01:30","00:25","13",2026-06-07 00:28:38,"2026-06-07 00:30:20",19.6709433962264,100.156226415094,2.66509433962264,-0.458047169811321,145.8545,0.0347169811320755,"Fresh",11,"Control",NA,"2026-06-07","00:28:38",90,"Collar_41_2026-06-07 00:28:38",0.0069189,NA
"81A-1767",42,101,6926.9,"01:30","00:25","13",2026-06-07 00:31:38,"2026-06-07 00:33:20",19.6732075471698,100.154339622642,2.57169811320755,0.366509433962264,10.0496886792453,0.0347264150943396,"Fresh",11,"Disturbance",NA,"2026-06-07","00:31:38",90,"Collar_42_2026-06-07 00:31:38",0.0069269,NA
"81A-1767",43,101,6926.9,"01:30","00:25","14",2026-06-07 00:34:39,"2026-06-07 00:36:23",19.6934579439252,100.169439252336,2.66542056074766,0.268570093457944,145.785523364486,0.0579906542056075,"Fresh",11,"1 µm",NA,"2026-06-07","00:34:39",90,"Collar_43_2026-06-07 00:34:39",0.0069269,NA
"81A-1767",44,101,6926.9,"01:30","00:25","14",2026-06-07 00:37:40,"2026-06-07 00:39:23",166.413177570093,100.16738317757,2.56414953271028,0.781747663551402,18.9354859813084,0.0571869158878505,"Fresh",11,"45 µm",NA,"2026-06-07","00:37:40",90,"Collar_44_2026-06-07 00:37:40",0.0069269,NA
"81A-1767",40,101,6926.9,"01:30","00:25","13",2026-06-07 00:40:43,"2026-06-07 00:42:24",19.7346226415094,100.159528301887,2.67230188679245,0.775198113207547,141.470301886792,0.12838679245283,"Fresh",10,"45 µm",NA,"2026-06-07","00:40:43",90,"Collar_40_2026-06-07 00:40:43",0.0069269,NA
"81A-1767",38,101,6926.9,"01:30","00:25","14",2026-06-07 00:43:43,"2026-06-07 00:45:26",-71.8735514018692,100.167196261682,2.66448598130841,-0.526345794392523,74.0277289719626,0.0583271028037383,"Fresh",10,"Disturbance",NA,"2026-06-07","00:43:43",90,"Collar_38_2026-06-07 00:43:43",0.0069269,NA
"81A-1767",45,101,6926.9,"01:30","00:25","14",2026-06-07 00:46:45,"2026-06-07 00:48:28",-69.0857943925234,100.156355140187,2.56448598130841,0.702700934579439,18.2804859813084,0.20218691588785,"Fresh",12,"Control",NA,"2026-06-07","00:46:45",90,"Collar_45_2026-06-07 00:46:45",0.0069269,NA
"81A-1767",41,101,6918.9,"01:30","00:25","13",2026-06-07 01:28:37,"2026-06-07 01:30:20",19.4452830188679,100.10820754717,2.66415094339623,-0.530943396226415,145.388452830189,0.0350849056603774,"Fresh",11,"Control",NA,"2026-06-07","01:28:37",90,"Collar_41_2026-06-07 01:28:37",0.0069189,NA
"81A-1767",42,101,6926.9,"01:30","00:25","13",2026-06-07 01:31:37,"2026-06-07 01:33:19",19.4533962264151,100.125849056604,2.56509433962264,0.366301886792453,9.98331132075472,0.035188679245283,"Fresh",11,"Disturbance",NA,"2026-06-07","01:31:37",90,"Collar_42_2026-06-07 01:31:37",0.0069269,NA
"81A-1767",43,101,6926.9,"01:30","00:25","14",2026-06-07 01:34:38,"2026-06-07 01:36:21",19.4543925233645,100.144859813084,2.66448598130841,0.269252336448598,145.367841121495,0.0566822429906542,"Fresh",11,"1 µm",NA,"2026-06-07","01:34:38",90,"Collar_43_2026-06-07 01:34:38",0.0069269,NA
"81A-1767",44,101,6926.9,"01:30","00:25","14",2026-06-07 01:37:39,"2026-06-07 01:39:22",166.826074766355,100.139252336449,2.56448598130841,0.753355140186916,18.8504205607477,0.0492990654205607,"Fresh",11,"45 µm",NA,"2026-06-07","01:37:39",90,"Collar_44_2026-06-07 01:37:39",0.0069269,NA
"81A-1767",40,101,6926.9,"01:30","00:25","14",2026-06-07 01:40:42,"2026-06-07 01:42:24",19.3870093457944,100.145794392523,2.66728971962617,0.775271028037383,141.412934579439,0.129401869158878,"Fresh",10,"45 µm",NA,"2026-06-07","01:40:42",90,"Collar_40_2026-06-07 01:40:42",0.0069269,NA
"81A-1767",38,101,6926.9,"01:30","00:25","14",2026-06-07 01:43:43,"2026-06-07 01:45:26",-72.1733644859813,100.142523364486,2.66448598130841,-0.488,74.0196261682243,0.0587289719626168,"Fresh",10,"Disturbance",NA,"2026-06-07","01:43:43",90,"Collar_38_2026-06-07 01:43:43",0.0069269,NA
"81A-1767",45,101,6926.9,"01:30","00:25","14",2026-06-07 01:46:44,"2026-06-07 01:48:27",-68.6389719626168,100.13214953271,2.56321495327103,0.798514018691589,18.4705981308411,0.204009345794393,"Fresh",12,"Control",NA,"2026-06-07","01:46:44",90,"Collar_45_2026-06-07 01:46:44",0.0069269,NA
"81A-1767",41,101,6918.9,"01:30","00:25","13",2026-06-07 02:28:38,"2026-06-07 02:30:20",19.0697169811321,100.080849056604,2.66509433962264,-0.530943396226415,145.278481132075,0.0352264150943396,"Fresh",11,"Control",NA,"2026-06-07","02:28:38",90,"Collar_41_2026-06-07 02:28:38",0.0069189,NA
"81A-1767",42,101,6926.9,"01:30","00:25","13",2026-06-07 02:31:39,"2026-06-07 02:33:21",19.1064150943396,100.100188679245,2.56698113207547,0.364952830188679,9.9152641509434,0.0355188679245283,"Fresh",11,"Disturbance",NA,"2026-06-07","02:31:39",90,"Collar_42_2026-06-07 02:31:39",0.0069269,NA
"81A-1767",43,101,6926.9,"01:30","00:25","14",2026-06-07 02:34:40,"2026-06-07 02:36:23",19.107476635514,100.116448598131,2.66448598130841,0.269457943925234,145.137448598131,0.0567570093457944,"Fresh",11,"1 µm",NA,"2026-06-07","02:34:40",90,"Collar_43_2026-06-07 02:34:40",0.0069269,NA
"81A-1767",44,101,6926.9,"01:30","00:25","14",2026-06-07 02:37:41,"2026-06-07 02:39:24",166.022897196262,100.113738317757,2.56542056074766,0.781644859813084,18.7455420560748,0.0488598130841121,"Fresh",11,"45 µm",NA,"2026-06-07","02:37:41",90,"Collar_44_2026-06-07 02:37:41",0.0069269,NA
"81A-1767",40,101,6926.9,"01:30","00:25","13",2026-06-07 02:40:43,"2026-06-07 02:42:25",19.0924528301887,100.11320754717,2.66792452830189,0.77561320754717,141.501330188679,0.130764150943396,"Fresh",10,"45 µm",NA,"2026-06-07","02:40:43",90,"Collar_40_2026-06-07 02:40:43",0.0069269,NA
"81A-1767",38,101,6926.9,"01:30","00:25","14",2026-06-07 02:43:42,"2026-06-07 02:45:25",-72.3835514018692,100.117570093458,2.66448598130841,-0.526448598130841,74.1124579439252,0.0590654205607477,"Fresh",10,"Disturbance",NA,"2026-06-07","02:43:42",90,"Collar_38_2026-06-07 02:43:42",0.0069269,NA
"81A-1767",45,101,6926.9,"01:30","00:25","14",2026-06-07 02:46:42,"2026-06-07 02:48:25",-69.5320560747664,100.100841121495,2.56542056074766,0.775588785046729,18.1406542056075,0.203009345794393,"Fresh",12,"Control",NA,"2026-06-07","02:46:42",90,"Collar_45_2026-06-07 02:46:42",0.0069269,NA
"81A-1767",41,101,6918.9,"01:30","00:25","13",2026-06-07 03:28:38,"2026-06-07 03:30:20",19.0874528301887,100.043962264151,2.66475471698113,-0.530943396226415,144.902141509434,0.0356415094339623,"Fresh",11,"Control",NA,"2026-06-07","03:28:38",90,"Collar_41_2026-06-07 03:28:38",0.0069189,NA
"81A-1767",42,101,6926.9,"01:30","00:25","13",2026-06-07 03:31:38,"2026-06-07 03:33:20",19.1085849056604,100.067358490566,2.56792452830189,0.366405660377358,9.85485849056604,0.0356415094339623,"Fresh",11,"Disturbance",NA,"2026-06-07","03:31:38",90,"Collar_42_2026-06-07 03:31:38",0.0069269,NA
"81A-1767",43,101,6926.9,"01:30","00:25","14",2026-06-07 03:34:40,"2026-06-07 03:36:23",19.1040186915888,100.08738317757,2.66355140186916,0.269457943925234,144.911831775701,0.0566635514018692,"Fresh",11,"1 µm",NA,"2026-06-07","03:34:40",90,"Collar_43_2026-06-07 03:34:40",0.0069269,NA
"81A-1767",44,101,6926.9,"01:30","00:25","14",2026-06-07 03:37:41,"2026-06-07 03:39:24",165.619439252336,100.089345794393,2.56414953271028,0.739084112149533,18.6261588785047,0.0517383177570093,"Fresh",11,"45 µm",NA,"2026-06-07","03:37:41",90,"Collar_44_2026-06-07 03:37:41",0.0069269,NA
"81A-1767",40,101,6926.9,"01:30","00:25","13",2026-06-07 03:40:42,"2026-06-07 03:42:24",19.0902830188679,100.105943396226,2.66415094339623,0.775509433962264,141.475594339623,0.131254716981132,"Fresh",10,"45 µm",NA,"2026-06-07","03:40:42",90,"Collar_40_2026-06-07 03:40:42",0.0069269,NA
"81A-1767",38,101,6926.9,"01:30","00:25","14",2026-06-07 03:43:43,"2026-06-07 03:45:26",-72.3459813084112,100.141495327103,2.66355140186916,-0.526448598130841,74.0011028037383,0.0594766355140187,"Fresh",10,"Disturbance",NA,"2026-06-07","03:43:43",90,"Collar_38_2026-06-07 03:43:43",0.0069269,NA
"81A-1767",45,101,6926.9,"01:30","00:25","14",2026-06-07 03:46:43,"2026-06-07 03:48:26",-69.3692523364486,100.129626168224,2.56448598130841,0.741355140186916,18.1700280373832,0.198271028037383,"Fresh",12,"Control",NA,"2026-06-07","03:46:43",90,"Collar_45_2026-06-07 03:46:43",0.0069269,NA
"81A-1767",41,101,6918.9,"01:30","00:25","13",2026-06-07 04:28:37,"2026-06-07 04:30:19",19.1658490566038,100.074339622642,2.66509433962264,-0.530943396226415,144.806367924528,0.0356792452830189,"Fresh",11,"Control",NA,"2026-06-07","04:28:37",90,"Collar_41_2026-06-07 04:28:37",0.0069189,NA
"81A-1767",42,101,6926.9,"01:30","00:25","13",2026-06-07 04:31:37,"2026-06-07 04:33:19",19.2096226415094,100.088113207547,2.56792452830189,0.366405660377358,9.80805660377358,0.0356698113207547,"Fresh",11,"Disturbance",NA,"2026-06-07","04:31:37",90,"Collar_42_2026-06-07 04:31:37",0.0069269,NA
"81A-1767",43,101,6926.9,"01:30","00:25","14",2026-06-07 04:34:38,"2026-06-07 04:36:21",19.2429906542056,100.103551401869,2.66448598130841,0.26914953271028,144.797420560748,0.0576168224299065,"Fresh",11,"1 µm",NA,"2026-06-07","04:34:38",90,"Collar_43_2026-06-07 04:34:38",0.0069269,NA
"81A-1767",44,101,6926.9,"01:30","00:25","14",2026-06-07 04:37:39,"2026-06-07 04:39:22",164.960280373832,100.099719626168,2.56542056074766,0.782411214953271,18.5649345794393,0.0487570093457944,"Fresh",11,"45 µm",NA,"2026-06-07","04:37:39",90,"Collar_44_2026-06-07 04:37:39",0.0069269,NA
"81A-1767",40,101,6926.9,"01:30","00:25","13",2026-06-07 04:40:41,"2026-06-07 04:42:23",19.2947169811321,100.100188679245,2.66415094339623,0.774632075471698,141.565113207547,0.130462264150943,"Fresh",10,"45 µm",NA,"2026-06-07","04:40:41",90,"Collar_40_2026-06-07 04:40:41",0.0069269,NA
"81A-1767",38,101,6926.9,"01:30","00:25","14",2026-06-07 04:43:40,"2026-06-07 04:45:23",-72.0495327102804,100.10308411215,2.66448598130841,-0.523233644859813,74.166738317757,0.059214953271028,"Fresh",10,"Disturbance",NA,"2026-06-07","04:43:40",90,"Collar_38_2026-06-07 04:43:40",0.0069269,NA
"81A-1767",45,101,6926.9,"01:30","00:25","14",2026-06-07 04:46:42,"2026-06-07 04:48:25",-69.2478504672897,100.091962616822,2.56542056074766,0.716168224299065,18.0286822429907,0.164196261682243,"Fresh",12,"Control",NA,"2026-06-07","04:46:42",90,"Collar_45_2026-06-07 04:46:42",0.0069269,NA
"81A-1767",41,101,6918.9,"01:30","00:25","13",2026-06-07 05:28:37,"2026-06-07 05:30:19",19.5505660377358,100.077547169811,2.66415094339623,-0.530943396226415,144.731,0.0356981132075472,"Fresh",11,"Control",NA,"2026-06-07","05:28:37",90,"Collar_41_2026-06-07 05:28:37",0.0069189,NA
"81A-1767",42,101,6926.9,"01:30","00:25","13",2026-06-07 05:31:37,"2026-06-07 05:33:19",19.5181132075472,100.091226415094,2.57264150943396,0.366405660377358,9.78024528301887,0.0356698113207547,"Fresh",11,"Disturbance",NA,"2026-06-07","05:31:37",90,"Collar_42_2026-06-07 05:31:37",0.0069269,NA
"81A-1767",43,101,6926.9,"01:30","00:25","14",2026-06-07 05:34:38,"2026-06-07 05:36:21",19.6598130841121,100.108224299065,2.66448598130841,0.268570093457944,144.694822429907,0.0559906542056075,"Fresh",11,"1 µm",NA,"2026-06-07","05:34:38",90,"Collar_43_2026-06-07 05:34:38",0.0069269,NA
"81A-1767",44,101,6926.9,"01:30","00:25","14",2026-06-07 05:37:39,"2026-06-07 05:39:22",165.032429906542,100.108878504673,2.56448598130841,0.77696261682243,18.516046728972,0.0567663551401869,"Fresh",11,"45 µm",NA,"2026-06-07","05:37:39",90,"Collar_44_2026-06-07 05:37:39",0.0069269,NA
"81A-1767",40,101,6926.9,"01:30","00:25","13",2026-06-07 05:40:41,"2026-06-07 05:42:23",19.6328301886792,100.107924528302,2.66415094339623,0.775301886792453,141.529886792453,0.131198113207547,"Fresh",10,"45 µm",NA,"2026-06-07","05:40:41",90,"Collar_40_2026-06-07 05:40:41",0.0069269,NA
"81A-1767",38,101,6926.9,"01:30","00:25","14",2026-06-07 05:43:40,"2026-06-07 05:45:23",-71.8808411214953,100.11476635514,2.66355140186916,-0.523046728971963,74.1185514018692,0.0598691588785047,"Fresh",10,"Disturbance",NA,"2026-06-07","05:43:40",90,"Collar_38_2026-06-07 05:43:40",0.0069269,NA
"81A-1767",45,101,6926.9,"01:30","00:25","14",2026-06-07 05:46:42,"2026-06-07 05:48:25",-69.117476635514,100.105327102804,2.56448598130841,0.698897196261682,18.0681588785047,0.157906542056075,"Fresh",12,"Control",NA,"2026-06-07","05:46:42",90,"Collar_45_2026-06-07 05:46:42",0.0069269,NA
"81A-1767",41,101,6918.9,"01:30","00:25","13",2026-06-07 06:28:37,"2026-06-07 06:30:19",19.4892452830189,100.12141509434,2.66381132075472,-0.530943396226415,144.741301886792,0.0356981132075472,"Fresh",11,"Control",NA,"2026-06-07","06:28:37",90,"Collar_41_2026-06-07 06:28:37",0.0069189,NA
"81A-1767",42,101,6926.9,"01:30","00:25","13",2026-06-07 06:31:37,"2026-06-07 06:33:19",19.5269811320755,100.140754716981,2.56792452830189,0.366301886792453,9.76165094339623,0.0356792452830189,"Fresh",11,"Disturbance",NA,"2026-06-07","06:31:37",90,"Collar_42_2026-06-07 06:31:37",0.0069269,NA
"81A-1767",43,101,6926.9,"01:30","00:25","14",2026-06-07 06:34:38,"2026-06-07 06:36:21",19.5823364485981,100.16308411215,2.66448598130841,0.26914953271028,144.724336448598,0.055981308411215,"Fresh",11,"1 µm",NA,"2026-06-07","06:34:38",90,"Collar_43_2026-06-07 06:34:38",0.0069269,NA
"81A-1767",44,101,6926.9,"01:30","00:25","14",2026-06-07 06:37:39,"2026-06-07 06:39:22",165.879906542056,100.160373831776,2.56542056074766,0.763289719626168,18.4383551401869,0.0519345794392523,"Fresh",11,"45 µm",NA,"2026-06-07","06:37:39",90,"Collar_44_2026-06-07 06:37:39",0.0069269,NA
"81A-1767",40,101,6926.9,"01:30","00:25","13",2026-06-07 06:40:41,"2026-06-07 06:42:23",19.5959433962264,100.165943396226,2.66381132075472,0.776292452830189,141.36420754717,0.137009433962264,"Fresh",10,"45 µm",NA,"2026-06-07","06:40:41",90,"Collar_40_2026-06-07 06:40:41",0.0069269,NA
"81A-1767",38,101,6926.9,"01:30","00:25","14",2026-06-07 06:43:40,"2026-06-07 06:45:23",-71.6643925233645,100.175981308411,2.66355140186916,-0.52185046728972,74.1025981308411,0.0601869158878505,"Fresh",10,"Disturbance",NA,"2026-06-07","06:43:40",90,"Collar_38_2026-06-07 06:43:40",0.0069269,NA
"81A-1767",45,101,6926.9,"01:30","00:25","14",2026-06-07 06:46:42,"2026-06-07 06:48:25",-69.0606542056075,100.171028037383,2.56448598130841,0.696327102803738,17.976,0.149514018691589,"Fresh",12,"Control",NA,"2026-06-07","06:46:42",90,"Collar_45_2026-06-07 06:46:42",0.0069269,NA
"81A-1767",41,101,6918.9,"01:30","00:25","13",2026-06-07 07:28:37,"2026-06-07 07:30:19",20.0789622641509,100.158962264151,2.66509433962264,-0.530943396226415,144.65308490566,0.0357264150943396,"Fresh",11,"Control",NA,"2026-06-07","07:28:37",90,"Collar_41_2026-06-07 07:28:37",0.0069189,NA
"81A-1767",42,101,6926.9,"01:30","00:25","13",2026-06-07 07:31:38,"2026-06-07 07:33:20",20.0920754716981,100.18,2.57754716981132,0.366,9.76054716981132,0.0356792452830189,"Fresh",11,"Disturbance",NA,"2026-06-07","07:31:38",90,"Collar_42_2026-06-07 07:31:38",0.0069269,NA
"81A-1767",43,101,6926.9,"01:30","00:25","14",2026-06-07 07:34:39,"2026-06-07 07:36:22",20.1643925233645,100.196822429907,2.66635514018692,0.268570093457944,144.767747663551,0.0558504672897196,"Fresh",11,"1 µm",NA,"2026-06-07","07:34:39",90,"Collar_43_2026-06-07 07:34:39",0.0069269,NA
"81A-1767",44,101,6926.9,"01:30","00:25","14",2026-06-07 07:37:41,"2026-06-07 07:39:24",165.791214953271,100.195607476636,2.56448598130841,0.729261682242991,18.4499626168224,0.0497102803738318,"Fresh",11,"45 µm",NA,"2026-06-07","07:37:41",90,"Collar_44_2026-06-07 07:37:41",0.0069269,NA
"81A-1767",40,101,6926.9,"01:30","00:25","13",2026-06-07 07:40:43,"2026-06-07 07:42:25",20.2245283018868,100.19679245283,2.66415094339623,0.775198113207547,141.519349056604,0.134084905660377,"Fresh",10,"45 µm",NA,"2026-06-07","07:40:43",90,"Collar_40_2026-06-07 07:40:43",0.0069269,NA
"81A-1767",38,101,6926.9,"01:30","00:25","14",2026-06-07 07:43:44,"2026-06-07 07:45:27",-71.458691588785,100.207476635514,2.66355140186916,-0.519205607476636,74.2049439252336,0.0607663551401869,"Fresh",10,"Disturbance",NA,"2026-06-07","07:43:44",90,"Collar_38_2026-06-07 07:43:44",0.0069269,NA
"81A-1767",45,101,6926.9,"01:30","00:25","14",2026-06-07 07:46:46,"2026-06-07 07:48:29",-68.5614953271028,100.202056074766,2.56414953271028,0.807869158878505,18.1938224299065,0.145280373831776,"Fresh",12,"Control",NA,"2026-06-07","07:46:46",90,"Collar_45_2026-06-07 07:46:46",0.0069269,NA
"81A-1767",41,101,6918.9,"01:30","00:25","13",2026-06-07 08:28:37,"2026-06-07 08:30:19",21.5501886792453,100.179905660377,2.66415094339623,-0.530943396226415,144.833443396226,0.0356792452830189,"Fresh",11,"Control",NA,"2026-06-07","08:28:37",90,"Collar_41_2026-06-07 08:28:37",0.0069189,NA
"81A-1767",42,101,6926.9,"01:30","00:25","13",2026-06-07 08:31:37,"2026-06-07 08:33:19",21.6417924528302,100.200188679245,2.56698113207547,0.365990566037736,9.80534905660377,0.0356698113207547,"Fresh",11,"Disturbance",NA,"2026-06-07","08:31:37",90,"Collar_42_2026-06-07 08:31:37",0.0069269,NA
"81A-1767",43,101,6926.9,"01:30","00:25","14",2026-06-07 08:34:38,"2026-06-07 08:36:21",21.9420560747664,100.218598130841,2.66448598130841,0.268261682242991,144.899943925234,0.0559532710280374,"Fresh",11,"1 µm",NA,"2026-06-07","08:34:38",90,"Collar_43_2026-06-07 08:34:38",0.0069269,NA
"81A-1767",44,101,6926.9,"01:30","00:25","14",2026-06-07 08:37:39,"2026-06-07 08:39:22",166.138130841121,100.219813084112,2.56448598130841,0.745869158878505,18.4921308411215,0.0519439252336449,"Fresh",11,"45 µm",NA,"2026-06-07","08:37:39",90,"Collar_44_2026-06-07 08:37:39",0.0069269,NA
"81A-1767",40,101,6926.9,"01:30","00:25","13",2026-06-07 08:40:41,"2026-06-07 08:42:23",22.3269811320755,100.21820754717,2.66415094339623,0.77561320754717,141.441688679245,0.132632075471698,"Fresh",10,"45 µm",NA,"2026-06-07","08:40:41",90,"Collar_40_2026-06-07 08:40:41",0.0069269,NA
"81A-1767",38,101,6926.9,"01:30","00:25","14",2026-06-07 08:43:41,"2026-06-07 08:45:24",-71.5805607476636,100.229065420561,2.66355140186916,-0.513878504672897,74.4601869158878,0.0653644859813084,"Fresh",10,"Disturbance",NA,"2026-06-07","08:43:41",90,"Collar_38_2026-06-07 08:43:41",0.0069269,NA
"81A-1767",45,101,6926.9,"01:30","00:25","14",2026-06-07 08:46:41,"2026-06-07 08:48:24",-69.1435514018692,100.223831775701,2.56448598130841,0.770757009345794,18.0440280373832,0.119598130841122,"Fresh",12,"Control",NA,"2026-06-07","08:46:41",90,"Collar_45_2026-06-07 08:46:41",0.0069269,NA
"81A-1767",41,101,6918.9,"01:30","00:25","13",2026-06-07 09:28:37,"2026-06-07 09:30:19",23.1711320754717,100.211603773585,2.57547169811321,-0.531141509433962,145.486,0.035,"Fresh",11,"Control",NA,"2026-06-07","09:28:37",90,"Collar_41_2026-06-07 09:28:37",0.0069189,NA
"81A-1767",42,101,6926.9,"01:30","00:25","13",2026-06-07 09:31:38,"2026-06-07 09:33:20",23.1882075471698,100.228962264151,2.47864150943396,0.367198113207547,9.91898113207547,0.0349245283018868,"Fresh",11,"Disturbance",NA,"2026-06-07","09:31:38",90,"Collar_42_2026-06-07 09:31:38",0.0069269,NA
"81A-1767",43,101,6926.9,"01:30","00:25","14",2026-06-07 09:34:39,"2026-06-07 09:36:22",23.7927102803738,100.251308411215,2.57570093457944,0.267579439252336,145.553028037383,0.056196261682243,"Fresh",11,"1 µm",NA,"2026-06-07","09:34:39",90,"Collar_43_2026-06-07 09:34:39",0.0069269,NA
"81A-1767",44,101,6926.9,"01:30","00:25","14",2026-06-07 09:37:40,"2026-06-07 09:39:23",167.071121495327,100.246448598131,2.53875700934579,0.781542056074766,18.5735514018692,0.0599439252336449,"Fresh",11,"45 µm",NA,"2026-06-07","09:37:40",90,"Collar_44_2026-06-07 09:37:40",0.0069269,NA
"81A-1767",40,101,6926.9,"01:30","00:25","13",2026-06-07 09:40:40,"2026-06-07 09:42:22",23.8203773584906,100.241886792453,2.66381132075472,0.775820754716981,141.332613207547,0.134358490566038,"Fresh",10,"45 µm",NA,"2026-06-07","09:40:40",90,"Collar_40_2026-06-07 09:40:40",0.0069269,NA
"81A-1767",38,101,6926.9,"01:30","00:25","14",2026-06-07 09:43:39,"2026-06-07 09:45:22",-71.3729906542056,100.247476635514,2.66355140186916,-0.51111214953271,74.3916448598131,0.0664859813084112,"Fresh",10,"Disturbance",NA,"2026-06-07","09:43:39",90,"Collar_38_2026-06-07 09:43:39",0.0069269,NA
"81A-1767",45,101,6926.9,"01:30","00:25","14",2026-06-07 09:46:39,"2026-06-07 09:48:22",-68.7409345794393,100.240280373832,2.55944859813084,0.743785046728972,18.3173644859813,0.116093457943925,"Fresh",12,"Control",NA,"2026-06-07","09:46:39",90,"Collar_45_2026-06-07 09:46:39",0.0069269,NA
"81A-1767",41,101,6918.9,"01:30","00:25","13",2026-06-07 10:28:37,"2026-06-07 10:30:19",24.4248113207547,100.199150943396,2.66225471698113,-0.531933962264151,146.342018867925,0.034622641509434,"Fresh",11,"Control",NA,"2026-06-07","10:28:37",90,"Collar_41_2026-06-07 10:28:37",0.0069189,NA
"81A-1767",42,101,6926.9,"01:30","00:25","13",2026-06-07 10:31:38,"2026-06-07 10:33:20",24.527358490566,100.215943396226,2.56603773584906,0.337764150943396,10.0626698113208,0.0346603773584906,"Fresh",11,"Disturbance",NA,"2026-06-07","10:31:38",90,"Collar_42_2026-06-07 10:31:38",0.0069269,NA
"81A-1767",43,101,6926.9,"01:30","00:25","14",2026-06-07 10:34:37,"2026-06-07 10:36:20",24.7575700934579,100.232803738318,2.66355140186916,0.267476635514019,146.420429906542,0.0570934579439252,"Fresh",11,"1 µm",NA,"2026-06-07","10:34:37",90,"Collar_43_2026-06-07 10:34:37",0.0069269,NA
"81A-1767",44,101,6926.9,"01:30","00:25","14",2026-06-07 10:37:38,"2026-06-07 10:39:21",168.057570093458,100.22691588785,2.55794392523365,0.729261682242991,18.7626542056075,0.0654205607476635,"Fresh",11,"45 µm",NA,"2026-06-07","10:37:38",90,"Collar_44_2026-06-07 10:37:38",0.0069269,NA
"81A-1767",40,101,6926.9,"01:30","00:25","13",2026-06-07 10:40:40,"2026-06-07 10:42:22",25.1800943396226,100.222358490566,2.66947169811321,0.775405660377358,141.168858490566,0.134877358490566,"Fresh",10,"45 µm",NA,"2026-06-07","10:40:40",90,"Collar_40_2026-06-07 10:40:40",0.0069269,NA
"81A-1767",38,101,6926.9,"01:30","00:25","14",2026-06-07 10:43:39,"2026-06-07 10:45:22",-71.4057943925234,100.22953271028,2.66355140186916,-0.50803738317757,74.2561775700935,0.0619906542056075,"Fresh",10,"Disturbance",NA,"2026-06-07","10:43:39",90,"Collar_38_2026-06-07 10:43:39",0.0069269,NA
"81A-1767",45,101,6926.9,"01:30","00:25","14",2026-06-07 10:46:39,"2026-06-07 10:48:22",-68.4141121495327,100.218317757009,2.56168224299065,0.722336448598131,18.3428224299065,0.107775700934579,"Fresh",12,"Control",NA,"2026-06-07","10:46:39",90,"Collar_45_2026-06-07 10:46:39",0.0069269,NA
"81A-1767",41,101,6918.9,"01:30","00:25","13",2026-06-07 11:28:37,"2026-06-07 11:30:19",26.9544339622642,100.185849056604,2.62085849056604,-0.531933962264151,147.073490566038,0.0455566037735849,"Fresh",11,"Control",NA,"2026-06-07","11:28:37",90,"Collar_41_2026-06-07 11:28:37",0.0069189,NA
"81A-1767",42,101,6926.9,"01:30","00:25","13",2026-06-07 11:31:39,"2026-06-07 11:33:21",25.8422641509434,100.199433962264,2.56509433962264,0.317216981132075,10.2194811320755,0.0337735849056604,"Fresh",11,"Disturbance",NA,"2026-06-07","11:31:39",90,"Collar_42_2026-06-07 11:31:39",0.0069269,NA
"81A-1767",43,101,6926.9,"01:30","00:25","14",2026-06-07 11:34:39,"2026-06-07 11:36:22",25.8258878504673,100.221962616822,2.66355140186916,0.270457943925234,147.252775700935,0.0582710280373832,"Fresh",11,"1 µm",NA,"2026-06-07","11:34:39",90,"Collar_43_2026-06-07 11:34:39",0.0069269,NA
"81A-1767",44,101,6926.9,"01:30","00:25","14",2026-06-07 11:37:40,"2026-06-07 11:39:23",168.747663551402,100.217102803738,2.5211308411215,0.767607476635514,18.9709439252336,0.071785046728972,"Fresh",11,"45 µm",NA,"2026-06-07","11:37:40",90,"Collar_44_2026-06-07 11:37:40",0.0069269,NA
"81A-1767",40,101,6926.9,"01:30","00:25","13",2026-06-07 11:40:40,"2026-06-07 11:42:22",26.1783018867925,100.212358490566,2.66381132075472,0.776235849056604,141.07191509434,0.134349056603774,"Fresh",10,"45 µm",NA,"2026-06-07","11:40:40",90,"Collar_40_2026-06-07 11:40:40",0.0069269,NA
"81A-1767",38,101,6926.9,"01:30","00:25","14",2026-06-07 11:43:40,"2026-06-07 11:45:23",-70.9092523364486,100.220934579439,2.65381308411215,-0.50218691588785,74.1846448598131,0.0626915887850467,"Fresh",10,"Disturbance",NA,"2026-06-07","11:43:40",90,"Collar_38_2026-06-07 11:43:40",0.0069269,NA
"81A-1767",45,101,6926.9,"01:30","00:25","14",2026-06-07 11:46:40,"2026-06-07 11:48:23",-67.8515887850467,100.212242990654,2.52540186915888,0.70122429906542,18.7092056074766,0.110429906542056,"Fresh",12,"Control",NA,"2026-06-07","11:46:40",90,"Collar_45_2026-06-07 11:46:40",0.0069269,NA
"81A-1767",41,101,6918.9,"01:30","00:25","13",2026-06-07 12:28:37,"2026-06-07 12:30:19",27.4180188679245,100.174245283019,2.58155660377358,-0.532924528301887,148.350754716981,0.0476415094339623,"Fresh",11,"Control",NA,"2026-06-07","12:28:37",90,"Collar_41_2026-06-07 12:28:37",0.0069189,NA
"81A-1767",42,101,6926.9,"01:30","00:25","13",2026-06-07 12:31:38,"2026-06-07 12:33:20",27.2324528301887,100.178301886792,2.56509433962264,0.365518867924528,10.411141509434,0.0327264150943396,"Fresh",11,"Disturbance",NA,"2026-06-07","12:31:38",90,"Collar_42_2026-06-07 12:31:38",0.0069269,NA
"81A-1767",43,101,6926.9,"01:30","00:25","14",2026-06-07 12:34:37,"2026-06-07 12:36:20",27.5409345794393,100.19214953271,2.66261682242991,0.266280373831776,148.538878504673,0.0616168224299065,"Fresh",11,"1 µm",NA,"2026-06-07","12:34:37",90,"Collar_43_2026-06-07 12:34:37",0.0069269,NA
"81A-1767",44,101,6926.9,"01:30","00:25","14",2026-06-07 12:37:39,"2026-06-07 12:39:22",170.294579439252,100.18738317757,2.49936448598131,0.772252336448598,19.2080560747664,0.0773364485981308,"Fresh",11,"45 µm",NA,"2026-06-07","12:37:39",90,"Collar_44_2026-06-07 12:37:39",0.0069269,NA
"81A-1767",40,101,6926.9,"01:30","00:25","13",2026-06-07 12:40:41,"2026-06-07 12:42:23",27.7661320754717,100.178679245283,2.66381132075472,0.776235849056604,141.131820754717,0.133367924528302,"Fresh",10,"45 µm",NA,"2026-06-07","12:40:41",90,"Collar_40_2026-06-07 12:40:41",0.0069269,NA
"81A-1767",38,101,6926.9,"01:30","00:25","14",2026-06-07 12:43:40,"2026-06-07 12:45:23",-70.7127102803738,100.182242990654,2.63583177570093,-0.496588785046729,74.3468317757009,0.0629532710280374,"Fresh",10,"Disturbance",NA,"2026-06-07","12:43:40",90,"Collar_38_2026-06-07 12:43:40",0.0069269,NA
"81A-1767",45,101,6926.9,"01:30","00:25","14",2026-06-07 12:46:40,"2026-06-07 12:48:23",-67.1918691588785,100.170747663551,2.50464485981308,0.701364485981308,18.7846822429907,0.10796261682243,"Fresh",12,"Control",NA,"2026-06-07","12:46:40",90,"Collar_45_2026-06-07 12:46:40",0.0069269,NA
"81A-1767",41,101,6918.9,"01:30","00:25","13",2026-06-07 13:28:37,"2026-06-07 13:30:19",28.2382075471698,100.118113207547,2.58024528301887,-0.532924528301887,149.351566037736,0.0493962264150943,"Fresh",11,"Control",NA,"2026-06-07","13:28:37",90,"Collar_41_2026-06-07 13:28:37",0.0069189,NA
"81A-1767",42,101,6926.9,"01:30","00:25","13",2026-06-07 13:31:38,"2026-06-07 13:33:20",28.2474528301887,100.131132075472,2.56415094339623,0.364320754716981,10.5764245283019,0.0320754716981132,"Fresh",11,"Disturbance",NA,"2026-06-07","13:31:38",90,"Collar_42_2026-06-07 13:31:38",0.0069269,NA
"81A-1767",43,101,6926.9,"01:30","00:25","14",2026-06-07 13:34:37,"2026-06-07 13:36:20",29.0241121495327,100.145514018692,2.66261682242991,0.265495327102804,149.287392523364,0.0686448598130841,"Fresh",11,"1 µm",NA,"2026-06-07","13:34:37",90,"Collar_43_2026-06-07 13:34:37",0.0069269,NA
"81A-1767",44,101,6926.9,"01:30","00:25","14",2026-06-07 13:37:39,"2026-06-07 13:39:22",172.837943925234,100.136261682243,2.4794953271028,0.766682242990654,19.6751588785047,0.114009345794393,"Fresh",11,"45 µm",NA,"2026-06-07","13:37:39",90,"Collar_44_2026-06-07 13:37:39",0.0069269,NA
"81A-1767",40,101,6926.9,"01:30","00:25","13",2026-06-07 13:40:39,"2026-06-07 13:42:21",28.5769811320755,100.124339622642,2.66381132075472,0.775509433962264,141.029650943396,0.133839622641509,"Fresh",10,"45 µm",NA,"2026-06-07","13:40:39",90,"Collar_40_2026-06-07 13:40:39",0.0069269,NA
"81A-1767",38,101,6926.9,"01:30","00:25","14",2026-06-07 13:43:40,"2026-06-07 13:45:23",-70.748785046729,100.134672897196,2.60153271028037,-0.494355140186916,74.1929906542056,0.0633551401869159,"Fresh",10,"Disturbance",NA,"2026-06-07","13:43:40",90,"Collar_38_2026-06-07 13:43:40",0.0069269,NA
"81A-1767",45,101,6926.9,"01:30","00:25","14",2026-06-07 13:46:40,"2026-06-07 13:48:23",-67.2532710280374,100.124672897196,2.47854205607477,0.730355140186916,18.971523364486,0.107607476635514,"Fresh",12,"Control",NA,"2026-06-07","13:46:40",90,"Collar_45_2026-06-07 13:46:40",0.0069269,NA
"81A-1767",41,101,6918.9,"01:30","00:25","13",2026-06-07 14:28:37,"2026-06-07 14:30:19",28.5166037735849,100.069716981132,2.56509433962264,-0.532924528301887,149.902462264151,0.0513584905660377,"Fresh",11,"Control",NA,"2026-06-07","14:28:37",90,"Collar_41_2026-06-07 14:28:37",0.0069189,NA
"81A-1767",42,101,6926.9,"01:30","00:25","13",2026-06-07 14:31:37,"2026-06-07 14:33:19",28.78,100.086698113208,2.56415094339623,0.362764150943396,10.7331981132075,0.0315471698113208,"Fresh",11,"Disturbance",NA,"2026-06-07","14:31:37",90,"Collar_42_2026-06-07 14:31:37",0.0069269,NA
"81A-1767",43,101,6926.9,"01:30","00:25","14",2026-06-07 14:34:36,"2026-06-07 14:36:19",28.9385046728972,100.102523364486,2.63779439252336,0.263514018691589,149.903327102804,0.0671401869158879,"Fresh",11,"1 µm",NA,"2026-06-07","14:34:36",90,"Collar_43_2026-06-07 14:34:36",0.0069269,NA
"81A-1767",44,101,6926.9,"01:30","00:25","14",2026-06-07 14:37:36,"2026-06-07 14:39:19",172.615607476636,100.103551401869,2.46508411214953,0.72885046728972,20.1100841121495,0.095,"Fresh",11,"45 µm",NA,"2026-06-07","14:37:36",90,"Collar_44_2026-06-07 14:37:36",0.0069269,NA
"81A-1767",40,101,6926.9,"01:30","00:25","13",2026-06-07 14:40:38,"2026-06-07 14:42:20",29.1295283018868,100.098301886792,2.59385849056604,0.775405660377358,141.056537735849,0.134132075471698,"Fresh",10,"45 µm",NA,"2026-06-07","14:40:38",90,"Collar_40_2026-06-07 14:40:38",0.0069269,NA
"81A-1767",38,101,6926.9,"01:30","00:25","14",2026-06-07 14:43:37,"2026-06-07 14:45:20",-70.4334579439252,100.103271028037,2.56448598130841,-0.488841121495327,74.3638411214953,0.0644859813084112,"Fresh",10,"Disturbance",NA,"2026-06-07","14:43:37",90,"Collar_38_2026-06-07 14:43:37",0.0069269,NA
"81A-1767",45,101,6926.9,"01:30","00:25","14",2026-06-07 14:46:37,"2026-06-07 14:48:20",-67.3120560747664,100.089813084112,2.46542056074766,0.740803738317757,19.2087943925234,0.108607476635514,"Fresh",12,"Control",NA,"2026-06-07","14:46:37",90,"Collar_45_2026-06-07 14:46:37",0.0069269,NA
"81A-1767",41,101,6918.9,"01:30","00:25","13",2026-06-07 15:28:37,"2026-06-07 15:30:19",29.0420754716981,100.029811320755,2.57358490566038,-0.532924528301887,150.392424528302,0.0534905660377358,"Fresh",11,"Control",NA,"2026-06-07","15:28:37",90,"Collar_41_2026-06-07 15:28:37",0.0069189,NA
"81A-1767",42,101,6926.9,"01:30","00:25","13",2026-06-07 15:31:37,"2026-06-07 15:33:19",29.0622641509434,100.041981132075,2.56603773584906,0.361556603773585,10.8498018867925,0.0308490566037736,"Fresh",11,"Disturbance",NA,"2026-06-07","15:31:37",90,"Collar_42_2026-06-07 15:31:37",0.0069269,NA
"81A-1767",43,101,6926.9,"01:30","00:25","14",2026-06-07 15:34:36,"2026-06-07 15:36:19",29.3557943925234,100.05476635514,2.64654205607477,0.261859813084112,150.513,0.0684766355140187,"Fresh",11,"1 µm",NA,"2026-06-07","15:34:36",90,"Collar_43_2026-06-07 15:34:36",0.0069269,NA
"81A-1767",44,101,6926.9,"01:30","00:25","14",2026-06-07 15:37:38,"2026-06-07 15:39:21",173.460654205607,100.045700934579,2.47476635514019,0.781383177570093,20.2499813084112,0.0914766355140187,"Fresh",11,"45 µm",NA,"2026-06-07","15:37:38",90,"Collar_44_2026-06-07 15:37:38",0.0069269,NA
"81A-1767",40,101,6926.9,"01:30","00:25","13",2026-06-07 15:40:38,"2026-06-07 15:42:20",29.5877358490566,100.033773584906,2.65904716981132,0.775924528301887,141.01670754717,0.134745283018868,"Fresh",10,"45 µm",NA,"2026-06-07","15:40:38",90,"Collar_40_2026-06-07 15:40:38",0.0069269,NA
"81A-1767",38,101,6926.9,"01:30","00:25","14",2026-06-07 15:43:37,"2026-06-07 15:45:20",-70.5518691588785,100.037009345794,2.57893457943925,-0.488841121495327,74.4915420560748,0.0648224299065421,"Fresh",10,"Disturbance",NA,"2026-06-07","15:43:37",90,"Collar_38_2026-06-07 15:43:37",0.0069269,NA
"81A-1767",45,101,6926.9,"01:30","00:25","14",2026-06-07 15:46:39,"2026-06-07 15:48:22",-67.1764485981308,100.028411214953,2.47570093457944,0.755401869158878,19.0910560747664,0.107018691588785,"Fresh",12,"Control",NA,"2026-06-07","15:46:39",90,"Collar_45_2026-06-07 15:46:39",0.0069269,NA
"81A-1767",41,101,6918.9,"01:30","00:25","13",2026-06-07 16:28:37,"2026-06-07 16:30:19",28.0057547169811,99.9987735849057,2.57452830188679,-0.532924528301887,150.886122641509,0.0503867924528302,"Fresh",11,"Control",NA,"2026-06-07","16:28:37",90,"Collar_41_2026-06-07 16:28:37",0.0069189,NA
"81A-1767",42,101,6926.9,"01:30","00:25","13",2026-06-07 16:31:38,"2026-06-07 16:33:20",27.9600943396226,100.012547169811,2.56792452830189,0.336358490566038,10.924858490566,0.0307547169811321,"Fresh",11,"Disturbance",NA,"2026-06-07","16:31:38",90,"Collar_42_2026-06-07 16:31:38",0.0069269,NA
"81A-1767",43,101,6926.9,"01:30","00:25","14",2026-06-07 16:34:37,"2026-06-07 16:36:20",28.5091588785047,100.024859813084,2.62240186915888,0.260542056074766,150.838037383178,0.0664205607476635,"Fresh",11,"1 µm",NA,"2026-06-07","16:34:37",90,"Collar_43_2026-06-07 16:34:37",0.0069269,NA
"81A-1767",44,101,6926.9,"01:30","00:25","14",2026-06-07 16:37:38,"2026-06-07 16:39:21",173.770186915888,100.019158878505,2.47757943925234,0.780476635514019,20.2816168224299,0.0843644859813084,"Fresh",11,"45 µm",NA,"2026-06-07","16:37:38",90,"Collar_44_2026-06-07 16:37:38",0.0069269,NA
"81A-1767",40,101,6926.9,"01:30","00:25","182",2026-06-07 16:40:38,"2026-06-07 16:45:09",NA,100.592290909091,2.68125090909091,0.752050909090909,136.016792727273,0.135447272727273,"Fresh",10,"45 µm",NA,"2026-06-07","16:40:38",90,"Collar_40_2026-06-07 16:40:38",0.0069269,NA
"81A-1767",38,101,6926.9,"01:30","00:25","14",2026-06-07 16:46:27,"2026-06-07 16:48:10",-70.7609345794393,100.019813084112,2.57664485981308,-0.363532710280374,74.5902336448598,0.061981308411215,"Fresh",10,"Disturbance",NA,"2026-06-07","16:46:27",90,"Collar_38_2026-06-07 16:46:27",0.0069269,NA
"81A-1767",45,101,6926.9,"01:30","00:25","14",2026-06-07 16:49:27,"2026-06-07 16:51:10",-67.5,100.012336448598,2.47570093457944,0.736383177570093,19.1946261682243,0.113794392523364,"Fresh",12,"Control",NA,"2026-06-07","16:49:27",90,"Collar_45_2026-06-07 16:49:27",0.0069269,NA
"81A-1767",41,101,6918.9,"01:30","00:25","13",2026-06-07 17:28:37,"2026-06-07 17:30:19",27.883679245283,100.006320754717,2.56509433962264,-0.533122641509434,150.784028301887,0.0485849056603774,"Fresh",11,"Control",NA,"2026-06-07","17:28:37",90,"Collar_41_2026-06-07 17:28:37",0.0069189,NA
"81A-1767",42,101,6926.9,"01:30","00:25","13",2026-06-07 17:31:37,"2026-06-07 17:33:19",27.9474528301887,100.018679245283,2.49537735849057,0.359575471698113,11.0147924528302,0.0307547169811321,"Fresh",11,"Disturbance",NA,"2026-06-07","17:31:37",90,"Collar_42_2026-06-07 17:31:37",0.0069269,NA
"81A-1767",43,101,6926.9,"01:30","00:25","14",2026-06-07 17:34:38,"2026-06-07 17:36:21",27.9299065420561,100.034485981308,2.58890654205607,0.258878504672897,150.76561682243,0.0658130841121495,"Fresh",11,"1 µm",NA,"2026-06-07","17:34:38",90,"Collar_43_2026-06-07 17:34:38",0.0069269,NA
"81A-1767",44,101,6926.9,"01:30","00:25","14",2026-06-07 17:37:39,"2026-06-07 17:39:22",173.37046728972,100.033364485981,2.46508411214953,0.775644859813084,20.2958878504673,0.0822336448598131,"Fresh",11,"45 µm",NA,"2026-06-07","17:37:39",90,"Collar_44_2026-06-07 17:37:39",0.0069269,NA
"81A-1767",40,101,6926.9,"01:30","00:25","13",2026-06-07 17:40:41,"2026-06-07 17:42:23",28.2089622641509,100.030754716981,2.61375471698113,0.77588679245283,141.082556603774,0.131235849056604,"Fresh",10,"45 µm",NA,"2026-06-07","17:40:41",90,"Collar_40_2026-06-07 17:40:41",0.0069269,NA
"81A-1767",38,101,6926.9,"01:30","00:25","14",2026-06-07 17:43:40,"2026-06-07 17:45:23",-70.5964485981308,100.036822429907,2.56542056074766,-0.498093457943925,74.294476635514,0.0614766355140187,"Fresh",10,"Disturbance",NA,"2026-06-07","17:43:40",90,"Collar_38_2026-06-07 17:43:40",0.0069269,NA
"81A-1767",45,101,6926.9,"01:30","00:25","14",2026-06-07 17:46:40,"2026-06-07 17:48:23",-67.3342056074766,100.029906542056,2.46635514018692,0.707598130841121,19.2543271028037,0.114700934579439,"Fresh",12,"Control",NA,"2026-06-07","17:46:40",90,"Collar_45_2026-06-07 17:46:40",0.0069269,NA
"81A-1767",41,101,6918.9,"01:30","00:25","13",2026-06-07 18:28:37,"2026-06-07 18:30:19",27.8991509433962,100.036698113208,2.57452830188679,-0.533122641509434,150.64141509434,0.0472452830188679,"Fresh",11,"Control",NA,"2026-06-07","18:28:37",90,"Collar_41_2026-06-07 18:28:37",0.0069189,NA
"81A-1767",42,101,6926.9,"01:30","00:25","13",2026-06-07 18:31:38,"2026-06-07 18:33:20",27.9188679245283,100.050849056604,2.56981132075472,0.358584905660377,11.0539339622641,0.030811320754717,"Fresh",11,"Disturbance",NA,"2026-06-07","18:31:38",90,"Collar_42_2026-06-07 18:31:38",0.0069269,NA
"81A-1767",43,101,6926.9,"01:30","00:25","14",2026-06-07 18:34:39,"2026-06-07 18:36:22",27.9740186915888,100.069345794393,2.6578785046729,0.261271028037383,150.651140186916,0.0647663551401869,"Fresh",11,"1 µm",NA,"2026-06-07","18:34:39",90,"Collar_43_2026-06-07 18:34:39",0.0069269,NA
"81A-1767",44,101,6926.9,"01:30","00:25","14",2026-06-07 18:37:41,"2026-06-07 18:39:24",174.225420560748,100.067196261682,2.47663551401869,0.766579439252337,20.3028878504673,0.0814953271028037,"Fresh",11,"45 µm",NA,"2026-06-07","18:37:41",90,"Collar_44_2026-06-07 18:37:41",0.0069269,NA
"81A-1767",40,101,6926.9,"01:30","00:25","13",2026-06-07 18:40:41,"2026-06-07 18:42:23",28.1333018867925,100.065,2.66475471698113,0.77561320754717,140.934801886792,0.130679245283019,"Fresh",10,"45 µm",NA,"2026-06-07","18:40:41",90,"Collar_40_2026-06-07 18:40:41",0.0069269,NA
"81A-1767",38,101,6926.9,"01:30","00:25","14",2026-06-07 18:43:42,"2026-06-07 18:45:25",-70.4752336448598,100.074018691589,2.58322429906542,-0.50011214953271,74.2937757009346,0.0604766355140187,"Fresh",10,"Disturbance",NA,"2026-06-07","18:43:42",90,"Collar_38_2026-06-07 18:43:42",0.0069269,NA
"81A-1767",45,101,6926.9,"01:30","00:25","14",2026-06-07 18:46:44,"2026-06-07 18:48:27",-67.4930841121495,100.068691588785,2.47383177570093,0.70585046728972,19.2709626168224,0.116280373831776,"Fresh",12,"Control",NA,"2026-06-07","18:46:44",90,"Collar_45_2026-06-07 18:46:44",0.0069269,NA
"81A-1767",41,101,6918.9,"01:30","00:25","13",2026-06-07 19:28:37,"2026-06-07 19:30:19",26.9375471698113,100.109622641509,2.57452830188679,-0.532924528301887,150.493632075472,0.0426981132075472,"Fresh",11,"Control",NA,"2026-06-07","19:28:37",90,"Collar_41_2026-06-07 19:28:37",0.0069189,NA
"81A-1767",42,101,6926.9,"01:30","00:25","13",2026-06-07 19:31:37,"2026-06-07 19:33:19",26.7869811320755,100.132924528302,2.56792452830189,0.357594339622641,11.0547830188679,0.030811320754717,"Fresh",11,"Disturbance",NA,"2026-06-07","19:31:37",90,"Collar_42_2026-06-07 19:31:37",0.0069269,NA
"81A-1767",43,101,6926.9,"01:30","00:25","14",2026-06-07 19:34:38,"2026-06-07 19:36:21",26.9514953271028,100.152803738318,2.65222429906542,0.256579439252336,150.486523364486,0.0633551401869159,"Fresh",11,"1 µm",NA,"2026-06-07","19:34:38",90,"Collar_43_2026-06-07 19:34:38",0.0069269,NA
"81A-1767",44,101,6926.9,"01:30","00:25","14",2026-06-07 19:37:40,"2026-06-07 19:39:23",174.026635514019,100.154112149533,2.47663551401869,0.728242990654206,20.2845887850467,0.076588785046729,"Fresh",11,"45 µm",NA,"2026-06-07","19:37:40",90,"Collar_44_2026-06-07 19:37:40",0.0069269,NA
"81A-1767",40,101,6926.9,"01:30","00:25","13",2026-06-07 19:40:40,"2026-06-07 19:42:22",27.0581132075472,100.151226415094,2.66191509433962,0.77561320754717,140.936594339623,0.131188679245283,"Fresh",10,"45 µm",NA,"2026-06-07","19:40:40",90,"Collar_40_2026-06-07 19:40:40",0.0069269,NA
"81A-1767",38,101,6926.9,"01:30","00:25","14",2026-06-07 19:43:41,"2026-06-07 19:45:24",-70.6022429906542,100.165046728972,2.58609345794393,-0.50585046728972,74.296214953271,0.0593271028037383,"Fresh",10,"Disturbance",NA,"2026-06-07","19:43:41",90,"Collar_38_2026-06-07 19:43:41",0.0069269,NA
"81A-1767",45,101,6926.9,"01:30","00:25","14",2026-06-07 19:46:43,"2026-06-07 19:48:26",-67.4844859813084,100.166355140187,2.47476635514019,0.814,19.2868785046729,0.120859813084112,"Fresh",12,"Control",NA,"2026-06-07","19:46:43",90,"Collar_45_2026-06-07 19:46:43",0.0069269,NA
"81A-1767",41,101,6918.9,"01:30","00:25","13",2026-06-07 20:28:37,"2026-06-07 20:30:19",25.323679245283,100.20358490566,2.56509433962264,-0.532924528301887,150.076283018868,0.0359245283018868,"Fresh",11,"Control",NA,"2026-06-07","20:28:37",90,"Collar_41_2026-06-07 20:28:37",0.0069189,NA
"81A-1767",42,101,6926.9,"01:30","00:25","13",2026-06-07 20:31:37,"2026-06-07 20:33:19",25.1871698113208,100.22141509434,2.56509433962264,0.356292452830189,11.0281981132075,0.0313584905660377,"Fresh",11,"Disturbance",NA,"2026-06-07","20:31:37",90,"Collar_42_2026-06-07 20:31:37",0.0069269,NA
"81A-1767",43,101,6926.9,"01:30","00:25","14",2026-06-07 20:34:38,"2026-06-07 20:36:21",25.232523364486,100.239439252336,2.66261682242991,0.255588785046729,149.979990654206,0.0604859813084112,"Fresh",11,"1 µm",NA,"2026-06-07","20:34:38",90,"Collar_43_2026-06-07 20:34:38",0.0069269,NA
"81A-1767",44,101,6926.9,"01:30","00:25","14",2026-06-07 20:37:40,"2026-06-07 20:39:23",172.968317757009,100.240560747664,2.47322429906542,0.72814953271028,20.2398130841121,0.0653457943925234,"Fresh",11,"45 µm",NA,"2026-06-07","20:37:40",90,"Collar_44_2026-06-07 20:37:40",0.0069269,NA
"81A-1767",40,101,6926.9,"01:30","00:25","13",2026-06-07 20:40:42,"2026-06-07 20:42:24",24.9765094339623,100.245943396226,2.66320754716981,0.775264150943396,141.122933962264,0.129952830188679,"Fresh",10,"45 µm",NA,"2026-06-07","20:40:42",90,"Collar_40_2026-06-07 20:40:42",0.0069269,NA
"81A-1767",38,101,6926.9,"01:30","00:25","14",2026-06-07 20:43:43,"2026-06-07 20:45:26",-71.7857009345794,100.255700934579,2.61977570093458,-0.515859813084112,74.2875140186916,0.0589345794392523,"Fresh",10,"Disturbance",NA,"2026-06-07","20:43:43",90,"Collar_38_2026-06-07 20:43:43",0.0069269,NA
"81A-1767",45,101,6926.9,"01:30","00:25","14",2026-06-07 20:46:45,"2026-06-07 20:48:28",-68.5636448598131,100.25261682243,2.48729906542056,0.776205607476635,19.2640841121495,0.126102803738318,"Fresh",12,"Control",NA,"2026-06-07","20:46:45",90,"Collar_45_2026-06-07 20:46:45",0.0069269,NA
"81A-1767",41,101,6918.9,"01:30","00:25","13",2026-06-07 21:28:37,"2026-06-07 21:30:19",23.6227358490566,100.287264150943,2.61071698113208,-0.532924528301887,149.322981132075,0.0321132075471698,"Fresh",11,"Control",NA,"2026-06-07","21:28:37",90,"Collar_41_2026-06-07 21:28:37",0.0069189,NA
"81A-1767",42,101,6926.9,"01:30","00:25","13",2026-06-07 21:31:37,"2026-06-07 21:33:19",23.47,100.311603773585,2.57041509433962,0.35561320754717,10.9527358490566,0.0322830188679245,"Fresh",11,"Disturbance",NA,"2026-06-07","21:31:37",90,"Collar_42_2026-06-07 21:31:37",0.0069269,NA
"81A-1767",43,101,6926.9,"01:30","00:25","14",2026-06-07 21:34:36,"2026-06-07 21:36:19",23.4797196261682,100.334859813084,2.66635514018692,0.255383177570093,149.146252336449,0.058018691588785,"Fresh",11,"1 µm",NA,"2026-06-07","21:34:36",90,"Collar_43_2026-06-07 21:34:36",0.0069269,NA
"81A-1767",44,101,6926.9,"01:30","00:25","14",2026-06-07 21:37:38,"2026-06-07 21:39:21",171.432056074766,100.335046728972,2.55784112149533,0.739953271028037,20.1442336448598,0.0575607476635514,"Fresh",11,"45 µm",NA,"2026-06-07","21:37:38",90,"Collar_44_2026-06-07 21:37:38",0.0069269,NA
"81A-1767",40,101,6926.9,"01:30","00:25","13",2026-06-07 21:40:39,"2026-06-07 21:42:21",23.2566981132075,100.336226415094,2.67264150943396,0.775094339622642,141.144132075472,0.129698113207547,"Fresh",10,"45 µm",NA,"2026-06-07","21:40:39",90,"Collar_40_2026-06-07 21:40:39",0.0069269,NA
"81A-1767",38,101,6926.9,"01:30","00:25","14",2026-06-07 21:43:39,"2026-06-07 21:45:22",-71.7993457943925,100.345514018692,2.66448598130841,-0.522897196261682,74.265953271028,0.058803738317757,"Fresh",10,"Disturbance",NA,"2026-06-07","21:43:39",90,"Collar_38_2026-06-07 21:43:39",0.0069269,NA
"81A-1767",45,101,6926.9,"01:30","00:25","14",2026-06-07 21:46:39,"2026-06-07 21:48:22",-68.7677570093458,100.343644859813,2.54342990654206,0.744401869158879,19.1969719626168,0.132336448598131,"Fresh",12,"Control",NA,"2026-06-07","21:46:39",90,"Collar_45_2026-06-07 21:46:39",0.0069269,NA
"81A-1767",41,101,6918.9,"01:30","00:25","13",2026-06-07 22:28:37,"2026-06-07 22:30:19",22.3703773584906,100.40141509434,2.62425471698113,-0.532924528301887,148.271103773585,0.0327452830188679,"Fresh",11,"Control",NA,"2026-06-07","22:28:37",90,"Collar_41_2026-06-07 22:28:37",0.0069189,NA
"81A-1767",42,101,6926.9,"01:30","00:25","13",2026-06-07 22:31:38,"2026-06-07 22:33:20",22.278679245283,100.423396226415,2.56509433962264,0.327018867924528,10.8506603773585,0.0327169811320755,"Fresh",11,"Disturbance",NA,"2026-06-07","22:31:38",90,"Collar_42_2026-06-07 22:31:38",0.0069269,NA
"81A-1767",43,101,6926.9,"01:30","00:25","13",2026-06-07 22:34:39,"2026-06-07 22:36:21",22.407641509434,100.441886792453,2.66381132075472,0.254575471698113,148.146009433962,0.0573396226415094,"Fresh",11,"1 µm",NA,"2026-06-07","22:34:39",90,"Collar_43_2026-06-07 22:34:39",0.0069269,NA
"81A-1767",44,101,6926.9,"01:30","00:25","14",2026-06-07 22:37:39,"2026-06-07 22:39:22",169.801401869159,100.452056074766,2.55189719626168,0.782738317757009,20.0122990654206,0.0544859813084112,"Fresh",11,"45 µm",NA,"2026-06-07","22:37:39",90,"Collar_44_2026-06-07 22:37:39",0.0069269,NA
"81A-1767",40,101,6926.9,"01:30","00:25","13",2026-06-07 22:40:41,"2026-06-07 22:42:23",22.3279245283019,100.456320754717,2.66415094339623,0.775405660377358,141.14958490566,0.129537735849057,"Fresh",10,"45 µm",NA,"2026-06-07","22:40:41",90,"Collar_40_2026-06-07 22:40:41",0.0069269,NA
"81A-1767",38,101,6926.9,"01:30","00:25","14",2026-06-07 22:43:42,"2026-06-07 22:45:25",-71.6290654205607,100.46785046729,2.66355140186916,-0.525626168224299,74.2426074766355,0.057785046728972,"Fresh",10,"Disturbance",NA,"2026-06-07","22:43:42",90,"Collar_38_2026-06-07 22:43:42",0.0069269,NA
"81A-1767",45,101,6926.9,"01:30","00:25","14",2026-06-07 22:46:42,"2026-06-07 22:48:25",-68.7397196261682,100.461308411215,2.54542990654206,0.816093457943925,19.111738317757,0.133644859813084,"Fresh",12,"Control",NA,"2026-06-07","22:46:42",90,"Collar_45_2026-06-07 22:46:42",0.0069269,NA
"81A-1767",41,101,6918.9,"01:30","00:25","13",2026-06-07 23:28:37,"2026-06-07 23:30:19",21.3377358490566,100.488867924528,2.6602358490566,-0.531933962264151,147.305047169811,0.033622641509434,"Fresh",11,"Control",NA,"2026-06-07","23:28:37",90,"Collar_41_2026-06-07 23:28:37",0.0069189,NA
"81A-1767",42,101,6926.9,"01:30","00:25","13",2026-06-07 23:31:38,"2026-06-07 23:33:20",21.2705660377359,100.505,2.56509433962264,0.305433962264151,10.7417452830189,0.0335849056603774,"Fresh",11,"Disturbance",NA,"2026-06-07","23:31:38",90,"Collar_42_2026-06-07 23:31:38",0.0069269,NA
"81A-1767",43,101,6926.9,"01:30","00:25","14",2026-06-07 23:34:39,"2026-06-07 23:36:22",21.2270093457944,100.530934579439,2.66448598130841,0.257785046728972,147.346,0.0565140186915888,"Fresh",11,"1 µm",NA,"2026-06-07","23:34:39",90,"Collar_43_2026-06-07 23:34:39",0.0069269,NA
"81A-1767",44,101,6926.9,"01:30","00:25","14",2026-06-07 23:37:41,"2026-06-07 23:39:24",169.414579439252,100.532429906542,2.56448598130841,0.765691588785047,19.8591214953271,0.0523551401869159,"Fresh",11,"45 µm",NA,"2026-06-07","23:37:41",90,"Collar_44_2026-06-07 23:37:41",0.0069269,NA
"81A-1767",40,101,6926.9,"01:30","00:25","13",2026-06-07 23:40:42,"2026-06-07 23:42:24",21.0952830188679,100.53,2.67135849056604,0.774679245283019,141.20758490566,0.129169811320755,"Fresh",10,"45 µm",NA,"2026-06-07","23:40:42",90,"Collar_40_2026-06-07 23:40:42",0.0069269,NA
"81A-1767",38,101,6926.9,"01:30","00:25","14",2026-06-07 23:43:41,"2026-06-07 23:45:24",-71.4127102803738,100.536728971963,2.66448598130841,-0.525271028037383,74.2434392523364,0.0572242990654206,"Fresh",10,"Disturbance",NA,"2026-06-07","23:43:41",90,"Collar_38_2026-06-07 23:43:41",0.0069269,NA
"81A-1678",29,101,6926.9,"01:30","00:25","12",2026-06-07 00:10:31,"2026-06-07 00:12:12",19.662380952381,98.9808571428571,3.6647619047619,0.242666666666667,87.1485619047619,0.0307714285714286,"Salt",8,"Control",NA,"2026-06-07","00:10:31",90,"Collar_29_2026-06-07 00:10:31",0.0069269,NA
"81A-1678",30,101,6926.9,"01:30","00:25","13",2026-06-07 00:13:29,"2026-06-07 00:15:11",20.0570754716981,98.942641509434,4.95283018867925,-0.0604245283018868,58.1475,0.0307547169811321,"Salt",8,"Disturbance",NA,"2026-06-07","00:13:29",90,"Collar_30_2026-06-07 00:13:29",0.0069269,NA
"81A-1678",31,101,6926.9,"01:30","00:25","12",2026-06-07 00:16:28,"2026-06-07 00:18:09",19.5193333333333,98.9310476190476,4.84857142857143,-0.511971428571429,120.398514285714,3.53518095238095,"Salt",8,"1 µm",NA,"2026-06-07","00:16:28",90,"Collar_31_2026-06-07 00:16:28",0.0069269,NA
"81A-1678",32,101,6926.9,"01:30","00:25","13",2026-06-07 00:19:28,"2026-06-07 00:21:10",-53.6608490566038,98.9448113207547,4.85377358490566,-0.533811320754717,21.5316132075472,0.0289056603773585,"Salt",8,"45 µm",NA,"2026-06-07","00:19:28",90,"Collar_32_2026-06-07 00:19:28",0.0069269,NA
"81A-1678",50,101,6926.9,"01:30","00:25","12",2026-06-07 00:22:27,"2026-06-07 00:24:08",19.6546666666667,98.9344761904762,4.89041904761905,0.306752380952381,18.0648476190476,0.0307238095238095,"Salt",NA,"Control",NA,"2026-06-07","00:22:27",90,"Collar_50_2026-06-07 00:22:27",0.0069269,NA
"81A-1678",51,101,6926.9,"01:30","00:25","13",2026-06-07 00:25:25,"2026-06-07 00:27:07",19.632641509434,98.9419811320755,4.85377358490566,-0.0958679245283019,67.0423679245283,0.0307358490566038,"Salt",NA,"Control",NA,"2026-06-07","00:25:25",90,"Collar_51_2026-06-07 00:25:25",0.0069269,NA
"81A-1678",52,101,6926.9,"01:30","00:25","13",2026-06-07 00:28:24,"2026-06-07 00:30:06",19.6353773584906,98.936320754717,4.85377358490566,0.280122641509434,67.9473773584906,0.0307358490566038,"Salt",NA,"Control",NA,"2026-06-07","00:28:24",90,"Collar_52_2026-06-07 00:28:24",0.0069269,NA
"81A-1678",29,101,6926.9,"01:30","00:25","12",2026-06-07 01:10:31,"2026-06-07 01:12:12",19.4008571428571,98.9509523809524,3.6647619047619,0.241990476190476,86.1746,0.0308380952380952,"Salt",8,"Control",NA,"2026-06-07","01:10:31",90,"Collar_29_2026-06-07 01:10:31",0.0069269,NA
"81A-1678",30,101,6926.9,"01:30","00:25","13",2026-06-07 01:13:29,"2026-06-07 01:15:11",19.7928301886792,98.9158490566038,4.95283018867925,-0.0610943396226415,57.9985471698113,0.030877358490566,"Salt",8,"Disturbance",NA,"2026-06-07","01:13:29",90,"Collar_30_2026-06-07 01:13:29",0.0069269,NA
"81A-1678",31,101,6926.9,"01:30","00:25","12",2026-06-07 01:16:30,"2026-06-07 01:18:11",19.280380952381,98.9026666666667,4.84952380952381,-0.51207619047619,120.291857142857,3.52624761904762,"Salt",8,"1 µm",NA,"2026-06-07","01:16:30",90,"Collar_31_2026-06-07 01:16:30",0.0069269,NA
"81A-1678",32,101,6926.9,"01:30","00:25","13",2026-06-07 01:19:28,"2026-06-07 01:21:10",-53.4783018867925,98.9487735849057,4.85377358490566,-0.533811320754717,21.6292830188679,0.0290377358490566,"Salt",8,"45 µm",NA,"2026-06-07","01:19:28",90,"Collar_32_2026-06-07 01:19:28",0.0069269,NA
"81A-1678",50,101,6926.9,"01:30","00:25","12",2026-06-07 01:22:29,"2026-06-07 01:24:10",19.4225714285714,98.906380952381,4.92132380952381,0.306266666666667,17.9689523809524,0.0307714285714286,"Salt",NA,"Control",NA,"2026-06-07","01:22:29",90,"Collar_50_2026-06-07 01:22:29",0.0069269,NA
"81A-1678",51,101,6926.9,"01:30","00:25","13",2026-06-07 01:25:27,"2026-06-07 01:27:09",19.4050943396226,98.911320754717,4.85377358490566,-0.0960849056603774,76.1133301886792,0.0308490566037736,"Salt",NA,"Control",NA,"2026-06-07","01:25:27",90,"Collar_51_2026-06-07 01:25:27",0.0069269,NA
"81A-1678",52,101,6926.9,"01:30","00:25","13",2026-06-07 01:28:26,"2026-06-07 01:30:08",19.4011320754717,98.9109433962264,4.85377358490566,0.280122641509434,68.016820754717,0.0307830188679245,"Salt",NA,"Control",NA,"2026-06-07","01:28:26",90,"Collar_52_2026-06-07 01:28:26",0.0069269,NA
"81A-1678",29,101,6926.9,"01:30","00:25","12",2026-06-07 02:10:31,"2026-06-07 02:12:12",18.9709523809524,98.9299047619048,3.6647619047619,0.241780952380952,86.2456380952381,0.0311714285714286,"Salt",8,"Control",NA,"2026-06-07","02:10:31",90,"Collar_29_2026-06-07 02:10:31",0.0069269,NA
"81A-1678",30,101,6926.9,"01:30","00:25","13",2026-06-07 02:13:29,"2026-06-07 02:15:11",19.4020754716981,98.8907547169811,4.95283018867925,-0.0610943396226415,57.7814716981132,0.0312452830188679,"Salt",8,"Disturbance",NA,"2026-06-07","02:13:29",90,"Collar_30_2026-06-07 02:13:29",0.0069269,NA
"81A-1678",31,101,6926.9,"01:30","00:25","12",2026-06-07 02:16:28,"2026-06-07 02:18:09",18.9025714285714,98.8764761904762,4.85142857142857,-0.51207619047619,118.161104761905,3.51137142857143,"Salt",8,"1 µm",NA,"2026-06-07","02:16:28",90,"Collar_31_2026-06-07 02:16:28",0.0069269,NA
"81A-1678",32,101,6926.9,"01:30","00:25","13",2026-06-07 02:19:28,"2026-06-07 02:21:10",-53.1715094339623,98.8879245283019,4.85377358490566,-0.533811320754717,21.3015566037736,0.0293962264150943,"Salt",8,"45 µm",NA,"2026-06-07","02:19:28",90,"Collar_32_2026-06-07 02:19:28",0.0069269,NA
"81A-1678",50,101,6926.9,"01:30","00:25","12",2026-06-07 02:22:27,"2026-06-07 02:24:08",19.081619047619,98.8841904761905,4.94346666666667,0.306057142857143,17.8655523809524,0.0309238095238095,"Salt",NA,"Control",NA,"2026-06-07","02:22:27",90,"Collar_50_2026-06-07 02:22:27",0.0069269,NA
"81A-1678",51,101,6926.9,"01:30","00:25","13",2026-06-07 02:25:25,"2026-06-07 02:27:07",19.0733018867925,98.887641509434,4.85377358490566,-0.0960849056603774,75.8817169811321,0.031,"Salt",NA,"Control",NA,"2026-06-07","02:25:25",90,"Collar_51_2026-06-07 02:25:25",0.0069269,NA
"81A-1678",52,101,6926.9,"01:30","00:25","13",2026-06-07 02:28:26,"2026-06-07 02:30:08",19.0781132075472,98.8751886792453,4.85377358490566,0.280330188679245,67.625358490566,0.0309433962264151,"Salt",NA,"Control",NA,"2026-06-07","02:28:26",90,"Collar_52_2026-06-07 02:28:26",0.0069269,NA
"81A-1678",29,101,6926.9,"01:30","00:25","12",2026-06-07 03:10:31,"2026-06-07 03:12:12",18.9699047619048,98.8864761904762,3.6647619047619,0.241990476190476,86.3321047619048,0.0315523809523809,"Salt",8,"Control",NA,"2026-06-07","03:10:31",90,"Collar_29_2026-06-07 03:10:31",0.0069269,NA
"81A-1678",30,101,6926.9,"01:30","00:25","13",2026-06-07 03:13:30,"2026-06-07 03:15:12",19.3996226415094,98.8490566037736,4.95283018867925,-0.0604245283018868,57.2153962264151,0.0315566037735849,"Salt",8,"Disturbance",NA,"2026-06-07","03:13:30",90,"Collar_30_2026-06-07 03:13:30",0.0069269,NA
"81A-1678",31,101,6926.9,"01:30","00:25","12",2026-06-07 03:16:29,"2026-06-07 03:18:10",18.899619047619,98.862380952381,4.85142857142857,-0.51207619047619,119.849866666667,3.51099047619048,"Salt",8,"1 µm",NA,"2026-06-07","03:16:29",90,"Collar_31_2026-06-07 03:16:29",0.0069269,NA
"81A-1678",32,101,6926.9,"01:30","00:25","13",2026-06-07 03:19:29,"2026-06-07 03:21:11",-53.7282075471698,98.8624528301887,4.85377358490566,-0.533811320754717,21.2829811320755,0.0296132075471698,"Salt",8,"45 µm",NA,"2026-06-07","03:19:29",90,"Collar_32_2026-06-07 03:19:29",0.0069269,NA
"81A-1678",50,101,6926.9,"01:30","00:25","12",2026-06-07 03:22:28,"2026-06-07 03:24:09",19.0997142857143,98.8827619047619,4.94251428571429,0.306057142857143,17.7800666666667,0.0313619047619048,"Salt",NA,"Control",NA,"2026-06-07","03:22:28",90,"Collar_50_2026-06-07 03:22:28",0.0069269,NA
"81A-1678",51,101,6926.9,"01:30","00:25","13",2026-06-07 03:25:26,"2026-06-07 03:27:08",19.0891509433962,98.9094339622641,4.85377358490566,-0.0960849056603774,75.8490094339623,0.0312547169811321,"Salt",NA,"Control",NA,"2026-06-07","03:25:26",90,"Collar_51_2026-06-07 03:25:26",0.0069269,NA
"81A-1678",52,101,6926.9,"01:30","00:25","13",2026-06-07 03:28:27,"2026-06-07 03:30:09",19.0901886792453,98.8903773584906,4.85377358490566,0.28022641509434,67.1082264150943,0.0312735849056604,"Salt",NA,"Control",NA,"2026-06-07","03:28:27",90,"Collar_52_2026-06-07 03:28:27",0.0069269,NA
"81A-1678",29,101,6926.9,"01:30","00:25","12",2026-06-07 04:10:31,"2026-06-07 04:12:12",19.1037142857143,98.9082857142857,3.6647619047619,0.241780952380952,86.0327238095238,0.0316666666666667,"Salt",8,"Control",NA,"2026-06-07","04:10:31",90,"Collar_29_2026-06-07 04:10:31",0.0069269,NA
"81A-1678",30,101,6926.9,"01:30","00:25","13",2026-06-07 04:13:31,"2026-06-07 04:15:13",19.5465094339623,98.8683018867925,4.95283018867925,-0.0605283018867925,57.4420660377358,0.0317452830188679,"Salt",8,"Disturbance",NA,"2026-06-07","04:13:31",90,"Collar_30_2026-06-07 04:13:31",0.0069269,NA
"81A-1678",31,101,6926.9,"01:30","00:25","12",2026-06-07 04:16:30,"2026-06-07 04:18:11",19.0774285714286,98.8518095238095,4.85333333333333,-0.51207619047619,119.759114285714,3.5376,"Salt",8,"1 µm",NA,"2026-06-07","04:16:30",90,"Collar_31_2026-06-07 04:16:30",0.0069269,NA
"81A-1678",32,101,6926.9,"01:30","00:25","13",2026-06-07 04:19:30,"2026-06-07 04:21:12",-53.7104716981132,98.8720754716981,4.85377358490566,-0.533811320754717,21.238820754717,0.0298018867924528,"Salt",8,"45 µm",NA,"2026-06-07","04:19:30",90,"Collar_32_2026-06-07 04:19:30",0.0069269,NA
"81A-1678",50,101,6926.9,"01:30","00:25","12",2026-06-07 04:22:29,"2026-06-07 04:24:10",19.2607619047619,98.8739047619048,4.94346666666667,0.306752380952381,17.7236666666667,0.0315238095238095,"Salt",NA,"Control",NA,"2026-06-07","04:22:29",90,"Collar_50_2026-06-07 04:22:29",0.0069269,NA
"81A-1678",51,101,6926.9,"01:30","00:25","13",2026-06-07 04:25:27,"2026-06-07 04:27:09",19.2493396226415,98.8648113207547,4.85377358490566,-0.0960849056603774,75.7155471698113,0.0314150943396226,"Salt",NA,"Control",NA,"2026-06-07","04:25:27",90,"Collar_51_2026-06-07 04:25:27",0.0069269,NA
"81A-1678",52,101,6926.9,"01:30","00:25","13",2026-06-07 04:28:28,"2026-06-07 04:30:10",19.2478301886792,98.8691509433962,4.85377358490566,0.280330188679245,66.7807830188679,0.0313962264150943,"Salt",NA,"Control",NA,"2026-06-07","04:28:28",90,"Collar_52_2026-06-07 04:28:28",0.0069269,NA
"81A-1678",29,101,6926.9,"01:30","00:25","12",2026-06-07 05:10:31,"2026-06-07 05:12:12",19.4941904761905,98.9642857142857,3.6647619047619,0.241780952380952,86.5373904761905,0.0317142857142857,"Salt",8,"Control",NA,"2026-06-07","05:10:31",90,"Collar_29_2026-06-07 05:10:31",0.0069269,NA
"81A-1678",30,101,6926.9,"01:30","00:25","13",2026-06-07 05:13:31,"2026-06-07 05:15:13",19.8911320754717,98.8788679245283,4.95283018867925,-0.0610943396226415,57.5412924528302,0.0317924528301887,"Salt",8,"Disturbance",NA,"2026-06-07","05:13:31",90,"Collar_30_2026-06-07 05:13:31",0.0069269,NA
"81A-1678",31,101,6926.9,"01:30","00:25","12",2026-06-07 05:16:30,"2026-06-07 05:18:11",19.4199047619048,98.8884761904762,4.85238095238095,-0.51207619047619,119.744438095238,3.54893333333333,"Salt",8,"1 µm",NA,"2026-06-07","05:16:30",90,"Collar_31_2026-06-07 05:16:30",0.0069269,NA
"81A-1678",32,101,6926.9,"01:30","00:25","13",2026-06-07 05:19:28,"2026-06-07 05:21:10",-53.6448113207547,98.8827358490566,4.85377358490566,-0.533811320754717,21.2143867924528,0.0297641509433962,"Salt",8,"45 µm",NA,"2026-06-07","05:19:28",90,"Collar_32_2026-06-07 05:19:28",0.0069269,NA
"81A-1678",50,101,6926.9,"01:30","00:25","12",2026-06-07 05:22:27,"2026-06-07 05:24:08",19.4911428571429,98.8734285714286,4.94190476190476,0.306057142857143,17.6958761904762,0.0314952380952381,"Salt",NA,"Control",NA,"2026-06-07","05:22:27",90,"Collar_50_2026-06-07 05:22:27",0.0069269,NA
"81A-1678",51,101,6926.9,"01:30","00:25","13",2026-06-07 05:25:25,"2026-06-07 05:27:07",19.4758490566038,98.877358490566,4.85377358490566,-0.0975377358490566,75.6096320754717,0.0314905660377358,"Salt",NA,"Control",NA,"2026-06-07","05:25:25",90,"Collar_51_2026-06-07 05:25:25",0.0069269,NA
"81A-1678",52,101,6926.9,"01:30","00:25","13",2026-06-07 05:28:24,"2026-06-07 05:30:06",19.5634905660377,98.8746226415094,4.85377358490566,0.28022641509434,66.8967924528302,0.0313396226415094,"Salt",NA,"Control",NA,"2026-06-07","05:28:24",90,"Collar_52_2026-06-07 05:28:24",0.0069269,NA
"81A-1678",29,101,6926.9,"01:30","00:25","12",2026-06-07 06:10:31,"2026-06-07 06:12:12",19.4439047619048,98.9486666666667,3.6647619047619,0.241780952380952,86.6360285714286,0.0316285714285714,"Salt",8,"Control",NA,"2026-06-07","06:10:31",90,"Collar_29_2026-06-07 06:10:31",0.0069269,NA
"81A-1678",30,101,6926.9,"01:30","00:25","13",2026-06-07 06:13:32,"2026-06-07 06:15:14",19.8575471698113,98.915,4.95283018867925,-0.0604245283018868,57.3931603773585,0.0316981132075472,"Salt",8,"Disturbance",NA,"2026-06-07","06:13:32",90,"Collar_30_2026-06-07 06:13:32",0.0069269,NA
"81A-1678",31,101,6926.9,"01:30","00:25","12",2026-06-07 06:16:31,"2026-06-07 06:18:12",19.4167619047619,98.9055238095238,4.85238095238095,-0.511866666666667,119.80839047619,3.48905714285714,"Salt",8,"1 µm",NA,"2026-06-07","06:16:31",90,"Collar_31_2026-06-07 06:16:31",0.0069269,NA
"81A-1678",32,101,6926.9,"01:30","00:25","13",2026-06-07 06:19:31,"2026-06-07 06:21:13",-53.555,98.9255660377358,4.85377358490566,-0.533811320754717,21.1972358490566,0.0297169811320755,"Salt",8,"45 µm",NA,"2026-06-07","06:19:31",90,"Collar_32_2026-06-07 06:19:31",0.0069269,NA
"81A-1678",50,101,6926.9,"01:30","00:25","12",2026-06-07 06:22:30,"2026-06-07 06:24:11",19.5537142857143,98.9254285714286,4.94285714285714,0.30527619047619,17.6719428571429,0.0314,"Salt",NA,"Control",NA,"2026-06-07","06:22:30",90,"Collar_50_2026-06-07 06:22:30",0.0069269,NA
"81A-1678",51,101,6926.9,"01:30","00:25","13",2026-06-07 06:25:30,"2026-06-07 06:27:12",19.566320754717,98.9320754716981,4.85377358490566,-0.096188679245283,75.6579905660377,0.0313584905660377,"Salt",NA,"Control",NA,"2026-06-07","06:25:30",90,"Collar_51_2026-06-07 06:25:30",0.0069269,NA
"81A-1678",52,101,6926.9,"01:30","00:25","13",2026-06-07 06:28:29,"2026-06-07 06:30:11",19.5927358490566,98.9369811320755,4.85377358490566,0.279660377358491,66.8075566037736,0.0312358490566038,"Salt",NA,"Control",NA,"2026-06-07","06:28:29",90,"Collar_52_2026-06-07 06:28:29",0.0069269,NA
"81A-1678",29,101,6926.9,"01:30","00:25","12",2026-06-07 07:10:31,"2026-06-07 07:12:12",19.969619047619,98.9960952380952,3.6647619047619,0.241780952380952,86.598980952381,0.0315714285714286,"Salt",8,"Control",NA,"2026-06-07","07:10:31",90,"Collar_29_2026-06-07 07:10:31",0.0069269,NA
"81A-1678",30,101,6926.9,"01:30","00:25","13",2026-06-07 07:13:31,"2026-06-07 07:15:13",20.3750943396226,98.9606603773585,4.95283018867925,-0.0604245283018868,56.9200094339623,0.0315377358490566,"Salt",8,"Disturbance",NA,"2026-06-07","07:13:31",90,"Collar_30_2026-06-07 07:13:31",0.0069269,NA
"81A-1678",31,101,6926.9,"01:30","00:25","12",2026-06-07 07:16:30,"2026-06-07 07:18:11",19.945619047619,98.9477142857143,4.85238095238095,-0.511657142857143,119.908885714286,3.49448571428571,"Salt",8,"1 µm",NA,"2026-06-07","07:16:30",90,"Collar_31_2026-06-07 07:16:30",0.0069269,NA
"81A-1678",32,101,6926.9,"01:30","00:25","13",2026-06-07 07:19:28,"2026-06-07 07:21:10",-53.4333018867925,98.9680188679245,4.85377358490566,-0.533811320754717,21.200679245283,0.0295660377358491,"Salt",8,"45 µm",NA,"2026-06-07","07:19:28",90,"Collar_32_2026-06-07 07:19:28",0.0069269,NA
"81A-1678",50,101,6926.9,"01:30","00:25","12",2026-06-07 07:22:27,"2026-06-07 07:24:08",20.1493333333333,98.9608571428571,4.94285714285714,0.305952380952381,17.6842666666667,0.0314380952380952,"Salt",NA,"Control",NA,"2026-06-07","07:22:27",90,"Collar_50_2026-06-07 07:22:27",0.0069269,NA
"81A-1678",51,101,6926.9,"01:30","00:25","13",2026-06-07 07:25:25,"2026-06-07 07:27:07",20.1418867924528,98.975,4.85377358490566,-0.0960849056603774,75.6826886792453,0.0311698113207547,"Salt",NA,"Control",NA,"2026-06-07","07:25:25",90,"Collar_51_2026-06-07 07:25:25",0.0069269,NA
"81A-1678",52,101,6926.9,"01:30","00:25","13",2026-06-07 07:28:24,"2026-06-07 07:30:06",20.257358490566,98.9738679245283,4.85377358490566,0.28022641509434,66.4282641509434,0.0312924528301887,"Salt",NA,"Control",NA,"2026-06-07","07:28:24",90,"Collar_52_2026-06-07 07:28:24",0.0069269,NA
"81A-1678",29,101,6926.9,"01:30","00:25","12",2026-06-07 08:10:31,"2026-06-07 08:12:12",21.253619047619,99.0166666666667,3.6647619047619,0.242666666666667,86.5915428571429,0.0312666666666667,"Salt",8,"Control",NA,"2026-06-07","08:10:31",90,"Collar_29_2026-06-07 08:10:31",0.0069269,NA
"81A-1678",30,101,6926.9,"01:30","00:25","13",2026-06-07 08:13:31,"2026-06-07 08:15:13",21.8395283018868,98.9731132075472,4.95283018867925,-0.0611037735849057,57.0896509433962,0.0312735849056604,"Salt",8,"Disturbance",NA,"2026-06-07","08:13:31",90,"Collar_30_2026-06-07 08:13:31",0.0069269,NA
"81A-1678",31,101,6926.9,"01:30","00:25","12",2026-06-07 08:16:31,"2026-06-07 08:18:12",21.5271428571429,98.9618095238095,4.84822857142857,-0.51207619047619,120.145466666667,3.52392380952381,"Salt",8,"1 µm",NA,"2026-06-07","08:16:31",90,"Collar_31_2026-06-07 08:16:31",0.0069269,NA
"81A-1678",32,101,6926.9,"01:30","00:25","13",2026-06-07 08:19:31,"2026-06-07 08:21:13",-53.1472641509434,98.9841509433962,4.85377358490566,-0.533811320754717,21.3404433962264,0.0292641509433962,"Salt",8,"45 µm",NA,"2026-06-07","08:19:31",90,"Collar_32_2026-06-07 08:19:31",0.0069269,NA
"81A-1678",50,101,6926.9,"01:30","00:25","12",2026-06-07 08:22:30,"2026-06-07 08:24:11",21.9288571428571,98.9773333333333,4.85624761904762,0.306266666666667,17.7960380952381,0.0310190476190476,"Salt",NA,"Control",NA,"2026-06-07","08:22:30",90,"Collar_50_2026-06-07 08:22:30",0.0069269,NA
"81A-1678",51,101,6926.9,"01:30","00:25","13",2026-06-07 08:25:28,"2026-06-07 08:27:10",21.9180188679245,98.9900943396226,4.85377358490566,-0.0951981132075472,75.6504056603774,0.0308679245283019,"Salt",NA,"Control",NA,"2026-06-07","08:25:28",90,"Collar_51_2026-06-07 08:25:28",0.0069269,NA
"81A-1678",52,101,6926.9,"01:30","00:25","13",2026-06-07 08:28:27,"2026-06-07 08:30:09",22.2142452830189,98.9888679245283,4.85377358490566,0.28111320754717,66.427820754717,0.0308490566037736,"Salt",NA,"Control",NA,"2026-06-07","08:28:27",90,"Collar_52_2026-06-07 08:28:27",0.0069269,NA
"81A-1678",29,101,6926.9,"01:30","00:25","12",2026-06-07 09:10:31,"2026-06-07 09:12:12",22.9404761904762,99.034380952381,3.6647619047619,0.241990476190476,86.6016,0.0307619047619048,"Salt",8,"Control",NA,"2026-06-07","09:10:31",90,"Collar_29_2026-06-07 09:10:31",0.0069269,NA
"81A-1678",30,101,6926.9,"01:30","00:25","13",2026-06-07 09:13:32,"2026-06-07 09:15:14",23.5569811320755,99.0014150943396,4.95283018867925,-0.0595377358490566,55.9986698113208,0.0307169811320755,"Salt",8,"Disturbance",NA,"2026-06-07","09:13:32",90,"Collar_30_2026-06-07 09:13:32",0.0069269,NA
"81A-1678",31,101,6926.9,"01:30","00:25","12",2026-06-07 09:16:32,"2026-06-07 09:18:13",23.079619047619,98.9918095238095,4.82262857142857,-0.511971428571429,120.57919047619,3.54679047619048,"Salt",8,"1 µm",NA,"2026-06-07","09:16:32",90,"Collar_31_2026-06-07 09:16:32",0.0069269,NA
"81A-1678",32,101,6926.9,"01:30","00:25","13",2026-06-07 09:19:32,"2026-06-07 09:21:14",-52.8582075471698,99.0090566037736,4.85377358490566,-0.533811320754717,21.4608301886792,0.0306792452830189,"Salt",8,"45 µm",NA,"2026-06-07","09:19:32",90,"Collar_32_2026-06-07 09:19:32",0.0069269,NA
"81A-1678",50,101,6926.9,"01:30","00:25","12",2026-06-07 09:22:31,"2026-06-07 09:24:12",23.5315238095238,99.0006666666667,4.85333333333333,0.306752380952381,17.9975047619048,0.0307142857142857,"Salt",NA,"Control",NA,"2026-06-07","09:22:31",90,"Collar_50_2026-06-07 09:22:31",0.0069269,NA
"81A-1678",51,101,6926.9,"01:30","00:25","13",2026-06-07 09:25:32,"2026-06-07 09:27:14",23.3742452830189,99.0143396226415,4.85377358490566,-0.0938867924528302,75.7171981132075,0.0307169811320755,"Salt",NA,"Control",NA,"2026-06-07","09:25:32",90,"Collar_51_2026-06-07 09:25:32",0.0069269,NA
"81A-1678",52,101,6926.9,"01:30","00:25","13",2026-06-07 09:28:34,"2026-06-07 09:30:16",23.8306603773585,99.0151886792453,4.85377358490566,0.28111320754717,66.2707641509434,0.0307169811320755,"Salt",NA,"Control",NA,"2026-06-07","09:28:34",90,"Collar_52_2026-06-07 09:28:34",0.0069269,NA
"81A-1678",29,101,6926.9,"01:30","00:25","12",2026-06-07 10:10:31,"2026-06-07 10:12:12",24.5874285714286,99.0531428571429,3.6647619047619,0.241990476190476,86.7068571428571,0.0306190476190476,"Salt",8,"Control",NA,"2026-06-07","10:10:31",90,"Collar_29_2026-06-07 10:10:31",0.0069269,NA
"81A-1678",30,101,6926.9,"01:30","00:25","13",2026-06-07 10:13:32,"2026-06-07 10:15:14",25.2352830188679,99.0034905660377,4.95283018867925,-0.0592169811320755,56.1552547169811,0.0305471698113208,"Salt",8,"Disturbance",NA,"2026-06-07","10:13:32",90,"Collar_30_2026-06-07 10:13:32",0.0069269,NA
"81A-1678",31,101,6926.9,"01:30","00:25","12",2026-06-07 10:16:31,"2026-06-07 10:18:12",24.7946666666667,98.9920952380952,4.75428571428571,-0.51207619047619,121.256019047619,3.5282380952381,"Salt",8,"1 µm",NA,"2026-06-07","10:16:31",90,"Collar_31_2026-06-07 10:16:31",0.0069269,NA
"81A-1678",32,101,6926.9,"01:30","00:25","13",2026-06-07 10:19:31,"2026-06-07 10:21:13",-53.202641509434,99.0068867924528,4.85377358490566,-0.534584905660377,21.7735660377359,0.0335754716981132,"Salt",8,"45 µm",NA,"2026-06-07","10:19:31",90,"Collar_32_2026-06-07 10:19:31",0.0069269,NA
"81A-1678",50,101,6926.9,"01:30","00:25","12",2026-06-07 10:22:32,"2026-06-07 10:24:13",25.0880952380952,98.9968571428571,4.85333333333333,0.304952380952381,18.3072761904762,0.0302666666666667,"Salt",NA,"Control",NA,"2026-06-07","10:22:32",90,"Collar_50_2026-06-07 10:22:32",0.0069269,NA
"81A-1678",51,101,6926.9,"01:30","00:25","13",2026-06-07 10:25:30,"2026-06-07 10:27:12",24.8589622641509,99.0317924528302,4.85283018867925,-0.0931132075471698,75.7129905660377,0.0300188679245283,"Salt",NA,"Control",NA,"2026-06-07","10:25:30",90,"Collar_51_2026-06-07 10:25:30",0.0069269,NA
"81A-1678",52,101,6926.9,"01:30","00:25","12",2026-06-07 10:28:31,"2026-06-07 10:30:12",25.2815238095238,98.9941904761905,4.84727619047619,0.282285714285714,65.7471047619048,0.0299047619047619,"Salt",NA,"Control",NA,"2026-06-07","10:28:31",90,"Collar_52_2026-06-07 10:28:31",0.0069269,NA
"81A-1678",29,101,6926.9,"01:30","00:25","12",2026-06-07 11:10:31,"2026-06-07 11:12:12",25.6121904761905,99.0239047619048,3.6647619047619,0.241485714285714,85.509,0.029752380952381,"Salt",8,"Control",NA,"2026-06-07","11:10:31",90,"Collar_29_2026-06-07 11:10:31",0.0069269,NA
"81A-1678",30,101,6926.9,"01:30","00:25","13",2026-06-07 11:13:32,"2026-06-07 11:15:14",26.1179245283019,98.9824528301887,4.94811320754717,-0.0585471698113207,55.8514433962264,0.0297169811320755,"Salt",8,"Disturbance",NA,"2026-06-07","11:13:32",90,"Collar_30_2026-06-07 11:13:32",0.0069269,NA
"81A-1678",31,101,6926.9,"01:30","00:25","12",2026-06-07 11:16:32,"2026-06-07 11:18:13",25.6573333333333,98.9744761904762,4.75428571428571,-0.511971428571429,121.933238095238,3.57086666666667,"Salt",8,"1 µm",NA,"2026-06-07","11:16:32",90,"Collar_31_2026-06-07 11:16:32",0.0069269,NA
"81A-1678",32,101,6926.9,"01:30","00:25","13",2026-06-07 11:19:32,"2026-06-07 11:21:14",-52.9751886792453,98.9933018867925,4.85188679245283,-0.533594339622642,21.9991320754717,0.0359811320754717,"Salt",8,"45 µm",NA,"2026-06-07","11:19:32",90,"Collar_32_2026-06-07 11:19:32",0.0069269,NA
"81A-1678",50,101,6926.9,"01:30","00:25","12",2026-06-07 11:22:32,"2026-06-07 11:24:13",26.0614285714286,98.9833333333333,4.85333333333333,0.2924,18.5372857142857,0.0297238095238095,"Salt",NA,"Control",NA,"2026-06-07","11:22:32",90,"Collar_50_2026-06-07 11:22:32",0.0069269,NA
"81A-1678",51,101,6926.9,"01:30","00:25","13",2026-06-07 11:25:30,"2026-06-07 11:27:12",25.9690566037736,98.9904716981132,4.84716981132075,-0.0928962264150943,75.5981981132075,0.0297169811320755,"Salt",NA,"Control",NA,"2026-06-07","11:25:30",90,"Collar_51_2026-06-07 11:25:30",0.0069269,NA
"81A-1678",29,101,6926.9,"01:30","1	37	2026-06-07 11:33:43	26.44	100.04	25.354	494.88	507.75	51.49	3.6	0.243	82.892	0.03	0	0	0	0	0	73.2	38.14	13.51	0.09991	0.12564	11.5619	158.48175	2040274	2518057	1151263	1177257","1	38	2026-06-07 11:33:44	26.44	100.03	25.363	500.08	513.09	51.52	3.6	0.243	82.892	0.03	0	0	0	0	0	73.26	38.14	13.51	0.10066	0.12575	11.5622	158.48176	2038535	2518022	1151191	1177332",2026-06-07 11:32:54,"2026-06-07 11:33:21",26.9957142857143,100.036785714286,3.60357142857143,0.243392857142857,82.9505357142857,0.0305357142857143,"Salt",8,"Control",NA,"2026-06-07","11:32:54",90,"Collar_29_2026-06-07 11:32:54",0.0069269,NA
"81A-1678",29,101,6926.9,"01:30","00:25","12",2026-06-07 11:35:48,"2026-06-07 11:37:29",26.3052380952381,99.0361904761905,3.56571428571429,0.240685714285714,82.1616476190476,0.0307904761904762,"Salt",8,"Control",NA,"2026-06-07","11:35:48",90,"Collar_29_2026-06-07 11:35:48",0.0069269,NA
"81A-1678",30,101,6926.9,"01:30","00:25","13",2026-06-07 11:38:48,"2026-06-07 11:40:30",26.7691509433962,98.9967924528302,4.85377358490566,-0.0585471698113207,55.8807169811321,0.0307075471698113,"Salt",8,"Disturbance",NA,"2026-06-07","11:38:48",90,"Collar_30_2026-06-07 11:38:48",0.0069269,NA
"81A-1678",31,101,6926.9,"01:30","00:25","12",2026-06-07 11:41:47,"2026-06-07 11:43:28",26.2347619047619,98.9842857142857,4.75333333333333,-0.512647619047619,120.993819047619,3.55669523809524,"Salt",8,"1 µm",NA,"2026-06-07","11:41:47",90,"Collar_31_2026-06-07 11:41:47",0.0069269,NA
"81A-1678",32,101,6926.9,"01:30","00:25","13",2026-06-07 11:44:47,"2026-06-07 11:46:29",-52.6264150943396,98.9985849056604,4.75566037735849,-0.532716981132076,22.1145849056604,0.0375849056603774,"Salt",8,"45 µm",NA,"2026-06-07","11:44:47",90,"Collar_32_2026-06-07 11:44:47",0.0069269,NA
"81A-1678",50,101,6926.9,"01:30","00:25","12",2026-06-07 11:47:47,"2026-06-07 11:49:28",26.6244761904762,98.986380952381,4.84761904761905,0.276428571428571,18.6426761904762,0.0306571428571429,"Salt",NA,"Control",NA,"2026-06-07","11:47:47",90,"Collar_50_2026-06-07 11:47:47",0.0069269,NA
"81A-1678",51,101,6926.9,"01:30","00:25","13",2026-06-07 11:50:45,"2026-06-07 11:52:27",26.5691509433962,98.9955660377359,4.75471698113208,-0.0937830188679245,75.5650566037736,0.0305849056603774,"Salt",NA,"Control",NA,"2026-06-07","11:50:45",90,"Collar_51_2026-06-07 11:50:45",0.0069269,NA
"81A-1678",52,101,6926.9,"01:30","00:25","12",2026-06-07 11:53:47,"2026-06-07 11:55:28",27.228380952381,98.9868571428571,4.75428571428571,0.27552380952381,65.8217142857143,0.0305904761904762,"Salt",NA,"Control",NA,"2026-06-07","11:53:47",90,"Collar_52_2026-06-07 11:53:47",0.0069269,NA
"81A-1678",29,101,6926.9,"01:30","00:25","12",2026-06-07 12:30:31,"2026-06-07 12:32:12",27.7427619047619,99.0007619047619,3.6647619047619,0.239019047619048,82.4876,0.0302095238095238,"Salt",8,"Control",NA,"2026-06-07","12:30:31",90,"Collar_29_2026-06-07 12:30:31",0.0069269,NA
"81A-1678",30,101,6926.9,"01:30","00:25","13",2026-06-07 12:33:32,"2026-06-07 12:35:14",28.4683962264151,98.9680188679245,4.85377358490566,-0.0584433962264151,55.7676698113208,0.0300377358490566,"Salt",8,"Disturbance",NA,"2026-06-07","12:33:32",90,"Collar_30_2026-06-07 12:33:32",0.0069269,NA
"81A-1678",31,101,6926.9,"01:30","00:25","12",2026-06-07 12:36:31,"2026-06-07 12:38:12",27.9357142857143,98.9561904761905,4.75428571428571,-0.511028571428571,121.561295238095,3.54971428571429,"Salt",8,"1 µm",NA,"2026-06-07","12:36:31",90,"Collar_31_2026-06-07 12:36:31",0.0069269,NA
"81A-1678",32,101,6926.9,"01:30","00:25","13",2026-06-07 12:39:31,"2026-06-07 12:41:13",-52.0943396226415,98.9612264150943,4.75471698113208,-0.528754716981132,22.3464056603774,0.0406792452830189,"Salt",8,"45 µm",NA,"2026-06-07","12:39:31",90,"Collar_32_2026-06-07 12:39:31",0.0069269,NA
"81A-1678",50,101,6926.9,"01:30","00:25","12",2026-06-07 12:42:32,"2026-06-07 12:44:13",28.089619047619,98.956,4.84666666666667,0.301104761904762,18.8747904761905,0.0311142857142857,"Salt",NA,"Control",NA,"2026-06-07","12:42:32",90,"Collar_50_2026-06-07 12:42:32",0.0069269,NA
"81A-1678",51,101,6926.9,"01:30","00:25","13",2026-06-07 12:45:32,"2026-06-07 12:47:14",27.5984905660377,98.9692452830189,4.75471698113208,-0.0924245283018868,75.4610471698113,0.0297358490566038,"Salt",NA,"Control",NA,"2026-06-07","12:45:32",90,"Collar_51_2026-06-07 12:45:32",0.0069269,NA
"81A-1678",52,101,6926.9,"01:30","00:25","12",2026-06-07 12:48:34,"2026-06-07 12:50:15",27.7125714285714,98.9640952380952,4.75428571428571,0.265523809523809,66.0040380952381,0.0297238095238095,"Salt",NA,"Control",NA,"2026-06-07","12:48:34",90,"Collar_52_2026-06-07 12:48:34",0.0069269,NA
"81A-1678",29,101,6926.9,"01:30","00:25","12",2026-06-07 13:30:31,"2026-06-07 13:32:12",29.122,98.965619047619,3.66285714285714,0.237038095238095,82.6757428571429,0.0302,"Salt",8,"Control",NA,"2026-06-07","13:30:31",90,"Collar_29_2026-06-07 13:30:31",0.0069269,NA
"81A-1678",30,101,6926.9,"01:30","00:25","13",2026-06-07 13:33:31,"2026-06-07 13:35:13",31.2088679245283,98.9228301886792,4.85377358490566,-0.058811320754717,55.7410471698113,0.0297264150943396,"Salt",8,"Disturbance",NA,"2026-06-07","13:33:31",90,"Collar_30_2026-06-07 13:33:31",0.0069269,NA
"81A-1678",31,101,6926.9,"01:30","00:25","12",2026-06-07 13:36:32,"2026-06-07 13:38:13",29.0093333333333,98.9102857142857,4.75428571428571,-0.511085714285714,122.243057142857,3.57109523809524,"Salt",8,"1 µm",NA,"2026-06-07","13:36:32",90,"Collar_31_2026-06-07 13:36:32",0.0069269,NA
"81A-1678",32,101,6926.9,"01:30","00:25","13",2026-06-07 13:39:32,"2026-06-07 13:41:14",-51.8978301886793,98.9316037735849,4.75471698113208,-0.526877358490566,22.5357924528302,0.0436698113207547,"Salt",8,"45 µm",NA,"2026-06-07","13:39:32",90,"Collar_32_2026-06-07 13:39:32",0.0069269,NA
"81A-1678",50,101,6926.9,"01:30","00:25","12",2026-06-07 13:42:31,"2026-06-07 13:44:12",29.1114285714286,98.9399047619048,4.84250476190476,0.300685714285714,19.0772666666667,0.0322571428571429,"Salt",NA,"Control",NA,"2026-06-07","13:42:31",90,"Collar_50_2026-06-07 13:42:31",0.0069269,NA
"81A-1678",51,101,6926.9,"01:30","00:25","13",2026-06-07 13:45:31,"2026-06-07 13:47:13",28.6330188679245,98.9206603773585,4.75471698113208,-0.092122641509434,75.3699811320755,0.0294528301886792,"Salt",NA,"Control",NA,"2026-06-07","13:45:31",90,"Collar_51_2026-06-07 13:45:31",0.0069269,NA
"81A-1678",52,101,6926.9,"01:30","00:25","12",2026-06-07 13:48:33,"2026-06-07 13:50:14",29.0991428571429,98.9102857142857,4.75428571428571,0.282285714285714,66.1656571428571,0.0294666666666667,"Salt",NA,"Control",NA,"2026-06-07","13:48:33",90,"Collar_52_2026-06-07 13:48:33",0.0069269,NA
"81A-1678",29,101,6926.9,"01:30","00:25","12",2026-06-07 14:30:31,"2026-06-07 14:32:12",29.2893333333333,98.9219047619048,3.66285714285714,0.234847619047619,83.5171904761905,0.0286,"Salt",8,"Control",NA,"2026-06-07","14:30:31",90,"Collar_29_2026-06-07 14:30:31",0.0069269,NA
"81A-1678",30,101,6926.9,"01:30","00:25","13",2026-06-07 14:33:31,"2026-06-07 14:35:13",29.5380188679245,98.88,4.85377358490566,-0.0574528301886792,56.4434433962264,0.0277358490566038,"Salt",8,"Disturbance",NA,"2026-06-07","14:33:31",90,"Collar_30_2026-06-07 14:33:31",0.0069269,NA
"81A-1678",31,101,6926.9,"01:30","00:25","12",2026-06-07 14:36:30,"2026-06-07 14:38:11",29.3158095238095,98.8620952380952,4.75047619047619,-0.511971428571429,124.043085714286,3.58600952380952,"Salt",8,"1 µm",NA,"2026-06-07","14:36:30",90,"Collar_31_2026-06-07 14:36:30",0.0069269,NA
"81A-1678",32,101,6926.9,"01:30","00:25","13",2026-06-07 14:39:30,"2026-06-07 14:41:12",-51.4052830188679,98.8683018867925,4.75471698113208,-0.526254716981132,22.7925471698113,0.0447169811320755,"Salt",8,"45 µm",NA,"2026-06-07","14:39:30",90,"Collar_32_2026-06-07 14:39:30",0.0069269,NA
"81A-1678",50,101,6926.9,"01:30","00:25","12",2026-06-07 14:42:29,"2026-06-07 14:44:10",29.789619047619,98.885619047619,4.75428571428571,0.301,19.3099238095238,0.0346095238095238,"Salt",NA,"Control",NA,"2026-06-07","14:42:29",90,"Collar_50_2026-06-07 14:42:29",0.0069269,NA
"81A-1678",51,101,6926.9,"01:30","00:25","13",2026-06-07 14:45:27,"2026-06-07 14:47:09",29.2901886792453,98.8721698113208,4.75471698113208,-0.0922264150943396,75.4158301886792,0.0277358490566038,"Salt",NA,"Control",NA,"2026-06-07","14:45:27",90,"Collar_51_2026-06-07 14:45:27",0.0069269,NA
"81A-1678",52,101,6926.9,"01:30","00:25","12",2026-06-07 14:48:28,"2026-06-07 14:50:09",29.5271428571429,98.8626666666667,4.75428571428571,0.281990476190476,66.1952666666667,0.0277333333333333,"Salt",NA,"Control",NA,"2026-06-07","14:48:28",90,"Collar_52_2026-06-07 14:48:28",0.0069269,NA
"81A-1678",29,101,6926.9,"01:30","00:25","182",2026-06-07 15:30:31,"2026-06-07 15:35:02",NA,99.4858545454545,3.62509090909091,0.297334545454545,88.0670363636364,0.0709163636363636,"Salt",8,"Control",NA,"2026-06-07","15:30:31",90,"Collar_29_2026-06-07 15:30:31",0.0069269,NA
"81A-1678",30,101,6926.9,"01:30","00:25","22",2026-06-07 15:36:20,"2026-06-07 15:38:11",30.022347826087,98.9166956521739,4.85478260869565,0.2042,55.474252173913,0.123617391304348,"Salt",8,"Disturbance",NA,"2026-06-07","15:36:20",90,"Collar_30_2026-06-07 15:36:20",0.0069269,NA
"81A-1678",31,101,6926.9,"01:30","00:25","12",2026-06-07 15:39:28,"2026-06-07 15:41:09",29.4730476190476,98.8402857142857,4.6552380952381,-0.463990476190476,124.723866666667,3.56001904761905,"Salt",8,"1 µm",NA,"2026-06-07","15:39:28",90,"Collar_31_2026-06-07 15:39:28",0.0069269,NA
"81A-1678",32,101,6926.9,"01:30","00:25","13",2026-06-07 15:42:26,"2026-06-07 15:44:08",-51.2520754716981,98.8445283018868,4.75471698113208,-0.525783018867925,23.0301886792453,0.0461981132075472,"Salt",8,"45 µm",NA,"2026-06-07","15:42:26",90,"Collar_32_2026-06-07 15:42:26",0.0069269,NA
"81A-1678",50,101,6926.9,"01:30","00:25","12",2026-06-07 15:45:25,"2026-06-07 15:47:06",30.1794285714286,98.8410476190476,4.75428571428571,0.300114285714286,19.4699047619048,0.0378,"Salt",NA,"Control",NA,"2026-06-07","15:45:25",90,"Collar_50_2026-06-07 15:45:25",0.0069269,NA
"81A-1678",51,101,6926.9,"01:30","00:25","13",2026-06-07 15:48:23,"2026-06-07 15:50:05",29.6639622641509,98.8483962264151,4.75471698113208,-0.092122641509434,75.3407830188679,0.0275188679245283,"Salt",NA,"Control",NA,"2026-06-07","15:48:23",90,"Collar_51_2026-06-07 15:48:23",0.0069269,NA
"81A-1678",52,101,6926.9,"01:30","00:25","12",2026-06-07 15:51:24,"2026-06-07 15:53:05",29.3759047619048,98.8411428571429,4.75333333333333,0.280304761904762,65.55,0.0275904761904762,"Salt",NA,"Control",NA,"2026-06-07","15:51:24",90,"Collar_52_2026-06-07 15:51:24",0.0069269,NA
"81A-1678",29,101,6926.9,"01:30","00:25","12",2026-06-07 16:30:31,"2026-06-07 16:32:12",28.3364761904762,98.8722857142857,3.58088571428571,0.230780952380952,89.5241523809524,0.0277428571428571,"Salt",8,"Control",NA,"2026-06-07","16:30:31",90,"Collar_29_2026-06-07 16:30:31",0.0069269,NA
"81A-1678",30,101,6926.9,"01:30","00:25","13",2026-06-07 16:33:31,"2026-06-07 16:35:13",28.9460377358491,98.8293396226415,4.85377358490566,-0.0574528301886792,59.2205377358491,0.0276698113207547,"Salt",8,"Disturbance",NA,"2026-06-07","16:33:31",90,"Collar_30_2026-06-07 16:33:31",0.0069269,NA
"81A-1678",31,101,6926.9,"01:30","00:25","12",2026-06-07 16:36:30,"2026-06-07 16:38:11",28.7573333333333,98.8121904761905,4.74282857142857,-0.512542857142857,124.830752380952,3.54299047619048,"Salt",8,"1 µm",NA,"2026-06-07","16:36:30",90,"Collar_31_2026-06-07 16:36:30",0.0069269,NA
"81A-1678",32,101,6926.9,"01:30","00:25","13",2026-06-07 16:39:28,"2026-06-07 16:41:10",-52.1356603773585,98.8351886792453,4.75471698113208,-0.528650943396226,22.8594056603774,0.0433962264150943,"Salt",8,"45 µm",NA,"2026-06-07","16:39:28",90,"Collar_32_2026-06-07 16:39:28",0.0069269,NA
"81A-1678",50,101,6926.9,"01:30","00:25","12",2026-06-07 16:42:27,"2026-06-07 16:44:08",28.8595238095238,98.8212380952381,4.75428571428571,0.300323809523809,19.5118095238095,0.0315809523809524,"Salt",NA,"Control",NA,"2026-06-07","16:42:27",90,"Collar_50_2026-06-07 16:42:27",0.0069269,NA
"81A-1678",51,101,6926.9,"01:30","00:25","13",2026-06-07 16:45:25,"2026-06-07 16:47:07",28.7667924528302,98.825,4.75471698113208,-0.0935849056603774,75.2805,0.0274245283018868,"Salt",NA,"Control",NA,"2026-06-07","16:45:25",90,"Collar_51_2026-06-07 16:45:25",0.0069269,NA
"81A-1678",52,101,6926.9,"01:30","00:25","12",2026-06-07 16:48:26,"2026-06-07 16:50:07",28.7417142857143,98.8238095238095,4.75333333333333,0.2802,65.2296666666667,0.0273714285714286,"Salt",NA,"Control",NA,"2026-06-07","16:48:26",90,"Collar_52_2026-06-07 16:48:26",0.0069269,NA
"81A-1678",29,101,6926.9,"01:30","00:25","12",2026-06-07 17:30:31,"2026-06-07 17:32:12",28.3546666666667,98.8858095238095,3.5808380952381,0.228904761904762,89.5638285714286,0.0275809523809524,"Salt",8,"Control",NA,"2026-06-07","17:30:31",90,"Collar_29_2026-06-07 17:30:31",0.0069269,NA
"81A-1678",30,101,6926.9,"01:30","00:25","13",2026-06-07 17:33:31,"2026-06-07 17:35:13",28.8629245283019,98.8449056603774,4.85377358490566,-0.0574528301886792,58.9123773584906,0.0276698113207547,"Salt",8,"Disturbance",NA,"2026-06-07","17:33:31",90,"Collar_30_2026-06-07 17:33:31",0.0069269,NA
"81A-1678",31,101,6926.9,"01:30","00:25","12",2026-06-07 17:36:30,"2026-06-07 17:38:11",28.4219047619048,98.8351428571429,4.74440952380952,-0.511380952380952,124.839561904762,3.52734285714286,"Salt",8,"1 µm",NA,"2026-06-07","17:36:30",90,"Collar_31_2026-06-07 17:36:30",0.0069269,NA
"81A-1678",32,101,6926.9,"01:30","00:25","13",2026-06-07 17:39:28,"2026-06-07 17:41:10",-52.0491509433962,98.86,4.75471698113208,-0.529320754716981,22.8882735849057,0.0431792452830189,"Salt",8,"45 µm",NA,"2026-06-07","17:39:28",90,"Collar_32_2026-06-07 17:39:28",0.0069269,NA
"81A-1678",50,101,6926.9,"01:30","00:25","12",2026-06-07 17:42:27,"2026-06-07 17:44:08",28.7386666666667,98.8537142857143,4.75428571428571,0.299333333333333,19.5569428571429,0.0307333333333333,"Salt",NA,"Control",NA,"2026-06-07","17:42:27",90,"Collar_50_2026-06-07 17:42:27",0.0069269,NA
"81A-1678",51,101,6926.9,"01:30","00:25","13",2026-06-07 17:45:28,"2026-06-07 17:47:10",28.3938679245283,98.8592452830189,4.75471698113208,-0.0931132075471698,74.7753962264151,0.0274339622641509,"Salt",NA,"Control",NA,"2026-06-07","17:45:28",90,"Collar_51_2026-06-07 17:45:28",0.0069269,NA
"81A-1678",52,101,6926.9,"01:30","00:25","13",2026-06-07 17:48:29,"2026-06-07 17:50:11",28.6127358490566,98.866320754717,4.75471698113208,0.279339622641509,64.1478301886793,0.0275,"Salt",NA,"Control",NA,"2026-06-07","17:48:29",90,"Collar_52_2026-06-07 17:48:29",0.0069269,NA
"81A-1678",29,101,6926.9,"01:30","00:25","12",2026-06-07 18:30:31,"2026-06-07 18:32:12",27.9467619047619,98.9372380952381,3.60515238095238,0.228609523809524,89.5146761904762,0.0276,"Salt",8,"Control",NA,"2026-06-07","18:30:31",90,"Collar_29_2026-06-07 18:30:31",0.0069269,NA
"81A-1678",30,101,6926.9,"01:30","00:25","13",2026-06-07 18:33:31,"2026-06-07 18:35:13",28.3115094339623,98.8974528301887,4.85377358490566,-0.0574528301886792,56.6028490566038,0.027688679245283,"Salt",8,"Disturbance",NA,"2026-06-07","18:33:31",90,"Collar_30_2026-06-07 18:33:31",0.0069269,NA
"81A-1678",31,101,6926.9,"01:30","00:25","12",2026-06-07 18:36:32,"2026-06-07 18:38:13",27.6761904761905,98.8929523809524,4.74857142857143,-0.511761904761905,124.852866666667,3.53232380952381,"Salt",8,"1 µm",NA,"2026-06-07","18:36:32",90,"Collar_31_2026-06-07 18:36:32",0.0069269,NA
"81A-1678",32,101,6926.9,"01:30","00:25","13",2026-06-07 18:39:30,"2026-06-07 18:41:12",-52.2099056603774,98.9141509433962,4.75471698113208,-0.530528301886792,22.9041226415094,0.0419811320754717,"Salt",8,"45 µm",NA,"2026-06-07","18:39:30",90,"Collar_32_2026-06-07 18:39:30",0.0069269,NA
"81A-1678",50,101,6926.9,"01:30","00:25","12",2026-06-07 18:42:29,"2026-06-07 18:44:10",27.8088571428571,98.9085714285714,4.75428571428571,0.29912380952381,19.5424571428571,0.0296761904761905,"Salt",NA,"Control",NA,"2026-06-07","18:42:29",90,"Collar_50_2026-06-07 18:42:29",0.0069269,NA
"81A-1678",51,101,6926.9,"01:30","00:25","13",2026-06-07 18:45:27,"2026-06-07 18:47:09",27.462358490566,98.9251886792453,4.75471698113208,-0.0931132075471698,74.6239245283019,0.0275094339622642,"Salt",NA,"Control",NA,"2026-06-07","18:45:27",90,"Collar_51_2026-06-07 18:45:27",0.0069269,NA
"81A-1678",52,101,6926.9,"01:30","00:25","12",2026-06-07 18:48:28,"2026-06-07 18:50:09",27.4777142857143,98.9192380952381,4.75428571428571,0.27832380952381,63.1291142857143,0.0275619047619048,"Salt",NA,"Control",NA,"2026-06-07","18:48:28",90,"Collar_52_2026-06-07 18:48:28",0.0069269,NA
"81A-1678",29,101,6926.9,"01:30","00:25","12",2026-06-07 19:30:31,"2026-06-07 19:32:12",26.4913333333333,99.0225714285714,3.61286666666667,0.22692380952381,89.8182285714286,0.0277333333333333,"Salt",8,"Control",NA,"2026-06-07","19:30:31",90,"Collar_29_2026-06-07 19:30:31",0.0069269,NA
"81A-1678",30,101,6926.9,"01:30","00:25","13",2026-06-07 19:33:31,"2026-06-07 19:35:13",26.9664150943396,98.9883018867925,4.85377358490566,-0.0576509433962264,59.0297075471698,0.0277452830188679,"Salt",8,"Disturbance",NA,"2026-06-07","19:33:31",90,"Collar_30_2026-06-07 19:33:31",0.0069269,NA
"81A-1678",31,101,6926.9,"01:30","00:25","12",2026-06-07 19:36:30,"2026-06-07 19:38:11",26.2512380952381,98.980380952381,4.6552380952381,-0.511971428571429,124.868819047619,3.54607619047619,"Salt",8,"1 µm",NA,"2026-06-07","19:36:30",90,"Collar_31_2026-06-07 19:36:30",0.0069269,NA
"81A-1678",32,101,6926.9,"01:30","00:25","13",2026-06-07 19:39:28,"2026-06-07 19:41:10",-52.5120754716981,99.0033962264151,4.75471698113208,-0.533707547169811,22.8725,0.0386509433962264,"Salt",8,"45 µm",NA,"2026-06-07","19:39:28",90,"Collar_32_2026-06-07 19:39:28",0.0069269,NA
"81A-1678",50,101,6926.9,"01:30","00:25","12",2026-06-07 19:42:27,"2026-06-07 19:44:08",26.0707619047619,98.9951428571429,4.81459047619048,0.298704761904762,19.4941714285714,0.0280666666666667,"Salt",NA,"Control",NA,"2026-06-07","19:42:27",90,"Collar_50_2026-06-07 19:42:27",0.0069269,NA
"81A-1678",51,101,6926.9,"01:30","00:25","13",2026-06-07 19:45:25,"2026-06-07 19:47:07",25.8271698113208,99.005,4.75471698113208,-0.0938867924528302,74.4789245283019,0.0276698113207547,"Salt",NA,"Control",NA,"2026-06-07","19:45:25",90,"Collar_51_2026-06-07 19:45:25",0.0069269,NA
"81A-1678",52,101,6926.9,"01:30","00:25","12",2026-06-07 19:48:26,"2026-06-07 19:50:07",25.8137142857143,98.9978095238095,4.75428571428571,0.276866666666667,64.0738761904762,0.0277047619047619,"Salt",NA,"Control",NA,"2026-06-07","19:48:26",90,"Collar_52_2026-06-07 19:48:26",0.0069269,NA
"81A-1678",29,101,6926.9,"01:30","00:25","12",2026-06-07 20:30:31,"2026-06-07 20:32:12",24.5179047619048,99.1038095238095,3.66095238095238,0.226819047619048,89.7761142857143,0.0277428571428571,"Salt",8,"Control",NA,"2026-06-07","20:30:31",90,"Collar_29_2026-06-07 20:30:31",0.0069269,NA
"81A-1678",30,101,6926.9,"01:30","00:25","13",2026-06-07 20:33:31,"2026-06-07 20:35:13",24.886320754717,99.0695283018868,4.85377358490566,-0.059122641509434,56.6959528301887,0.0277735849056604,"Salt",8,"Disturbance",NA,"2026-06-07","20:33:31",90,"Collar_30_2026-06-07 20:33:31",0.0069269,NA
"81A-1678",31,101,6926.9,"01:30","00:25","12",2026-06-07 20:36:32,"2026-06-07 20:38:13",24.3399047619048,99.0590476190476,4.75142857142857,-0.51207619047619,123.92280952381,3.53720952380952,"Salt",8,"1 µm",NA,"2026-06-07","20:36:32",90,"Collar_31_2026-06-07 20:36:32",0.0069269,NA
"81A-1678",32,101,6926.9,"01:30","00:25","13",2026-06-07 20:39:31,"2026-06-07 20:41:13",-52.5933018867925,99.0831132075472,4.78283018867925,-0.535792452830189,22.7567735849057,0.0343301886792453,"Salt",8,"45 µm",NA,"2026-06-07","20:39:31",90,"Collar_32_2026-06-07 20:39:31",0.0069269,NA
"81A-1678",50,101,6926.9,"01:30","00:25","12",2026-06-07 20:42:32,"2026-06-07 20:44:13",24.0915238095238,99.076380952381,4.85047619047619,0.297504761904762,19.3647904761905,0.027752380952381,"Salt",NA,"Control",NA,"2026-06-07","20:42:32",90,"Collar_50_2026-06-07 20:42:32",0.0069269,NA
"81A-1678",51,101,6926.9,"01:30","00:25","13",2026-06-07 20:45:30,"2026-06-07 20:47:12",23.9893396226415,99.0894339622642,4.75471698113208,-0.0941037735849057,73.0756981132076,0.0277830188679245,"Salt",NA,"Control",NA,"2026-06-07","20:45:30",90,"Collar_51_2026-06-07 20:45:30",0.0069269,NA
"81A-1678",52,101,6926.9,"01:30","00:25","12",2026-06-07 20:48:31,"2026-06-07 20:50:12",23.9821904761905,99.0842857142857,4.75428571428571,0.277228571428571,63.8000476190476,0.027752380952381,"Salt",NA,"Control",NA,"2026-06-07","20:48:31",90,"Collar_52_2026-06-07 20:48:31",0.0069269,NA
"81A-1678",29,101,6926.9,"01:30","00:25","12",2026-06-07 21:30:31,"2026-06-07 21:32:12",22.8793333333333,99.1967619047619,3.66380952380952,0.226819047619048,89.7240666666667,0.0285714285714286,"Salt",8,"Control",NA,"2026-06-07","21:30:31",90,"Collar_29_2026-06-07 21:30:31",0.0069269,NA
"81A-1678",30,101,6926.9,"01:30","00:25","13",2026-06-07 21:33:31,"2026-06-07 21:35:13",23.2266037735849,99.1793396226415,4.93766981132076,-0.0594339622641509,58.3296981132075,0.0287358490566038,"Salt",8,"Disturbance",NA,"2026-06-07","21:33:31",90,"Collar_30_2026-06-07 21:33:31",0.0069269,NA
"81A-1678",31,101,6926.9,"01:30","00:25","12",2026-06-07 21:36:30,"2026-06-07 21:38:11",22.7078095238095,99.1598095238095,4.75428571428571,-0.511971428571429,123.175695238095,3.50510476190476,"Salt",8,"1 µm",NA,"2026-06-07","21:36:30",90,"Collar_31_2026-06-07 21:36:30",0.0069269,NA
"81A-1678",32,101,6926.9,"01:30","00:25","13",2026-06-07 21:39:29,"2026-06-07 21:41:11",-52.9594339622641,99.1808490566038,4.84811320754717,-0.535471698113208,22.5387547169811,0.0309622641509434,"Salt",8,"45 µm",NA,"2026-06-07","21:39:29",90,"Collar_32_2026-06-07 21:39:29",0.0069269,NA
"81A-1678",50,101,6926.9,"01:30","00:25","12",2026-06-07 21:42:29,"2026-06-07 21:44:10",22.514380952381,99.1778095238095,4.85333333333333,0.297504761904762,19.1886380952381,0.0286952380952381,"Salt",NA,"Control",NA,"2026-06-07","21:42:29",90,"Collar_50_2026-06-07 21:42:29",0.0069269,NA
"81A-1678",51,101,6926.9,"01:30","00:25","13",2026-06-07 21:45:27,"2026-06-07 21:47:09",22.4295283018868,99.1932075471698,4.84339622641509,-0.0941037735849057,71.8324056603774,0.0286792452830189,"Salt",NA,"Control",NA,"2026-06-07","21:45:27",90,"Collar_51_2026-06-07 21:45:27",0.0069269,NA
"81A-1678",52,101,6926.9,"01:30","00:25","13",2026-06-07 21:48:28,"2026-06-07 21:50:10",22.4730188679245,99.2028301886792,4.75471698113208,0.277254716981132,65.9364433962264,0.0286603773584906,"Salt",NA,"Control",NA,"2026-06-07","21:48:28",90,"Collar_52_2026-06-07 21:48:28",0.0069269,NA
"81A-1678",29,101,6926.9,"01:30","00:25","12",2026-06-07 22:30:31,"2026-06-07 22:32:12",21.9486666666667,99.2984761904762,3.6647619047619,0.225828571428571,89.7060857142857,0.0296380952380952,"Salt",8,"Control",NA,"2026-06-07","22:30:31",90,"Collar_29_2026-06-07 22:30:31",0.0069269,NA
"81A-1678",30,101,6926.9,"01:30","00:25","13",2026-06-07 22:33:31,"2026-06-07 22:35:13",22.2633962264151,99.2767924528302,4.95094339622641,-0.0607735849056604,58.2922264150943,0.029688679245283,"Salt",8,"Disturbance",NA,"2026-06-07","22:33:31",90,"Collar_30_2026-06-07 22:33:31",0.0069269,NA
"81A-1678",31,101,6926.9,"01:30","00:25","12",2026-06-07 22:36:32,"2026-06-07 22:38:13",21.7120952380952,99.2570476190476,4.75428571428571,-0.51207619047619,123.875019047619,3.49731428571429,"Salt",8,"1 µm",NA,"2026-06-07","22:36:32",90,"Collar_31_2026-06-07 22:36:32",0.0069269,NA
"81A-1678",32,101,6926.9,"01:30","00:25","13",2026-06-07 22:39:31,"2026-06-07 22:41:13",-52.9042452830189,99.2782075471698,4.85377358490566,-0.534801886792453,22.3158490566038,0.0290283018867925,"Salt",8,"45 µm",NA,"2026-06-07","22:39:31",90,"Collar_32_2026-06-07 22:39:31",0.0069269,NA
"81A-1678",50,101,6926.9,"01:30","00:25","12",2026-06-07 22:42:30,"2026-06-07 22:44:11",21.6590476190476,99.274,4.85333333333333,0.298028571428571,19.0095714285714,0.0295904761904762,"Salt",NA,"Control",NA,"2026-06-07","22:42:30",90,"Collar_50_2026-06-07 22:42:30",0.0069269,NA
"81A-1678",51,101,6926.9,"01:30","00:25","13",2026-06-07 22:45:28,"2026-06-07 22:47:10",21.5982075471698,99.2901886792453,4.85283018867925,-0.094877358490566,70.3968490566038,0.0295943396226415,"Salt",NA,"Control",NA,"2026-06-07","22:45:28",90,"Collar_51_2026-06-07 22:45:28",0.0069269,NA
"81A-1678",52,101,6926.9,"01:30","00:25","13",2026-06-07 22:48:29,"2026-06-07 22:50:11",21.6040566037736,99.2942452830189,4.85,0.277150943396226,59.1012358490566,0.029688679245283,"Salt",NA,"Control",NA,"2026-06-07","22:48:29",90,"Collar_52_2026-06-07 22:48:29",0.0069269,NA
"81A-1678",29,101,6926.9,"01:30","00:25","12",2026-06-07 23:30:31,"2026-06-07 23:32:12",20.8411428571429,99.4167619047619,3.6647619047619,0.225828571428571,89.609019047619,0.0298095238095238,"Salt",8,"Control",NA,"2026-06-07","23:30:31",90,"Collar_29_2026-06-07 23:30:31",0.0069269,NA
"81A-1678",30,101,6926.9,"01:30","00:25","13",2026-06-07 23:33:31,"2026-06-07 23:35:13",21.2016037735849,99.34,4.95283018867925,-0.0596320754716981,59.7621981132075,0.0298207547169811,"Salt",8,"Disturbance",NA,"2026-06-07","23:33:31",90,"Collar_30_2026-06-07 23:33:31",0.0069269,NA
"81A-1678",31,101,6926.9,"01:30","00:25","12",2026-06-07 23:36:30,"2026-06-07 23:38:11",20.6150476190476,99.3329523809524,4.75428571428571,-0.51207619047619,119.602333333333,3.49395238095238,"Salt",8,"1 µm",NA,"2026-06-07","23:36:30",90,"Collar_31_2026-06-07 23:36:30",0.0069269,NA
"81A-1678",32,101,6926.9,"01:30","00:25","13",2026-06-07 23:39:30,"2026-06-07 23:41:12",-53.0197169811321,99.382641509434,4.85377358490566,-0.533915094339623,22.1669905660377,0.0285566037735849,"Salt",8,"45 µm",NA,"2026-06-07","23:39:30",90,"Collar_32_2026-06-07 23:39:30",0.0069269,NA
"81A-1678",50,101,6926.9,"01:30","00:25","12",2026-06-07 23:42:29,"2026-06-07 23:44:10",20.6064761904762,99.3462857142857,4.85333333333333,0.298028571428571,18.8211523809524,0.0298,"Salt",NA,"Control",NA,"2026-06-07","23:42:29",90,"Collar_50_2026-06-07 23:42:29",0.0069269,NA
"81A-1678",51,101,6926.9,"01:30","00:25","13",2026-06-07 23:45:27,"2026-06-07 23:47:09",20.626320754717,99.3558490566038,4.85377358490566,-0.0950943396226415,65.5489905660377,0.0297641509433962,"Salt",NA,"Control",NA,"2026-06-07","23:45:27",90,"Collar_51_2026-06-07 23:45:27",0.0069269,NA
"81A-1678",52,101,6926.9,"01:30","00:25","13",2026-06-07 23:48:28,"2026-06-07 23:50:10",20.6533962264151,99.3616037735849,4.85283018867925,0.277056603773585,65.7981981132075,0.0297830188679245,"Salt",NA,"Control",NA,"2026-06-07","23:48:28",90,"Collar_52_2026-06-07 23:48:28",0.0069269,NA
"81A-1652",13,101,6926.9,"01:30","00:25","12",2026-06-07 00:25:31,"2026-06-07 00:27:12",-69.2868571428571,98.1597142857143,5.24952380952381,0.88232380952381,84.4682952380952,0.0328857142857143,"Control",4,"Control",NA,"2026-06-07","00:25:31",90,"Collar_13_2026-06-07 00:25:31",0.0069269,NA
"81A-1652",14,101,6926.9,"01:30","00:25","12",2026-06-07 00:28:29,"2026-06-07 00:30:10",-70.5048571428571,98.1965714285714,5.34476190476191,0.816361904761905,88.8123714285714,0.0456190476190476,"Control",4,"Disturbance",NA,"2026-06-07","00:28:14",45,"Collar_14_2026-06-07 00:28:29",0.0069269,"Flux unusable; need to check chamber in field"
"81A-1652",15,101,6926.9,"01:30","00:25","12",2026-06-07 00:31:29,"2026-06-07 00:33:10",19.4585714285714,98.1813333333333,5.2582380952381,0.822095238095238,145.982666666667,0.0396952380952381,"Control",4,"1 µm",NA,"2026-06-07","00:31:19",60,"Collar_15_2026-06-07 00:31:29",0.0069269,"Time changed"
"81A-1652",16,101,6926.9,"01:30","00:25","12",2026-06-07 00:34:29,"2026-06-07 00:36:10",19.4357142857143,98.3970476190476,5.05142857142857,0.816466666666667,31.9590285714286,0.0348476190476191,"Control",4,"45 µm",NA,"2026-06-07","00:34:19",60,"Collar_16_2026-06-07 00:34:29",0.0069269,"Time changed"
"81A-1652",13,101,6926.9,"01:30","00:25","13",2026-06-07 01:25:31,"2026-06-07 01:27:13",-69.6300943396226,98.1512264150943,5.25,0.881707547169811,85.0420283018868,0.0330471698113208,"Control",4,"Control",NA,"2026-06-07","01:25:31",90,"Collar_13_2026-06-07 01:25:31",0.0069269,NA
"81A-1652",14,101,6926.9,"01:30","00:25","12",2026-06-07 01:28:30,"2026-06-07 01:30:11",-71.0504761904762,98.1744761904762,5.34857142857143,0.816361904761905,88.8165047619048,0.0450571428571429,"Control",4,"Disturbance",NA,"2026-06-07","01:28:15",45,"Collar_14_2026-06-07 01:28:30",0.0069269,"Flux unusable; need to check chamber in field"
"81A-1652",15,101,6926.9,"01:30","00:25","12",2026-06-07 01:31:28,"2026-06-07 01:33:09",19.1552380952381,98.1545714285714,5.32171428571429,0.821419047619048,145.591019047619,0.0396761904761905,"Control",4,"1 µm",NA,"2026-06-07","01:31:18",60,"Collar_15_2026-06-07 01:31:28",0.0069269,"Time changed"
"81A-1652",16,101,6926.9,"01:30","00:25","12",2026-06-07 01:34:28,"2026-06-07 01:36:09",19.065619047619,98.3774285714286,5.05142857142857,0.816952380952381,32.0452380952381,0.0348666666666667,"Control",4,"45 µm",NA,"2026-06-07","01:34:18",60,"Collar_16_2026-06-07 01:34:28",0.0069269,"Time changed"
"81A-1652",49,101,6926.9,"01:30","00:25","12",2026-06-07 01:37:27,"2026-06-07 01:39:08",19.1660952380952,98.1651428571429,5.34190476190476,0.243657142857143,88.0971904761905,0.0391904761904762,"Control",NA,"Control",NA,"2026-06-07","01:37:17",60,"Collar_49_2026-06-07 01:37:27",0.0069269,"Time changed"
"81A-1652",13,101,6926.9,"01:30","00:25","13",2026-06-07 02:25:31,"2026-06-07 02:27:13",-68.9760377358491,98.1282075471698,5.25,0.881811320754717,84.777,0.0330943396226415,"Control",4,"Control",NA,"2026-06-07","02:25:31",90,"Collar_13_2026-06-07 02:25:31",0.0069269,NA
"81A-1652",14,101,6926.9,"01:30","00:25","12",2026-06-07 02:28:30,"2026-06-07 02:30:11",-70.0851428571429,98.1547619047619,5.34761904761905,0.816257142857143,88.8282761904762,0.0454,"Control",4,"Disturbance",NA,"2026-06-07","02:28:15",45,"Collar_14_2026-06-07 02:28:30",0.0069269,"Flux unusable; need to check chamber in field"
"81A-1652",15,101,6926.9,"01:30","00:25","12",2026-06-07 02:31:30,"2026-06-07 02:33:11",18.8524761904762,98.1257142857143,5.33870476190476,0.822095238095238,145.480428571429,0.0395523809523809,"Control",4,"1 µm",NA,"2026-06-07","02:31:20",60,"Collar_15_2026-06-07 02:31:30",0.0069269,"Time changed"
"81A-1652",16,101,6926.9,"01:30","00:25","12",2026-06-07 02:34:30,"2026-06-07 02:36:11",18.8304761904762,98.3424761904762,5.05142857142857,0.816952380952381,31.4301904761905,0.0350095238095238,"Control",4,"45 µm",NA,"2026-06-07","02:34:20",60,"Collar_16_2026-06-07 02:34:30",0.0069269,"Time changed"
"81A-1652",49,101,6926.9,"01:30","00:25","12",2026-06-07 02:37:29,"2026-06-07 02:39:10",18.996380952381,98.1321904761905,5.34666666666667,0.243657142857143,88.0853142857143,0.0389904761904762,"Control",NA,"Control",NA,"2026-06-07","02:37:19",60,"Collar_49_2026-06-07 02:37:29",0.0069269,"Time changed"
"81A-1652",13,101,6926.9,"01:30","00:25","13",2026-06-07 03:25:31,"2026-06-07 03:27:13",-69.628679245283,98.111320754717,5.25,0.8825,84.8441226415094,0.0330566037735849,"Control",4,"Control",NA,"2026-06-07","03:25:31",90,"Collar_13_2026-06-07 03:25:31",0.0069269,NA
"81A-1652",14,101,6926.9,"01:30","00:25","12",2026-06-07 03:28:30,"2026-06-07 03:30:11",-71.0045714285714,98.1670476190476,5.34857142857143,0.816257142857143,88.7967047619048,0.0443047619047619,"Control",4,"Disturbance",NA,"2026-06-07","03:28:15",45,"Collar_14_2026-06-07 03:28:30",0.0069269,"Flux unusable; need to check chamber in field"
"81A-1652",15,101,6926.9,"01:30","00:25","12",2026-06-07 03:31:30,"2026-06-07 03:33:11",18.9269523809524,98.1426666666667,5.34,0.821209523809524,145.234895238095,0.0393809523809524,"Control",4,"1 µm",NA,"2026-06-07","03:31:20",60,"Collar_15_2026-06-07 03:31:30",0.0069269,"Time changed"
"81A-1652",16,101,6926.9,"01:30","00:25","12",2026-06-07 03:34:28,"2026-06-07 03:36:09",18.9166666666667,98.355619047619,5.05142857142857,0.816257142857143,31.4627333333333,0.0350857142857143,"Control",4,"45 µm",NA,"2026-06-07","03:34:18",60,"Collar_16_2026-06-07 03:34:28",0.0069269,"Time changed"
"81A-1652",49,101,6926.9,"01:30","00:25","12",2026-06-07 03:37:28,"2026-06-07 03:39:09",19.0929523809524,98.1501904761905,5.34571428571429,0.242304761904762,88.0829238095238,0.038952380952381,"Control",NA,"Control",NA,"2026-06-07","03:37:18",60,"Collar_49_2026-06-07 03:37:28",0.0069269,"Time changed"
"81A-1652",13,101,6926.9,"01:30","00:25","13",2026-06-07 04:25:31,"2026-06-07 04:27:13",-69.8533962264151,98.1089622641509,5.25,0.881141509433962,84.8511037735849,0.033188679245283,"Control",4,"Control",NA,"2026-06-07","04:25:31",90,"Collar_13_2026-06-07 04:25:31",0.0069269,NA
"81A-1652",14,101,6926.9,"01:30","00:25","12",2026-06-07 04:28:32,"2026-06-07 04:30:13",-71.0825714285714,98.1282857142857,5.34857142857143,0.816257142857143,88.8056476190476,0.0436952380952381,"Control",4,"Disturbance",NA,"2026-06-07","04:28:17",45,"Collar_14_2026-06-07 04:28:32",0.0069269,"Flux unusable; need to check chamber in field"
"81A-1652",15,101,6926.9,"01:30","00:25","12",2026-06-07 04:31:32,"2026-06-07 04:33:13",19.1389523809524,98.1178095238095,5.33870476190476,0.822095238095238,145.093638095238,0.0395142857142857,"Control",4,"1 µm",NA,"2026-06-07","04:31:22",60,"Collar_15_2026-06-07 04:31:32",0.0069269,"Time changed"
"81A-1652",16,101,6926.9,"01:30","00:25","12",2026-06-07 04:34:32,"2026-06-07 04:36:13",19.0985714285714,98.3330476190476,5.05806666666667,0.816952380952381,31.6481238095238,0.0352666666666667,"Control",4,"45 µm",NA,"2026-06-07","04:34:22",60,"Collar_16_2026-06-07 04:34:32",0.0069269,"Time changed"
"81A-1652",49,101,6926.9,"01:30","00:25","12",2026-06-07 04:37:32,"2026-06-07 04:39:13",19.2913333333333,98.1207619047619,5.34380952380952,0.242666666666667,88.1257809523809,0.0385714285714286,"Control",NA,"Control",NA,"2026-06-07","04:37:22",60,"Collar_49_2026-06-07 04:37:32",0.0069269,"Time changed"
"81A-1652",13,101,6926.9,"01:30","00:25","13",2026-06-07 05:25:31,"2026-06-07 05:27:13",-69.4749056603774,98.1182075471698,5.25,0.8825,84.8419622641509,0.0339528301886792,"Control",4,"Control",NA,"2026-06-07","05:25:31",90,"Collar_13_2026-06-07 05:25:31",0.0069269,NA
"81A-1652",14,101,6926.9,"01:30","00:25","12",2026-06-07 05:28:32,"2026-06-07 05:30:13",-70.706,98.1415238095238,5.34857142857143,0.816257142857143,88.7725142857143,0.0425714285714286,"Control",4,"Disturbance",NA,"2026-06-07","05:28:17",45,"Collar_14_2026-06-07 05:28:32",0.0069269,"Flux unusable; need to check chamber in field"
"81A-1652",15,101,6926.9,"01:30","00:25","12",2026-06-07 05:31:30,"2026-06-07 05:33:11",19.4527619047619,98.1251428571428,5.33904761904762,0.822095238095238,145.204761904762,0.0390571428571429,"Control",4,"1 µm",NA,"2026-06-07","05:31:20",60,"Collar_15_2026-06-07 05:31:30",0.0069269,"Time changed"
"81A-1652",16,101,6926.9,"01:30","00:25","12",2026-06-07 05:34:30,"2026-06-07 05:36:11",19.4075238095238,98.3470476190476,5.0594,0.816466666666667,31.7813904761905,0.0353714285714286,"Control",4,"45 µm",NA,"2026-06-07","05:34:20",60,"Collar_16_2026-06-07 05:34:30",0.0069269,"Time changed"
"81A-1652",49,101,6926.9,"01:30","00:25","12",2026-06-07 05:37:30,"2026-06-07 05:39:11",19.5631428571429,98.1384761904762,5.34666666666667,0.243657142857143,88.0616,0.0388761904761905,"Control",NA,"Control",NA,"2026-06-07","05:37:20",60,"Collar_49_2026-06-07 05:37:30",0.0069269,"Time changed"
"81A-1652",13,101,6926.9,"01:30","00:25","13",2026-06-07 06:25:31,"2026-06-07 06:27:13",-69.6361320754717,98.1660377358491,5.25,0.881811320754717,84.8747641509434,0.0339150943396226,"Control",4,"Control",NA,"2026-06-07","06:25:31",90,"Collar_13_2026-06-07 06:25:31",0.0069269,NA
"81A-1652",14,101,6926.9,"01:30","00:25","12",2026-06-07 06:28:30,"2026-06-07 06:30:11",-71.0245714285714,98.198,5.34857142857143,0.816571428571429,88.792,0.042752380952381,"Control",4,"Disturbance",NA,"2026-06-07","06:28:15",45,"Collar_14_2026-06-07 06:28:30",0.0069269,"Flux unusable; need to check chamber in field"
"81A-1652",15,101,6926.9,"01:30","00:25","12",2026-06-07 06:31:28,"2026-06-07 06:33:09",19.5681904761905,98.1872380952381,5.34,0.822095238095238,145.078523809524,0.0392571428571429,"Control",4,"1 µm",NA,"2026-06-07","06:31:18",60,"Collar_15_2026-06-07 06:31:28",0.0069269,"Time changed"
"81A-1652",16,101,6926.9,"01:30","00:25","12",2026-06-07 06:34:28,"2026-06-07 06:36:09",19.5757142857143,98.4060952380952,5.05835238095238,0.816361904761905,31.7084,0.0352190476190476,"Control",4,"45 µm",NA,"2026-06-07","06:34:18",60,"Collar_16_2026-06-07 06:34:28",0.0069269,"Time changed"
"81A-1652",49,101,6926.9,"01:30","00:25","12",2026-06-07 06:37:27,"2026-06-07 06:39:08",19.8365714285714,98.1931428571429,5.34476190476191,0.242771428571429,88.0727142857143,0.0387428571428571,"Control",NA,"Control",NA,"2026-06-07","06:37:17",60,"Collar_49_2026-06-07 06:37:27",0.0069269,"Time changed"
"81A-1652",13,101,6926.9,"01:30","00:25","13",2026-06-07 07:25:31,"2026-06-07 07:27:13",-68.8433962264151,98.2022641509434,5.25,0.8825,84.8998679245283,0.0347264150943396,"Control",4,"Control",NA,"2026-06-07","07:25:31",90,"Collar_13_2026-06-07 07:25:31",0.0069269,NA
"81A-1652",14,101,6926.9,"01:30","00:25","12",2026-06-07 07:28:30,"2026-06-07 07:30:11",-70.2379047619048,98.2368571428571,5.34857142857143,0.816257142857143,88.8003904761905,0.0409809523809524,"Control",4,"Disturbance",NA,"2026-06-07","07:28:15",45,"Collar_14_2026-06-07 07:28:30",0.0069269,"Flux unusable; need to check chamber in field"
"81A-1652",15,101,6926.9,"01:30","00:25","12",2026-06-07 07:31:30,"2026-06-07 07:33:11",20.4811428571429,98.2271428571429,5.33870476190476,0.822095238095238,145.369647619048,0.0384666666666667,"Control",4,"1 µm",NA,"2026-06-07","07:31:20",60,"Collar_15_2026-06-07 07:31:30",0.0069269,"Time changed"
"81A-1652",16,101,6926.9,"01:30","00:25","12",2026-06-07 07:34:28,"2026-06-07 07:36:09",20.594380952381,98.4399047619048,5.06032380952381,0.816466666666667,31.8230857142857,0.035152380952381,"Control",4,"45 µm",NA,"2026-06-07","07:34:18",60,"Collar_16_2026-06-07 07:34:28",0.0069269,"Time changed"
"81A-1652",49,101,6926.9,"01:30","00:25","12",2026-06-07 07:37:28,"2026-06-07 07:39:09",21.0060952380952,98.2305714285714,5.34476190476191,0.243552380952381,88.1145238095238,0.0378285714285714,"Control",NA,"Control",NA,"2026-06-07","07:37:18",60,"Collar_49_2026-06-07 07:37:28",0.0069269,"Time changed"
"81A-1652",13,101,6926.9,"01:30","00:25","13",2026-06-07 08:25:31,"2026-06-07 08:27:13",-69.3174528301887,98.2216037735849,5.25,0.882698113207547,85.0724622641509,0.0388018867924528,"Control",4,"Control",NA,"2026-06-07","08:25:31",90,"Collar_13_2026-06-07 08:25:31",0.0069269,NA
"81A-1652",14,101,6926.9,"01:30","00:25","12",2026-06-07 08:28:30,"2026-06-07 08:30:11",-70.8066666666667,98.2520952380952,5.34571428571429,0.817247619047619,88.7962952380952,0.0380571428571429,"Control",4,"Disturbance",NA,"2026-06-07","08:28:15",45,"Collar_14_2026-06-07 08:28:30",0.0069269,"Flux unusable; need to check chamber in field"
"81A-1652",15,101,6926.9,"01:30","00:25","12",2026-06-07 08:31:28,"2026-06-07 08:33:09",22.848380952381,98.2438095238095,5.24952380952381,0.822095238095238,145.830161904762,0.037847619047619,"Control",4,"1 µm",NA,"2026-06-07","08:31:18",60,"Collar_15_2026-06-07 08:31:28",0.0069269,"Time changed"
"81A-1652",16,101,6926.9,"01:30","00:25","12",2026-06-07 08:34:28,"2026-06-07 08:36:09",23.294,98.4542857142857,5.05142857142857,0.816466666666667,29.6970476190476,0.0382761904761905,"Control",4,"45 µm",NA,"2026-06-07","08:34:18",60,"Collar_16_2026-06-07 08:34:28",0.0069269,"Time changed"
"81A-1652",49,101,6926.9,"01:30","00:25","12",2026-06-07 08:37:28,"2026-06-07 08:39:09",23.5897142857143,98.2545714285714,5.33809523809524,0.242980952380952,88.0826571428571,0.0373619047619048,"Control",NA,"Control",NA,"2026-06-07","08:37:18",60,"Collar_49_2026-06-07 08:37:28",0.0069269,"Time changed"
"81A-1652",13,101,6926.9,"01:30","00:25","13",2026-06-07 09:25:31,"2026-06-07 09:27:13",-68.9961320754717,98.2361320754717,5.24905660377358,0.881141509433962,85.0594905660377,0.041,"Control",4,"Control",NA,"2026-06-07","09:25:31",90,"Collar_13_2026-06-07 09:25:31",0.0069269,NA
"81A-1652",14,101,6926.9,"01:30","00:25","12",2026-06-07 09:28:32,"2026-06-07 09:30:13",-70.7030476190476,98.2685714285714,5.29667619047619,0.817247619047619,88.8337047619048,0.037552380952381,"Control",4,"Disturbance",NA,"2026-06-07","09:28:17",45,"Collar_14_2026-06-07 09:28:32",0.0069269,"Flux unusable; need to check chamber in field"
"81A-1652",15,101,6926.9,"01:30","00:25","12",2026-06-07 09:31:32,"2026-06-07 09:33:13",24.5374285714286,98.2551428571429,5.24952380952381,0.822095238095238,147.030019047619,0.0381714285714286,"Control",4,"1 µm",NA,"2026-06-07","09:31:22",60,"Collar_15_2026-06-07 09:31:32",0.0069269,"Time changed"
"81A-1652",16,101,6926.9,"01:30","00:25","12",2026-06-07 09:34:30,"2026-06-07 09:36:11",24.9442857142857,98.4670476190476,5.05142857142857,0.817142857142857,30.9426952380952,0.0400857142857143,"Control",4,"45 µm",NA,"2026-06-07","09:34:20",60,"Collar_16_2026-06-07 09:34:30",0.0069269,"Time changed"
"81A-1652",49,101,6926.9,"01:30","00:25","12",2026-06-07 09:37:28,"2026-06-07 09:39:09",25.3169523809524,98.2674285714286,5.25933333333333,0.242666666666667,88.1330952380952,0.036952380952381,"Control",NA,"Control",NA,"2026-06-07","09:37:18",60,"Collar_49_2026-06-07 09:37:28",0.0069269,"Time changed"
"81A-1652",13,101,6926.9,"01:30","00:25","12",2026-06-07 10:25:31,"2026-06-07 10:27:12",-68.1593333333333,98.2235238095238,5.20883809523809,0.882619047619048,85.0135333333333,0.0458095238095238,"Control",4,"Control",NA,"2026-06-07","10:25:31",90,"Collar_13_2026-06-07 10:25:31",0.0069269,NA
"81A-1652",14,101,6926.9,"01:30","00:25","12",2026-06-07 10:28:31,"2026-06-07 10:30:12",-70.1420952380952,98.2648571428571,5.25047619047619,0.817247619047619,88.7916190476191,0.038,"Control",4,"Disturbance",NA,"2026-06-07","10:28:16",45,"Collar_14_2026-06-07 10:28:31",0.0069269,"Flux unusable; need to check chamber in field"
"81A-1652",15,101,6926.9,"01:30","00:25","12",2026-06-07 10:31:31,"2026-06-07 10:33:12",25.601619047619,98.2457142857143,5.24952380952381,0.822790476190476,148.796780952381,0.0382952380952381,"Control",4,"1 µm",NA,"2026-06-07","10:31:21",60,"Collar_15_2026-06-07 10:31:31",0.0069269,"Time changed"
"81A-1652",16,101,6926.9,"01:30","00:25","12",2026-06-07 10:34:31,"2026-06-07 10:36:12",26.4458095238095,98.4559047619048,5.05142857142857,0.817142857142857,26.020619047619,0.0418666666666667,"Control",4,"45 µm",NA,"2026-06-07","10:34:21",60,"Collar_16_2026-06-07 10:34:31",0.0069269,"Time changed"
"81A-1652",13,101,6926.9,"01:30","00:25","13",2026-06-07 10:58:04,"2026-06-07 10:59:46",-67.6225471698113,98.2229245283019,5.15094339622642,0.882698113207547,85.0184622641509,0.0462641509433962,"Control",4,"Control",NA,"2026-06-07","10:58:04",90,"Collar_13_2026-06-07 10:58:04",0.0069269,NA
"81A-1652",14,101,6926.9,"01:30","00:25","12",2026-06-07 11:01:03,"2026-06-07 11:02:44",-69.6890476190476,98.2628571428571,5.24952380952381,0.817247619047619,88.810980952381,0.0380761904761905,"Control",4,"Disturbance",NA,"2026-06-07","11:00:48",45,"Collar_14_2026-06-07 11:01:03",0.0069269,"Flux unusable; need to check chamber in field"
"81A-1652",15,101,6926.9,"01:30","00:25","12",2026-06-07 11:04:02,"2026-06-07 11:05:43",26.9979047619048,98.250380952381,5.24952380952381,0.822790476190476,148.902085714286,0.039152380952381,"Control",4,"1 µm",NA,"2026-06-07","11:03:52",60,"Collar_15_2026-06-07 11:04:02",0.0069269,"Time changed"
"81A-1652",16,101,6926.9,"01:30","00:25","12",2026-06-07 11:07:00,"2026-06-07 11:08:41",27.0753333333333,98.4524761904762,5.05142857142857,0.816571428571429,25.7863714285714,0.042647619047619,"Control",4,"45 µm",NA,"2026-06-07","11:06:50",60,"Collar_16_2026-06-07 11:07:00",0.0069269,"Time changed"
"81A-1652",49,101,6926.9,"01:30","00:25","12",2026-06-07 11:10:00,"2026-06-07 11:11:41",27.6611428571429,98.266,5.24952380952381,0.239695238095238,88.1407333333333,0.0378666666666667,"Control",NA,"Control",NA,"2026-06-07","11:09:50",60,"Collar_49_2026-06-07 11:10:00",0.0069269,"Time changed"
"81A-1652",13,101,6926.9,"01:30","00:25","12",2026-06-07 11:57:31,"2026-06-07 11:59:12",-67.6269523809524,98.2225714285714,5.15047619047619,0.88272380952381,85.0175714285714,0.0523619047619048,"Control",4,"Control",NA,"2026-06-07","11:57:31",90,"Collar_13_2026-06-07 11:57:31",0.0069269,NA
"81A-1652",14,101,6926.9,"01:30","00:25","12",2026-06-07 12:00:29,"2026-06-07 12:02:10",-69.7987619047619,98.2647619047619,5.24952380952381,0.817352380952381,88.8340857142857,0.0382952380952381,"Control",4,"Disturbance",NA,"2026-06-07","12:00:14",45,"Collar_14_2026-06-07 12:00:29",0.0069269,"Flux unusable; need to check chamber in field"
"81A-1652",15,101,6926.9,"01:30","00:25","12",2026-06-07 12:03:28,"2026-06-07 12:05:09",29.8860952380952,98.2454285714286,5.24571428571429,0.821733333333333,150.849038095238,0.0420857142857143,"Control",4,"1 µm",NA,"2026-06-07","12:03:18",60,"Collar_15_2026-06-07 12:03:28",0.0069269,"Time changed"
"81A-1652",16,101,6926.9,"01:30","00:25","12",2026-06-07 12:06:26,"2026-06-07 12:08:07",28.7519047619048,98.4466666666667,5.05142857142857,0.817142857142857,24.9359047619048,0.0452857142857143,"Control",4,"45 µm",NA,"2026-06-07","12:06:16",60,"Collar_16_2026-06-07 12:06:26",0.0069269,"Time changed"
"81A-1652",49,101,6926.9,"01:30","00:25","12",2026-06-07 12:09:24,"2026-06-07 12:11:05",29.2864761904762,98.2546666666667,5.24952380952381,0.238704761904762,88.1331619047619,0.0383904761904762,"Control",NA,"Control",NA,"2026-06-07","12:09:14",60,"Collar_49_2026-06-07 12:09:24",0.0069269,"Time changed"
"81A-1652",13,101,6926.9,"01:30","00:25","13",2026-06-07 12:57:31,"2026-06-07 12:59:13",-66.7002830188679,98.2112264150943,5.15094339622642,0.882698113207547,84.6239716981132,0.0598679245283019,"Control",4,"Control",NA,"2026-06-07","12:57:31",90,"Collar_13_2026-06-07 12:57:31",0.0069269,NA
"81A-1652",14,101,6926.9,"01:30","00:25","12",2026-06-07 13:00:30,"2026-06-07 13:02:11",-68.7535238095238,98.2339047619048,5.24952380952381,0.817247619047619,88.8020380952381,0.0397809523809524,"Control",4,"Disturbance",NA,"2026-06-07","13:00:15",45,"Collar_14_2026-06-07 13:00:30",0.0069269,"Flux unusable; need to check chamber in field"
"81A-1652",15,101,6926.9,"01:30","00:25","12",2026-06-07 13:03:28,"2026-06-07 13:05:09",30.1081904761905,98.2051428571429,5.20402857142857,0.822895238095238,152.229780952381,0.0500285714285714,"Control",4,"1 µm",NA,"2026-06-07","13:03:18",60,"Collar_15_2026-06-07 13:03:28",0.0069269,"Time changed"
"81A-1652",16,101,6926.9,"01:30","00:25","12",2026-06-07 13:06:26,"2026-06-07 13:08:07",29.544380952381,98.4010476190476,5.0415619047619,0.817942857142857,25.4670476190476,0.0468285714285714,"Control",4,"45 µm",NA,"2026-06-07","13:06:16",60,"Collar_16_2026-06-07 13:06:26",0.0069269,"Time changed"
"81A-1652",49,101,6926.9,"01:30","00:25","12",2026-06-07 13:09:26,"2026-06-07 13:11:07",29.8829523809524,98.21,5.24952380952381,0.239695238095238,88.1640285714286,0.038952380952381,"Control",NA,"Control",NA,"2026-06-07","13:09:16",60,"Collar_49_2026-06-07 13:09:26",0.0069269,"Time changed"
"81A-1652",13,101,6926.9,"01:30","00:25","13",2026-06-07 13:57:31,"2026-06-07 13:59:13",-66.3818867924528,98.1471698113208,5.15,0.882801886792453,84.2691603773585,0.0823679245283019,"Control",4,"Control",NA,"2026-06-07","13:57:31",90,"Collar_13_2026-06-07 13:57:31",0.0069269,NA
"81A-1652",14,101,6926.9,"01:30","00:25","12",2026-06-07 14:00:30,"2026-06-07 14:02:11",-69.1324761904762,98.1747619047619,5.24952380952381,0.817352380952381,88.8258380952381,0.0409142857142857,"Control",4,"Disturbance",NA,"2026-06-07","14:00:15",45,"Collar_14_2026-06-07 14:00:30",0.0069269,"Flux unusable; need to check chamber in field"
"81A-1652",15,101,6926.9,"01:30","00:25","12",2026-06-07 14:03:30,"2026-06-07 14:05:11",30.3309523809524,98.1574285714286,5.15047619047619,0.822095238095238,152.783771428571,0.0470190476190476,"Control",4,"1 µm",NA,"2026-06-07","14:03:20",60,"Collar_15_2026-06-07 14:03:30",0.0069269,"Time changed"
"81A-1652",16,101,6926.9,"01:30","00:25","12",2026-06-07 14:06:30,"2026-06-07 14:08:11",30.754380952381,98.3454285714286,4.95238095238095,0.818133333333333,25.7046857142857,0.0501619047619048,"Control",4,"45 µm",NA,"2026-06-07","14:06:20",60,"Collar_16_2026-06-07 14:06:30",0.0069269,"Time changed"
"81A-1652",49,101,6926.9,"01:30","00:25","12",2026-06-07 14:09:30,"2026-06-07 14:11:11",31.0917142857143,98.1625714285714,5.24571428571429,0.240009523809524,88.165380952381,0.0394285714285714,"Control",NA,"Control",NA,"2026-06-07","14:09:20",60,"Collar_49_2026-06-07 14:09:30",0.0069269,"Time changed"
"81A-1652",13,101,6926.9,"01:30","00:25","12",2026-06-07 14:57:31,"2026-06-07 14:59:12",-65.5224761904762,98.0906666666667,5.14952380952381,0.88272380952381,82.328380952381,0.103809523809524,"Control",4,"Control",NA,"2026-06-07","14:57:31",90,"Collar_13_2026-06-07 14:57:31",0.0069269,NA
"81A-1652",14,101,6926.9,"01:30","00:25","12",2026-06-07 15:00:29,"2026-06-07 15:02:10",-68.804,98.1289523809524,5.24857142857143,0.817561904761905,88.8078,0.0418285714285714,"Control",4,"Disturbance",NA,"2026-06-07","15:00:14",45,"Collar_14_2026-06-07 15:00:29",0.0069269,"Flux unusable; need to check chamber in field"
"81A-1652",15,101,6926.9,"01:30","00:25","12",2026-06-07 15:03:27,"2026-06-07 15:05:08",30.7429523809524,98.1126666666667,5.15047619047619,0.822895238095238,153.241828571429,0.0462,"Control",4,"1 µm",NA,"2026-06-07","15:03:17",60,"Collar_15_2026-06-07 15:03:27",0.0069269,"Time changed"
"81A-1652",16,101,6926.9,"01:30","00:25","12",2026-06-07 15:06:25,"2026-06-07 15:08:06",30.677619047619,98.3066666666667,4.95238095238095,0.817942857142857,26.4478380952381,0.0486857142857143,"Control",4,"45 µm",NA,"2026-06-07","15:06:15",60,"Collar_16_2026-06-07 15:06:25",0.0069269,"Time changed"
"81A-1652",49,101,6926.9,"01:30","00:25","12",2026-06-07 15:09:25,"2026-06-07 15:11:06",31.2018095238095,98.1271428571429,5.24,0.242666666666667,88.1660857142857,0.0401714285714286,"Control",NA,"Control",NA,"2026-06-07","15:09:15",60,"Collar_49_2026-06-07 15:09:25",0.0069269,"Time changed"
"81A-1652",13,101,6926.9,"01:30","00:25","12",2026-06-07 15:57:31,"2026-06-07 15:59:12",-66.0907619047619,98.075619047619,5.14857142857143,0.88272380952381,80.0860095238095,0.0857142857142857,"Control",4,"Control",NA,"2026-06-07","15:57:31",90,"Collar_13_2026-06-07 15:57:31",0.0069269,NA
"81A-1652",14,101,6926.9,"01:30","00:25","12",2026-06-07 16:00:29,"2026-06-07 16:02:10",-68.7098095238095,98.1150476190476,5.24761904761905,0.818238095238095,88.8121428571429,0.0435714285714286,"Control",4,"Disturbance",NA,"2026-06-07","16:00:14",45,"Collar_14_2026-06-07 16:00:29",0.0069269,"Flux unusable; need to check chamber in field"
"81A-1652",15,101,6926.9,"01:30","00:25","12",2026-06-07 16:03:29,"2026-06-07 16:05:10",29.9289523809524,98.09,5.15047619047619,0.821523809523809,153.453733333333,0.0460571428571429,"Control",4,"1 µm",NA,"2026-06-07","16:03:19",60,"Collar_15_2026-06-07 16:03:29",0.0069269,"Time changed"
"81A-1652",16,101,6926.9,"01:30","00:25","12",2026-06-07 16:06:27,"2026-06-07 16:08:08",30.0540952380952,98.2885714285714,4.95238095238095,0.816571428571429,26.9958,0.0467714285714286,"Control",4,"45 µm",NA,"2026-06-07","16:06:17",60,"Collar_16_2026-06-07 16:06:27",0.0069269,"Time changed"
"81A-1652",49,101,6926.9,"01:30","00:25","12",2026-06-07 16:09:26,"2026-06-07 16:11:07",30.4110476190476,98.1026666666667,5.23292380952381,0.242666666666667,88.1680952380952,0.0397809523809524,"Control",NA,"Control",NA,"2026-06-07","16:09:16",60,"Collar_49_2026-06-07 16:09:26",0.0069269,"Time changed"
"81A-1652",13,101,6926.9,"01:30","00:25","12",2026-06-07 16:57:31,"2026-06-07 16:59:12",-66.7091428571429,98.0615238095238,5.14761904761905,0.882047619047619,80.8130761904762,0.0728666666666667,"Control",4,"Control",NA,"2026-06-07","16:57:31",90,"Collar_13_2026-06-07 16:57:31",0.0069269,NA
"81A-1652",14,101,6926.9,"01:30","00:25","12",2026-06-07 17:00:29,"2026-06-07 17:02:10",-69.2184761904762,98.0966666666667,5.24666666666667,0.817561904761905,88.8064285714286,0.0428285714285714,"Control",4,"Disturbance",NA,"2026-06-07","17:00:14",45,"Collar_14_2026-06-07 17:00:29",0.0069269,"Flux unusable; need to check chamber in field"
"81A-1652",15,101,6926.9,"01:30","00:25","12",2026-06-07 17:03:29,"2026-06-07 17:05:10",30.6261904761905,98.0774285714286,5.15047619047619,0.8222,153.203828571429,0.0451428571428571,"Control",4,"1 µm",NA,"2026-06-07","17:03:19",60,"Collar_15_2026-06-07 17:03:29",0.0069269,"Time changed"
"81A-1652",16,101,6926.9,"01:30","00:25","12",2026-06-07 17:06:28,"2026-06-07 17:08:09",30.1040952380952,98.2770476190476,4.95238095238095,0.817247619047619,27.4033238095238,0.046552380952381,"Control",4,"45 µm",NA,"2026-06-07","17:06:18",60,"Collar_16_2026-06-07 17:06:28",0.0069269,"Time changed"
"81A-1652",49,101,6926.9,"01:30","00:25","12",2026-06-07 17:09:28,"2026-06-07 17:11:09",30.2627619047619,98.0932380952381,5.2226,0.241980952380952,88.18,0.0390190476190476,"Control",NA,"Control",NA,"2026-06-07","17:09:18",60,"Collar_49_2026-06-07 17:09:28",0.0069269,"Time changed"
"81A-1652",13,101,6926.9,"01:30","00:25","12",2026-06-07 17:57:31,"2026-06-07 17:59:12",-66.1810476190476,98.0889523809524,5.14822857142857,0.88272380952381,80.835980952381,0.0691428571428571,"Control",4,"Control",NA,"2026-06-07","17:57:31",90,"Collar_13_2026-06-07 17:57:31",0.0069269,NA
"81A-1652",14,101,6926.9,"01:30","00:25","12",2026-06-07 18:00:29,"2026-06-07 18:02:10",-68.5195238095238,98.1315238095238,5.24761904761905,0.817352380952381,88.7987142857143,0.0425904761904762,"Control",4,"Disturbance",NA,"2026-06-07","18:00:14",45,"Collar_14_2026-06-07 18:00:29",0.0069269,"Flux unusable; need to check chamber in field"
"81A-1652",15,101,6926.9,"01:30","00:25","12",2026-06-07 18:03:29,"2026-06-07 18:05:10",29.8132380952381,98.1198095238095,5.15047619047619,0.822895238095238,153.506038095238,0.0445809523809524,"Control",4,"1 µm",NA,"2026-06-07","18:03:19",60,"Collar_15_2026-06-07 18:03:29",0.0069269,"Time changed"
"81A-1652",16,101,6926.9,"01:30","00:25","12",2026-06-07 18:06:29,"2026-06-07 18:08:10",29.9110476190476,98.3204761904762,4.95238095238095,0.817457142857143,27.7561238095238,0.0453904761904762,"Control",4,"45 µm",NA,"2026-06-07","18:06:19",60,"Collar_16_2026-06-07 18:06:29",0.0069269,"Time changed"
"81A-1652",49,101,6926.9,"01:30","00:25","12",2026-06-07 18:09:27,"2026-06-07 18:11:08",30.1461904761905,98.1373333333333,5.23999047619048,0.242666666666667,88.1960952380952,0.0384857142857143,"Control",NA,"Control",NA,"2026-06-07","18:09:17",60,"Collar_49_2026-06-07 18:09:27",0.0069269,"Time changed"
"81A-1652",13,101,6926.9,"01:30","00:25","12",2026-06-07 18:57:31,"2026-06-07 18:59:12",-67.1269523809524,98.1580952380952,5.14857142857143,0.882619047619048,81.4685428571429,0.0608380952380952,"Control",4,"Control",NA,"2026-06-07","18:57:31",90,"Collar_13_2026-06-07 18:57:31",0.0069269,NA
"81A-1652",14,101,6926.9,"01:30","00:25","12",2026-06-07 19:00:29,"2026-06-07 19:02:10",-69.2405714285714,98.1962857142857,5.24761904761905,0.817352380952381,88.7882666666667,0.0434285714285714,"Control",4,"Disturbance",NA,"2026-06-07","19:00:14",45,"Collar_14_2026-06-07 19:00:29",0.0069269,"Flux unusable; need to check chamber in field"
"81A-1652",15,101,6926.9,"01:30","00:25","12",2026-06-07 19:03:29,"2026-06-07 19:05:10",28.5581904761905,98.1843809523809,5.15047619047619,0.822895238095238,153.291295238095,0.0440095238095238,"Control",4,"1 µm",NA,"2026-06-07","19:03:19",60,"Collar_15_2026-06-07 19:03:29",0.0069269,"Time changed"
"81A-1652",16,101,6926.9,"01:30","00:25","12",2026-06-07 19:06:29,"2026-06-07 19:08:10",28.3991428571429,98.3852380952381,4.95238095238095,0.817247619047619,27.6145523809524,0.0424952380952381,"Control",4,"45 µm",NA,"2026-06-07","19:06:19",60,"Collar_16_2026-06-07 19:06:29",0.0069269,"Time changed"
"81A-1652",49,101,6926.9,"01:30","00:25","12",2026-06-07 19:09:27,"2026-06-07 19:11:08",28.5975238095238,98.2049523809524,5.24,0.242666666666667,88.1778761904762,0.0385238095238095,"Control",NA,"Control",NA,"2026-06-07","19:09:17",60,"Collar_49_2026-06-07 19:09:27",0.0069269,"Time changed"
"81A-1652",13,101,6926.9,"01:30","00:25","12",2026-06-07 19:57:31,"2026-06-07 19:59:12",-67.999619047619,98.2374285714286,5.15047619047619,0.88272380952381,85.2570952380952,0.0457809523809524,"Control",4,"Control",NA,"2026-06-07","19:57:31",90,"Collar_13_2026-06-07 19:57:31",0.0069269,NA
"81A-1652",14,101,6926.9,"01:30","00:25","12",2026-06-07 20:00:31,"2026-06-07 20:02:12",-69.9819047619048,98.2847619047619,5.24952380952381,0.817552380952381,88.7373904761905,0.0471714285714286,"Control",4,"Disturbance",NA,"2026-06-07","20:00:16",45,"Collar_14_2026-06-07 20:00:31",0.0069269,"Flux unusable; need to check chamber in field"
"81A-1652",15,101,6926.9,"01:30","00:25","12",2026-06-07 20:03:30,"2026-06-07 20:05:11",25.8574285714286,98.2753333333333,5.15047619047619,0.822095238095238,153.116647619048,0.0445809523809524,"Control",4,"1 µm",NA,"2026-06-07","20:03:20",60,"Collar_15_2026-06-07 20:03:30",0.0069269,"Time changed"
"81A-1652",16,101,6926.9,"01:30","00:25","12",2026-06-07 20:06:30,"2026-06-07 20:08:11",25.6865714285714,98.4765714285714,4.95238095238095,0.817838095238095,27.499780952381,0.0378761904761905,"Control",4,"45 µm",NA,"2026-06-07","20:06:20",60,"Collar_16_2026-06-07 20:06:30",0.0069269,"Time changed"
"81A-1652",49,101,6926.9,"01:30","00:25","12",2026-06-07 20:09:30,"2026-06-07 20:11:11",25.918380952381,98.2946666666667,5.24857142857143,0.243552380952381,88.2075142857143,0.0399619047619048,"Control",NA,"Control",NA,"2026-06-07","20:09:20",60,"Collar_49_2026-06-07 20:09:30",0.0069269,"Time changed"
"81A-1652",13,101,6926.9,"01:30","00:25","12",2026-06-07 20:57:31,"2026-06-07 20:59:12",-67.9013333333333,98.3302857142857,5.15047619047619,0.882619047619048,86.2031142857143,0.0408952380952381,"Control",4,"Control",NA,"2026-06-07","20:57:31",90,"Collar_13_2026-06-07 20:57:31",0.0069269,NA
"81A-1652",14,101,6926.9,"01:30","00:25","12",2026-06-07 21:00:29,"2026-06-07 21:02:10",-69.9346666666667,98.374,5.24952380952381,0.816571428571429,88.4041523809524,0.0503333333333333,"Control",4,"Disturbance",NA,"2026-06-07","21:00:14",45,"Collar_14_2026-06-07 21:00:29",0.0069269,"Flux unusable; need to check chamber in field"
"81A-1652",15,101,6926.9,"01:30","00:25","12",2026-06-07 21:03:28,"2026-06-07 21:05:09",23.7073333333333,98.3639047619048,5.24666666666667,0.821419047619048,152.354152380952,0.0430666666666667,"Control",4,"1 µm",NA,"2026-06-07","21:03:18",60,"Collar_15_2026-06-07 21:03:28",0.0069269,"Time changed"
"81A-1652",16,101,6926.9,"01:30","00:25","12",2026-06-07 21:06:28,"2026-06-07 21:08:09",23.5681904761905,98.5712380952381,5.05142857142857,0.816257142857143,27.6794285714286,0.0348190476190476,"Control",4,"45 µm",NA,"2026-06-07","21:06:18",60,"Collar_16_2026-06-07 21:06:28",0.0069269,"Time changed"
"81A-1652",49,101,6926.9,"01:30","00:25","12",2026-06-07 21:09:26,"2026-06-07 21:11:07",23.7720952380952,98.3865714285714,5.24952380952381,0.24287619047619,88.1561333333333,0.0405904761904762,"Control",NA,"Control",NA,"2026-06-07","21:09:16",60,"Collar_49_2026-06-07 21:09:26",0.0069269,"Time changed"
"81A-1652",13,101,6926.9,"01:30","00:25","12",2026-06-07 21:57:31,"2026-06-07 21:59:12",-68.7736190476191,98.441619047619,5.15464761904762,0.881057142857143,86.268580952381,0.0356,"Control",4,"Control",NA,"2026-06-07","21:57:31",90,"Collar_13_2026-06-07 21:57:31",0.0069269,NA
"81A-1652",14,101,6926.9,"01:30","00:25","12",2026-06-07 22:00:29,"2026-06-07 22:02:10",-70.6090476190476,98.484380952381,5.24952380952381,0.816571428571429,88.4348,0.0503809523809524,"Control",4,"Disturbance",NA,"2026-06-07","22:00:14",45,"Collar_14_2026-06-07 22:00:29",0.0069269,"Flux unusable; need to check chamber in field"
"81A-1652",15,101,6926.9,"01:30","00:25","12",2026-06-07 22:03:27,"2026-06-07 22:05:08",22.3014285714286,98.47,5.24952380952381,0.821419047619048,151.009647619048,0.0417047619047619,"Control",4,"1 µm",NA,"2026-06-07","22:03:17",60,"Collar_15_2026-06-07 22:03:27",0.0069269,"Time changed"
"81A-1652",16,101,6926.9,"01:30","00:25","12",2026-06-07 22:06:25,"2026-06-07 22:08:06",22.229619047619,98.6814285714286,5.05142857142857,0.816257142857143,27.7204285714286,0.0335904761904762,"Control",4,"45 µm",NA,"2026-06-07","22:06:15",60,"Collar_16_2026-06-07 22:06:25",0.0069269,"Time changed"
"81A-1652",49,101,6926.9,"01:30","00:25","12",2026-06-07 22:09:25,"2026-06-07 22:11:06",22.5412380952381,98.4950476190476,5.24952380952381,0.243361904761905,88.1721333333333,0.0398571428571429,"Control",NA,"Control",NA,"2026-06-07","22:09:15",60,"Collar_49_2026-06-07 22:09:25",0.0069269,"Time changed"
"81A-1652",13,101,6926.9,"01:30","00:25","12",2026-06-07 22:57:31,"2026-06-07 22:59:12",-68.3235238095238,98.533619047619,5.24822857142857,0.882428571428571,86.2787047619048,0.0342380952380952,"Control",4,"Control",NA,"2026-06-07","22:57:31",90,"Collar_13_2026-06-07 22:57:31",0.0069269,NA
"81A-1652",14,101,6926.9,"01:30","00:25","12",2026-06-07 23:00:29,"2026-06-07 23:02:10",-70.2148571428571,98.5761904761905,5.33132380952381,0.817247619047619,88.4099428571429,0.0485238095238095,"Control",4,"Disturbance",NA,"2026-06-07","23:00:14",45,"Collar_14_2026-06-07 23:00:29",0.0069269,"Flux unusable; need to check chamber in field"
"81A-1652",15,101,6926.9,"01:30","00:25","12",2026-06-07 23:03:27,"2026-06-07 23:05:08",21.2450476190476,98.5618095238095,5.24952380952381,0.822095238095238,150.033133333333,0.0403714285714286,"Control",4,"1 µm",NA,"2026-06-07","23:03:17",60,"Collar_15_2026-06-07 23:03:27",0.0069269,"Time changed"
"81A-1652",16,101,6926.9,"01:30","00:25","12",2026-06-07 23:06:27,"2026-06-07 23:08:08",21.106380952381,98.7741904761905,5.05142857142857,0.816466666666667,26.0044952380952,0.0326285714285714,"Control",4,"45 µm",NA,"2026-06-07","23:06:17",60,"Collar_16_2026-06-07 23:06:27",0.0069269,"Time changed"
"81A-1652",49,101,6926.9,"01:30","00:25","12",2026-06-07 23:09:25,"2026-06-07 23:11:06",21.2790476190476,98.5853333333333,5.33904761904762,0.242666666666667,88.1779714285714,0.0393238095238095,"Control",NA,"Control",NA,"2026-06-07","23:09:15",60,"Collar_49_2026-06-07 23:09:25",0.0069269,"Time changed"
"81A-1652",13,101,6926.9,"01:30","00:25","12",2026-06-07 23:57:31,"2026-06-07 23:59:12",-69.1852380952381,98.6148571428571,5.24952380952381,0.881733333333333,86.3870761904762,0.0331142857142857,"Control",4,"Control",NA,"2026-06-07","23:57:31",90,"Collar_13_2026-06-07 23:57:31",0.0069269,NA
