"label","StartTime","Plot","TIMESTAMP","HM81_AIC","HM81_flux.estimate","HM81_p.value","HM81_r.squared","HM81_RMSE","lin_AIC","lin_flux.estimate","lin_flux.std.error","lin_int.estimate","lin_int.std.error","lin_p.value","lin_r.squared","lin_RMSE","poly_AIC","poly_r.squared","poly_RMSE","rob_AIC","rob_converged","rob_flux.estimate","rob_flux.std.error","rob_RMSE","TIMESTAMP_min","TIMESTAMP_max","flag"
"13","2026-06-07 00:25:31","Collar_13_2026-06-07 00:25:31",2026-06-07 00:26:35.5,NA,NA,NA,NA,NA,127.736690568507,-1.60397081955165,0.00817608561971459,3600.84998035747,0.305757181307609,2.23288309691568e-71,0.998754344774227,0.834301333892114,102.130187103399,0.999310968569925,0.633848154165724,129.096128516639,TRUE,-1.61112436211438,0.00770482808734796,0.669055761868754,2026-06-07 00:26:11,2026-06-07 00:27:00,"Time changed"
"13","2026-06-07 01:25:31","Collar_13_2026-06-07 01:25:31",2026-06-07 01:26:35.5,NA,NA,NA,NA,NA,253.596824401447,-1.71940309358225,0.00584126561305966,3594.81352608169,0.218443029120398,3.17795859777066e-146,0.998870220621358,0.842945428847665,195.696763302223,0.999391633776744,0.624974944134942,254.847464953963,TRUE,-1.72376838165103,0.00565727120713605,0.788115645525948,2026-06-07 01:26:11,2026-06-07 01:27:00,"Time changed"
"13","2026-06-07 02:25:31","Collar_13_2026-06-07 02:25:31",2026-06-07 02:26:35.5,NA,NA,NA,NA,NA,255.792017075884,-1.52052001125288,0.00590573227513686,3603.78773145067,0.220853858189691,1.56232699389782e-140,0.998523791428191,0.852248528845301,183.899332106266,0.999308885539827,0.589175677725306,258.5177661898,TRUE,-1.52890931128835,0.00534662356149564,0.876497065506803,2026-06-07 02:26:11,2026-06-07 02:27:00,"Time changed"
"13","2026-06-07 03:25:31","Collar_13_2026-06-07 03:25:31",2026-06-07 03:26:35.5,NA,NA,NA,NA,NA,332.122880092003,-1.54107152345552,0.00865015955448366,3634.36954284909,0.323485898540814,6.79324279204139e-125,0.996921849600532,1.24829325325537,147.62255994195,0.999532648816294,0.491440337074719,337.582749586667,TRUE,-1.55892305214725,0.00686277841923323,1.00720013967352,2026-06-07 03:26:11,2026-06-07 03:27:00,"Time changed"
"13","2026-06-07 04:25:31","Collar_13_2026-06-07 04:25:31",2026-06-07 04:26:35.5,NA,NA,NA,NA,NA,305.868798101225,-1.57420503469671,0.00758602209924969,3682.98854288941,0.283690856760473,2.27395005251962e-131,0.99772938004789,1.09472896377167,209.364625533648,0.99916888642835,0.669178520090882,305.929397046239,TRUE,-1.57596056785326,0.00750386181934916,1.40437545942982,2026-06-07 04:26:11,2026-06-07 04:27:00,"Time changed"
"13","2026-06-07 05:25:31","Collar_13_2026-06-07 05:25:31",2026-06-07 05:26:35.5,NA,NA,NA,NA,NA,227.587738518911,-1.63762046280621,0.0051289556348862,3694.18956584881,0.191805111995552,1.10915331152362e-149,0.999039626511841,0.740152904110994,198.915513156091,0.999307297921682,0.635114507125677,228.471463951208,TRUE,-1.64079069100028,0.00510822700476277,0.744563888959861,2026-06-07 05:26:11,2026-06-07 05:27:00,"Time changed"
"13","2026-06-07 06:25:31","Collar_13_2026-06-07 06:25:31",2026-06-07 06:26:35.5,NA,NA,NA,NA,NA,191.290717760437,-1.53394023868698,0.0042777062999738,3732.02129283568,0.159971345895402,1.28438108947389e-154,0.999238446781688,0.617310221855673,175.681625893595,0.999374050850239,0.565457915330936,191.36427957956,TRUE,-1.5347954105543,0.00440860847594725,0.671782145464374,2026-06-07 06:26:11,2026-06-07 06:27:00,"Time changed"
"13","2026-06-07 07:25:31","Collar_13_2026-06-07 07:25:31",2026-06-07 07:26:35.5,630.088673937826,-1.31995792113026,2.50306402746696e-63,0.944471966663998,5.53784917680826,247.250917918584,-1.61117664366282,0.00565883451827022,3710.97303273772,0.211620740323522,8.26150866629238e-145,0.998792550313489,0.816619035285177,222.314856177046,0.999095931529021,0.713942212309086,247.892375870618,TRUE,-1.61514138765747,0.00550220201579058,0.781413525402113,2026-06-07 07:26:11,2026-06-07 07:27:00,"Time changed"
"13","2026-06-07 08:25:31","Collar_13_2026-06-07 08:25:31",2026-06-07 08:26:35.5,NA,NA,NA,NA,NA,375.451348488712,-1.8990369805329,0.0107426318294951,3728.53816891727,0.401737087988871,1.45179034246827e-124,0.996873771018636,1.55025520055457,302.740318665391,0.998548326278153,1.06734478745684,380.613000517811,TRUE,-1.91983305444879,0.00920523825895732,1.26071272755623,2026-06-07 08:26:11,2026-06-07 08:27:00,"Time changed"
"13","2026-06-07 09:25:31","Collar_13_2026-06-07 09:25:31",2026-06-07 09:26:35.5,NA,NA,NA,NA,NA,349.341079636714,-1.76729901574661,0.00942785649777174,3723.4665059665,0.352569060869489,4.70663142160119e-127,0.997218862786794,1.36052168572175,285.542446517256,0.998588188569483,0.979399839726743,352.400695389986,TRUE,-1.77972253392974,0.00954655649369409,1.07145572911323,2026-06-07 09:26:11,2026-06-07 09:27:00,"Time changed"
"13","2026-06-07 10:25:31","Collar_13_2026-06-07 10:25:31",2026-06-07 10:26:35.5,NA,NA,NA,NA,NA,381.086913693116,-1.44305265962769,0.0110496409517801,3715.49646776881,0.413218161968729,9.84141326044792e-112,0.994286926935659,1.5945592869269,277.602830792123,0.998049830601579,0.941281172724598,383.02439166579,TRUE,-1.45621551654381,0.0105243682171554,1.39236663062345,2026-06-07 10:26:11,2026-06-07 10:27:00,"Time changed"
"13","2026-06-07 10:58:04","Collar_13_2026-06-07 10:58:04",2026-06-07 10:59:08.5,NA,NA,NA,NA,NA,199.101930491101,-1.70484971258113,0.0166909374541794,3699.83580014148,0.624183041462526,8.31959505002481e-58,0.995420300432519,1.70317093406585,150.460820426631,0.998401906752827,1.02773821047534,199.498886292042,TRUE,-1.71458530360162,0.016166146756419,1.59261323814016,2026-06-07 10:58:44,2026-06-07 10:59:33,"Time changed"
"13","2026-06-07 11:57:31","Collar_13_2026-06-07 11:57:31",2026-06-07 11:58:35.5,NA,NA,NA,NA,NA,201.083053653321,-1.59462721573865,0.017024902690446,3676.59509664469,0.636672180403218,5.21836635434033e-56,0.994558451775573,1.73724930054222,122.084044065588,0.998965329075622,0.773826734196706,203.48780428503,TRUE,-1.61939350680673,0.0121699003296731,1.00447051686851,2026-06-07 11:58:11,2026-06-07 11:59:00,"Time changed"
"13","2026-06-07 12:57:31","Collar_13_2026-06-07 12:57:31",2026-06-07 12:58:35.5,NA,NA,NA,NA,NA,435.52825999315,-1.56508298341533,0.0145066137465139,3629.26924396569,0.542496927717734,1.16807845887217e-103,0.991650850823473,2.09343052614199,203.335572174555,0.999213189021761,0.649306976373754,442.680222647339,TRUE,-1.59699786193039,0.0118317170717304,1.76316533885536,2026-06-07 12:58:11,2026-06-07 12:59:00,"Time changed"
"13","2026-06-07 13:57:31","Collar_13_2026-06-07 13:57:31",2026-06-07 13:58:35.5,NA,NA,NA,NA,NA,331.797284884292,-1.47376294653564,0.00863608875856624,3628.96129513341,0.322959699684959,4.54660796652779e-123,0.996646131820377,1.24626271503223,209.282378761888,0.999053547695489,0.668903387801573,332.038932934609,TRUE,-1.47795535801279,0.0091626982296401,1.29736025377706,2026-06-07 13:58:11,2026-06-07 13:59:00,"Time changed"
"13","2026-06-07 14:57:31","Collar_13_2026-06-07 14:57:31",2026-06-07 14:58:35.5,595.050335885164,-1.17022786724916,5.24512194143384e-64,0.946214039096741,4.6478953297538,249.675280013446,-1.37363929908818,0.00572784727252056,3633.52263460849,0.214201577437431,1.6257862313604e-137,0.998298922413528,0.826578175920291,233.449623399324,0.998610414698336,0.754817395728707,249.704381166517,TRUE,-1.37295158243074,0.00561085292103949,0.815863053413323,2026-06-07 14:58:11,2026-06-07 14:59:00,"Time changed"
"13","2026-06-07 15:57:31","Collar_13_2026-06-07 15:57:31",2026-06-07 15:58:35.5,NA,NA,NA,NA,NA,328.613270962635,-1.60021431323924,0.00849969024214691,3643.94409888572,0.3178588693054,3.08441442344327e-127,0.997242745477838,1.22657922286912,90.4975223161142,0.999755104095952,0.369339159974221,328.709971296958,TRUE,-1.60245666941809,0.00877155896236767,1.57184709672672,2026-06-07 15:58:11,2026-06-07 15:59:00,"Time changed"
"13","2026-06-07 16:57:31","Collar_13_2026-06-07 16:57:31",2026-06-07 16:58:35.5,NA,NA,NA,NA,NA,304.017204314558,-1.62324691823165,0.0075161150403275,3621.91240626643,0.281076575760527,4.57871811594802e-133,0.997903319739591,1.08464076719473,255.974524348892,0.998754012403241,0.844800381706116,304.674549541329,TRUE,-1.62781136129814,0.00823507805007763,1.07799065939109,2026-06-07 16:58:11,2026-06-07 16:59:00,"Time changed"
"13","2026-06-07 17:57:31","Collar_13_2026-06-07 17:57:31",2026-06-07 17:58:35.5,NA,NA,NA,NA,NA,318.560768065432,-1.58987476010294,0.00808303326560772,3621.50341206559,0.302277346723055,4.27287868311336e-129,0.99747331986158,1.16645199753187,138.146490862871,0.99960037814009,0.468698730960512,320.480891580058,TRUE,-1.6005243952279,0.00751745967212968,1.05282095749125,2026-06-07 17:58:11,2026-06-07 17:59:00,"Time changed"
"13","2026-06-07 18:57:31","Collar_13_2026-06-07 18:57:31",2026-06-07 18:58:35.5,NA,NA,NA,NA,NA,319.539419889935,-1.72366829957937,0.00812268256991877,3581.87934402422,0.303760092879446,2.55613887759314e-132,0.997828431545605,1.17217373696985,270.36478765727,0.998724034210046,0.90782504772912,319.608960903623,TRUE,-1.72523146104304,0.00927056694482587,1.16925335090238,2026-06-07 18:58:11,2026-06-07 18:59:00,"Time changed"
"13","2026-06-07 19:57:31","Collar_13_2026-06-07 19:57:31",2026-06-07 19:58:35.5,NA,NA,NA,NA,NA,193.986888598928,-1.43655941434679,0.00433576388857753,3597.78392840579,0.162142497895351,2.95949116862468e-151,0.999108086756576,0.625688436812037,129.230097992,0.999551548310021,0.448262156934512,194.784134878614,TRUE,-1.43588362471206,0.00375709567818766,0.448145584933202,2026-06-07 19:58:11,2026-06-07 19:59:00,"Time changed"
"13","2026-06-07 20:57:31","Collar_13_2026-06-07 20:57:31",2026-06-07 20:58:35.5,605.269347709051,-1.2678989162003,3.12603431357081e-66,0.951550418782467,4.8915516255743,151.15909874813,-1.52408771913314,0.00349998561910349,3709.28047682266,0.130887295863666,7.04577145945597e-163,0.999483447729874,0.505078363849728,89.1889870782524,0.999732939461842,0.366930581313523,151.188085838516,TRUE,-1.52364590377316,0.0037307425157476,0.646518414807259,2026-06-07 20:58:11,2026-06-07 20:59:00,"Time changed"
"13","2026-06-07 21:57:31","Collar_13_2026-06-07 21:57:31",2026-06-07 21:58:35.5,598.301621493387,-1.22464853953707,2.65196367757957e-66,0.951712681320794,4.72407100029738,150.72906718861,-1.47435146597318,0.0034924681824668,3625.07966831645,0.130606169864795,1.47161829795493e-161,0.999450395620777,0.503993532364684,107.192285452656,0.999658334943047,0.401492627288686,151.221121514871,TRUE,-1.47645074062369,0.00302033849419292,0.282475681628623,2026-06-07 21:58:11,2026-06-07 21:59:00,"Time changed"
"13","2026-06-07 22:57:31","Collar_13_2026-06-07 22:57:31",2026-06-07 22:58:35.5,NA,NA,NA,NA,NA,154.611810530603,-1.28785107528314,0.00356093239247889,3704.36639094082,0.133166493330987,5.57096181973989e-155,0.999251318722908,0.513873513295586,130.210946682133,0.999436422575565,0.450465943217012,154.819466270439,TRUE,-1.28860913645551,0.00381467767787216,0.561222111943669,2026-06-07 22:58:11,2026-06-07 22:59:00,"Time changed"
"13","2026-06-07 23:57:31","Collar_13_2026-06-07 23:57:31",2026-06-07 23:58:35.5,NA,NA,NA,NA,NA,180.755132092102,-1.53720914102886,0.00405819797425999,3630.56249225112,0.15176249754602,5.99430700913334e-157,0.999317456881195,0.585633261413954,134.334252699647,0.999587755380885,0.459849382507911,181.469857977199,TRUE,-1.54025669797119,0.00415934937895481,0.559073585199816,2026-06-07 23:58:11,2026-06-07 23:59:00,"Time changed"
"14","2026-06-07 00:28:29","Collar_14_2026-06-07 00:28:29",2026-06-07 00:29:33.5,142.704403971582,-0.306381113757958,2.95982122231116e-34,0.956168498565954,0.96900694859082,23.4281042139529,-0.313616587833424,0.00288097172553566,3593.70034530773,0.107738327996796,3.96528125200886e-59,0.99596572432714,0.293979131985138,22.2233018947435,0.996364557894686,0.285071654850086,23.4436978067686,TRUE,-0.313320123998777,0.00295064102774416,0.323607060912006,2026-06-07 00:29:09,2026-06-07 00:29:58,"Time changed"
"14","2026-06-07 01:28:30","Collar_14_2026-06-07 01:28:30",2026-06-07 01:29:34.5,111.250283995438,-0.20325992611742,3.12247074288783e-77,0.971101295084214,0.413711768255259,149.31352914173,-0.163379436051389,0.00346783684383307,3598.37513751661,0.129685043420826,3.95796696442984e-69,0.95771513447706,0.500439015983632,81.8880811972457,0.979299150180106,0.353777487466355,149.414061205363,TRUE,-0.162387896274476,0.00365919906358833,0.501458768539219,2026-06-07 01:29:10,2026-06-07 01:29:59,"Time changed"
"14","2026-06-07 02:28:30","Collar_14_2026-06-07 02:28:30",2026-06-07 02:29:34.5,139.269009780377,-0.154492230873646,8.97876995582627e-69,0.957002637149538,0.475926365690762,77.622423375422,-0.155610725394354,0.00242316729202446,3614.78064653748,0.0906180335562649,6.7640469031378e-82,0.97678791795992,0.349684114274557,39.2610112648341,0.984803596323945,0.285868752847264,77.9052211620672,TRUE,-0.154413990260243,0.00242660503666889,0.357090484881148,2026-06-07 02:29:10,2026-06-07 02:29:59,"Time changed"
"14","2026-06-07 03:28:30","Collar_14_2026-06-07 03:28:30",2026-06-07 03:29:34.5,122.030646181191,-0.183018483001023,4.65016173881827e-57,0.925464560921313,0.436623527360312,95.4849518358378,-0.106528482586421,0.00264954552449014,3647.91718341049,0.0990837925377027,1.03389603087523e-62,0.942842091554972,0.382352462007439,85.925437068685,0.950089938610436,0.36099168628311,95.943379831294,TRUE,-0.106405418170458,0.00278560896999619,0.382629442874747,2026-06-07 03:29:10,2026-06-07 03:29:59,"Time changed"
"14","2026-06-07 04:28:32","Collar_14_2026-06-07 04:28:32",2026-06-07 04:29:36.5,119.324582099276,-0.324982528502878,1.25556997147248e-79,0.974177330351942,0.430755657733612,165.218802541817,-0.180090810959889,0.00375488394755429,3676.47298621596,0.140419607296317,7.38987042812127e-70,0.959138227058818,0.541862409469589,29.8539389279865,0.989859408366694,0.272734129947745,165.418745071689,TRUE,-0.181359962906313,0.00385783539670429,0.499478049347967,2026-06-07 04:29:12,2026-06-07 04:30:01,"Time changed"
"14","2026-06-07 05:28:32","Collar_14_2026-06-07 05:28:32",2026-06-07 05:29:36.5,244.168645636271,-0.241145297195678,7.76667781310539e-67,0.952907233898566,0.804130305542916,59.638345313757,-0.253249347831725,0.00221478446660077,3689.65834035453,0.0828252402444099,4.09942813541866e-106,0.992560405088045,0.319612660282028,58.2490283446888,0.992950735886205,0.314339271396198,60.1823757577335,TRUE,-0.254596362397532,0.00221885423291388,0.329792205246047,2026-06-07 05:29:12,2026-06-07 05:30:01,"Time changed"
"14","2026-06-07 06:28:30","Collar_14_2026-06-07 06:28:30",2026-06-07 06:29:34.5,203.55886805711,-0.165696061628856,4.22401848047771e-61,0.938349267523936,0.656361982745015,88.377546533257,-0.179565060130463,0.00255704194096354,3675.75898282438,0.0956244800652711,1.27438199341059e-85,0.980514474741388,0.369003390410447,50.8678314439339,0.987134172768369,0.302949734878351,88.5697383241319,TRUE,-0.180220995359017,0.00261424581903253,0.385768776825327,2026-06-07 06:29:10,2026-06-07 06:29:59,"Time changed"
"14","2026-06-07 07:28:30","Collar_14_2026-06-07 07:28:30",2026-06-07 07:29:34.5,252.565187983021,-0.318529611823395,8.06457076217203e-74,0.966077315546935,0.838608557633522,133.216837324522,-0.310734866602864,0.00319966959381273,3694.59527077753,0.119656520445537,3.18858077517804e-99,0.989715885306856,0.461740149582847,93.7151873536018,0.993343565757085,0.375329264657256,133.673897208428,TRUE,-0.311504201133686,0.00329506204748607,0.476802591691909,2026-06-07 07:29:10,2026-06-07 07:29:59,"Time changed"
"14","2026-06-07 08:28:30","Collar_14_2026-06-07 08:28:30",2026-06-07 08:29:34.5,96.8052469343279,-0.247787497533489,9.24074508763441e-75,0.967543978613714,0.384884902138729,194.824660913023,-0.140074591774448,0.00435396389535123,3724.78626759791,0.162823114883692,6.86869846118084e-54,0.913505560847024,0.62831485607306,57.3680090528555,0.978979175146991,0.312957621968522,195.908576636246,TRUE,-0.142665681649997,0.00447813024868847,0.643810098640286,2026-06-07 08:29:10,2026-06-07 08:29:59,"Time changed"
"14","2026-06-07 09:28:32","Collar_14_2026-06-07 09:28:32",2026-06-07 09:29:36.5,NA,NA,NA,NA,NA,104.402801072123,-0.124409948006848,0.00277036026491771,3721.57531876086,0.103601843865892,3.53482306725461e-67,0.953657364900366,0.399787079764444,54.2489719012938,0.973035421692576,0.308114849835513,104.454040564329,TRUE,-0.125019278038173,0.00283354144435502,0.419395739365794,2026-06-07 09:29:12,2026-06-07 09:30:01,"Time changed"
"14","2026-06-07 10:28:31","Collar_14_2026-06-07 10:28:31",2026-06-07 10:29:35.5,NA,NA,NA,NA,NA,165.72782504989,0.0260491019965362,0.00376445272141478,3692.93259357552,0.140777446176709,4.70423466814035e-10,0.328229022650951,0.543243266756294,147.600214978482,0.461578681159343,0.491385434059896,166.390598574927,TRUE,0.0237818751051373,0.00355401227449171,0.589620295005801,2026-06-07 10:29:11,2026-06-07 10:30:00,"Time changed"
"14","2026-06-07 11:01:03","Collar_14_2026-06-07 11:01:03",2026-06-07 11:02:07.5,39.9328612056304,-0.22033760342355,3.02664940628946e-38,0.970101515063424,0.346733458997502,73.1487452899377,-0.132134799282622,0.00473666855782157,3665.41012467188,0.177134938941412,2.57827341662642e-31,0.941902334066956,0.483337513793467,37.1092496631122,0.973915648444939,0.33082847772313,73.1664465645124,TRUE,-0.131706123408261,0.00516337747742941,0.496207907285811,2026-06-07 11:01:43,2026-06-07 11:02:32,"Time changed"
"14","2026-06-07 12:00:29","Collar_14_2026-06-07 12:00:29",2026-06-07 12:01:33.5,NA,NA,NA,NA,NA,27.928016925472,-0.166037089857725,0.00189005031525656,3661.86232878649,0.0706813117916658,5.29341864053455e-95,0.987460440302721,0.272750698063716,-1.03430218133932,0.990981615359113,0.233704204437788,28.303696570728,TRUE,-0.166048478455576,0.00187030310925231,0.252026599837745,2026-06-07 12:01:09,2026-06-07 12:01:58,"Time changed"
"14","2026-06-07 13:00:30","Collar_14_2026-06-07 13:00:30",2026-06-07 13:01:34.5,146.540737877556,-0.157632419839756,1.33230214476522e-67,0.954570640532786,0.49354882434561,51.5152266899624,-0.157446959966984,0.00212663198246215,3612.87663556606,0.0795286437642438,7.88218533927281e-88,0.982435084614911,0.306891490167784,22.6988096844868,0.987348961604488,0.263149363088362,51.5431812571967,TRUE,-0.157307003586949,0.00230905614920685,0.337812011035377,2026-06-07 13:01:10,2026-06-07 13:01:59,"Time changed"
"14","2026-06-07 14:00:30","Collar_14_2026-06-07 14:00:30",2026-06-07 14:01:34.5,NA,NA,NA,NA,NA,141.12566782893,0.0166881445603423,0.00332873284672031,3622.54025727602,0.124483037467847,2.37853318461681e-06,0.204117822660315,0.480365099427179,-23.573983067991,0.852702456349469,0.208796026926496,141.419867241816,TRUE,0.0182160307436386,0.0032550909664294,0.603979475398496,2026-06-07 14:01:10,2026-06-07 14:01:59,"Time changed"
"14","2026-06-07 15:00:29","Collar_14_2026-06-07 15:00:29",2026-06-07 15:01:33.5,139.957159273673,-0.102930490984892,1.36436327541375e-60,0.936857283557106,0.477566728546593,-13.436231464083,-0.129483765434132,0.00153692275853323,3620.77983846196,0.0574755686759844,3.02833643170536e-93,0.986381031040722,0.221791320514686,-12.8119173171753,0.986833091649147,0.220339195438728,-13.285627788875,TRUE,-0.129106132348962,0.0015322920367273,0.235728657984405,2026-06-07 15:01:09,2026-06-07 15:01:58,"Time changed"
"14","2026-06-07 16:00:29","Collar_14_2026-06-07 16:00:29",2026-06-07 16:01:33.5,NA,NA,NA,NA,NA,55.3845007177903,-0.208999994011476,0.00216817515097156,3659.41010761199,0.0810822138583971,6.56411380816103e-99,0.989563237359489,0.312886530680335,-11.8809488232806,0.994882428822772,0.221367230497722,55.526632429561,TRUE,-0.209807943405996,0.00235055511455513,0.324588290093705,2026-06-07 16:01:09,2026-06-07 16:01:58,"Time changed"
"14","2026-06-07 17:00:29","Collar_14_2026-06-07 17:00:29",2026-06-07 17:01:33.5,98.0942918865583,-0.16349212329259,3.69958586979894e-70,0.959710908372537,0.387373583279673,-14.2019203385451,-0.131520033354288,0.00153104998421564,3631.94239855022,0.0572559473308418,4.62483545573981e-94,0.986893364471705,0.220943828105746,-37.2648181432885,0.990000954356451,0.194981299179471,-13.9116823454499,TRUE,-0.130705866703086,0.00138721548638264,0.205222852026009,2026-06-07 17:01:09,2026-06-07 17:01:58,"Time changed"
"14","2026-06-07 18:00:29","Collar_14_2026-06-07 18:00:29",2026-06-07 18:01:33.5,NA,NA,NA,NA,NA,282.004050063315,-0.0770982241586798,0.00673274958198043,3599.84584097098,0.251781430672955,8.89677609644152e-20,0.572296198519394,0.971594318706846,101.678848035613,0.932293723702976,0.390575769791936,282.024994834848,TRUE,-0.0779755138303365,0.00718792667860106,1.21103602638194,2026-06-07 18:01:09,2026-06-07 18:01:58,"Time changed"
"14","2026-06-07 19:00:29","Collar_14_2026-06-07 19:00:29",2026-06-07 19:01:33.5,NA,NA,NA,NA,NA,12.2654740334732,-0.165586077142455,0.0017476826948774,3606.8129345031,0.0653572576731961,3.49580231886741e-98,0.989200886405345,0.252205812286528,-11.0862629120875,0.991785123756005,0.222248567399595,12.4601416867324,TRUE,-0.165378312718407,0.001878192926167,0.231116295970942,2026-06-07 19:01:09,2026-06-07 19:01:58,"Time changed"
"14","2026-06-07 20:00:31","Collar_14_2026-06-07 20:00:31",2026-06-07 20:01:35.5,186.592200254488,-0.134376816770964,1.86634979051007e-60,0.936452541853193,0.602977028538396,-1.2554907270135,-0.16328755172795,0.00163343622977176,3603.09679297744,0.0610848370100818,1.92446955388933e-100,0.990288506418906,0.235719053782087,-15.6619671150047,0.991921184013667,0.217221573245589,-1.23060257924417,TRUE,-0.163075675479364,0.00163721502512669,0.2527264064608,2026-06-07 20:01:11,2026-06-07 20:02:00,"Time changed"
"14","2026-06-07 21:00:29","Collar_14_2026-06-07 21:00:29",2026-06-07 21:01:33.5,NA,NA,NA,NA,NA,52.9708760300597,-0.230940331886638,0.00214216659847949,3722.46355755883,0.0801095844034546,1.25613737407542e-103,0.991638458440423,0.309133270362037,-18.8711121923018,0.996083403938328,0.213763910075496,53.14480864846,TRUE,-0.231413788439459,0.00226101669715688,0.341125323994027,2026-06-07 21:01:09,2026-06-07 21:01:58,"Time changed"
"14","2026-06-07 22:00:29","Collar_14_2026-06-07 22:00:29",2026-06-07 22:01:33.5,130.122995930312,-0.184988244324088,2.08747426468234e-72,0.963749225478747,0.454652358237412,57.8182058019034,-0.16236312560453,0.00219471982262331,3623.94884079174,0.082074892306309,8.4873593015155e-88,0.982408552509611,0.316717157655946,14.0850720744023,0.989085616476908,0.252056458329887,58.0868359410442,TRUE,-0.162894181708774,0.00220367680327411,0.235849214717774,2026-06-07 22:01:09,2026-06-07 22:01:58,"Time changed"
"14","2026-06-07 23:00:29","Collar_14_2026-06-07 23:00:29",2026-06-07 23:01:33.5,NA,NA,NA,NA,NA,85.3885774686606,-0.164543952316868,0.00251911148305764,3710.71400242095,0.0942060127895556,1.32882052594204e-82,0.977545975437565,0.363529695457356,42.7128163239069,0.985920606782002,0.290845391314773,86.0547325150173,TRUE,-0.162853775406159,0.00255901709165969,0.314471323594936,2026-06-07 23:01:09,2026-06-07 23:01:58,"Time changed"
"15","2026-06-07 00:31:29","Collar_15_2026-06-07 00:31:29",2026-06-07 00:32:26,NA,NA,NA,NA,NA,28.5688253144717,-0.207125877608683,0.00575741361452001,3597.74082610226,0.165969368801345,4.69217537833906e-28,0.975136319865818,0.344002452254802,28.3349086787209,0.977969253127683,0.334094685097874,28.6195831055106,TRUE,-0.208055535527167,0.00552715027025791,0.334016167737966,2026-06-07 00:32:09,2026-06-07 00:32:43,"Time changed"
"15","2026-06-07 01:31:28","Collar_15_2026-06-07 01:31:28",2026-06-07 01:32:25,NA,NA,NA,NA,NA,71.6582910133643,-0.197812363203722,0.00464394527386715,3588.13051213864,0.133871338322455,9.05640826844728e-51,0.963875874169552,0.392406505840112,52.2734299668389,0.974134979289954,0.337036106977884,71.9623505080195,TRUE,-0.199363326377034,0.00454706653736475,0.438413468624176,2026-06-07 01:32:08,2026-06-07 01:32:42,"Time changed"
"15","2026-06-07 02:31:30","Collar_15_2026-06-07 02:31:30",2026-06-07 02:32:27,NA,NA,NA,NA,NA,14.4192750667691,-0.165544108971936,0.00308550137865306,3606.99546997547,0.0889459661121497,2.17556961365993e-57,0.976922277111464,0.260720302105078,-10.8758042843722,0.984814110998342,0.214674753442655,15.4192417610368,TRUE,-0.162591986865191,0.00304234544690195,0.271524390010298,2026-06-07 02:32:10,2026-06-07 02:32:44,"Time changed"
"15","2026-06-07 03:31:30","Collar_15_2026-06-07 03:31:30",2026-06-07 03:32:27,NA,NA,NA,NA,NA,64.4902767003271,-0.152726532482408,0.00441215916962117,3638.00923141499,0.127189623928754,6.54688512960122e-45,0.946295690806345,0.37282092291318,46.2521894714755,0.960912360817329,0.322847865073294,64.5310700334143,TRUE,-0.153413918513748,0.00470219872491965,0.469566891300818,2026-06-07 03:32:10,2026-06-07 03:32:44,"Time changed"
"15","2026-06-07 04:31:32","Collar_15_2026-06-07 04:31:32",2026-06-07 04:32:29,71.9176394053943,-0.197696752576887,3.76009297020129e-50,0.962332133913188,0.393134108114547,60.9324883468964,-0.194470631242933,0.00430144667993251,3701.84934531129,0.123998107171002,1.80618769127785e-52,0.967802891733066,0.363465881311794,37.5983774814137,0.978211346665192,0.30349594921671,61.0641362289458,TRUE,-0.193180456439872,0.00440082582191058,0.342609498576146,2026-06-07 04:32:12,2026-06-07 04:32:46,"Time changed"
"15","2026-06-07 05:31:30","Collar_15_2026-06-07 05:31:30",2026-06-07 05:32:27,NA,NA,NA,NA,NA,49.4320398454729,-0.274478309588751,0.00396222344055658,3689.21071620641,0.114219294896688,8.43134159390944e-65,0.986027954050249,0.334802019398446,34.7036168496979,0.989307851193853,0.297285037818751,49.5455582290708,TRUE,-0.273968012419957,0.00401780550695552,0.410028860872406,2026-06-07 05:32:10,2026-06-07 05:32:44,"Time changed"
"15","2026-06-07 06:31:28","Collar_15_2026-06-07 06:31:28",2026-06-07 06:32:25,96.3415349579745,-0.186060268229385,5.5124922510231e-43,0.938823181086526,0.468065008108276,45.8574174751057,-0.181912127581371,0.00386233655571166,3682.31756804415,0.111339848614171,1.21656916816266e-53,0.970257807412557,0.326361725392008,27.4262436160613,0.978412351494804,0.282226563341026,46.2407480965639,TRUE,-0.183619661563275,0.00455321552947959,0.303785122012049,2026-06-07 06:32:08,2026-06-07 06:32:42,"Time changed"
"15","2026-06-07 07:31:30","Collar_15_2026-06-07 07:31:30",2026-06-07 07:32:27,NA,NA,NA,NA,NA,63.7143068073509,-0.190674828653352,0.00438777179815722,3695.19399515228,0.126486607449551,2.43858021278179e-51,0.965242642728086,0.370760226100786,22.3937278251745,0.981808500454205,0.272261669238604,63.9150934509599,TRUE,-0.189152604098764,0.00518558348638139,0.384717625617594,2026-06-07 07:32:10,2026-06-07 07:32:44,"Time changed"
"15","2026-06-07 08:31:28","Collar_15_2026-06-07 08:31:28",2026-06-07 08:32:25,NA,NA,NA,NA,NA,39.1780518741919,-0.169699659314047,0.00368239211172597,3730.41479184837,0.106152577421374,5.11909030719602e-53,0.968974458893743,0.311156686067553,21.8939532877501,0.977108807704054,0.271291477331798,39.2100227525293,TRUE,-0.169573581286693,0.00361372541215208,0.423051069936792,2026-06-07 08:32:08,2026-06-07 08:32:42,"Time changed"
"15","2026-06-07 09:31:32","Collar_15_2026-06-07 09:31:32",2026-06-07 09:32:29,NA,NA,NA,NA,NA,21.1359768313878,-0.161637700080663,0.00323714123930643,3708.76020873136,0.0933172990826163,2.55755413746923e-55,0.97345023750139,0.273533646009004,23.4020496219105,0.974099807179034,0.274229657576311,21.267863637111,TRUE,-0.162023533032377,0.00325542090961467,0.309195026231121,2026-06-07 09:32:12,2026-06-07 09:32:46,"Time changed"
"15","2026-06-07 10:31:31","Collar_15_2026-06-07 10:31:31",2026-06-07 10:32:28,NA,NA,NA,NA,NA,19.1819330808257,-0.142258457675433,0.00319227283771803,3693.74851199587,0.0920238745018339,4.66480916481465e-52,0.966892166101133,0.269742332448741,4.59067537679967,0.97461443939424,0.239750539198961,20.4811852485706,TRUE,-0.139907606349964,0.00347139973942786,0.233161627048963,2026-06-07 10:32:11,2026-06-07 10:32:45,"Time changed"
"15","2026-06-07 11:04:02","Collar_15_2026-06-07 11:04:02",2026-06-07 11:04:59,47.9731891444935,-0.183528888827243,4.08700672272769e-22,0.943094577917175,0.453889594055538,28.9351462525803,-0.179888143168685,0.00578762203335835,3686.80479290834,0.166840189024238,5.11061239475662e-26,0.966968998977594,0.345807389480942,14.5353491678402,0.98047417287335,0.274317961404708,29.0305858413962,TRUE,-0.179251855356757,0.00513558899786699,0.305731876564292,2026-06-07 11:04:42,2026-06-07 11:05:16,"Time changed"
"15","2026-06-07 12:03:28","Collar_15_2026-06-07 12:03:28",2026-06-07 12:04:25,62.9362298655164,-0.147053761209853,5.670410322133e-44,0.94277814376012,0.368705370212219,9.56153839777507,-0.148398166095482,0.00298027639593904,3667.21631226699,0.0859126381054328,3.07525383485487e-55,0.973305959583896,0.251828946725365,-0.555828174468253,0.978181381393996,0.231097158835661,9.5626856432609,TRUE,-0.148333002903884,0.00320703227777306,0.306227142513284,2026-06-07 12:04:08,2026-06-07 12:04:42,"Time changed"
"15","2026-06-07 13:03:28","Collar_15_2026-06-07 13:03:28",2026-06-07 13:04:25,NA,NA,NA,NA,NA,22.635819164517,-0.147592565046522,0.0032720076812035,3618.63462499681,0.0943223964651304,2.09843939006856e-52,0.967660622986531,0.276479808771278,26.3464875981178,0.967794015728652,0.280058251188194,22.6877450232596,TRUE,-0.147214130595264,0.00367172104623738,0.273911931280768,2026-06-07 13:04:08,2026-06-07 13:04:42,"Time changed"
"15","2026-06-07 14:03:30","Collar_15_2026-06-07 14:03:30",2026-06-07 14:04:27,NA,NA,NA,NA,NA,-0.85246329081723,-0.0720699873593,0.00276663096043501,3629.16645526236,0.0797538660504829,4.21451806145912e-37,0.908919023240843,0.233776223471584,-40.5445349862488,0.951207504878648,0.173678276661798,-0.788310529799637,TRUE,-0.0713794426980027,0.00301196425747298,0.256418745804925,2026-06-07 14:04:10,2026-06-07 14:04:44,"Time changed"
"15","2026-06-07 15:03:27","Collar_15_2026-06-07 15:03:27",2026-06-07 15:04:24,52.7921379155766,-0.0913487881172998,3.1546336638653e-35,0.896612767302946,0.342934707105989,-2.91103742334512,-0.101626975632742,0.0027262477663951,3615.46642610609,0.0785897368644051,5.4430007401212e-47,0.953347718545792,0.230363903314188,-33.4754511399161,0.971527335317606,0.182673071217556,-2.62717909517628,TRUE,-0.101752370282106,0.00306932259051594,0.192631239416596,2026-06-07 15:04:07,2026-06-07 15:04:41,"Time changed"
"15","2026-06-07 16:03:29","Collar_15_2026-06-07 16:03:29",2026-06-07 16:04:26,NA,NA,NA,NA,NA,-22.1264151395224,-0.172764724281304,0.00237660624188949,3645.74361491153,0.0685105959490142,3.32229214498239e-66,0.987295418648536,0.200819711719181,-26.3197172814727,0.988698725677144,0.192252659872639,-21.25757432856,TRUE,-0.172038199952963,0.00213316518043336,0.157329153199597,2026-06-07 16:04:09,2026-06-07 16:04:43,"Time changed"
"15","2026-06-07 17:03:29","Collar_15_2026-06-07 17:03:29",2026-06-07 17:04:26,NA,NA,NA,NA,NA,22.8924373116636,-0.155308993016528,0.00327801072805115,3632.88800407069,0.0944954467204876,8.22547655442094e-54,0.970598068012846,0.27698705734958,14.0261469590582,0.97553468896472,0.256465765624819,22.9114233975181,TRUE,-0.15486525226662,0.00352060144758313,0.332988824938632,2026-06-07 17:04:09,2026-06-07 17:04:43,"Time changed"
"15","2026-06-07 18:03:29","Collar_15_2026-06-07 18:03:29",2026-06-07 18:04:26,48.170382146928,-0.179988902455787,1.54511697100403e-47,0.955042797864328,0.331798391368799,-39.0344709443983,-0.151723513804663,0.00210623436951093,3610.17811523894,0.0607165668927837,6.12003484539844e-66,0.987065122334224,0.177973688465085,-35.6963562191253,0.987186851707525,0.179798081423606,-38.807432652044,TRUE,-0.152181666891326,0.00203231081633406,0.13924727273298,2026-06-07 18:04:09,2026-06-07 18:04:43,"Time changed"
"15","2026-06-07 19:03:29","Collar_15_2026-06-07 19:03:29",2026-06-07 19:04:26,73.3837287470353,-0.135286897427627,2.41716957202508e-42,0.936107467672735,0.397272666536062,-3.05857962864873,-0.151727093133475,0.0027233761611882,3610.64227407997,0.0785069568983393,1.77414866475862e-58,0.978561904289804,0.230121256922178,-4.72891128118054,0.980230017047764,0.224310328156283,-2.94947775796826,TRUE,-0.152399110524418,0.00283739416669735,0.247092319846933,2026-06-07 19:04:09,2026-06-07 19:04:43,"Time changed"
"15","2026-06-07 20:03:30","Collar_15_2026-06-07 20:03:30",2026-06-07 20:04:27,40.7787141277679,-0.205754916336714,1.25512554715486e-49,0.960973555615995,0.314734649361078,-10.4968195210157,-0.154013225572084,0.0025824590402879,3603.82461577731,0.0744447291038757,1.89701915166331e-60,0.981239907881678,0.218213968665207,-13.7934326342617,0.983096942482931,0.210247184075671,-10.0771682134825,TRUE,-0.154423375233104,0.00275532716465659,0.150432696039485,2026-06-07 20:04:10,2026-06-07 20:04:44,"Time changed"
"15","2026-06-07 21:03:28","Collar_15_2026-06-07 21:03:28",2026-06-07 21:04:25,NA,NA,NA,NA,NA,-25.0713604245882,-0.167596576775874,0.00232713569942462,3699.42839957019,0.067084505128225,6.21802642573837e-66,0.987059078889888,0.196639524062816,-28.6901142904948,0.988393617889476,0.189024953712845,-24.979370514204,TRUE,-0.166906923318145,0.00233806097772788,0.161039604066787,2026-06-07 21:04:08,2026-06-07 21:04:42,"Time changed"
"15","2026-06-07 22:03:27","Collar_15_2026-06-07 22:03:27",2026-06-07 22:04:24,NA,NA,NA,NA,NA,-22.3368655890569,-0.190913433770067,0.00237303636962342,3626.23796755135,0.0684076869891288,3.63989493077359e-69,0.989603054897624,0.20051806279362,-20.8888049548349,0.989975262922283,0.199857112693266,-22.1027383482524,TRUE,-0.190262027925518,0.00212668988815085,0.178828219002819,2026-06-07 22:04:07,2026-06-07 22:04:41,"Time changed"
"15","2026-06-07 23:03:27","Collar_15_2026-06-07 23:03:27",2026-06-07 23:04:24,NA,NA,NA,NA,NA,13.0937951713825,-0.155594230233923,0.00305642658855187,3661.22940569656,0.0881078250849088,7.1022276136388e-56,0.974431733011039,0.258263525351949,-17.3987777849995,0.984379237331867,0.204901922982602,14.0018756095108,TRUE,-0.157716010764881,0.00306031381607301,0.254254289994378,2026-06-07 23:04:07,2026-06-07 23:04:41,"Time changed"
"16","2026-06-07 00:34:29","Collar_16_2026-06-07 00:34:29",2026-06-07 00:35:33.5,105.640803680318,-0.253334849552233,1.16692890887467e-37,0.968373305194807,0.668900807841995,65.3755657532512,-0.253563372359336,0.00438242514543262,3618.45388275089,0.163887466702659,4.67272351472792e-46,0.98586439519843,0.447189928601116,47.5202455628613,0.990869774674902,0.367127796165645,65.8222533525939,TRUE,-0.255949360234971,0.00479631802592381,0.368702131917122,2026-06-07 00:35:09,2026-06-07 00:35:58,"Time changed"
"16","2026-06-07 01:34:28","Collar_16_2026-06-07 01:34:28",2026-06-07 01:35:32.5,197.983531550594,-0.233839008769953,5.79902358843027e-71,0.961205534303347,0.638317467272015,109.740004716215,-0.220525297403349,0.00284528543018383,3588.8235158486,0.106403784599675,9.54508137712637e-90,0.98394785747329,0.410599432728761,50.782423373086,0.991447133259853,0.302820390735801,110.341847851004,TRUE,-0.218805065935044,0.00274531982379042,0.406905418724197,2026-06-07 01:35:08,2026-06-07 01:35:57,"Time changed"
"16","2026-06-07 02:34:30","Collar_16_2026-06-07 02:34:30",2026-06-07 02:35:34.5,NA,NA,NA,NA,NA,17.3960820103118,-0.214703874136524,0.00179309607392951,3634.43836520987,0.0670555601884175,4.61981965414533e-108,0.993211168530897,0.25875935783921,19.4574461492356,0.99334151173008,0.258918922922605,17.4877140401006,TRUE,-0.215192465649047,0.00165520715931993,0.228986156387768,2026-06-07 02:35:10,2026-06-07 02:35:59,"Time changed"
"16","2026-06-07 03:34:28","Collar_16_2026-06-07 03:34:28",2026-06-07 03:35:32.5,66.1178178929201,-0.0908835891341563,8.14406874362431e-56,0.920983691505709,0.330136824722619,39.7247180953721,-0.0780838805709952,0.00200488550902124,3646.89498678402,0.0749757488601501,1.95024334447235e-61,0.939313378519752,0.289322415233769,35.0197194291557,0.944372744768013,0.279870316405078,39.7696963259694,TRUE,-0.0778926527737166,0.00218285141724006,0.312888149863146,2026-06-07 03:35:08,2026-06-07 03:35:57,"Time changed"
"16","2026-06-07 04:34:32","Collar_16_2026-06-07 04:34:32",2026-06-07 04:35:36.5,170.816597249818,-0.184162006702206,2.50786100543943e-73,0.965282999314926,0.557242818999194,35.5065189618982,-0.204238135615797,0.0019630432756637,3710.80549457673,0.0734109947802553,3.97318373306752e-102,0.991027819654483,0.283284217062697,-12.9957658797616,0.994692579854075,0.220136743282514,36.3187091451818,TRUE,-0.202934244580952,0.00180065866064192,0.240194124298411,2026-06-07 04:35:12,2026-06-07 04:36:01,"Time changed"
"16","2026-06-07 05:34:30","Collar_16_2026-06-07 05:34:30",2026-06-07 05:35:34.5,NA,NA,NA,NA,NA,21.6356872000128,-0.224980779656099,0.00183151190237482,3689.55103515039,0.0684921786351119,3.83722068129003e-109,0.993547273359737,0.264303095982357,20.5700595722926,0.993866003469171,0.260363320182626,21.6663232888013,TRUE,-0.225250791395657,0.00186238519456644,0.34022957608213,2026-06-07 05:35:10,2026-06-07 05:35:59,"Time changed"
"16","2026-06-07 06:34:28","Collar_16_2026-06-07 06:34:28",2026-06-07 06:35:32.5,176.767010258815,-0.147674711367945,2.73349219903498e-56,0.922723236197503,0.574071039427391,46.5312623882852,-0.140168576162879,0.00207429155863293,3674.31088582602,0.0775712938534405,5.12162495840399e-84,0.978989215908904,0.299338311809973,47.0164215548737,0.979714883785525,0.297171630038344,46.7087411195096,TRUE,-0.140094293613798,0.00224382556323124,0.248961348628942,2026-06-07 06:35:08,2026-06-07 06:35:57,"Time changed"
"16","2026-06-07 07:34:28","Collar_16_2026-06-07 07:34:28",2026-06-07 07:35:32.5,217.244796327257,-0.233415730581878,1.46756205898076e-68,0.95656952872466,0.702849004269409,95.022994077976,-0.229873697661032,0.00264343269632961,3701.48007538173,0.0988551940132849,1.41438244846943e-94,0.987206422651191,0.38147032774124,52.7054097502816,0.991949232471056,0.305746030541308,95.3191513286517,TRUE,-0.230096128247644,0.002735334697377,0.358733352851719,2026-06-07 07:35:08,2026-06-07 07:35:57,"Time changed"
"16","2026-06-07 08:34:28","Collar_16_2026-06-07 08:34:28",2026-06-07 08:35:32.5,NA,NA,NA,NA,NA,63.3157754406806,-0.142181302614143,0.00225588474274538,3735.31437428841,0.0843622477036566,4.05836409323864e-81,0.97592364423014,0.325543787574548,48.222035402236,0.980108492732863,0.298968411319522,63.4732475755268,TRUE,-0.142998639616632,0.00215922056552217,0.325635867193224,2026-06-07 08:35:08,2026-06-07 08:35:57,"Time changed"
"16","2026-06-07 09:34:30","Collar_16_2026-06-07 09:34:30",2026-06-07 09:35:34.5,193.994990206507,-0.186246249244353,1.88616993396122e-66,0.952047144130348,0.625713782736299,73.9864196238299,-0.19459430893664,0.0023795120937415,3723.36467284889,0.0889854808902021,5.36888861944524e-92,0.985558115174123,0.34338428949758,54.7453696256046,0.988553063345968,0.308880537207539,74.0529869316366,TRUE,-0.194419314903247,0.00250790910864775,0.364767549182922,2026-06-07 09:35:10,2026-06-07 09:35:59,"Time changed"
"16","2026-06-07 10:34:31","Collar_16_2026-06-07 10:34:31",2026-06-07 10:35:35.5,198.854897981293,-0.153156724163986,1.62011905405616e-58,0.930396293207826,0.641104576412185,43.0094702753792,-0.165473606997079,0.00203808515450391,3693.5841450194,0.0762173001960016,1.07837205499411e-91,0.985351124902355,0.294113412810803,43.6568220177499,0.985834108547075,0.292221434769358,43.0636422300996,TRUE,-0.165907579576795,0.00211123286017868,0.290833853086384,2026-06-07 10:35:11,2026-06-07 10:36:00,"Time changed"
"16","2026-06-07 11:07:00","Collar_16_2026-06-07 11:07:00",2026-06-07 11:08:14.5,30.6823975902615,-0.14549741021933,5.90978884630181e-20,0.951606251363609,0.377921489643763,28.9090672175613,-0.18732583821814,0.00773955417108318,3682.72800123479,0.201104338883098,2.57976873591493e-20,0.954383949804947,0.366915276977025,26.9985512684663,0.96254117108494,0.34504552174207,28.9259623872021,TRUE,-0.187675397345962,0.00827390540248038,0.364040970164067,2026-06-07 11:08:00,2026-06-07 11:08:29,"Time changed"
"16","2026-06-07 12:06:26","Collar_16_2026-06-07 12:06:26",2026-06-07 12:07:30.5,204.757367551939,-0.372017779488217,2.46619434782088e-54,0.915293224720731,0.660307038832475,260.001570731405,-0.14372647509776,0.00603135213085907,3658.98945340113,0.225551604126851,1.45625176688659e-42,0.852822753087143,0.870376566528913,196.467844459442,0.925089028705783,0.627389126987595,260.139117542356,TRUE,-0.143842212445053,0.00642831529570861,0.970329051597556,2026-06-07 12:07:06,2026-06-07 12:07:55,"Time changed"
"16","2026-06-07 13:06:26","Collar_16_2026-06-07 13:06:26",2026-06-07 13:07:30.5,NA,NA,NA,NA,NA,66.7443531988479,-0.143052786359304,0.00229489050449112,3631.07289307488,0.0858209276051214,1.16567723376511e-80,0.975399722911293,0.331172658223536,36.0376038492905,0.982613566587853,0.281298325366515,66.8174265951497,TRUE,-0.142491894568974,0.00244494242746578,0.298184375320058,2026-06-07 13:07:06,2026-06-07 13:07:55,"Time changed"
"16","2026-06-07 14:06:30","Collar_16_2026-06-07 14:06:30",2026-06-07 14:07:34.5,NA,NA,NA,NA,NA,15.8073782102047,-0.112488389148891,0.00177890900342818,3627.20756926958,0.0665250130673062,2.96275249643789e-81,0.976077721232206,0.256712040182382,9.32921696612882,0.978457481684892,0.246133439994671,16.7872175926903,TRUE,-0.11110643400037,0.00171834774052925,0.236032453929304,2026-06-07 14:07:10,2026-06-07 14:07:59,"Time changed"
"16","2026-06-07 15:06:25","Collar_16_2026-06-07 15:06:25",2026-06-07 15:07:29.5,NA,NA,NA,NA,NA,106.577136919732,-0.223257300422838,0.00280064304717108,3659.66020306844,0.104734314656269,6.3267973188229e-91,0.984812585454797,0.404157148609833,-28.0700212050864,0.996203819182967,0.204154617771413,110.573519658122,TRUE,-0.228103904629072,0.00280684262819382,0.33464127510326,2026-06-07 15:07:05,2026-06-07 15:07:54,"Time changed"
"16","2026-06-07 16:06:27","Collar_16_2026-06-07 16:06:27",2026-06-07 16:07:31.5,NA,NA,NA,NA,NA,129.619988898209,-0.0372455594147068,0.003142640312387,3656.83966442162,0.11752382355955,1.24074845826777e-20,0.589033499957499,0.453510328295348,19.6811709663364,0.868484656759938,0.259208717921593,130.222509090942,TRUE,-0.0355013645793211,0.00333793640958139,0.464747372309943,2026-06-07 16:07:07,2026-06-07 16:07:56,"Time changed"
"16","2026-06-07 17:06:28","Collar_16_2026-06-07 17:06:28",2026-06-07 17:07:32.5,175.029928413232,-0.135982886887552,1.39275055996271e-62,0.942493694179042,0.56910658787901,-39.0250896156702,-0.162249376407219,0.00135234201843016,3646.14997926064,0.0505728906167546,3.80972411023756e-108,0.993237826054326,0.195154714438198,-35.5204713030602,0.993271241789669,0.19668931183413,-37.6735015043113,TRUE,-0.161103009450784,0.00142390316694315,0.146448964355703,2026-06-07 17:07:08,2026-06-07 17:07:57,"Time changed"
"16","2026-06-07 18:06:29","Collar_16_2026-06-07 18:06:29",2026-06-07 18:07:33.5,180.160965946844,-0.22218635555177,6.48857073612981e-78,0.9720129607575,0.583896025920613,60.055919862997,-0.238419242222123,0.00221941348544686,3607.4558603234,0.0829983494583336,1.77435139654924e-103,0.991579316017961,0.320280667959618,-19.6612839954964,0.996354407078203,0.21292102516022,60.0715642189928,TRUE,-0.238341388033131,0.00239584490807851,0.351194642448946,2026-06-07 18:07:09,2026-06-07 18:07:58,"Time changed"
"16","2026-06-07 19:06:29","Collar_16_2026-06-07 19:06:29",2026-06-07 19:07:33.5,222.55579852875,-0.201932769190068,1.73514147595717e-64,0.947414025554872,0.721763189045783,31.5369553352756,-0.215071610201978,0.00192446526088194,3603.96945305282,0.0719683111283532,3.80082777870873e-105,0.992214515746754,0.277717074020683,26.9697344772866,0.992853742463941,0.268829248852336,31.5925849966321,TRUE,-0.21524133367663,0.00181763544517951,0.263723975649245,2026-06-07 19:07:09,2026-06-07 19:07:58,"Time changed"
"16","2026-06-07 20:06:30","Collar_16_2026-06-07 20:06:30",2026-06-07 20:07:34.5,NA,NA,NA,NA,NA,25.8323036714847,-0.156246232704968,0.00187034870038319,3610.37376486077,0.0699445398801334,6.8641028926807e-93,0.986151719020059,0.269907583694581,-40.7318647002665,0.993161834976392,0.191630381354783,28.8764831596711,TRUE,-0.159161000786481,0.00161841260900464,0.228370886242883,2026-06-07 20:07:10,2026-06-07 20:07:59,"Time changed"
"16","2026-06-07 21:06:28","Collar_16_2026-06-07 21:06:28",2026-06-07 21:07:32.5,162.256551951021,-0.128081710869375,4.52904443334052e-57,0.925504662102884,0.533895890953333,17.0103949428225,-0.133012972123583,0.00178964153609411,3747.72931895867,0.0669263724816832,5.42350591130498e-88,0.982568568672405,0.258260837985802,15.6414436134376,0.983479773783542,0.25402557758564,17.1899761422803,TRUE,-0.132574940717486,0.00184198638716878,0.277888639947323,2026-06-07 21:07:08,2026-06-07 21:07:57,"Time changed"
"16","2026-06-07 22:06:25","Collar_16_2026-06-07 22:06:25",2026-06-07 22:07:29.5,180.517438124839,-0.133445754153872,1.05373769789661e-63,0.94544323642893,0.584937667375763,46.1172234051706,-0.1705665929185,0.00207000181263206,3631.82447838196,0.0774108722645828,2.58765632426472e-92,0.985771605995888,0.29871926415457,45.3015666114564,0.986440560078571,0.294634491449698,46.1613872723444,TRUE,-0.170878659289385,0.00216503038031323,0.32552071413498,2026-06-07 22:07:05,2026-06-07 22:07:54,"Time changed"
"16","2026-06-07 23:06:27","Collar_16_2026-06-07 23:06:27",2026-06-07 23:07:31.5,NA,NA,NA,NA,NA,103.420792310318,-0.156681611603363,0.00275679101471786,3656.87936823237,0.103094401076453,7.82426176365454e-77,0.970554585598055,0.39782891895024,13.0221942941669,0.988543557793526,0.250720485369497,105.174522740402,TRUE,-0.160222267487988,0.00277774142685288,0.34756754518807,2026-06-07 23:07:07,2026-06-07 23:07:56,"Time changed"
"29","2026-06-07 00:10:31","Collar_29_2026-06-07 00:10:31",2026-06-07 00:11:35.5,NA,NA,NA,NA,NA,-4.51616239671671,-0.27136092160396,0.00217860546212015,3662.773872809,0.0814722712385771,6.30369042766894e-62,0.99691566018006,0.222308513830722,-8.2702194313198,0.997358738888136,0.210146594438127,-4.48725752049349,TRUE,-0.271159637614347,0.00228268165552081,0.256487377429086,2026-06-07 00:11:11,2026-06-07 00:12:00,"Time changed"
"29","2026-06-07 01:10:31","Collar_29_2026-06-07 01:10:31",2026-06-07 01:11:35.5,266.61348380395,-0.260356904617365,9.30140237259471e-66,0.950460748808586,0.899631754974829,41.6856391009733,-0.276549568508893,0.00202463930038007,3663.70520417933,0.0757144719908681,1.23949483625206e-113,0.994774832463779,0.292173059123529,42.6096432462498,0.994933111591114,0.290695392936863,42.1678057720129,TRUE,-0.27789273705676,0.00206590360703231,0.259529312497021,2026-06-07 01:11:11,2026-06-07 01:12:00,"Time changed"
"29","2026-06-07 02:10:31","Collar_29_2026-06-07 02:10:31",2026-06-07 02:11:35.5,258.970593879908,-0.267759205190088,3.61177277689057e-69,0.957794013952341,0.865901420407946,111.474076687525,-0.287736502175732,0.00287006233588532,3663.09515898961,0.107330354745974,1.45452031327196e-100,0.990343831938428,0.414174955703675,82.3717098830076,0.993065054323605,0.354634007349527,111.543650304528,TRUE,-0.288069343401947,0.0028831665061537,0.369350338950305,2026-06-07 02:11:11,2026-06-07 02:12:00,"Time changed"
"29","2026-06-07 03:10:31","Collar_29_2026-06-07 03:10:31",2026-06-07 03:11:35.5,241.166220068083,-0.27765350244426,4.24739940314828e-72,0.96322007280989,0.792148757874594,84.4690769352047,-0.282259645121885,0.00250755644381025,3692.3925607661,0.0937738944881447,1.88784251481647e-105,0.992324903948565,0.361862202800975,51.236621605147,0.994710856862621,0.303508874640855,84.5059816359211,TRUE,-0.28269437522382,0.00259428310016094,0.382403924833557,2026-06-07 03:11:11,2026-06-07 03:12:00,"Time changed"
"29","2026-06-07 04:10:31","Collar_29_2026-06-07 04:10:31",2026-06-07 04:11:35.5,261.218627679625,-0.252737008266733,2.49538592756056e-68,0.956096684359056,0.875689203829366,66.745002867515,-0.285794616187145,0.0022948979590955,3733.854771207,0.0858212063814125,1.00949778771372e-109,0.993720730850519,0.33117373398778,57.0621994675099,0.994523722607234,0.312479460424617,66.9297013933169,TRUE,-0.286420956422034,0.00224225952270221,0.303557277925015,2026-06-07 04:11:11,2026-06-07 04:12:00,"Time changed"
"29","2026-06-07 05:10:31","Collar_29_2026-06-07 05:10:31",2026-06-07 05:11:35.5,229.197891476712,-0.269507290583955,9.34883156800997e-71,0.960825743451806,0.746135751985664,169.502452173446,-0.255802050243711,0.00383617442598306,3770.36487790991,0.143459588615935,1.8342093900789e-83,0.978435133978203,0.553593332481748,34.4802688389156,0.994629915822158,0.279116452506055,171.284124246024,TRUE,-0.260230580681923,0.0032489726621298,0.44431637423129,2026-06-07 05:11:11,2026-06-07 05:12:00,"Time changed"
"29","2026-06-07 06:10:31","Collar_29_2026-06-07 06:10:31",2026-06-07 06:11:35.5,NA,NA,NA,NA,NA,53.9010916826997,-0.316192494666856,0.00215215318918639,3758.41825113833,0.0804830481815307,1.01433742651969e-116,0.995480378895367,0.310574422253388,38.3704497613144,0.996282238481942,0.284598664144357,54.1909782203807,TRUE,-0.316699326900525,0.00219290781156932,0.267446742260585,2026-06-07 06:11:11,2026-06-07 06:12:00,"Time changed"
"29","2026-06-07 07:10:31","Collar_29_2026-06-07 07:10:31",2026-06-07 07:11:35.5,NA,NA,NA,NA,NA,145.802195742522,-0.254785385464882,0.00340748453013082,3766.54357077468,0.12742807667888,3.03830007491936e-88,0.982773452287282,0.491729652238564,47.7718767565293,0.993790077129239,0.298296251973398,145.807666944803,TRUE,-0.254815408305042,0.00366131158549694,0.600156399736095,2026-06-07 07:11:11,2026-06-07 07:12:00,"Time changed"
"29","2026-06-07 08:10:31","Collar_29_2026-06-07 08:10:31",2026-06-07 08:11:35.5,NA,NA,NA,NA,NA,121.989171951507,-0.259085722178266,0.0030249943559404,3791.51692654523,0.113124273737247,6.15538065352673e-94,0.986816681791575,0.436532993625383,37.8098015999626,0.99454158445317,0.283801982722119,122.190823795831,TRUE,-0.260127260426552,0.00322448730650048,0.453970767523459,2026-06-07 08:11:11,2026-06-07 08:12:00,"Time changed"
"29","2026-06-07 09:10:31","Collar_29_2026-06-07 09:10:31",2026-06-07 09:11:35.5,NA,NA,NA,NA,NA,127.985370545654,-0.281990560255836,0.00311705990265075,3779.30296694947,0.116567205155409,3.08008886882336e-96,0.988167465404881,0.449818852700229,75.3753977463837,0.993282250661718,0.342442832639517,130.194751947803,TRUE,-0.28378295264854,0.00295870682396289,0.342061213491098,2026-06-07 09:11:11,2026-06-07 09:12:00,"Time changed"
"29","2026-06-07 10:10:31","Collar_29_2026-06-07 10:10:31",2026-06-07 10:11:35.5,NA,NA,NA,NA,NA,156.790892761699,-0.252461667913163,0.00359994234381618,3767.20201509843,0.134625329908613,1.45022036370655e-85,0.980463017437097,0.51950298853907,94.0478318179215,0.989977038592365,0.375954040094382,158.944231181936,TRUE,-0.251345212490915,0.00334000095736293,0.404247718759158,2026-06-07 10:11:11,2026-06-07 10:12:00,"Time changed"
"29","2026-06-07 11:10:31","Collar_29_2026-06-07 11:10:31",2026-06-07 11:11:35.5,276.324762322735,-0.206779043878341,5.54938245584842e-59,0.931900580450014,0.944392544783343,84.7408794869297,-0.247009346186104,0.00251096656168236,3747.78223083845,0.0939014210426599,9.15201940520518e-100,0.989974519910569,0.362354312467363,36.9957440958366,0.994024435876384,0.282649174774986,85.1004233360577,TRUE,-0.248480342139715,0.0025217237246202,0.308005012169976,2026-06-07 11:11:11,2026-06-07 11:12:00,"Time changed"
"29","2026-06-07 11:32:54","Collar_29_2026-06-07 11:32:54",2026-06-07 11:33:51,NA,NA,NA,NA,NA,125.969625911136,-0.114094786159916,0.0231484623493668,3738.41215997594,0.667302358676622,2.27470394293825e-05,0.424016863919149,1.3831085183853,68.052536850403,0.901798774474033,0.589231490456893,132.133178757969,FALSE,-0.163397511293116,0.0149769262921944,0.809508973377341,2026-06-07 11:33:34,2026-06-07 11:34:08,"Time changed"
"29","2026-06-07 11:35:48","Collar_29_2026-06-07 11:35:48",2026-06-07 11:36:52.5,NA,NA,NA,NA,NA,59.4522100696264,-0.216719832786507,0.00413037705946278,3736.01095553247,0.154461744431076,4.74961848762158e-44,0.982863716972612,0.421470523972751,47.4778765830875,0.987550115318026,0.366972280811405,61.1728400236725,TRUE,-0.212137957403629,0.00335199140550808,0.349291343597579,2026-06-07 11:36:28,2026-06-07 11:37:17,"Time changed"
"29","2026-06-07 12:30:31","Collar_29_2026-06-07 12:30:31",2026-06-07 12:31:35.5,NA,NA,NA,NA,NA,-22.1455748100097,-0.162042351485422,0.00182648042814684,3699.57542192007,0.0683040189888798,6.95176683443444e-55,0.993938588601608,0.186377091484512,-23.9973282875761,0.994608047266997,0.179564462742285,-21.9103736591018,TRUE,-0.161745838321322,0.00183227635312856,0.171257335661279,2026-06-07 12:31:11,2026-06-07 12:32:00,"Time changed"
"29","2026-06-07 13:30:31","Collar_29_2026-06-07 13:30:31",2026-06-07 13:31:35.5,59.799304536383,-0.108415064005193,1.02214952485913e-31,0.944096811394765,0.422935966604377,7.48461834966728,-0.120252268792314,0.00245638997747516,3685.94371110899,0.0918604465068313,1.24760687394344e-42,0.980364724950826,0.250654106388661,4.72931861841726,0.982846166069724,0.239319800864144,7.51964976043836,TRUE,-0.120578611113818,0.00284819671576923,0.240308199156086,2026-06-07 13:31:11,2026-06-07 13:32:00,"Time changed"
"29","2026-06-07 14:30:31","Collar_29_2026-06-07 14:30:31",2026-06-07 14:31:35.5,NA,NA,NA,NA,NA,31.8167896499902,-0.152569278235804,0.0031330735772695,3690.64236900047,0.117166060921058,1.60072628079197e-42,0.980159841074181,0.319704022961213,-11.1035262861443,0.992237520599969,0.204276054493718,31.8915327998917,TRUE,-0.153390960421687,0.00344035258616936,0.352792494447658,2026-06-07 14:31:11,2026-06-07 14:32:00,"Time changed"
"29","2026-06-07 15:30:31","Collar_29_2026-06-07 15:30:31",2026-06-07 15:31:35.5,NA,NA,NA,NA,NA,12.8628943668309,0.0455028851846318,0.00259211862553824,3684.98976537499,0.096936226138394,1.58352498979811e-22,0.865226924528345,0.264504082696805,14.9389660947325,0.870314294109898,0.265044360792711,12.8692412134396,TRUE,0.045411231038287,0.00281747644728464,0.265262481125645,2026-06-07 15:31:11,2026-06-07 15:32:00,"Time changed"
"29","2026-06-07 16:30:31","Collar_29_2026-06-07 16:30:31",2026-06-07 16:31:35.5,NA,NA,NA,NA,NA,220.106716184359,-0.108547984555908,0.020592228794656,3714.86175537168,0.770077776327784,3.18102201940433e-06,0.366643405404113,2.10126517141253,196.356468479041,0.636409348867893,1.62631538503827,225.459228517614,TRUE,-0.150679586843178,0.00460371870614647,0.431722030010694,2026-06-07 16:31:11,2026-06-07 16:32:00,"Time changed"
"29","2026-06-07 17:30:31","Collar_29_2026-06-07 17:30:31",2026-06-07 17:31:35.5,NA,NA,NA,NA,NA,24.2992865775875,-0.143812811101472,0.00290617988821078,3674.38774879969,0.108681025654818,7.51201682160536e-43,0.980775255676515,0.29655141470367,2.56475757605795,0.988509649041282,0.234195239896829,24.3410227679561,TRUE,-0.144170715155804,0.00303828126534507,0.35717292290292,2026-06-07 17:31:11,2026-06-07 17:32:00,"Time changed"
"29","2026-06-07 18:30:31","Collar_29_2026-06-07 18:30:31",2026-06-07 18:31:35.5,NA,NA,NA,NA,NA,21.7932522334248,-0.189501772411836,0.00283425501724685,3669.72036438414,0.105991285498622,4.9134436945806e-49,0.989376826682633,0.28921208160758,-1.14167728117771,0.993801302516546,0.225673841444167,21.7980820972181,TRUE,-0.189594627035084,0.002940841344444,0.341924900468825,2026-06-07 18:31:11,2026-06-07 18:32:00,"Time changed"
"29","2026-06-07 19:30:31","Collar_29_2026-06-07 19:30:31",2026-06-07 19:31:35.5,NA,NA,NA,NA,NA,48.2913142223453,-0.209500820613164,0.00369418418834218,3647.25795388715,0.138149647300057,1.20641786623307e-45,0.98529472907299,0.376960680126124,3.29839165464618,0.994480167339932,0.235919693843613,48.8589717143241,TRUE,-0.211436192048539,0.00433549756103726,0.325602433897309,2026-06-07 19:31:11,2026-06-07 19:32:00,"Time changed"
"29","2026-06-07 20:30:31","Collar_29_2026-06-07 20:30:31",2026-06-07 20:31:35.5,NA,NA,NA,NA,NA,32.1416793031151,-0.142598904419492,0.00314326916237924,3649.36502757141,0.117547340363316,4.46776941106779e-41,0.97720920100909,0.320744397371721,-4.10459932698301,0.989809750528993,0.219085388790538,32.2261932778292,TRUE,-0.143466059078709,0.00317902397950443,0.319389993360897,2026-06-07 20:31:11,2026-06-07 20:32:00,"Time changed"
"29","2026-06-07 21:30:31","Collar_29_2026-06-07 21:30:31",2026-06-07 21:31:35.5,NA,NA,NA,NA,NA,24.9057990730997,-0.195187374193742,0.00292385979359519,3700.95417373654,0.109342192659122,5.29232376540103e-49,0.989343903068075,0.298355501565202,5.39585863875275,0.9933412391976,0.240920291142117,25.3235085187559,TRUE,-0.196663346828413,0.00311144590334287,0.257134358418546,2026-06-07 21:31:11,2026-06-07 21:32:00,"Time changed"
"29","2026-06-07 22:30:31","Collar_29_2026-06-07 22:30:31",2026-06-07 22:31:35.5,NA,NA,NA,NA,NA,133.88571201217,-0.193997423808269,0.00869461370812541,3692.51668146689,0.325148329360049,5.47518506616221e-27,0.912062429818465,0.887212799835981,58.1803639621014,0.98214077516953,0.408426180740179,134.14181483135,TRUE,-0.198291220643328,0.00956069692555529,0.848047220348498,2026-06-07 22:31:11,2026-06-07 22:32:00,"Time changed"
"29","2026-06-07 23:30:31","Collar_29_2026-06-07 23:30:31",2026-06-07 23:31:35.5,102.607555453517,-0.153663196150026,1.7508421818184e-32,0.948054846822706,0.648916012418687,37.78508732325,-0.19193401060406,0.00332575751770229,3721.64554329957,0.124371770505106,5.27401255430835e-46,0.985792939593711,0.339365811743738,15.8441593443199,0.991543625859365,0.267454415826627,37.839385638098,TRUE,-0.191603714326132,0.00339509438628544,0.324184136390784,2026-06-07 23:31:11,2026-06-07 23:32:00,"Time changed"
"30","2026-06-07 00:13:29","Collar_30_2026-06-07 00:13:29",2026-06-07 00:14:18.5,NA,NA,NA,NA,NA,-10.4890290439441,-0.0046350257075897,0.00107026975291895,3661.49702062959,0.058459658362527,4.37469136320843e-05,0.193840371464821,0.221056697468326,-18.8041417971613,0.30885968511077,0.207356079600787,-10.4680459079094,TRUE,-0.00476034707187242,0.00117630650508786,0.245401348876174,2026-06-07 00:13:39,2026-06-07 00:14:58,NA
"30","2026-06-07 01:13:29","Collar_30_2026-06-07 01:13:29",2026-06-07 01:14:18.5,73.1219619523613,-0.104189282216077,3.26448973369814e-35,0.622125453550232,0.300324112953757,74.3675759574971,-0.0165434172433912,0.00103217964389854,3663.19464649557,0.056379122353496,6.05241595655531e-35,0.619172186323926,0.30149541590247,57.8887145490575,0.664924976813376,0.284612294154406,74.5965197139635,TRUE,-0.0160873097931249,0.00109580863752659,0.270161426352412,2026-06-07 01:13:39,2026-06-07 01:14:58,NA
"30","2026-06-07 02:13:29","Collar_30_2026-06-07 02:13:29",2026-06-07 02:14:18.5,NA,NA,NA,NA,NA,47.5390338951278,-0.0147889106954413,0.000949170846653467,3661.52759578759,0.0518450636128872,9.43545802016827e-34,0.605752630630319,0.277248888665756,16.5026841949182,0.683285300295288,0.250083919085795,47.8512204251598,TRUE,-0.0144169556551266,0.000942522978694766,0.268266106672559,2026-06-07 02:13:39,2026-06-07 02:14:58,NA
"30","2026-06-07 03:13:30","Collar_30_2026-06-07 03:13:30",2026-06-07 03:14:19.5,NA,NA,NA,NA,NA,-1.84287095658051,0.00625157907264232,0.000813438527081154,3692.57395671571,0.0444311709850614,1.5166699044598e-12,0.272107329634442,0.237602038059115,-38.6646076156828,0.436020585120556,0.210481707891862,-1.52783217040118,TRUE,0.0066340189637949,0.000865012074886466,0.234346839040493,2026-06-07 03:13:40,2026-06-07 03:14:59,NA
"30","2026-06-07 04:13:31","Collar_30_2026-06-07 04:13:31",2026-06-07 04:14:20.5,NA,NA,NA,NA,NA,6.50712254685372,0.0147386287336274,0.000834943524746445,3733.19026885394,0.0456058045885723,3.28763026042503e-39,0.663544730115193,0.243883559161963,0.654272664394426,0.683638704408618,0.237999899605521,6.51989895917167,TRUE,0.0146981490769503,0.000981714549609568,0.243042023896207,2026-06-07 04:13:41,2026-06-07 04:15:00,NA
"30","2026-06-07 05:13:31","Collar_30_2026-06-07 05:13:31",2026-06-07 05:14:20.5,NA,NA,NA,NA,NA,214.999706086144,0.0620919009421155,0.00160183225288808,3768.86039454719,0.0874943592515082,1.30876539407286e-82,0.904852172539621,0.467888592984064,127.549463303933,0.946275574812648,0.353830407185943,215.056607620094,TRUE,0.0617488159176244,0.00174104795969382,0.50315260761591,2026-06-07 05:13:41,2026-06-07 05:15:00,NA
"30","2026-06-07 06:13:32","Collar_30_2026-06-07 06:13:32",2026-06-07 06:14:21.5,NA,NA,NA,NA,NA,276.880440525754,0.060465794067602,0.00194356793802005,3759.56524644445,0.106160449130825,2.88701891723757e-69,0.859664926545067,0.56770817683909,182.384897560407,0.924174412524913,0.419967973435891,278.342536087342,TRUE,0.0597505483462806,0.001957913983958,0.499632394128075,2026-06-07 06:13:42,2026-06-07 06:15:01,NA
"30","2026-06-07 07:13:31","Collar_30_2026-06-07 07:13:31",2026-06-07 07:14:20.5,NA,NA,NA,NA,NA,-20.9019185350755,0.00134576442340441,0.000766405063998312,3765.43938332844,0.0418621362385122,0.0810356394012276,0.0191412691555026,0.223863757521112,-19.2785766592772,0.0336033790281041,0.223627136943984,-20.7510976590795,TRUE,0.00110379088473275,0.000789282587762899,0.206759042148761,2026-06-07 07:13:41,2026-06-07 07:15:00,NA
"30","2026-06-07 08:13:31","Collar_30_2026-06-07 08:13:31",2026-06-07 08:14:20.5,130.05907075787,0.0494244038590592,6.91488788327054e-39,0.660373335157028,0.358809186407476,104.19726533882,0.0223418764630798,0.0011330243855112,3790.27239312276,0.0618874057804121,1.89842322853985e-44,0.711062417906862,0.330951748909821,107.903916066591,0.711591680259009,0.33276129046642,104.211585617332,TRUE,0.0223120176805664,0.00122702324642185,0.327655202233548,2026-06-07 08:13:41,2026-06-07 08:15:00,NA
"30","2026-06-07 09:13:32","Collar_30_2026-06-07 09:13:32",2026-06-07 09:14:21.5,NA,NA,NA,NA,NA,-34.3613518735272,-0.00133847641829691,0.000734838028077788,3777.78418696862,0.0401378997734542,0.0704287371984508,0.0205662996021999,0.214643156553125,-63.6658493508139,0.204618846065885,0.19466300237139,-34.3247374225901,TRUE,-0.00119882267683581,0.000731773227717673,0.19376854794581,2026-06-07 09:13:42,2026-06-07 09:15:01,NA
"30","2026-06-07 10:13:32","Collar_30_2026-06-07 10:13:32",2026-06-07 10:14:21.5,-55.9143645297554,0.0124332368073894,0.000735553487145708,0.0698052916543058,0.200662370656983,-53.6904687015903,0.00213354820586608,0.000691765216046225,3763.22008899798,0.0377852014287508,0.00240965835598108,0.0567859200416997,0.202061765848213,-52.1973914684513,0.0714492756932427,0.2017660386086,-53.5525231704094,TRUE,0.00204473735068158,0.000706620756020216,0.213951682860589,2026-06-07 10:13:42,2026-06-07 10:15:01,NA
"30","2026-06-07 11:13:32","Collar_30_2026-06-07 11:13:32",2026-06-07 11:14:21.5,NA,NA,NA,NA,NA,-16.7164455773624,-0.0197269992892147,0.00077649518148488,3746.63518540456,0.04241327282767,1.12750856892009e-57,0.803341485516186,0.226811039213887,-53.0533293236033,0.847164333013327,0.201227074771957,-16.1246339554156,TRUE,-0.0192078928062832,0.000777302586133067,0.238834466730564,2026-06-07 11:13:42,2026-06-07 11:15:01,NA
"30","2026-06-07 11:38:48","Collar_30_2026-06-07 11:38:48",2026-06-07 11:39:39.466667,NA,NA,NA,NA,NA,-31.9683197577289,0.00109364060352228,0.000976699946615513,3736.0067277902,0.0548658532660714,0.266499319927713,0.0168852798362895,0.19041558066885,-45.5156412521874,0.221972764309366,0.171763166500337,-31.6831124032178,TRUE,0.00137588804860936,0.00106272194561716,0.174422233662078,2026-06-07 11:38:58,2026-06-07 11:40:17,NA
"30","2026-06-07 12:33:32","Collar_30_2026-06-07 12:33:32",2026-06-07 12:34:21.5,NA,NA,NA,NA,NA,19.6875559867902,-0.00624260143160754,0.0012924173489143,3696.48073193941,0.0705936764757419,6.67763165758212e-06,0.23024229228842,0.266939722553664,-7.67082694722093,0.479861036514755,0.222298422471644,19.7401006009872,TRUE,-0.00651942008525269,0.00127670116312741,0.25761926622674,2026-06-07 12:33:42,2026-06-07 12:35:01,NA
"30","2026-06-07 13:33:31","Collar_30_2026-06-07 13:33:31",2026-06-07 13:34:20.5,NA,NA,NA,NA,NA,-5.49191477070731,-0.00465629065104722,0.00110422384608832,3684.08629545293,0.0603142792945649,6.61654518738655e-05,0.18564563624629,0.22806967684206,-8.19577129079342,0.251106037741018,0.221570278238164,-5.23516476969426,TRUE,-0.00410391997102995,0.00114433355701046,0.233828710563487,2026-06-07 13:33:41,2026-06-07 13:35:00,NA
"30","2026-06-07 14:33:31","Collar_30_2026-06-07 14:33:31",2026-06-07 14:34:20.5,-43.9720423981936,-0.00961601599320457,2.13419967192633e-07,0.293281385060631,0.179316138473901,-48.0400838194821,-0.00522614725982613,0.000846382943318704,3688.20428448803,0.0462306419249319,2.7874005573989e-08,0.32831997742846,0.174814450033068,-46.9365820304941,0.352203993116082,0.173922492623258,-48.015568203422,TRUE,-0.00533435910261219,0.000888223953250881,0.150177891955576,2026-06-07 14:33:41,2026-06-07 14:35:00,NA
"30","2026-06-07 15:36:20","Collar_30_2026-06-07 15:36:20",2026-06-07 15:37:09.5,NA,NA,NA,NA,NA,17.3987996855365,0.00591983878282429,0.00127406127404682,3692.28910245787,0.0695910415206729,1.34915030100628e-05,0.216783550982301,0.263148404264402,-27.0783591388301,0.572717832838359,0.196905446862635,17.5227777883571,TRUE,0.00580277019954961,0.00134181913522272,0.277662151557025,2026-06-07 15:36:30,2026-06-07 15:37:49,NA
"30","2026-06-07 16:33:31","Collar_30_2026-06-07 16:33:31",2026-06-07 16:34:20.5,37.9327834873341,-0.0403030565697192,2.59947070296859e-22,0.703894837258162,0.299183035980096,30.5420957276566,-0.0200872081512617,0.00138313858267454,3720.17696201522,0.0755489994841578,6.9581528799022e-24,0.730024537897975,0.285677555955568,3.75494805929405,0.816265509716452,0.238753542832997,30.5561489566003,TRUE,-0.0202371966888452,0.00149512874844725,0.306861794099145,2026-06-07 16:33:41,2026-06-07 16:35:00,NA
"30","2026-06-07 17:33:31","Collar_30_2026-06-07 17:33:31",2026-06-07 17:34:20.5,NA,NA,NA,NA,NA,-50.2136472320167,0.00334818970995194,0.000834962770424566,3673.65022314461,0.0456068558149241,0.000138084312174697,0.170918317539083,0.172455693562925,-46.7548121378354,0.176507765027349,0.174120191606223,-50.1655484804793,TRUE,0.00336736240879917,0.000864597858216887,0.161648535643956,2026-06-07 17:33:41,2026-06-07 17:35:00,NA
"30","2026-06-07 18:33:31","Collar_30_2026-06-07 18:33:31",2026-06-07 18:34:20.5,NA,NA,NA,NA,NA,-52.2391872303119,0.00131898337768702,0.000824459081533841,3668.52131715519,0.0450331293665934,0.11368223696826,0.0317705064210529,0.17028623042423,-52.5853772793671,0.0829685541993772,0.167889291829199,-52.1803233314861,TRUE,0.00133009533091995,0.000887085885933361,0.19307908920058,2026-06-07 18:33:41,2026-06-07 18:35:00,NA
"30","2026-06-07 19:33:31","Collar_30_2026-06-07 19:33:31",2026-06-07 19:34:20.5,61.1460565284549,-0.0409234689155541,2.92394012147982e-31,0.825078764108644,0.34589612148978,30.2196223589161,-0.0331962747998514,0.0013803537315046,3645.94361764784,0.0753968869466024,8.02421316769117e-38,0.881162695941284,0.285102364513514,13.3573663605766,0.908441586739068,0.253521069182844,31.3917693370301,TRUE,-0.0321517329396584,0.00123113521711285,0.234899958002809,2026-06-07 19:33:41,2026-06-07 19:35:00,NA
"30","2026-06-07 20:33:31","Collar_30_2026-06-07 20:33:31",2026-06-07 20:34:20.5,NA,NA,NA,NA,NA,-48.1242123331558,0.00701850713685336,0.000845938029428654,3646.35393845974,0.0462063400945362,2.50228447769267e-12,0.468793264724858,0.17472255619516,-45.8420073559672,0.480077979550839,0.175116391476254,-47.948214168403,TRUE,0.00667609857871874,0.000801958994174762,0.165794745125482,2026-06-07 20:33:41,2026-06-07 20:35:00,NA
"30","2026-06-07 21:33:31","Collar_30_2026-06-07 21:33:31",2026-06-07 21:34:20.5,-26.5883892161271,-0.0231326903965802,1.00807787510486e-08,0.345216916532152,0.1998961970711,-27.9527314683783,-0.00630512850766892,0.000959601276361135,3699.95972345139,0.0524147885402914,5.10767792042947e-09,0.356289087070575,0.198198901221164,-25.78613437298,0.370873596451464,0.198502174184961,-27.924532531356,TRUE,-0.00616356623246654,0.00102773688655061,0.184244727404206,2026-06-07 21:33:41,2026-06-07 21:35:00,NA
"30","2026-06-07 22:33:31","Collar_30_2026-06-07 22:33:31",2026-06-07 22:34:20.5,NA,NA,NA,NA,NA,-36.9271491857601,-0.0100893497552344,0.000907258804209828,3695.54800260249,0.0495557681564394,9.29002369027382e-18,0.61322932116375,0.187387931370302,-44.5048020153818,0.665341270094964,0.176586065433226,-36.8903870614554,TRUE,-0.00992453135502902,0.000920476014941513,0.169816158690645,2026-06-07 22:33:41,2026-06-07 22:35:00,NA
"30","2026-06-07 23:33:31","Collar_30_2026-06-07 23:33:31",2026-06-07 23:34:20.5,-40.5859214208281,0.012453750906231,5.5197932019826e-11,0.425613079252278,0.183151492983458,-40.3586208943637,0.00672848250237629,0.000888008266570011,3720.27711317197,0.0485042763707009,6.17783671544014e-11,0.423978777998737,0.183411868080144,-37.2551940259314,0.430398302858895,0.184771223540294,-40.3404445391096,TRUE,0.00665802748762837,0.000987474348335369,0.191935735612276,2026-06-07 23:33:41,2026-06-07 23:35:00,NA
"31","2026-06-07 00:16:28","Collar_31_2026-06-07 00:16:28",2026-06-07 00:17:17.5,NA,NA,NA,NA,NA,-14.018924272773,0.0058123939698604,0.00104691618594131,3661.93433544464,0.0571840532701321,3.75892803489631e-07,0.283245063012529,0.216233182297404,-22.5449369490263,0.387126327280735,0.202564334442272,-13.8768430182719,TRUE,0.0054353367176772,0.00113877458049918,0.215702196605678,2026-06-07 00:16:38,2026-06-07 00:17:57,NA
"31","2026-06-07 01:16:30","Collar_31_2026-06-07 01:16:30",2026-06-07 01:17:19.5,NA,NA,NA,NA,NA,-50.059369029103,0.00514843877339745,0.000699659509254551,3662.2206033582,0.038216398968169,9.55855528184055e-12,0.255234810107681,0.204367656327811,-48.8410599090935,0.26807106980756,0.203893405975178,-49.8200962173379,TRUE,0.00523135846036457,0.00069624812273314,0.235376923214349,2026-06-07 01:16:40,2026-06-07 01:17:59,NA
"31","2026-06-07 02:16:28","Collar_31_2026-06-07 02:16:28",2026-06-07 02:17:17.5,NA,NA,NA,NA,NA,41.060718028944,-0.0130917209854556,0.000930148334983545,3659.40151318423,0.0508060269304172,1.11339899287719e-29,0.556307012085691,0.271692491481085,6.61204896534848,0.651084883665242,0.242472500218502,41.2781289939346,TRUE,-0.0128663618312379,0.000951250326364224,0.275933155409981,2026-06-07 02:16:38,2026-06-07 02:17:57,NA
"31","2026-06-07 03:16:29","Collar_31_2026-06-07 03:16:29",2026-06-07 03:17:18.5,-14.4784333936411,-0.0114760048820058,2.41422645782777e-09,0.202330816546869,0.22840286752151,-5.10572635812169,-0.00432162250274348,0.000805186505714438,3693.83820955435,0.0439804338240954,2.80472560568448e-07,0.1542080787434,0.235191656660198,-14.6285129855208,0.222754734966873,0.226900488948258,-4.77414466414844,TRUE,-0.0040734102613517,0.000855142060241363,0.245872708896752,2026-06-07 03:16:39,2026-06-07 03:17:58,NA
"31","2026-06-07 04:16:30","Collar_31_2026-06-07 04:16:30",2026-06-07 04:17:19.5,NA,NA,NA,NA,NA,-23.4644465724178,-0.00704087108192752,0.000760292276757632,3736.28223502006,0.041528247092567,1.40469263012185e-16,0.351825063190619,0.222078237585365,-47.7789019247531,0.456953322667327,0.204571302307829,-23.1996358564484,TRUE,-0.00718305154105125,0.000798303856791183,0.219824785557173,2026-06-07 04:16:40,2026-06-07 04:17:59,NA
"31","2026-06-07 05:16:30","Collar_31_2026-06-07 05:16:30",2026-06-07 05:17:19.5,-20.1921997179348,0.0266355423430578,1.15814997108894e-53,0.778991085998161,0.22436080951976,-59.3218865127084,0.0186759212922233,0.000679697899638881,3773.02766111146,0.0371260674182811,4.57406698834595e-62,0.826939283892027,0.198536952507274,-56.9524750753205,0.828694019942644,0.198790034592008,-59.0787909971773,TRUE,0.0184027800933284,0.000716977216154713,0.203024510583261,2026-06-07 05:16:40,2026-06-07 05:17:59,NA
"31","2026-06-07 06:16:31","Collar_31_2026-06-07 06:16:31",2026-06-07 06:17:20.5,13.8242208761611,0.0367945497437355,5.77533358277416e-49,0.746626597754403,0.249524430221853,54.8336370319025,0.0174950471936471,0.000971056297302608,3767.82301292039,0.053040478100281,3.78113609287205e-40,0.672603115228834,0.283641538515693,-12.3527269192591,0.790178246980269,0.228519918713317,55.3048417507673,TRUE,0.0168869730887965,0.00100068425830229,0.251927263005413,2026-06-07 06:16:41,2026-06-07 06:18:00,NA
"31","2026-06-07 07:16:30","Collar_31_2026-06-07 07:16:30",2026-06-07 07:17:19.5,NA,NA,NA,NA,NA,-74.1504770281034,0.000945601261796413,0.000648919770487008,3765.9511567534,0.0354449221646205,0.147047735494041,0.0132610905678913,0.189546787951911,-72.9352733742152,0.0302866640946407,0.189105095332364,-73.2687398723576,TRUE,0.000961687410302238,0.000651277100930582,0.180029861849139,2026-06-07 07:16:40,2026-06-07 07:17:59,NA
"31","2026-06-07 08:16:31","Collar_31_2026-06-07 08:16:31",2026-06-07 08:17:20.5,NA,NA,NA,NA,NA,40.6820060284399,-0.000845731333456204,0.000929048178813405,3793.22955762926,0.0507459348333769,0.364040311581828,0.00521746368528503,0.271371140402293,-14.0466070519615,0.310842163692555,0.227313472896177,40.8581954751626,TRUE,-0.000905227825306678,0.000975255341390893,0.283202732997256,2026-06-07 08:16:41,2026-06-07 08:18:00,NA
"31","2026-06-07 09:16:32","Collar_31_2026-06-07 09:16:32",2026-06-07 09:17:21.5,NA,NA,NA,NA,NA,-40.034363640953,-0.0124592824559975,0.000721925496548583,3779.10087541782,0.039432598909131,3.46490877461135e-38,0.653396685506367,0.210871459361881,-42.4811350171818,0.667084528302137,0.207986277265733,-39.2807848922988,TRUE,-0.0130799419803347,0.00068813295149843,0.205222453201078,2026-06-07 09:16:42,2026-06-07 09:18:01,NA
"31","2026-06-07 10:16:31","Collar_31_2026-06-07 10:16:31",2026-06-07 10:17:20.5,NA,NA,NA,NA,NA,20.1999958213825,-0.00457457428914211,0.000871446362178363,3763.80180871775,0.0475996415625808,4.85299986745111e-07,0.148506160571852,0.254545887389624,-49.3409076765711,0.462267288329555,0.203575168138185,20.2638737284987,TRUE,-0.00447145205559144,0.000836256301935968,0.207539451967421,2026-06-07 10:16:41,2026-06-07 10:18:00,NA
"31","2026-06-07 11:16:32","Collar_31_2026-06-07 11:16:32",2026-06-07 11:17:21.5,NA,NA,NA,NA,NA,229.373471411124,-0.0229996975006629,0.00167542380091895,3742.1671120273,0.091514034426408,9.86867520773769e-29,0.543945018442858,0.489384380574558,-15.6315903162043,0.903809390357812,0.226190356473817,229.433462157575,TRUE,-0.0233501628339438,0.00170694029901041,0.649134602958469,2026-06-07 11:16:42,2026-06-07 11:18:01,NA
"31","2026-06-07 11:41:47","Collar_31_2026-06-07 11:41:47",2026-06-07 11:42:36.5,NA,NA,NA,NA,NA,-27.2018423583277,0.00128973221502252,0.000964115323844556,3736.25684501297,0.052661352243501,0.184869774158774,0.022428238689469,0.199131246011978,-54.8736430497366,0.342020225093791,0.165505284349298,-27.1955577958094,TRUE,0.00135000944245646,0.000961372496888172,0.235029997236189,2026-06-07 11:41:57,2026-06-07 11:43:16,NA
"31","2026-06-07 12:36:31","Collar_31_2026-06-07 12:36:31",2026-06-07 12:37:20.5,NA,NA,NA,NA,NA,-22.0914395785866,0.00143334915875057,0.000995406240130852,3695.69656270163,0.0543705066608415,0.153879272687999,0.0258949145218382,0.205594164912696,-22.4287115443946,0.0773007987812589,0.202711532409588,-22.0637062787648,TRUE,0.00158135363250571,0.00106950633126179,0.23856551582587,2026-06-07 12:36:41,2026-06-07 12:38:00,NA
"31","2026-06-07 13:36:32","Collar_31_2026-06-07 13:36:32",2026-06-07 13:37:21.5,NA,NA,NA,NA,NA,-34.6294739701622,-0.00415799993219672,0.000920381465414731,3683.64687611091,0.0502725466029512,2.19071471127767e-05,0.207393921369415,0.190098324838902,-33.0015601735599,0.230550539766482,0.189749283810992,-34.6253275202505,TRUE,-0.00419867038013163,0.000984800210422275,0.200440223488397,2026-06-07 13:36:42,2026-06-07 13:38:01,NA
"31","2026-06-07 14:36:30","Collar_31_2026-06-07 14:36:30",2026-06-07 14:38:09.5,NA,NA,NA,NA,NA,-24.928188977323,-0.0115014529552282,0.000977913530623676,3688.23549464538,0.0534150299515021,5.90235114067994e-19,0.639433441960788,0.201981168672371,-41.819189886421,0.722300649533168,0.179575091263673,-24.8254428328939,TRUE,-0.0116034922372602,0.000980988810574395,0.184440625174569,2026-06-07 14:37:30,2026-06-07 14:38:49,"Time changed"
"31","2026-06-07 15:39:28","Collar_31_2026-06-07 15:39:28",2026-06-07 15:40:17.5,-19.7713398691958,-0.0137213335438074,3.80570179031562e-10,0.396970293603202,0.208597128227836,-15.452687766994,-0.0069253430169497,0.0010375766555006,3692.03479307747,0.0566739148145317,3.25640508867895e-09,0.363522154184566,0.214304167906876,-18.3623354568782,0.416187998940851,0.207929441036619,-15.4350685588086,TRUE,-0.00681528127934543,0.00101377747468327,0.181076834300119,2026-06-07 15:39:38,2026-06-07 15:40:57,NA
"31","2026-06-07 16:36:30","Collar_31_2026-06-07 16:36:30",2026-06-07 16:37:19.5,NA,NA,NA,NA,NA,26.5690178013405,-0.0102342196874183,0.001349215773333,3718.19775948133,0.073696087319355,5.95552301792222e-11,0.42451107142184,0.278671038036661,-22.2608590491819,0.702668841498666,0.20292430422547,26.6154177803713,TRUE,-0.0100435653935341,0.00139272931378991,0.334944855725017,2026-06-07 16:36:40,2026-06-07 16:37:59,NA
"31","2026-06-07 17:36:30","Collar_31_2026-06-07 17:36:30",2026-06-07 17:37:19.5,NA,NA,NA,NA,NA,-23.7139250712353,0.000947908954302939,0.000985363295453965,3672.27852030174,0.0538219467177399,0.339027793681287,0.0117252893641153,0.203519865254058,-34.2022884802672,0.175434844042364,0.188330630296914,-23.6546739013483,TRUE,0.001123738006764,0.000957287325019708,0.214241967375489,2026-06-07 17:36:40,2026-06-07 17:37:59,NA
"31","2026-06-07 18:36:32","Collar_31_2026-06-07 18:36:32",2026-06-07 18:37:21.5,-11.8326561521246,-0.0180216383652396,0.00231666132886645,0.112841903250165,0.219208109178891,-14.1167349319299,-0.00369434991381631,0.001046276384258,3668.53889806373,0.0571491063908769,0.00069855327096456,0.137812970007373,0.216101035755132,-13.6971224827833,0.175549276507518,0.214081413042696,-14.0129417153864,TRUE,-0.00336240258141201,0.00115432373579061,0.203864644292852,2026-06-07 18:36:42,2026-06-07 18:38:01,NA
"31","2026-06-07 19:36:30","Collar_31_2026-06-07 19:36:30",2026-06-07 19:37:19.5,1.9049826292642,-0.0335256598533379,1.88139459590595e-34,0.855055295958866,0.23886099962217,-1.90930776281984,-0.0249049212601495,0.00112922773670196,3641.50016953706,0.0616800274146263,2.91921393093405e-35,0.861803900361784,0.233234054764389,-7.41861557561549,0.877292025594328,0.222649112486792,-1.82161806169251,TRUE,-0.0252244295933318,0.00112589542310389,0.256687900341357,2026-06-07 19:36:40,2026-06-07 19:37:59,NA
"31","2026-06-07 20:36:32","Collar_31_2026-06-07 20:36:32",2026-06-07 20:37:21.5,NA,NA,NA,NA,NA,-40.191541071547,0.00919155822893024,0.000888936052554434,3647.29153277106,0.0485549533626788,2.81448485019579e-16,0.578183787838017,0.183603495756358,-57.6636381011117,0.677478922690688,0.162644307661888,-40.0737287170786,TRUE,0.00893524138370772,0.000781837946354164,0.186900520900368,2026-06-07 20:36:42,2026-06-07 20:38:01,NA
"31","2026-06-07 21:36:30","Collar_31_2026-06-07 21:36:30",2026-06-07 21:37:19.5,82.5121029292972,0.0539567332677569,3.68703703588327e-30,0.81336691218568,0.395312382086907,35.9003492099983,0.0370325667873444,0.00143024296626652,3700.75961581454,0.0781219080099328,4.76161465442964e-40,0.895780664796599,0.295406635418688,28.9792552026276,0.909079636628146,0.279522764914242,36.5037743475058,TRUE,0.0363290024172208,0.00140054748022864,0.273226651408525,2026-06-07 21:36:40,2026-06-07 21:37:59,NA
"31","2026-06-07 22:36:32","Collar_31_2026-06-07 22:36:32",2026-06-07 22:37:21.5,NA,NA,NA,NA,NA,8.55733782631532,-0.0372794244936406,0.00120556762626649,3693.54516475791,0.0658498209187444,1.55942642135739e-45,0.924580429480315,0.249001522569779,5.54321183026401,0.930911366597207,0.241436975232274,8.6601131406446,TRUE,-0.0369454886060471,0.00122579858034835,0.239305831099182,2026-06-07 22:36:42,2026-06-07 22:38:01,NA
"31","2026-06-07 23:36:30","Collar_31_2026-06-07 23:36:30",2026-06-07 23:37:19.5,NA,NA,NA,NA,NA,-28.4615446491198,-0.00845595276619082,0.0009565545122987,3721.74037168991,0.0522483699474876,2.20575482805346e-13,0.50046687470182,0.197569613511434,-32.6942315200236,0.54931649657074,0.190114105273497,-28.4332609288118,TRUE,-0.00830624747371372,0.000996041228571878,0.200141638075776,2026-06-07 23:36:40,2026-06-07 23:37:59,NA
"32","2026-06-07 00:19:28","Collar_32_2026-06-07 00:19:28",2026-06-07 00:20:17.5,NA,NA,NA,NA,NA,18.9353400367447,-0.019449415943941,0.00128635550360702,3663.16086064963,0.0702625698507591,6.78197638820163e-25,0.745603369753289,0.265687690997566,16.2559476954454,0.765981029817741,0.258155745125605,19.0548500865489,TRUE,-0.019076175793219,0.00133132129691102,0.232455680015728,2026-06-07 00:19:38,2026-06-07 00:20:57,NA
"32","2026-06-07 01:19:28","Collar_32_2026-06-07 01:19:28",2026-06-07 01:20:17.5,NA,NA,NA,NA,NA,70.8406618846891,0.00933383569849244,0.00102086582878768,3664.01873359078,0.0557611456571031,2.86601200989668e-16,0.346014345462319,0.298190697181792,72.5553141034911,0.355289104278024,0.297960523526592,71.0708381670015,TRUE,0.00884904526622311,0.000929383025354056,0.232362995351732,2026-06-07 01:19:38,2026-06-07 01:20:57,NA
"32","2026-06-07 02:19:28","Collar_32_2026-06-07 02:19:28",2026-06-07 02:20:17.5,NA,NA,NA,NA,NA,124.971560521092,-0.0189675743897651,0.00120902007631776,3658.77549580495,0.066038398658104,4.86414459767388e-34,0.609032318265916,0.353149776687214,51.2259238583515,0.759501302912422,0.278747585771375,127.902149267499,TRUE,-0.0174640550450205,0.00120904783957411,0.308320192387327,2026-06-07 02:19:38,2026-06-07 02:20:57,NA
"32","2026-06-07 03:19:29","Collar_32_2026-06-07 03:19:29",2026-06-07 03:20:18.5,418.550942173275,-0.0505623647263987,9.73676182214265e-34,0.60559636051472,0.883885766766129,383.451923460747,-0.0500644417544896,0.00271166086207974,3695.4520955264,0.148114778690024,2.73100368860891e-41,0.683283838357548,0.79206495132115,378.382558124458,0.700737100297395,0.774851303047121,383.465131870112,TRUE,-0.0497826966947428,0.00277744109107317,0.647807890559845,2026-06-07 03:19:39,2026-06-07 03:20:58,NA
"32","2026-06-07 04:19:30","Collar_32_2026-06-07 04:19:30",2026-06-07 04:20:19.5,110.824677205166,0.00930423591794573,0.180749621349649,0.0113097512077773,0.337877449112851,112.644212031671,2.1191114157382e-05,0.00116333073403193,3737.37092627646,0.0635427817040106,0.985489602449521,2.10011549657698e-06,0.339804108289078,91.0109818570133,0.148034962429264,0.315650304052894,112.76965054188,TRUE,-0.000387950436359907,0.00126082957137002,0.345621120256879,2026-06-07 04:19:40,2026-06-07 04:20:59,NA
"32","2026-06-07 05:19:28","Collar_32_2026-06-07 05:19:28",2026-06-07 05:20:17.5,NA,NA,NA,NA,NA,58.2142426741659,-0.0131172933403456,0.000981369296666197,3776.9877368115,0.0536037888150275,9.61784814440242e-28,0.530681596091713,0.286653923085285,-36.3876673589997,0.746587270867655,0.211984718446148,59.4800821742707,TRUE,-0.0126994455048872,0.000972095175967793,0.25789393734824,2026-06-07 05:19:38,2026-06-07 05:20:57,NA
"32","2026-06-07 06:19:31","Collar_32_2026-06-07 06:19:31",2026-06-07 06:20:20.5,NA,NA,NA,NA,NA,126.226532857558,-0.0584132450248552,0.00121377090719947,3770.01970127016,0.0662978958077953,2.69534826816072e-96,0.936137280453117,0.354537474789024,93.0702749686066,0.949371778364266,0.317688155656651,126.483914150908,TRUE,-0.0578648058718139,0.00127927282600134,0.356169175762599,2026-06-07 06:19:41,2026-06-07 06:21:00,NA
"32","2026-06-07 07:19:28","Collar_32_2026-06-07 07:19:28",2026-06-07 07:20:17.5,NA,NA,NA,NA,NA,-1.63885381502234,-0.012601893212066,0.0008139573030721,3766.86504978229,0.0444595072686148,1.73420412981312e-33,0.602715784535303,0.237753570385949,-7.51661552039224,0.626500777892357,0.231999734267833,-1.59549363744938,TRUE,-0.012433924900485,0.000843150556313549,0.237040074905129,2026-06-07 07:19:38,2026-06-07 07:20:57,NA
"32","2026-06-07 08:19:31","Collar_32_2026-06-07 08:19:31",2026-06-07 08:20:20.5,NA,NA,NA,NA,NA,50.4040225971227,-0.00713363863306466,0.000957707013893738,3794.67141687031,0.0523113212261951,5.7727483947448e-12,0.259892874973254,0.279742267902144,4.53897471610581,0.458069160979615,0.240906753999988,50.6058010461179,TRUE,-0.00681805075762136,0.000940135045994686,0.261553280138719,2026-06-07 08:19:41,2026-06-07 08:21:00,NA
"32","2026-06-07 09:19:32","Collar_32_2026-06-07 09:19:32",2026-06-07 09:20:21.5,NA,NA,NA,NA,NA,175.496818657977,-0.0335351216856916,0.00141580972167572,3778.57331475625,0.0773335436321303,7.3400391317523e-54,0.780261059124467,0.41355217902102,123.635945299937,0.845017880705423,0.349529505042086,182.217373660093,TRUE,-0.030321281005271,0.00101556820078501,0.283326222880684,2026-06-07 09:19:42,2026-06-07 09:21:01,NA
"32","2026-06-07 10:19:31","Collar_32_2026-06-07 10:19:31",2026-06-07 10:20:20.5,NA,NA,NA,NA,NA,202.131413914336,-0.00903562656046086,0.00153869509923193,3762.84479536386,0.0840457179882618,2.45740183519843e-08,0.179150443134493,0.449446490862614,119.909868422621,0.521117535933649,0.345483190238619,203.759910031581,TRUE,-0.00916039795933685,0.00146310141347,0.372740979444905,2026-06-07 10:19:41,2026-06-07 10:21:00,NA
"32","2026-06-07 11:19:32","Collar_32_2026-06-07 11:19:32",2026-06-07 11:20:14,NA,NA,NA,NA,NA,103.197877627501,-0.0256324486300964,0.00165669394465868,3742.12444177202,0.0762079214542992,4.2899534389145e-31,0.651590968619316,0.354393128672181,53.2357319019231,0.769952976406755,0.290247583242674,104.132247119417,TRUE,-0.0249436017884059,0.00164062046258128,0.331609851592973,2026-06-07 11:19:42,2026-06-07 11:20:46,"Time changed"
"32","2026-06-07 11:44:47","Collar_32_2026-06-07 11:44:47",2026-06-07 11:45:36.5,NA,NA,NA,NA,NA,-10.6574886252481,-0.0102819661406305,0.001069143488464,3736.39763730523,0.0583981401937822,6.89567666218466e-15,0.542486913713918,0.220824075458585,-18.2852135254029,0.604378111949789,0.208029689695856,-10.5440517064111,TRUE,-0.010420886992488,0.000998817055003545,0.199429567944938,2026-06-07 11:44:57,2026-06-07 11:46:16,NA
"32","2026-06-07 12:39:31","Collar_32_2026-06-07 12:39:31",2026-06-07 12:40:20.5,NA,NA,NA,NA,NA,-0.459835832778751,-0.0309622723595776,0.00113950411371463,3697.90253254424,0.0622413377644018,1.60416879224533e-41,0.904447091536678,0.235356568231825,-30.862532715183,0.937844059393443,0.192303059691683,-0.39660231210895,TRUE,-0.0312427086286058,0.00123205146184388,0.263553904404802,2026-06-07 12:39:41,2026-06-07 12:41:00,NA
"32","2026-06-07 13:39:32","Collar_32_2026-06-07 13:39:32",2026-06-07 13:40:21.5,NA,NA,NA,NA,NA,-39.7402215361487,-0.0183983991198128,0.00089144705613152,3683.30275282328,0.0486921079546527,2.44491628836376e-33,0.845225854675289,0.184122125902233,-43.6548047089206,0.859804954148648,0.177526672199701,-39.5891035119863,TRUE,-0.0180732955406026,0.000948289456199637,0.178273920716815,2026-06-07 13:39:42,2026-06-07 13:41:01,NA
"32","2026-06-07 14:39:30","Collar_32_2026-06-07 14:39:30",2026-06-07 14:40:19.5,NA,NA,NA,NA,NA,34.0316893970764,-0.0177061356661148,0.00141363614687192,3688.10194263288,0.0772148198803757,2.33373240796113e-20,0.66791793741251,0.291976613556619,-6.54607937765087,0.809784050101289,0.223866613011574,34.0571109006469,TRUE,-0.0175713339431048,0.00156650903056968,0.343470819257824,2026-06-07 14:39:40,2026-06-07 14:40:59,NA
"32","2026-06-07 15:42:26","Collar_32_2026-06-07 15:42:26",2026-06-07 15:43:15.5,33.9031214171245,-0.0441201045300212,6.65736495518344e-24,0.73032887691088,0.291742090023677,35.3115000017041,-0.0204620541964079,0.00142498890648512,3691.29939958496,0.0778349237809576,1.32697582082142e-23,0.72553935353888,0.294321446287248,22.6423224272119,0.77716241971778,0.26866840072828,35.5028078124542,TRUE,-0.0210107705213653,0.00152097430652083,0.26012144738995,2026-06-07 15:42:36,2026-06-07 15:43:55,NA
"32","2026-06-07 16:39:28","Collar_32_2026-06-07 16:39:28",2026-06-07 16:40:17.5,48.4335864515357,-0.0362369918674936,8.6056990941292e-25,0.744051737904588,0.319477089883518,3.78937815518862,-0.024946297300819,0.00117017202419318,3717.61397149532,0.0639164627171335,2.84378046412073e-34,0.853515046139358,0.241690809660355,0.464644399012464,0.866331407374075,0.233893859474651,4.18504182403608,TRUE,-0.0244318673907069,0.00111419489191109,0.19607663944396,2026-06-07 16:39:38,2026-06-07 16:40:57,NA
"32","2026-06-07 17:39:28","Collar_32_2026-06-07 17:39:28",2026-06-07 17:40:17.5,NA,NA,NA,NA,NA,52.8523586592347,-0.0260330770305164,0.00159009600573892,3672.97992249619,0.0868533087154851,5.94318411510359e-27,0.774594423912873,0.328423157552168,23.9107579627461,0.850674075286288,0.270806794240667,52.8532187821923,TRUE,-0.0260164259147526,0.00180200048352357,0.34618160343744,2026-06-07 17:39:38,2026-06-07 17:40:57,NA
"32","2026-06-07 18:39:30","Collar_32_2026-06-07 18:39:30",2026-06-07 18:40:19.5,NA,NA,NA,NA,NA,43.3956011611401,-0.0354733935424841,0.00149883728023095,3668.55419418583,0.0818686271422224,2.41005777289513e-37,0.877769747049382,0.30957430900633,32.0907955486626,0.899052910312581,0.285011880438909,44.7553430152334,TRUE,-0.0343205074287025,0.00133844824521206,0.24488429528933,2026-06-07 18:39:40,2026-06-07 18:40:59,NA
"32","2026-06-07 19:39:28","Collar_32_2026-06-07 19:39:28",2026-06-07 19:40:17.5,91.1783120179769,-0.0635808945517982,2.00604274231602e-37,0.878342475160265,0.417314485687719,84.8332769715578,-0.0481996722242905,0.00194191603936743,3639.13981606578,0.106070220073507,9.05234887459635e-39,0.887618763810554,0.401089113517948,70.9160528063661,0.910168860193656,0.363285389742467,84.9421398242773,TRUE,-0.0484725133072655,0.00201310141181587,0.344233196948142,2026-06-07 19:39:38,2026-06-07 19:40:57,NA
"32","2026-06-07 20:39:31","Collar_32_2026-06-07 20:39:31",2026-06-07 20:40:20.5,NA,NA,NA,NA,NA,28.5567318440509,-0.0201548421044269,0.00136608191687769,3650.02309557081,0.0746173401033631,2.8125002188809e-24,0.73619538983395,0.282154621479853,16.8972989631284,0.783093625806194,0.259192625090604,28.7740961891223,TRUE,-0.019584698622904,0.00139264091553064,0.305842572583688,2026-06-07 20:39:41,2026-06-07 20:41:00,NA
"32","2026-06-07 21:39:29","Collar_32_2026-06-07 21:39:29",2026-06-07 21:40:18.5,NA,NA,NA,NA,NA,148.192701458788,0.0966468623996301,0.00288542308140188,3709.4758562263,0.157605918610761,4.71699761923307e-48,0.934994914245492,0.595963863721262,142.447813368376,0.942449984293804,0.568079984462872,148.201161866623,TRUE,0.0968763993832299,0.00325000057347311,0.643725365984084,2026-06-07 21:39:39,2026-06-07 21:40:58,NA
"32","2026-06-07 22:39:31","Collar_32_2026-06-07 22:39:31",2026-06-07 22:40:20.5,NA,NA,NA,NA,NA,53.7261908172011,-0.0569666276888978,0.00159880399462184,3687.49221360965,0.0873289514716521,5.08775598162726e-50,0.942117271361948,0.330221731471313,49.9186241197098,0.947499407252922,0.318605861097083,53.847391532553,TRUE,-0.0573864898161464,0.00166737108931844,0.331915298711989,2026-06-07 22:39:41,2026-06-07 22:41:00,NA
"32","2026-06-07 23:39:30","Collar_32_2026-06-07 23:39:30",2026-06-07 23:40:19.5,NA,NA,NA,NA,NA,-31.0362369168856,-0.0217350081790825,0.000941284989637218,3720.84231880792,0.0514143268702965,1.30116327417819e-36,0.872378919886212,0.194415800893392,-39.8020294342283,0.891201977853861,0.181853371089135,-30.8617000552545,TRUE,-0.0214003825415172,0.000996217062053138,0.19643147499607,2026-06-07 23:39:40,2026-06-07 23:40:59,NA
"38","2026-06-07 00:22:32","Collar_38_2026-06-07 00:22:32",2026-06-07 00:23:21.5,330.546615585207,-0.471936078987337,6.17794486717209e-57,0.9615112069238,1.86290429376867,195.299609823755,-0.404588484741315,0.00387323360557892,3663.28718827254,0.21156153644711,1.41170811078222e-85,0.992902237894378,0.799989186873198,70.8767039884482,0.998574541929526,0.363196057911028,198.291436331794,TRUE,-0.401478403327399,0.00332250600259697,0.534335407422244,2026-06-07 00:22:42,2026-06-07 00:24:01,NA
"38","2026-06-07 00:43:43","Collar_38_2026-06-07 00:43:43",2026-06-07 00:44:32.5,315.091968174792,-0.804154176144021,1.93082702907204e-69,0.981600633810665,1.6913806902657,313.958023041278,-0.528325419058299,0.008131169781437,3658.09517500803,0.444136075240936,1.11073464286946e-69,0.981859592590364,1.67943598661601,104.819685099034,0.998736465845242,0.449028529063296,317.243710911794,TRUE,-0.516373745398309,0.00669376942627505,1.53907470847581,2026-06-07 00:43:53,2026-06-07 00:45:12,NA
"38","2026-06-07 01:43:43","Collar_38_2026-06-07 01:43:43",2026-06-07 01:44:32.5,619.782619302731,-0.512070310229997,5.99023516514427e-117,0.965013759775035,1.65768415871506,404.487273015974,-0.379637426506338,0.00289590241872221,3700.30693522262,0.158178314941631,4.03056306660866e-163,0.990890125514917,0.845881149959439,131.797129498995,0.998383852005779,0.358558447223911,405.703410128826,TRUE,-0.377257759630261,0.00261412966484788,0.939011664425195,2026-06-07 01:43:53,2026-06-07 01:45:12,NA
"38","2026-06-07 02:43:42","Collar_38_2026-06-07 02:43:42",2026-06-07 02:44:31.5,633.609334667352,-0.416205759498064,1.53631141998974e-106,0.952617045274059,1.73088013679717,244.563879533464,-0.341470135251673,0.00175687414168186,3676.23227397269,0.095962968054145,5.66008507798996e-190,0.995834949232988,0.513175689101976,63.0294933122316,0.998693778588419,0.289221495902834,244.910144637225,TRUE,-0.341017431076831,0.00169318686313527,0.53540634240209,2026-06-07 02:43:52,2026-06-07 02:45:11,NA
"38","2026-06-07 03:43:43","Collar_38_2026-06-07 03:43:43",2026-06-07 03:44:32.5,NA,NA,NA,NA,NA,251.20110085022,-0.246158416405483,0.00179369455643791,3703.26558212834,0.0979741515539451,3.09982157104365e-166,0.991680514513596,0.523930780355907,121.934597240344,0.996382855997807,0.347676088495991,257.294179991697,TRUE,-0.249894684349222,0.00167268936515933,0.415177869809752,2026-06-07 03:43:53,2026-06-07 03:45:12,NA
"38","2026-06-07 04:43:40","Collar_38_2026-06-07 04:43:40",2026-06-07 04:44:29.5,716.115677354138,-0.475321184817448,6.00882588002332e-103,0.947388644262254,2.23996972383483,318.584874707978,-0.419325303602763,0.00221411280565171,3744.66681647446,0.120937995156345,3.3455211811218e-188,0.995614233248036,0.646733216587792,151.503287115214,0.998494530896968,0.381333157436899,318.923311131512,TRUE,-0.420538236298316,0.00227238982397647,0.723179209747393,2026-06-07 04:43:50,2026-06-07 04:45:09,NA
"38","2026-06-07 05:43:40","Collar_38_2026-06-07 05:43:40",2026-06-07 05:44:29.864197,681.029838625837,-0.765198012299879,1.87458913727331e-130,0.975262593424751,1.95560215689065,613.610506610448,-0.528730344980837,0.00538336271088014,3768.46090299976,0.29602210632139,6.4845589471778e-145,0.983683973948596,1.58821984801978,219.151868423766,0.998605513015265,0.46724224775254,613.752933550953,TRUE,-0.527025522017446,0.00540443303771638,2.11865199726284,2026-06-07 05:43:50,2026-06-07 05:45:09,NA
"38","2026-06-07 06:43:40","Collar_38_2026-06-07 06:43:40",2026-06-07 06:44:29.5,621.213658620277,-0.535911439409835,5.68630879367762e-122,0.969777300799264,1.6651139192921,454.074845513287,-0.409976653530906,0.0033812921955739,3757.83039520334,0.184690995926984,8.13734409927711e-158,0.989366858403385,0.987661501385446,138.668033633225,0.998555615737198,0.366340509557815,456.664979729366,TRUE,-0.405784654313851,0.00320256115501339,0.958051204283306,2026-06-07 06:43:50,2026-06-07 06:45:09,NA
"38","2026-06-07 07:43:44","Collar_38_2026-06-07 07:43:44",2026-06-07 07:44:33.5,594.780390441637,-0.759628639787421,6.33418315692035e-135,0.979279706055623,1.53309654852758,564.827198393311,-0.454371470277206,0.00477961044140075,3774.25880606582,0.261069130233949,2.38763387707349e-141,0.982817246908851,1.3961044924691,182.978552778145,0.998459122409003,0.420747809636066,569.456051056372,TRUE,-0.446418886298427,0.00436269630075681,1.2768835083886,2026-06-07 07:43:54,2026-06-07 07:45:13,NA
"38","2026-06-07 08:43:41","Collar_38_2026-06-07 08:43:41",2026-06-07 08:44:30.5,671.467735315231,-0.311471644237567,3.00541662869257e-97,0.937885521114538,1.94826168372403,145.980974306775,-0.336006780827774,0.00129106130256667,3817.76984063941,0.070519607292725,6.06748192366029e-210,0.997672751054707,0.377113680427496,106.113187528396,0.998230825254374,0.330904349996406,146.154543409871,TRUE,-0.335479395148998,0.00139304797107921,0.383632138685525,2026-06-07 08:43:51,2026-06-07 08:45:10,NA
"38","2026-06-07 09:43:39","Collar_38_2026-06-07 09:43:39",2026-06-07 09:44:28.5,642.033524873591,-0.309475305771398,2.90856863312589e-98,0.939694103886198,1.77705166517125,160.656642581371,-0.31093952795488,0.0013516499868728,3779.82076839925,0.0738290475301151,1.69022594973109e-201,0.997023273031197,0.39481138516508,129.556975959999,0.99760962215424,0.356057131473943,160.734585000252,TRUE,-0.311191445006226,0.00144286958718002,0.403319013514042,2026-06-07 09:43:49,2026-06-07 09:45:08,NA
"38","2026-06-07 10:43:39","Collar_38_2026-06-07 10:43:39",2026-06-07 10:44:28.5,NA,NA,NA,NA,NA,-7.821904170537,-0.240710637851299,0.000798380961612695,3770.00581255783,0.0436087053116583,5.12361097563281e-220,0.998264867474718,0.233203785303185,-25.6187228456403,0.998485850830048,0.219240026462065,-7.23158295548758,TRUE,-0.240691037809991,0.000734802843632125,0.228725114505308,2026-06-07 10:43:49,2026-06-07 10:45:08,NA
"38","2026-06-07 11:43:40","Collar_38_2026-06-07 11:43:40",2026-06-07 11:44:29.5,600.631626102937,-0.264810372412282,1.40046441570968e-91,0.926732412922692,1.56138725085628,35.6941726787144,-0.247965618078158,0.000914679398013138,3742.9365914565,0.0499610915596333,9.75545179535174e-213,0.997854743272291,0.267174078806479,37.3353573095127,0.997886137937614,0.266906561804178,36.0096026871667,TRUE,-0.247587904819564,0.000858916909234721,0.244579042878934,2026-06-07 11:43:50,2026-06-07 11:45:09,NA
"38","2026-06-07 12:43:40","Collar_38_2026-06-07 12:43:40",2026-06-07 12:44:29.5,280.398772271016,-0.437201913689348,1.59202567296622e-59,0.96696433372129,1.36167110276258,179.303971495091,-0.318845800601144,0.00350474223465582,3700.76924803024,0.191434012899936,6.21127341903317e-81,0.990663767815761,0.723879883326427,43.9373883479665,0.998364709482494,0.306915378690191,183.316470990253,TRUE,-0.312759226273596,0.00298001818998045,0.575820260317361,2026-06-07 12:43:50,2026-06-07 12:45:09,NA
"38","2026-06-07 13:43:40","Collar_38_2026-06-07 13:43:40",2026-06-07 13:44:29.5,260.854539192005,-0.375766433227547,1.92505251002629e-59,0.966803113126439,1.20509842094199,160.008974706607,-0.281486421101382,0.00310658249467384,3678.50863854708,0.169685960776089,8.48050718424556e-81,0.990588931029228,0.641642786608318,33.3829743998934,0.998161294957215,0.28732298979966,160.75143382828,TRUE,-0.279347865704033,0.00292292013012983,0.647572729803308,2026-06-07 13:43:50,2026-06-07 13:45:09,NA
"38","2026-06-07 14:43:37","Collar_38_2026-06-07 14:43:37",2026-06-07 14:44:26.5,179.813786698943,-0.507325459372312,1.14501108092964e-79,0.989939496857981,0.726190092998648,275.849510602183,-0.304366555239319,0.00640786790207256,3714.28833312395,0.350006871973828,2.49119237563746e-59,0.966583034292592,1.32350009180603,79.8947038119165,0.997255418398099,0.384254576205367,284.600792223751,TRUE,-0.288035936370561,0.00427088384788276,1.01261472209648,2026-06-07 14:43:47,2026-06-07 14:45:06,NA
"38","2026-06-07 15:43:37","Collar_38_2026-06-07 15:43:37",2026-06-07 15:44:26.5,NA,NA,NA,NA,NA,40.5592210155727,-0.201714817486546,0.00147250095500589,3690.70899547829,0.0804300995458081,1.03657435041782e-94,0.995860682343365,0.304134726077049,31.8682390286207,0.996467896159663,0.284615710707768,41.1721861787591,TRUE,-0.202662925881831,0.0014076958537106,0.295610165804139,2026-06-07 15:43:47,2026-06-07 15:45:06,NA
"38","2026-06-07 16:46:27","Collar_38_2026-06-07 16:46:27",2026-06-07 16:47:16.5,292.990234966958,-0.205720841425434,5.55331724998513e-46,0.926548981063009,1.47315938994872,66.7578225451534,-0.23192226134703,0.00173447286783889,3724.95060031512,0.0947393785691821,6.78792469389789e-94,0.995656356032052,0.358243183989069,68.2954261881176,0.995788016548739,0.357383632856375,66.8977401683764,TRUE,-0.232537051687409,0.00186132115594113,0.377307506687987,2026-06-07 16:46:37,2026-06-07 16:47:56,NA
"38","2026-06-07 17:43:40","Collar_38_2026-06-07 17:43:40",2026-06-07 17:44:29.5,287.597515288704,-0.346481211057658,1.09580487300601e-54,0.956049155556114,1.42433471970615,121.835102104966,-0.289707765494357,0.00244718049114232,3665.5431080055,0.133668484112018,8.63809797420032e-90,0.994465276152363,0.505447935910978,45.3759149002862,0.997975542359503,0.30968723260779,122.97294572961,TRUE,-0.287545276961206,0.00233247828217578,0.475057798483572,2026-06-07 17:43:50,2026-06-07 17:45:09,NA
"38","2026-06-07 18:43:42","Collar_38_2026-06-07 18:43:42",2026-06-07 18:44:31.5,279.403985681632,-0.478091214016347,1.29856081511897e-63,0.97404687616139,1.35323129091046,226.121883586331,-0.35677902981927,0.00469608379450785,3648.56696095659,0.256506785807968,6.75971308336432e-75,0.986666686135092,0.969943111834388,47.0439146686996,0.998647721302147,0.31293260868755,227.160188575637,TRUE,-0.352949716182582,0.00468266324179588,1.03357530952695,2026-06-07 18:43:52,2026-06-07 18:45:11,NA
"38","2026-06-07 19:43:41","Collar_38_2026-06-07 19:43:41",2026-06-07 19:44:30.5,285.950339219413,-0.67425060476462,1.62871019540778e-71,0.983720627594648,1.40974662675938,311.184653890828,-0.467152036686887,0.00799144217170173,3630.26888901098,0.436503954173646,3.59516887510839e-66,0.97768346813195,1.65057623058816,68.1670568109625,0.998982236289507,0.357097015884661,312.499447264511,TRUE,-0.459740252530636,0.00813465828116774,1.72460572234874,2026-06-07 19:43:51,2026-06-07 19:45:10,NA
"38","2026-06-07 20:43:43","Collar_38_2026-06-07 20:43:43",2026-06-07 20:44:32.5,243.771942588491,-0.947050350646373,6.28591745511228e-83,0.99170095158541,1.08306502954656,353.600957738947,-0.499972237766055,0.010417354732214,3612.79555890398,0.56901075362129,1.13891972264986e-59,0.967246705620392,2.15163142486159,118.47639382863,0.998351366933715,0.489038321950002,356.939489561099,TRUE,-0.483997870579889,0.00898118128368395,1.94735892912794,2026-06-07 20:43:53,2026-06-07 20:45:12,NA
"38","2026-06-07 21:43:39","Collar_38_2026-06-07 21:43:39",2026-06-07 21:44:28.5,331.610992055508,-0.45888052668919,2.5368853362924e-54,0.955093450343081,1.87533830247599,151.468930177534,-0.377514176431002,0.00294511529978146,3683.93362853232,0.160866392602345,1.8036960517013e-92,0.99527528197117,0.608292872014321,69.985542114015,0.998377017457867,0.361178765546527,153.067116268814,TRUE,-0.374547558321058,0.0027415409996308,0.531722262983692,2026-06-07 21:43:49,2026-06-07 21:45:08,NA
"38","2026-06-07 22:43:42","Collar_38_2026-06-07 22:43:42",2026-06-07 22:44:31.5,293.332577700401,-0.647019621561461,4.67472497444268e-65,0.976166746888611,1.47631479829437,257.731187969148,-0.405772101070478,0.00572182081228866,3677.68032814044,0.312534002746242,1.35030972178278e-72,0.984727338142897,1.18180188575865,117.346462923083,0.997487557568331,0.48559686618819,262.18843592606,TRUE,-0.395522975805663,0.00382667239336842,0.931542089663666,2026-06-07 22:43:52,2026-06-07 22:45:11,NA
"38","2026-06-07 23:43:41","Collar_38_2026-06-07 23:43:41",2026-06-07 23:44:30.5,298.741242638677,-0.450660837658485,4.32324141522198e-58,0.964047233947957,1.5270734673295,173.569934001102,-0.34307694736992,0.00338136421261194,3726.87427302147,0.184694929600181,1.34452738954514e-84,0.992480011077567,0.698397019759732,56.7246184620952,0.998339700146587,0.332450926044379,180.606424412035,TRUE,-0.335623458127365,0.00250099716047359,0.479006419942131,2026-06-07 23:43:51,2026-06-07 23:45:10,NA
"40","2026-06-07 00:19:33","Collar_40_2026-06-07 00:19:33",2026-06-07 00:20:22.5,333.404282741947,-0.463449662770264,7.82285088181922e-58,0.963496609963218,1.89647545144153,240.845379967141,-0.421998303408488,0.00514873358469602,3661.26841619302,0.281231162087967,1.95659872640484e-77,0.988522152775474,1.06343474556115,97.5504938416349,0.998179278642674,0.429084547307622,240.845379967149,TRUE,-0.421998303408488,0.00514873358469602,1.49714883965716,2026-06-07 00:19:43,2026-06-07 00:21:02,NA
"40","2026-06-07 00:40:43","Collar_40_2026-06-07 00:40:43",2026-06-07 00:41:32.5,336.485766913558,-0.971178762491791,1.64581056566049e-71,0.983716268130618,1.93335418466414,382.967691338387,-0.638345251939964,0.0125160926039139,3658.63230398289,0.683646805548812,1.14879820807444e-61,0.970886830849909,2.58511098597632,143.647559469835,0.998609464434904,0.572355693361593,382.967772244749,TRUE,-0.638249284680494,0.012666811160584,3.43956220978032,2026-06-07 00:40:53,2026-06-07 00:42:12,NA
"40","2026-06-07 01:40:42","Collar_40_2026-06-07 01:40:42",2026-06-07 01:41:31.5,753.361031404045,-0.510316023118635,2.30984751295647e-108,0.955068131644313,2.51646233784486,557.236802993384,-0.507496840431848,0.00466757217648553,3688.85229116886,0.25494944062055,2.00026553474092e-150,0.986811161834524,1.36337857748203,364.256013543244,0.996149353931241,0.741389176658883,557.241030207008,TRUE,-0.507267566206923,0.004758752766131,1.82209778517054,2026-06-07 01:40:52,2026-06-07 01:42:11,NA
"40","2026-06-07 02:40:43","Collar_40_2026-06-07 02:40:43",2026-06-07 02:41:32.5,662.7494349458,-0.328184853282048,7.83756926600172e-102,0.945650769921063,1.89589844968249,296.442265193191,-0.348997543430305,0.00206608627510929,3669.56260330278,0.11285257521385,2.16310637684005e-180,0.99449305162099,0.603495277674445,182.091982362341,0.997371741738437,0.419583727442799,296.458509710793,TRUE,-0.348906932974476,0.00217805452254366,0.672242510220034,2026-06-07 02:40:53,2026-06-07 02:42:12,NA
"40","2026-06-07 03:40:42","Collar_40_2026-06-07 03:40:42",2026-06-07 03:41:31.5,NA,NA,NA,NA,NA,325.912969305639,-0.301151572543955,0.00226540166707199,3703.3117489998,0.123739465821339,4.54198632529096e-164,0.991138411979317,0.661714481425247,248.794679201297,0.994662610529463,0.516827427203135,331.030751370494,TRUE,-0.3055628886556,0.00175617316486026,0.439489215515093,2026-06-07 03:40:52,2026-06-07 03:42:11,NA
"40","2026-06-07 04:40:41","Collar_40_2026-06-07 04:40:41",2026-06-07 04:41:30.5,675.624374424272,-0.336220600294809,6.06131458750237e-101,0.944225627793243,1.97373369962969,263.825018235224,-0.358879694461676,0.0018658696274111,3749.57057297206,0.101916456734369,2.93662444844452e-189,0.995747238620696,0.545012820841284,176.659116176602,0.997594442656449,0.412520288093188,265.626977476459,TRUE,-0.357350921703974,0.00188011510947439,0.468787421076162,2026-06-07 04:40:51,2026-06-07 04:42:10,NA
"40","2026-06-07 05:40:41","Collar_40_2026-06-07 05:40:41",2026-06-07 05:41:30.5,626.481875663381,-0.593967390679486,3.88472613807398e-123,0.970786520593893,1.69275388311067,475.331194672948,-0.423764707018355,0.00361352602524455,3776.02147281485,0.197375938490054,1.49201890268818e-155,0.988641816809767,1.05549604499136,161.966489960121,0.998437309421219,0.39400788858821,479.979722439016,TRUE,-0.41726148706058,0.00350413160572131,0.990546747198403,2026-06-07 05:40:51,2026-06-07 05:42:10,NA
"40","2026-06-07 06:40:41","Collar_40_2026-06-07 06:40:41",2026-06-07 06:41:30.5,711.656032161227,-0.323822518040721,1.42630429852832e-92,0.928819625326938,2.20896914924326,264.397604654558,-0.355521845771843,0.00186921127745896,3740.83056710967,0.102098982419723,1.70764773019296e-188,0.995651408620337,0.545988903034859,246.847135560818,0.996199390152438,0.513691529631464,264.453718635948,TRUE,-0.355961844422222,0.00180626179635261,0.507594347958091,2026-06-07 06:40:51,2026-06-07 06:42:10,NA
"40","2026-06-07 07:40:43","Collar_40_2026-06-07 07:40:43",2026-06-07 07:41:32.5,684.765227498148,-0.60887346289621,9.6581572783059e-122,0.969573998643829,2.03092670503522,546.198368555599,-0.497826533041075,0.0045093091155562,3776.97853148516,0.246304886807734,1.85241433398209e-151,0.987202438023181,1.31715059027172,202.378703503498,0.998544452999045,0.447044927368842,546.215422540829,TRUE,-0.497524302278426,0.00480216424567832,1.67045968335285,2026-06-07 07:40:53,2026-06-07 07:42:12,NA
"40","2026-06-07 08:40:41","Collar_40_2026-06-07 08:40:41",2026-06-07 08:41:30.5,742.12659799142,-0.42285769677456,2.57595079204009e-101,0.944826282407537,2.4296482082918,374.91485272914,-0.443884427477276,0.00264027470156153,3811.88731759875,0.144215564922349,4.54660900517279e-180,0.994441027431013,0.771213348325157,257.900486844163,0.997390722104523,0.53174532970135,374.959894244496,TRUE,-0.44376124927969,0.00263476317749545,0.889941100253024,2026-06-07 08:40:51,2026-06-07 08:42:10,NA
"40","2026-06-07 09:40:40","Collar_40_2026-06-07 09:40:40",2026-06-07 09:41:29.5,725.011483869919,-0.361864340493061,6.92050813950366e-98,0.939029022953599,2.30311313570481,263.488678036274,-0.400696635162254,0.00186390951093931,3774.37026810105,0.101809392380753,7.27296543542616e-197,0.996592835473062,0.544440278906,200.419401718162,0.997759503593459,0.444316115140776,263.605281865791,TRUE,-0.400106928033636,0.00172883283886698,0.381421876260402,2026-06-07 09:40:50,2026-06-07 09:42:09,NA
"40","2026-06-07 10:40:40","Collar_40_2026-06-07 10:40:40",2026-06-07 10:41:29.5,NA,NA,NA,NA,NA,176.046866012447,-0.263782126948577,0.00141824544693212,3766.16024158558,0.077466586415004,5.7599281013639e-187,0.995453365212483,0.414263644320246,10.1328784745453,0.998427880152345,0.245155056737992,185.800528323291,TRUE,-0.267539253994771,0.00117546543181014,0.336768391016831,2026-06-07 10:40:50,2026-06-07 10:42:09,NA
"40","2026-06-07 11:40:40","Collar_40_2026-06-07 11:40:40",2026-06-07 11:41:29.5,787.890644225166,-0.341169884642822,1.61013055957617e-86,0.915094521960128,2.80319299016557,331.747370453771,-0.412971536362213,0.00230708444712274,3742.01416589911,0.126016238639333,2.38108613513865e-184,0.995093096193458,0.6738898495229,240.950223734054,0.997286712534479,0.504311987280772,336.503522262884,TRUE,-0.417417926973804,0.00191450541891782,0.541217868227184,2026-06-07 11:40:50,2026-06-07 11:42:09,NA
"40","2026-06-07 12:40:41","Collar_40_2026-06-07 12:40:41",2026-06-07 12:41:30.5,349.069432208953,-0.319486275130317,6.65667550505197e-47,0.930433917724811,2.09154770806342,32.8333517367059,-0.338856388720556,0.00140308811255716,3706.73124934232,0.0766386712218202,7.16540117556652e-114,0.998664472801656,0.289797991182172,24.4062267928237,0.998856621978935,0.271646696057641,32.8707209944869,TRUE,-0.339124240581642,0.0014914870375114,0.284761741255838,2026-06-07 12:40:51,2026-06-07 12:42:10,NA
"40","2026-06-07 13:40:39","Collar_40_2026-06-07 13:40:39",2026-06-07 13:41:28.5,NA,NA,NA,NA,NA,175.790721286583,-0.260779002659644,0.00342862450500093,3688.93728338676,0.187276354086521,6.19828493961068e-75,0.986696291872365,0.708158301089421,20.8129159433747,0.998176386018751,0.265613997492829,179.576041510903,TRUE,-0.266466725346785,0.00327419920682711,0.586726304786519,2026-06-07 13:40:49,2026-06-07 13:42:08,NA
"40","2026-06-07 14:40:38","Collar_40_2026-06-07 14:40:38",2026-06-07 14:41:27.5,NA,NA,NA,NA,NA,230.891243262561,-0.302236122629273,0.00483817422900015,3698.63860339092,0.264267967729019,2.2558793662907e-68,0.980403888703786,0.999290892713967,107.835125264942,0.995996657375305,0.457571394401496,249.735356817622,TRUE,-0.321108482258636,0.00196639060246381,0.335270931915536,2026-06-07 14:40:48,2026-06-07 14:42:07,NA
"40","2026-06-07 15:40:38","Collar_40_2026-06-07 15:40:38",2026-06-07 15:41:27.5,NA,NA,NA,NA,NA,176.372416364718,-0.310450518631827,0.00344111227898152,3689.75429419181,0.187958454088527,1.18514472499991e-80,0.990507831833821,0.710737563062722,97.4274778861179,0.996634234843391,0.428754772562574,184.754200797938,TRUE,-0.319089640427184,0.00206917829541573,0.395949268317078,2026-06-07 15:40:48,2026-06-07 15:42:07,NA
"40","2026-06-07 16:40:38","Collar_40_2026-06-07 16:40:38",2026-06-07 16:41:27.5,301.370690300954,0.0793518457519888,0.909066173690445,0.000168310167841462,1.55237681454484,299.700198599145,-0.00958097606547794,0.00743793602974652,3701.35251342514,0.406270660303561,0.201511399984284,0.0208294767881538,1.53625342604721,234.266498469253,0.588921350808343,1.00840888715943,300.64020760928,TRUE,-0.00636099379296349,0.00713291451413936,1.54577949608696,2026-06-07 16:40:48,2026-06-07 16:42:07,"Flux unusable, remove"
"40","2026-06-07 17:40:41","Collar_40_2026-06-07 17:40:41",2026-06-07 17:41:30.5,NA,NA,NA,NA,NA,117.076021068998,-0.308240244923705,0.00237546280897221,3669.69772920164,0.129751162159508,6.98041710973153e-93,0.995388893195273,0.490635152566059,41.5921416062014,0.998292689333771,0.302449486881028,124.361515166152,TRUE,-0.313675153066099,0.00173771553086483,0.302335508750277,2026-06-07 17:40:51,2026-06-07 17:42:10,NA
"40","2026-06-07 18:40:41","Collar_40_2026-06-07 18:40:41",2026-06-07 18:41:30.5,365.105721828548,-0.478954902075294,1.24169055427799e-54,0.955908160009445,2.31204203579226,210.666112432951,-0.469310214342182,0.0042636702759206,3653.88948116795,0.232887743506711,2.44398399776423e-87,0.993603316751184,0.880631137821426,72.4194944582226,0.998919204991867,0.366715093043753,210.707748135473,TRUE,-0.470042259052303,0.00445298545591979,1.1119508702861,2026-06-07 18:40:51,2026-06-07 18:42:10,NA
"40","2026-06-07 19:40:40","Collar_40_2026-06-07 19:40:40",2026-06-07 19:41:29.5,368.844734532646,-0.616249253248339,2.41087937214636e-57,0.962428305477707,2.3667080037894,256.386838340424,-0.519686567949992,0.00567394642065923,3635.11010534364,0.309919035284686,3.68643625348159e-81,0.990787813203837,1.17191376654567,129.248108304175,0.998211650488674,0.523095511557493,256.402845742507,TRUE,-0.519233542421347,0.00602179777137702,1.47610018766329,2026-06-07 19:40:50,2026-06-07 19:42:09,NA
"40","2026-06-07 20:40:42","Collar_40_2026-06-07 20:40:42",2026-06-07 20:41:31.5,353.621832335084,-0.865215379398593,1.16855049653063e-66,0.97831719034575,2.15191215840575,351.531766025856,-0.618254877567083,0.0102835002304652,3638.48767173237,0.561699430077685,4.21716650187969e-67,0.97887633584648,2.12398471802234,126.161242686448,0.998798870463883,0.513100206170609,351.53176602587,TRUE,-0.618254877567083,0.0102835002304652,3.02105164206282,2026-06-07 20:40:52,2026-06-07 20:42:11,NA
"40","2026-06-07 21:40:39","Collar_40_2026-06-07 21:40:39",2026-06-07 21:41:28.5,NA,NA,NA,NA,NA,79.9402576431662,-0.384450665560574,0.00188342845826263,3669.63436893679,0.102875545085718,3.49439837402375e-108,0.998131473012009,0.389008914589895,56.9699387621882,0.998666214116494,0.33296104802308,80.0059890893669,TRUE,-0.384917347621128,0.00189896826837478,0.32435772472884,2026-06-07 21:40:49,2026-06-07 21:42:08,NA
"40","2026-06-07 22:40:41","Collar_40_2026-06-07 22:40:41",2026-06-07 22:41:30.5,355.86935129892,-0.641937236149335,2.94749277458916e-58,0.964398464704922,2.18235335767541,236.905725460796,-0.492575779535304,0.00502350520418134,3660.74815595465,0.274391009572944,1.89096781983021e-83,0.991952645207563,1.03756970345341,60.7068763706971,0.999153920687194,0.340829165321363,236.989332950103,TRUE,-0.491651395160691,0.0050780841086441,1.27536968732812,2026-06-07 22:40:51,2026-06-07 22:42:10,NA
"40","2026-06-07 23:40:42","Collar_40_2026-06-07 23:40:42",2026-06-07 23:41:31.5,333.115516780017,-0.33087663082252,2.71463153477529e-51,0.94630464166967,1.8930558035007,70.8857699575522,-0.348972979372517,0.00177980394680167,3715.7479240688,0.0972154266702723,8.00863717844372e-107,0.997975232811218,0.367605999840736,-6.57812056998207,0.999268635934906,0.223821786542616,71.1295753643074,TRUE,-0.348189390679609,0.00196794802267791,0.355008897000053,2026-06-07 23:40:52,2026-06-07 23:42:11,NA
"41","2026-06-07 00:07:28","Collar_41_2026-06-07 00:07:28",2026-06-07 00:08:02.5,NA,NA,NA,NA,NA,257.101542764078,-0.355407152484699,0.0298105401546663,3623.64785479333,1.1148105774443,5.90801008558733e-16,0.74755283685632,3.04191694802123,180.253968428652,0.949888501875927,1.38443478040289,266.102748501766,TRUE,-0.434875517606285,0.0119836988727692,0.946608388108756,2026-06-07 00:07:38,2026-06-07 00:08:27,"Time changed"
"41","2026-06-07 00:28:38","Collar_41_2026-06-07 00:28:38",2026-06-07 00:29:12.5,175.165437425563,-0.636263560605476,1.15119067650004e-39,0.973906988927488,1.34061282071428,124.005409763507,-0.560838938252241,0.00787663433226337,3660.57293819403,0.294558744078766,2.47009664146861e-50,0.990621058124268,0.803744827982507,0.277221432352123,0.999271011131322,0.228898749662799,124.416837284407,TRUE,-0.564971818270269,0.00793118329445785,0.920809743682558,2026-06-07 00:28:48,2026-06-07 00:29:37,"Time changed"
"41","2026-06-07 01:28:37","Collar_41_2026-06-07 01:28:37",2026-06-07 01:29:11.5,407.497026151201,-0.405115325406528,1.89254315329776e-61,0.939350538669867,1.81965687157036,221.091597866026,-0.504481224775035,0.00496504000689836,3649.99383097638,0.18567523729549,3.96163056496124e-101,0.990596739687597,0.716498453435078,116.065614514139,0.996839290153418,0.419706566370656,221.385463076481,TRUE,-0.507130848189006,0.00509378167720553,0.80500520813474,2026-06-07 01:28:47,2026-06-07 01:29:36,"Time changed"
"41","2026-06-07 02:28:38","Collar_41_2026-06-07 02:28:38",2026-06-07 02:29:12.5,351.205932809416,-0.386914976549738,5.32263330292432e-67,0.953268826336526,1.37326687907732,169.110820134283,-0.434133489894246,0.00382866993181672,3643.14689228808,0.143178946620466,9.26702542970101e-106,0.992435544673621,0.552510368707734,136.29380704945,0.994765401141002,0.464377025985623,169.131997086349,TRUE,-0.434643000075541,0.00430641801588611,0.484922657814479,2026-06-07 02:28:48,2026-06-07 02:29:37,"Time changed"
"41","2026-06-07 03:28:38","Collar_41_2026-06-07 03:28:38",2026-06-07 03:29:12.5,382.485080889974,-0.760497445791371,5.11902649767501e-78,0.972148005466697,1.60574564480757,328.820345732565,-0.654641805295614,0.00850849515655626,3673.95648662307,0.318188142497571,1.93457356846064e-89,0.983714791705353,1.22784984859382,219.208082576429,0.994771446838372,0.702937621436326,329.114779251841,TRUE,-0.655853107198543,0.0089173395329521,1.28305333229644,2026-06-07 03:28:48,2026-06-07 03:29:37,"Time changed"
"41","2026-06-07 04:28:37","Collar_41_2026-06-07 04:28:37",2026-06-07 04:29:11.5,425.032293863633,-0.468669805677724,2.92655808620214e-64,0.946850344802122,1.98640066457096,269.086494704842,-0.587755823096558,0.00631164184139842,3726.72662369534,0.236033464986698,1.86722389551513e-97,0.988825285122696,0.910824809410377,164.538218262636,0.996225866343422,0.534813899163584,269.298312041138,TRUE,-0.589459346320383,0.00671211001263451,0.949723393169524,2026-06-07 04:28:47,2026-06-07 04:29:36,"Time changed"
"41","2026-06-07 05:28:37","Collar_41_2026-06-07 05:28:37",2026-06-07 05:29:11.5,NA,NA,NA,NA,NA,262.167237607148,-0.45769163083376,0.00609701650477672,3770.71893580712,0.228007223455614,2.07691060355345e-88,0.982906651438402,0.879852506761502,210.234239758762,0.990229580171203,0.672094490721749,262.469870021912,TRUE,-0.460514298597738,0.00633091717341358,0.969153860279623,2026-06-07 05:28:47,2026-06-07 05:29:36,"Time changed"
"41","2026-06-07 06:28:37","Collar_41_2026-06-07 06:28:37",2026-06-07 06:29:11.5,422.166359166714,-0.527140253207025,2.89193408485253e-66,0.951627283968574,1.95813916427244,311.810566824369,-0.605831062271041,0.00781477521387883,3755.76911797504,0.292245428079503,9.33033266593232e-90,0.983955309048923,1.12774002765484,234.029732103702,0.992917905723117,0.757009954705273,312.331763118017,TRUE,-0.611228465071935,0.00827797224665611,1.17751049047368,2026-06-07 06:28:47,2026-06-07 06:29:36,"Time changed"
"41","2026-06-07 07:28:37","Collar_41_2026-06-07 07:28:37",2026-06-07 07:29:11.5,369.293388177253,-0.54745992956697,1.57990323407394e-72,0.963954668976646,1.50325049667811,262.950631665135,-0.5397690035386,0.00612094517062566,3763.17214020092,0.228902072379992,3.65839267032303e-95,0.987554616184217,0.883305621348637,192.000307902501,0.994118295865695,0.61353007352494,263.259028484749,TRUE,-0.539375690381797,0.00568637085749575,0.595204580580538,2026-06-07 07:28:47,2026-06-07 07:29:36,"Time changed"
"41","2026-06-07 08:28:37","Collar_41_2026-06-07 08:28:37",2026-06-07 08:29:11.5,414.3123951046,-0.467397382887263,2.78985386931634e-62,0.941673085929881,1.88273366152452,257.95401561428,-0.53150411379093,0.00596991950455867,3793.48653300092,0.223254237449007,1.45104155268214e-95,0.987787257916348,0.861511304280565,194.081459034331,0.993804927153161,0.619947649515732,258.013359829294,TRUE,-0.530066716198802,0.00626127541061242,0.764406722910113,2026-06-07 08:28:47,2026-06-07 08:29:36,"Time changed"
"41","2026-06-07 09:28:37","Collar_41_2026-06-07 09:28:37",2026-06-07 09:29:11.5,341.543934823646,-0.371409970001221,1.37823640362916e-64,0.947660446925511,1.30850137599872,198.814967307981,-0.389883826690016,0.00444170451460185,3772.47745609366,0.166104309048729,5.71796423056508e-95,0.98744068422531,0.640976590502019,182.89528273097,0.989709040027851,0.586225282422446,198.817501286196,TRUE,-0.38969200408119,0.00504739012975182,0.705188594107194,2026-06-07 09:28:47,2026-06-07 09:29:36,"Time changed"
"41","2026-06-07 10:28:37","Collar_41_2026-06-07 10:28:37",2026-06-07 10:29:11.5,NA,NA,NA,NA,NA,244.109465717761,-0.397609528117713,0.00557064415521004,3752.81800994424,0.20832272730336,2.665913449057e-86,0.981126674616113,0.803892398913123,134.544572739393,0.993937631046988,0.4603332145643,246.517982516435,TRUE,-0.405096968314144,0.00478324082900849,0.749361064025322,2026-06-07 10:28:47,2026-06-07 10:29:36,"Time changed"
"41","2026-06-07 11:28:37","Collar_41_2026-06-07 11:28:37",2026-06-07 11:29:11.5,NA,NA,NA,NA,NA,250.033879499611,-0.376286521392663,0.00573812650052522,3740.79780803023,0.214585984833208,9.10360212476158e-83,0.977718580436855,0.828061557918746,179.229905697317,0.989454350663629,0.575579449438578,250.468993285066,TRUE,-0.379945307357753,0.00538896637797016,0.653160124705902,2026-06-07 11:28:47,2026-06-07 11:29:36,"Time changed"
"41","2026-06-07 12:28:37","Collar_41_2026-06-07 12:28:37",2026-06-07 12:29:11.5,189.336008868696,-0.314911525507507,1.98975248632758e-30,0.936745847873194,1.54470438078212,73.1608678532493,-0.415714022026567,0.00473724279827198,3735.09190024812,0.177156413538141,1.1707465137945e-54,0.993805523849745,0.48339611024121,33.9467881667738,0.997389931783226,0.320529857745744,73.3924825699457,TRUE,-0.417849612489054,0.00459447515816931,0.470716831499407,2026-06-07 12:28:47,2026-06-07 12:29:36,"Time changed"
"41","2026-06-07 13:28:37","Collar_41_2026-06-07 13:28:37",2026-06-07 13:29:11.5,161.758088050396,-0.244671482693763,3.69286736246382e-30,0.93509711968687,1.17240048620003,32.5165760587,-0.311689184797324,0.00315507529306106,3684.71746680361,0.117988848611556,4.09784370551693e-57,0.995105746490799,0.321949114522944,11.7865296809009,0.997015414619705,0.256819331409261,32.5578126647058,TRUE,-0.312130964943327,0.00333553221754638,0.305539507292451,2026-06-07 13:28:47,2026-06-07 13:29:36,"Time changed"
"41","2026-06-07 14:28:37","Collar_41_2026-06-07 14:28:37",2026-06-07 14:29:11.5,181.041045193421,-0.2930730862527,6.05304842802869e-31,0.939801885518435,1.42174205071215,77.039028745279,-0.391952375521408,0.00492456963600121,3675.29937217491,0.184161786102887,1.23089066093528e-52,0.992479740074262,0.50251125138093,26.4812619776909,0.997474484080007,0.29747201996472,77.2128235466621,TRUE,-0.39372667597162,0.00502877046780341,0.574747881457794,2026-06-07 14:28:47,2026-06-07 14:29:36,"Time changed"
"41","2026-06-07 15:28:37","Collar_41_2026-06-07 15:28:37",2026-06-07 15:29:11.5,NA,NA,NA,NA,NA,122.637929813633,-0.388631061102608,0.00776965605734907,3688.20141655165,0.290558128463871,4.53123923200197e-43,0.981175795382263,0.792828587423177,54.791907773115,0.995526267458761,0.394818682543377,126.025579440965,TRUE,-0.400750672038369,0.00635138429536618,0.560240288543642,2026-06-07 15:28:47,2026-06-07 15:29:36,"Time changed"
"41","2026-06-07 16:28:37","Collar_41_2026-06-07 16:28:37",2026-06-07 16:29:11.5,NA,NA,NA,NA,NA,114.115830490638,-0.394359429856581,0.00713494758489588,3689.95549539288,0.266822237902573,4.06940114753123e-45,0.984530806874057,0.728061882445984,58.0584265148257,0.995346114666223,0.407928459797156,115.537881897659,TRUE,-0.401587957129062,0.00598986375790587,0.707777193918919,2026-06-07 16:28:47,2026-06-07 16:29:36,"Time changed"
"41","2026-06-07 17:28:37","Collar_41_2026-06-07 17:28:37",2026-06-07 17:29:11.5,172.821487875052,-0.657274864369332,2.40378937706019e-39,0.973094576118112,1.30955494494461,137.363605305565,-0.538459316818685,0.00900232297941445,3662.7953614293,0.336655586478871,9.69154966292195e-47,0.986760957274572,0.918611964109457,54.9939626657168,0.997646796965817,0.395617239498377,137.455206939372,TRUE,-0.54074931472411,0.0094149824368487,1.05959379068109,2026-06-07 17:28:47,2026-06-07 17:29:36,"Time changed"
"41","2026-06-07 18:28:37","Collar_41_2026-06-07 18:28:37",2026-06-07 18:29:11.5,NA,NA,NA,NA,NA,127.600195454023,-0.484053323145246,0.00816493327522181,3676.23112113405,0.305340122390214,1.47618591758922e-46,0.986526853972138,0.833163330167701,88.9152230939467,0.994262640574587,0.555384008216893,127.697069994992,TRUE,-0.486473798872623,0.0081486787966446,0.897857877604845,2026-06-07 18:28:47,2026-06-07 18:29:36,"Time changed"
"41","2026-06-07 19:28:37","Collar_41_2026-06-07 19:28:37",2026-06-07 19:29:11.5,159.838093852851,-0.570034233938021,2.86049181622564e-40,0.975376987827784,1.15010518405013,113.88577020325,-0.495184106457679,0.00711855177133661,3611.8380699515,0.266209091468901,7.48203530221974e-50,0.99017789962631,0.726388826443518,2.41038778776786,0.999024565885536,0.233833992101281,114.019983399023,TRUE,-0.497378206133753,0.0070421925014426,0.846018608783147,2026-06-07 19:28:47,2026-06-07 19:29:36,"Time changed"
"41","2026-06-07 20:28:37","Collar_41_2026-06-07 20:28:37",2026-06-07 20:29:11.5,123.678854141206,-1.00139042322037,1.45978733675607e-50,0.990824326649516,0.801124434906858,179.893904350319,-0.559761321251402,0.0137740397543107,3639.8903650207,0.515101206907862,7.70908415767253e-39,0.971756685205972,1.40552585608877,89.5371546450932,0.995720989501078,0.558848879991005,180.993836669502,TRUE,-0.547965525811685,0.0121576847850594,1.38584272689398,2026-06-07 20:28:47,2026-06-07 20:29:36,"Time changed"
"41","2026-06-07 21:28:37","Collar_41_2026-06-07 21:28:37",2026-06-07 21:29:11.5,165.242529084676,-0.519520758307614,5.36091674291518e-37,0.966300251380263,1.21397215390896,100.164886721729,-0.44692853006914,0.00620586906093237,3660.02447944673,0.232077930673751,1.4382829603283e-50,0.99082999775841,0.633257169300095,42.0012979955876,0.997355014042576,0.347415173511282,100.225737471124,TRUE,-0.447741507739789,0.00655441010675765,0.748848836893304,2026-06-07 21:28:47,2026-06-07 21:29:36,"Time changed"
"41","2026-06-07 22:28:37","Collar_41_2026-06-07 22:28:37",2026-06-07 22:29:11.5,172.391946019325,-0.548890632554105,2.63917078912064e-38,0.97027158466282,1.30394192210388,113.250989492361,-0.511126477820096,0.00707350769460561,3708.16860537991,0.264524599576758,1.22598022407895e-50,0.99089080627249,0.721792454163609,29.9317019793343,0.998411327990685,0.307915246079784,113.292151697748,TRUE,-0.512330116262595,0.00717126752078517,0.902090826019511,2026-06-07 22:28:47,2026-06-07 22:29:36,"Time changed"
"41","2026-06-07 23:28:37","Collar_41_2026-06-07 23:28:37",2026-06-07 23:29:11.5,162.012735844496,-0.544076643311182,1.73025020531586e-38,0.970789670887041,1.17538978264954,107.279910897437,-0.464647558971461,0.00666350557559776,3694.59540428314,0.249191945533152,6.67269451987724e-50,0.990224630706655,0.679955158091019,49.5364342054371,0.997156611852777,0.374604908150502,107.638410622161,TRUE,-0.466799401435086,0.00683374241687326,0.602975930792177,2026-06-07 23:28:47,2026-06-07 23:29:36,"Time changed"
"42","2026-06-07 00:10:29","Collar_42_2026-06-07 00:10:29",2026-06-07 00:11:18.5,195.968317519537,-1.43774350042116,2.62351606129485e-105,0.997785740311422,0.80333967683998,452.873100343292,-0.70966221273107,0.0193738463628193,3620.02434380657,1.05822708382591,6.63559975395094e-51,0.945060756744656,4.00153184049468,210.654467896989,0.997469302387307,0.870052728538356,457.047251824678,TRUE,-0.675946816939386,0.0152555211488263,3.63827049888651,2026-06-07 00:10:39,2026-06-07 00:11:58,NA
"42","2026-06-07 00:31:38","Collar_42_2026-06-07 00:31:38",2026-06-07 00:32:27.5,210.721391453802,-1.54437717410431,5.57112579596582e-102,0.997305146568709,0.88093544305513,452.92443579771,-0.705151507101566,0.0193800633926652,3640.8857009332,1.05856666685144,1.08733431981208e-50,0.944361140346542,4.00281592432688,233.451729075994,0.996594223237258,1.00328681046876,456.303462245815,TRUE,-0.674722598290779,0.0149474555855163,3.87551689556235,2026-06-07 00:31:48,2026-06-07 00:33:07,NA
"42","2026-06-07 01:31:37","Collar_42_2026-06-07 01:31:37",2026-06-07 01:32:26.5,659.940315312725,-0.959750734527011,2.35833775143244e-142,0.983313393627946,1.87932814492817,706.008045622109,-0.619062806197275,0.00743017337682044,3641.84844042525,0.405846653143863,1.78755870637624e-132,0.977745823509805,2.17032299146188,284.602390396492,0.998441467998934,0.578019797466904,708.572410721632,TRUE,-0.608926164401024,0.00682061761946774,2.3633625372093,2026-06-07 01:31:47,2026-06-07 01:33:06,NA
"42","2026-06-07 02:31:39","Collar_42_2026-06-07 02:31:39",2026-06-07 02:32:28.5,582.699125810257,-1.15245529659411,5.4190157709434e-164,0.991118587002729,1.47629508171165,791.436445674603,-0.662990163334079,0.00970375518746731,3656.52695150364,0.530032930058797,3.15713260890565e-119,0.967260938221023,2.83442685907956,202.089256343843,0.999197361632681,0.446640748052064,794.486774447451,TRUE,-0.648635984945432,0.00915529919361526,2.95575624934198,2026-06-07 02:31:49,2026-06-07 02:33:08,NA
"42","2026-06-07 03:31:38","Collar_42_2026-06-07 03:31:38",2026-06-07 03:32:27.5,609.33988112817,-1.32047724487684,2.86116610592368e-158,0.989506607698035,1.60446117936192,802.452989960854,-0.662093719719563,0.0100436404605696,3677.64928981337,0.548597947797384,7.44288859444709e-117,0.964917491087127,2.93370594521427,442.54042548887,0.99639165522272,0.946872529345574,805.379015012771,TRUE,-0.647356829775308,0.00851641934942097,3.18167223301263,2026-06-07 03:31:48,2026-06-07 03:33:07,NA
"42","2026-06-07 04:31:37","Collar_42_2026-06-07 04:31:37",2026-06-07 04:32:26.5,462.298806728716,-1.4312894558888,1.13028683117598e-194,0.996368109799637,1.01337326165828,878.569376724074,-0.705668400690799,0.0127407224129679,3712.62674271175,0.695916405674876,2.11485213634329e-105,0.951018420856829,3.72151245716028,330.016159353245,0.99845041572852,0.66615751244392,881.221114984224,TRUE,-0.687956012303532,0.0117217797900987,4.19265482831255,2026-06-07 04:31:47,2026-06-07 04:33:06,NA
"42","2026-06-07 05:31:37","Collar_42_2026-06-07 05:31:37",2026-06-07 05:32:26.5,574.46952023317,-1.08243290067298,6.17835720898686e-160,0.990003848216838,1.43881248277804,767.03574790341,-0.608885169273789,0.00899132984793223,3765.24721892802,0.491119243257465,1.22607098515045e-118,0.96669394806757,2.62633035639006,375.231290384245,0.99719343515425,0.767258239327567,773.610958954756,TRUE,-0.589131627494317,0.00752530463762667,2.43439345662281,2026-06-07 05:31:47,2026-06-07 05:33:06,NA
"42","2026-06-07 06:31:37","Collar_42_2026-06-07 06:31:37",2026-06-07 06:32:26.5,499.85192532058,-1.57974705757399,2.43341261669555e-189,0.995757344995685,1.13955532956288,890.556117559167,-0.734281733179406,0.0132270227890393,3749.65040014381,0.722478824886639,1.49918468097428e-105,0.951231215074447,3.86355879086185,429.106308988221,0.997340789826463,0.907944147692754,896.965715436907,TRUE,-0.705665086991722,0.0112714330733786,3.73717456745957,2026-06-07 06:31:47,2026-06-07 06:33:06,NA
"42","2026-06-07 07:31:38","Collar_42_2026-06-07 07:31:38",2026-06-07 07:32:27.5,684.130184445896,-0.977068814188767,1.53608855051787e-135,0.979647927117367,2.02690030815044,686.652725205002,-0.605054503077795,0.00699407818085657,3765.08706056042,0.382026512380231,5.33829743443988e-135,0.979324516052747,2.04294138375685,367.900235878243,0.997249602106637,0.749880519787097,688.368980022274,TRUE,-0.59745596835512,0.006573386325448,2.25145341064149,2026-06-07 07:31:48,2026-06-07 07:33:07,NA
"42","2026-06-07 08:31:37","Collar_42_2026-06-07 08:31:37",2026-06-07 08:32:26.5,752.720491537069,-0.653106692435953,1.23550291699499e-117,0.965705795243055,2.5114302057422,596.109253701783,-0.57982572438603,0.00527044852693144,3792.59143091411,0.287879405599746,3.19551986408697e-151,0.987113810636435,1.53947627238418,368.539619083279,0.996969141449039,0.751380333312889,596.213544212938,TRUE,-0.579180180756788,0.00560099004580551,1.81420018271069,2026-06-07 08:31:47,2026-06-07 08:33:06,NA
"42","2026-06-07 09:31:38","Collar_42_2026-06-07 09:31:38",2026-06-07 09:32:27.5,677.017378611535,-0.791906189548569,3.24043529624321e-130,0.976231928572572,1.98234436307354,607.242445790063,-0.549063215086635,0.00545704095754772,3771.9315424054,0.298071349936313,3.52148012668957e-145,0.984632578014212,1.59397915161209,203.981247262848,0.99879453266405,0.449289320890393,607.91855365578,TRUE,-0.545857350959748,0.00552471843089975,1.81999736213598,2026-06-07 09:31:48,2026-06-07 09:33:07,NA
"42","2026-06-07 10:31:38","Collar_42_2026-06-07 10:31:38",2026-06-07 10:32:27.5,737.04886895255,-0.43863712419982,1.74450553798044e-99,0.941803426635222,2.39139905509141,297.910520230525,-0.425787306684357,0.00207558787395928,3767.92364706622,0.113371566076811,1.15854740174562e-193,0.996259528037683,0.606270655501309,228.366023474546,0.997637881958232,0.484864501293448,298.022025549015,TRUE,-0.425574560640723,0.00224310565206563,0.610419237111293,2026-06-07 10:31:48,2026-06-07 10:33:07,NA
"42","2026-06-07 11:31:39","Collar_42_2026-06-07 11:31:39",2026-06-07 11:32:28.5,656.556968303202,-0.762708525148819,1.47028503898536e-132,0.977800790038652,1.85956275818598,599.913709450604,-0.532887151270669,0.00533348245034972,3741.62889709116,0.291322408280363,1.04659112565688e-144,0.984419247582392,1.55788822137901,168.510322786117,0.99897492562961,0.402148091853507,602.3314723778,TRUE,-0.52582079045881,0.00509241765139628,1.65973850747558,2026-06-07 11:31:49,2026-06-07 11:33:08,NA
"42","2026-06-07 12:31:38","Collar_42_2026-06-07 12:31:38",2026-06-07 12:32:27.5,378.325078757065,-0.370458674385353,7.34230673855678e-49,0.93802005694383,2.51117836980547,87.0320534683786,-0.430958697927688,0.00196878674576721,3723.40201945481,0.10753793633084,1.5153086580649e-110,0.998374772156227,0.406639069124164,59.6824695744639,0.998901683866932,0.338653962956531,87.03514030123,TRUE,-0.430949013359238,0.00196532264911923,0.446602451722302,2026-06-07 12:31:48,2026-06-07 12:33:07,NA
"42","2026-06-07 13:31:38","Collar_42_2026-06-07 13:31:38",2026-06-07 13:32:27.5,333.994288865792,-0.590994357187611,3.35196539579352e-60,0.968257560091109,1.90348168719653,226.349761964444,-0.454949427013222,0.00470277690941809,3684.32673595997,0.256872373277824,5.3689037326618e-83,0.991734435759443,0.97132552769151,-18.2847549407867,0.999630584578146,0.208030285941807,226.81066572268,TRUE,-0.452277857994474,0.00461658981500722,1.16639975619941,2026-06-07 13:31:48,2026-06-07 13:33:07,NA
"42","2026-06-07 14:31:37","Collar_42_2026-06-07 14:31:37",2026-06-07 14:32:26.5,NA,NA,NA,NA,NA,158.683023992832,-0.378229379698204,0.00308094403136309,3681.04823064704,0.168285551391446,5.15556423675368e-91,0.994851155117351,0.636347342154076,145.861152205952,0.995827568340831,0.580329238027353,160.4768787764,TRUE,-0.381946339173154,0.00170913636126496,0.328739740364201,2026-06-07 14:31:47,2026-06-07 14:33:06,NA
"42","2026-06-07 15:31:37","Collar_42_2026-06-07 15:31:37",2026-06-07 15:32:26.5,328.668426737226,-0.603773313781343,1.01936504272191e-61,0.970975893916081,1.84116410603471,240.656322380325,-0.459877485371297,0.00514265338295004,3685.46534709195,0.280899052808156,2.34614559763143e-80,0.990340176039515,1.06217892261161,-18.4906243808148,0.999639895643369,0.207762788830365,241.595884366263,TRUE,-0.455723339846052,0.00486344099359135,1.19855563565264,2026-06-07 15:31:47,2026-06-07 15:33:06,NA
"42","2026-06-07 16:31:38","Collar_42_2026-06-07 16:31:38",2026-06-07 16:32:27.5,350.364609572925,-0.527525622644968,1.73416490331889e-57,0.962744215383939,2.10854720228179,204.010101920575,-0.465715793420164,0.00408993996212746,3700.06870103837,0.223398346311412,1.76343644279397e-88,0.994020267235095,0.84474836218238,23.666078924618,0.999403051484874,0.27039298106988,206.366153703571,TRUE,-0.460521850257163,0.00368743448911949,0.841723147879537,2026-06-07 16:31:48,2026-06-07 16:33:07,NA
"42","2026-06-07 17:31:37","Collar_42_2026-06-07 17:31:37",2026-06-07 17:32:26.5,NA,NA,NA,NA,NA,151.935586571054,-0.449859043370667,0.00295371756890999,3667.29092638595,0.161336260794943,2.74699498787511e-98,0.996648635224104,0.610069610261011,112.607814256956,0.998050114788906,0.471426041597825,152.755634240435,TRUE,-0.452506094700101,0.002590853597038,0.549572375335006,2026-06-07 17:31:47,2026-06-07 17:33:06,NA
"42","2026-06-07 18:31:38","Collar_42_2026-06-07 18:31:38",2026-06-07 18:32:27.5,303.872845187222,-0.810103762686706,3.45527075213272e-71,0.983403701025093,1.57684442909655,317.922672495937,-0.518180783825136,0.00833516954107359,3666.33478955442,0.455278832683037,3.26420991377992e-68,0.98021740405378,1.72157070361292,50.9163063932204,0.999331538862318,0.320598739324223,320.904347105235,TRUE,-0.505994418773033,0.00728751046709216,1.72879713019022,2026-06-07 18:31:48,2026-06-07 18:33:07,NA
"42","2026-06-07 19:31:37","Collar_42_2026-06-07 19:31:37",2026-06-07 19:32:26.5,359.226177682047,-0.608758274180936,1.24431092055764e-59,0.967172326544209,2.22862316790936,255.407842148366,-0.523597469703339,0.00563933509263932,3603.58004461409,0.308028515248967,1.28677685388186e-81,0.991033076250987,1.16476503993147,34.3987163086097,0.999461555797658,0.289152829432131,255.414148520265,TRUE,-0.523260357129152,0.00588098433775321,1.506104900578,2026-06-07 19:31:47,2026-06-07 19:33:06,NA
"42","2026-06-07 20:31:37","Collar_42_2026-06-07 20:31:37",2026-06-07 20:32:26.5,248.976226073492,-1.21440135143269,3.17075279931576e-88,0.993929636748082,1.11887283781848,394.898101465567,-0.60239916112759,0.0134850314379548,3647.37165319906,0.736571624789689,2.52555391131087e-57,0.962383533645506,2.7852384941281,152.288178035279,0.998275705732275,0.604114956823419,399.017597567141,TRUE,-0.579038766032012,0.0107030965757241,2.55165827919787,2026-06-07 20:31:47,2026-06-07 20:33:06,NA
"42","2026-06-07 21:31:37","Collar_42_2026-06-07 21:31:37",2026-06-07 21:32:26.5,324.657956001982,-0.808427204934512,2.46430161423227e-66,0.977898481352315,1.79558809139444,295.174184128724,-0.512491946327604,0.00723048275158151,3659.1661676509,0.394939266760356,1.4059273482415e-72,0.98471152655543,1.49340540906358,104.211118516692,0.998663491181624,0.447323874497109,297.494238582788,TRUE,-0.50317774856624,0.00606771334116701,1.46844403876109,2026-06-07 21:31:47,2026-06-07 21:33:06,NA
"42","2026-06-07 22:31:38","Collar_42_2026-06-07 22:31:38",2026-06-07 22:32:27.5,255.059511610587,-1.21261948821112,2.3238574395887e-88,0.993977807795456,1.16223202799417,400.465760109043,-0.628416987137266,0.0139625417485397,3703.08595756024,0.762653918104293,1.43922252413218e-57,0.962921790470442,2.88386489366625,159.194272622374,0.998271704160299,0.630761359493434,404.495863195755,TRUE,-0.604551061794008,0.0111157340927565,2.6586026880475,2026-06-07 22:31:48,2026-06-07 22:33:07,NA
"42","2026-06-07 23:31:38","Collar_42_2026-06-07 23:31:38",2026-06-07 23:32:27.5,309.561512145577,-0.861399317024639,5.10995946683813e-71,0.983236386326335,1.63391638261362,322.58544331578,-0.534264487205715,0.00858164975780131,3681.88876623402,0.468741933199262,2.92728008118096e-68,0.980272574510342,1.77247946054313,89.3014179630464,0.998983912459333,0.407522952089294,325.874895871964,TRUE,-0.521016920848707,0.00721572238175545,1.66643999714438,2026-06-07 23:31:48,2026-06-07 23:33:07,NA
"43","2026-06-07 00:13:30","Collar_43_2026-06-07 00:13:30",2026-06-07 00:14:19.5,235.469905675154,-0.309976978201217,1.56963370388617e-56,0.960580375485042,1.02830033728675,233.517112653289,-0.21716120749547,0.00491823195824819,3658.26711634597,0.268640834932223,6.0554522244162e-57,0.961530956086889,1.01582625418346,126.998941130444,0.990336298821376,0.515793646202879,233.517112653292,TRUE,-0.21716120749547,0.00491823195824819,1.53617253683859,2026-06-07 00:13:40,2026-06-07 00:14:59,NA
"43","2026-06-07 00:34:39","Collar_43_2026-06-07 00:34:39",2026-06-07 00:35:28.5,185.887227477627,-0.341846002346185,1.21413510094774e-63,0.974091558389985,0.754285407940016,225.014007705976,-0.196099978026554,0.00466367937441198,3647.31475993026,0.254736810226509,2.35348785505495e-55,0.957747919324646,0.963250206545573,86.578266686127,0.992877870009915,0.40064572570248,225.014292190846,TRUE,-0.196165086664456,0.00471459932974463,1.37046150224404,2026-06-07 00:34:49,2026-06-07 00:36:08,NA
"43","2026-06-07 01:34:38","Collar_43_2026-06-07 01:34:38",2026-06-07 01:35:27.5,413.550792485396,-0.26244004370965,5.38659873621754e-116,0.964027649754771,0.870181981051905,426.875613901499,-0.193539095372832,0.00310576587638235,3649.68661877799,0.169641355921842,3.88410018803313e-113,0.960903586811948,0.907181400186223,219.646208634942,0.989557887115541,0.471830613632481,426.970268961587,TRUE,-0.193214542972083,0.00330948585750929,1.04214526212987,2026-06-07 01:34:48,2026-06-07 01:36:07,NA
"43","2026-06-07 02:34:40","Collar_43_2026-06-07 02:34:40",2026-06-07 02:35:29.5,299.359032478518,-0.274496687002977,3.22470260040546e-133,0.978223000874787,0.609021221380551,400.527618132241,-0.173920059810997,0.0028602895393756,3652.80474922212,0.15623308874587,1.60921175713108e-111,0.959016973747803,0.835478774817126,148.18806412285,0.991743210970736,0.377402912489713,400.537755542025,TRUE,-0.173634192200817,0.00303911321935153,1.05237022298214,2026-06-07 02:34:50,2026-06-07 02:36:09,NA
"43","2026-06-07 03:34:40","Collar_43_2026-06-07 03:34:40",2026-06-07 03:35:29.5,379.341657476952,-0.361341725809195,3.38247297837201e-125,0.972488739189164,0.781956268616556,440.481198428013,-0.19874432996036,0.00324066253715465,3691.16347904462,0.177009603675725,4.38938947699472e-112,0.959685244804257,0.946584158304746,196.195458381083,0.991458542501262,0.438489759126722,440.503211744418,TRUE,-0.199073333465655,0.00342427869186043,1.11554544939696,2026-06-07 03:34:50,2026-06-07 03:36:09,NA
"43","2026-06-07 04:34:38","Collar_43_2026-06-07 04:34:38",2026-06-07 04:35:27.5,523.977693537389,-0.204731080179945,6.26093140565303e-89,0.920851338630047,1.22879148050333,407.358509380189,-0.184333880835619,0.00292200315305252,3739.85023229971,0.159603974227806,6.03008530787379e-114,0.961814419419794,0.853505066783213,306.062355744938,0.980226216149707,0.618112519623192,407.371561915021,TRUE,-0.184345315416726,0.0032762420228321,0.989303983417168,2026-06-07 04:34:48,2026-06-07 04:36:07,NA
"43","2026-06-07 05:34:38","Collar_43_2026-06-07 05:34:38",2026-06-07 05:35:27.5,382.999071774554,-0.316596334662831,1.41585103020834e-128,0.97506809612262,0.790944844234371,467.169127982332,-0.210965293594221,0.00352252328641687,3775.5903228358,0.192405239273888,1.59836069907964e-110,0.957808823358916,1.02891452039601,225.833170368368,0.990894657039335,0.481041866650213,467.187592717157,TRUE,-0.21094834274385,0.00377805277954678,1.19039993336343,2026-06-07 05:34:48,2026-06-07 05:36:07,NA
"43","2026-06-07 06:34:38","Collar_43_2026-06-07 06:34:38",2026-06-07 06:35:27.5,498.151517583345,-0.209252563514712,4.1702099771548e-102,0.946082967165297,1.13351604977229,457.095188585211,-0.205643649209095,0.0034133578547186,3781.72654539321,0.18644246790277,6.5100422004023e-111,0.958285683975743,0.997027748140229,335.702588462228,0.980948599250005,0.678100996146092,457.24884442269,TRUE,-0.205124005677203,0.003753106432951,1.07390920943338,2026-06-07 06:34:48,2026-06-07 06:36:07,NA
"43","2026-06-07 07:34:39","Collar_43_2026-06-07 07:34:39",2026-06-07 07:35:28.5,284.530049224834,-0.416255032087778,3.08722001441176e-148,0.985942553900178,0.581442765044899,504.38147511,-0.205091247952674,0.00395692085249656,3759.77657526501,0.216132653075196,4.38693552329721e-101,0.94445332608951,1.15580025741514,217.521533182054,0.990980859857531,0.468708219211608,505.119136676199,TRUE,-0.202287083886251,0.00392776829463748,1.28660649999576,2026-06-07 07:34:49,2026-06-07 07:36:08,NA
"43","2026-06-07 08:34:38","Collar_43_2026-06-07 08:34:38",2026-06-07 08:35:27.5,371.33412785145,-0.37898975680462,3.42353445372735e-135,0.979440437083974,0.762631754557333,519.853339574314,-0.222849329903635,0.00415293675905171,3796.41534536715,0.226839321090043,2.44836936630701e-103,0.947982965333254,1.21305569508986,245.401485198685,0.990872907713714,0.511376081439574,519.858980909631,TRUE,-0.223010962607859,0.00425188952708726,1.48355463434442,2026-06-07 08:34:48,2026-06-07 08:36:07,NA
"43","2026-06-07 09:34:39","Collar_43_2026-06-07 09:34:39",2026-06-07 09:35:43.5,133.516859272215,-0.139267891316753,6.44512961401349e-58,0.928408484230689,0.462433330271438,120.988884268417,-0.114754895054513,0.00300990280415432,3782.28807271847,0.112559902160151,1.38453490914643e-60,0.936838381019301,0.434355151452986,111.063372917353,0.945049009368665,0.409339386429703,121.088608500313,TRUE,-0.113949918777338,0.00314456292928298,0.541304740596066,2026-06-07 09:35:19,2026-06-07 09:36:08,"Time changed"
"43","2026-06-07 10:34:37","Collar_43_2026-06-07 10:34:37",2026-06-07 10:35:26.5,379.360597865949,-0.175102906590669,4.83716087831856e-102,0.945981652267785,0.782002552973507,212.891297611775,-0.143402387404909,0.0015913128313259,3768.05820186814,0.0869197734622539,9.55703833586951e-138,0.980915229994096,0.464815913341825,71.7923096918815,0.992293824960989,0.297250916121705,213.401150322166,TRUE,-0.144347154376201,0.00182014421823311,0.420589800294626,2026-06-07 10:34:47,2026-06-07 10:36:06,NA
"43","2026-06-07 11:34:39","Collar_43_2026-06-07 11:34:39",2026-06-07 11:35:28.5,365.57890288206,-0.217808513771351,7.77866393279365e-116,0.963859972992189,0.749038368410413,321.386863729733,-0.167215316587814,0.0022335851826991,3741.7134128697,0.122001604126506,2.58670540992508e-125,0.972581971053189,0.65242101759338,91.4429717981236,0.993646210140126,0.31607670979362,321.414084272881,TRUE,-0.167531470492694,0.00223150987196421,0.866497587423958,2026-06-07 11:34:49,2026-06-07 11:36:08,NA
"43","2026-06-07 12:34:37","Collar_43_2026-06-07 12:34:37",2026-06-07 12:35:26.5,184.310675119365,-0.0994471456185339,1.80771948478359e-50,0.943631724545374,0.746889589707615,70.1147077522452,-0.133603918703818,0.00177124745858703,3719.50930686203,0.0967480590963995,1.17579758396373e-74,0.986476121291179,0.36583871732014,37.1166895928091,0.99148370242708,0.294106722428271,70.1366109610246,TRUE,-0.133603801052486,0.00186588232759856,0.355004231483145,2026-06-07 12:34:47,2026-06-07 12:36:06,NA
"43","2026-06-07 13:34:37","Collar_43_2026-06-07 13:34:37",2026-06-07 13:35:26.5,148.856465393654,-0.164914685460519,1.63208601489132e-57,0.962802096178186,0.598441369910868,84.9538271975661,-0.131563270941814,0.00194337970579878,3688.321919105,0.106150167618787,4.77439952561568e-71,0.983265550594181,0.401391423535238,-18.6114246930658,0.995638117262279,0.207605986719733,84.967706890639,TRUE,-0.131780193073906,0.00200731600380267,0.4957810713738,2026-06-07 13:34:47,2026-06-07 13:36:06,NA
"43","2026-06-07 14:34:36","Collar_43_2026-06-07 14:34:36",2026-06-07 14:35:25.5,NA,NA,NA,NA,NA,59.7841205970631,-0.0975380472596374,0.00166049858135894,3689.76696042408,0.0906987976750335,2.48498744789073e-66,0.977893744998369,0.34296431487945,6.33470342104699,0.989219457536269,0.242634280065378,62.0648985967752,TRUE,-0.0996886680796344,0.00147334456158731,0.306217020065195,2026-06-07 14:34:46,2026-06-07 14:36:05,NA
"43","2026-06-07 15:34:36","Collar_43_2026-06-07 15:34:36",2026-06-07 15:35:25.5,180.062920461216,-0.143234212777036,3.96689313504963e-49,0.938990028029875,0.727321714223265,88.3748167098587,-0.124683908803467,0.00198537886159858,3690.26628651006,0.10844422133083,1.50385180797453e-68,0.980606537420493,0.410066054068559,34.970753475137,0.990537039925442,0.290188468186297,88.5218271092526,TRUE,-0.124954248774164,0.0021834558813861,0.429482285838613,2026-06-07 15:34:46,2026-06-07 15:36:05,NA
"43","2026-06-07 16:34:37","Collar_43_2026-06-07 16:34:37",2026-06-07 16:35:26.5,177.402683923939,-0.232380596946107,3.76883223580369e-57,0.961995632763802,0.715328890963815,186.801752974681,-0.15351128926417,0.00367288739860602,3695.36935787135,0.200618341255504,3.69154723649098e-55,0.957257683701299,0.758609085508148,99.3616260760257,0.986371163794425,0.43396919657436,186.873776364632,TRUE,-0.152921011563234,0.00383804853616504,0.87341176970039,2026-06-07 16:34:47,2026-06-07 16:36:06,NA
"43","2026-06-07 17:34:38","Collar_43_2026-06-07 17:34:38",2026-06-07 17:35:27.5,199.688506317344,-0.181011270243898,3.5545075436563e-49,0.939161362477399,0.822237114772378,162.579854569522,-0.139789123139959,0.00315690224576805,3650.53776953111,0.172434497254702,4.88838447620574e-57,0.961741455312097,0.652035977637005,89.927957143497,0.985323931000042,0.409121887510248,162.649649708549,TRUE,-0.139202310970251,0.00347195772653577,0.724869206951128,2026-06-07 17:34:48,2026-06-07 17:36:07,NA
"43","2026-06-07 18:34:39","Collar_43_2026-06-07 18:34:39",2026-06-07 18:35:28.5,153.334699091415,-0.248423399721638,7.42815070878697e-66,0.977264451330455,0.615427728211992,171.855823964703,-0.172007438357179,0.00334533237556542,3668.06175460023,0.182726819338101,6.21488094718872e-62,0.971341680608763,0.690954896986948,42.5148156873903,0.994587661915971,0.304198664927608,171.873097557679,TRUE,-0.171970903398256,0.00351889413359165,0.819648121816205,2026-06-07 18:34:49,2026-06-07 18:36:08,NA
"43","2026-06-07 19:34:38","Collar_43_2026-06-07 19:34:38",2026-06-07 19:35:27.5,235.469970197864,-0.213781512522774,1.03097303738172e-52,0.950621342644351,1.02830075196636,224.499751739058,-0.193567186361003,0.00464871390663572,3621.42805080278,0.253919375060235,4.88928705493333e-55,0.95694878029464,0.960159194327703,151.884581240866,0.983477866082021,0.602593009296299,224.516432773338,TRUE,-0.194110993419605,0.00480756244668241,1.19205753859191,2026-06-07 19:34:48,2026-06-07 19:36:07,NA
"43","2026-06-07 20:34:38","Collar_43_2026-06-07 20:34:38",2026-06-07 20:35:27.5,113.969176544352,-0.503919886987519,1.36495505126001e-83,0.992019619047147,0.481200009177102,289.155735918701,-0.221967666911943,0.00696355767012005,3647.27259443939,0.380359438611361,1.73505563264659e-46,0.928705574477083,1.43827390897362,65.8201338426473,0.995841630231048,0.351897249968636,289.301824796964,TRUE,-0.219726184100984,0.00699545772686156,1.79867347970161,2026-06-07 20:34:48,2026-06-07 20:36:07,NA
"43","2026-06-07 21:34:36","Collar_43_2026-06-07 21:34:36",2026-06-07 21:35:25.5,182.116509116982,-0.245197259181792,7.51088275039615e-62,0.971202212458211,0.736717001804445,210.922975268554,-0.18176233301432,0.00427052063844257,3663.74419714214,0.233261920065098,9.4905383116696e-56,0.95871994763849,0.882046032067887,83.7187731685128,0.99199291429038,0.393549055751102,210.922975268549,TRUE,-0.18176233301432,0.00427052063844257,1.24164428785914,2026-06-07 21:34:46,2026-06-07 21:36:05,NA
"43","2026-06-07 22:34:39","Collar_43_2026-06-07 22:34:39",2026-06-07 22:35:28.5,189.247147614465,-0.293987276786879,4.77166816007387e-62,0.971535132371384,0.770292507329184,201.251381800632,-0.191970617528669,0.00402002567734944,3704.52708748608,0.21957952849316,1.66416079612137e-59,0.966926791644153,0.830308057897653,90.9750129766931,0.992073045380009,0.411808001138368,201.354472614413,TRUE,-0.190923560463274,0.0040567723393707,1.07733058303432,2026-06-07 22:34:49,2026-06-07 22:36:08,NA
"43","2026-06-07 23:34:39","Collar_43_2026-06-07 23:34:39",2026-06-07 23:35:28.5,131.41797801251,-0.43971527306664,5.94493253885137e-79,0.989505559200048,0.53664565284149,256.927580327895,-0.218282222919302,0.00569315474260996,3719.47629623624,0.310968221189356,2.26759117028863e-52,0.949613882118632,1.17588111048187,29.3977541508556,0.997211251661264,0.280254846814836,256.970144295218,TRUE,-0.217310153154267,0.00593087052826661,1.42204389198693,2026-06-07 23:34:49,2026-06-07 23:36:08,NA
"44","2026-06-07 00:16:31","Collar_44_2026-06-07 00:16:31",2026-06-07 00:17:20.5,NA,NA,NA,NA,NA,240.84440989943,-0.289269198448154,0.00514870236841438,3649.87799780146,0.2812294570102,7.39201897216456e-65,0.975885153393374,1.06342829805751,211.827630435958,0.984039483569545,0.876455631671601,244.413531786314,TRUE,-0.29766067901713,0.00362766380529666,0.864318757908591,2026-06-07 00:16:41,2026-06-07 00:18:00,NA
"44","2026-06-07 00:37:40","Collar_44_2026-06-07 00:37:40",2026-06-07 00:38:29.5,NA,NA,NA,NA,NA,217.689831462447,-0.293083229851552,0.00445500685836399,3641.22948779344,0.243338820173493,4.28859662147408e-70,0.982296785095423,0.920150364543902,182.646798408148,0.989133242669854,0.730336862381769,219.405374796537,TRUE,-0.298299309835837,0.00356007815253299,0.780624418414254,2026-06-07 00:37:50,2026-06-07 00:39:09,NA
"44","2026-06-07 01:37:39","Collar_44_2026-06-07 01:37:39",2026-06-07 01:38:28.5,NA,NA,NA,NA,NA,441.11064019385,-0.298932521588562,0.00324704321160161,3646.14324824562,0.177358125202448,3.47258101069286e-139,0.981699396307998,0.948447926988324,377.97777992971,0.987970599785211,0.773871788588358,441.492189581279,TRUE,-0.300778582557515,0.00298637290020418,0.870181788825772,2026-06-07 01:37:49,2026-06-07 01:39:08,NA
"44","2026-06-07 02:37:41","Collar_44_2026-06-07 02:37:41",2026-06-07 02:38:30.5,609.350448476495,-0.251416970168212,1.13187013280179e-99,0.942121115194367,1.60451416429976,351.223375501462,-0.285343560369512,0.00245186043847687,3657.68512451888,0.1339241095014,4.92681765571537e-155,0.988468776673015,0.716178319348894,243.260748988541,0.99427242624605,0.507966494837367,351.290618752737,TRUE,-0.285036672297093,0.00258305808828945,0.861172285720278,2026-06-07 02:37:51,2026-06-07 02:39:10,NA
"44","2026-06-07 03:37:41","Collar_44_2026-06-07 03:37:41",2026-06-07 03:38:30.5,NA,NA,NA,NA,NA,510.174534062811,-0.232056360641249,0.00402920654523178,3680.76781557535,0.220081000573829,5.8911107349794e-108,0.954532616009427,1.17691461006086,399.911746210645,0.977738631777946,0.82877595285996,524.085138966778,TRUE,-0.245264129261125,0.00221572588735753,0.662758228955142,2026-06-07 03:37:51,2026-06-07 03:39:10,NA
"44","2026-06-07 04:37:39","Collar_44_2026-06-07 04:37:39",2026-06-07 04:38:28.5,NA,NA,NA,NA,NA,396.476719882615,-0.280573559963321,0.00282430919011222,3726.40589379442,0.154267790819842,2.5530048103267e-144,0.984242397205266,0.824969063228059,344.288188960639,0.98890888155811,0.696540709561206,400.969033949628,TRUE,-0.285811904651582,0.00239216530472133,0.54854249471222,2026-06-07 04:37:49,2026-06-07 04:39:08,NA
"44","2026-06-07 05:37:39","Collar_44_2026-06-07 05:37:39",2026-06-07 05:38:28.5,NA,NA,NA,NA,NA,455.086753878483,-0.289970956347882,0.0033920014874902,3772.82912596728,0.185275952705426,3.36196771563593e-134,0.978837319643901,0.990789641374847,382.002117709793,0.986928160056651,0.783665497233708,458.310866395986,TRUE,-0.295531514484046,0.00266721826771026,0.77638154493835,2026-06-07 05:37:49,2026-06-07 05:39:08,NA
"44","2026-06-07 06:37:39","Collar_44_2026-06-07 06:37:39",2026-06-07 06:38:28.5,602.746005565784,-0.217367317547945,7.67635122096175e-97,0.937144140914091,1.5717381757862,343.310954349389,-0.268099743685243,0.00239197834494338,3736.27799995712,0.130653264258456,1.74787069950771e-152,0.987579167740117,0.698687006861079,291.529056966924,0.991235247985521,0.590667913148499,343.33091026945,TRUE,-0.267995970874245,0.00260057165674009,0.629430117150241,2026-06-07 06:37:49,2026-06-07 06:39:08,NA
"44","2026-06-07 07:37:41","Collar_44_2026-06-07 07:37:41",2026-06-07 07:38:30.5,NA,NA,NA,NA,NA,462.812055747724,-0.292659766167613,0.00347488618096042,3764.78973504291,0.189803232721083,3.37264389810527e-133,0.978210634091767,1.0149999184109,415.492020953637,0.984189538661869,0.870126162279725,469.156918583702,TRUE,-0.300486085909703,0.00252556017108552,0.795878247874807,2026-06-07 07:37:51,2026-06-07 07:39:10,NA
"44","2026-06-07 08:37:39","Collar_44_2026-06-07 08:37:39",2026-06-07 08:38:28.5,629.917887949714,-0.348356625220606,7.8268940898385e-105,0.950200585212901,1.71102782593106,450.779930931083,-0.3272573250131,0.00334665498398379,3797.91492329262,0.182799062093794,2.97222307683435e-143,0.983745155273907,0.977544114769859,330.637882919296,0.992517977065147,0.667453038767048,451.184768951217,TRUE,-0.326290567314629,0.00340506681945663,1.07811887788032,2026-06-07 08:37:49,2026-06-07 08:39:08,NA
"44","2026-06-07 09:37:40","Collar_44_2026-06-07 09:37:40",2026-06-07 09:38:29.5,NA,NA,NA,NA,NA,320.833950000632,-0.251458546936983,0.00222972920271938,3775.5096644581,0.121790985007679,6.68382556782749e-153,0.9877293802112,0.651294701748488,291.740056233426,0.990022117096154,0.591057511881084,321.392097174435,TRUE,-0.252637516115389,0.0023702769211929,0.607268647376502,2026-06-07 09:37:50,2026-06-07 09:39:09,NA
"44","2026-06-07 10:37:38","Collar_44_2026-06-07 10:37:38",2026-06-07 10:38:27.5,245.921746768016,-0.485711392510856,1.57231463832002e-168,0.992218740934095,0.51535789215514,555.155011218683,-0.244562037419865,0.00463730538079076,3751.01298929936,0.253296225128643,3.28468911563806e-102,0.946245571109438,1.35453777132007,100.896600525573,0.996934192494927,0.325553733015079,555.395357187504,TRUE,-0.242632975910978,0.00468740329560724,1.75510565122949,2026-06-07 10:37:48,2026-06-07 10:39:07,NA
"44","2026-06-07 11:37:40","Collar_44_2026-06-07 11:37:40",2026-06-07 11:38:29.5,NA,NA,NA,NA,NA,163.835083784579,-0.221036268295157,0.00136514232065112,3742.56267833086,0.0745660180191366,1.67433476920207e-177,0.99400931722189,0.398752440201415,105.15499064909,0.995951061249515,0.32991498351197,167.235799328408,TRUE,-0.223406552080687,0.00108229479341522,0.320512051195085,2026-06-07 11:37:50,2026-06-07 11:39:09,NA
"44","2026-06-07 12:37:39","Collar_44_2026-06-07 12:37:39",2026-06-07 12:38:28.5,193.439208197104,-0.395295186129328,6.85290120554402e-70,0.982082788194829,0.790741174342809,201.412234017223,-0.250088944092183,0.00402406914726828,3700.16891436992,0.219800388579516,3.34439073323471e-68,0.980205094097184,0.831143208198905,1.97831089269478,0.998443405242054,0.236117092360214,203.660169421597,TRUE,-0.245022608098562,0.00365636808338702,0.805002951907121,2026-06-07 12:37:49,2026-06-07 12:39:08,NA
"44","2026-06-07 13:37:39","Collar_44_2026-06-07 13:37:39",2026-06-07 13:38:28.5,NA,NA,NA,NA,NA,48.2114098253969,-0.163628185780309,0.0015446362800104,3689.0143566608,0.0843702337448103,4.76265404244171e-86,0.993097242591058,0.319033770614945,13.1222800114208,0.995765323941901,0.253148846809876,52.0883842415013,TRUE,-0.165967092568925,0.00111366683391465,0.215483665135374,2026-06-07 13:37:49,2026-06-07 13:39:08,NA
"44","2026-06-07 14:37:36","Collar_44_2026-06-07 14:37:36",2026-06-07 14:38:25.5,261.820573536909,-0.21810132331939,1.52367229133521e-53,0.952982281267501,1.21239647094108,111.4047973029,-0.238225115912737,0.00229273891788931,3683.22956510435,0.125232665399289,2.13016815748812e-85,0.992826976006959,0.473549114102727,28.3981947601917,0.997582473789517,0.278509483324602,111.487958698669,TRUE,-0.237698617852009,0.00238537102006351,0.581765267458644,2026-06-07 14:37:46,2026-06-07 14:39:05,NA
"44","2026-06-07 15:37:38","Collar_44_2026-06-07 15:37:38",2026-06-07 15:38:27.5,NA,NA,NA,NA,NA,140.45127457266,-0.215061186222557,0.00274913858237795,3686.1748599185,0.150161865154781,7.10974297645793e-76,0.987414705418014,0.567815258018643,107.812677840372,0.992039064034508,0.457507203283488,144.731016169511,TRUE,-0.220021675241649,0.00169928108367488,0.368913863289684,2026-06-07 15:37:48,2026-06-07 15:39:07,NA
"44","2026-06-07 16:37:38","Collar_44_2026-06-07 16:37:38",2026-06-07 16:38:27.5,NA,NA,NA,NA,NA,162.537705968178,-0.248272159378328,0.00315607073645558,3689.21827287771,0.17238907903168,4.63173452291071e-76,0.987552214851089,0.65186423523092,136.08683223868,0.991492851706501,0.54593837029856,162.784739063339,TRUE,-0.249615603318182,0.0029166082106123,0.647133152897621,2026-06-07 16:37:48,2026-06-07 16:39:07,NA
"44","2026-06-07 17:37:39","Collar_44_2026-06-07 17:37:39",2026-06-07 17:38:28.5,212.410746783489,-0.467546906431218,2.09327914869741e-71,0.983615562993178,0.890286051411289,256.439765924886,-0.293151753974934,0.00567582365787478,3655.90914406529,0.310021572655276,4.41764027499782e-62,0.971591322037611,1.17230149670258,63.8700631351516,0.997565909012674,0.347634377314956,256.560555308197,TRUE,-0.291500993850053,0.00600134570427093,1.39833881086115,2026-06-07 17:37:49,2026-06-07 17:39:08,NA
"44","2026-06-07 18:37:41","Collar_44_2026-06-07 18:37:41",2026-06-07 18:38:30.5,NA,NA,NA,NA,NA,152.157193501952,-0.263870582869479,0.00295781143012549,3648.23253390097,0.161559873325699,2.82011459963986e-80,0.990294498477635,0.610915168530527,118.741219352543,0.993920069803233,0.489848428629352,152.327953937732,TRUE,-0.264858164499586,0.0028705388560872,0.629098480568521,2026-06-07 18:37:51,2026-06-07 18:39:10,NA
"44","2026-06-07 19:37:40","Collar_44_2026-06-07 19:37:40",2026-06-07 19:38:29.5,70.9379503571826,-0.915021086208565,1.68313734748467e-109,0.998271280937573,0.367725905816856,378.571924348638,-0.362566838637268,0.0121769117707831,3611.1128636292,0.665120265324847,2.37361161924416e-44,0.919133036150419,2.51505556806699,59.5781962832754,0.998573271898222,0.338433331337471,380.673670915705,TRUE,-0.347598814009773,0.0108640039251807,2.67888152374289,2026-06-07 19:37:50,2026-06-07 19:39:09,NA
"44","2026-06-07 20:37:40","Collar_44_2026-06-07 20:37:40",2026-06-07 20:38:29.5,263.284930571922,-0.368370214496633,5.18226841802899e-63,0.973109668872426,1.22354353652784,230.440713363609,-0.316191544996124,0.00482457000304373,3642.40373137255,0.263524885529854,5.73891458951051e-70,0.982164085924923,0.996481035429542,82.807875083863,0.997320035385858,0.391314902173012,230.459858368688,TRUE,-0.31563494703054,0.00500600343610964,1.30229610344973,2026-06-07 20:37:50,2026-06-07 20:39:09,NA
"44","2026-06-07 21:37:38","Collar_44_2026-06-07 21:37:38",2026-06-07 21:38:27.5,303.724511372922,-0.222133411441593,1.38548570665995e-48,0.937003516220311,1.57538323559794,134.478958947638,-0.267367971017105,0.00264841314433611,3667.64774216166,0.144660098258835,1.98164697202656e-84,0.992404852880012,0.547011126514549,90.8156898921532,0.995814112939772,0.411398139479936,134.488278893215,TRUE,-0.267603578572522,0.00270307515185715,0.677980099442046,2026-06-07 21:37:48,2026-06-07 21:39:07,NA
"44","2026-06-07 22:37:39","Collar_44_2026-06-07 22:37:39",2026-06-07 22:38:28.5,297.209754509551,-0.235846988025359,1.75737142873207e-52,0.949941909546291,1.51252635637297,162.091130567407,-0.287730290287277,0.0031472741210539,3666.0003257065,0.171908595368822,4.25445245065409e-81,0.990753904624414,0.650047356127038,99.9600513317961,0.995954671128568,0.435595349008701,162.117469640338,TRUE,-0.288157721007471,0.00316196722271394,0.88900668351291,2026-06-07 22:37:49,2026-06-07 22:39:08,NA
"44","2026-06-07 23:37:41","Collar_44_2026-06-07 23:37:41",2026-06-07 23:38:30.444444,NA,NA,NA,NA,NA,122.453615685699,-0.25392641495414,0.00243372747820461,3719.78155830554,0.132669774806056,2.13340622003757e-86,0.992795315960915,0.502787128336653,64.9967784255471,0.99662631712277,0.348495354025423,124.958694227473,TRUE,-0.257272675636929,0.00223403549984839,0.429403324333338,2026-06-07 23:37:51,2026-06-07 23:39:10,NA
"45","2026-06-07 00:25:34","Collar_45_2026-06-07 00:25:34",2026-06-07 00:26:23.5,NA,NA,NA,NA,NA,166.427909223624,-0.158672112372759,0.00323374719273914,3647.51802609297,0.176631877713754,2.14259691358835e-60,0.968619578809488,0.667907761501053,130.923701148182,0.980848489907334,0.528602390851149,166.433454824275,TRUE,-0.158505491377011,0.00335713938472744,0.741710420995672,2026-06-07 00:25:44,2026-06-07 00:27:03,NA
"45","2026-06-07 00:46:45","Collar_45_2026-06-07 00:46:45",2026-06-07 00:47:34.5,114.775933190465,-0.397721364286318,1.85598974097951e-82,0.991467356386254,0.483632457162937,257.876995921331,-0.218089043321918,0.00572703748249887,3652.82179107985,0.312818944703582,3.75835287939797e-52,0.948957301028585,1.18287935233687,32.551887975052,0.997095972206027,0.285834420200451,258.014566380989,TRUE,-0.216309686950695,0.00592598375216644,1.4644098110969,2026-06-07 00:46:55,2026-06-07 00:48:14,NA
"45","2026-06-07 01:46:44","Collar_45_2026-06-07 01:46:44",2026-06-07 01:47:33.5,NA,NA,NA,NA,NA,346.352879121902,-0.14098376745488,0.00241482494478117,3670.4240312379,0.131901178083564,7.55333287947284e-109,0.955699217202408,0.705360404423962,250.315791221311,0.976292995621086,0.519290001746396,352.836244876777,TRUE,-0.146413845953843,0.0014465993780599,0.424453426513765,2026-06-07 01:46:54,2026-06-07 01:48:13,NA
"45","2026-06-07 02:46:42","Collar_45_2026-06-07 02:46:42",2026-06-07 02:47:31.5,NA,NA,NA,NA,NA,304.814457991542,-0.160515910167227,0.00212085483573015,3666.71802937541,0.115844112005552,4.84173157823104e-126,0.973157321036047,0.619492948293483,230.329643334488,0.983564181175287,0.487848928504963,305.080874833044,TRUE,-0.161599107767419,0.00206910049667757,0.622939318277833,2026-06-07 02:46:52,2026-06-07 02:48:11,NA
"45","2026-06-07 03:46:43","Collar_45_2026-06-07 03:46:43",2026-06-07 03:47:47.5,157.175689223593,-0.0857182649293899,2.81183101409613e-48,0.887436996328636,0.520503465239851,69.4460116175904,-0.103904602664239,0.00232610088059866,3699.02147511732,0.0869880871812372,5.81504850901416e-67,0.953184407455604,0.335676586929268,68.2789845435808,0.955541949875791,0.330505290178609,69.4501476386285,TRUE,-0.104050545119486,0.00245637796467823,0.419977621786255,2026-06-07 03:47:23,2026-06-07 03:48:12,"Time changed"
"45","2026-06-07 04:46:42","Collar_45_2026-06-07 04:46:42",2026-06-07 04:47:31.5,132.672756137221,-0.537915930723947,6.46431530757655e-190,0.995827938953072,0.361751857337112,581.117338344125,-0.232573530562948,0.00502922417631143,3716.55442260464,0.274703387976612,9.68671380627224e-94,0.931201027629144,1.46901563469781,141.899331860193,0.99568940361112,0.370058485413813,586.180223918249,TRUE,-0.223185319820502,0.00459359767923543,1.34125190607439,2026-06-07 04:46:52,2026-06-07 04:48:11,NA
"45","2026-06-07 05:46:42","Collar_45_2026-06-07 05:46:42",2026-06-07 05:47:31.5,394.352087524015,-0.147974150876921,7.83378799083873e-111,0.958187857698403,0.819509844064857,308.300549077931,-0.170348272838302,0.00214408581156142,3750.71462877543,0.117113020994917,2.74053258520175e-129,0.975580923081473,0.626278620498389,177.117635277948,0.989509485619828,0.413111800622233,308.355297358907,TRUE,-0.169975211512386,0.00221580285594456,0.730401292692456,2026-06-07 05:46:52,2026-06-07 05:48:11,NA
"45","2026-06-07 06:46:42","Collar_45_2026-06-07 06:46:42",2026-06-07 06:47:31.5,NA,NA,NA,NA,NA,336.612687066047,-0.138794066804357,0.00234242963830485,3757.17645824216,0.127946843326262,8.08491144029219e-110,0.956934394487284,0.684214034056664,285.96793432666,0.969394033979094,0.580491666054961,340.212603251068,TRUE,-0.142743935319346,0.00180349366420485,0.541571813877152,2026-06-07 06:46:52,2026-06-07 06:48:11,NA
"45","2026-06-07 07:46:46","Collar_45_2026-06-07 07:46:46",2026-06-07 07:47:35.5,432.339151103186,-0.192353260916736,8.32368451999517e-109,0.955644739770422,0.92280319084375,375.730429535691,-0.185596857317801,0.0026470124929227,3773.95097591094,0.144583592683592,6.006192085261e-121,0.968862066608353,0.773181429386153,228.269890890533,0.987917012970443,0.484718862928576,376.128284635649,TRUE,-0.184242895529578,0.00267641409811795,0.875961628632435,2026-06-07 07:46:56,2026-06-07 07:48:15,NA
"45","2026-06-07 08:46:41","Collar_45_2026-06-07 08:46:41",2026-06-07 08:47:30.5,248.059153855253,-0.346641687374022,1.1471515274682e-150,0.986903650665462,0.51881169400637,449.59645041992,-0.190536122961289,0.00333430065307752,3799.44945006512,0.182124250942578,1.91933338739665e-107,0.953847939024339,0.973935465677813,126.829195871594,0.994012665764746,0.353034888691065,450.146853074504,TRUE,-0.18846088528276,0.00338967366647377,1.16738806508047,2026-06-07 08:46:51,2026-06-07 08:48:10,NA
"45","2026-06-07 09:46:39","Collar_45_2026-06-07 09:46:39",2026-06-07 09:47:28.5,263.753687041915,-0.255869757688318,4.7046132595825e-138,0.981085659324178,0.544891345584313,373.342559386836,-0.167268237419225,0.00262733374994281,3772.70144008593,0.143508711712256,1.49998756624332e-114,0.962480873144683,0.767433349743008,97.4269048681049,0.993476715467941,0.322042887439898,373.358654295984,TRUE,-0.166999371547651,0.00274813811973363,0.942808350019235,2026-06-07 09:46:49,2026-06-07 09:48:08,NA
"45","2026-06-07 10:46:39","Collar_45_2026-06-07 10:46:39",2026-06-07 10:47:28.5,195.722147498177,-0.280550531763745,6.5055032248982e-154,0.988085917853136,0.440534097092844,377.744628528117,-0.170423051356834,0.00266372632018799,3756.6892160336,0.145496525735464,7.08661490580327e-115,0.962835218439299,0.778063469380313,5.62011090952097,0.996458383201961,0.241722046136675,380.040880910974,TRUE,-0.166991419654995,0.0026594905228659,0.835393015588179,2026-06-07 10:46:49,2026-06-07 10:48:08,NA
"45","2026-06-07 11:46:40","Collar_45_2026-06-07 11:46:40",2026-06-07 11:47:29.5,327.814340654885,-0.116893847188698,2.32965885460677e-97,0.938085372060341,0.66565795093685,151.207254432528,-0.113933867106135,0.00131232020664887,3741.16099479706,0.0716807989141999,3.07376481231927e-135,0.979468461269819,0.383323318609942,116.960369391433,0.983833856514326,0.342313438476301,155.569418533818,TRUE,-0.11181089789143,0.00122569499640084,0.297773595166971,2026-06-07 11:46:50,2026-06-07 11:48:09,NA
"45","2026-06-07 12:46:40","Collar_45_2026-06-07 12:46:40",2026-06-07 12:47:29.5,116.722409647606,-0.200149542482102,6.74030637680813e-67,0.978620878243919,0.489552011206274,125.66606104166,-0.141444536021733,0.00250648164633598,3694.26153509525,0.13690759767537,5.28158322250683e-65,0.976092063633663,0.517696172850697,8.16443041131818,0.994764616563297,0.245424921823166,127.239053294965,TRUE,-0.138646328768853,0.00219488445362042,0.508002750709127,2026-06-07 12:46:50,2026-06-07 12:48:09,NA
"45","2026-06-07 13:46:40","Collar_45_2026-06-07 13:46:40",2026-06-07 13:47:29.5,141.497404897931,-0.208468657873748,1.46757808022661e-64,0.975457488616842,0.571539976192498,142.667478705067,-0.154045015930351,0.00278748260292496,3682.4686174063,0.152256270173058,2.59660570609176e-64,0.975095893862699,0.575734946047444,30.3066976164295,0.994184522304826,0.281851476488153,142.841315140497,TRUE,-0.153048770069018,0.00296742938796703,0.650012207518387,2026-06-07 13:46:50,2026-06-07 13:48:09,NA
"45","2026-06-07 14:46:37","Collar_45_2026-06-07 14:46:37",2026-06-07 14:47:26.5,161.39106921763,-0.0918965106803366,3.61214758757611e-49,0.93913628404027,0.647209362874229,41.2170339926398,-0.111413995565453,0.00147856735593317,3685.77301530757,0.0807614550052443,1.27143860584342e-74,0.986448980832687,0.30538769856445,29.7027370322903,0.988837800249462,0.280789562091812,41.2399148834307,TRUE,-0.111634023935137,0.00148144766957154,0.33614061432269,2026-06-07 14:46:47,2026-06-07 14:48:06,NA
"45","2026-06-07 15:46:39","Collar_45_2026-06-07 15:46:39",2026-06-07 15:47:28.5,144.221529418124,-0.198958956132034,3.22758504130677e-60,0.968288308657335,0.581354199407512,135.754858477468,-0.137588883886363,0.0026696170075047,3683.7293609091,0.14581828346721,5.19555136493421e-62,0.971472970589315,0.551390635468097,62.7511881910989,0.989104976126568,0.345211861260702,136.168898250197,TRUE,-0.136159925886856,0.00266467122132297,0.540366646694292,2026-06-07 15:46:49,2026-06-07 15:48:08,NA
"45","2026-06-07 16:49:27","Collar_45_2026-06-07 16:49:27",2026-06-07 16:50:31.5,77.4447699258314,-0.114091781792586,3.74956191621838e-28,0.921341681592692,0.504554288383112,23.1101134591983,-0.120514448506462,0.00287182505229645,3708.37125112495,0.107396274212377,1.72130032518731e-39,0.973466176982308,0.293045790281163,26.3496395892735,0.973866689053363,0.297080737751156,23.1130806177998,TRUE,-0.120587321688958,0.00295527040378249,0.355467352529047,2026-06-07 16:50:07,2026-06-07 16:50:56,"Time changed"
"45","2026-06-07 17:46:40","Collar_45_2026-06-07 17:46:40",2026-06-07 17:47:29.5,170.014228348034,-0.163592085088853,2.79648749147697e-57,0.962285164573335,0.683047618626365,133.96455115334,-0.14857621501465,0.00263991204011608,3660.52324789092,0.144195755837635,6.47500973730169e-65,0.975966887552765,0.545255283168899,70.3554956535859,0.989677568208448,0.362014852795593,133.978271079857,TRUE,-0.148279355440985,0.00293412179070651,0.589020900938285,2026-06-07 17:46:50,2026-06-07 17:48:09,NA
"45","2026-06-07 18:46:44","Collar_45_2026-06-07 18:46:44",2026-06-07 18:47:33.5,143.902187954405,-0.21764317316559,7.61451611767742e-66,0.977250005410356,0.580195040934206,165.021475775371,-0.16202814275277,0.00320544644586341,3651.43606422088,0.175086050608721,2.26193884233243e-61,0.970376854292597,0.662062441082372,59.6401453245258,0.992451949071968,0.338564391835457,165.15125647745,TRUE,-0.161046001471208,0.003308517577418,0.802617427874411,2026-06-07 18:46:54,2026-06-07 18:48:13,NA
"45","2026-06-07 19:46:43","Collar_45_2026-06-07 19:46:43",2026-06-07 19:47:32.5,53.1646265299769,-0.489926131026943,3.03188947470279e-95,0.995989116539535,0.329064758447161,279.02629179696,-0.214545897892937,0.00653636681015663,3622.3145646295,0.357025665363125,2.06421476271756e-47,0.932489553611155,1.35004063840363,63.4323714776022,0.995662238883509,0.346684697698405,281.15902232789,TRUE,-0.206432890526637,0.00561863079442923,1.39747764509908,2026-06-07 19:46:53,2026-06-07 19:48:12,NA
"45","2026-06-07 20:46:45","Collar_45_2026-06-07 20:46:45",2026-06-07 20:47:34.5,121.816373650375,-0.290952818745712,1.22678693927436e-75,0.987237458684529,0.505388775256533,205.46809867334,-0.187785480060757,0.0041273797827542,3616.0525991961,0.225443362642131,6.37529698718278e-58,0.963687538167474,0.852481294070795,42.4449134221823,0.995498677835798,0.304065792856457,206.372584840382,TRUE,-0.184451378458679,0.00377051779367489,0.902978357786938,2026-06-07 20:46:55,2026-06-07 20:48:14,NA
"45","2026-06-07 21:46:39","Collar_45_2026-06-07 21:46:39",2026-06-07 21:47:28.5,121.581015288073,-0.316845977382446,3.23815228708355e-77,0.98837294406806,0.504645900055958,207.248785463286,-0.19669528042572,0.00417357116125997,3668.82698199418,0.227966401529642,4.49348020519966e-59,0.96607399201675,0.862021798748376,4.41270062270075,0.997443265503635,0.23973706777817,208.096699573025,TRUE,-0.193453868298315,0.00396497714414794,0.993127108042606,2026-06-07 21:46:49,2026-06-07 21:48:08,NA
"45","2026-06-07 22:46:42","Collar_45_2026-06-07 22:46:42",2026-06-07 22:47:31.5,96.5854056996956,-0.309323952214741,5.20843302891274e-81,0.990705821405503,0.431658357131878,205.037543762858,-0.187973962006212,0.00411628806547106,3675.29760802824,0.224837517245437,4.82871811788479e-58,0.96394520111402,0.850190377799289,-31.4413990032455,0.998215651811932,0.191608580742197,206.645067334438,TRUE,-0.183774261233934,0.00393414858629287,0.874952111575647,2026-06-07 22:46:52,2026-06-07 22:48:11,NA
"49","2026-06-07 01:37:27","Collar_49_2026-06-07 01:37:27",2026-06-07 01:38:31.5,118.776534772717,-0.600866218806541,6.27825978858411e-100,0.990051327021021,0.429576901074194,283.021609147231,-0.287751418686459,0.00676709172327869,3573.29450982321,0.253065707380883,5.74110567108428e-65,0.948587058697997,0.976550188366238,124.332116842346,0.989895357274452,0.437417592147277,286.35424893456,TRUE,-0.276467854046049,0.00590648968583372,0.771580613851743,2026-06-07 01:38:07,2026-06-07 01:38:56,"Time changed"
"49","2026-06-07 02:37:29","Collar_49_2026-06-07 02:37:29",2026-06-07 02:38:33.5,185.206435841595,-0.686206581737119,6.75539390544224e-76,0.969230671551204,0.598813548661194,335.298079239702,-0.217420493964164,0.00878858536703824,3621.43218354027,0.328662542748753,6.23316305099676e-44,0.861975004135466,1.26826930188198,93.9190920845315,0.988134382567673,0.375712116851127,338.260087010974,TRUE,-0.206323523598406,0.0078222297328502,1.17482919722393,2026-06-07 02:38:09,2026-06-07 02:38:58,"Time changed"
"49","2026-06-07 03:37:28","Collar_49_2026-06-07 03:37:28",2026-06-07 03:38:32.5,128.193690920012,-0.453258897717335,7.09755550699466e-91,0.98477691875904,0.450287628955896,266.420225977375,-0.242646240864647,0.00622805755840705,3652.12061211661,0.232907703349927,1.88951821352826e-61,0.939352517288407,0.898762870450855,97.7308752063964,0.989214694329244,0.382941455222447,270.355747722051,TRUE,-0.231980560526961,0.00564999760375812,0.781195023158853,2026-06-07 03:38:08,2026-06-07 03:38:57,"Time changed"
"49","2026-06-07 04:37:32","Collar_49_2026-06-07 04:37:32",2026-06-07 04:38:36.5,150.767389768916,-0.570958837602465,1.26702153099981e-88,0.983078158441664,0.50409011328055,298.546995588157,-0.255781896533957,0.00731332731943928,3693.35577904739,0.27349301990917,3.66163946270078e-57,0.925826922634388,1.05537673544672,159.271891356839,0.982298485457714,0.520915166261079,305.439902234717,TRUE,-0.239428497167731,0.00548458954907877,0.858011623346408,2026-06-07 04:38:12,2026-06-07 04:39:01,"Time changed"
"49","2026-06-07 05:37:30","Collar_49_2026-06-07 05:37:30",2026-06-07 05:38:34.5,164.395704917409,-0.514201181001609,3.57306296463366e-94,0.986962189148961,0.539636963698533,296.417131541716,-0.316192848998817,0.0072358585816798,3671.16980676362,0.270595958405841,4.52501765370372e-66,0.951183521544601,1.04419732285042,153.427368001677,0.988774698491351,0.505912931853636,298.213147464938,TRUE,-0.307578554613641,0.00703348527378724,1.04921180285681,2026-06-07 05:38:10,2026-06-07 05:38:59,"Time changed"
"49","2026-06-07 06:37:27","Collar_49_2026-06-07 06:37:27",2026-06-07 06:38:31.5,190.342381837772,-0.597999605128447,7.07268229678152e-81,0.975649232348493,0.614390063261128,350.38901346974,-0.253270858373582,0.00947738498989946,3668.25771828268,0.354421254309205,8.51685616988121e-47,0.879333602670337,1.36766907787996,117.602421207928,0.988695919480414,0.422944028126554,354.528315100633,TRUE,-0.236923290046124,0.00838304967871896,1.32949520471555,2026-06-07 06:38:07,2026-06-07 06:38:56,"Time changed"
"49","2026-06-07 07:37:28","Collar_49_2026-06-07 07:37:28",2026-06-07 07:38:32.5,99.3315969291749,-0.508373634921384,1.92849056742697e-95,0.987716162859749,0.389777508022901,284.405058392558,-0.231629170476403,0.00681406363380861,3697.78412441636,0.254822293555767,4.83420156775186e-56,0.921819601368253,0.983328643565554,71.0400843575405,0.991106068245091,0.335099721894604,286.173573167604,TRUE,-0.223833036493948,0.00677726817212097,1.00690246008979,2026-06-07 07:38:08,2026-06-07 07:38:57,"Time changed"
"49","2026-06-07 08:37:28","Collar_49_2026-06-07 08:37:28",2026-06-07 08:38:32.5,114.058124393983,-0.318012857307167,3.41243354213752e-91,0.985002707756797,0.419560913933887,210.236852845018,-0.230365233851898,0.00470275087543017,3717.98977113127,0.17586653552114,1.01300274577411e-70,0.960761557110388,0.678647850662758,91.2530027319319,0.988529041986449,0.370736940813069,212.998092848689,TRUE,-0.223853941493162,0.00457183841660746,0.530516861914279,2026-06-07 08:38:08,2026-06-07 08:38:57,"Time changed"
"49","2026-06-07 09:37:28","Collar_49_2026-06-07 09:37:28",2026-06-07 09:38:32.5,130.823139108731,-0.321653284695117,1.0305077424873e-89,0.983922744668063,0.456246756111981,208.896444588927,-0.242468884761735,0.00467133822694578,3700.03632855124,0.174691811661249,4.280929093398e-73,0.964902194200904,0.674114732293905,96.5009013078939,0.989040757295135,0.38059364202164,211.533977353387,TRUE,-0.240796601570994,0.00409125128208835,0.532771763143867,2026-06-07 09:38:08,2026-06-07 09:38:57,"Time changed"
"49","2026-06-07 11:10:00","Collar_49_2026-06-07 11:10:00",2026-06-07 11:11:04.5,70.2837996196378,-0.334359864183698,2.82435255438518e-45,0.984764352924389,0.469686635440756,87.4192181198204,-0.255569729477786,0.00546322230264992,3673.53244545869,0.204305523426431,1.05757938590059e-41,0.978536662339192,0.557476262657959,28.0380876194622,0.993958069110828,0.302139377690748,88.9214472779745,TRUE,-0.249587579609302,0.00509130085276619,0.483542421185375,2026-06-07 11:10:40,2026-06-07 11:11:29,"Time changed"
"49","2026-06-07 12:09:24","Collar_49_2026-06-07 12:09:24",2026-06-07 12:10:28.5,269.32010423943,-0.295145272414325,2.06761547160378e-62,0.942028398848545,0.911889317786701,244.280474242011,-0.253879151262177,0.00557540933031414,3664.26696748433,0.208500928288041,9.63941645930893e-68,0.954869560363825,0.80458005512288,190.374245487673,0.974707834903346,0.608562105491564,245.303958599412,TRUE,-0.251669126123544,0.00570535623228436,0.78827889221738,2026-06-07 12:10:04,2026-06-07 12:10:53,"Time changed"
"49","2026-06-07 13:09:26","Collar_49_2026-06-07 13:09:26",2026-06-07 13:10:30.5,195.075998527076,-0.169543871832995,9.63275946480101e-66,0.950425364820682,0.629104948202754,-44.025889777466,-0.193386538246879,0.00131894729816058,3624.70534103725,0.0493240441619719,1.23593251661659e-116,0.995462117777674,0.190335565872869,-62.4960517280179,0.996375346081962,0.17187156528031,-43.7656683693118,TRUE,-0.193241888423581,0.00129666729202368,0.181455655593922,2026-06-07 13:10:06,2026-06-07 13:10:55,"Time changed"
"49","2026-06-07 14:09:30","Collar_49_2026-06-07 14:09:30",2026-06-07 14:10:34.5,198.007394157399,-0.357532823478475,1.01975037906757e-59,0.934213188589083,0.638393631409304,280.042410875983,-0.157469671780573,0.00666703624632873,3618.89254802624,0.249323980345535,3.0606186794992e-42,0.850578742118091,0.96211131287022,154.283002794649,0.959179864773409,0.508081951801257,284.693713876848,TRUE,-0.144525067119866,0.00560310578152322,0.674798170800931,2026-06-07 14:10:10,2026-06-07 14:10:59,"Time changed"
"49","2026-06-07 15:09:25","Collar_49_2026-06-07 15:09:25",2026-06-07 15:10:29.5,216.051401508811,-0.257919790907558,2.21801971213882e-70,0.960129202402813,0.698667610012246,79.3626175077851,-0.238806155423922,0.00244434319138395,3641.07784313844,0.0914099385828216,1.78452863796908e-99,0.989836973047962,0.352739980716739,59.4648217000531,0.991997304935169,0.316255949191607,79.6969531489703,TRUE,-0.239208799516844,0.00238361016893478,0.362037298405321,2026-06-07 15:10:05,2026-06-07 15:10:54,"Time changed"
"49","2026-06-07 16:09:26","Collar_49_2026-06-07 16:09:26",2026-06-07 16:10:30.5,147.06418024797,-0.214870866658374,2.52334483610074e-71,0.961858509971982,0.494842238008746,111.805378764844,-0.171469802336264,0.00287482056389389,3664.59147889803,0.107508295933431,7.87519077111052e-79,0.973191616603335,0.414861609387129,55.3646236378461,0.985351951760144,0.309838396898285,113.454838323547,TRUE,-0.168774919843231,0.00275396528336555,0.348755517866992,2026-06-07 16:10:06,2026-06-07 16:10:55,"Time changed"
"49","2026-06-07 17:09:28","Collar_49_2026-06-07 17:09:28",2026-06-07 17:10:32.5,109.220667636815,-0.243190736848583,1.75045228058112e-83,0.978455689596897,0.409534618270174,153.686533411778,-0.188157471573273,0.00354449619556493,3616.50352694108,0.132551836700226,5.10876796530715e-74,0.966391788700604,0.511501627136995,68.640271113322,0.986204978060842,0.331102865368685,153.747645032164,TRUE,-0.187353146002856,0.00380199114718348,0.536166458486558,2026-06-07 17:10:08,2026-06-07 17:10:57,"Time changed"
"49","2026-06-07 18:09:27","Collar_49_2026-06-07 18:09:27",2026-06-07 18:10:31.5,132.870832701858,-0.196474143708414,2.69072643920716e-71,0.96180850376017,0.460942019042928,78.1346812429443,-0.160004545246047,0.00242938167959779,3609.84548592477,0.0908504300496908,6.00137916018605e-83,0.977907208812102,0.350580904447274,54.9526788297152,0.983165483360023,0.309200872091451,78.3466959572569,TRUE,-0.160278993754677,0.0025023069095864,0.326577553657096,2026-06-07 18:10:07,2026-06-07 18:10:56,"Time changed"
"49","2026-06-07 19:09:27","Collar_49_2026-06-07 19:09:27",2026-06-07 19:10:31.5,NA,NA,NA,NA,NA,118.595485716528,-0.219059564413796,0.0029740979843962,3586.00599178883,0.111220926362237,1.29374212394767e-87,0.982256588207019,0.429188204571075,116.933485168429,0.983233308409483,0.42153177868895,118.688048013895,TRUE,-0.21822388634844,0.00336330340757328,0.425501519435627,2026-06-07 19:10:07,2026-06-07 19:10:56,"Time changed"
"49","2026-06-07 20:09:30","Collar_49_2026-06-07 20:09:30",2026-06-07 20:10:34.5,155.655028145063,-0.226523181746753,6.16295380306346e-75,0.96781108678146,0.516560925595419,115.415050991331,-0.195372646590906,0.00292717742011268,3612.61846395981,0.109466260358484,1.67578462353124e-83,0.978474843697201,0.422417159081666,12.5332397806447,0.99260795664361,0.250108279461757,115.609813233593,TRUE,-0.196635612915957,0.00288249183977733,0.499925317702448,2026-06-07 20:10:10,2026-06-07 20:10:59,"Time changed"
"49","2026-06-07 21:09:26","Collar_49_2026-06-07 21:09:26",2026-06-07 21:10:30.5,155.908325788674,-0.143834081447752,1.26618558082722e-64,0.947750893785617,0.517215558376444,103.080938322613,-0.152812107968753,0.00275211046050856,3734.17776518981,0.102919364619087,7.17539040895703e-76,0.969192785175601,0.397153474271541,95.5475451458976,0.972548660122628,0.378783752652461,103.132798413067,TRUE,-0.153150400919694,0.00282966273620376,0.466300144893358,2026-06-07 21:10:06,2026-06-07 21:10:55,"Time changed"
"49","2026-06-07 22:09:25","Collar_49_2026-06-07 22:09:25",2026-06-07 22:10:29.5,147.818546096275,-0.328619661122693,7.88685957139482e-89,0.983241053546616,0.49671222284678,137.210260697651,-0.261218679508775,0.00326419986836297,3620.20762346209,0.122069728400198,4.35562773330077e-91,0.98492783932437,0.471052429413572,-14.7059297597685,0.996830139838765,0.218262418673335,137.758240917569,TRUE,-0.258895499544663,0.0031725328415468,0.499493029608171,2026-06-07 22:10:05,2026-06-07 22:10:54,"Time changed"
"49","2026-06-07 23:09:25","Collar_49_2026-06-07 23:09:25",2026-06-07 23:10:29.5,114.12158814749,-0.292727833718738,3.76864475205155e-92,0.98566203167233,0.419694069611283,142.495133396458,-0.238141324984143,0.0033516039855374,3643.6351534041,0.1253383385573,4.1230179002563e-86,0.980958008891162,0.483665603666414,-20.3223103290212,0.996408851162746,0.212218454820566,142.975908345705,TRUE,-0.236094902730172,0.003729153614759,0.506039266084195,2026-06-07 23:10:05,2026-06-07 23:10:54,"Time changed"
"50","2026-06-07 00:22:27","Collar_50_2026-06-07 00:22:27",2026-06-07 00:23:16.5,NA,NA,NA,NA,NA,0.788852026525774,-0.00497408142483846,0.00114843193705527,3661.9225556827,0.0627289881917743,4.36692113681044e-05,0.193875444165922,0.237200547413597,-2.19517487794294,0.261265985405363,0.230037778546316,0.825085112199687,TRUE,-0.00487196747773618,0.00112666298384727,0.257813508842423,2026-06-07 00:22:37,2026-06-07 00:23:56,NA
"50","2026-06-07 01:22:29","Collar_50_2026-06-07 01:22:29",2026-06-07 01:23:18.5,NA,NA,NA,NA,NA,39.9099489191859,0.030214316312194,0.000926809386107596,3669.18055621287,0.0506236487869207,4.79824573267688e-72,0.870574893997979,0.270717198288682,33.0451420919687,0.879071756695856,0.263352046995275,40.0559759944468,TRUE,0.0299400587330628,0.000984271595224659,0.283670678034062,2026-06-07 01:22:39,2026-06-07 01:23:58,NA
"50","2026-06-07 02:22:27","Collar_50_2026-06-07 02:22:27",2026-06-07 02:23:16.5,NA,NA,NA,NA,NA,65.5330515415948,0.0141846074517354,0.00100407310930945,3659.51121547315,0.0548439034001885,8.02477378358705e-30,0.5581334264194,0.29328561309769,65.9900537226807,0.567810465018048,0.291909717452298,66.050657613795,TRUE,0.014686454806219,0.000968410549595677,0.269333958125469,2026-06-07 02:22:37,2026-06-07 02:23:56,NA
"50","2026-06-07 03:22:28","Collar_50_2026-06-07 03:22:28",2026-06-07 03:23:17.5,NA,NA,NA,NA,NA,158.208485534565,7.97841440306568e-05,0.00134134865648348,3694.64900333455,0.0732663741913639,0.95264452898409,2.23914909089984e-05,0.391802409054733,130.631540211769,0.179119964357697,0.357254785796429,158.513847443988,TRUE,-0.000208620770079789,0.00127537506383192,0.33175030711273,2026-06-07 03:22:38,2026-06-07 03:23:57,NA
"50","2026-06-07 04:22:29","Collar_50_2026-06-07 04:22:29",2026-06-07 04:23:18.5,NA,NA,NA,NA,NA,50.7547300459831,-0.0113895952604378,0.000958757198592986,3739.07425542306,0.0523686838103176,1.15819208358017e-23,0.471790061792538,0.280049022520437,44.6037396026244,0.504260729277001,0.273038370346335,50.7555225878305,TRUE,-0.0113794543012606,0.00096127531261401,0.248530242561506,2026-06-07 04:22:39,2026-06-07 04:23:58,NA
"50","2026-06-07 05:22:27","Collar_50_2026-06-07 05:22:27",2026-06-07 05:23:16.5,NA,NA,NA,NA,NA,19.2784800393527,-0.0168847363555679,0.000868940435939358,3776.98371526918,0.0474627643020449,9.85175406224399e-44,0.704992512484367,0.25381391667298,-1.53453385977102,0.747371659054409,0.236377530284814,19.332452698419,TRUE,-0.0170580237729631,0.00093776533321743,0.252258363427203,2026-06-07 05:22:37,2026-06-07 05:23:56,NA
"50","2026-06-07 06:22:30","Collar_50_2026-06-07 06:22:30",2026-06-07 06:23:19.5,NA,NA,NA,NA,NA,88.7219927053174,-0.0304722695053129,0.00107953487577516,3762.10851758424,0.0589657325698787,1.32544602547982e-63,0.834516159602605,0.315327683777735,82.8611518536371,0.844407051339818,0.307712759655598,89.3473821037857,TRUE,-0.0296254680923806,0.00115366207049252,0.31657022824862,2026-06-07 06:22:40,2026-06-07 06:23:59,NA
"50","2026-06-07 07:22:27","Collar_50_2026-06-07 07:22:27",2026-06-07 07:23:16.5,NA,NA,NA,NA,NA,-22.8712790243779,-0.00781000136821043,0.000761702898457177,3767.09847598414,0.0416052972590407,3.14390882758733e-19,0.399538747818116,0.222490274364524,-30.0402711751363,0.440025127285124,0.21623154526327,-22.844263842416,TRUE,-0.00769517709201928,0.000767434554465904,0.261450081241249,2026-06-07 07:22:37,2026-06-07 07:23:56,NA
"50","2026-06-07 08:22:30","Collar_50_2026-06-07 08:22:30",2026-06-07 08:23:19.5,34.3215328159758,-0.0237688401002659,1.6631300831079e-43,0.703035747148076,0.266030490174996,42.7013698758423,-0.0174133498164166,0.000934929486028442,3795.90484972461,0.0510671802106086,1.0537540896412e-41,0.687068050734513,0.27308904597748,24.5155013493342,0.727585698665733,0.256425094183075,42.9373684051072,TRUE,-0.0172716039174214,0.000960508557011002,0.284940477010536,2026-06-07 08:22:40,2026-06-07 08:23:59,NA
"50","2026-06-07 09:22:31","Collar_50_2026-06-07 09:22:31",2026-06-07 09:23:50.5,NA,NA,NA,NA,NA,170.25159055812,-0.0165434109151633,0.00139279186831489,3776.34095538249,0.0760762756956656,1.17042927419934e-23,0.471720264857135,0.406828759010532,150.171265323543,0.545533632444471,0.37974913129621,170.656649163513,TRUE,-0.0158975746710796,0.00142406617677168,0.389173679188876,2026-06-07 09:23:11,2026-06-07 09:24:30,"Time changed"
"50","2026-06-07 10:22:32","Collar_50_2026-06-07 10:22:32",2026-06-07 10:23:21.5,NA,NA,NA,NA,NA,226.085435603452,-0.0502892477080903,0.00165829677562306,3763.57792734515,0.090578531909558,9.20111509471835e-68,0.853385598677941,0.484381647140237,192.062028512185,0.884397252206919,0.432862224379673,227.356465048861,TRUE,-0.049436513806579,0.00152823152285548,0.443703614794815,2026-06-07 10:22:42,2026-06-07 10:24:01,NA
"50","2026-06-07 11:22:32","Collar_50_2026-06-07 11:22:32",2026-06-07 11:23:21.5,NA,NA,NA,NA,NA,61.5044405037879,-0.0167547715012982,0.000991511658308843,3741.58067641978,0.0541577790544053,3.03076058222653e-37,0.643782693268548,0.289616465080527,-78.5614800509339,0.855232507805794,0.185809327065364,61.9427024118973,TRUE,-0.0164320998017394,0.00103885466603165,0.308098078054719,2026-06-07 11:22:42,2026-06-07 11:24:01,NA
"50","2026-06-07 11:47:47","Collar_50_2026-06-07 11:47:47",2026-06-07 11:48:36.5,50.9191260708788,-0.0220779248374896,2.05593742041128e-22,0.705661364534928,0.324478795126824,46.4860517964919,-0.0217233178391653,0.00152806919970667,3735.78588555999,0.0834653162209999,2.3430553822568e-23,0.721528005104851,0.315611956582878,-3.9763511246275,0.859031359073225,0.22749111858504,46.5311332001559,TRUE,-0.0219639253076778,0.00150723474691562,0.311642245694577,2026-06-07 11:47:57,2026-06-07 11:49:16,NA
"50","2026-06-07 12:42:32","Collar_50_2026-06-07 12:42:32",2026-06-07 12:43:21.5,42.6789925227291,-0.0358430065804228,2.99906409412991e-28,0.791156250699378,0.30819088670717,37.4238430832999,-0.0258637316357154,0.00144392654928034,3695.83015610072,0.0788693248046071,2.29546409495459e-29,0.804434180896707,0.298232883345737,25.6699444367774,0.839390932464698,0.273800720874389,37.4484357263301,TRUE,-0.0260411665603642,0.00152134747704759,0.325297154770383,2026-06-07 12:42:42,2026-06-07 12:44:01,NA
"50","2026-06-07 13:42:31","Collar_50_2026-06-07 13:42:31",2026-06-07 13:43:20.5,NA,NA,NA,NA,NA,14.7196297366246,-0.0169891752619436,0.00125290498071523,3682.38742559725,0.068435454644552,3.27664892990631e-22,0.702141054291739,0.258778720526449,-5.10699918028786,0.778861947942671,0.22588920779957,14.725568526263,TRUE,-0.0170632847272892,0.00139304651491852,0.259102039533501,2026-06-07 13:42:41,2026-06-07 13:44:00,NA
"50","2026-06-07 14:42:29","Collar_50_2026-06-07 14:42:29",2026-06-07 14:43:18.5,NA,NA,NA,NA,NA,-26.6616031239348,-0.0166313120617134,0.000967376156617323,3687.41339666931,0.0528394635741757,2.97206176302898e-28,0.791204519127371,0.199804748109723,-60.8332860786364,0.870431567804341,0.159453980164628,-26.593874049265,TRUE,-0.0168020305401658,0.00102301504304677,0.226158444195996,2026-06-07 14:42:39,2026-06-07 14:43:58,NA
"50","2026-06-07 15:45:25","Collar_50_2026-06-07 15:45:25",2026-06-07 15:46:14.5,NA,NA,NA,NA,NA,26.8434721268478,-0.0232962380968624,0.00135153212258422,3690.66344729834,0.0738226096147905,2.53023607882745e-28,0.792061594164509,0.279149463699221,-6.93208522774727,0.870322909247806,0.223327177587909,28.3052666053431,TRUE,-0.0217632419141119,0.00121505652595656,0.220526264498448,2026-06-07 15:45:35,2026-06-07 15:46:54,NA
"50","2026-06-07 16:42:27","Collar_50_2026-06-07 16:42:27",2026-06-07 16:43:16.5,277.41065201631,-0.0673641839985077,6.97595385060348e-23,0.713666697309812,1.33647686443977,264.03662976399,-0.0929660970742372,0.00595181425437681,3715.62806524549,0.325096572148419,9.98834422463962e-26,0.757747335871953,1.22930541522748,252.972715655774,0.799325875388058,1.13347437851076,269.390284999289,TRUE,-0.0868657198098077,0.00386610539248688,0.707249965754414,2026-06-07 16:42:37,2026-06-07 16:43:56,"Flux unusable, remove"
"50","2026-06-07 17:42:27","Collar_50_2026-06-07 17:42:27",2026-06-07 17:43:16.5,NA,NA,NA,NA,NA,-26.258212548062,-0.0159226648350243,0.00096981817387552,3671.42507304864,0.05297285003515,5.00953500681735e-27,0.775576482911043,0.200309129616148,-35.2743510730167,0.809274878607147,0.1870729595464,-25.8836130043335,TRUE,-0.0153961183167329,0.000972689174114432,0.213994235535452,2026-06-07 17:42:37,2026-06-07 17:43:56,NA
"50","2026-06-07 18:42:29","Collar_50_2026-06-07 18:42:29",2026-06-07 18:43:18.5,NA,NA,NA,NA,NA,21.1390378088582,-0.0335500373106305,0.00130419519283896,3666.31209907295,0.0712369990868918,7.50229375213497e-40,0.894560465732665,0.26937235346207,-14.5376802668159,0.935788734026173,0.212959688366668,21.5669506093427,TRUE,-0.0340877094487276,0.00119097857752358,0.225936476609685,2026-06-07 18:42:39,2026-06-07 18:43:58,NA
"50","2026-06-07 19:42:27","Collar_50_2026-06-07 19:42:27",2026-06-07 19:43:16.5,NA,NA,NA,NA,NA,33.4313099899448,-0.035815817984531,0.00140834159894066,3633.77015138619,0.0769256241309852,1.6711575334131e-39,0.892376083710376,0.290883061882305,-4.37236832929624,0.936178066637096,0.226928749853246,33.4666285649053,TRUE,-0.0359330971473489,0.00158412067320139,0.31249284377525,2026-06-07 19:42:37,2026-06-07 19:43:56,NA
"50","2026-06-07 20:42:32","Collar_50_2026-06-07 20:42:32",2026-06-07 20:43:21.5,NA,NA,NA,NA,NA,42.4680548666036,-0.0383677398724931,0.00149017341139693,3648.6578143886,0.0813953942859703,7.05843149089422e-40,0.894724975845227,0.307784847773289,-0.261420610755163,0.941298941442118,0.232834875655572,43.1948027665275,TRUE,-0.039470766553406,0.00151389746405078,0.294917398417468,2026-06-07 20:42:42,2026-06-07 20:44:01,NA
"50","2026-06-07 21:42:29","Collar_50_2026-06-07 21:42:29",2026-06-07 21:43:18.5,181.505268373443,0.0855146521135341,2.96013086371322e-37,0.877124852164556,0.733907924366644,135.526883869699,0.0863741291384004,0.0026658159355463,3729.89373402463,0.145610663502716,5.30007303873678e-47,0.930838871680554,0.550605550762422,111.478825492029,0.951292245587986,0.46811128321389,135.582311654509,TRUE,0.0864908589610748,0.00274694847941585,0.653895945980205,2026-06-07 21:42:39,2026-06-07 21:43:58,NA
"50","2026-06-07 22:42:30","Collar_50_2026-06-07 22:42:30",2026-06-07 22:43:19.5,NA,NA,NA,NA,NA,-9.55199528880882,-0.0417813760793607,0.00107655613596475,3681.5683654157,0.0588030295586116,9.2030427660044e-53,0.950764813678766,0.222355105716652,-19.7419225272247,0.958767183902315,0.206144293439463,-9.51294366655718,TRUE,-0.0419605434668317,0.00108335880375279,0.20823889339125,2026-06-07 22:42:40,2026-06-07 22:43:59,NA
"50","2026-06-07 23:42:29","Collar_50_2026-06-07 23:42:29",2026-06-07 23:43:18.5,NA,NA,NA,NA,NA,-29.4398886946358,-0.0220133234889622,0.000950723361869144,3719.42670033412,0.0519298642053206,1.07892883373865e-36,0.87298921978414,0.196365230361408,-34.8894953210397,0.887139574395723,0.18752347680794,-29.411096629338,TRUE,-0.0219157804286864,0.0010072050342534,0.193879959476452,2026-06-07 23:42:39,2026-06-07 23:43:58,NA
"51","2026-06-07 00:25:25","Collar_51_2026-06-07 00:25:25",2026-06-07 00:26:07,NA,NA,NA,NA,NA,-16.6500227300804,-0.000907212515528851,0.00136506609772335,3661.98340373356,0.0627930404952743,0.50873664756843,0.00696203189465825,0.206481758812724,-14.7592372767038,0.0386683636402285,0.20646228929112,-16.6447369010732,TRUE,-0.000810831746375701,0.00141667869269314,0.227783106245441,2026-06-07 00:25:35,2026-06-07 00:26:39,"Time changed"
"51","2026-06-07 01:25:27","Collar_51_2026-06-07 01:25:27",2026-06-07 01:26:09,-51.4781713630885,0.0133578963513278,9.84244436266204e-24,0.5465616955195,0.195487990757339,-54.6394546024683,0.0114637828607194,0.000902810462166914,3675.05712292109,0.0415292812596781,2.05603525565384e-24,0.55745522141146,0.193125486645772,-51.9014672937873,0.561730567500994,0.193709662113581,-54.2233163753896,TRUE,0.011459488330142,0.000797990606471652,0.158295695429158,2026-06-07 01:25:37,2026-06-07 01:26:41,"Time changed"
"51","2026-06-07 02:25:25","Collar_51_2026-06-07 02:25:25",2026-06-07 02:26:07,19.9242691220813,0.0495552587279498,2.20977293698715e-52,0.837707785444135,0.257269383378115,-15.9907003197152,0.0316280368234083,0.0010475000383282,3663.5200398094,0.048185001763097,4.52632318235749e-60,0.876883691246142,0.224076883400356,-48.1457755219551,0.906775221964674,0.196528099162436,-15.8075786683471,TRUE,0.0317554467317626,0.00105080047091386,0.235382129521172,2026-06-07 02:25:35,2026-06-07 02:26:39,"Time changed"
"51","2026-06-07 03:25:26","Collar_51_2026-06-07 03:25:26",2026-06-07 03:26:08,NA,NA,NA,NA,NA,-39.3552679723174,0.00348236103749213,0.000957473425522045,3697.52434126238,0.0440437775740141,0.00039843273447423,0.093664135320318,0.204818762080486,-57.3279566698782,0.234607123061967,0.189708624164617,-39.0233307355498,TRUE,0.00315618246722412,0.00101712934160255,0.215137451987245,2026-06-07 03:25:36,2026-06-07 03:26:40,"Time changed"
"51","2026-06-07 04:25:27","Collar_51_2026-06-07 04:25:27",2026-06-07 04:26:09,NA,NA,NA,NA,NA,-29.693634229347,-0.00265148831601025,0.000993722603145091,3738.65242364782,0.0457112397446742,0.00861159549328243,0.0526903508028838,0.212573036496134,-36.218665815721,0.126363629174733,0.205753513968644,-29.5258625596165,TRUE,-0.00305123378592764,0.000956485957559587,0.168531941487414,2026-06-07 04:25:37,2026-06-07 04:26:41,"Time changed"
"51","2026-06-07 05:25:25","Collar_51_2026-06-07 05:25:25",2026-06-07 05:26:07,NA,NA,NA,NA,NA,-51.3554649830607,-0.00544532026028231,0.000914285935968715,3775.87877617201,0.0420571530545609,2.33907074184883e-08,0.216990154654481,0.195580272622824,-52.7845764847391,0.249017106190164,0.193052829070671,-51.3340755247519,TRUE,-0.00542065519631797,0.000948078017188795,0.249958636977027,2026-06-07 05:25:35,2026-06-07 05:26:39,"Time changed"
"51","2026-06-07 06:25:30","Collar_51_2026-06-07 06:25:30",2026-06-07 06:26:12,NA,NA,NA,NA,NA,-3.60163813942436,0.00477028926973179,0.00109862197950677,3760.69540000419,0.0505366110573115,2.84283196125501e-05,0.128383274793421,0.235012677990831,-61.2779028679238,0.457647051299106,0.186848333555208,-3.54844461449978,TRUE,0.00452012220536989,0.00116614668901622,0.231142460867393,2026-06-07 06:25:40,2026-06-07 06:26:44,"Time changed"
"51","2026-06-07 07:25:25","Collar_51_2026-06-07 07:25:25",2026-06-07 07:26:07,NA,NA,NA,NA,NA,-62.3835478520419,-0.000871917651462462,0.000876316791255524,3767.2859143988,0.0403105723977541,0.321623224728772,0.00767489919780371,0.187458069948457,-59.8535031791377,0.0188322661095807,0.187874783856816,-62.3035508646715,TRUE,-0.000751209338982878,0.000873794140339415,0.205575348690296,2026-06-07 07:25:35,2026-06-07 07:26:39,"Time changed"
"51","2026-06-07 08:25:28","Collar_51_2026-06-07 08:25:28",2026-06-07 08:26:10,NA,NA,NA,NA,NA,-38.3943344111932,-0.00167471652189704,0.00096101869738578,3798.83425450672,0.0442068600797459,0.0837969130294614,0.0231753121678232,0.205577152000262,-52.7529078640501,0.15182464507818,0.193076344798227,-38.3036891161747,TRUE,-0.00178861390225115,0.00101409959606848,0.208977674294833,2026-06-07 08:25:38,2026-06-07 08:26:42,"Time changed"
"51","2026-06-07 09:25:32","Collar_51_2026-06-07 09:25:32",2026-06-07 09:26:14,NA,NA,NA,NA,NA,24.5289549890538,-0.00837738190060972,0.00122415552327167,3775.79715308217,0.0563111540704968,2.87415976680771e-10,0.267868912208962,0.261866295384425,-42.054952290194,0.574609978096719,0.201186363999639,27.2186397984407,TRUE,-0.00663738241132583,0.00112915185289747,0.264174035400379,2026-06-07 09:25:42,2026-06-07 09:26:46,"Time changed"
"51","2026-06-07 10:25:30","Collar_51_2026-06-07 10:25:30",2026-06-07 10:26:12,NA,NA,NA,NA,NA,31.4389511623037,-0.00788687217623253,0.00125712597815817,3761.86956308059,0.0578277949952759,5.00378483088881e-09,0.235180365629831,0.268919198969088,-69.938921744147,0.659967564495034,0.180726642313281,31.7629355999898,TRUE,-0.00737334040737512,0.00128267185150576,0.292751330556834,2026-06-07 10:25:40,2026-06-07 10:26:44,"Time changed"
"51","2026-06-07 11:25:30","Collar_51_2026-06-07 11:25:30",2026-06-07 11:26:12,NA,NA,NA,NA,NA,274.425383118781,0.00807003261966132,0.0032007698074612,3746.21793551251,0.147235411143215,0.0129206195272374,0.0473131535875792,0.684695462238399,133.13901746479,0.688406696252166,0.394671835408106,274.426191359282,TRUE,0.00799889554829753,0.00324209298043888,0.932898136653552,2026-06-07 11:25:40,2026-06-07 11:26:44,"Flux unusable, remove"
"51","2026-06-07 11:50:45","Collar_51_2026-06-07 11:50:45",2026-06-07 11:51:27,NA,NA,NA,NA,NA,57.9723278144568,-0.021548257851198,0.0024235197649679,3733.23783291955,0.111481909188523,9.98731004308068e-13,0.556510855374614,0.366584903414241,-3.40616759251036,0.837796727273537,0.225303657798667,58.1031918022433,TRUE,-0.0222587557262282,0.00260494800068655,0.412740515918878,2026-06-07 11:50:55,2026-06-07 11:51:59,"Time changed"
"51","2026-06-07 12:45:32","Collar_51_2026-06-07 12:45:32",2026-06-07 12:46:14,NA,NA,NA,NA,NA,-19.2499630653782,-0.00253361589836588,0.00133803659206859,3695.1377469659,0.061549683235155,0.062881229669697,0.0538475723763158,0.202393238940505,-34.287770006114,0.294071225031541,0.177664740636783,-19.2269192322968,TRUE,-0.00254972668451241,0.00131155913136661,0.171069478463412,2026-06-07 12:45:42,2026-06-07 12:46:46,"Time changed"
"51","2026-06-07 13:45:31","Collar_51_2026-06-07 13:45:31",2026-06-07 13:46:13,NA,NA,NA,NA,NA,-25.3915665578859,0.00112617124880176,0.00127629354049527,3680.98653941914,0.0587095028627823,0.380927762187747,0.012207671334999,0.193053900790809,-22.3440860828966,0.0265773798127251,0.194760926114826,-25.3808602425092,TRUE,0.00112335655507902,0.00129072763914514,0.204883005588465,2026-06-07 13:45:41,2026-06-07 13:46:45,"Time changed"
"51","2026-06-07 14:45:27","Collar_51_2026-06-07 14:45:27",2026-06-07 14:46:09,NA,NA,NA,NA,NA,-32.2520877067619,-0.00790822057404354,0.00121068578832691,3685.30571594599,0.0556915462630379,1.2977737535246e-08,0.403788784031018,0.183129982760711,-40.7078064469608,0.507758942221751,0.169103913550613,-31.9715003254549,TRUE,-0.00853835231677457,0.00112208044077239,0.170219854676257,2026-06-07 14:45:37,2026-06-07 14:46:41,"Time changed"
"51","2026-06-07 15:48:23","Collar_51_2026-06-07 15:48:23",2026-06-07 15:49:05,NA,NA,NA,NA,NA,-41.9881387307658,-0.00660235779981993,0.0011233263803577,3689.02673065994,0.0516730134964541,1.71302057307774e-07,0.354144767453503,0.169915879622112,-52.8357190224228,0.486037108017298,0.154041456440305,-41.963741125005,TRUE,-0.00643129743531829,0.00126074004763759,0.161349466216301,2026-06-07 15:48:33,2026-06-07 15:49:37,"Time changed"
"51","2026-06-07 16:45:25","Collar_51_2026-06-07 16:45:25",2026-06-07 16:46:07,NA,NA,NA,NA,NA,121.076093319705,-0.00579260536134059,0.00393784851754262,3703.92192719669,0.18114103180696,0.146266483107809,0.0332064957274422,0.595644334876053,122.402207345038,0.0721702817234278,0.593006768441893,121.458994160101,TRUE,-0.00726708520136893,0.0041589062817704,0.472785323172272,2026-06-07 16:45:35,2026-06-07 16:46:39,"Time changed"
"51","2026-06-07 17:45:28","Collar_51_2026-06-07 17:45:28",2026-06-07 17:46:10,NA,NA,NA,NA,NA,-29.0738298312161,-0.0033766180337974,0.0012406495880415,3670.25592961942,0.057069881049909,0.00838913335286327,0.105207648463856,0.187662347952477,-27.2832296728338,0.135111224778644,0.187500099154104,-29.0581060715907,TRUE,-0.00352675964376673,0.00130204377792052,0.153773417872661,2026-06-07 17:45:38,2026-06-07 17:46:42,"Time changed"
"51","2026-06-07 18:45:27","Collar_51_2026-06-07 18:45:27",2026-06-07 18:46:09,NA,NA,NA,NA,NA,11.4345261843716,-0.0158039105667547,0.00169424606480509,3663.20960463878,0.0779353189810341,1.75962255444949e-13,0.580031917088418,0.256273969374769,2.09541520019954,0.657948393027835,0.235043111422072,11.4555080776478,TRUE,-0.0157130458908901,0.00174909385965145,0.311969270990718,2026-06-07 18:45:37,2026-06-07 18:46:41,"Time changed"
"51","2026-06-07 19:45:25","Collar_51_2026-06-07 19:45:25",2026-06-07 19:46:07,8.67253281059023,-0.0551722031113247,1.49484174612978e-06,0.309521644734752,0.25088657943041,18.5780638536717,-0.00701154853498718,0.00178995079763223,3628.00180270689,0.0823377366910828,0.00022307095381828,0.195856761081713,0.270750397727806,-14.0385542637916,0.5421943153562,0.207610035932073,18.8109706760887,TRUE,-0.00616205336705575,0.00172944237161486,0.233376674668045,2026-06-07 19:45:35,2026-06-07 19:46:39,"Time changed"
"51","2026-06-07 20:45:30","Collar_51_2026-06-07 20:45:30",2026-06-07 20:46:12,NA,NA,NA,NA,NA,158.856352832054,0.14985746198791,0.00526589906447338,3644.43209916303,0.242231356965776,1.13688722475418e-37,0.927823744553837,0.796527071015939,146.135754071937,0.944194572094593,0.71178190898458,158.949996902273,TRUE,0.148985027950605,0.00564971071162916,0.880169434810222,2026-06-07 20:45:40,2026-06-07 20:46:44,"Time changed"
"51","2026-06-07 21:45:27","Collar_51_2026-06-07 21:45:27",2026-06-07 21:46:09,3.58073819008601,0.0395937488087035,5.5309535842357e-27,0.842592486032293,0.241249896523148,6.31678045493217,0.0291712090826593,0.00162884401099672,3744.12348269755,0.074926824505849,2.0908892394972e-26,0.835825312140882,0.246381165559013,4.70201065668478,0.849411649721279,0.239803463184442,6.39117923849846,TRUE,0.0287344717669491,0.00166756996134936,0.250864446110652,2026-06-07 21:45:37,2026-06-07 21:46:41,"Time changed"
"51","2026-06-07 22:45:28","Collar_51_2026-06-07 22:45:28",2026-06-07 22:46:10,NA,NA,NA,NA,NA,-47.898754768809,0.0109388749993497,0.00107339657382875,3678.89460782322,0.0493762423961224,5.95837671535001e-15,0.622425304855347,0.162363429021756,-47.8023294604739,0.644433098364512,0.160122659770951,-47.8931747804109,TRUE,0.0109020219999817,0.00111448734163246,0.145317624319416,2026-06-07 22:45:38,2026-06-07 22:46:42,"Time changed"
"51","2026-06-07 23:45:27","Collar_51_2026-06-07 23:45:27",2026-06-07 23:46:09,NA,NA,NA,NA,NA,-19.557259069967,-0.00264237945648651,0.00133487745581834,3718.29429121324,0.0614043629676438,0.0521339595806406,0.0585547448536147,0.201915383684728,-18.6386121281803,0.10214303998815,0.200392197188593,-19.5565557428216,TRUE,-0.00263607998105623,0.00137878186380819,0.217320806253921,2026-06-07 23:45:37,2026-06-07 23:46:41,"Time changed"
"52","2026-06-07 00:28:24","Collar_52_2026-06-07 00:28:24",2026-06-07 00:29:13.5,NA,NA,NA,NA,NA,-46.7685450182053,-0.00337099452134088,0.000853136046335693,3662.59531266307,0.0465995060306244,0.000169501946965735,0.166780199392171,0.176209256012147,-47.9145210557726,0.218689394433577,0.172862699756889,-46.6475584382084,TRUE,-0.00326196142940263,0.000921850060186092,0.169169426367166,2026-06-07 00:28:34,2026-06-07 00:29:53,NA
"52","2026-06-07 01:28:26","Collar_52_2026-06-07 01:28:26",2026-06-07 01:29:15.5,NA,NA,NA,NA,NA,-24.3246012969219,-0.0161480403288182,0.000758251367845424,3676.76295165183,0.0414167697407767,2.70627300910279e-48,0.741634833336338,0.221482096511529,-39.1443283477206,0.7703053852244,0.210166405418338,-24.2156146763759,TRUE,-0.0160183608980172,0.000793555514954884,0.229215186071493,2026-06-07 01:28:36,2026-06-07 01:29:55,NA
"52","2026-06-07 02:28:26","Collar_52_2026-06-07 02:28:26",2026-06-07 02:29:15.5,-78.9281957583347,0.0235247270847892,3.8677420234895e-38,0.652915393145486,0.186737805832889,-100.800733562899,0.0113897956541984,0.000597065628111834,3668.36006204301,0.0326125750487023,7.64287149034985e-43,0.697262766606569,0.174400406879504,-99.5990250034005,0.702511404072792,0.173986671661484,-100.690747324591,TRUE,0.0113340917659824,0.000569295595285763,0.1659268791847,2026-06-07 02:28:36,2026-06-07 02:29:55,NA
"52","2026-06-07 03:28:27","Collar_52_2026-06-07 03:28:27",2026-06-07 03:29:16.5,NA,NA,NA,NA,NA,272.601030929106,-0.00432723774720825,0.00191774932568938,3700.95898863844,0.104750199750116,0.0254161855106224,0.0312181207587912,0.560166666687561,159.949735276463,0.532701196195984,0.391532518196334,272.783202604821,TRUE,-0.00393689014397341,0.00195261107053515,0.539343103140043,2026-06-07 03:28:37,2026-06-07 03:29:56,NA
"52","2026-06-07 04:28:28","Collar_52_2026-06-07 04:28:28",2026-06-07 04:29:17.5,NA,NA,NA,NA,NA,37.7118545167579,0.00882325345842611,0.000920464905927283,3738.83473119228,0.0502771042425968,1.9368846794099e-17,0.36770830052098,0.268864001801079,20.974125571579,0.444571420216822,0.253602934072028,37.7143414196866,TRUE,0.00886184670319116,0.000960071790330383,0.299214811831014,2026-06-07 04:28:38,2026-06-07 04:29:57,NA
"52","2026-06-07 05:28:24","Collar_52_2026-06-07 05:28:24",2026-06-07 05:29:13.5,NA,NA,NA,NA,NA,-28.1486756733526,-0.00949008588759182,0.000749244014935775,3775.11281934696,0.0409247752950656,8.01003730904876e-26,0.503820279299271,0.218851085884912,-33.1092551194792,0.53084435471054,0.214167673128142,-28.104857108266,TRUE,-0.00934370326453559,0.000788962779830096,0.219337366830313,2026-06-07 05:28:34,2026-06-07 05:29:53,NA
"52","2026-06-07 06:28:29","Collar_52_2026-06-07 06:28:29",2026-06-07 06:29:18.5,NA,NA,NA,NA,NA,-15.8426433302385,-0.00428418050825763,0.000778618401639758,3762.67158207179,0.0425292461367765,1.48206551670051e-07,0.16080265317148,0.227431223062146,-54.481685088373,0.357123983970384,0.20033087686133,-14.895032311408,TRUE,-0.0037425554223865,0.000740802925099387,0.23389340387625,2026-06-07 06:28:39,2026-06-07 06:29:58,NA
"52","2026-06-07 07:28:24","Collar_52_2026-06-07 07:28:24",2026-06-07 07:29:13.5,NA,NA,NA,NA,NA,-10.2017683263658,0.0109696901480264,0.000792465366762534,3768.56141320546,0.0432855870949579,4.79345789224866e-29,0.548073531895656,0.231475864451226,-24.1005562277301,0.595904166675789,0.220282631736935,-9.43713547786503,TRUE,0.0103943922908008,0.000814083820875841,0.232484533401624,2026-06-07 07:28:34,2026-06-07 07:29:53,NA
"52","2026-06-07 08:28:27","Collar_52_2026-06-07 08:28:27",2026-06-07 08:29:16.5,NA,NA,NA,NA,NA,-59.3747938298322,-0.000796191883296878,0.000679585530827392,3799.60798476854,0.037119929673743,0.243127610690194,0.00861258574593909,0.198504130040996,-76.1521197473837,0.129343866707508,0.187213612090582,-59.1512435784555,TRUE,-0.000580034116765229,0.000700522249019433,0.203303055457712,2026-06-07 08:28:37,2026-06-07 08:29:56,NA
"52","2026-06-07 09:28:34","Collar_52_2026-06-07 09:28:34",2026-06-07 09:29:23.5,NA,NA,NA,NA,NA,301.328878644314,-0.00974639796116877,0.00209787892031427,3777.92182548899,0.114589134779376,7.09239146172616e-06,0.120187787751781,0.612781778183709,112.758106676369,0.735949290872981,0.337847541520132,302.81489417973,TRUE,-0.0122930908085604,0.00212057272528904,0.457378657932117,2026-06-07 09:28:44,2026-06-07 09:30:03,"Flux unusable, remove"
"52","2026-06-07 10:28:31","Collar_52_2026-06-07 10:28:31",2026-06-07 10:29:20.5,NA,NA,NA,NA,NA,4.92446422044003,-0.0034273515785999,0.000830824249958075,3761.76295979571,0.0453808039322679,5.97217634626612e-05,0.0972337858460572,0.242680335989642,-62.6265002308317,0.422753091288263,0.195296289074653,5.37132627929067,TRUE,-0.00393743482465814,0.000903321713623338,0.217847507717632,2026-06-07 10:28:41,2026-06-07 10:30:00,NA
"52","2026-06-07 11:53:47","Collar_52_2026-06-07 11:53:47",2026-06-07 11:54:36.5,NA,NA,NA,NA,NA,107.472228088,-0.0283377973786607,0.00223707359134969,3729.68746302478,0.12219214597578,1.2890790087635e-20,0.672903574274313,0.462051832025209,48.5081636799276,0.851110532436327,0.315809573353435,107.677107449806,TRUE,-0.0287123949387936,0.00230267480881462,0.518887216790678,2026-06-07 11:53:57,2026-06-07 11:55:16,NA
"52","2026-06-07 12:48:34","Collar_52_2026-06-07 12:48:34",2026-06-07 12:49:23.5,NA,NA,NA,NA,NA,-11.5590848053786,-0.00799644351597977,0.0010631358328262,3694.97091954744,0.0580699934857328,7.90121201289506e-11,0.420392875766104,0.21958323639797,-38.013753232669,0.60389982490767,0.183897297362342,-11.5277603570186,TRUE,-0.00804167435461145,0.00113331448172456,0.239906152958298,2026-06-07 12:48:44,2026-06-07 12:50:03,NA
"52","2026-06-07 13:48:33","Collar_52_2026-06-07 13:48:33",2026-06-07 13:49:22.5,NA,NA,NA,NA,NA,-12.2788165355319,-0.00412339087284717,0.00105836424424416,3681.37981463393,0.0578093625208832,0.000205291186427564,0.16290010896188,0.218597698302787,-16.7185048594418,0.246712242064875,0.210076707451467,-12.2272679056347,TRUE,-0.00408564072012432,0.001101434232462,0.222381508502113,2026-06-07 13:48:43,2026-06-07 13:50:02,NA
"52","2026-06-07 14:48:28","Collar_52_2026-06-07 14:48:28",2026-06-07 14:49:10,NA,NA,NA,NA,NA,64.96867752167,0.0515193969958816,0.00968410844404646,3687.72392704092,0.279164477919164,7.17548794999576e-06,0.461684445575356,0.578620414599334,23.240284137704,0.85424612735351,0.31064292161683,64.9747313154064,TRUE,0.0515535752216254,0.0100744329571576,0.66563012382252,2026-06-07 14:48:53,2026-06-07 14:49:27,"Time changed"
"52","2026-06-07 15:51:24","Collar_52_2026-06-07 15:51:24",2026-06-07 15:52:13.5,NA,NA,NA,NA,NA,-14.5366629812749,-0.00868782734647959,0.0010435339796147,3689.03658349858,0.0569993123430659,2.20136120345766e-12,0.47051199306889,0.215534611344914,-18.6812387363459,0.521764486103814,0.20751542014659,-14.2825538002458,TRUE,-0.0083023392116444,0.00101777705709785,0.212989028336268,2026-06-07 15:51:34,2026-06-07 15:52:53,NA
"52","2026-06-07 16:48:26","Collar_52_2026-06-07 16:48:26",2026-06-07 16:49:15.5,63.4264264138263,-0.121188378273053,1.4463428965113e-36,0.872032936206491,0.350861239013398,77.5357192826571,-0.0386060101782603,0.00185533523475033,3702.16156834217,0.101341053202385,1.42405107486822e-33,0.847351319138382,0.383206456663815,55.7959818893255,0.88934775448572,0.330526976672122,77.5600249295615,TRUE,-0.0386526451510989,0.00195117922389389,0.438711532825394,2026-06-07 16:48:36,2026-06-07 16:49:55,NA
"52","2026-06-07 17:48:29","Collar_52_2026-06-07 17:48:29",2026-06-07 17:49:18.5,NA,NA,NA,NA,NA,-22.7181489541144,-0.00391744935623841,0.000991514925970919,3670.17900950138,0.0541579575387622,0.000169693117866434,0.166757405216869,0.20479044131436,-43.1151454381634,0.3857743468224,0.178126457595679,-22.6482615350442,TRUE,-0.00410027534647169,0.00102856856770803,0.210158625872997,2026-06-07 17:48:39,2026-06-07 17:49:58,NA
"52","2026-06-07 18:48:28","Collar_52_2026-06-07 18:48:28",2026-06-07 18:49:17.5,46.7402278693656,-0.00279874478132479,1.16852434381019e-05,0.219549987688378,0.316113736339102,48.6517129918282,-0.00685420744627802,0.00154889281061811,3661.08032713749,0.0846027315094699,3.08981299372882e-05,0.200677689964009,0.319912927104463,47.3469049068684,0.251961718494418,0.31352576717437,50.73920528829,TRUE,-0.00692146751180894,0.00112440686820578,0.178517228441969,2026-06-07 18:48:38,2026-06-07 18:49:57,NA
"52","2026-06-07 19:48:26","Collar_52_2026-06-07 19:48:26",2026-06-07 19:49:15.5,NA,NA,NA,NA,NA,-43.559055097964,-0.00723998233497721,0.000870422162646421,3628.02474528099,0.047543698325309,2.27748068199105e-12,0.470056521004125,0.179779581879323,-41.0146275387258,0.479611471931597,0.180480361419595,-43.527851833606,TRUE,-0.00714337378108197,0.000856027269501029,0.200576301564269,2026-06-07 19:48:36,2026-06-07 19:49:55,NA
"52","2026-06-07 20:48:31","Collar_52_2026-06-07 20:48:31",2026-06-07 20:49:20.5,1.24173113867947,0.105064020555477,1.85726579231963e-21,0.688666667968393,0.237872893333627,25.5279841958416,0.0138618806629021,0.00134046565185288,3666.13057926492,0.0732181432207173,2.80041136526767e-16,0.578237521427069,0.276863761925602,-0.156595080921775,0.708982015509597,0.232987469631842,25.5799942517645,TRUE,0.0135616925435481,0.00120478590562244,0.246589251026097,2026-06-07 20:48:41,2026-06-07 20:50:00,NA
"52","2026-06-07 21:48:28","Collar_52_2026-06-07 21:48:28",2026-06-07 21:49:17.5,NA,NA,NA,NA,NA,-29.4747427023207,-0.0105405711408941,0.000950516281178933,3748.85127504623,0.0519185531630622,1.06443327647397e-17,0.611887835491698,0.196322459299848,-39.6271554076793,0.674816635135199,0.182052238692045,-29.4396122686409,TRUE,-0.0103660240751257,0.000978878214619589,0.198677345769641,2026-06-07 21:48:38,2026-06-07 21:49:57,NA
"52","2026-06-07 22:48:29","Collar_52_2026-06-07 22:48:29",2026-06-07 22:49:18.5,NA,NA,NA,NA,NA,-39.4575976890472,0.010745318732487,0.000893023098910026,3681.58647825581,0.0487781936560797,1.86039625800719e-19,0.64988123899677,0.184447646464442,-49.9257761131691,0.707805351751092,0.170703356415523,-39.3528128438258,TRUE,0.0110214741668876,0.000916781326159068,0.165753640319943,2026-06-07 22:48:39,2026-06-07 22:49:58,NA
"52","2026-06-07 23:48:28","Collar_52_2026-06-07 23:48:28",2026-06-07 23:49:17.5,NA,NA,NA,NA,NA,-21.5698529180789,-0.0070476127503421,0.00099865647635603,3718.17062558013,0.0545480391929935,6.13279078471153e-10,0.389683670326207,0.206265478367991,-38.7112110381907,0.531418324987832,0.183097413236784,-21.5293648405659,TRUE,-0.00701140754197356,0.00104858378876804,0.208449213847862,2026-06-07 23:48:38,2026-06-07 23:49:57,NA
