"label","StartTime","Plot","TIMESTAMP","HM81_AIC","HM81_flux.estimate","HM81_p.value","HM81_r.squared","HM81_RMSE","lin_AIC","lin_flux.estimate","lin_flux.std.error","lin_int.estimate","lin_int.std.error","lin_p.value","lin_r.squared","lin_RMSE","poly_AIC","poly_r.squared","poly_RMSE","rob_AIC","rob_converged","rob_flux.estimate","rob_flux.std.error","rob_RMSE","TIMESTAMP_min","TIMESTAMP_max","flag"
"13","2026-06-11 00:57:31","Collar_13_2026-06-11 00:57:31",2026-06-11 00:58:45.5,268.395010097372,17.5738512641932,5.29534078936965e-34,0.995191264167727,19.8619942866403,255.545780552002,31.9194261833791,0.338194996170826,7867.97455038464,15.331713719003,1.31640648230683e-36,0.996866575244941,16.0330825199064,244.602093570443,0.998095911001963,12.9701009475634,255.931332738704,TRUE,31.7370278507235,0.342411246609664,15.8725345941564,2026-06-11 00:58:31,2026-06-11 00:59:00,"Time changed"
"13","2026-06-11 01:57:31","Collar_13_2026-06-11 01:57:31",2026-06-11 01:58:45.5,537.948443435777,14.6710125343135,1.41158983057289e-65,0.993725381119935,20.7161986543345,430.18393766283,29.6919905604141,0.125872966419447,7480.24307751105,5.70631827187019,3.37183635033879e-88,0.998958733614538,8.43912297102991,399.27972961708,0.999418008333481,6.42088301388666,430.358413560091,TRUE,29.6704822927709,0.124062453928307,9.06744908921685,2026-06-11 01:58:31,2026-06-11 01:59:00,"Time changed"
"13","2026-06-11 02:57:31","Collar_13_2026-06-11 02:57:31",2026-06-11 02:58:45.5,558.064519900006,16.8756548056631,4.03577661724699e-62,0.99174431977591,24.4969815633919,510.050797836135,30.5688055033229,0.244895199885927,7591.53767373799,11.1020657854812,3.36089336761408e-72,0.996291332030136,16.4189401874062,460.557813757906,0.998479372559114,10.699599924352,510.319964950181,TRUE,30.6127445407945,0.269861673378097,14.5428466065343,2026-06-11 02:58:31,2026-06-11 02:59:00,"Time changed"
"13","2026-06-11 03:57:31","Collar_13_2026-06-11 03:57:31",2026-06-11 03:58:45.5,528.890272048677,16.4549104041857,2.98297924289435e-67,0.994506711487969,19.2100038341565,492.56796109475,29.3973561194111,0.211693623510932,7245.98920097748,9.59690731251571,7.07529354380116e-75,0.997001370870704,14.1929484289619,451.436724422212,0.998586642683781,9.91647259345276,492.80665990726,TRUE,29.2956099239212,0.238332237265724,11.6692359632549,2026-06-11 03:58:31,2026-06-11 03:59:00,"Time changed"
"13","2026-06-11 04:57:31","Collar_13_2026-06-11 04:57:31",2026-06-11 04:58:45.5,532.01246721562,17.8903285213413,5.16598819771514e-69,0.995223647676079,19.7163742248022,537.235716094596,32.3216525411752,0.307160787709267,7452.82686261621,13.9248105861485,6.45137061408597e-68,0.994789210962593,20.5935216519727,505.6994052671,0.997118072203815,15.586205804253,537.263183079027,TRUE,32.3312860458909,0.297464101208203,24.2341147999821,2026-06-11 04:58:31,2026-06-11 04:59:00,"Time changed"
"13","2026-06-11 05:57:31","Collar_13_2026-06-11 05:57:31",2026-06-11 05:58:45.5,562.330490134445,15.1280395517568,5.00828142725156e-61,0.990995423051815,25.3835077110142,502.160747516762,30.3354646534265,0.229311179627003,6405.13442748748,10.3955806514425,1.17034608793265e-73,0.996696759506982,15.3741132711179,499.835365508456,0.997027269410711,14.8428650500362,502.511793267259,TRUE,30.230198001135,0.207718778981288,15.6753648257809,2026-06-11 05:58:31,2026-06-11 05:59:00,"Time changed"
"13","2026-06-11 06:57:31","Collar_13_2026-06-11 06:57:31",2026-06-11 06:58:45.5,515.91318903997,16.4362302431957,2.3378417887315e-70,0.995707173095775,17.2409749966465,503.002501879835,29.8391380564148,0.230925365173321,6388.60164379519,10.4687580519531,4.55586218957669e-73,0.996538273861512,15.4823359555507,463.907733130679,0.998312039149952,11.002498081069,503.011585091759,TRUE,29.8175616299889,0.2511125300109,17.7781257830379,2026-06-11 06:58:31,2026-06-11 06:59:00,"Time changed"
"13","2026-06-11 07:57:31","Collar_13_2026-06-11 07:57:31",2026-06-11 07:58:45.5,287.809958525571,18.0152159678435,3.16344619122853e-30,0.991052454024976,27.4506691479151,264.639920299495,32.3244218003795,0.393543511234353,6249.54975938625,17.8408803161851,6.35754536946156e-35,0.995866829886811,18.6570341437193,259.299445901288,0.996972626088612,16.5701461844767,264.647088275249,TRUE,32.294404880667,0.457758545015588,18.0451158291329,2026-06-11 07:58:31,2026-06-11 07:59:00,"Time changed"
"13","2026-06-11 08:57:31","Collar_13_2026-06-11 08:57:31",2026-06-11 08:58:45.5,283.239339472211,17.4669149448363,1.92689268712258e-30,0.991363660605744,25.4372226616938,246.849582959292,30.5123553559118,0.292564751357836,5623.61764335772,13.2631146612943,8.09993483188142e-38,0.997432360670235,13.8698527596392,246.192779059044,0.997801533369152,13.3185554065143,246.968373579945,TRUE,30.4179608658641,0.258885992879863,10.6605731378547,2026-06-11 08:58:31,2026-06-11 08:59:00,"Time changed"
"13","2026-06-11 09:57:31","Collar_13_2026-06-11 09:57:31",2026-06-11 09:58:45.5,263.770898946615,17.1706793213117,2.44766102984834e-34,0.995449114499061,18.3887589565512,244.231232973657,30.3890979180462,0.280072037792405,5539.33884537757,12.6967706581975,2.6803372745679e-38,0.997627368609641,13.2776006277036,230.125232664716,0.998702465030826,10.1895813944953,244.292171300653,TRUE,30.4091773014729,0.289013395298535,14.4976619893636,2026-06-11 09:58:31,2026-06-11 09:59:00,"Time changed"
"13","2026-06-11 10:57:31","Collar_13_2026-06-11 10:57:31",2026-06-11 10:58:45.5,270.634878151614,17.4196564675309,2.00179141710742e-33,0.994712191354579,20.61747887409,228.940424676991,31.6257344839153,0.217065693546901,5116.38027410101,9.84044444583367,7.08541207229476e-42,0.998682693924268,10.2906081292826,218.417654026431,0.999188201851663,8.38328175792758,228.944466832585,TRUE,31.6355903121047,0.221597238033304,13.7250859216861,2026-06-11 10:58:31,2026-06-11 10:59:00,"Time changed"
"13","2026-06-11 11:57:31","Collar_13_2026-06-11 11:57:31",2026-06-11 11:58:45.5,272.608920186324,15.206939814841,1.56649981236806e-32,0.993875286170881,21.307090521298,218.727978273611,30.3731326947303,0.183092703835177,5227.45731781855,8.30031476225992,1.87845246744317e-43,0.998983565783326,8.6800232487751,213.522332475901,0.99925215102274,7.72645970271747,218.859108849233,TRUE,30.3696536824788,0.178490139629623,8.42892073205546,2026-06-11 11:58:31,2026-06-11 11:59:00,"Time changed"
"13","2026-06-11 12:57:31","Collar_13_2026-06-11 12:57:31",2026-06-11 12:58:45.5,NA,NA,NA,NA,NA,238.283403419629,29.8745791913943,0.253640105643627,4941.74029297675,11.4985068715255,2.70705842550955e-39,0.997985744182786,12.0245207356289,239.655140538576,0.998154701518499,11.9436238179595,238.361449786974,TRUE,29.939748604416,0.274141043384729,12.5161582490603,2026-06-11 12:58:31,2026-06-11 12:59:00,"Time changed"
"13","2026-06-11 13:57:31","Collar_13_2026-06-11 13:57:31",2026-06-11 13:58:45.5,261.989563021554,13.3594662869292,7.51549704525994e-33,0.99418825436813,17.8508409572112,233.810702462301,26.1060198780062,0.235420043882778,5407.51306603161,10.6725195741889,1.4595080676801e-38,0.997728170107604,11.1607475957628,225.256773678608,0.998505007284939,9.39544298839221,234.001200531271,TRUE,26.0256821143582,0.239711497206012,12.1796111745482,2026-06-11 13:58:31,2026-06-11 13:59:00,"Time changed"
"13","2026-06-11 14:57:31","Collar_13_2026-06-11 14:57:31",2026-06-11 14:58:45.5,NA,NA,NA,NA,NA,242.834806403608,30.7183044038573,0.273628971941554,4906.76369951641,12.4046810583619,1.0353057373487e-38,0.997783213323846,12.9721490165399,243.387928485899,0.998023825760027,12.7102746852936,242.844109437666,TRUE,30.7424429346538,0.306235875118269,13.8202862292375,2026-06-11 14:58:31,2026-06-11 14:59:00,"Time changed"
"13","2026-06-11 15:57:31","Collar_13_2026-06-11 15:57:31",2026-06-11 15:58:45.5,256.775801754497,18.8820889610236,1.25992824701347e-36,0.996876373400325,16.3651585857017,250.939343129477,32.6407957843277,0.313202104624217,5575.64348027018,14.1986873213885,8.26711721162939e-38,0.997428611365616,14.8482243844672,217.116063041821,0.999271181045297,8.20338006712765,250.965405574752,TRUE,32.5973929591358,0.324782979258015,18.2150198790434,2026-06-11 15:58:31,2026-06-11 15:59:00,"Time changed"
"13","2026-06-11 16:57:31","Collar_13_2026-06-11 16:57:31",2026-06-11 16:58:45.5,271.383978192613,15.47131970698,5.81870062873908e-33,0.994293495665692,20.8765016973891,211.911463763069,30.8340854824932,0.163429879654697,5627.30033246863,7.40892135119381,5.13435771998152e-45,0.999214009452024,7.74785190907616,200.565212239029,0.999528743256058,6.22578014668002,212.145028307274,TRUE,30.9101906403316,0.179735510550859,7.10977764475598,2026-06-11 16:58:31,2026-06-11 16:59:00,"Time changed"
"13","2026-06-11 17:57:31","Collar_13_2026-06-11 17:57:31",2026-06-11 17:58:45.5,285.506534358612,16.4998858027834,8.3231050786015e-31,0.99186614988624,26.4167992194853,237.265218548303,32.6668492506709,0.24937221196376,5688.91461268466,11.3050264095916,1.38629900339972e-40,0.998370960593645,11.8221892631641,224.387220447685,0.999071894081915,9.26026095744344,237.299103043934,TRUE,32.6290057546863,0.282708369953902,12.0624164364706,2026-06-11 17:58:31,2026-06-11 17:59:00,"Time changed"
"13","2026-06-11 18:57:31","Collar_13_2026-06-11 18:57:31",2026-06-11 18:58:45.5,NA,NA,NA,NA,NA,225.724923280639,28.1247883226977,0.205738995440379,6496.6379919667,9.32696052467281,4.20981156084266e-41,0.998503893537023,9.75363423115839,227.075554746239,0.998630352020392,9.68460780606026,225.980622234146,TRUE,28.120622314157,0.158528600088524,5.70309822165619,2026-06-11 18:58:31,2026-06-11 18:59:00,"Time changed"
"13","2026-06-11 19:57:31","Collar_13_2026-06-11 19:57:31",2026-06-11 19:58:45.5,NA,NA,NA,NA,NA,207.36330356949,26.8522564249828,0.151499353534233,7110.45049722388,6.86806352341076,2.94781573124205e-44,0.999109505769556,7.18225185005374,211.220606101525,0.999113731420824,7.4356697531224,207.455313535208,TRUE,26.8749710445126,0.16083275530743,6.68685430193305,2026-06-11 19:58:31,2026-06-11 19:59:00,"Time changed"
"13","2026-06-11 20:57:31","Collar_13_2026-06-11 20:57:31",2026-06-11 20:58:45.5,NA,NA,NA,NA,NA,243.772453471265,25.9200976160837,0.27793868251491,4704.87089353069,12.6000572450902,1.83886958501577e-36,0.996790873713196,13.1764629361481,241.676931905547,0.997380942125797,12.352939945873,244.039216579198,TRUE,25.8140548045457,0.260172422886434,10.6352760578653,2026-06-11 20:58:31,2026-06-11 20:59:00,"Time changed"
"13","2026-06-11 21:57:31","Collar_13_2026-06-11 21:57:31",2026-06-11 21:58:45.5,280.661722118612,16.9469661365556,1.73023271245125e-31,0.992729210921978,24.3675729552616,221.118516921802,31.8811228587356,0.190534811177297,5421.3725814327,8.63769485518668,1.47625684188443e-43,0.999000908269248,9.0328372244081,219.007657060291,0.999185030028082,8.4661244301338,221.792794995557,TRUE,31.737860893207,0.161287652579403,8.07165553922035,2026-06-11 21:58:31,2026-06-11 21:59:00,"Time changed"
"13","2026-06-11 22:57:31","Collar_13_2026-06-11 22:57:31",2026-06-11 22:58:45.5,NA,NA,NA,NA,NA,221.16114240811,29.7841588613936,0.190670219920213,5667.39410516098,8.64383346783601,1.00991991075175e-42,0.998853814211435,9.03925665572337,216.990411233679,0.999127085775328,8.1862185508907,222.007998598092,TRUE,29.9198319430464,0.186062119290921,8.48996172048024,2026-06-11 22:58:31,2026-06-11 22:59:00,"Time changed"
"13","2026-06-11 23:57:31","Collar_13_2026-06-11 23:57:31",2026-06-11 23:58:45.5,NA,NA,NA,NA,NA,252.736656190301,30.8518601805152,0.322726076007916,6067.00021202702,14.6304465265102,9.20857376172446e-37,0.996945536985254,15.2997349651706,253.475446482366,0.997260167425539,15.037333315564,254.625415884608,TRUE,31.0762299107802,0.227624731214612,9.33230205318413,2026-06-11 23:58:31,2026-06-11 23:59:00,"Time changed"
"14","2026-06-11 00:00:32","Collar_14_2026-06-11 00:00:32",2026-06-11 00:01:46.5,244.828288108282,6.87760133826905,7.53419821173953e-24,0.97447585535735,13.4103845200521,244.070623714493,9.25171272348368,0.279323337599284,7454.58623138599,12.6628291240168,5.28869453725438e-24,0.97511240782315,13.2421063947466,244.443179209101,0.977946869683634,12.9357941445055,244.121037236983,TRUE,9.30380279741948,0.299695935574619,12.4053123208626,2026-06-11 00:01:32,2026-06-11 00:02:01,"Time changed"
"14","2026-06-11 01:00:32","Collar_14_2026-06-11 01:00:32",2026-06-11 01:01:46.5,NA,NA,NA,NA,NA,540.356289641051,4.81212292769343,0.31525320095741,7864.94369049934,14.2916716119506,5.64142459064469e-22,0.800686732269841,21.1360755654627,504.532733553368,0.897367785815744,15.4354068338281,540.587778405779,TRUE,4.67089837167048,0.348829226113052,19.627732298175,2026-06-11 01:01:32,2026-06-11 01:02:01,"Time changed"
"14","2026-06-11 02:00:32","Collar_14_2026-06-11 02:00:32",2026-06-11 02:01:46.5,NA,NA,NA,NA,NA,428.918185077116,7.85625834449379,0.124552243842046,6458.71806462284,5.6464447057672,3.85834615887993e-55,0.985631410809429,8.35057544125961,423.845120344914,0.987647891560837,7.87952197332776,429.083352490184,TRUE,7.84624968108316,0.109812383736947,6.96222873845038,2026-06-11 02:01:32,2026-06-11 02:02:01,"Time changed"
"14","2026-06-11 03:00:30","Collar_14_2026-06-11 03:00:30",2026-06-11 03:01:44.5,531.450589430719,4.64890497979152,9.64204138040135e-33,0.915040109105449,19.6242717471769,530.31830589426,7.32204470617235,0.28995515234869,7114.50397156286,13.1448112405382,5.57351927482665e-33,0.916628386891769,19.4399739384886,533.454391206665,0.917820218644629,19.6421512150186,530.332482183617,TRUE,7.35543016444207,0.321917254691292,20.5317244821198,2026-06-11 03:01:30,2026-06-11 03:01:59,"Time changed"
"14","2026-06-11 04:00:32","Collar_14_2026-06-11 04:00:32",2026-06-11 04:01:46.5,NA,NA,NA,NA,NA,525.470058928435,6.09639760532133,0.278473863035721,6483.62214620379,12.6243190899607,1.01433534699999e-29,0.892046262492426,18.6702136386063,514.755506989869,0.915524610228725,16.8079803443723,525.526292262801,TRUE,6.08537277925752,0.309521257940577,20.6412825878609,2026-06-11 04:01:32,2026-06-11 04:02:01,"Time changed"
"14","2026-06-11 05:00:32","Collar_14_2026-06-11 05:00:32",2026-06-11 05:01:46.5,NA,NA,NA,NA,NA,475.319831181153,7.34389091869997,0.183351603736714,6668.96506345722,8.31205171643486,5.81722649281857e-44,0.965108384874993,12.2927644821964,464.731840082892,0.972639144485402,11.0783184263838,476.141125224051,TRUE,7.50490355264667,0.169371382568133,9.67351470443629,2026-06-11 05:01:32,2026-06-11 05:02:01,"Time changed"
"14","2026-06-11 06:00:32","Collar_14_2026-06-11 06:00:32",2026-06-11 06:01:46.5,472.058397524295,2.74345114115374,2.64046486734002e-30,0.896932471264526,11.9631635211338,484.218658698656,3.9567116041627,0.197465233773241,6674.02821958539,8.95187825942323,9.54325895935495e-28,0.873776340120652,13.239009437201,459.563533059317,0.921706077296595,10.6113128077828,484.627940975658,TRUE,4.07558644738798,0.190507552958367,13.2574421550073,2026-06-11 06:01:32,2026-06-11 06:02:01,"Time changed"
"14","2026-06-11 07:00:30","Collar_14_2026-06-11 07:00:30",2026-06-11 07:01:44.5,NA,NA,NA,NA,NA,506.185468417827,5.49685941395972,0.237132554145644,6253.5051812991,10.7501544220974,5.14184172582488e-31,0.90257621931655,15.8984954577214,500.036595282679,0.917736916235227,14.8677761509523,506.218056522275,TRUE,5.47449038695062,0.244513478939696,20.2024784057704,2026-06-11 07:01:30,2026-06-11 07:01:59,"Time changed"
"14","2026-06-11 08:00:30","Collar_14_2026-06-11 08:00:30",2026-06-11 08:01:44.5,NA,NA,NA,NA,NA,204.615989545028,3.06277884237765,0.144718834962112,6254.18139195457,6.56067586010651,9.15676705854749e-19,0.941164122722363,6.86080234599407,194.781884059685,0.96290007392197,5.65369863290206,204.630544879529,TRUE,3.06593361157139,0.156948629313098,6.99527260810133,2026-06-11 08:01:30,2026-06-11 08:01:59,"Time changed"
"14","2026-06-11 09:00:31","Collar_14_2026-06-11 09:00:31",2026-06-11 09:01:45.5,NA,NA,NA,NA,NA,269.288055661336,6.700863306888,0.425242910331218,5829.58376153873,19.2779391654297,1.89153150203111e-15,0.898663105806773,20.1598330831062,262.82361212805,0.928504410123938,17.5725628630702,269.301336484173,TRUE,6.65486808245317,0.490639627715406,21.7704342733355,2026-06-11 09:01:31,2026-06-11 09:02:00,"Time changed"
"14","2026-06-11 10:00:32","Collar_14_2026-06-11 10:00:32",2026-06-11 10:01:46.5,256.104834978899,5.95023314221832,1.15723881844556e-13,0.864224506651672,16.1831700893867,263.749557795751,4.45206062833981,0.387746688456175,5136.42341660336,17.5780874649569,4.18929249174802e-12,0.824817755115737,18.3822194982984,247.790729532714,0.90993491677342,13.6780275131194,263.939533023339,TRUE,4.53166205028863,0.43584860311668,17.2031905462557,2026-06-11 10:01:32,2026-06-11 10:02:01,"Time changed"
"14","2026-06-11 11:00:30","Collar_14_2026-06-11 11:00:30",2026-06-11 11:01:44.5,242.341709651026,3.5528268941042,8.71711405729137e-19,0.941370120529249,12.865977146579,241.373111982634,5.75999224221237,0.267043481728962,5304.56567070897,12.1061348001915,5.54200786087855e-19,0.943232846996097,12.6599453789698,244.623430182903,0.944633845749939,12.9747140680425,241.535890464352,TRUE,5.82250104823396,0.301333019385543,12.2964543578388,2026-06-11 11:01:30,2026-06-11 11:01:59,"Time changed"
"14","2026-06-11 12:00:32","Collar_14_2026-06-11 12:00:32",2026-06-11 12:01:46.5,NA,NA,NA,NA,NA,238.271524129415,3.06108713733715,0.253589892874144,5068.92724563139,11.4962305285415,1.2959764469492e-12,0.838811235676768,12.0221402584315,226.538911288225,0.904592642380394,9.59837432913959,238.304843340037,TRUE,3.07999489247513,0.257107162100595,14.3832958871479,2026-06-11 12:01:32,2026-06-11 12:02:01,"Time changed"
"14","2026-06-11 13:00:31","Collar_14_2026-06-11 13:00:31",2026-06-11 13:01:45.5,190.767377286056,3.63981192420709,5.3782720873018e-30,0.990706872080479,5.44672325715184,188.342030018222,6.27934349378501,0.110339296489938,5071.58077685344,5.00211571694998,1.73359756024816e-30,0.99142860681535,5.23094388102069,180.581360618196,0.994208403594026,4.46216719237708,188.538911489141,TRUE,6.23565859632946,0.122130230657877,5.1112324366698,2026-06-11 13:01:31,2026-06-11 13:02:00,"Time changed"
"14","2026-06-11 14:00:32","Collar_14_2026-06-11 14:00:32",2026-06-11 14:01:46.5,207.447883146126,4.33617102440906,8.84741879636075e-30,0.990370627419722,7.19238351982503,179.43759524334,8.16543764137499,0.0951212968135231,5239.36279168286,4.31222374026082,1.85677112288069e-35,0.996214636922537,4.50949191584546,182.214266195949,0.99636589024153,4.58527305790071,179.452744987768,TRUE,8.17548910856407,0.0984527500453368,4.79995698223376,2026-06-11 14:01:32,2026-06-11 14:02:01,"Time changed"
"14","2026-06-11 15:00:30","Collar_14_2026-06-11 15:00:30",2026-06-11 15:01:44.5,NA,NA,NA,NA,NA,227.123736610587,4.52883172404817,0.210591851796101,4996.95017291283,9.54695965300938,5.99707324646293e-19,0.94291260427863,9.9836975002472,229.561994043164,0.945808435148758,10.0943761910465,227.662907504912,TRUE,4.65158408162736,0.204516190081198,8.37813783153241,2026-06-11 15:01:30,2026-06-11 15:01:59,"Time changed"
"14","2026-06-11 16:00:32","Collar_14_2026-06-11 16:00:32",2026-06-11 16:01:46.5,204.664782475739,3.88654748891318,3.57375648773605e-29,0.989361240808184,6.86638392609167,202.957985069796,7.3929591280961,0.140774508935984,5119.13338986956,6.3818639967386,1.61096689179533e-29,0.989949618309503,6.67381050584756,201.300817604513,0.991676870182401,6.3025785839104,203.213300843323,TRUE,7.33926910611309,0.164453102193894,4.59703178259191,2026-06-11 16:01:32,2026-06-11 16:02:01,"Time changed"
"14","2026-06-11 17:00:32","Collar_14_2026-06-11 17:00:32",2026-06-11 17:01:46.5,NA,NA,NA,NA,NA,288.322238102786,7.87275866836686,0.583997635135482,5502.16473903602,26.474917298745,9.12639884660476e-14,0.866496368950079,27.6860461614515,251.764989454085,0.965456465847441,14.6147074245695,289.112338617972,FALSE,8.3137547373602,0.636082054700771,24.9186477942165,2026-06-11 17:01:32,2026-06-11 17:02:01,"Time changed"
"14","2026-06-11 18:00:32","Collar_14_2026-06-11 18:00:32",2026-06-11 18:01:46.5,223.487292989482,5.89869487067456,1.06775916168603e-27,0.986440919424046,9.39658306087596,221.628405913596,8.94950057203851,0.192160904161618,5410.55490312685,8.71141206684968,4.48295190567869e-28,0.987255579429043,9.10992672395082,219.906727289464,0.98946849803479,8.59394034140899,221.695437808504,TRUE,8.95576699808698,0.194775689558342,10.2236399333398,2026-06-11 18:01:32,2026-06-11 18:02:01,"Time changed"
"14","2026-06-11 19:00:32","Collar_14_2026-06-11 19:00:32",2026-06-11 19:01:46.5,NA,NA,NA,NA,NA,160.451907563465,7.31448240691638,0.0693193964258821,6185.97882993987,3.1425217794733,5.84423302206815e-38,0.99749152606843,3.28628044681327,160.025356547643,0.99783564396818,3.16779099426423,160.562468122338,TRUE,7.29273189299998,0.0674374454346356,3.22342991406395,2026-06-11 19:01:32,2026-06-11 19:02:01,"Time changed"
"14","2026-06-11 20:00:32","Collar_14_2026-06-11 20:00:32",2026-06-11 20:01:46.5,193.396676714226,4.84185617301189,1.15264074899564e-33,0.994916585772246,5.69071470682085,196.200305091528,8.88388342806046,0.125779626948581,6751.38685500715,5.70208682533131,4.26588251807271e-33,0.994418612467845,5.96293606062408,182.815597507709,0.996873396866509,4.63145858237366,196.26767132867,TRUE,8.85367954602587,0.106364322225349,3.41634858841596,2026-06-11 20:01:32,2026-06-11 20:02:01,"Time changed"
"14","2026-06-11 21:00:30","Collar_14_2026-06-11 21:00:30",2026-06-11 21:01:44.5,222.167278631795,3.51631210685505,6.2844360441145e-21,0.958754605099845,9.19211342252437,221.046682334501,4.95054225309782,0.190306831186142,4724.8463628421,8.62735962256166,3.72250767176122e-21,0.960266833868491,9.02202919338323,220.211734319725,0.966181049061244,8.63773844018835,221.050376761794,TRUE,4.95938680761698,0.203260243654496,10.3014988168961,2026-06-11 21:01:30,2026-06-11 21:01:59,"Time changed"
"14","2026-06-11 22:00:32","Collar_14_2026-06-11 22:00:32",2026-06-11 22:01:46.5,NA,NA,NA,NA,NA,274.654468159153,7.53035418376456,0.465029464300606,5356.1646046481,21.0816206575598,9.48331111180442e-16,0.90352227983024,22.0460262858338,260.095117562037,0.948029976421507,16.7913495822787,275.310532073977,TRUE,7.42286219164194,0.434228446536987,17.512292782492,2026-06-11 22:01:32,2026-06-11 22:02:01,"Time changed"
"14","2026-06-11 23:00:32","Collar_14_2026-06-11 23:00:32",2026-06-11 23:01:46.5,247.759466068631,6.78106744529672,1.82568939039948e-23,0.972811646296764,14.0817880804367,254.112123527802,9.37073895472281,0.33020984857938,5917.37553119315,14.9697154686972,3.55027983812579e-22,0.966399398870309,15.6545241978826,226.689197495117,0.988211634272309,9.62244618495789,254.112275153832,TRUE,9.37364269819311,0.341478154651979,19.9070626373264,2026-06-11 23:01:32,2026-06-11 23:02:01,"Time changed"
"15","2026-06-11 00:03:31","Collar_15_2026-06-11 00:03:31",2026-06-11 00:04:45.5,209.930073752437,4.73083008596781,2.47218685593529e-30,0.991208606754464,7.49617181136318,191.833382618663,8.90211089262939,0.11695033318661,7795.48039725783,5.30182009805206,5.30394404173971e-34,0.99519070662992,5.5443586213332,192.478259997605,0.995699579777376,5.4407462072384,191.870601490709,TRUE,8.88036936948761,0.124103924911293,5.75486757981934,2026-06-11 00:04:31,2026-06-11 00:05:00,"Time changed"
"15","2026-06-11 01:03:32","Collar_15_2026-06-11 01:03:32",2026-06-11 01:04:46.5,NA,NA,NA,NA,NA,370.102431843473,7.7737158300853,0.0762939757348795,7620.00521472394,3.45870698175825,4.1375370556196e-67,0.994444391058792,5.11511138165999,367.475566110597,0.995025323838886,4.92596873853129,370.14109239744,TRUE,7.77780922617607,0.0747498976505066,6.73570208325278,2026-06-11 01:04:32,2026-06-11 01:05:01,"Time changed"
"15","2026-06-11 02:03:32","Collar_15_2026-06-11 02:03:32",2026-06-11 02:04:46.5,NA,NA,NA,NA,NA,362.817061978026,7.27901393470871,0.0717998627610236,6918.62295740233,3.25497110654969,5.53393867524711e-67,0.99438840689811,4.81380465066829,366.09892334177,0.99445517157889,4.86978082226619,362.975217465957,TRUE,7.29817317074434,0.0788997493578103,4.67631850545184,2026-06-11 02:04:32,2026-06-11 02:05:01,"Time changed"
"15","2026-06-11 03:03:30","Collar_15_2026-06-11 03:03:30",2026-06-11 03:04:44.5,NA,NA,NA,NA,NA,359.795471565938,8.34690242419694,0.0700145196803703,6783.9619779792,3.17403445960725,4.78376366902298e-71,0.995935708473049,4.69410675022394,355.677684981129,0.996450016347252,4.46471453065813,360.078736611469,TRUE,8.33658666053596,0.0655838773799744,4.17242556960572,2026-06-11 03:04:30,2026-06-11 03:04:59,"Time changed"
"15","2026-06-11 04:03:30","Collar_15_2026-06-11 04:03:30",2026-06-11 04:04:44.5,424.39500145948,4.29533385959564,5.38863537044754e-54,0.984264174889001,8.04167387392165,390.195956778843,7.24952862888392,0.0902009556064926,6464.85340551659,4.08916525731419,3.5590913421643e-61,0.991100848909742,6.04750152571278,391.583600667173,0.991479997616932,6.02201090809428,390.303177482398,TRUE,7.25820924960284,0.0725002653496519,4.60664671214329,2026-06-11 04:04:30,2026-06-11 04:04:59,"Time changed"
"15","2026-06-11 05:03:32","Collar_15_2026-06-11 05:03:32",2026-06-11 05:04:46.5,NA,NA,NA,NA,NA,352.457192499768,7.12089558798538,0.0658612541210652,6761.18171516304,2.9857505427095,1.3489711126471e-68,0.995062929855339,4.41565205273535,337.905693089722,0.996375992671854,3.85012395911135,352.993087814905,TRUE,7.07870771288365,0.0611009760935815,3.9091147643619,2026-06-11 05:04:32,2026-06-11 05:05:01,"Time changed"
"15","2026-06-11 06:03:32","Collar_15_2026-06-11 06:03:32",2026-06-11 06:04:46.5,398.745100435176,3.63771573448128,2.89240207893826e-59,0.989643876299033,6.49406108228186,358.909504336192,7.22946340554968,0.0694995018067864,7061.59722878899,3.1506866670989,1.25413928854822e-67,0.994668399870548,4.65957749989254,334.315618596864,0.996689541687795,3.73664465438955,358.915325272564,TRUE,7.22996780729846,0.0733079214592721,5.90575088991472,2026-06-11 06:04:32,2026-06-11 06:05:01,"Time changed"
"15","2026-06-11 07:03:30","Collar_15_2026-06-11 07:03:30",2026-06-11 07:04:44.5,NA,NA,NA,NA,NA,379.866248331813,8.08698888192914,0.0827611805563892,6471.17769472412,3.75189089638796,4.62459513104893e-66,0.99396221656525,5.54870358433907,363.257369497784,0.995717419923034,4.75582087430149,379.949301650332,TRUE,8.08474874130731,0.0805258030101492,5.77528919293701,2026-06-11 07:04:30,2026-06-11 07:04:59,"Time changed"
"15","2026-06-11 08:03:29","Collar_15_2026-06-11 08:03:29",2026-06-11 08:04:43.5,NA,NA,NA,NA,NA,186.709373889358,6.97066001260812,0.107377342539985,6014.02921343732,4.86783865630827,4.46334294621494e-32,0.99339976218322,5.09052414495878,189.872501825975,0.993581336324624,5.20951582220532,186.795044047449,TRUE,6.99475608789483,0.111749492413175,4.87589776353426,2026-06-11 08:04:29,2026-06-11 08:04:58,"Time changed"
"15","2026-06-11 09:03:30","Collar_15_2026-06-11 09:03:30",2026-06-11 09:04:44.5,NA,NA,NA,NA,NA,187.419408419942,9.39609907885248,0.10865558460626,5544.98808407968,4.92578641321067,1.51236269995168e-35,0.996269698942585,5.15112279591769,189.233117137789,0.996531880324703,5.15429582411631,187.451710188683,TRUE,9.38110511758114,0.114964777086169,4.96800795039041,2026-06-11 09:04:30,2026-06-11 09:04:59,"Time changed"
"15","2026-06-11 10:03:30","Collar_15_2026-06-11 10:03:30",2026-06-11 10:04:44.5,NA,NA,NA,NA,NA,199.380140300414,8.33284156014464,0.132625403148006,5099.76817864972,6.01243287439274,1.10788787397392e-31,0.992957032683857,6.28747928557103,199.376908077695,0.993836846976567,6.10369112056245,199.381424940229,TRUE,8.33157430409164,0.148700616508017,6.9797306078207,2026-06-11 10:04:30,2026-06-11 10:04:59,"Time changed"
"15","2026-06-11 11:03:29","Collar_15_2026-06-11 11:03:29",2026-06-11 11:04:43.5,NA,NA,NA,NA,NA,194.660845543521,8.94331990072886,0.122593465664179,5075.80040441453,5.55764556148026,1.73370012408669e-33,0.99476621147623,5.81188714691177,197.033883053461,0.99504249140094,5.86993331130886,194.842654257724,TRUE,8.91054623936816,0.120344027596173,6.39093729922939,2026-06-11 11:04:29,2026-06-11 11:04:58,"Time changed"
"15","2026-06-11 12:03:30","Collar_15_2026-06-11 12:03:30",2026-06-11 12:04:44.5,NA,NA,NA,NA,NA,195.408818980897,7.37393314248646,0.124131308895911,4711.3380139941,5.62736206361832,5.26435653523246e-31,0.992127911328252,5.88479291936911,197.524982820451,0.992607034905038,5.91817585585551,195.408923757071,TRUE,7.37467027010237,0.128372735619665,7.46460660468855,2026-06-11 12:04:30,2026-06-11 12:04:59,"Time changed"
"15","2026-06-11 13:03:29","Collar_15_2026-06-11 13:03:29",2026-06-11 13:04:43.5,197.933065975272,4.82175665416688,7.06304435868739e-32,0.99317984323696,6.1376524717517,195.063133045534,8.26959471703069,0.123418191031593,4942.21142712603,5.59503361681271,1.85017824918186e-32,0.993802053506995,5.85098556652686,187.551803529598,0.995777163568122,5.01186757005022,195.593664620603,TRUE,8.26828065452928,0.131346315130997,3.93929432535482,2026-06-11 13:04:29,2026-06-11 13:04:58,"Time changed"
"15","2026-06-11 14:03:30","Collar_15_2026-06-11 14:03:30",2026-06-11 14:04:44.5,180.469893633464,3.32251698224004,7.46528206767766e-32,0.993152813978706,4.58774887732212,169.014250680111,6.17384109208816,0.079952321547447,5343.57777446421,3.62455423354628,3.55532665957552e-34,0.995326150655394,3.79036409036879,164.950456654619,0.996427770649689,3.43878942985973,169.019398127902,TRUE,6.17619826850337,0.0861783679211967,4.47448036511869,2026-06-11 14:04:30,2026-06-11 14:04:59,"Time changed"
"15","2026-06-11 15:03:30","Collar_15_2026-06-11 15:03:30",2026-06-11 15:04:44.5,188.080445924528,3.90800235702716,8.94601215510624e-33,0.99411548511928,5.20818799331221,180.159225193245,7.56096067856249,0.0962722438660273,4927.74066385246,4.36440071187341,2.21794900404167e-34,0.995481032163146,4.56405578958038,162.331733969267,0.997816998920022,3.29193033748056,180.243102080127,TRUE,7.58378136567973,0.105445075409672,4.10701472190962,2026-06-11 15:04:30,2026-06-11 15:04:59,"Time changed"
"15","2026-06-11 16:03:32","Collar_15_2026-06-11 16:03:32",2026-06-11 16:04:46.5,210.084131585515,3.92047519758287,2.35748506424081e-28,0.987827166759174,7.51544394239204,196.08636946497,7.57397561663681,0.125541007237594,5193.8926348219,5.69126925222119,3.42439111075894e-31,0.992365979691828,5.95162362383334,194.487012746859,0.99366576283481,5.62598157110503,196.086826233461,TRUE,7.57353299758267,0.129256680784381,7.60828340901771,2026-06-11 16:04:32,2026-06-11 16:05:01,"Time changed"
"15","2026-06-11 17:03:32","Collar_15_2026-06-11 17:03:32",2026-06-11 17:04:46.5,226.437573397687,5.60921040790037,1.18006097204191e-28,0.988414019331959,9.87017377000121,193.888103801437,10.2149387309922,0.121024704604102,5195.271245869,5.48652743217928,2.97517603769079e-35,0.996085007223978,5.73751562806905,197.821156750972,0.996093734057059,5.94746156700386,193.914530068556,TRUE,10.2035283704272,0.115403250292969,5.273840542622,2026-06-11 17:04:32,2026-06-11 17:05:01,"Time changed"
"15","2026-06-11 18:03:32","Collar_15_2026-06-11 18:03:32",2026-06-11 18:04:46.5,NA,NA,NA,NA,NA,185.901542596015,9.74358065281947,0.105941318484325,5357.35845598736,4.80273801920762,2.71008813696634e-36,0.996700741145073,5.02244539617289,189.114953722275,0.996786122266615,5.14415499303507,186.029014682668,TRUE,9.76874208778065,0.101673277271338,4.24477709432314,2026-06-11 18:04:32,2026-06-11 18:05:01,"Time changed"
"15","2026-06-11 19:03:32","Collar_15_2026-06-11 19:03:32",2026-06-11 19:04:46.5,NA,NA,NA,NA,NA,167.12916358245,9.62840850741678,0.0774794204143256,5835.49512759496,3.51244786693031,6.0498115945799e-40,0.998190181447886,3.67312927501132,167.458093669431,0.998398633070099,3.58555563101429,167.322804578956,TRUE,9.59726181860898,0.0705205345511264,3.60984598824691,2026-06-11 19:04:32,2026-06-11 19:05:01,"Time changed"
"15","2026-06-11 20:03:32","Collar_15_2026-06-11 20:03:32",2026-06-11 20:04:46.5,NA,NA,NA,NA,NA,165.108578058091,8.59852140419572,0.0749136361964099,6614.54867592874,3.39613074355705,5.57258932164029e-39,0.997879148888672,3.55149107645757,166.937153523604,0.998027233923029,3.55455938773734,165.218964195105,TRUE,8.58937466937683,0.0795366113750146,3.5365452300063,2026-06-11 20:04:32,2026-06-11 20:05:01,"Time changed"
"15","2026-06-11 21:03:29","Collar_15_2026-06-11 21:03:29",2026-06-11 21:04:43.5,NA,NA,NA,NA,NA,174.757438192304,6.62342219727148,0.0879835854603424,4541.70237281384,3.98864311868188,7.22215568870787e-34,0.995083500599619,4.17110868597942,170.647031699477,0.99624814685401,3.78127939609351,175.294958122537,TRUE,6.59456985429712,0.0786596769097542,3.6441477749579,2026-06-11 21:04:29,2026-06-11 21:04:58,"Time changed"
"15","2026-06-11 22:03:30","Collar_15_2026-06-11 22:03:30",2026-06-11 22:04:44.5,193.254810489868,4.96746807782259,2.7052521005386e-32,0.993631595532333,5.67727526461706,188.568337074514,7.9189514929006,0.11075625836377,5025.52813197193,5.02101824405332,3.03535096498716e-33,0.994552628593105,5.25071112833806,173.90382849848,0.997075911243823,3.99219962551445,188.745951198161,TRUE,7.9035676852879,0.106165500659356,5.32977271816242,2026-06-11 22:04:30,2026-06-11 22:04:59,"Time changed"
"15","2026-06-11 23:03:31","Collar_15_2026-06-11 23:03:31",2026-06-11 23:04:45.5,NA,NA,NA,NA,NA,208.820105947992,9.39803250784384,0.155222783438574,5412.52302675416,7.03686129390557,3.10235868629417e-31,0.992419629634279,7.35877148987489,212.112283623541,0.992596388054344,7.54699860912784,209.044633121513,TRUE,9.42449939194709,0.151916538939801,6.58164029899997,2026-06-11 23:04:31,2026-06-11 23:05:00,"Time changed"
"16","2026-06-11 00:06:31","Collar_16_2026-06-11 00:06:31",2026-06-11 00:07:45.5,NA,NA,NA,NA,NA,229.086503162833,5.52774592900267,0.217594814526159,8016.53661612801,9.86443158777409,7.04483721274211e-21,0.95841721493633,10.3156925936286,221.742883508613,0.971509645086905,8.86100285348508,229.10606779078,TRUE,5.5034640792996,0.219490464044482,10.6321945798343,2026-06-11 00:07:31,2026-06-11 00:08:00,"Time changed"
"16","2026-06-11 01:06:30","Collar_16_2026-06-11 01:06:30",2026-06-11 01:07:44.5,411.162241361794,3.7322479805098,5.69505776104752e-56,0.986548552289048,7.20203953012035,385.793564618292,7.02259855038611,0.0869517545975128,7696.02632511267,3.94186615398857,2.68782137033668e-61,0.991186580900321,5.8296596200807,376.225969008789,0.992970266021522,5.29859121965148,386.024265752153,TRUE,6.98332815515394,0.100583621093291,4.64252747458146,2026-06-11 01:07:30,2026-06-11 01:07:59,"Time changed"
"16","2026-06-11 02:06:32","Collar_16_2026-06-11 02:06:32",2026-06-11 02:07:46.5,354.704434089838,3.6547960352865,6.62035837485584e-61,0.99090837028989,4.49912317016168,380.64753456053,5.32221624662822,0.083301773225479,7175.75274487201,3.77639809529663,1.85189244268783e-55,0.985990450755304,5.58494749072706,354.000887214315,0.991593865556286,4.40276152185791,380.797433022738,TRUE,5.35394399147643,0.0837861079938811,6.10053302815198,2026-06-11 02:07:32,2026-06-11 02:08:01,"Time changed"
"16","2026-06-11 03:06:30","Collar_16_2026-06-11 03:06:30",2026-06-11 03:07:44.5,NA,NA,NA,NA,NA,373.056155658223,6.98174641700889,0.0781952063120027,6711.85264007514,3.54489726621634,8.36603420521908e-64,0.992777095701346,5.24257893162746,359.619679408793,0.9945986485436,4.61381577216646,373.11908752379,TRUE,6.99417653612669,0.0811151892260204,5.92502934240198,2026-06-11 03:07:30,2026-06-11 03:07:59,"Time changed"
"16","2026-06-11 04:06:28","Collar_16_2026-06-11 04:06:28",2026-06-11 04:07:42.5,NA,NA,NA,NA,NA,374.808456178444,5.63724373610543,0.0793454297840419,6516.87382355114,3.59704143507115,4.23318864859908e-58,0.988640050468076,5.31969538959952,367.692451452776,0.990561215368148,4.93487987579673,374.906437452568,TRUE,5.65208738923762,0.07879802775376,5.65774386806475,2026-06-11 04:07:28,2026-06-11 04:07:57,"Time changed"
"16","2026-06-11 05:06:32","Collar_16_2026-06-11 05:06:32",2026-06-11 05:07:46.5,381.029964935108,3.43093173663074,1.19499879887942e-56,0.987253516738467,5.60277466219539,410.480250795982,5.57811615195605,0.106812590141224,6875.03287495207,4.84223620151753,1.82377400308686e-50,0.979176263610961,7.16122459569476,382.763213362121,0.987726085744839,5.59524994612732,410.62843356175,TRUE,5.59234885757527,0.118666107529271,7.1644041215983,2026-06-11 05:07:32,2026-06-11 05:08:01,"Time changed"
"16","2026-06-11 06:06:30","Collar_16_2026-06-11 06:06:30",2026-06-11 06:07:44.5,411.625934620643,2.83192277108268,1.16580386705947e-50,0.979495015672829,7.22992284402927,375.463870667795,5.70298545887437,0.0797799832927514,6867.18085456289,3.61674146040138,2.9778584240766e-58,0.988776981093864,5.34882992580543,377.089782477976,0.989212384187857,5.33687045036335,375.634910748698,TRUE,5.71979985892762,0.0911930032078543,4.84553820000941,2026-06-11 06:07:30,2026-06-11 06:07:59,"Time changed"
"16","2026-06-11 07:06:30","Collar_16_2026-06-11 07:06:30",2026-06-11 07:07:44.5,NA,NA,NA,NA,NA,357.683708141205,6.65146564057926,0.0687931802673987,6162.08626763156,3.11866632452119,8.50340510492168e-66,0.993834079106202,4.61222234097687,358.138144232999,0.994187883628353,4.55720321118031,357.769681386561,TRUE,6.63770669917382,0.0775711851686199,5.17611215056614,2026-06-11 07:07:30,2026-06-11 07:07:59,"Time changed"
"16","2026-06-11 08:06:29","Collar_16_2026-06-11 08:06:29",2026-06-11 08:07:43.5,NA,NA,NA,NA,NA,193.472446543618,5.748887807731,0.120189188733497,5712.95269671293,5.44865020075704,2.14331647261326e-28,0.987909663018062,5.69790565437996,182.779936918249,0.992591290880962,4.62870672451017,193.525606403338,TRUE,5.73331284048873,0.130960357555286,6.3099305453821,2026-06-11 08:07:29,2026-06-11 08:07:58,"Time changed"
"16","2026-06-11 09:06:28","Collar_16_2026-06-11 09:06:28",2026-06-11 09:07:42.5,210.401066589911,3.74356047920255,2.23436850235429e-27,0.98570693738696,7.5552474301451,185.430154654866,7.03170793127691,0.105112255169112,5573.95472403766,4.76515330758357,1.93476661925235e-32,0.993782234757456,4.98314132397329,189.388422953973,0.993790878008413,5.1676546411712,185.441047114797,TRUE,7.03636845460952,0.116811245805139,4.27711823366832,2026-06-11 09:07:28,2026-06-11 09:07:57,"Time changed"
"16","2026-06-11 10:06:28","Collar_16_2026-06-11 10:06:28",2026-06-11 10:07:42.5,198.695445823608,3.66149417795162,1.36875378045775e-29,0.990065869128609,6.2161370842044,179.266365729996,6.94309423548916,0.094850224238339,4929.6949000671,4.29993495075521,1.57634857400836e-33,0.994801654574423,4.49664095998858,180.985776236498,0.995182183882254,4.49234494949683,179.570254833329,TRUE,6.98886360978156,0.0898419046126535,4.08649751490734,2026-06-11 10:07:28,2026-06-11 10:07:57,"Time changed"
"16","2026-06-11 11:06:29","Collar_16_2026-06-11 11:06:29",2026-06-11 11:07:43.5,193.074470338258,4.66759553904686,2.99170203594604e-28,0.987618328300254,5.66023687196433,219.687451579115,5.59172426960661,0.186044115308127,4916.28831327557,8.43411389081769,7.46875223029424e-23,0.969936354078052,8.81994318914024,171.585411068533,0.99470595829564,3.84088217424436,220.024295585731,TRUE,5.66360288320633,0.204448968805993,8.66590364701039,2026-06-11 11:07:29,2026-06-11 11:07:58,"Time changed"
"16","2026-06-11 12:06:28","Collar_16_2026-06-11 12:06:28",2026-06-11 12:07:42.5,NA,NA,NA,NA,NA,173.901250193148,4.94798879079021,0.0867369927612925,4916.9431317005,3.93213015248655,1.62203496583599e-30,0.99146922325853,4.11201046205867,177.118018090942,0.991689060320951,4.21189299911995,173.927480358268,TRUE,4.95953153710149,0.0884466901627332,5.06475700663418,2026-06-11 12:07:28,2026-06-11 12:07:57,"Time changed"
"16","2026-06-11 13:06:28","Collar_16_2026-06-11 13:06:28",2026-06-11 13:07:42.5,NA,NA,NA,NA,NA,169.722954131028,5.41873642482895,0.080902295688785,4988.98155613619,3.66762031004167,1.87018985504603e-32,0.993797290002696,3.83540027946769,159.396270627145,0.996152474647336,3.13475096021451,169.736133563884,TRUE,5.42314038453554,0.0901282871685252,4.35986230980531,2026-06-11 13:07:28,2026-06-11 13:07:57,"Time changed"
"16","2026-06-11 14:06:29","Collar_16_2026-06-11 14:06:29",2026-06-11 14:07:43.5,NA,NA,NA,NA,NA,181.288242429997,4.86241337509511,0.0981009455849002,4856.00392209493,4.44730297698276,7.99990297383206e-29,0.988731168408065,4.65075052455562,180.512333263924,0.990389620846236,4.45703661759949,181.334351465222,TRUE,4.84287259371371,0.0967689067609946,5.37824239279384,2026-06-11 14:07:29,2026-06-11 14:07:58,"Time changed"
"16","2026-06-11 15:06:28","Collar_16_2026-06-11 15:06:28",2026-06-11 15:07:42.5,196.05621592452,3.60428913196631,7.14500695404375e-29,0.988821736264893,5.94863333323363,187.717053531956,6.25335529834779,0.10919593716981,5040.34640823949,4.95028272718775,1.4566102820038e-30,0.991534500047797,5.17673972502465,185.582450054931,0.993100062922405,4.85003565368602,188.413970887994,TRUE,6.30915051843299,0.0844898033941776,4.43804777421145,2026-06-11 15:07:28,2026-06-11 15:07:57,"Time changed"
"16","2026-06-11 16:06:30","Collar_16_2026-06-11 16:06:30",2026-06-11 16:07:44.5,201.150317203759,3.6016096444591,1.93201894568727e-28,0.987998927054547,6.47574195890094,176.299955862282,6.58062954374264,0.0902748491406009,5003.11677028409,4.0925151428047,1.77087819553202e-33,0.994758274804848,4.27973246834281,172.802034148327,0.99591745750013,3.91955890964375,176.301262847462,TRUE,6.58222179844934,0.0984001723072054,4.98876518311867,2026-06-11 16:07:30,2026-06-11 16:07:59,"Time changed"
"16","2026-06-11 17:06:33","Collar_16_2026-06-11 17:06:33",2026-06-11 17:07:47.5,188.463156305893,4.68518481782385,3.47269790095107e-31,0.992358339388442,5.24151462761353,203.31771080503,6.65046915126909,0.141621047643715,5035.63048788526,6.42024093686469,3.56658582984863e-28,0.987461965885565,6.71394304805258,191.082911422584,0.992701953027715,5.31567717696025,203.701009965464,TRUE,6.67955012481661,0.124474576277294,5.86325935684706,2026-06-11 17:07:33,2026-06-11 17:08:02,"Time changed"
"16","2026-06-11 18:06:33","Collar_16_2026-06-11 18:06:33",2026-06-11 18:07:47.5,199.472886348201,3.28125541344219,1.02498191150056e-28,0.98852998706409,6.29720578198978,182.698016330548,6.54133688138514,0.100433240906825,5771.55348441631,4.55303512733624,4.07320622492007e-32,0.9934427341493,4.76131952699684,182.344791303558,0.994328428589092,4.59525880320499,182.720507515607,TRUE,6.5307244941984,0.104982360577769,5.28578994999642,2026-06-11 18:07:33,2026-06-11 18:08:02,"Time changed"
"16","2026-06-11 19:06:30","Collar_16_2026-06-11 19:06:30",2026-06-11 19:07:44.5,219.394731427187,3.81456184576208,8.15619254124859e-25,0.978220955674846,8.77701839703792,199.553664034826,6.60088187700745,0.13300951924464,5720.11874639807,6.02984637280381,7.72883250858089e-29,0.988758870543037,6.30568938667923,196.253392688765,0.991186920307271,5.79407069156469,199.61235572081,TRUE,6.58807692096398,0.14724265848141,6.62028703249101,2026-06-11 19:07:30,2026-06-11 19:07:59,"Time changed"
"16","2026-06-11 20:06:32","Collar_16_2026-06-11 20:06:32",2026-06-11 20:07:46.5,NA,NA,NA,NA,NA,179.244132294997,7.03797675860031,0.0948150833113498,6833.51567207206,4.29834187386608,1.06889000923903e-33,0.994943897967519,4.49497500576506,170.540321424738,0.996689380027322,3.77456035007123,179.249785805295,TRUE,7.0444415322394,0.098080629851004,5.52175828648841,2026-06-11 20:07:32,2026-06-11 20:08:01,"Time changed"
"16","2026-06-11 21:06:29","Collar_16_2026-06-11 21:06:29",2026-06-11 21:07:43.5,NA,NA,NA,NA,NA,172.819194944861,5.48737808963149,0.0851867763045071,4615.13768388843,3.86185272323116,5.538257721528e-32,0.993297267770778,4.03851810215751,173.058602080716,0.994086947809461,3.93635534803405,173.034773136541,TRUE,5.50967693997407,0.0886296499049301,4.14466701142438,2026-06-11 21:07:29,2026-06-11 21:07:58,"Time changed"
"16","2026-06-11 22:06:30","Collar_16_2026-06-11 22:06:30",2026-06-11 22:07:44.5,201.42099074811,2.97410177698712,1.69914924916495e-27,0.985983653132124,6.50502148632911,210.862004365659,6.07366241917028,0.160596183589191,4937.57247294157,7.28045872656921,1.39545618825511e-25,0.98079972242809,7.61351259782375,203.145100740609,0.987007642738319,6.49931574239272,211.54912629627,TRUE,6.08432332824815,0.147911791133832,5.7359371287504,2026-06-11 22:07:30,2026-06-11 22:07:59,"Time changed"
"16","2026-06-11 23:06:31","Collar_16_2026-06-11 23:06:31",2026-06-11 23:07:45.5,219.194418709622,2.77888058888685,7.89405507393548e-23,0.969817314289755,8.74776478301316,204.482788915241,5.56796009970981,0.144397913985233,5149.84723612952,6.54612724584658,8.18948140815657e-26,0.981516456802459,6.8455881868169,202.457521036188,0.984879695390658,6.42526091450868,204.50122653291,TRUE,5.58603844770184,0.153215141560927,6.74549788065762,2026-06-11 23:07:31,2026-06-11 23:08:00,"Time changed"
"29","2026-06-11 00:31:12","Collar_29_2026-06-11 00:31:12",2026-06-11 00:32:11.5,341.011472556057,0.733372660388081,4.40029478600181e-21,0.786121940895716,4.01394486230651,350.828973729141,0.426192954981803,0.0324732830881833,6065.70391296192,2.01233942269428,5.18288690004245e-19,0.748100284259562,4.35614296033574,340.653878363369,0.801104519034922,3.93931515195284,350.830287846456,TRUE,0.42544347874187,0.0338385696971202,5.16665827676647,2026-06-11 00:31:42,2026-06-11 00:32:41,NA
"29","2026-06-11 01:31:13","Collar_29_2026-06-11 01:31:13",2026-06-11 01:32:12.5,NA,NA,NA,NA,NA,882.486163791436,-0.535243545363666,0.0495879463402359,5807.22304119467,3.07291933002047,2.60180581494742e-19,0.4968159276401,9.40734444763738,882.17966900151,0.514553738055699,9.31936223659434,883.274817856262,TRUE,-0.520669173114902,0.0532486084456593,9.47697033751474,2026-06-11 01:31:43,2026-06-11 01:32:42,NA
"29","2026-06-11 02:31:13","Collar_29_2026-06-11 02:31:13",2026-06-11 02:32:12.5,816.777481741445,-0.874004443165309,8.55109200561091e-28,0.637893430744322,7.15423531590443,819.859230811937,-0.539682871664557,0.0381987286170387,4955.3167237301,2.36714000503506,3.91930538006292e-27,0.628473646041541,7.24669247435095,789.350905855116,0.721323830106297,6.33004714310417,820.34969913442,TRUE,-0.558491204483435,0.0431887623726073,7.36854928491724,2026-06-11 02:31:43,2026-06-11 02:32:42,NA
"29","2026-06-11 03:31:13","Collar_29_2026-06-11 03:31:13",2026-06-11 03:32:12.5,NA,NA,NA,NA,NA,642.173836690079,0.536623100752294,0.0182186614642018,5707.67404481335,1.12899365898963,3.20398770974116e-56,0.880272638149445,3.45626783155522,620.581799248557,0.903267426710145,3.13335110636368,642.268097190842,TRUE,0.533055054314199,0.0205551032029389,3.1682640111103,2026-06-11 03:31:43,2026-06-11 03:32:42,NA
"29","2026-06-11 04:31:13","Collar_29_2026-06-11 04:31:13",2026-06-11 04:32:12.5,770.699754726665,0.476651846143492,1.32448771688922e-22,0.557087423374489,5.90449546488571,769.79117372727,0.380306621632353,0.0310061424455676,4991.39672201153,1.92142206931934,8.44849853403027e-23,0.560428276030001,5.88218475467069,765.006004648008,0.591459457772551,5.71943826604976,771.282502649962,TRUE,0.411427969333461,0.0307093950669953,5.82440741359184,2026-06-11 04:31:43,2026-06-11 04:32:42,NA
"29","2026-06-11 05:31:13","Collar_29_2026-06-11 05:31:13",2026-06-11 05:32:12.5,NA,NA,NA,NA,NA,688.547120800472,0.610400384287108,0.0221020074903947,4779.49356198827,1.36964103299398,2.46212339401909e-53,0.866018984109471,4.19297859241441,669.234442378216,0.889675524912456,3.83750501291323,688.554269359543,TRUE,0.6101398825977,0.023912974358765,4.30541971233765,2026-06-11 05:31:43,2026-06-11 05:32:42,NA
"29","2026-06-11 05:54:56","Collar_29_2026-06-11 05:54:56",2026-06-11 05:55:55.5,NA,NA,NA,NA,NA,585.187081477723,3.41002874794728,0.228926713436621,4491.82105185603,14.1863774323448,1.75396610784898e-21,0.792770211825378,30.7094754928743,552.039589252206,0.888424287654614,22.9324853516145,585.29433332404,TRUE,3.43869938205115,0.221592802818264,23.633068646045,2026-06-11 05:55:26,2026-06-11 05:56:25,NA
"29","2026-06-11 06:15:58","Collar_29_2026-06-11 06:15:58",2026-06-11 06:16:57.5,412.746464975473,1.29504194151224,2.66791991545142e-28,0.879191287135588,7.29775026244025,413.10843265681,1.11722077308408,0.0545661203364675,5514.76242352935,3.38141218423679,3.17926633819582e-28,0.878460270153644,7.3197964102075,401.538111980247,0.906240231257664,6.5428673517464,413.240593101245,TRUE,1.13522694820435,0.0579487315697325,7.44433016543932,2026-06-11 06:16:28,2026-06-11 06:17:27,NA
"29","2026-06-11 07:15:57","Collar_29_2026-06-11 07:15:57",2026-06-11 07:16:56.5,NA,NA,NA,NA,NA,314.552637678113,0.0305483237281991,0.0240014655246249,5085.32319928859,1.48734869666492,0.208178396723609,0.0271711302518529,3.21968723639409,317.971620377559,0.0365461715453722,3.26085056987479,315.063419557046,TRUE,0.0136849727919345,0.0227193150991066,3.10578007582795,2026-06-11 07:16:27,2026-06-11 07:17:26,NA
"29","2026-06-11 08:15:57","Collar_29_2026-06-11 08:15:57",2026-06-11 08:16:56.5,NA,NA,NA,NA,NA,348.42299935827,0.199554099234721,0.0318286843251338,4726.11989357668,1.97239423146794,4.87691685465543e-08,0.403956109189773,4.26967297341529,348.689456771719,0.439914978183637,4.21213667332563,348.445806221543,TRUE,0.204236767087706,0.0349236664817604,4.45870563342624,2026-06-11 08:16:27,2026-06-11 08:17:26,NA
"29","2026-06-11 09:15:56","Collar_29_2026-06-11 09:15:56",2026-06-11 09:16:55.5,NA,NA,NA,NA,NA,301.824122201365,-0.0489871589533174,0.0215859778376716,4642.16007977102,1.33766315103379,0.02697904802114,0.081554244717071,2.89566056946529,303.940784024697,0.109935550421577,2.90102590876879,301.825008826839,TRUE,-0.0494920135739126,0.0233671026457821,3.10755071701606,2026-06-11 09:16:26,2026-06-11 09:17:25,NA
"29","2026-06-11 10:15:56","Collar_29_2026-06-11 10:15:56",2026-06-11 10:16:55.5,321.244253255709,0.415515049010159,5.21780501964898e-15,0.65461316983598,3.40432841919156,324.600796881642,0.262008160675977,0.0260977617002247,4442.46244108973,1.61725423853289,2.68175415150207e-14,0.634740730242593,3.50089581648498,321.99545643123,0.672817400921331,3.37204720605807,324.65978892275,TRUE,0.258194107031522,0.0272937722683141,3.33258881988059,2026-06-11 10:16:26,2026-06-11 10:17:25,NA
"29","2026-06-11 11:15:56","Collar_29_2026-06-11 11:15:56",2026-06-11 11:16:55.5,NA,NA,NA,NA,NA,298.772940414656,0.01788866914603,0.0210440406348593,4142.23306876665,1.30407980207328,0.398787958588315,0.0123053090602845,2.82296216306874,297.267618334204,0.0988981748415751,2.74410430725858,298.979302427156,TRUE,0.0202326383535431,0.0214760039684779,2.65871271600025,2026-06-11 11:16:26,2026-06-11 11:17:25,NA
"29","2026-06-11 12:15:56","Collar_29_2026-06-11 12:15:56",2026-06-11 12:16:55.5,280.846449553249,0.0462281564311308,4.32889249597414e-07,0.358564630440643,2.43123491136642,277.081087831503,0.108667986924215,0.0175640109585658,4173.31490630764,1.0884255705398,6.68841946095881e-08,0.39758149105668,2.35613203890241,277.065471008812,0.436579943242968,2.31892448532631,277.373720353854,TRUE,0.100840807020887,0.0184070327132009,2.05580327223633,2026-06-11 12:16:26,2026-06-11 12:17:25,NA
"29","2026-06-11 13:15:56","Collar_29_2026-06-11 13:15:56",2026-06-11 13:16:55.5,318.578140076857,0.377585671398944,1.74764232353186e-10,0.507353479241973,3.32952641648577,318.974265669768,0.191208397770519,0.0249023404228745,4191.58606614446,1.54317508378261,2.12284471801402e-10,0.504090220674306,3.34053549911814,307.454038552203,0.61711925815414,2.98721512523312,319.054714508455,TRUE,0.195536010790263,0.0277019516633496,3.48816774041058,2026-06-11 13:16:26,2026-06-11 13:17:25,NA
"29","2026-06-11 14:15:56","Collar_29_2026-06-11 14:15:56",2026-06-11 14:16:55.5,NA,NA,NA,NA,NA,345.30784405863,0.103003181728368,0.0310130560434816,4345.81432729173,1.92185049860989,0.00155433930182615,0.159796927321602,4.16026015587783,344.858200117531,0.219852594330259,4.07977933958406,345.320477151492,TRUE,0.103507211981298,0.0326717247538037,4.69112499567814,2026-06-11 14:16:26,2026-06-11 14:17:25,NA
"29","2026-06-11 15:15:56","Collar_29_2026-06-11 15:15:56",2026-06-11 15:16:55.5,NA,NA,NA,NA,NA,333.886975726879,0.141681896865269,0.0281975297263127,4298.7652094126,1.74737492777566,5.13888785571565e-06,0.303276648488576,3.78257012949923,336.749896180426,0.316356151279146,3.81321896082213,333.943248029739,TRUE,0.148021301544518,0.0278478784592863,4.14818213779419,2026-06-11 15:16:26,2026-06-11 15:17:25,NA
"29","2026-06-11 16:15:56","Collar_29_2026-06-11 16:15:56",2026-06-11 16:16:55.5,469.31966982248,-1.04598915691853,6.93309203719856e-11,0.522583073927318,11.6932235605533,474.009231837437,-0.668257049932877,0.0906421959272221,4382.0514565775,5.61701333765979,6.93479936878538e-10,0.483771480398297,12.1592375684805,468.958988438526,0.556049910575275,11.475520788397,475.288631232261,TRUE,-0.694731913219354,0.0620661463676673,9.0328024831872,2026-06-11 16:16:26,2026-06-11 16:17:25,NA
"29","2026-06-11 17:15:56","Collar_29_2026-06-11 17:15:56",2026-06-11 17:16:55.5,NA,NA,NA,NA,NA,346.660426991696,0.0432359418970007,0.0313645979474231,4529.78229188108,1.9436352263847,0.173344646529531,0.0317235496007882,4.20741790047541,349.141326157089,0.0559309699587835,4.22802770408847,346.665195548018,TRUE,0.0453650176999292,0.0333905440270706,4.81478475849777,2026-06-11 17:16:26,2026-06-11 17:17:25,NA
"29","2026-06-11 18:15:56","Collar_29_2026-06-11 18:15:56",2026-06-11 18:16:55.5,NA,NA,NA,NA,NA,336.194686275392,0.306805838941722,0.0287450419077038,4400.18973895106,1.7813037530203,2.62436434216055e-15,0.662634489683282,3.85601639386949,335.433837009106,0.688369106077959,3.77162726752936,336.24065352099,TRUE,0.30084994096764,0.0307185185645781,4.21509362153756,2026-06-11 18:16:26,2026-06-11 18:17:25,NA
"29","2026-06-11 19:15:56","Collar_29_2026-06-11 19:15:56",2026-06-11 19:16:55.5,NA,NA,NA,NA,NA,301.943030576005,0.643737349889909,0.0216073780515205,4521.23882391057,1.33898930256166,7.50987019040591e-37,0.938662749749044,2.8985313106421,303.15495562344,0.941447756100312,2.88209040540652,302.315297021813,TRUE,0.641891864285968,0.0206856132156434,2.78034106192267,2026-06-11 19:16:26,2026-06-11 19:17:25,NA
"29","2026-06-11 20:15:56","Collar_29_2026-06-11 20:15:56",2026-06-11 20:16:55.5,NA,NA,NA,NA,NA,379.299755110384,0.979813113193762,0.0411685330634246,4906.4524774115,2.55117604934035,1.28504461544457e-31,0.907117125119444,5.52257112422504,361.584294539483,0.935322398808238,4.68997392950199,379.840497654371,TRUE,1.00189314795649,0.0406882629834979,5.08346451004118,2026-06-11 20:16:26,2026-06-11 20:17:25,NA
"29","2026-06-11 21:15:56","Collar_29_2026-06-11 21:15:56",2026-06-11 21:16:55.5,NA,NA,NA,NA,NA,334.734235747075,0.552819140092105,0.0283973228795024,3971.06435054559,1.7597559253316,4.11459522080078e-27,0.867269501765927,3.80937147063334,333.11645929489,0.879132955481398,3.69949033671915,335.070662331045,TRUE,0.566398510891094,0.0283617290316375,3.25278439358783,2026-06-11 21:16:26,2026-06-11 21:17:25,NA
"29","2026-06-11 22:15:56","Collar_29_2026-06-11 22:15:56",2026-06-11 22:16:55.5,325.412355480824,0.738765318839316,2.99228672998171e-37,0.940576435868098,3.5246525768218,313.744479044702,0.800540147331793,0.0238403670085181,4076.84752521549,1.47736557010457,1.05799713145302e-39,0.951078046479115,3.19807660451084,316.234315467171,0.952294015557627,3.21398156492355,313.776915397325,TRUE,0.804642360845435,0.0280434712290488,3.11598187225511,2026-06-11 22:16:26,2026-06-11 22:17:25,NA
"29","2026-06-11 23:15:56","Collar_29_2026-06-11 23:15:56",2026-06-11 23:16:55.5,320.401734416538,0.22379079116219,1.83558093513944e-21,0.792446354957467,3.38051037326852,306.762453702516,0.384863908778051,0.0224928322595025,4327.17301357103,1.39386008371655,2.45443898506193e-24,0.834649330013423,3.01731095803181,305.05780638476,0.849646222165396,2.92815624121215,306.852772127845,TRUE,0.381401883765242,0.0231557081492353,3.17071422721605,2026-06-11 23:16:26,2026-06-11 23:17:25,NA
"30","2026-06-11 00:34:11","Collar_30_2026-06-11 00:34:11",2026-06-11 00:35:10.5,314.516385162247,0.149065481979268,0.000513603005622531,0.189251204911642,3.21871470194973,316.51367972786,0.0816353331607266,0.0243969203480845,6079.57791129059,1.51185466758819,0.00144228014876604,0.161808577854861,3.27273569905388,308.263541865561,0.316601915072375,3.00743458523591,316.534725973096,TRUE,0.0839034872083738,0.0267820550916206,3.37495878103412,2026-06-11 00:34:41,2026-06-11 00:35:40,NA
"30","2026-06-11 01:34:10","Collar_30_2026-06-11 01:34:10",2026-06-11 01:35:09.5,NA,NA,NA,NA,NA,913.632539347899,-0.758063726035032,0.0564595443050873,5757.92040838248,3.49874592242338,1.62436244255895e-25,0.604392575496984,10.7109573965888,866.536391431528,0.741570963839342,8.7312965339734,916.398390768727,TRUE,-0.743090789702982,0.0478125143705318,8.77682958395696,2026-06-11 01:34:40,2026-06-11 01:35:39,NA
"30","2026-06-11 02:34:11","Collar_30_2026-06-11 02:34:11",2026-06-11 02:35:10.5,779.241327013287,-0.92198851215233,5.98683181686556e-29,0.653780629483465,6.1184199709429,789.242127846316,-0.470216821377548,0.0336236931058258,4900.72981729613,2.08362927116688,8.3679622820372e-27,0.623690252827306,6.37876109000099,775.311595757642,0.675919643416159,5.97037988847262,789.248755001865,TRUE,-0.472891455786063,0.0358213322762406,7.58674798885638,2026-06-11 02:34:41,2026-06-11 02:35:40,NA
"30","2026-06-11 03:34:12","Collar_30_2026-06-11 03:34:12",2026-06-11 03:35:11.5,NA,NA,NA,NA,NA,642.916125225012,0.0816671085912251,0.0182750966238505,5716.73298931757,1.13249089381738,1.81672174177604e-05,0.144740735695704,3.4669741629312,623.930253925148,0.293830192877497,3.17737367540565,643.054984534852,TRUE,0.0857856566876436,0.0178802379948994,3.42105353771877,2026-06-11 03:34:42,2026-06-11 03:35:41,NA
"30","2026-06-11 04:34:12","Collar_30_2026-06-11 04:34:12",2026-06-11 04:35:11.5,NA,NA,NA,NA,NA,612.336580899319,0.0392728243543601,0.0160888184550658,4988.16590004594,0.99700925076718,0.016131804387036,0.0480684040118817,3.05221466369743,615.019477912799,0.0584595401095635,3.06156656385852,612.406016146282,TRUE,0.0350881476916738,0.0166430028675542,3.4081787532637,2026-06-11 04:34:42,2026-06-11 04:35:41,NA
"30","2026-06-11 05:34:13","Collar_30_2026-06-11 05:34:13",2026-06-11 05:35:12.5,NA,NA,NA,NA,NA,755.825798274059,0.590025298396217,0.0292534133873981,4855.4795941759,1.81280706505635,4.79085667175528e-40,0.775155338747315,5.54967398964623,752.776347032557,0.787983449011018,5.43529441121128,755.866641211668,TRUE,0.595739661871671,0.0333592177585521,5.16788405646603,2026-06-11 05:34:43,2026-06-11 05:35:42,NA
"30","2026-06-11 05:57:56","Collar_30_2026-06-11 05:57:56",2026-06-11 05:58:56.090909,NA,NA,NA,NA,NA,450.614830690474,0.725201494676879,0.105329335055181,5428.08558898123,6.60619617031302,6.90476706161322e-09,0.472134711435973,14.0347319214105,321.492273636969,0.953080611653228,4.2655161143944,450.614830690475,TRUE,0.725201494676879,0.105329335055181,20.699199523526,2026-06-11 05:58:26,2026-06-11 05:59:25,NA
"30","2026-06-11 06:18:56","Collar_30_2026-06-11 06:18:56",2026-06-11 06:19:55.5,336.807451012056,1.22734077888685,1.0164120002947e-25,0.85179369706485,3.87575700969799,358.360180820578,0.507285448855219,0.0345766207058218,5590.68089579918,2.14268131623538,3.52759565587992e-21,0.787738839565871,4.6382961177915,321.218262581415,0.893075950139091,3.35027832357677,358.369077169763,TRUE,0.505349592464779,0.0376873118173922,4.84646081460826,2026-06-11 06:19:26,2026-06-11 06:20:25,NA
"30","2026-06-11 07:18:57","Collar_30_2026-06-11 07:18:57",2026-06-11 07:19:56.5,NA,NA,NA,NA,NA,314.86109937095,0.116505757037129,0.0240632409936861,5081.96629024416,1.49117686554484,9.93703082122594e-06,0.287832905230343,3.227974134086,317.643398380182,0.302140668932278,3.25194373228445,314.95586922668,TRUE,0.123743932720058,0.0253012534073433,3.347888444692,2026-06-11 07:19:27,2026-06-11 07:20:26,NA
"30","2026-06-11 08:18:57","Collar_30_2026-06-11 08:18:57",2026-06-11 08:19:56.5,NA,NA,NA,NA,NA,311.124575394827,0.188500280155819,0.0233255122128793,4698.22798464591,1.44546049295504,4.47602461627793e-11,0.529630381796545,3.12901117963444,313.767243544391,0.540151719610417,3.14858012970044,311.163722498206,TRUE,0.184706884064463,0.023296931383679,2.66524816239362,2026-06-11 08:19:27,2026-06-11 08:20:26,NA
"30","2026-06-11 09:18:56","Collar_30_2026-06-11 09:18:56",2026-06-11 09:19:55.5,NA,NA,NA,NA,NA,315.520170659374,0.127564676187073,0.0241957661857176,4621.17320801093,1.49938932954798,2.07950010154549e-06,0.323977707345672,3.24575178474016,316.144333779348,0.360963160319372,3.21157247254688,315.757794432611,TRUE,0.119699544945415,0.0255292002480916,2.76541147349389,2026-06-11 09:19:26,2026-06-11 09:20:25,NA
"30","2026-06-11 10:18:56","Collar_30_2026-06-11 10:18:56",2026-06-11 10:19:55.5,NA,NA,NA,NA,NA,326.621234831147,0.243672680517373,0.0265408892654004,4463.96016846417,1.64471444532086,6.67485579590438e-13,0.592385473877168,3.56033936022304,325.754223025259,0.624144381812261,3.47934164847273,326.640307296563,TRUE,0.241046394392818,0.0260727907492829,4.2456280506729,2026-06-11 10:19:26,2026-06-11 10:20:25,NA
"30","2026-06-11 11:18:55","Collar_30_2026-06-11 11:18:55",2026-06-11 11:19:54.5,333.870697012552,-0.345235044107596,7.86487316887219e-10,0.481564547596609,3.78205703614744,339.328651448968,-0.196045871800976,0.0295056471380295,4109.54104144839,1.82843775810181,1.15686271368344e-08,0.432193076171513,3.95804811978647,330.316487396362,0.542895496682229,3.61416903797959,339.366608167248,TRUE,-0.193673756547422,0.0320761924043452,4.26859562107828,2026-06-11 11:19:25,2026-06-11 11:20:24,NA
"30","2026-06-11 12:18:54","Collar_30_2026-06-11 12:18:54",2026-06-11 12:19:53.5,338.328390214391,0.47298233219166,0.133018874227931,0.0384878561317665,3.92519289174228,338.707253284506,0.0409049653549946,0.029353252427932,4176.38905392194,1.81899399837766,0.168773437019394,0.0323972899002476,3.93760506382009,335.068211546702,0.148070124847969,3.76015306529391,338.882401580984,TRUE,0.0499146503123715,0.0303393046778751,3.52981617893516,2026-06-11 12:19:24,2026-06-11 12:20:23,NA
"30","2026-06-11 13:18:55","Collar_30_2026-06-11 13:18:55",2026-06-11 13:19:54.5,NA,NA,NA,NA,NA,318.680095861324,-0.0810660323797794,0.0248413692136787,4206.33859673407,1.53939675414526,0.00184838189252003,0.155127851110711,3.33235648922252,316.586689150857,0.236717253813739,3.22343312282759,318.955378649674,TRUE,-0.0937935136833357,0.0261628614547743,3.10141743235293,2026-06-11 13:19:25,2026-06-11 13:20:24,NA
"30","2026-06-11 14:18:56","Collar_30_2026-06-11 14:18:56",2026-06-11 14:19:55.5,NA,NA,NA,NA,NA,353.555372846019,0.00131636180934377,0.0332195210006331,4329.93959528566,2.05858309832923,0.968527263939873,2.70722321078059e-05,4.45624737602498,343.881472447795,0.203816357086656,4.04670717119913,353.610321163081,TRUE,0.00130231234775875,0.034444985034063,4.80773876371515,2026-06-11 14:19:26,2026-06-11 14:20:25,NA
"30","2026-06-11 15:18:56","Collar_30_2026-06-11 15:18:56",2026-06-11 15:19:55.5,301.423919799437,0.349077612208207,5.126496367553e-16,0.68096381961179,2.88601956890718,304.930791432043,0.235976089530474,0.0221521119584942,4286.24534104736,1.37274596070135,2.83047282452965e-15,0.66176112553911,2.9716048821586,301.991130003892,0.698704548058143,2.85427342681998,305.143204927708,TRUE,0.239838102153324,0.0200518277235289,2.43110324300719,2026-06-11 15:19:26,2026-06-11 15:20:25,NA
"30","2026-06-11 16:18:55","Collar_30_2026-06-11 16:18:55",2026-06-11 16:19:54.5,NA,NA,NA,NA,NA,398.742319630526,-0.448784558937349,0.0484094757706993,4315.04067301563,2.9998905950101,4.75763793517433e-13,0.59706524293169,6.4939105947317,402.049184582227,0.601693262811143,6.57079244384138,398.866013866498,TRUE,-0.440837881480981,0.0549277707070378,6.00783125071335,2026-06-11 16:19:25,2026-06-11 16:20:24,NA
"30","2026-06-11 17:18:54","Collar_30_2026-06-11 17:18:54",2026-06-11 17:19:53.5,332.443923732603,-0.660145641584435,0.00325222697200351,0.139800820952298,3.73735549243615,334.527138478904,-0.0756713346977773,0.0283483567448611,4477.44326391514,1.75672153909944,0.00984131138283775,0.109409957868026,3.80280288678755,328.461963957264,0.24695024369058,3.5587437457606,334.674014600897,TRUE,-0.0801424308828308,0.0268517349096478,4.25696475142759,2026-06-11 17:19:24,2026-06-11 17:20:23,NA
"30","2026-06-11 18:18:55","Collar_30_2026-06-11 18:18:55",2026-06-11 18:19:54.5,NA,NA,NA,NA,NA,358.351912646304,0.0590505930403243,0.0345742384085131,4415.5561010718,2.14253368746689,0.0929959179634104,0.0478855463488325,4.63797654346257,359.99484804454,0.0845636453209308,4.62826300242088,358.593846213915,TRUE,0.044710713502034,0.0345726312684656,5.00839428305399,2026-06-11 18:19:25,2026-06-11 18:20:24,NA
"30","2026-06-11 19:18:56","Collar_30_2026-06-11 19:18:56",2026-06-11 19:19:55.5,NA,NA,NA,NA,NA,342.78934970644,0.105755745695092,0.0303689536658804,4528.98714036771,1.88193606793226,0.000951815681216166,0.172927437463275,4.07385675680346,335.859403007024,0.310665489440646,3.7850266491733,342.82283832026,TRUE,0.105713530671714,0.0336555435599707,4.64141485658847,2026-06-11 19:19:26,2026-06-11 19:20:25,NA
"30","2026-06-11 20:18:55","Collar_30_2026-06-11 20:18:55",2026-06-11 20:19:54.5,NA,NA,NA,NA,NA,347.348416903896,0.401014580884702,0.0315449354716697,4985.52241019568,1.95481057654708,2.06081814832174e-18,0.73589223370824,4.23160935763722,346.948128565926,0.754568205324905,4.1514554098148,347.374201918375,TRUE,0.405207752903445,0.0327247876090181,4.34391632382024,2026-06-11 20:19:25,2026-06-11 20:20:24,NA
"30","2026-06-11 21:18:56","Collar_30_2026-06-11 21:18:56",2026-06-11 21:19:55.5,NA,NA,NA,NA,NA,359.802032257255,0.012007187669351,0.0349945795735646,3980.24368015356,2.16858184204114,0.732752022685522,0.00202568730360173,4.69436339545121,310.487339401598,0.589593011205422,3.0636869130082,359.854444186309,TRUE,0.0158840328073224,0.0352388229187982,5.56562031523968,2026-06-11 21:19:26,2026-06-11 21:20:25,NA
"30","2026-06-11 22:18:54","Collar_30_2026-06-11 22:18:54",2026-06-11 22:19:53.5,283.985351970527,0.269220146321329,7.42948657655087e-17,0.701376131639114,2.49566903207842,287.720764065387,0.214149317595974,0.0191924302836975,4092.30087393553,1.1893372152214,4.57927469906197e-16,0.682193824995467,2.57457707140448,286.21704294289,0.710048693862149,2.50269110200592,287.880942787803,TRUE,0.221177889134572,0.0200966367510498,2.58000557486434,2026-06-11 22:19:24,2026-06-11 22:20:23,NA
"30","2026-06-11 23:18:55","Collar_30_2026-06-11 23:18:55",2026-06-11 23:19:54.5,NA,NA,NA,NA,NA,310.27540041652,-0.0663232239497512,0.0231610328538439,4344.16754511,1.43526785867449,0.00582165158116077,0.123867459386932,3.10694702307728,304.307509159677,0.257972829357392,2.90990512881289,310.371345907205,TRUE,-0.0677616592782326,0.0235014629562664,2.93992118153689,2026-06-11 23:19:25,2026-06-11 23:20:24,NA
"31","2026-06-11 00:37:11","Collar_31_2026-06-11 00:37:11",2026-06-11 00:38:10.5,NA,NA,NA,NA,NA,292.019775820425,-0.036383819018805,0.0198924655248566,6084.28867460442,1.23271775390097,0.0725382894583322,0.054532801605356,2.66848360926457,294.776646686331,0.0739202294323744,2.68772906934045,292.026341860809,TRUE,-0.0353620421364482,0.021340774236097,3.13663744791149,2026-06-11 00:37:41,2026-06-11 00:38:40,NA
"31","2026-06-11 01:37:10","Collar_31_2026-06-11 01:37:10",2026-06-11 01:38:09.5,NA,NA,NA,NA,NA,898.068156503114,-0.608328676035379,0.0529142541127575,5607.78601395991,3.27904755686105,5.56760335423747e-21,0.528319784280884,10.0383793112363,873.69828696911,0.627630862469673,8.99577574067818,899.037681931388,TRUE,-0.608503258165445,0.0475471785093046,9.79582004009521,2026-06-11 01:37:40,2026-06-11 01:38:39,NA
"31","2026-06-11 02:37:11","Collar_31_2026-06-11 02:37:11",2026-06-11 02:38:10.5,607.327663014286,0.140612337112578,0.00473717767166937,0.0656351513593475,2.98917358188313,607.694835680892,0.0443634551444215,0.0157806407491535,4795.02788484297,0.977911762375914,0.00578015370903676,0.0627718294279877,2.99375017697099,609.501580070287,0.0797460778280112,2.9919803510434,608.541388318814,TRUE,0.0538102864074409,0.0148347720571726,3.26457996540652,2026-06-11 02:37:41,2026-06-11 02:38:40,NA
"31","2026-06-11 03:37:13","Collar_31_2026-06-11 03:37:13",2026-06-11 03:38:12.5,NA,NA,NA,NA,NA,641.562644379609,0.116146007030696,0.0181723242171219,5750.51818891065,1.12612218249664,3.41145411611773e-09,0.257158887797372,3.44747717825724,635.637847917451,0.316124736034129,3.33621392605537,641.836436975703,TRUE,0.12049207251132,0.0185269394797509,2.68773251597223,2026-06-11 03:37:43,2026-06-11 03:38:42,NA
"31","2026-06-11 04:37:12","Collar_31_2026-06-11 04:37:12",2026-06-11 04:38:11.5,1031.65716268936,2.64750989724669,4.80998759453998e-29,0.655057034721647,17.5146300960338,1022.74855448146,1.40782297415876,0.0889588955005153,4983.01854652532,5.51270076169691,5.91658539046505e-31,0.679737592370976,16.87641923932,1021.90665681913,0.692402676483321,16.6813274880698,1026.12121641645,TRUE,1.29572495042999,0.0689250221402073,10.2240396032025,2026-06-11 04:37:42,2026-06-11 04:38:41,NA
"31","2026-06-11 05:37:13","Collar_31_2026-06-11 05:37:13",2026-06-11 05:38:12.5,NA,NA,NA,NA,NA,821.908819081912,0.55960703780283,0.0385263407973838,4986.0676918358,2.38744182989437,4.86651057114122e-28,0.641320625651104,7.3088438811586,723.755487153435,0.846890842350858,4.81623951092973,821.91010138801,TRUE,0.558713590051366,0.0396016851072287,10.3029301193749,2026-06-11 05:37:43,2026-06-11 05:38:42,NA
"31","2026-06-11 06:00:56","Collar_31_2026-06-11 06:00:56",2026-06-11 06:01:55.5,NA,NA,NA,NA,NA,303.335557747437,-0.0925502602199751,0.0218595790498,5430.78091941661,1.35461796597405,8.29903594435944e-05,0.236093450484908,2.93236292539635,298.141580897866,0.344621771673054,2.76416263149321,303.386414091808,TRUE,-0.0913060257465399,0.0256643172105049,2.8033693416118,2026-06-11 06:01:26,2026-06-11 06:02:25,NA
"31","2026-06-11 06:21:57","Collar_31_2026-06-11 06:21:57",2026-06-11 06:22:56.5,NA,NA,NA,NA,NA,291.522795428537,-0.145334498832117,0.0198102511769291,5621.25186145189,1.227623006536,7.97635456514722e-10,0.481317166704827,2.65745492910339,293.55761675971,0.498030376269965,2.66056376536342,291.527333569095,TRUE,-0.14516855452307,0.0212718410132575,2.87116779309305,2026-06-11 06:22:27,2026-06-11 06:23:26,NA
"31","2026-06-11 07:21:59","Collar_31_2026-06-11 07:21:59",2026-06-11 07:22:58.5,NA,NA,NA,NA,NA,288.579021448595,-0.0350124936906266,0.019330189374556,5089.1042538229,1.1978740191108,0.0752757934045377,0.0535364732730905,2.59305682573778,289.970287542925,0.0938058863331353,2.58220486307398,288.645049793007,TRUE,-0.0322409029061859,0.0200268234890009,2.5589056285342,2026-06-11 07:22:29,2026-06-11 07:23:28,NA
"31","2026-06-11 08:21:57","Collar_31_2026-06-11 08:21:57",2026-06-11 08:22:56.5,NA,NA,NA,NA,NA,302.977003678365,0.0371698388536975,0.0217943611903873,4732.85521899488,1.35057647533686,0.0934557612253024,0.0477544687577153,2.92361424672418,302.653356114254,0.113959979214517,2.87006842272358,303.013564437964,TRUE,0.0337515692212431,0.0219980202983117,3.37564510024575,2026-06-11 08:22:27,2026-06-11 08:23:26,NA
"31","2026-06-11 09:21:55","Collar_31_2026-06-11 09:21:55",2026-06-11 09:22:54.5,NA,NA,NA,NA,NA,313.586388751363,0.211366948280446,0.0238089799329102,4608.8179663581,1.47542054195828,2.11226551160797e-12,0.576060707448495,3.19386617133463,316.588985262752,0.583049764412084,3.22349480144382,313.780718701129,TRUE,0.201604975127815,0.0229991953580567,2.76124776320213,2026-06-11 09:22:25,2026-06-11 09:23:24,NA
"31","2026-06-11 10:21:57","Collar_31_2026-06-11 10:21:57",2026-06-11 10:22:56.5,NA,NA,NA,NA,NA,354.099302977963,0.0728418469653519,0.0333704385985345,4479.67155167327,2.06793532277203,0.0331102356149144,0.0759140953637647,4.47649228412078,330.736040384905,0.414333414368645,3.62682728194367,354.166075977118,TRUE,0.0777143985408171,0.0363206648202713,4.89396045530198,2026-06-11 10:22:27,2026-06-11 10:23:26,NA
"31","2026-06-11 11:21:56","Collar_31_2026-06-11 11:21:56",2026-06-11 11:22:55.5,NA,NA,NA,NA,NA,313.683915795252,0.0294084087786295,0.0238283379601484,4059.79018529139,1.47662014106415,0.222114034603236,0.0255899427887681,3.19646296248294,317.001833016309,0.0366043566481269,3.23460400542223,313.689805698957,TRUE,0.0305595609742205,0.0243276656315758,4.0463177335494,2026-06-11 11:22:26,2026-06-11 11:23:25,NA
"31","2026-06-11 12:21:54","Collar_31_2026-06-11 12:21:54",2026-06-11 12:22:53.5,NA,NA,NA,NA,NA,339.040074760393,0.108001306739778,0.0294347770370515,4180.28293576458,1.82404600326442,0.000530721827514332,0.188389320224621,3.948541218663,329.315893530082,0.354332663000144,3.58415836914587,339.055320983464,TRUE,0.111517465638478,0.0329833386665788,4.48775402099249,2026-06-11 12:22:24,2026-06-11 12:23:23,NA
"31","2026-06-11 13:21:55","Collar_31_2026-06-11 13:21:55",2026-06-11 13:22:54.5,NA,NA,NA,NA,NA,310.329808385477,-0.0291968350849608,0.0231715364411302,4190.24062354532,1.43591875629758,0.212704809478596,0.0266443691714066,3.10835603145168,309.276170583661,0.105269802053029,3.03292042127956,310.839306994738,TRUE,-0.0412425678387279,0.0239483715220568,2.78408343889064,2026-06-11 13:22:25,2026-06-11 13:23:24,NA
"31","2026-06-11 14:21:55","Collar_31_2026-06-11 14:21:55",2026-06-11 14:22:54.5,NA,NA,NA,NA,NA,374.909023436898,-0.188629238736544,0.0396894247586585,4343.73385496079,2.45951707097242,1.36530122582063e-05,0.280285519978537,5.32415548476277,344.533682921857,0.594170859053732,4.06876125653606,375.024503848408,TRUE,-0.175599701984685,0.0425761259215321,4.6100559488011,2026-06-11 14:22:25,2026-06-11 14:23:24,NA
"31","2026-06-11 15:21:57","Collar_31_2026-06-11 15:21:57",2026-06-11 15:22:56.5,NA,NA,NA,NA,NA,341.81372648163,0.0536473684017875,0.0301230491750418,4310.40011866496,1.86669759328256,0.0801589416745005,0.0518499184696812,4.0408697898321,340.917143281486,0.126154939545163,3.94796700135875,341.922584439474,TRUE,0.0623768717204937,0.0323140349480696,3.93778286913371,2026-06-11 15:22:27,2026-06-11 15:23:26,NA
"31","2026-06-11 16:21:56","Collar_31_2026-06-11 16:21:56",2026-06-11 16:22:55.5,313.954570580967,0.057885787844586,0.0078624510417689,0.115600137369338,3.20368058225509,313.627013839439,0.0671125197059526,0.0238170416466723,4258.62605115504,1.47592011892973,0.00660075693267368,0.120415167733564,3.19494761350227,313.500499045862,0.178875478830143,3.1415890158525,313.655239334792,TRUE,0.0634511470948623,0.0249241689029906,3.13126997226161,2026-06-11 16:22:26,2026-06-11 16:23:25,NA
"31","2026-06-11 17:21:55","Collar_31_2026-06-11 17:21:55",2026-06-11 17:22:54.5,NA,NA,NA,NA,NA,420.878706502842,-0.51571853086629,0.0582163047327002,4480.9544573409,3.6076107469351,2.27041335760379e-12,0.57501648402484,7.8094520147362,381.244180092375,0.794631017597959,5.5248682629445,420.907125685529,TRUE,-0.517344777588079,0.0668659161165519,7.58369581960671,2026-06-11 17:22:25,2026-06-11 17:23:24,NA
"31","2026-06-11 18:21:55","Collar_31_2026-06-11 18:21:55",2026-06-11 18:22:54.5,NA,NA,NA,NA,NA,344.914931917455,0.0932013860682767,0.030911677052918,4416.73615588888,1.9155681360046,0.00380756858851534,0.135499276081689,4.14666062623156,345.935695810284,0.177376842175314,4.11657717083395,344.95227442449,TRUE,0.0894134257399362,0.0332493315851397,4.25493068720714,2026-06-11 18:22:25,2026-06-11 18:23:24,NA
"31","2026-06-11 19:21:56","Collar_31_2026-06-11 19:21:56",2026-06-11 19:22:55.5,332.662253522304,0.326547710701161,9.7159940752575e-25,0.839833236423962,3.74416148234097,325.687983899272,0.491813627156894,0.0263352789132846,4534.35077109045,1.63197296130912,3.30523158732642e-26,0.857409381378958,3.53275766835933,323.632021200072,0.871098956402511,3.41835034419818,325.856716451709,TRUE,0.484153743122282,0.0258866791855882,2.97282190190797,2026-06-11 19:22:26,2026-06-11 19:23:25,NA
"31","2026-06-11 20:21:56","Collar_31_2026-06-11 20:21:56",2026-06-11 20:22:55.5,NA,NA,NA,NA,NA,339.087188296896,0.342565554689174,0.029446335776311,5043.65562817449,1.82476228768277,8.48907625102028e-17,0.700009711979049,3.95009177086676,326.610370271602,0.772047683912674,3.50425398517946,339.096852532174,TRUE,0.345379728620458,0.0294764696900597,4.45124737264732,2026-06-11 20:22:26,2026-06-11 20:23:25,NA
"31","2026-06-11 21:21:57","Collar_31_2026-06-11 21:21:57",2026-06-11 21:22:56.5,NA,NA,NA,NA,NA,311.072015812751,-0.00800403695897345,0.0233152979568334,3983.47017657618,1.44482752492224,0.732617432758325,0.00202780727938638,3.12764098372759,312.377961291284,0.0458465531899616,3.11233810703124,311.482316367231,TRUE,-0.0158034370812336,0.0225653466983653,2.36354849714182,2026-06-11 21:22:27,2026-06-11 21:23:26,NA
"31","2026-06-11 22:21:54","Collar_31_2026-06-11 22:21:54",2026-06-11 22:22:53.5,NA,NA,NA,NA,NA,283.757716633979,0.0242705538967436,0.018568944782501,4104.97562758135,1.15070039337222,0.196353849294799,0.0286120928105896,2.49093933235809,284.581959703156,0.078689973721973,2.46882147232917,283.793846330737,TRUE,0.0276309054590755,0.0193943487601318,2.4416549382753,2026-06-11 22:22:24,2026-06-11 22:23:23,NA
"31","2026-06-11 23:21:56","Collar_31_2026-06-11 23:21:56",2026-06-11 23:22:55.5,NA,NA,NA,NA,NA,293.305582787135,0.0969642170010819,0.0201067604890146,4333.85593407396,1.24599741531645,1.06429738143332e-05,0.28620832650251,2.69723030226192,295.586009268855,0.306374917688761,2.70591823501831,293.331434094166,TRUE,0.0980669168419205,0.02049316479229,2.70600929845047,2026-06-11 23:22:26,2026-06-11 23:23:25,NA
"32","2026-06-11 00:40:11","Collar_32_2026-06-11 00:40:11",2026-06-11 00:41:10.5,575.394682352768,4.86840010759008,9.80520780930213e-21,0.780157970480256,28.3030034758423,576.416961955242,3.01962117764496,0.212792517413576,5999.96562971664,13.186556175514,1.61083994298354e-20,0.77638021211454,28.5451466125574,578.415746782297,0.783715721195238,28.5699593205942,576.508923034914,TRUE,3.00167709433923,0.182058195521808,22.5130134752942,2026-06-11 00:40:41,2026-06-11 00:41:40,NA
"32","2026-06-11 01:40:11","Collar_32_2026-06-11 01:40:11",2026-06-11 01:41:10.5,1282.47291129871,14.4802140920707,1.62478411940733e-09,0.266236311718358,49.8043413714636,1294.71019996015,1.44143196955185,0.276261515647898,5437.22728656587,17.1196714973927,7.85152830951948e-07,0.187460578562402,52.4096565220606,1213.96021459923,0.599018795871037,37.1332627047436,1295.32354539233,TRUE,1.62094608853753,0.290078076880217,51.9166835270944,2026-06-11 01:40:41,2026-06-11 01:41:40,NA
"32","2026-06-11 02:40:11","Collar_32_2026-06-11 02:40:11",2026-06-11 02:41:10.5,1120.48709642246,7.86416064173581,3.29964070670465e-51,0.854437945726399,25.3596990160706,1124.49049719312,3.5079366139658,0.135924444476355,4726.0568469794,8.42311254408157,2.36886034837253e-50,0.849499838296188,25.7862678819046,1120.98672966928,0.858622620898285,25.2070474530574,1125.17684825662,TRUE,3.5600456815413,0.12059270924115,15.2273622378401,2026-06-11 02:40:41,2026-06-11 02:41:40,NA
"32","2026-06-11 03:40:13","Collar_32_2026-06-11 03:40:13",2026-06-11 03:41:12.5,1193.36077461882,7.20282991612655,4.83131655180389e-40,0.775123364399252,34.3568558516454,1190.03241689267,3.66685100689511,0.178607472722491,5705.05103516781,11.0681404640004,9.36887280212252e-41,0.78127490851939,33.8836782086927,1183.52997083291,0.799604028361225,32.7112957631865,1190.60751188017,TRUE,3.6077802935781,0.15394749038969,21.0212291224264,2026-06-11 03:40:43,2026-06-11 03:41:42,NA
"32","2026-06-11 04:40:12","Collar_32_2026-06-11 04:40:12",2026-06-11 04:41:11.5,NA,NA,NA,NA,NA,1208.26228729169,3.49564118296001,0.192702645023656,5208.55212943356,11.9416053001329,6.30448711396328e-36,0.736054779816717,36.5576776515425,1128.43210376407,0.868743067440286,26.0012862594937,1209.1371104767,TRUE,3.65570539772464,0.197010441300431,39.2194447572719,2026-06-11 04:40:42,2026-06-11 04:41:41,NA
"32","2026-06-11 05:40:11","Collar_32_2026-06-11 05:40:11",2026-06-11 05:41:10.5,NA,NA,NA,NA,NA,1116.28987039008,1.71189687586422,0.13135845679008,5058.19389986753,8.14016249558548,1.34371033378808e-24,0.590049550028511,24.9200529631873,1107.71413997709,0.630836902428994,23.8508810798741,1116.44607268731,TRUE,1.68121372812705,0.133928418986017,28.4368302631886,2026-06-11 05:40:41,2026-06-11 05:41:40,NA
"32","2026-06-11 06:03:56","Collar_32_2026-06-11 06:03:56",2026-06-11 06:04:55.5,573.113012587167,2.23296452249196,2.01277844474223e-24,0.835772935258649,27.7699364865888,564.497278292817,3.60303510570436,0.192671544495064,5224.98740984605,11.939678029041,3.08930441873591e-26,0.857740274496256,25.8460097776379,567.694536194261,0.859630896787087,26.1281263186349,564.839729479738,TRUE,3.66303547752692,0.161789450634936,17.3853567619657,2026-06-11 06:04:26,2026-06-11 06:05:25,NA
"32","2026-06-11 06:24:56","Collar_32_2026-06-11 06:24:56",2026-06-11 06:25:55.5,326.898181475542,0.591602211418139,3.21802209170293e-19,0.75218400095643,3.56856571631816,320.219961187387,0.359035211458609,0.0251621929427383,5609.88044230784,1.55927790493526,1.25509806064648e-20,0.778287197927524,3.37539353062842,320.895179793117,0.790238779879419,3.34127031155542,320.240675466313,TRUE,0.361805985201594,0.0263456392516266,3.32426013657922,2026-06-11 06:25:26,2026-06-11 06:26:25,NA
"32","2026-06-11 07:24:58","Collar_32_2026-06-11 07:24:58",2026-06-11 07:25:57.5,NA,NA,NA,NA,NA,323.041933607005,0.0335190685847783,0.0257609305585356,5079.10848565653,1.59638112313611,0.198349319270197,0.028362027634111,3.45571145361332,325.449406846488,0.0538121086375739,3.47051486694367,323.056137821038,TRUE,0.0315731774919296,0.0243156191387809,2.43465067411609,2026-06-11 07:25:28,2026-06-11 07:26:27,NA
"32","2026-06-11 08:24:55","Collar_32_2026-06-11 08:24:55",2026-06-11 08:25:54.5,NA,NA,NA,NA,NA,302.615522568107,-0.00751245250537928,0.0217288078921165,4730.59469545037,1.34651419786279,0.730791309065057,0.00205669339919918,2.91482057045764,304.663906457691,0.0339944954280161,2.91856032803573,302.766637172306,TRUE,-0.00677823852982291,0.0218477950919407,2.97152315929975,2026-06-11 08:25:25,2026-06-11 08:26:24,NA
"32","2026-06-11 09:24:53","Collar_32_2026-06-11 09:24:53",2026-06-11 09:25:52.5,NA,NA,NA,NA,NA,292.343543613785,0.0517014711289026,0.019946209158056,4628.70962498799,1.2360481973154,0.0120523711023876,0.103813850203901,2.67569307277304,291.915180100596,0.167575864384511,2.6243967760714,292.466556608451,TRUE,0.0580363088220086,0.0214978478985337,2.23719592600699,2026-06-11 09:25:23,2026-06-11 09:26:22,NA
"32","2026-06-11 10:24:57","Collar_32_2026-06-11 10:24:57",2026-06-11 10:25:56.5,314.652804215995,-0.0548140330306743,0.0110899954250007,0.106112321027048,3.22237589940935,313.904895892953,0.0662384123089454,0.0238722582911536,4488.47446938035,1.47934184349564,0.00742264518830435,0.117185596605322,3.20235467476236,315.180618050169,0.156373079862093,3.18588373904161,313.974534232581,TRUE,0.0709083842788696,0.0249404155986273,3.7220394531205,2026-06-11 10:25:27,2026-06-11 10:26:26,NA
"32","2026-06-11 11:24:56","Collar_32_2026-06-11 11:24:56",2026-06-11 11:25:55.5,NA,NA,NA,NA,NA,307.265091077712,0.049963602409069,0.0225872443355219,4052.43418087896,1.39971071304886,0.0309174457140602,0.07779975470229,3.02997590783703,310.674883490139,0.0868267764737233,3.06847879298329,307.542609610248,TRUE,0.0415051259091025,0.0237567147479218,2.77866545457955,2026-06-11 11:25:26,2026-06-11 11:26:25,NA
"32","2026-06-11 12:24:53","Collar_32_2026-06-11 12:24:53",2026-06-11 12:25:52.5,NA,NA,NA,NA,NA,319.507343056048,0.149020924309372,0.0250132104547,4180.83400195799,1.55004559746711,1.60032308725003e-07,0.379639707323254,3.35540820870335,320.500069415016,0.409966568339435,3.33028698179181,319.529209572068,TRUE,0.149772830379677,0.0240064984129801,3.41992790523613,2026-06-11 12:25:23,2026-06-11 12:26:22,NA
"32","2026-06-11 13:24:53","Collar_32_2026-06-11 13:24:53",2026-06-11 13:25:52.5,NA,NA,NA,NA,NA,331.870726869814,0.125103857924284,0.027727710769833,4181.96214584375,1.71826068006976,3.18806877970403e-05,0.259797925570455,3.71954605723825,332.485362413437,0.300405779798589,3.68008526831723,332.011601252733,TRUE,0.128329424792662,0.0257276189189285,4.04708497769109,2026-06-11 13:25:23,2026-06-11 13:26:22,NA
"32","2026-06-11 14:24:55","Collar_32_2026-06-11 14:24:55",2026-06-11 14:25:54.5,NA,NA,NA,NA,NA,332.31172777451,-0.0289694831250397,0.0278297977863365,4331.19523306556,1.72458691838996,0.302217679023984,0.0183397994345644,3.7332405653382,333.124944663097,0.0691183305844751,3.69975194211568,332.365434556931,TRUE,-0.0261579924633448,0.0263112445888321,3.23775288594913,2026-06-11 14:25:25,2026-06-11 14:26:24,NA
"32","2026-06-11 15:24:55","Collar_32_2026-06-11 15:24:55",2026-06-11 15:25:54.5,NA,NA,NA,NA,NA,366.632812645373,-0.379699994973523,0.0370443687660449,4355.42355380038,2.29560538903019,1.23380267272204e-14,0.644302388054156,4.96933327566773,337.207685485583,0.796229265248676,3.82779383455535,367.277534613973,TRUE,-0.402245236010341,0.0364979405105576,5.38343677487879,2026-06-11 15:25:25,2026-06-11 15:26:24,NA
"32","2026-06-11 16:24:54","Collar_32_2026-06-11 16:24:54",2026-06-11 16:25:53.5,NA,NA,NA,NA,NA,415.592372096345,0.655503309480951,0.0557073825157524,4259.50849529379,3.45213514959783,5.31874632290775e-17,0.704774481976154,7.47289153134719,380.150316910637,0.847010093943057,5.47473502238856,416.192351892117,TRUE,0.622910484378852,0.0522253035102721,7.11113939299201,2026-06-11 16:25:24,2026-06-11 16:26:23,NA
"32","2026-06-11 17:24:53","Collar_32_2026-06-11 17:24:53",2026-06-11 17:25:52.5,NA,NA,NA,NA,NA,371.366860499119,-0.277887950319628,0.0385349934344628,4453.35158410101,2.38797802583911,1.29412583876355e-09,0.472741913010593,5.16929378283907,358.282030540638,0.603394140098234,4.56267081469073,371.604899002352,TRUE,-0.278796208859333,0.0343805537144462,4.37263983084943,2026-06-11 17:25:23,2026-06-11 17:26:22,NA
"32","2026-06-11 18:24:53","Collar_32_2026-06-11 18:24:53",2026-06-11 18:25:52.5,453.085813351852,1.15457926246804,2.41865855746304e-15,0.663574901136567,10.2136734194466,466.581543455962,0.760517189829261,0.0852017897575307,4429.43918801313,5.27987638168865,1.75645093563307e-12,0.578717188025492,11.4294318702666,429.711988266666,0.786818243785046,8.27432878816865,466.690029558031,TRUE,0.787129044068212,0.0916894851833355,12.3907474361311,2026-06-11 18:25:23,2026-06-11 18:26:22,NA
"32","2026-06-11 19:24:56","Collar_32_2026-06-11 19:24:56",2026-06-11 19:25:55.5,374.875740382248,1.81570285752741,6.74810013984146e-39,0.94785322905332,5.32267898821551,392.818531292358,1.27591139693524,0.0460777723503813,4561.9755877665,2.85539708315929,3.97732374017278e-35,0.92967630650299,6.18112320540533,377.014544157089,0.94944598726215,5.33352535604093,393.380720003386,TRUE,1.30122050416737,0.0472131818284265,6.05407708445168,2026-06-11 19:25:26,2026-06-11 19:26:25,NA
"32","2026-06-11 20:24:55","Collar_32_2026-06-11 20:24:55",2026-06-11 20:25:54.5,NA,NA,NA,NA,NA,454.322337698352,2.35085301605002,0.0769274209424797,5045.56304787091,4.76712137261788,1.87566027587494e-37,0.941524871726002,10.3194629962533,455.109102629108,0.944574067034202,10.2246392941209,454.329929596266,TRUE,2.34740255339928,0.0674324700276285,9.12794641682103,2026-06-11 20:25:25,2026-06-11 20:26:24,NA
"32","2026-06-11 21:24:55","Collar_32_2026-06-11 21:24:55",2026-06-11 21:25:54.5,NA,NA,NA,NA,NA,489.329519397536,1.25040653274272,0.102985572575717,3955.48616106537,6.38192101180771,1.44712688221588e-17,0.717648507661261,13.8150453027369,492.301674915958,0.722444203854363,13.9396671377688,490.563913683788,TRUE,1.16487895779452,0.0790364331855321,7.70083834996542,2026-06-11 21:25:25,2026-06-11 21:26:24,NA
"32","2026-06-11 22:24:52","Collar_32_2026-06-11 22:24:52",2026-06-11 22:25:51.5,NA,NA,NA,NA,NA,523.91874259982,2.42813088068605,0.137391213995501,4041.10561583824,8.51400689927715,5.05863313488202e-25,0.843386749181296,18.4304053283812,523.617841293776,0.854220135387369,18.0962833966751,524.130309922196,TRUE,2.38857813479698,0.099249954512106,10.4385232844219,2026-06-11 22:25:22,2026-06-11 22:26:21,NA
"32","2026-06-11 23:24:55","Collar_32_2026-06-11 23:24:55",2026-06-11 23:25:54.5,NA,NA,NA,NA,NA,502.44338579969,2.49502614793152,0.1148780494755,4274.95909445405,7.11888684411752,1.53083610940189e-29,0.890506353553677,15.4103668902483,494.041120503402,0.910953197468832,14.1431994841147,502.572685958184,TRUE,2.46020400145147,0.122203489880747,16.8412509709545,2026-06-11 23:25:25,2026-06-11 23:26:24,NA
"38","2026-06-11 00:23:33","Collar_38_2026-06-11 00:23:33",2026-06-11 00:24:32.5,387.766183183322,5.87331886513618,1.64180876746941e-75,0.99714867181033,5.92628240043811,465.328261722648,6.26800974218223,0.0843165716961623,6008.36011874596,5.22502023432175,3.14697104591037e-59,0.989613714580995,11.3106839008691,320.567565027805,0.999129649015944,3.33216067335557,465.330946432273,TRUE,6.26430633620635,0.0867426308358201,15.4956138339768,2026-06-11 00:24:03,2026-06-11 00:25:02,NA
"38","2026-06-11 00:44:44","Collar_38_2026-06-11 00:44:44",2026-06-11 00:45:43.5,412.582940328778,5.14839064201303,8.33841011358909e-69,0.995144144315387,7.28781235158937,442.67478085015,5.91363092077994,0.0698115464804322,5850.54809233199,4.32615719083078,1.73100914783811e-62,0.991981783547421,9.36490086096495,340.217981953837,0.998640066191854,3.92503166540437,443.182207935577,TRUE,5.879851027432,0.0723924211594147,8.82732844112957,2026-06-11 00:45:14,2026-06-11 00:46:13,NA
"38","2026-06-11 01:44:41","Collar_38_2026-06-11 01:44:41",2026-06-11 01:45:40.5,859.780136882373,4.52455835723075,5.5204360518908e-125,0.991812751890881,8.5581347465036,795.108661275141,5.4028212271982,0.0344557144284908,5936.93568068851,2.1351888656672,8.55188271789523e-139,0.995223782707567,6.53660410927798,653.344969754373,0.998582419645549,3.59166643663727,795.207614038206,TRUE,5.40824198129452,0.0350324695262091,7.64401661351856,2026-06-11 01:45:11,2026-06-11 01:46:10,NA
"38","2026-06-11 02:44:42","Collar_38_2026-06-11 02:44:42",2026-06-11 02:45:41.5,838.736051225965,3.38524224913862,2.59925991514733e-115,0.988058159019663,7.83968435514411,754.513521018401,4.09565973222526,0.0290938974329065,5308.60993115956,1.80292200838067,2.68951354047367e-133,0.994080844044536,5.51941216919293,699.35902484601,0.99638446539864,4.35072071429854,754.873841619554,TRUE,4.08140091069145,0.0286842131603556,5.16958528717639,2026-06-11 02:45:12,2026-06-11 02:46:11,NA
"38","2026-06-11 03:44:39","Collar_38_2026-06-11 03:44:39",2026-06-11 03:45:38.5,875.466482758303,4.8418874244423,2.07323553651147e-122,0.990947399462886,9.13617709880808,813.156702223341,5.48346649742379,0.0371467034242872,5624.62838281587,2.3019469734807,1.02558063071408e-135,0.994613995135969,7.04711245367613,706.425047402379,0.997859498585773,4.48071787469179,813.860693756435,TRUE,5.46143630577711,0.038782870424832,6.92801307046191,2026-06-11 03:45:09,2026-06-11 03:46:08,NA
"38","2026-06-11 04:44:40","Collar_38_2026-06-11 04:44:40",2026-06-11 04:45:39.5,879.28163456173,7.46832414409323,1.15554595385262e-143,0.99605036462021,9.28257051222602,978.947363169819,8.41904663561213,0.0741188177600636,4783.36573870671,4.5930748220633,2.21473481199323e-122,0.990937264517318,14.0611035580399,740.950074876694,0.998793737260294,5.17395587039484,979.782717316146,TRUE,8.36210439121143,0.0746100533313995,14.7333977165978,2026-06-11 04:45:10,2026-06-11 04:46:09,NA
"38","2026-06-11 05:44:42","Collar_38_2026-06-11 05:44:42",2026-06-11 05:45:41.5,913.56946120835,7.26027300362882,4.07373714151307e-132,0.993801820088008,10.7081426528927,915.524950541734,7.76353976589408,0.0569064902242735,4731.47514036797,3.52644274909003,1.06553284799525e-131,0.993699988676253,10.7957476434444,726.087727913168,0.998743192751236,4.86327028097289,915.654165470742,TRUE,7.74582698840285,0.0647616408532741,11.4898719510149,2026-06-11 05:45:12,2026-06-11 05:46:11,NA
"38","2026-06-11 06:44:41","Collar_38_2026-06-11 06:44:41",2026-06-11 06:45:40.5,443.665903628299,4.53293619022502,2.9133911715542e-58,0.988785446442261,9.44256921942396,414.973106981356,5.04454987655819,0.055420642696639,5565.76229409845,3.43436614729242,2.7581623557043e-64,0.993048210682971,7.43442669115574,384.451069710866,0.996089630799238,5.67450584305623,415.0150010603,TRUE,5.03777836760196,0.0595535920723385,8.28106867300909,2026-06-11 06:45:11,2026-06-11 06:46:10,NA
"38","2026-06-11 07:44:47","Collar_38_2026-06-11 07:44:47",2026-06-11 07:45:46.5,414.562654130735,4.99638215362135,3.45697879785806e-65,0.99352858420373,7.40904111725933,460.642562750612,5.19218498801629,0.0810876715603568,5683.77430451369,5.02492826894887,1.63256125283684e-55,0.986051201349109,10.8775416602765,397.743340740095,0.995425916490649,6.33919892984277,460.708689024181,TRUE,5.17489536423338,0.0864608587275354,11.5623615600443,2026-06-11 07:45:17,2026-06-11 07:46:16,NA
"38","2026-06-11 08:44:44","Collar_38_2026-06-11 08:44:44",2026-06-11 08:45:43.5,396.089719131012,4.00304855030592,2.32085890656111e-65,0.993616883422907,6.35193761168292,411.964848617389,4.49484220252412,0.0540485824178063,4891.14147048184,3.34934083642656,4.99332728007537e-62,0.991683496108027,7.2503710566034,341.228023217932,0.997606807605484,3.9582081257186,412.086956582258,TRUE,4.48899702205254,0.0577228105398889,7.59122115582486,2026-06-11 08:45:14,2026-06-11 08:46:13,NA
"38","2026-06-11 09:44:42","Collar_38_2026-06-11 09:44:42",2026-06-11 09:45:41.5,361.513545858225,4.48306823802378,4.49290900515259e-72,0.996254023716227,4.76179703226803,446.047750489527,4.38301096130161,0.0718016530501299,4991.47677150439,4.44948226069483,2.50883149675937e-54,0.984673464333222,9.63186458928168,345.662201922498,0.997309232306923,4.10720569843541,447.169524593906,TRUE,4.32111185781844,0.0691023611126351,10.0712750887086,2026-06-11 09:45:12,2026-06-11 09:46:11,NA
"38","2026-06-11 10:44:38","Collar_38_2026-06-11 10:44:38",2026-06-11 10:45:37.5,422.229445655057,2.96136053005415,1.37128149717178e-56,0.987192906031688,7.89785304771072,344.470524518485,3.95511864854614,0.0307974106204092,4931.43295470266,1.90848715050019,6.49921633742519e-73,0.996495607384023,4.13133230497052,319.700931653127,0.997830440828126,3.30818268103017,344.70708453234,TRUE,3.9417433649723,0.0306377376629838,4.65789222652875,2026-06-11 10:45:08,2026-06-11 10:46:07,NA
"38","2026-06-11 11:44:36","Collar_38_2026-06-11 11:44:36",2026-06-11 11:45:35.5,405.202223993999,3.14990606167771,8.62203024601252e-59,0.989246465077013,6.85307490355866,359.199280162016,3.74248844260053,0.0348192448216587,4401.34151975238,2.15771650906971,1.89652971338668e-68,0.995004593450733,4.67084303740355,324.492979502948,0.997379372510128,3.44296401179556,359.244623986744,TRUE,3.73661158407991,0.0357080703942153,5.74512057070768,2026-06-11 11:45:06,2026-06-11 11:46:05,NA
"38","2026-06-11 12:44:37","Collar_38_2026-06-11 12:44:37",2026-06-11 12:45:36.5,413.706642062678,3.51602036871975,2.3329224293026e-61,0.991229506268149,7.35637727253144,392.006776605517,4.44589773622301,0.0457671255087351,4785.32809605932,2.83614658470238,6.49143151016623e-66,0.99389121023968,6.13945134707451,342.505535660689,0.997495619673586,4.00057206193489,392.286744995313,TRUE,4.4334707486707,0.0476148143832793,6.29525685831958,2026-06-11 12:45:07,2026-06-11 12:46:06,NA
"38","2026-06-11 13:44:38","Collar_38_2026-06-11 13:44:38",2026-06-11 13:45:37.5,385.364397038732,3.77290721260255,3.66064463510676e-67,0.994467799694785,5.80884768389161,420.470396752548,4.41175909832253,0.0580185556450863,4958.71379195366,3.59535641823891,8.58130257774136e-60,0.990068757294133,7.78292487568523,343.273092026536,0.997433874420617,4.02624294506328,420.53628804567,TRUE,4.40324574718415,0.0601402744983366,9.18595604409484,2026-06-11 13:45:08,2026-06-11 13:46:07,NA
"38","2026-06-11 14:44:43","Collar_38_2026-06-11 14:44:43",2026-06-11 14:45:42.5,356.974443416053,4.60920704792634,7.94631627995252e-74,0.996740565267838,4.58504202351422,457.157638061187,4.51979311647033,0.0787666666412416,5176.33321573679,4.88109773335691,8.56049789262483e-53,0.982690184750966,10.5661894261383,346.843182057616,0.997424528143268,4.14782632404841,458.398152482584,TRUE,4.44632637162793,0.0755488181940935,11.0472189896924,2026-06-11 14:45:13,2026-06-11 14:46:12,NA
"38","2026-06-11 15:44:38","Collar_38_2026-06-11 15:44:38",2026-06-11 15:45:37.5,379.115681035578,4.30563751946258,1.9243312113589e-67,0.994589112406706,5.51410626680282,430.854618975178,4.22841791118375,0.0632628373763344,5124.20683979614,3.92033972352553,1.40060884811519e-56,0.987183559292402,8.48642137413157,356.863474252729,0.996506596887453,4.50905165181937,431.627603843566,TRUE,4.17782043217312,0.0653895426968714,6.85656759711739,2026-06-11 15:45:08,2026-06-11 15:46:07,NA
"38","2026-06-11 16:44:38","Collar_38_2026-06-11 16:44:38",2026-06-11 16:45:37.5,458.188903002558,6.06369970073297,5.8909307212213e-65,0.993408553255671,10.6573852335237,453.04101624715,7.42986189900914,0.076110384443162,4485.78849452395,4.71649037380903,4.89194646200482e-66,0.993950505298469,10.2098612727327,367.90890797534,0.998630508353155,4.94378946677038,453.280705428748,TRUE,7.40108273668896,0.081347129635093,11.2655822968459,2026-06-11 16:45:08,2026-06-11 16:46:07,NA
"38","2026-06-11 17:44:41","Collar_38_2026-06-11 17:44:41",2026-06-11 17:45:40.5,433.295631568554,9.66391958438934,2.52399873007324e-78,0.997719430563555,8.66081797386822,525.633852613595,10.2413065335683,0.139368989479265,4816.06615800952,8.63656782311133,6.11611647735307e-59,0.989373025685745,18.695714897707,353.149261211361,0.99943898876187,4.37162624926253,525.747854018591,TRUE,10.2025307787603,0.145528082641777,22.8874452918419,2026-06-11 17:45:11,2026-06-11 17:46:10,NA
"38","2026-06-11 18:44:42","Collar_38_2026-06-11 18:44:42",2026-06-11 18:45:41.5,412.364256517034,8.66761443053334,9.9752765935061e-80,0.997959859526368,7.27454339083768,519.933179424367,9.08733343050814,0.132902982421446,5534.23992742344,8.23587532538835,3.80863042532766e-57,0.987746225072123,17.8283295135464,365.687420931388,0.999123304244034,4.85311003433856,520.781563474555,TRUE,8.98452640648857,0.132940389864354,18.6282457751967,2026-06-11 18:45:12,2026-06-11 18:46:11,NA
"38","2026-06-11 19:44:42","Collar_38_2026-06-11 19:44:42",2026-06-11 19:45:41.5,445.227775102675,7.08433113082068,4.6395167529014e-70,0.995604516165371,9.56627317599189,487.068390556994,8.15552705490751,0.101063210336753,4631.76765828401,6.26279399568004,2.81923246095377e-61,0.99117206431083,13.5571691677082,377.954070550802,0.998659982683382,5.37544748620325,487.15401325422,TRUE,8.13061334152276,0.104452794345377,16.4026643126283,2026-06-11 19:45:12,2026-06-11 19:46:11,NA
"38","2026-06-11 20:44:38","Collar_38_2026-06-11 20:44:38",2026-06-11 20:45:37.5,428.46300561011,7.54761858637742,3.69236698356015e-72,0.99627928426446,8.3189603524254,494.289133069574,7.69945740297283,0.107331161293101,5169.62503505148,6.65121313934099,2.434283825567e-58,0.988854696748319,14.3979862283077,385.035682653628,0.99831214132522,5.7022182054328,494.350209619697,TRUE,7.68060013254808,0.108379990973331,17.1984739633912,2026-06-11 20:45:08,2026-06-11 20:46:07,NA
"38","2026-06-11 21:44:42","Collar_38_2026-06-11 21:44:42",2026-06-11 21:45:41.5,414.114767485314,3.84670445324255,1.98202982957599e-62,0.99194425961564,7.38143923834123,419.210413547694,4.64850877830891,0.0574125559544951,3984.98047416225,3.55780317595646,2.32746559055931e-61,0.99123021436674,7.70163277845669,363.344984831476,0.996766532089985,4.75929449918287,419.25369085044,TRUE,4.65433531973219,0.0598250256818206,8.61854727511378,2026-06-11 21:45:12,2026-06-11 21:46:11,NA
"38","2026-06-11 22:44:44","Collar_38_2026-06-11 22:44:44",2026-06-11 22:45:43.5,367.341053695558,7.18362289604957,7.04967863320806e-83,0.998411392531168,4.99874904482523,500.082202922982,7.0683171204584,0.112639742051751,4192.34948193843,6.980180996092,5.18162485253374e-55,0.985484597691297,15.1101081482987,328.951561758471,0.999216225326006,3.57329301522932,500.224152515483,TRUE,7.03260786832586,0.112584691842645,18.5272628521354,2026-06-11 22:45:14,2026-06-11 22:46:13,NA
"38","2026-06-11 23:44:42","Collar_38_2026-06-11 23:44:42",2026-06-11 23:45:41.5,380.553305857954,4.91732128036104,6.78438039204789e-74,0.996758283875282,5.58056369248402,457.523172330759,5.53190521883714,0.079006965077217,4408.93308467361,4.89598880595378,9.77157682926126e-58,0.988307659543487,10.5984243663939,334.096751670386,0.998601835523876,3.72983563297669,460.777522904296,TRUE,5.41500016680045,0.0685311159120449,9.32482409910923,2026-06-11 23:45:12,2026-06-11 23:46:11,NA
"40","2026-06-11 00:20:33","Collar_40_2026-06-11 00:20:33",2026-06-11 00:21:32.5,456.807744699143,4.04535050571486,1.17704272610323e-55,0.98620763514191,10.5354256352738,354.418217829849,5.08658744768347,0.0334592426207981,6003.03085283556,2.07343842618198,3.76634879503752e-77,0.997496666976321,4.488404939068,324.854097054514,0.998569218153752,3.45334057324225,355.993519735986,TRUE,5.04906786066544,0.0280669761557962,3.24006191976034,2026-06-11 00:21:03,2026-06-11 00:22:02,NA
"40","2026-06-11 00:41:44","Collar_40_2026-06-11 00:41:44",2026-06-11 00:42:43.5,466.839688461542,4.21185576433226,2.06446523919795e-55,0.985937870914394,11.4540454248331,378.889039811715,5.47476234927664,0.0410278693675154,5644.17085380397,2.54245924975309,7.09390621138648e-74,0.996753293300609,5.50370173035913,360.390252184926,0.997768528204975,4.64353844143235,378.90945796469,TRUE,5.47945203479031,0.0431919722863736,5.08070072379188,2026-06-11 00:42:14,2026-06-11 00:43:13,NA
"40","2026-06-11 01:41:42","Collar_40_2026-06-11 01:41:42",2026-06-11 01:42:41.5,919.782549639763,3.70730018686612,5.5925693086121e-110,0.985295612334286,10.9889730072515,725.081528043464,5.18146402971852,0.0257361118997749,6305.48728700092,1.5948431337278,1.48226611435565e-151,0.997097311383568,4.88240565001325,689.110909163169,0.997919623418888,4.16885338682911,725.134253159956,TRUE,5.18156010616323,0.0281463398597423,5.16049017853476,2026-06-11 01:42:12,2026-06-11 01:43:11,NA
"40","2026-06-11 02:41:43","Collar_40_2026-06-11 02:41:43",2026-06-11 02:42:42.5,NA,NA,NA,NA,NA,677.796497584108,4.25627134426998,0.0211338110554326,4869.406247715,1.30964279229577,1.42634963256369e-151,0.997099202565823,4.00930175098669,677.747867569821,0.997195438796513,3.97607449256775,678.178112543836,TRUE,4.25548957394083,0.0235392517360609,3.92211420350744,2026-06-11 02:42:13,2026-06-11 02:43:12,NA
"40","2026-06-11 03:41:40","Collar_40_2026-06-11 03:41:40",2026-06-11 03:42:39.5,940.787718525164,4.02476204468905,8.72077150315285e-115,0.98781064754622,11.9940878970963,767.107302700812,6.21160112434493,0.0306613386103437,5678.28446157209,1.90005489345256,7.12683515745596e-152,0.997133115149183,5.81677191376452,688.563422886714,0.998558966798531,4.1593542672025,767.258113634481,TRUE,6.2126130138247,0.0324978155750889,5.49992636030926,2026-06-11 03:42:10,2026-06-11 03:43:09,NA
"40","2026-06-11 04:41:41","Collar_40_2026-06-11 04:41:41",2026-06-11 04:42:40.5,934.649057979252,4.21955522520079,5.77533371201505e-110,0.98528759669919,11.6911962449304,772.704918782396,5.50854675239314,0.0313848700942891,5098.60230348036,1.94489147264136,1.51217238774508e-144,0.996184176855732,5.95403329259806,743.117740249208,0.997115754754965,5.22089839637698,775.087316845694,TRUE,5.46135850493731,0.0277612252492695,4.31478223185497,2026-06-11 04:42:11,2026-06-11 04:43:10,NA
"40","2026-06-11 05:41:42","Collar_40_2026-06-11 05:41:42",2026-06-11 05:42:41.5,961.226073936682,3.15404701031764,1.95993923897729e-97,0.976009817401402,13.0602552407096,742.108639740742,4.81886008692424,0.0276283228468215,4780.91696038242,1.71210170208553,3.16338015579741e-144,0.996136142371792,5.24137756678355,732.69358691187,0.996544822042731,4.99898814739101,742.227386381467,TRUE,4.82578266748644,0.028003073495717,6.18706621287048,2026-06-11 05:42:12,2026-06-11 05:43:11,NA
"40","2026-06-11 06:41:42","Collar_40_2026-06-11 06:41:42",2026-06-11 06:42:41.5,392.432646295572,5.64704269082586,2.53103868670404e-73,0.996607727466329,6.16127844075804,472.153062419571,5.96711023089473,0.089250923224216,5480.61231476302,5.53079745057579,1.37823712839857e-56,0.987190671906951,11.9726046747676,365.554948716297,0.99797236159667,4.8477554717911,472.835781248876,TRUE,5.9053058210526,0.0884792815683359,13.122141979551,2026-06-11 06:42:12,2026-06-11 06:43:11,NA
"40","2026-06-11 07:41:46","Collar_40_2026-06-11 07:41:46",2026-06-11 07:42:45.5,447.931982980736,5.08949434975731,3.43792238188228e-61,0.991111470228033,9.78429713566651,455.495126783001,5.86208634917369,0.0776829371803994,5233.34315445897,4.81394001753046,1.33082512796574e-59,0.989917370894708,10.4208120570273,408.462554157841,0.99569287264265,6.93152042848578,455.615985130982,TRUE,5.85490295313188,0.0811265758767487,9.49520106558853,2026-06-11 07:42:16,2026-06-11 07:43:15,NA
"40","2026-06-11 08:41:43","Collar_40_2026-06-11 08:41:43",2026-06-11 08:42:42.5,402.625512396948,5.12443521942694,1.61982571952406e-68,0.995031683378072,6.70749022465373,444.518684007452,5.37543853293706,0.0708925448705349,5007.13064489881,4.3931456647207,1.00991127192173e-59,0.990012836666741,9.50991186938047,355.66045408913,0.997875230265205,4.46407348490099,445.166236877674,TRUE,5.32988602713426,0.070907302650768,8.78584541997511,2026-06-11 08:42:13,2026-06-11 08:43:12,NA
"40","2026-06-11 09:41:42","Collar_40_2026-06-11 09:41:42",2026-06-11 09:42:41.5,418.898427789695,4.60544455340946,3.58079905934632e-64,0.992985364422741,7.68163545388764,411.02557683193,5.19097792171141,0.0536271812078065,4925.90183882739,3.3232269918439,7.96554426210862e-66,0.993847954793092,7.1938420044151,330.208819486175,0.998503435784161,3.61092774206699,411.526303076895,TRUE,5.15781579891704,0.0546117048867619,7.51489132936652,2026-06-11 09:42:12,2026-06-11 09:43:11,NA
"40","2026-06-11 10:41:39","Collar_40_2026-06-11 10:41:39",2026-06-11 10:42:38.5,388.849615369439,5.41834036733544,3.11101970468417e-72,0.996301198197313,5.98003071385296,466.841245262603,5.54426611794829,0.0853863815866905,4993.11506959249,5.29131536720535,7.34746170288678e-56,0.986429892057484,11.4541940230476,349.398976727217,0.99820710502232,4.23711540454794,468.98016324745,TRUE,5.43801024868844,0.0758739565083764,11.2411942382977,2026-06-11 10:42:09,2026-06-11 10:43:08,NA
"40","2026-06-11 11:41:37","Collar_40_2026-06-11 11:41:37",2026-06-11 11:42:36.5,423.853023904691,3.90691475505467,5.81694734520154e-60,0.990200997477141,8.00543571378986,363.97063958302,4.58296321581407,0.0362315966783693,4209.59778353125,2.24523865188035,1.56148038129869e-72,0.996388075046231,4.86030360353786,305.807337656989,0.998718301916696,2.94650301835062,364.089941224051,TRUE,4.57065476218569,0.0414745483194066,4.76190082205772,2026-06-11 11:42:07,2026-06-11 11:43:06,NA
"40","2026-06-11 12:41:38","Collar_40_2026-06-11 12:41:38",2026-06-11 12:42:37.5,471.050773324598,3.73172227401234,9.32065915061436e-55,0.985187807941311,11.8631309800173,375.198108427106,5.52555326523865,0.0397851534943454,4300.94818211831,2.46544929249078,7.02438169970141e-75,0.997002117475067,5.33699705846297,353.796771836772,0.99803684945313,4.39527895968476,375.427595859335,TRUE,5.54099328209061,0.0422129687336095,5.51451079079283,2026-06-11 12:42:08,2026-06-11 12:43:07,NA
"40","2026-06-11 13:41:38","Collar_40_2026-06-11 13:41:38",2026-06-11 13:42:37.5,376.894074080482,7.93557648761255,6.02321007153237e-79,0.997829364921573,5.41296062321523,511.509533151953,6.52814793802008,0.12389350355517,4917.30881493055,7.67756622398634,1.098263872318e-50,0.979537155624857,16.6197489757227,374.126009606166,0.998060910150918,5.2066742693432,511.528644037324,TRUE,6.51135585375309,0.130470770850518,20.3611312308523,2026-06-11 13:42:08,2026-06-11 13:43:07,NA
"40","2026-06-11 14:41:42","Collar_40_2026-06-11 14:41:42",2026-06-11 14:42:41.5,392.958969223999,5.55996171736197,2.13820072266527e-71,0.996047004615018,6.18836130799805,460.147915853217,5.5539784195638,0.0807541114666465,4909.05113844548,5.00425785738044,2.72482969384115e-57,0.987886877198262,10.8327960935865,361.19543650577,0.997821983199511,4.67480074334011,460.501064181629,TRUE,5.51867143929745,0.0811002386141595,11.8741624078595,2026-06-11 14:42:12,2026-06-11 14:43:11,NA
"40","2026-06-11 15:41:39","Collar_40_2026-06-11 15:41:39",2026-06-11 15:42:38.5,415.442708999106,4.80184185224617,1.68991636005463e-68,0.995024421430408,7.46357720683305,460.380635531579,5.97539044664115,0.0809108723468293,4979.24894936736,5.01397218464053,4.59106611471664e-59,0.989477591758015,10.8538248513751,377.016488539453,0.997546690363682,5.33361177684643,460.970843262549,TRUE,5.92350392791844,0.08320997524625,11.8980471538317,2026-06-11 15:42:09,2026-06-11 15:43:08,NA
"40","2026-06-11 16:41:39","Collar_40_2026-06-11 16:41:39",2026-06-11 16:42:38.5,437.462100560989,7.22171751208534,1.4968661544415e-70,0.995772662886168,8.96680788711535,493.202514590074,7.78763721427021,0.106363648200058,4390.11657168665,6.59125724471167,7.5329804582711e-59,0.989296410297791,14.268198755392,393.562952802669,0.998097339553795,6.12216530870736,493.98743859248,TRUE,7.71014554562463,0.110485920602801,13.3291005954443,2026-06-11 16:42:09,2026-06-11 16:43:08,NA
"40","2026-06-11 17:41:41","Collar_40_2026-06-11 17:41:41",2026-06-11 17:42:40.5,368.42968760697,8.77699562070789,1.63093282813103e-85,0.998711360554536,5.04430376515793,525.130527007965,7.90729591978854,0.13878564720545,4542.24050721139,8.6004186400634,1.28468959297487e-52,0.982446249600874,18.6174621896995,356.863653571834,0.999005829872189,4.50905838981698,525.181192736819,TRUE,7.88211079264519,0.144265941095192,23.6204077213421,2026-06-11 17:42:11,2026-06-11 17:43:10,NA
"40","2026-06-11 18:41:42","Collar_40_2026-06-11 18:41:42",2026-06-11 18:42:41.5,374.266796058946,8.84136615331773,2.93494436450665e-85,0.998684987195705,5.2957372780807,525.535283186849,8.22274961739036,0.139254557138748,5433.82806511008,8.62947655644057,1.67264041750496e-53,0.983637569972703,18.6803643206427,361.290195793358,0.999009055683141,4.67849370780985,525.698227280808,TRUE,8.18173236897781,0.144597494341248,21.5651155359782,2026-06-11 18:42:12,2026-06-11 18:43:11,NA
"40","2026-06-11 19:41:41","Collar_40_2026-06-11 19:41:41",2026-06-11 19:42:40.5,419.097953153325,5.54541999197262,1.43094818310317e-67,0.994644099489416,7.69441842069481,457.176785982783,5.93871650478265,0.0787792361270236,4680.49287686878,4.88187665280566,1.41161939342808e-59,0.989896862025269,10.5678755653825,373.220533695986,0.997667574931974,5.16753447129261,457.654632902291,TRUE,5.8909329205798,0.0777504226998587,11.3160629435474,2026-06-11 19:42:11,2026-06-11 19:43:10,NA
"40","2026-06-11 20:41:39","Collar_40_2026-06-11 20:41:39",2026-06-11 20:42:38.5,422.755934977565,4.93584432779903,7.41223036712646e-65,0.99335613899801,7.93258030087384,448.865711239506,5.49669300716812,0.0735077251679296,5316.04273211103,4.55520597736632,2.24591109280991e-59,0.989733807569615,9.86072639009181,384.456329575782,0.99671718972297,5.67475457462576,448.961468272839,TRUE,5.47613160928124,0.0786995295704401,10.5770251057689,2026-06-11 20:42:09,2026-06-11 20:43:08,NA
"40","2026-06-11 21:41:42","Collar_40_2026-06-11 21:41:42",2026-06-11 21:42:41.5,417.263195672061,4.43423751891989,5.65317421488335e-61,0.990957740692065,7.57766829776904,416.743364424865,4.50380773497519,0.0562442763183045,3893.53495207205,3.48540596369266,4.39702155826353e-61,0.99103574311888,7.54491338857931,368.20383016575,0.996265603192635,4.95595468660618,416.890012117685,TRUE,4.48551305340243,0.059428161783793,7.79434833553808,2026-06-11 21:42:12,2026-06-11 21:43:11,NA
"40","2026-06-11 22:41:45","Collar_40_2026-06-11 22:41:45",2026-06-11 22:42:44.5,396.576283023385,3.81183553291412,7.49388307070131e-65,0.993353628865509,6.37774509284788,434.584594857883,4.41343256323412,0.0652601246908301,4319.739987392,4.0441097775263,7.14889104009722e-57,0.987477301525321,8.75434836664358,361.259621977591,0.996548553813977,4.67730186460718,435.905885855829,TRUE,4.34664937130704,0.0620985649664634,7.86047076320212,2026-06-11 22:42:15,2026-06-11 22:43:14,NA
"40","2026-06-11 23:41:42","Collar_40_2026-06-11 23:41:42",2026-06-11 23:42:41.5,382.038536049044,4.93217093738998,1.02041399973924e-68,0.995110218801504,5.65006308006066,464.920918020409,4.54232939459318,0.0840308417261733,4308.62426054217,5.20731381143581,2.5682063399467e-51,0.980536895611915,11.2723545273363,378.964256401663,0.99565405643167,5.42089016591255,465.262203680181,TRUE,4.50071544700111,0.0908900727754,12.4889072157794,2026-06-11 23:42:12,2026-06-11 23:43:11,NA
"41","2026-06-11 00:08:28","Collar_41_2026-06-11 00:08:28",2026-06-11 00:09:27.5,437.174783552027,12.9527047925666,1.00979967990059e-78,0.997790343765004,8.94536426516449,596.08394789968,10.6337018242468,0.250688001457177,5814.30868681849,15.5349043938304,2.32750627905346e-45,0.968771753364728,33.6286531245649,393.989408276001,0.998993565353657,6.14396093857986,596.336737218519,TRUE,10.5276766895109,0.255420080580138,41.2559804831499,2026-06-11 00:08:58,2026-06-11 00:09:57,NA
"41","2026-06-11 00:29:40","Collar_41_2026-06-11 00:29:40",2026-06-11 00:30:39.5,322.841097043994,10.4496464472719,3.11351975387048e-99,0.999566426939991,3.44993268065677,555.349347216901,9.30748818276666,0.178529550790766,6051.94990390006,11.0633117137112,2.00985862686448e-50,0.979106407330718,23.9489257608233,330.267268384823,0.999540948147127,3.61268696004721,556.040551859033,TRUE,9.20183679064001,0.177541161978725,25.2291175737037,2026-06-11 00:30:10,2026-06-11 00:31:09,NA
"41","2026-06-11 01:29:39","Collar_41_2026-06-11 01:29:39",2026-06-11 01:30:38.5,842.790997414346,13.7952732792961,1.93424807987879e-169,0.998555624617796,7.97326589063883,1179.24981556662,11.8687798176912,0.170760672915877,5592.0495687944,10.5818815122966,1.36387443392563e-97,0.976156766860622,32.3950594204494,816.794662756503,0.998875084961828,7.09689007713872,1179.70445477045,TRUE,11.7773406403706,0.173598300337453,36.9595231235814,2026-06-11 01:30:09,2026-06-11 01:31:08,NA
"41","2026-06-11 02:29:39","Collar_41_2026-06-11 02:29:39",2026-06-11 02:30:38.5,835.910746922007,11.6058634203054,2.12750741335565e-165,0.99830887078615,7.74793589267113,1135.54421802127,10.6768023142831,0.142331144490361,4796.50182663436,8.82012983896209,2.05169203264654e-101,0.979460659987339,27.0016848985906,837.568771667614,0.998341555658618,7.73855871643367,1136.42159665571,TRUE,10.5864714762178,0.14565874456231,28.7991923097756,2026-06-11 02:30:09,2026-06-11 02:31:08,NA
"41","2026-06-11 03:29:39","Collar_41_2026-06-11 03:29:39",2026-06-11 03:30:38.5,814.038956039283,12.7472906614907,8.75691907372538e-174,0.998780867106146,7.07306571835402,1159.07391574417,11.4732625598598,0.156992299022499,5621.63571670723,9.72866807228811,4.18237170105753e-100,0.978384055921352,29.7830570033666,814.308866937335,0.998818179805789,7.02376351905397,1160.23863446762,TRUE,11.3354831446276,0.155757929251381,32.7622953980605,2026-06-11 03:30:09,2026-06-11 03:31:08,NA
"41","2026-06-11 04:29:39","Collar_41_2026-06-11 04:29:39",2026-06-11 04:30:38.5,881.492395363707,15.2763522263981,1.79162587224131e-167,0.998440396668628,9.36847197491615,1219.39848838684,13.4053564362171,0.201854903408908,5122.06194059819,12.5087623167274,2.5763421800569e-95,0.973942239734793,38.2939553855122,828.942637875524,0.99902646009613,7.46535685635689,1219.43162771864,TRUE,13.3803650052881,0.207772454170586,49.7118580854513,2026-06-11 04:30:09,2026-06-11 04:31:08,NA
"41","2026-06-11 05:29:39","Collar_41_2026-06-11 05:29:39",2026-06-11 05:30:38.5,893.41972034445,14.9510117879467,1.43724614591454e-162,0.998111415520777,9.84582191424561,1218.93895238562,12.7868704759968,0.201468774880381,5304.99111377726,12.4848342877052,4.6859847462397e-93,0.971540333833213,38.2207028244162,834.649815290247,0.998880653476848,7.6450099407605,1219.18118516919,TRUE,12.7037255484779,0.209848875793329,47.0524717787549,2026-06-11 05:30:09,2026-06-11 05:31:08,NA
"41","2026-06-11 06:29:39","Collar_41_2026-06-11 06:29:39",2026-06-11 06:30:38.5,474.821261428171,15.7200766369759,1.93415368889519e-80,0.998072056968134,12.2417970959063,588.629005422778,15.7263519785561,0.235588025095079,4787.27938909843,14.5991727761592,1.50684850231037e-56,0.987151213369925,31.6030600992966,429.52096773879,0.999152291043288,8.26116787719059,589.210328419461,TRUE,15.6168457234564,0.233328620017693,31.6955608143297,2026-06-11 06:30:09,2026-06-11 06:31:08,NA
"41","2026-06-11 07:29:40","Collar_41_2026-06-11 07:29:40",2026-06-11 07:30:39.5,445.799414957956,5.15282669533876,1.87581455030308e-58,0.98895438719843,9.61195241503302,470.572088960095,5.14872421126956,0.0880827740010064,5146.95088849803,5.45840831988424,2.9812501322173e-53,0.9833083062136,11.8159027791974,434.681703633776,0.991414528088113,8.62419909010021,470.711269465669,TRUE,5.1232621967537,0.0926777686274849,11.9677128096718,2026-06-11 07:30:10,2026-06-11 07:31:09,NA
"41","2026-06-11 08:29:39","Collar_41_2026-06-11 08:29:39",2026-06-11 08:30:38.5,425.28386154949,1.975176731633,6.28797955586653e-46,0.970149021469908,8.10146105207836,417.041041338824,2.62722529433167,0.0563839713683189,4774.22228442735,3.49406273718662,1.16799854928186e-47,0.973980733468739,7.5636528430121,413.176754476519,0.977177067626556,7.20924470948198,417.087580539437,TRUE,2.61640784180332,0.0575961016985978,9.57455660531172,2026-06-11 08:30:09,2026-06-11 08:31:08,NA
"41","2026-06-11 09:29:39","Collar_41_2026-06-11 09:29:39",2026-06-11 09:30:38.5,412.615867536121,1.8679520250114,1.29070964632634e-47,0.973890986601013,7.28981235354027,401.95127695879,2.53314638337301,0.0497214726970264,5022.50558111118,3.08119383528095,7.43569102269394e-50,0.978142646285031,6.66990900422673,397.384248029208,0.981050953684795,6.32025761660379,401.957397712014,TRUE,2.5300803581691,0.0545209301469173,7.48483699227245,2026-06-11 09:30:09,2026-06-11 09:31:08,NA
"41","2026-06-11 10:29:39","Collar_41_2026-06-11 10:29:39",2026-06-11 10:30:38.5,431.401055340226,1.8091736852641,3.99793778907548e-43,0.962711981247608,8.52515357043882,408.025606962972,2.47457610488182,0.0523031345190113,4765.10968132404,3.24117703889904,4.92622920709507e-48,0.974743557904147,7.01622717419025,407.776289169099,0.976470397895544,6.89199306400231,408.026107564225,TRUE,2.47380462851405,0.0554377336791688,9.01463624269401,2026-06-11 10:30:09,2026-06-11 10:31:08,NA
"41","2026-06-11 11:29:39","Collar_41_2026-06-11 11:29:39",2026-06-11 11:30:38.5,393.005003047204,1.7365266823392,2.9474658288454e-51,0.980444264796076,6.1907357128177,354.363282819161,2.50035457032411,0.0334439287609202,4190.96839935942,2.07248944039996,2.27104761573101e-59,0.989729867415332,4.48635065454365,347.690709039998,0.991403426409982,4.17722497520062,354.433692518802,TRUE,2.49172995489328,0.0363253750997248,4.84816699205704,2026-06-11 11:30:09,2026-06-11 11:31:08,NA
"41","2026-06-11 12:29:39","Collar_41_2026-06-11 12:29:39",2026-06-11 12:30:38.5,NA,NA,NA,NA,NA,331.3692836299,2.43053282445412,0.0276120869070663,4398.27446330208,1.7110955758634,1.89877863489871e-63,0.992570071209467,3.70403564289331,333.01655206178,0.992855776830379,3.69641156983101,331.431534190014,TRUE,2.4319432182591,0.0300285454476241,3.73526585999195,2026-06-11 12:30:09,2026-06-11 12:31:08,NA
"41","2026-06-11 13:29:39","Collar_41_2026-06-11 13:29:39",2026-06-11 13:30:38.5,367.533369563724,2.49071727459484,5.64699038805007e-58,0.988526628149293,5.00676662407716,367.052531633286,2.63854306899677,0.0371741641650819,4915.2309221841,2.30364869027748,4.47574567900488e-58,0.988618207906916,4.98674473703011,338.285240433924,0.993407758852798,3.8623207735917,367.398404854766,TRUE,2.62657741713996,0.036832532099743,4.03196571676842,2026-06-11 13:30:09,2026-06-11 13:31:08,NA
"41","2026-06-11 14:29:39","Collar_41_2026-06-11 14:29:39",2026-06-11 14:30:38.5,326.321463564928,2.579962519692,3.25286918410339e-67,0.994490281563196,3.55145639809436,393.971679349159,2.69310691367749,0.0465226941264761,5394.99076425201,2.88296847554421,5.18916101587329e-53,0.982986330352342,6.24080743436279,315.198450223044,0.99571781540359,3.18635720113259,394.435582837418,TRUE,2.66420675786171,0.0464976457153975,6.00196914187213,2026-06-11 14:30:09,2026-06-11 14:31:08,NA
"41","2026-06-11 15:29:39","Collar_41_2026-06-11 15:29:39",2026-06-11 15:30:38.5,364.78702255467,3.18862334286105,1.87831788994738e-59,0.989796875398991,4.89348191058275,404.292581346838,2.723119977951,0.0507011075697497,5530.26684342594,3.14190090542454,3.70140248574524e-51,0.980290120910294,6.80132255865314,354.178322889068,0.992001806696983,4.40927639522827,404.806079035352,TRUE,2.69140752104664,0.0473506008744187,6.65945049987456,2026-06-11 15:30:09,2026-06-11 15:31:08,NA
"41","2026-06-11 16:29:39","Collar_41_2026-06-11 16:29:39",2026-06-11 16:30:38.5,411.858331534783,2.31176098849857,1.98582078471387e-53,0.983540473192236,7.2439381756349,322.979161265613,3.19955863389514,0.0257474584664245,5499.44282404291,1.59554627000507,4.3521753367897e-72,0.996258132036056,3.4539042338428,315.357145782314,0.996917056925895,3.19057382816856,323.045077624262,TRUE,3.20286889570771,0.0263863622439428,3.04877124805084,2026-06-11 16:30:09,2026-06-11 16:31:08,NA
"41","2026-06-11 17:29:39","Collar_41_2026-06-11 17:29:39",2026-06-11 17:30:38.5,414.344485341675,13.9808907610164,8.85681540958449e-89,0.999005644038717,7.39558317532299,598.028074412653,13.1728086606613,0.254782489327211,5588.13440255542,15.7886360332904,3.22412185707423e-50,0.978763250993665,34.1779100156158,379.139529410251,0.999482670852794,5.42881374886815,598.028097584568,TRUE,13.1738485499219,0.25910360718736,44.2860349526374,2026-06-11 17:30:09,2026-06-11 17:31:08,NA
"41","2026-06-11 18:29:39","Collar_41_2026-06-11 18:29:39",2026-06-11 18:30:38.5,370.031177401323,12.1037420605007,3.5789086826297e-92,0.9992405041388,5.11207499649862,574.526076362508,10.4095473186801,0.209465744317061,5076.32160152363,12.9803991129744,3.04636335855681e-49,0.977053901783857,28.0988751602479,363.072534876179,0.99936729085463,4.74850117670738,574.931529561681,TRUE,10.308606321655,0.219215169615239,30.4666729855477,2026-06-11 18:30:09,2026-06-11 18:31:08,NA
"41","2026-06-11 19:29:39","Collar_41_2026-06-11 19:29:39",2026-06-11 19:30:38.5,329.045444610745,9.21464388889884,3.14979911230037e-96,0.999449593935939,3.63299586256144,545.103745571193,8.70238278110045,0.163919282117436,6002.01314125663,10.1579268301545,7.16182089332313e-51,0.979836526846522,21.9890247906284,332.465204420389,0.99945489107653,3.67946712746022,545.347797128047,TRUE,8.63433190046344,0.16721105305651,26.5570959345835,2026-06-11 19:30:09,2026-06-11 19:31:08,NA
"41","2026-06-11 20:29:39","Collar_41_2026-06-11 20:29:39",2026-06-11 20:30:38.5,380.578730988093,7.24223805374074,9.53027253000684e-81,0.998118539831627,5.58174620573716,489.825678071301,7.26310553579549,0.103412263954683,5045.52173330718,6.40836268328533,8.1861673129001e-58,0.988378804697826,13.8722840069872,301.089414038285,0.999532071819424,2.83290594221092,489.977960228295,TRUE,7.23773916507737,0.110928095959221,16.0323327811669,2026-06-11 20:30:09,2026-06-11 20:31:08,NA
"41","2026-06-11 21:29:39","Collar_41_2026-06-11 21:29:39",2026-06-11 21:30:38.5,380.579460141026,4.79676323346557,6.29615791512754e-72,0.996210184358146,5.58178012206198,443.417160462363,5.1196898328911,0.0702447740859914,4162.6735258478,4.35300390624599,9.78941070396109e-59,0.989199284521376,9.42301637023005,318.596258509719,0.998738126719521,3.27786858695255,443.423348316468,TRUE,5.11573812378867,0.0730751557262319,12.4471426391734,2026-06-11 21:30:09,2026-06-11 21:31:08,NA
"41","2026-06-11 22:29:39","Collar_41_2026-06-11 22:29:39",2026-06-11 22:30:38.5,355.762149214397,6.1301059012007,4.88675884916797e-82,0.998301714556055,4.53895504571916,479.962987160082,6.21078109927756,0.0952528058224118,4331.25437891589,5.90272858331448,5.78604042419298e-56,0.986541200292044,12.7777298774732,324.392437664619,0.999058118692392,3.4400805371632,480.251062516897,TRUE,6.17157523005898,0.0968390408685101,15.6736941673467,2026-06-11 22:30:09,2026-06-11 22:31:08,NA
"41","2026-06-11 23:29:40","Collar_41_2026-06-11 23:29:40",2026-06-11 23:30:39.5,407.449185776387,7.58504362784945,1.30140383650184e-75,0.997171424984962,6.98260547331552,505.913734825101,7.39909425556388,0.118248778979966,4523.94846654574,7.32776784474366,6.10236968855666e-55,0.985402520540271,15.862534894395,391.389278722742,0.997975260050403,6.01226705899696,506.383924378611,TRUE,7.33041153158807,0.118902255827722,17.0015080218853,2026-06-11 23:30:10,2026-06-11 23:31:09,NA
"42","2026-06-11 00:11:29","Collar_42_2026-06-11 00:11:29",2026-06-11 00:12:28.5,430.84263030032,9.64929828714675,2.09924607628411e-77,0.997546617320523,8.48557357526083,530.802474436047,9.66272111981909,0.145503023285833,5889.94209295276,9.01668824443048,2.02656561875463e-56,0.987019280254959,19.5185675828631,398.670273157157,0.998657417311087,6.38835527953643,532.053729208656,TRUE,9.52553009977484,0.137219467940029,20.0644626234877,2026-06-11 00:11:59,2026-06-11 00:12:58,NA
"42","2026-06-11 00:32:40","Collar_42_2026-06-11 00:32:40",2026-06-11 00:33:39.5,431.987116795484,8.52138758595957,1.31074605047552e-75,0.997170727256734,8.56689093947414,501.055170470572,9.10275102086356,0.113556744698838,6482.71696465867,7.03700680494035,4.13824148536032e-61,0.991054470365101,15.2331198750424,332.263538812359,0.999497774773865,3.67328880393264,502.069961437509,TRUE,9.0074995273803,0.112151383196742,15.4739594239472,2026-06-11 00:33:10,2026-06-11 00:34:09,NA
"42","2026-06-11 01:32:39","Collar_42_2026-06-11 01:32:39",2026-06-11 01:33:38.5,903.664694249326,10.9569838160979,3.78393518734158e-150,0.996933467234648,10.2752139785216,1071.84297508823,10.5583448159579,0.109151246238603,5889.41917473014,6.76400212586078,3.09567789760364e-114,0.987546107749443,20.707116265919,837.051427452463,0.998297489985958,7.72189543846799,1075.0678898347,TRUE,10.3915787943669,0.105865217730552,19.6738427893337,2026-06-11 01:33:09,2026-06-11 01:34:08,NA
"42","2026-06-11 02:32:39","Collar_42_2026-06-11 02:32:39",2026-06-11 02:33:38.5,916.283983994803,8.86776193508642,3.64429698375172e-142,0.995812450250014,10.8299447482133,1026.65348172812,9.53241869679337,0.0904181430695415,4941.64780142419,5.60312898857646,1.34885090689872e-118,0.989494892241032,17.1532535413905,820.059933157861,0.998183493131158,7.19410516878154,1028.61997139088,TRUE,9.42297474032587,0.0900779965285214,17.6960279947061,2026-06-11 02:33:09,2026-06-11 02:34:08,NA
"42","2026-06-11 03:32:39","Collar_42_2026-06-11 03:32:39",2026-06-11 03:33:38.5,904.676091883329,9.37149178696049,2.8158787253836e-148,0.996701093622664,10.3186067091339,1054.29201169056,10.2277338907809,0.101453999255205,6070.54015867284,6.28701082477046,2.5036823328098e-116,0.988522479945055,19.2468691894514,816.547673783302,0.99846910245329,7.08959027733281,1055.0458740964,TRUE,10.1581922694996,0.100008123921835,22.5620259298496,2026-06-11 03:33:09,2026-06-11 03:34:08,NA
"42","2026-06-11 04:32:39","Collar_42_2026-06-11 04:32:39",2026-06-11 04:33:38.5,910.747545900351,10.9168518091792,6.21931886298118e-148,0.996656490809106,10.5829738292617,1075.50199194815,10.4105054450177,0.110828105753664,5313.08234167357,6.86791556446553,9.45303408884218e-113,0.986803196667849,21.025233796745,854.386136179087,0.997978157622674,8.3002680548493,1079.27616418209,TRUE,10.2331104894587,0.0990319179424786,21.1974498527811,2026-06-11 04:33:09,2026-06-11 04:34:08,NA
"42","2026-06-11 05:32:39","Collar_42_2026-06-11 05:32:39",2026-06-11 05:33:38.5,941.307430197786,9.06197687905102,2.20368088142937e-138,0.995146540930009,12.0200888201617,1025.8379912958,9.83082148300291,0.0901114347324488,5629.41331471223,5.58412255561665,2.47666961578786e-120,0.990183025260912,17.0950678090717,846.43168356264,0.997870840915519,8.0296766345473,1027.24542029283,TRUE,9.74697644327938,0.0904840303740654,17.2712756298402,2026-06-11 05:33:09,2026-06-11 05:34:08,NA
"42","2026-06-11 06:32:39","Collar_42_2026-06-11 06:32:39",2026-06-11 06:33:38.5,471.035148878691,9.3337353792335,6.23300507339056e-69,0.99519262507798,11.8615864568352,522.987785955333,9.65675251443455,0.136329460650749,5759.43476640678,8.44821102310968,5.02833503413256e-58,0.988572434471456,18.2879759551086,430.288896606933,0.99771953285603,8.31420397346233,523.532562403998,TRUE,9.56897444435897,0.14178845751624,18.1172110831935,2026-06-11 06:33:09,2026-06-11 06:34:08,NA
"42","2026-06-11 07:32:41","Collar_42_2026-06-11 07:32:41",2026-06-11 07:33:40.5,452.247703279828,4.1981690279851,2.06646113673282e-52,0.982156254282469,10.1425870960493,481.12116565901,4.24797555405888,0.0961765878507009,4980.60271380725,5.95997450416746,2.38998623960043e-46,0.971127850659081,12.9016510273147,453.105174374546,0.983066776408078,10.0553117008026,481.130980795513,TRUE,4.24930673369404,0.100832779432726,16.2687385094978,2026-06-11 07:33:11,2026-06-11 07:34:10,NA
"42","2026-06-11 08:32:38","Collar_42_2026-06-11 08:32:38",2026-06-11 08:33:37.5,428.32371804218,4.28492352539132,8.22283319295264e-58,0.988377014042949,8.3093098896718,452.833428622879,4.3372378384594,0.0759788351435874,5393.66516280611,4.70833838496199,1.15100947779913e-52,0.982512613286967,10.1922145336049,417.65248300452,0.990898273675714,7.48321062306089,452.879329633214,TRUE,4.32609161000861,0.0809503931913359,10.4137963200436,2026-06-11 08:33:08,2026-06-11 08:34:07,NA
"42","2026-06-11 09:32:38","Collar_42_2026-06-11 09:32:38",2026-06-11 09:33:37.5,421.113221373856,4.37434649430469,1.52846783221568e-62,0.992016111327324,7.8247288761867,444.545560458167,4.94222949294982,0.0709084244819855,5091.07152097142,4.39412970960622,1.26976573687773e-57,0.988201592321721,9.51204204690042,393.58877241863,0.995279011939594,6.1234827167407,444.988653244729,TRUE,4.90269077609722,0.073703359773786,10.1473656582989,2026-06-11 09:33:08,2026-06-11 09:34:07,NA
"42","2026-06-11 10:32:38","Collar_42_2026-06-11 10:32:38",2026-06-11 10:33:37.5,413.902151830517,4.82481120386303,4.17443911002898e-64,0.992948166963801,7.3683724048402,453.500286045069,4.9473838129847,0.0764022359216423,4967.70340911929,4.73457614093404,8.59014527470432e-56,0.986356591765885,10.2490118187367,395.130724384637,0.995175226467603,6.20267472167759,453.651881224215,TRUE,4.93006085292074,0.0749059454137318,9.40035834345926,2026-06-11 10:33:08,2026-06-11 10:34:07,NA
"42","2026-06-11 11:32:38","Collar_42_2026-06-11 11:32:38",2026-06-11 11:33:37.5,NA,NA,NA,NA,NA,371.584062939004,4.01547213488048,0.0386048057178534,3734.96509103939,2.39230422869559,1.25900159242527e-67,0.994667688484159,5.17865878255318,373.536950452761,0.994846550568451,5.18117823885638,371.675114304904,TRUE,4.02126881854272,0.0362494184452964,4.8217691575009,2026-06-11 11:33:08,2026-06-11 11:34:07,NA
"42","2026-06-11 12:32:38","Collar_42_2026-06-11 12:32:38",2026-06-11 12:33:37.5,413.68920636913,3.61416802506835,1.16885342607315e-61,0.991436015229247,7.35530848734796,414.22552891477,4.49279418054236,0.055076455447341,4695.95668082259,3.41303718068716,1.51479987117006e-61,0.991359121105584,7.38825553996677,368.581895065936,0.996222318717626,4.97159324624699,414.401517033588,TRUE,4.48016522080664,0.0511852320316869,6.58714895139208,2026-06-11 12:33:08,2026-06-11 12:34:07,NA
"42","2026-06-11 13:32:38","Collar_42_2026-06-11 13:32:38",2026-06-11 13:33:37.5,410.097244979246,3.70773777929432,7.5512283848374e-62,0.991564050374848,7.13840444382014,394.32119035668,4.39804166081847,0.0466583932627766,4944.04595066522,2.8913776259483,3.68187775363453e-65,0.993514505631508,6.25901085517841,336.739310971621,0.99767620089631,3.81288261133274,395.774808643134,TRUE,4.34661671005891,0.0459793595288139,5.65799177328794,2026-06-11 13:33:08,2026-06-11 13:34:07,NA
"42","2026-06-11 14:32:39","Collar_42_2026-06-11 14:32:39",2026-06-11 14:33:38.5,371.093828014423,4.70910561393386,3.08769005976556e-71,0.99599660096681,5.1575456103299,432.403845711227,4.6019080676623,0.0640848695938127,4925.47918308243,3.97128030238429,2.29437071020507e-58,0.988877418770316,8.59669325048029,334.715328353791,0.997957511812803,3.74911185083393,433.573207302057,TRUE,4.54543812026517,0.0611034833730878,8.5224670170457,2026-06-11 14:33:09,2026-06-11 14:34:08,NA
"42","2026-06-11 15:32:39","Collar_42_2026-06-11 15:32:39",2026-06-11 15:33:38.5,391.00631588276,4.6767678154548,5.62503760787119e-68,0.994813778879434,6.08847846110421,445.248795042338,4.76894385957113,0.0713251882705736,5228.81272766242,4.41995617745826,1.37316855656191e-56,0.987192298835079,9.56794901013695,356.6344613738,0.997264061789277,4.50045460040974,445.613576661313,TRUE,4.72850724205337,0.0725625989857555,9.40276851243023,2026-06-11 15:33:09,2026-06-11 15:34:08,NA
"42","2026-06-11 16:32:38","Collar_42_2026-06-11 16:32:38",2026-06-11 16:33:37.5,NA,NA,NA,NA,NA,330.897459068832,4.54735456985827,0.0275037328904759,5412.72981871987,1.70438097732404,2.9256374581272e-79,0.997882745071438,3.68950044528756,334.494732180705,0.997896908742315,3.74222618401559,330.986825232235,TRUE,4.55019491131151,0.0280805027095826,3.392616895959,2026-06-11 16:33:08,2026-06-11 16:34:07,NA
"42","2026-06-11 17:32:39","Collar_42_2026-06-11 17:32:39",2026-06-11 17:33:38.5,399.543290950973,4.64771816512491,6.96367274466881e-70,0.995542536360283,6.53740087808838,439.67866664617,5.53479441539388,0.0680900980892953,5478.9340818511,4.21948062067274,1.85571595582072e-61,0.991298435458291,9.13397640314931,334.534524655795,0.99858880931046,3.74346732680656,439.796785536122,TRUE,5.51757668560196,0.0732220280348588,10.6536236083244,2026-06-11 17:33:09,2026-06-11 17:34:08,NA
"42","2026-06-11 18:32:41","Collar_42_2026-06-11 18:32:41",2026-06-11 18:33:40.5,408.960232670415,4.48891664726371,1.92389193355777e-66,0.994142064331494,7.07108675414464,432.398138291806,5.22232378635268,0.0640818216727176,5250.66234313821,3.97109142552326,1.60176874022093e-61,0.991342473771297,8.59628438575337,356.67210700788,0.997707456640003,4.5018666757841,432.687025757195,TRUE,5.19294674433856,0.066091428028675,9.46327188662601,2026-06-11 18:33:11,2026-06-11 18:34:10,NA
"42","2026-06-11 19:32:39","Collar_42_2026-06-11 19:32:39",2026-06-11 19:33:38.5,390.060392710999,6.14551197481881,1.54924066694597e-74,0.99691923048375,6.04067351734876,466.201303645007,6.14470302149014,0.0849322411008521,5420.1278010055,5.26317269987441,1.49432976006957e-58,0.989040632270391,11.3932731461835,344.479101977264,0.998651726934049,4.06691103707344,466.447043200471,TRUE,6.12068595632075,0.0862555957533017,13.025681191923,2026-06-11 19:33:09,2026-06-11 19:34:08,NA
"42","2026-06-11 20:32:39","Collar_42_2026-06-11 20:32:39",2026-06-11 20:33:38.5,428.198924528443,5.17359928699219,1.5372496239006e-65,0.993706904585088,8.30067314817347,421.397296791208,5.92373619960406,0.0584684358956746,5196.60376973884,3.62323508271801,5.73956699615713e-67,0.994381343354892,7.84327426140248,323.85357005766,0.998965728660829,3.42466727046628,421.612954260146,TRUE,5.90423050812669,0.0610066770805209,8.41778849428741,2026-06-11 20:33:09,2026-06-11 20:34:08,NA
"42","2026-06-11 21:32:40","Collar_42_2026-06-11 21:32:40",2026-06-11 21:33:39.5,481.145772706708,4.56925214981889,1.71202780040515e-55,0.98602832716789,12.9042968947696,356.789470666577,6.19250031901577,0.0341269877279513,4069.36241788974,2.11481797501868,1.34097440015661e-81,0.998241560308887,4.57797990258262,330.743113899291,0.998934276124143,3.62704107503603,356.84134888365,TRUE,6.19874277291584,0.0335480667829081,4.49087041665144,2026-06-11 21:33:10,2026-06-11 21:34:09,NA
"42","2026-06-11 22:32:40","Collar_42_2026-06-11 22:32:40",2026-06-11 22:33:39.5,457.778970447791,7.45792041492405,7.45142388218459e-68,0.994763254309931,10.6210406044299,471.724433330708,8.30491044154529,0.0889326957198989,4536.49626780878,5.51107718544017,6.3067659239279e-65,0.993393033416659,11.9299159050811,357.773435359114,0.999074781479438,4.54337380018584,472.771190886025,TRUE,8.2277304946318,0.0823212978787481,12.8457661185903,2026-06-11 22:33:10,2026-06-11 22:34:09,NA
"42","2026-06-11 23:32:41","Collar_42_2026-06-11 23:32:41",2026-06-11 23:33:40.5,471.388251240409,7.56855113178771,2.25814029493859e-66,0.994109619688934,11.8965408101476,492.308743865225,8.7632821880703,0.105574385141677,4723.63125280916,6.54234734043918,5.56762541881037e-62,0.99165222161654,14.162322712422,415.270272841835,0.997837306884336,7.33612061412328,492.722931990357,TRUE,8.72098509759613,0.112601540590427,13.4083041067398,2026-06-11 23:33:11,2026-06-11 23:34:10,NA
"43","2026-06-11 00:14:31","Collar_43_2026-06-11 00:14:31",2026-06-11 00:15:30.5,387.683837941863,8.44704646309387,2.96125289913743e-78,0.997706832164244,5.92221711912317,541.565374478622,6.91567098410512,0.159156452860003,5866.31524087232,9.8627786909206,6.00428184173678e-46,0.970196481063877,21.3501129477849,352.508069916635,0.998806363262244,4.34832980505439,541.920749974728,TRUE,6.83593265287737,0.159779739519882,26.0932737413,2026-06-11 00:15:01,2026-06-11 00:16:00,NA
"43","2026-06-11 00:35:41","Collar_43_2026-06-11 00:35:41",2026-06-11 00:36:40.5,315.841612620453,7.34370812485209,5.97008434980557e-92,0.999226984126742,3.25445777999242,514.269723354512,6.5749093373887,0.126776277598224,6179.56531288505,7.85620907441215,2.7048373010127e-50,0.978891422321685,17.0064599781115,315.877758539634,0.999276402464005,3.20444601020653,514.537627828952,TRUE,6.519600606587,0.124121068108821,21.0262283538931,2026-06-11 00:36:11,2026-06-11 00:37:10,NA
"43","2026-06-11 01:35:41","Collar_43_2026-06-11 01:35:41",2026-06-11 01:36:40.5,780.604080680941,7.91603836804307,1.03959481159999e-155,0.997531721306917,6.15326003762717,1070.27556424331,6.99331323082989,0.108440715429743,5390.92000817501,6.71997118652448,7.50440808402997e-94,0.97241009204648,20.5723212491274,751.828407456485,0.99812165623572,5.41386870763308,1070.57806215456,TRUE,6.94885278718229,0.111150457394117,24.0147180253132,2026-06-11 01:36:11,2026-06-11 01:37:10,NA
"43","2026-06-11 02:35:41","Collar_43_2026-06-11 02:35:41",2026-06-11 02:36:40.5,747.174592233462,6.6025008448337,1.95895851718841e-157,0.997692401647894,5.35318919004181,1010.85368764871,6.31429415029525,0.0846573954336211,4677.2709881528,5.24614076719845,3.9711341776938e-101,0.979229512594591,16.0603803476676,749.328005711512,0.997727639660835,5.3577579773304,1013.23782402499,TRUE,6.20985189661943,0.0839779602405541,16.2654186934206,2026-06-11 02:36:11,2026-06-11 02:37:10,NA
"43","2026-06-11 03:35:39","Collar_43_2026-06-11 03:35:39",2026-06-11 03:36:38.5,736.510835414096,7.740301005756,3.61427540677073e-163,0.998155089130018,5.1205413890607,1042.97531350052,6.74474526708958,0.0967811822671296,5798.13621166309,5.99744066290529,1.00354235662725e-97,0.976280402193782,18.360387651257,731.015397356174,0.998295448004638,4.96415486734283,1044.10345384018,TRUE,6.6631835611047,0.0970929774356488,19.9201074117738,2026-06-11 03:36:09,2026-06-11 03:37:08,NA
"43","2026-06-11 04:35:40","Collar_43_2026-06-11 04:35:40",2026-06-11 04:36:39.5,798.919472911007,8.48057644124946,1.17801128481507e-152,0.99721925856149,6.64122319795945,1076.47307343014,7.10934032342578,0.111277443862049,5310.09331824782,6.89576063289193,2.19855556767345e-93,0.971902959018761,21.110477866544,779.708439546359,0.997708303624615,6.08076640047008,1077.00274644604,TRUE,7.04354621396663,0.110273730871556,25.4429298067709,2026-06-11 04:36:10,2026-06-11 04:37:09,NA
"43","2026-06-11 05:35:41","Collar_43_2026-06-11 05:35:41",2026-06-11 05:36:40.5,742.985430231302,7.64186113201966,7.89188073212085e-160,0.997898301673761,5.26056087828323,1020.78670605583,6.50019262931567,0.0882346767607771,5265.5886573977,5.46782159390006,1.65846982328295e-100,0.978720240205922,16.7390274809801,749.936891406644,0.997845968388253,5.37136799362404,1023.16319029508,TRUE,6.38698790683799,0.085287095305766,17.3740843820133,2026-06-11 05:36:11,2026-06-11 05:37:10,NA
"43","2026-06-11 06:35:40","Collar_43_2026-06-11 06:35:40",2026-06-11 06:36:39.5,402.758979029337,6.11613684516643,6.67466748866275e-71,0.99588876043918,6.71495459266844,497.138066089408,5.88637057790336,0.109909810920854,6071.48767316924,6.81100968005885,4.35296912080192e-51,0.980179646511578,14.7439003261402,403.651237685379,0.996096284116039,6.65910361565726,497.539890775853,TRUE,5.83669098242527,0.117679754048013,15.5020648631975,2026-06-11 06:36:10,2026-06-11 06:37:09,NA
"43","2026-06-11 07:35:42","Collar_43_2026-06-11 07:35:42",2026-06-11 07:36:41.5,NA,NA,NA,NA,NA,438.354240248927,1.46666181486456,0.0673427273050387,5187.97936016142,4.17316674201608,1.32660160349587e-29,0.891044575807302,9.03372001786917,440.25019568537,0.894799144033716,9.03382801852859,438.362795075236,TRUE,1.46969285496023,0.0709687340368372,10.7074616217996,2026-06-11 07:36:12,2026-06-11 07:37:11,NA
"43","2026-06-11 08:35:39","Collar_43_2026-06-11 08:35:39",2026-06-11 08:36:38.5,NA,NA,NA,NA,NA,383.384640507148,0.59453481043114,0.0425940646279113,5447.88737134111,2.63951492649427,3.3898485858704e-20,0.770597077511334,5.71379968810359,373.690811525242,0.817408857140023,5.18782567987694,383.464246929575,TRUE,0.60633479944833,0.0490528184863247,5.48476871639386,2026-06-11 08:36:09,2026-06-11 08:37:08,NA
"43","2026-06-11 09:35:40","Collar_43_2026-06-11 09:35:40",2026-06-11 09:36:39.5,NA,NA,NA,NA,NA,375.669991289301,0.874265791074416,0.039941910939676,5088.19945045255,2.47516340689624,1.02335922887598e-29,0.892013353004767,5.35802535548187,352.722077909621,0.931084873903386,4.35609153525196,375.848183958542,TRUE,0.890680104420938,0.0409142649053359,5.71043001572349,2026-06-11 09:36:10,2026-06-11 09:37:09,NA
"43","2026-06-11 10:35:37","Collar_43_2026-06-11 10:35:37",2026-06-11 10:36:36.5,NA,NA,NA,NA,NA,396.254100443464,0.93459020926806,0.0474160327440183,4694.69569729178,2.93832784629257,2.19815954607323e-27,0.870101044827563,6.36064473936933,383.395572789903,0.901920201334361,5.62481284641205,396.371357478352,TRUE,0.950225917592343,0.0448783877448194,5.63418935092006,2026-06-11 10:36:07,2026-06-11 10:37:06,NA
"43","2026-06-11 11:35:37","Collar_43_2026-06-11 11:35:37",2026-06-11 11:36:36.5,345.029547275155,0.795044314383382,5.52325976536083e-42,0.959180706592454,4.15062310986096,312.804271302914,1.15232612731903,0.0236543060465962,4250.10449603202,1.46583554378468,9.42202491547391e-49,0.976143256721782,3.17311737426398,313.836097996835,0.977294723116451,3.15038726277911,313.011254454043,TRUE,1.1537472840675,0.0239922298234276,3.22836536497762,2026-06-11 11:36:07,2026-06-11 11:37:06,NA
"43","2026-06-11 12:35:38","Collar_43_2026-06-11 12:35:38",2026-06-11 12:36:37.5,NA,NA,NA,NA,NA,325.245585856611,1.16018579477704,0.0262383686947244,4965.77881153304,1.62596752438607,2.24622759868841e-46,0.971189516116262,3.51975760411516,329.082181193685,0.971267872160103,3.57718464548487,325.257041991981,TRUE,1.1579198208969,0.0279259827066865,3.22222662444062,2026-06-11 12:36:08,2026-06-11 12:37:07,NA
"43","2026-06-11 13:35:37","Collar_43_2026-06-11 13:35:37",2026-06-11 13:36:36.5,NA,NA,NA,NA,NA,331.719482778225,1.33123626602263,0.0276927856801188,5510.57589497944,1.71609640445025,2.00092113429806e-48,0.975515833458586,3.71486101559079,330.220805037938,0.977659928012122,3.61128841809016,331.737130369321,TRUE,1.33169147131694,0.0322859057783066,3.86329875212904,2026-06-11 13:36:07,2026-06-11 13:37:06,NA
"43","2026-06-11 14:35:39","Collar_43_2026-06-11 14:35:39",2026-06-11 14:36:38.5,NA,NA,NA,NA,NA,351.78698418046,1.3638543631458,0.0327335685614851,5389.80678545424,2.02846907357243,6.36535055222867e-45,0.967669979884953,4.39105907057696,353.501778918888,0.968878171327405,4.38448742801496,351.7876228112,TRUE,1.3646658653048,0.0348181958261429,5.06656470292613,2026-06-11 14:36:09,2026-06-11 14:37:08,NA
"43","2026-06-11 15:35:38","Collar_43_2026-06-11 15:35:38",2026-06-11 15:36:37.5,340.637709592576,1.25678059893658,1.69116522726799e-48,0.975657363279684,4.00146211296234,367.383962480611,1.42809452634227,0.037276978288173,5348.39013630162,2.31001998672275,7.00526761940361e-43,0.961984259720267,5.00053678316569,341.739606590667,0.976805209786691,3.97511875895906,367.511376138793,TRUE,1.43376830857809,0.0386580880938948,4.86769980621206,2026-06-11 15:36:08,2026-06-11 15:37:07,NA
"43","2026-06-11 16:35:37","Collar_43_2026-06-11 16:35:37",2026-06-11 16:36:36.5,NA,NA,NA,NA,NA,351.520211691206,1.16794229335764,0.0326608792596361,4780.78746563922,2.02396458453381,3.24770581312587e-41,0.956611315696318,4.38130813194592,324.907428997849,0.973950837137379,3.45487569237708,351.851235648626,TRUE,1.18427161272506,0.0375338464599416,4.03611746938086,2026-06-11 16:36:07,2026-06-11 16:37:06,NA
"43","2026-06-11 17:35:39","Collar_43_2026-06-11 17:35:39",2026-06-11 17:36:38.5,382.108789746635,8.95964136525322,3.71588470222785e-84,0.998564692173365,5.65337186371734,536.831522264701,8.39123425218532,0.153000154352416,5085.70418711483,9.48127854660048,1.12580331394478e-51,0.981082421897249,20.5242735544374,366.146762447734,0.998970905916588,4.87172259229922,540.459886787,TRUE,8.14453420567566,0.126480278334745,18.4983929116215,2026-06-11 17:36:09,2026-06-11 17:37:08,NA
"43","2026-06-11 18:35:41","Collar_43_2026-06-11 18:35:41",2026-06-11 18:36:40.5,385.903534535998,10.0818483847854,2.99853089522768e-82,0.998330076128853,5.83500446199489,559.315517724589,7.98371134906994,0.18452880188294,5647.51490466844,11.4350797744472,7.65060400640789e-46,0.969946541103683,24.7536979589866,341.881867923944,0.999249925745199,3.97983410090683,560.16795745575,TRUE,7.85053260459836,0.182210949064091,27.1715420483342,2026-06-11 18:36:11,2026-06-11 18:37:10,NA
"43","2026-06-11 19:35:40","Collar_43_2026-06-11 19:35:40",2026-06-11 19:36:39.5,429.081266218802,9.30247816074214,1.75243379974637e-70,0.995749623925483,8.36193166759404,562.340961127678,7.13762087425558,0.189240290797719,5109.22150385659,11.7270463999667,1.67316870874612e-42,0.960826426177171,25.3857227287975,356.393129327518,0.99881603159364,4.49141282942912,563.377647043031,TRUE,6.97630272554232,0.176064033927551,27.4810098978333,2026-06-11 19:36:10,2026-06-11 19:37:09,NA
"43","2026-06-11 20:35:38","Collar_43_2026-06-11 20:35:38",2026-06-11 20:36:37.5,394.365960930429,7.40057924831144,8.03203316244836e-74,0.996739359206012,6.26134645340236,535.605331092998,6.11743717848751,0.151444719483971,5393.5682822182,9.38488968143074,3.62145210169283e-44,0.965673651354856,20.3156190542429,342.374876715902,0.998717592716699,3.99621851145666,536.639192878676,TRUE,5.98967699038747,0.14113992999044,22.4003449742539,2026-06-11 20:36:08,2026-06-11 20:37:07,NA
"43","2026-06-11 21:35:40","Collar_43_2026-06-11 21:35:40",2026-06-11 21:36:39.5,338.736982559286,5.78558593930399,6.71375045550043e-84,0.998535114900177,3.93858070252705,479.010465458091,5.7976969202067,0.0944997123118641,3949.00574297663,5.85606007258414,1.88162473005646e-54,0.984824713888766,12.676705814537,318.740886900203,0.999017994253108,3.28182157576701,480.078605058373,TRUE,5.71756633578317,0.092081796224085,13.4162905588591,2026-06-11 21:36:10,2026-06-11 21:37:09,NA
"43","2026-06-11 22:35:41","Collar_43_2026-06-11 22:35:41",2026-06-11 22:36:40.5,371.882495810443,8.2739036537168,1.79701965837227e-80,0.998076939636063,5.19155382726779,538.090665368625,6.61712769055993,0.154614015631941,4416.91994651464,9.5812880426138,1.41019745097102e-45,0.969306404539124,20.7407656914556,309.465675997144,0.999364300391102,3.03771382884035,538.778261442821,TRUE,6.51155752014657,0.151591029460241,23.3465926357058,2026-06-11 22:36:11,2026-06-11 22:37:10,NA
"43","2026-06-11 23:35:41","Collar_43_2026-06-11 23:35:41",2026-06-11 23:36:40.5,395.792666638923,7.78607732755325,4.0330828060919e-75,0.997058927845303,6.33623323316272,536.6282572391,6.5303024953791,0.152741210554475,4754.5398888994,9.46523203810783,1.49358704187004e-45,0.96924557037645,20.4895374238324,374.80678147345,0.998060669570796,5.23629619198443,536.719949501529,TRUE,6.49141466358864,0.157350387975392,26.8689900846213,2026-06-11 23:36:11,2026-06-11 23:37:10,NA
"44","2026-06-11 00:17:33","Collar_44_2026-06-11 00:17:33",2026-06-11 00:18:47.5,488.853751154979,5.25230292406608,1.16357071502854e-56,0.98726522316757,13.760380741066,385.226930725898,6.91481602399027,0.043253031961401,6106.45545492755,2.68035052478743,2.04822004385096e-78,0.997735796796511,5.80219715327757,352.037451798299,0.998781770881881,4.33130984486973,385.359002399901,TRUE,6.90564398094269,0.0445241329950501,6.72980525119488,2026-06-11 00:18:18,2026-06-11 00:19:17,"Time changed"
"44","2026-06-11 00:38:42","Collar_44_2026-06-11 00:38:42",2026-06-11 00:39:56.5,472.954786222556,5.51074393328224,7.98032604922262e-60,0.990093586615321,12.0528618277906,391.272751002302,6.86622393058241,0.04548802796615,6131.91726890429,2.81885116722962,5.68421497557602e-77,0.997460886230856,6.10201168345695,313.324923980617,0.999352076086309,3.13699583773308,391.694691015397,TRUE,6.84295388784969,0.0463121658042304,6.51673849409891,2026-06-11 00:39:27,2026-06-11 00:40:26,"Time changed"
"44","2026-06-11 01:38:42","Collar_44_2026-06-11 01:38:42",2026-06-11 01:39:56.5,979.847725687933,4.843608360442,7.54748188345031e-111,0.985786330428858,14.1139530062158,806.482816253856,6.76731798795024,0.0361279632996162,6247.72290900321,2.23881658691681,7.19746059300038e-148,0.996648203171371,6.85384695343435,765.959829086984,0.997687170479183,5.74221407798144,806.638147512241,TRUE,6.77925422487541,0.0389530570180376,7.15479347444061,2026-06-11 01:39:27,2026-06-11 01:40:26,"Time changed"
"44","2026-06-11 02:38:43","Collar_44_2026-06-11 02:38:43",2026-06-11 02:39:57.5,931.757863940441,4.94780796962915,1.75623420091413e-118,0.989447799717995,11.5512015174098,827.847174879916,6.42450515906984,0.039491495031513,5034.72982708282,2.44725154821094,1.13609137327925e-140,0.995561076079265,7.49194358573703,741.325918615604,0.997912289137385,5.18206471352201,827.885574926014,TRUE,6.42673334682739,0.0410268117097839,9.10894915216181,2026-06-11 02:39:28,2026-06-11 02:40:27,"Time changed"
"44","2026-06-11 03:38:40","Collar_44_2026-06-11 03:38:40",2026-06-11 03:39:54.5,967.265764477865,5.33577934195141,4.8537375534956e-114,0.987450822211407,13.3930919058444,811.426614533346,6.83405337664781,0.0368798868867424,6329.18372533682,2.28541259857103,2.55900862088263e-147,0.996575362708866,6.99649460683515,753.005984457161,0.997964332757579,5.4404975125808,811.503449325795,TRUE,6.824127647134,0.0362775313560521,6.03948573173531,2026-06-11 03:39:25,2026-06-11 03:40:24,"Time changed"
"44","2026-06-11 04:38:41","Collar_44_2026-06-11 04:38:41",2026-06-11 04:39:55.5,976.747250804543,5.70354717055652,6.27165513239769e-115,0.987878559696583,13.9327925462476,877.531678278853,7.22697661802472,0.0485747620784921,5341.08779257682,3.01013323516138,4.0794239355718e-136,0.99469749488136,9.21513295184862,822.239396467631,0.996764844404396,7.25973307221532,877.568508140623,TRUE,7.22598166814367,0.0542971760210407,9.35076332784039,2026-06-11 04:39:26,2026-06-11 04:40:25,"Time changed"
"44","2026-06-11 05:38:42","Collar_44_2026-06-11 05:38:42",2026-06-11 05:39:56.5,962.585864882417,4.52294828896972,1.23512944220183e-113,0.987250600556224,13.134461999134,830.854064027204,6.64648333737972,0.0399893847580658,5400.93499677822,2.47810531566574,9.15038174631032e-142,0.995746597882604,7.58639839784975,779.056779749762,0.997328228349339,6.06427799984282,830.94818710335,TRUE,6.63459328321617,0.0433255540291142,7.94068162446233,2026-06-11 05:39:27,2026-06-11 05:40:26,"Time changed"
"44","2026-06-11 06:38:42","Collar_44_2026-06-11 06:38:42",2026-06-11 06:39:56.5,514.463091896877,6.64116531335678,1.02093250966834e-56,0.98732250977395,17.0338863561446,425.57146375968,8.57646990312232,0.0605380308128883,6343.76882574413,3.75148597221407,2.22726762305259e-75,0.997118529188859,8.12090098934634,396.464765957207,0.998340489689141,6.27201465015945,425.582701141996,TRUE,8.57058392749675,0.0612560285698565,9.33493258601074,2026-06-11 06:39:27,2026-06-11 06:40:26,"Time changed"
"44","2026-06-11 07:38:44","Collar_44_2026-06-11 07:38:44",2026-06-11 07:39:58.5,455.737214444829,1.1791879656804,2.30482213570966e-29,0.888953666509611,10.4418561939582,442.124563477593,1.69840234694294,0.0694921831561613,5320.16531402314,4.30636653997949,3.16214445029812e-32,0.911494029153599,9.32205972620704,445.330928837412,0.912657010748822,9.4245279090167,442.124594550357,TRUE,1.69871741517496,0.0706566336971147,12.7596853005954,2026-06-11 07:39:29,2026-06-11 07:40:28,"Time changed"
"44","2026-06-11 08:38:41","Collar_44_2026-06-11 08:38:41",2026-06-11 08:39:55.5,NA,NA,NA,NA,NA,369.556470063887,1.61774269990126,0.0379579953150874,5508.86044862352,2.35222198419446,1.78373427953624e-45,0.969056824798243,5.09189211424219,373.416759135777,0.969128792638712,5.17599139821123,369.573173812547,TRUE,1.61309133943031,0.0403015523068914,5.91800053949506,2026-06-11 08:39:26,2026-06-11 08:40:25,"Time changed"
"44","2026-06-11 09:38:42","Collar_44_2026-06-11 09:38:42",2026-06-11 09:39:56.5,391.224318532972,1.160891697599,2.16988394748045e-41,0.957210059050359,6.09954938460615,359.621377949372,1.65275057912208,0.0349419365297055,5757.32014383467,2.16531960113373,4.99909849625846e-48,0.974730771920234,4.68730157098785,363.53998077232,0.974765029408323,4.767034478654,359.698940594135,TRUE,1.64856548784521,0.0387354624570527,4.80705257990557,2026-06-11 09:39:27,2026-06-11 09:40:26,"Time changed"
"44","2026-06-11 10:38:37","Collar_44_2026-06-11 10:38:37",2026-06-11 10:39:51.5,NA,NA,NA,NA,NA,359.357742536129,1.69366338706295,0.0348652546951074,4918.37379982121,2.16056769852052,1.10626524991141e-48,0.97601088962766,4.67701505228068,362.743393591225,0.976255264474833,4.73549462417659,359.534332781935,TRUE,1.70102989090583,0.0360742491663659,4.90730612965378,2026-06-11 10:39:22,2026-06-11 10:40:21,"Time changed"
"44","2026-06-11 11:38:37","Collar_44_2026-06-11 11:38:37",2026-06-11 11:39:51.5,365.22485235649,1.4595384595298,1.20281087655716e-47,0.973954381003293,4.91136879006978,333.054144453268,1.71450724169722,0.0280025090513116,4349.35250974933,1.73528967629433,2.11329893181973e-54,0.984763846669059,3.75640899456813,332.820960669557,0.985801759489331,3.6903915915204,333.123845335755,TRUE,1.71890343975353,0.0293395866856407,4.19279836794892,2026-06-11 11:39:22,2026-06-11 11:40:21,"Time changed"
"44","2026-06-11 12:38:38","Collar_44_2026-06-11 12:38:38",2026-06-11 12:39:52.5,361.407062639091,1.19803521578631,7.0004882157454e-48,0.974435786911971,4.75757347747845,295.33520127401,1.68210790415964,0.020449728142643,5096.49632594471,1.26725080470215,9.38442785173857e-62,0.991500598427282,2.74323785024896,298.754740372069,0.991582428136218,2.7783227148546,295.685656282351,TRUE,1.67437438151796,0.0188427588817234,2.7755481183195,2026-06-11 12:39:23,2026-06-11 12:40:22,"Time changed"
"44","2026-06-11 13:38:37","Collar_44_2026-06-11 13:38:37",2026-06-11 13:39:51.5,NA,NA,NA,NA,NA,322.946939207198,1.45118505663961,0.0257405457602998,4952.75219048222,1.59511789597789,2.34268198006371e-52,0.982078915528586,3.45297692581422,323.061214739455,0.983202738811398,3.40212881824095,322.948700797407,TRUE,1.45215679695851,0.0266799392340068,3.81019647211157,2026-06-11 13:39:22,2026-06-11 13:40:21,"Time changed"
"44","2026-06-11 14:38:39","Collar_44_2026-06-11 14:38:39",2026-06-11 14:39:53.5,375.023602943543,1.06166674787951,8.87860389220213e-42,0.958507557430303,5.32924157178814,312.349515923968,1.47443458234484,0.0235648346610646,5200.86932365279,1.46029108448812,6.1190870871789e-55,0.985401143745599,3.16111519557523,310.794439119488,0.986692090289926,3.07153743233042,312.568638361295,TRUE,1.4643648272145,0.023900542229034,2.82567179038625,2026-06-11 14:39:24,2026-06-11 14:40:23,"Time changed"
"44","2026-06-11 15:38:38","Collar_44_2026-06-11 15:38:38",2026-06-11 15:39:52.5,NA,NA,NA,NA,NA,348.33072556236,1.23413948994663,0.0318042191198992,5318.66180591488,1.97087814524887,3.42507893347799e-43,0.962910178210818,4.26639107760985,350.103722778703,0.96426159525945,4.26207270473517,348.670070530984,TRUE,1.21753201521048,0.030670297409801,3.78633705104829,2026-06-11 15:39:23,2026-06-11 15:40:22,"Time changed"
"44","2026-06-11 16:38:38","Collar_44_2026-06-11 16:38:38",2026-06-11 16:39:52.5,NA,NA,NA,NA,NA,325.894498154794,1.90727529253161,0.0263806396882732,4714.23958027996,1.63478392672662,1.55479574453964e-58,0.989025634488528,3.53884260963569,321.461746094089,0.990464551478377,3.35708303751293,325.969717807143,TRUE,1.9136495414898,0.0267459252804338,3.76407746795001,2026-06-11 16:39:23,2026-06-11 16:40:22,"Time changed"
"44","2026-06-11 17:38:41","Collar_44_2026-06-11 17:38:41",2026-06-11 17:39:55.5,475.732649077274,4.59707058236122,1.18961723882648e-56,0.987255500025893,12.3351262489081,370.41550982789,6.19642745426126,0.0382306988080775,5423.51972713208,2.36912116830715,9.25045301809223e-79,0.997797013037361,5.12847404524135,331.037593414545,0.998930866105565,3.63595274931665,370.528189801341,TRUE,6.188905463752,0.0414676889888546,5.32151045812026,2026-06-11 17:39:26,2026-06-11 17:40:25,"Time changed"
"44","2026-06-11 18:38:42","Collar_44_2026-06-11 18:38:42",2026-06-11 18:39:56.5,467.88606551795,3.40389483237171,6.79886035631618e-52,0.981408462594264,11.554359233968,332.152076367026,4.8062409989163,0.0277927968521194,5761.19001157287,1.7222940045999,2.17329593232875e-80,0.998064291621664,3.72827705860936,324.970251325613,0.998393416947877,3.4566848603458,332.160239501167,TRUE,4.80642864562117,0.028353155607356,3.99524436623209,2026-06-11 18:39:27,2026-06-11 18:40:26,"Time changed"
"44","2026-06-11 19:38:41","Collar_44_2026-06-11 19:38:41",2026-06-11 19:39:55.5,462.82028199019,4.07893133400661,3.10380589640331e-55,0.985738800118402,11.0767456677993,368.236187764106,5.25812755594551,0.0375426571089582,5398.08195783757,2.32648385837346,4.31963695382776e-75,0.997051958698661,5.03617638639679,351.601384342039,0.997909867222604,4.31559888093951,368.275449598263,TRUE,5.26065876868907,0.040079155852224,4.30289023157296,2026-06-11 19:39:26,2026-06-11 19:40:25,"Time changed"
"44","2026-06-11 20:38:39","Collar_44_2026-06-11 20:38:39",2026-06-11 20:39:53.5,443.010966710167,4.57124741787173,7.85947258857988e-60,0.990098797118841,9.39117387342728,385.936034702615,5.34788325649756,0.0435093794277326,5563.30940058543,2.69623614100326,8.19534831690641e-72,0.996175577841801,5.83658499782744,332.34644637674,0.998535401836063,3.67582754273439,386.029125385223,TRUE,5.34146628127687,0.0427532700932944,6.63480712144809,2026-06-11 20:39:24,2026-06-11 20:40:23,"Time changed"
"44","2026-06-11 21:38:42","Collar_44_2026-06-11 21:38:42",2026-06-11 21:39:56.5,466.78017769359,4.00263809648241,1.01528458668437e-54,0.985144073457524,11.4483665077742,332.194231736561,5.32830516050068,0.0278025620307614,4225.79372352744,1.72289914371988,5.66208891276808e-83,0.998423354040693,3.72958701282873,310.003984742873,0.998981026586061,3.05137133843341,332.441314609014,TRUE,5.31475155520516,0.0266604644403756,3.59631508730589,2026-06-11 21:39:27,2026-06-11 21:40:26,"Time changed"
"44","2026-06-11 22:38:43","Collar_44_2026-06-11 22:38:43",2026-06-11 22:39:57.5,457.009346340285,4.75855680301234,1.37769531245626e-59,0.989905331653652,10.5531401705898,370.737937268648,5.95597215622621,0.038333558819697,4697.17341551274,2.37549530842222,1.06753550142551e-77,0.997603161493266,5.14227224711392,287.369872421698,0.999441211277817,2.52685009686006,371.942252399165,TRUE,5.92114111638254,0.0382796691498531,4.73675769081439,2026-06-11 22:39:28,2026-06-11 22:40:27,"Time changed"
"44","2026-06-11 23:38:42","Collar_44_2026-06-11 23:38:42",2026-06-11 23:39:56.5,481.422389468159,4.53403670318227,3.74905981755059e-55,0.985645636875159,12.9340774125078,378.750730143644,6.12093466734044,0.0409806086836714,4592.34242092888,2.53953054873495,1.04647252769645e-76,0.997406885599836,5.49736192496686,353.316362636441,0.998412299357712,4.37771803118557,379.428047129791,TRUE,6.1480016027854,0.0382866230182536,5.32745754892152,2026-06-11 23:39:27,2026-06-11 23:40:26,"Time changed"
"45","2026-06-11 00:26:36","Collar_45_2026-06-11 00:26:36",2026-06-11 00:27:50.5,461.163969436655,6.52390988454851,4.09890043579312e-65,0.993490468405707,10.9249080150588,438.812125772051,7.6701683539732,0.0676001786722354,6001.1720018482,4.18912076595106,8.32505254535722e-70,0.99551500772022,9.06825594569011,314.28076221207,0.999473472974636,3.16208278915416,439.034864474835,TRUE,7.64333704235782,0.0678924357697795,11.2417185194217,2026-06-11 00:27:21,2026-06-11 00:28:20,"Time changed"
"45","2026-06-11 00:47:46","Collar_45_2026-06-11 00:47:46",2026-06-11 00:49:00.5,446.148061107594,6.92465933341987,6.03408515033551e-68,0.994801211141054,9.63991944117657,449.306568432208,7.56949997321116,0.0737782752497498,6128.09061554527,4.57197171657357,2.77760086764439e-67,0.994520206183851,9.89701945079462,299.975194385861,0.999574485147383,2.80672368795792,450.145870829161,TRUE,7.51286942913203,0.0720844323088198,10.4935415465471,2026-06-11 00:48:31,2026-06-11 00:49:30,"Time changed"
"45","2026-06-11 01:47:42","Collar_45_2026-06-11 01:47:42",2026-06-11 01:48:56.5,924.329203525722,6.16720310320074,4.61205949818839e-126,0.992150054069397,11.1991368381708,857.394384599593,7.22143099899911,0.0446653800893159,5908.8947445248,2.76787243652803,2.34805271482023e-140,0.995506119932167,8.47348290049877,688.22259043486,0.998938568783646,4.15345161400645,857.860029889031,TRUE,7.19296967401255,0.04514948966479,8.60523830035101,2026-06-11 01:48:27,2026-06-11 01:49:26,"Time changed"
"45","2026-06-11 02:47:42","Collar_45_2026-06-11 02:47:42",2026-06-11 02:48:56.5,948.246915624129,5.1833076303602,4.84905620559512e-118,0.989264600777266,12.372717426453,787.294497686201,6.82803262825726,0.0333519367706643,4931.14641068459,2.06678878155185,2.0705501881455e-152,0.997192550359315,6.32720611264519,673.181364436779,0.998950828967357,3.90113652670766,791.417268965616,TRUE,6.77019266869892,0.0330441246037654,4.57542360751929,2026-06-11 02:48:27,2026-06-11 02:49:26,"Time changed"
"45","2026-06-11 03:47:39","Collar_45_2026-06-11 03:47:39",2026-06-11 03:48:53.5,932.789834461485,7.14246323848791,3.89141445177927e-132,0.993806628189664,11.600977203088,918.259332853494,8.41756147579163,0.0575585481211974,6123.52651554495,3.56685017596757,3.07103738305023e-135,0.99451294246373,10.9194497462514,701.756817225237,0.999126396632816,4.39440576263851,918.356025271591,TRUE,8.40186820866854,0.0599187111023797,12.6445211191314,2026-06-11 03:48:24,2026-06-11 03:49:23,"Time changed"
"45","2026-06-11 04:47:42","Collar_45_2026-06-11 04:47:42",2026-06-11 04:48:56.5,921.073590931804,5.92224252379637,7.12281305726122e-126,0.992092017148447,11.0482456962104,870.981626584622,7.09539225300833,0.0472669923227596,5396.96023227931,2.92909194875615,1.43228210192861e-136,0.994790730157315,8.96703555200943,731.469815872456,0.99842460199073,4.97356295408976,871.887794758277,TRUE,7.05302627693809,0.0477975907209973,9.11924602818696,2026-06-11 04:48:27,2026-06-11 04:49:26,"Time changed"
"45","2026-06-11 05:47:44","Collar_45_2026-06-11 05:47:44",2026-06-11 05:48:58.5,947.774841087845,5.35051784945536,7.43132626924247e-120,0.989998500788023,12.348404492279,801.363894010903,7.05970095168252,0.0353655551979579,5393.28596118143,2.1915708595605,4.04293901230572e-151,0.997047525071862,6.709210279579,669.714687146265,0.999046643420356,3.84519162464985,801.680605584355,TRUE,7.04306601637269,0.035107511208319,5.84276638255941,2026-06-11 05:48:29,2026-06-11 05:49:28,"Time changed"
"45","2026-06-11 06:47:41","Collar_45_2026-06-11 06:47:41",2026-06-11 06:48:55.5,373.376190429422,1.64628695510878,1.9114807631845e-47,0.973535203691142,5.25657932211882,371.637928751037,1.81072018325493,0.0386221386011733,6039.82973097429,2.39337833149939,8.24765374428375e-48,0.974290916303345,5.1809839098725,364.342136109766,0.978702681559115,4.79900707330289,371.954038111481,TRUE,1.799883700364,0.0363589052840159,4.17553817681168,2026-06-11 06:48:26,2026-06-11 06:49:25,"Time changed"
"45","2026-06-11 07:47:47","Collar_45_2026-06-11 07:47:47",2026-06-11 07:49:01.5,NA,NA,NA,NA,NA,389.272234995604,1.762455551145,0.0447359846277031,5008.3319018956,2.77224773469643,1.46776267867863e-43,0.963977604276292,6.00112849632289,392.837572829079,0.964237620853872,6.08526946807189,389.273478139609,TRUE,1.76134296170315,0.0460586559601066,7.89916455280914,2026-06-11 07:48:32,2026-06-11 07:49:31,"Time changed"
"45","2026-06-11 08:47:45","Collar_45_2026-06-11 08:47:45",2026-06-11 08:48:59.5,NA,NA,NA,NA,NA,352.300143986985,1.89759745853999,0.0328738478857555,5037.58496610375,2.0371620540035,6.10289917999158e-53,0.982890936958606,4.40987690273891,355.747964460625,0.983047669221625,4.46733011161793,352.30795559313,TRUE,1.89486046007699,0.0339759732421683,5.43899006415847,2026-06-11 08:48:30,2026-06-11 08:49:29,"Time changed"
"45","2026-06-11 09:47:42","Collar_45_2026-06-11 09:47:42",2026-06-11 09:48:56.5,374.626435960741,1.50127486544501,2.87346939604146e-50,0.978847371114428,5.31163240531336,330.387843188211,2.06288640942828,0.0273871777333363,4864.86295039467,1.69715816166374,1.47902741120063e-59,0.989880600588424,3.67386510204598,328.360151151116,0.990847813783945,3.55572564555421,330.414848263595,TRUE,2.06514999994824,0.0265470186249735,4.2212607890521,2026-06-11 09:48:27,2026-06-11 09:49:26,"Time changed"
"45","2026-06-11 10:47:38","Collar_45_2026-06-11 10:47:38",2026-06-11 10:48:52.5,361.917012572484,1.77682380975322,7.54820380877889e-53,0.982765117972827,4.777834199111,336.590677462297,2.05445762737846,0.0288400551169785,4470.61886078043,1.78719163402638,3.63374775233563e-58,0.988699694397529,3.86876198296182,324.658501478464,0.991334986307086,3.44771634031094,336.713548761431,TRUE,2.04800167930227,0.0299415323566905,4.05382444545948,2026-06-11 10:48:23,2026-06-11 10:49:22,"Time changed"
"45","2026-06-11 11:47:37","Collar_45_2026-06-11 11:47:37",2026-06-11 11:48:51.5,NA,NA,NA,NA,NA,293.858550636061,1.91106561654618,0.0201996275609257,4495.11426947924,1.25175230216818,2.97649212663903e-65,0.993561889230619,2.7096879968059,292.678590873311,0.994094391600575,2.64114576917957,293.917907839037,TRUE,1.91420993574055,0.0222338838388969,2.6974955454712,2026-06-11 11:48:22,2026-06-11 11:49:21,"Time changed"
"45","2026-06-11 12:47:38","Collar_45_2026-06-11 12:47:38",2026-06-11 12:48:52.5,377.600910017281,1.57903311241036,9.30682667359006e-49,0.976153370526674,5.4449386700012,344.129457019897,1.98807584444775,0.0307100015991256,4663.66228279457,1.90307049401521,8.72293402869485e-56,0.986349374626118,4.11960678304838,342.765006097044,0.987516873902736,4.00923167218608,344.182707226803,TRUE,1.98213045097716,0.0294616819980409,4.4674227307053,2026-06-11 12:48:23,2026-06-11 12:49:22,"Time changed"
"45","2026-06-11 13:47:39","Collar_45_2026-06-11 13:47:39",2026-06-11 13:48:53.5,380.241445480809,1.29772233320596,3.50563567252146e-46,0.970744117602578,5.56607954911434,341.817029066533,1.83318525663602,0.0301238782191787,4438.79073880061,1.8667489683836,2.99341869326492e-54,0.98457987120099,4.04098100232549,344.309144738134,0.984962571667794,4.06115510603082,341.971143878051,TRUE,1.83074430267223,0.030596962912885,4.1448170552243,2026-06-11 13:48:24,2026-06-11 13:49:23,"Time changed"
"45","2026-06-11 14:47:43","Collar_45_2026-06-11 14:47:43",2026-06-11 14:48:57.5,NA,NA,NA,NA,NA,352.252849463973,1.86207368461069,0.0328608941639625,5119.86205254832,2.0363593238033,1.75243514188927e-52,0.982257357084995,4.40813921998458,353.463826749104,0.983063225997111,4.38310097384474,352.475922625749,TRUE,1.86904790016758,0.0393703428771718,3.72660203471753,2026-06-11 14:48:28,2026-06-11 14:49:27,"Time changed"
"45","2026-06-11 15:47:39","Collar_45_2026-06-11 15:47:39",2026-06-11 15:48:53.5,378.03678271361,1.15853294510367,3.53518172729999e-46,0.970735653730957,5.46475213299404,351.078801415074,1.79657782453524,0.0325409595545395,4648.87555312186,2.01653327093769,7.71636495514223e-52,0.981327156747468,4.36522144992663,349.296700621008,0.983042641162831,4.23350564585725,351.145520616456,TRUE,1.78890509951752,0.031540686676356,4.49312805343461,2026-06-11 15:48:24,2026-06-11 15:49:23,"Time changed"
"45","2026-06-11 16:47:38","Collar_45_2026-06-11 16:47:38",2026-06-11 16:48:52.5,456.981481583694,6.54036688191419,1.73801303742838e-65,0.993680214314239,10.5506899493948,457.23823060828,7.5107819742487,0.078819584461599,5318.94073823161,4.88437700191067,1.96767190513463e-65,0.993653113056909,10.5732881106168,361.929102383544,0.998787344830564,4.70346947425142,458.638136341039,TRUE,7.43011841608403,0.0733826198197553,9.75371152862696,2026-06-11 16:48:23,2026-06-11 16:49:22,"Time changed"
"45","2026-06-11 17:47:43","Collar_45_2026-06-11 17:47:43",2026-06-11 17:48:57.5,464.332511733197,7.42165174461384,8.63712110839828e-66,0.993830761155654,11.2172171155122,473.433981876721,8.07872295592711,0.0902087197484217,5575.15405513791,5.59015121838992,7.03174317252676e-64,0.992820235124331,12.1010887142477,393.096858533895,0.998239411878768,6.09843221160622,475.527692807205,TRUE,7.97419145279608,0.0830502882788002,11.6374713625469,2026-06-11 17:48:28,2026-06-11 17:49:27,"Time changed"
"45","2026-06-11 18:47:44","Collar_45_2026-06-11 18:47:44",2026-06-11 18:48:58.5,443.319318090978,6.84014095746277,1.196801553191e-68,0.995083262591345,9.41533641603218,466.321550099989,7.59562020236875,0.0850173904300482,6194.44460416628,5.26844932532347,8.07017043066952e-64,0.992786056750746,11.4046955407085,346.286350193659,0.999087199211011,4.12862389516026,467.818834643062,TRUE,7.50808059908356,0.0800628185264117,11.7862354949839,2026-06-11 18:48:29,2026-06-11 18:49:28,"Time changed"
"45","2026-06-11 19:47:44","Collar_45_2026-06-11 19:47:44",2026-06-11 19:48:58.5,473.760872389904,6.40577961645794,3.9668605138775e-63,0.99237891517729,12.1340980798694,462.668760985266,7.86605947749014,0.0824684601942455,5838.58982131548,5.11049446793272,1.8614058358671e-65,0.993665250939794,11.0627681638884,400.713576525153,0.997889769618644,6.49806456662452,464.327597658003,TRUE,7.78779413107304,0.0737800179334954,9.40110053244195,2026-06-11 19:48:29,2026-06-11 19:49:28,"Time changed"
"45","2026-06-11 20:47:40","Collar_45_2026-06-11 20:47:40",2026-06-11 20:48:54.5,467.37210847711,6.82465351740092,1.4039778201945e-64,0.993208192499876,11.5049780230368,459.937358065365,7.90176871335308,0.0806125406475431,5305.6473465635,4.99548484420493,3.85986432786501e-66,0.993999729211682,10.8138050132774,382.961165355567,0.998443870905758,5.6044874871617,461.313178895547,TRUE,7.82332914069981,0.0778678304625592,9.90121459858819,2026-06-11 20:48:25,2026-06-11 20:49:24,"Time changed"
"45","2026-06-11 21:47:45","Collar_45_2026-06-11 21:47:45",2026-06-11 21:48:59.5,486.063909383508,4.16321553772025,2.87761488662431e-53,0.983328652453528,13.4441601319834,361.217337575725,5.90519183794522,0.0354097565582423,4208.87180608259,2.1943099771174,1.77632714658453e-79,0.997918861013883,4.75005749617351,352.827819715118,0.99830713329171,4.35993173515919,361.302964650042,TRUE,5.8961700151811,0.0343381167361271,5.79936993532486,2026-06-11 21:48:30,2026-06-11 21:49:29,"Time changed"
"45","2026-06-11 22:47:46","Collar_45_2026-06-11 22:47:46",2026-06-11 22:49:00.5,470.640659571532,5.51510929597611,4.81808315533931e-61,0.991007434841529,11.8226565726313,407.592676320158,7.06687634660431,0.0521147775824501,4825.9505569008,3.22950473314694,2.80091766644906e-74,0.99685567757568,6.99095994940724,319.821811127171,0.999318811354226,3.3115167882073,407.608431327686,TRUE,7.06184258056805,0.0556847544441538,7.98303208340119,2026-06-11 22:48:31,2026-06-11 22:49:30,"Time changed"
"49","2026-06-11 01:09:28","Collar_49_2026-06-11 01:09:28",2026-06-11 01:10:27.5,1110.01372437551,13.626282541202,7.1574010927232e-81,0.954220352525065,24.276825467897,1220.94249040302,6.11059791271999,0.203157691129241,7827.45703260619,12.5894948709909,3.60840519781605e-57,0.884618272885528,38.5411076418939,825.163318695335,0.995876291416608,7.34871942776494,1229.48705784971,TRUE,5.60038576643417,0.164968036377751,32.2377523387896,2026-06-11 01:09:58,2026-06-11 01:10:57,NA
"49","2026-06-11 02:09:30","Collar_49_2026-06-11 02:09:30",2026-06-11 02:10:29.5,944.210467526188,6.82742663521941,1.0809777849126e-112,0.986773167704722,12.166366584307,1076.99792914014,5.93498058320369,0.111521062657304,7119.18568384852,6.91085746509304,2.47482275790244e-84,0.9600027902228,21.1566948626092,917.312222153725,0.989775752164623,10.7884901063357,1082.60611637796,TRUE,5.70017168871875,0.087213904377517,15.4152945932076,2026-06-11 02:10:00,2026-06-11 02:10:59,NA
"49","2026-06-11 03:09:28","Collar_49_2026-06-11 03:09:28",2026-06-11 03:10:27.5,1068.01041514041,13.7103794838677,1.01421594709485e-94,0.973330080416266,20.3790705826793,1201.80814788289,6.84862395011695,0.187589497946769,6877.31917876566,11.6247482885116,3.87291925716707e-66,0.918669798548195,35.5876609576937,941.793821518064,0.990989432612076,11.9470752439166,1205.07040007788,TRUE,6.5316541724925,0.170327781313992,26.5098217631672,2026-06-11 03:09:58,2026-06-11 03:10:57,NA
"49","2026-06-11 04:09:26","Collar_49_2026-06-11 04:09:26",2026-06-11 04:10:25.5,948.429591277108,10.140424492127,9.11503573505441e-121,0.990347929519415,12.3821384873909,1150.33746297733,7.02679985470988,0.151380247494942,6727.70567033961,9.38089441169379,1.20802461112761e-77,0.948078235987188,28.718392993783,778.094848627381,0.997742217972053,6.04002073717082,1153.3410887546,TRUE,6.80352264645751,0.14305676343506,28.7739244240321,2026-06-11 04:09:56,2026-06-11 04:10:55,NA
"49","2026-06-11 05:09:30","Collar_49_2026-06-11 05:09:30",2026-06-11 05:10:29.5,916.815399282972,9.17166780090801,4.38888366972992e-119,0.989692895921667,10.8539513089714,1099.27728035573,5.97560285566959,0.122369371495067,6873.33129776455,7.5831171649981,4.08501306988081e-80,0.952849290841671,23.2147308460107,811.846193927297,0.995843153796736,6.95206022335458,1107.38060570985,TRUE,5.67511428350729,0.094334153509125,19.4696266255964,2026-06-11 05:10:00,2026-06-11 05:10:59,NA
"49","2026-06-11 06:09:28","Collar_49_2026-06-11 06:09:28",2026-06-11 06:10:27.5,989.784837522499,10.2725914440365,5.65200280957047e-108,0.984099211302803,14.7106028431162,1147.94056947703,6.47848072849371,0.149875928809088,6871.61699460873,9.28767316924597,3.40836582244573e-74,0.940597688215175,28.4330082363714,865.264262921144,0.994551371512972,8.6851384264968,1148.29808402485,TRUE,6.48731951663768,0.157083016238767,27.2654423516052,2026-06-11 06:09:58,2026-06-11 06:10:57,NA
"49","2026-06-11 07:09:28","Collar_49_2026-06-11 07:09:28",2026-06-11 07:10:27.5,1003.7237702676,6.99471492385671,3.56888011461586e-83,0.958152782949438,15.5902762416395,1108.9535879462,4.13858791867375,0.127403861684623,6044.07617185732,7.89509988180866,1.08529313028326e-60,0.899421306213147,24.1698255177368,839.522202399393,0.989697922599223,7.80180215585177,1118.83529200234,TRUE,3.79238871841073,0.0979241353564684,20.0961050667744,2026-06-11 07:09:58,2026-06-11 07:10:57,NA
"49","2026-06-11 08:09:27","Collar_49_2026-06-11 08:09:27",2026-06-11 08:10:26.5,481.094248578853,7.97861207905871,1.14642145238903e-50,0.97950686251211,12.8987573954035,547.402883837923,4.95462040372734,0.167090170532482,5814.27984909434,10.3544238626608,9.70898364673562e-37,0.938117712335043,22.4143850232142,421.974230833307,0.99284300802373,7.75762703379489,550.09346876697,TRUE,4.72056957858191,0.148837250044752,18.5224390219222,2026-06-11 08:09:57,2026-06-11 08:10:56,NA
"49","2026-06-11 09:09:26","Collar_49_2026-06-11 09:09:26",2026-06-11 09:10:25.5,476.555357990041,9.74763585474551,2.62815520144293e-57,0.987901953407793,12.4199852952857,568.612685641708,6.22819178136997,0.199393838803729,5659.31575292486,12.3562524114817,5.6606768076363e-38,0.943888948189053,26.7477749287153,412.95901271678,0.996078641121718,7.1961752901491,569.713286709761,TRUE,6.05279790379461,0.192342516970555,28.0140653942246,2026-06-11 09:09:56,2026-06-11 09:10:55,NA
"49","2026-06-11 10:09:28","Collar_49_2026-06-11 10:09:28",2026-06-11 10:10:27.5,419.431091044678,6.72709588297175,3.18850998049358e-68,0.994914303226863,7.71580895134005,503.295617805921,6.07896235548673,0.11569680967917,4982.58356887361,7.1696246592964,1.29062309512736e-50,0.979422995662071,15.5201998408538,411.071541583664,0.995861060670967,7.08387269563361,503.442638747965,TRUE,6.04145759147245,0.115365331079296,19.7377539207994,2026-06-11 10:09:58,2026-06-11 10:10:57,NA
"49","2026-06-11 11:09:29","Collar_49_2026-06-11 11:09:29",2026-06-11 11:10:28.5,480.748415813302,7.74935502655367,3.05824766765865e-56,0.986833816729587,12.8616374686058,557.444407676654,6.21139075333203,0.181673837070827,4822.51601140919,11.2581602364313,3.9086538641437e-40,0.95272799782842,24.3707174382145,450.601984006028,0.992547537817112,9.84773128825152,557.628003481796,TRUE,6.14334445476251,0.180856279951493,29.0151910958121,2026-06-11 11:09:59,2026-06-11 11:10:58,NA
"49","2026-06-11 12:09:26","Collar_49_2026-06-11 12:09:26",2026-06-11 12:10:25.5,486.787439564328,5.1566095316854,9.80261250595248e-48,0.974137407374755,13.5254654610112,537.378908516598,4.62908738054921,0.153699666745845,4999.17642386242,9.52462668488813,4.15380194120964e-37,0.939901266162741,20.6181099546569,482.304869044248,0.977547062562271,12.8254542719054,538.139009255709,TRUE,4.51891073565294,0.147813340255304,19.0493186059947,2026-06-11 12:09:56,2026-06-11 12:10:55,NA
"49","2026-06-11 13:09:26","Collar_49_2026-06-11 13:09:26",2026-06-11 13:10:25.655738,513.594471231932,8.19209149153967,2.81042155388232e-48,0.97361819153964,15.7736384938311,571.836515264253,5.35355789278407,0.189067501262994,4995.46905269259,11.7393445671735,4.90337278967074e-36,0.931456930038248,25.4250243691617,493.137600802581,0.982332224323765,13.1328540568721,575.196079796589,TRUE,5.0731264407685,0.155806601835831,21.1683788378033,2026-06-11 13:09:56,2026-06-11 13:10:55,NA
"49","2026-06-11 14:09:29","Collar_49_2026-06-11 14:09:29",2026-06-11 14:10:28.5,549.412615076151,9.6620634604261,2.78003621392265e-44,0.965985021100919,22.7929368708645,607.821264508975,6.69289299287225,0.276447274994984,4939.23378753858,17.1311828329192,5.2127547395048e-32,0.909957797778011,37.0841422963978,502.43730395395,0.985455506552734,15.1682147294716,608.955508085449,TRUE,6.45160535599438,0.271909617418941,38.2923352799854,2026-06-11 14:09:59,2026-06-11 14:10:58,NA
"49","2026-06-11 15:09:28","Collar_49_2026-06-11 15:09:28",2026-06-11 15:10:27.5,530.498559209791,13.3891107597531,2.59157151387659e-50,0.97892252504727,19.4691968790122,584.120311313306,7.41466822869606,0.226900630900221,4913.55942540238,14.0608229649829,4.74104652691874e-39,0.948483569229963,30.4376857525504,530.35992923445,0.980327381083515,19.1421104953222,584.605234025094,TRUE,7.43204626828337,0.188431988848202,25.4840167927934,2026-06-11 15:09:58,2026-06-11 15:10:57,NA
"49","2026-06-11 16:09:29","Collar_49_2026-06-11 16:09:29",2026-06-11 16:10:28.5,608.386965946738,12.2961476445121,1.73698776935167e-27,0.871148927487396,37.259376285832,631.808416654428,5.30237720679046,0.337617315078307,5179.90475940567,20.9218338371059,1.48406631086247e-22,0.809621390194357,45.2898244495949,549.941937497353,0.954491151178697,22.5350989786127,637.146829533288,TRUE,4.6546063496855,0.253007204041236,31.8035236205402,2026-06-11 16:09:59,2026-06-11 16:10:58,NA
"49","2026-06-11 17:09:32","Collar_49_2026-06-11 17:09:32",2026-06-11 17:10:31.5,NA,NA,NA,NA,NA,510.492088345819,7.44717636104044,0.122847487572026,5266.74772014609,7.61274557761272,3.72871865370779e-54,0.984462665187217,16.4794306978017,513.821218157044,0.984635423148323,16.6776258863473,510.839795617046,TRUE,7.41928685342567,0.133055088859001,12.7450978360833,2026-06-11 17:10:02,2026-06-11 17:11:01,NA
"49","2026-06-11 18:09:31","Collar_49_2026-06-11 18:09:31",2026-06-11 18:10:30.5,440.434704172862,8.55291502730432,6.82585664124655e-70,0.995545607522398,9.19170497395697,542.748560414827,7.72237874526844,0.160733478701162,5363.9011858655,9.96050552876924,2.06550594423402e-48,0.975489009217497,21.5616637785887,444.567509450152,0.995535737155653,9.36476099633146,543.507111219731,TRUE,7.60295541604876,0.149938638149386,23.6267781632593,2026-06-11 18:10:01,2026-06-11 18:11:00,NA
"49","2026-06-11 19:09:28","Collar_49_2026-06-11 19:09:28",2026-06-11 19:10:27.5,512.314725484322,9.42882322003533,5.19158574861167e-52,0.98158051864844,16.7316414051118,587.809220357726,6.76838384493624,0.23398408050335,5643.91126162521,14.4997778081484,3.73615786254321e-36,0.935177649770177,31.3878982407603,459.588637024484,0.992843836123503,10.6135329235576,589.674525022762,TRUE,6.49365719440315,0.224697510259274,29.7048631870382,2026-06-11 19:09:58,2026-06-11 19:10:57,NA
"49","2026-06-11 20:09:30","Collar_49_2026-06-11 20:09:30",2026-06-11 20:10:29.5,579.665676225401,15.4399419103187,5.85252769991563e-36,0.934167812055302,29.3284942810956,627.626066372087,5.99559024054782,0.326053060739265,6919.78204030277,20.205207654366,7.13716427557054e-26,0.853584461529094,43.7385324230465,458.718248466947,0.991795754469511,10.5368289558054,627.919828171342,TRUE,5.84754897653327,0.332774567366855,50.0233716304886,2026-06-11 20:10:00,2026-06-11 20:10:59,NA
"49","2026-06-11 21:09:27","Collar_49_2026-06-11 21:09:27",2026-06-11 21:10:26.5,553.982720535787,7.43631280298918,3.82438006910996e-47,0.972894982080025,23.6777292856528,583.02862656849,7.98336414669765,0.224845792244313,4524.3394281046,13.9334865073993,4.82200296703257e-41,0.956016379303217,30.1620385098233,557.213246595529,0.973240372686258,23.9428152870015,584.185992015542,TRUE,7.77547078673035,0.20660959250733,19.2561530095445,2026-06-11 21:09:57,2026-06-11 21:10:56,NA
"49","2026-06-11 22:09:29","Collar_49_2026-06-11 22:09:29",2026-06-11 22:10:28.5,389.693774719521,6.95811674761672,9.47248389692978e-73,0.996449791148143,6.02224651703859,495.948636387069,5.67795101529842,0.108825775614423,5108.93376762038,6.74383301126316,1.92306074917772e-50,0.979138177907504,14.5984819292371,394.873791621328,0.996379278260096,6.18940834280857,497.140549113606,TRUE,5.63220709419333,0.0973782208408858,11.4831809321868,2026-06-11 22:09:59,2026-06-11 22:10:58,NA
"49","2026-06-11 23:09:31","Collar_49_2026-06-11 23:09:31",2026-06-11 23:10:30.5,420.22822242942,9.00117747856404,8.47905830610027e-73,0.996463327710513,7.76723384283499,550.836334959501,7.29839077720886,0.171940021310523,5134.50217013217,10.65496464532,2.23907908479912e-45,0.968813412039827,23.0649704065298,409.427522845105,0.997236472544147,6.98748430912144,552.01899751315,TRUE,7.14822494757332,0.165926576367448,23.9527423560803,2026-06-11 23:10:01,2026-06-11 23:11:00,NA
"50","2026-06-11 00:43:12","Collar_50_2026-06-11 00:43:12",2026-06-11 00:44:11.5,NA,NA,NA,NA,NA,294.259884578194,0.107883401248517,0.0202672972915043,6127.94690344858,1.25594573300167,1.7241482644479e-06,0.328195437594781,2.71876558282291,296.311118713477,0.349664725135054,2.72231845884341,294.484674337339,TRUE,0.115655308122288,0.0203788136724838,2.36593450760206,2026-06-11 00:43:42,2026-06-11 00:44:41,NA
"50","2026-06-11 01:43:13","Collar_50_2026-06-11 01:43:13",2026-06-11 01:44:12.5,NA,NA,NA,NA,NA,1048.09193443862,-0.171567762372138,0.0988666360368874,5323.77581078528,6.12667431087657,0.0852903363011237,0.0248854494639483,18.756019722953,984.194640799949,0.446232916469077,14.2556964726219,1048.77391699374,TRUE,-0.224960079080842,0.100517807709259,19.0431841821401,2026-06-11 01:43:43,2026-06-11 01:44:42,NA
"50","2026-06-11 02:43:12","Collar_50_2026-06-11 02:43:12",2026-06-11 02:44:11.5,NA,NA,NA,NA,NA,814.118277572893,-0.420389338280496,0.037295832615658,4872.51079938667,2.31118837201916,1.90186704368318e-20,0.518470277207431,7.07540379812498,739.888035600144,0.749101299047958,5.151110852689,828.231900520362,TRUE,-0.299892034526216,0.0275511516926409,4.90552976451819,2026-06-11 02:43:42,2026-06-11 02:44:41,NA
"50","2026-06-11 03:43:14","Collar_50_2026-06-11 03:43:14",2026-06-11 03:44:13.5,748.607306216486,-0.280453661359578,1.74664871520124e-22,0.555019181566967,5.3852413857761,758.139022882595,-0.332772039410951,0.0295367337253778,5897.46400427344,1.83036416526761,1.95857221221905e-20,0.518232251273005,5.6034227775091,746.653781218314,0.576557188042262,5.2983899834947,758.208326328825,TRUE,-0.340457743968752,0.0307805162183925,6.19598649810073,2026-06-11 03:43:44,2026-06-11 03:44:43,NA
"50","2026-06-11 04:43:13","Collar_50_2026-06-11 04:43:13",2026-06-11 04:44:12.5,NA,NA,NA,NA,NA,999.573543861545,0.6367081410706,0.0807705057053545,5623.88470430957,5.00527379324278,1.77636289968491e-12,0.344955981342232,15.3229973100055,985.648447460329,0.435846355293275,14.3423128252472,1000.93970582064,TRUE,0.716278326896733,0.078758390446404,12.1609364831072,2026-06-11 04:43:43,2026-06-11 04:44:42,NA
"50","2026-06-11 05:43:12","Collar_50_2026-06-11 05:43:12",2026-06-11 05:44:11.5,NA,NA,NA,NA,NA,788.840215292906,0.759402609174538,0.0335674327919404,5157.98631351065,2.08014287136993,9.9314963629846e-45,0.812641608736406,6.36808792866818,753.461579241781,0.86505490216082,5.45083508099142,789.275100491287,TRUE,0.781316913203132,0.0358082773473427,5.75355968876264,2026-06-11 05:43:42,2026-06-11 05:44:41,NA
"50","2026-06-11 06:06:57","Collar_50_2026-06-11 06:06:57",2026-06-11 06:07:56.5,NA,NA,NA,NA,NA,452.081466013478,-0.986721354466226,0.0755042134113776,5230.62276603637,4.67892651367076,6.24448705385936e-19,0.746485549616545,10.1285461908638,430.45051135903,0.834621258367752,8.32540900062619,452.194308836129,TRUE,-1.0013661972254,0.0769135729293042,11.9861370120982,2026-06-11 06:07:27,2026-06-11 06:08:26,NA
"50","2026-06-11 06:27:57","Collar_50_2026-06-11 06:27:57",2026-06-11 06:28:56.5,NA,NA,NA,NA,NA,311.88714359478,0.00809940853978505,0.0234742116340241,5636.50338713654,1.4546752590287,0.731316715522149,0.00204835904032692,3.14895852942556,314.80251495148,0.0199263958397703,3.17586126608551,311.890039791671,TRUE,0.00878649220284155,0.0240665239140695,3.94072269282124,2026-06-11 06:28:27,2026-06-11 06:29:26,NA
"50","2026-06-11 07:27:57","Collar_50_2026-06-11 07:27:57",2026-06-11 07:28:56.5,NA,NA,NA,NA,NA,318.084798282224,-0.107908433615106,0.0247184409864772,5083.76847210413,1.53177900520723,5.29256248994815e-05,0.247316472279285,3.31586622767132,310.242792784038,0.382129987704729,3.05744981815331,318.092273852644,TRUE,-0.106625154431879,0.0247006407211174,3.63570962752367,2026-06-11 07:28:27,2026-06-11 07:29:26,NA
"50","2026-06-11 08:27:54","Collar_50_2026-06-11 08:27:54",2026-06-11 08:28:53.5,NA,NA,NA,NA,NA,328.627653019385,0.00194765348872135,0.0269883876518067,4725.15974321681,1.67244550787194,0.94271780798389,8.97847378145687e-05,3.62036922971336,314.659575156863,0.258854082333226,3.17208054362205,328.669931743485,TRUE,-0.00208555647618708,0.0274157480515048,3.29767167985739,2026-06-11 08:28:24,2026-06-11 08:29:23,NA
"50","2026-06-11 09:27:53","Collar_50_2026-06-11 09:27:53",2026-06-11 09:28:52.5,NA,NA,NA,NA,NA,310.940663352824,0.0982293315249168,0.0232897909049339,4616.53543599183,1.44324687642561,8.76637795819807e-05,0.234717299861487,3.12421932893928,294.788804673561,0.453037088359741,2.68800139459992,311.230783592822,TRUE,0.0907960646931996,0.0256857885874457,2.99465447634924,2026-06-11 09:28:23,2026-06-11 09:29:22,NA
"50","2026-06-11 10:27:58","Collar_50_2026-06-11 10:27:58",2026-06-11 10:28:57.5,NA,NA,NA,NA,NA,397.350698651564,0.125449721748017,0.0478513214226073,4448.67125682547,2.96530228450378,0.0111567500043165,0.105946594642902,6.41903673219002,394.949388713352,0.196419785180585,6.19330874852732,397.433929053462,TRUE,0.112158665573115,0.0486248518704068,6.90613207964154,2026-06-11 10:28:28,2026-06-11 10:29:27,NA
"50","2026-06-11 11:27:56","Collar_50_2026-06-11 11:27:56",2026-06-11 11:28:55.5,NA,NA,NA,NA,NA,331.764121717952,-0.107164203163855,0.027703089067975,4051.26289237789,1.71673489589918,0.00027992696458945,0.205085706841537,3.71624316812386,327.685461304774,0.305223673580765,3.535789974803,331.896388471273,TRUE,-0.112350580603399,0.0305437252428839,3.64548235601744,2026-06-11 11:28:26,2026-06-11 11:29:25,NA
"50","2026-06-11 12:27:52","Collar_50_2026-06-11 12:27:52",2026-06-11 12:28:51.5,NA,NA,NA,NA,NA,312.95160691838,-0.0248250828387797,0.0236833665643158,4200.38711849529,1.467636397283,0.298891449314645,0.0185915810627786,3.17701571030054,308.084917274672,0.153415058085461,3.00296123400234,312.960578566096,TRUE,-0.0227312730045882,0.0233795267587048,3.08862114246027,2026-06-11 12:28:22,2026-06-11 12:29:21,NA
"50","2026-06-11 13:27:54","Collar_50_2026-06-11 13:27:54",2026-06-11 13:28:53.5,334.21541542819,0.307501441497699,9.9312156419319e-15,0.646930540007502,3.79293719537353,328.628924388189,0.298470231944785,0.0269886735882726,4188.75951591876,1.67246322709119,6.52464488183663e-16,0.678320205391177,3.62040758678736,329.323339302996,0.695563191750176,3.58438076628966,328.8152526629,TRUE,0.288310888293787,0.0269498344006029,3.14902392230008,2026-06-11 13:28:24,2026-06-11 13:29:23,NA
"50","2026-06-11 14:27:55","Collar_50_2026-06-11 14:27:55",2026-06-11 14:28:54.5,NA,NA,NA,NA,NA,325.08600344141,0.10060047458626,0.0262034987004609,4329.47337292282,1.62380666298086,0.000307691354507479,0.202633589469543,3.51507995327138,320.971578903822,0.303495745666613,3.34339823953628,325.103460444749,TRUE,0.0975066683084169,0.0260589646621711,3.19976435693861,2026-06-11 14:28:25,2026-06-11 14:29:24,NA
"50","2026-06-11 15:27:55","Collar_50_2026-06-11 15:27:55",2026-06-11 15:28:54.5,NA,NA,NA,NA,NA,355.528032398249,-0.126873554912115,0.0337701242832845,4340.96653520691,2.09270347626993,0.000401125909144231,0.195727600152309,4.53010829754457,340.858613172404,0.410790958131046,3.94604184640127,355.573842519271,TRUE,-0.130466577831606,0.035526619133775,4.75057902179631,2026-06-11 15:28:25,2026-06-11 15:29:24,NA
"50","2026-06-11 16:27:55","Collar_50_2026-06-11 16:27:55",2026-06-11 16:28:54.5,NA,NA,NA,NA,NA,322.520757522407,0.400539509389455,0.0256492899946226,4346.65067811526,1.58946286028834,1.94108409202916e-22,0.807857753681768,3.44073538065953,321.290575468241,0.823897490987212,3.35229783447882,322.605011176802,TRUE,0.399902559043772,0.025266759874173,3.17680113894266,2026-06-11 16:28:25,2026-06-11 16:29:24,NA
"50","2026-06-11 17:27:54","Collar_50_2026-06-11 17:27:54",2026-06-11 17:28:53.5,NA,NA,NA,NA,NA,353.735781110298,-0.0386682986128478,0.0332695008621686,4425.63175047816,2.06168030428268,0.249884214789353,0.0227609495644782,4.46295194671453,337.931089599245,0.29749458575164,3.85093887625679,353.759178892929,TRUE,-0.0426392189388657,0.0332390016755866,5.38602801691426,2026-06-11 17:28:24,2026-06-11 17:29:23,NA
"50","2026-06-11 18:27:54","Collar_50_2026-06-11 18:27:54",2026-06-11 18:28:53.5,337.448990793349,0.691135090029255,7.77970283433757e-14,0.621210538633306,3.89653293183596,334.303083310117,0.287671743508759,0.028295476162129,4450.42344954494,1.753444578127,1.67604190785428e-14,0.640559466707767,3.79570919756674,335.554672065951,0.656652898102126,3.77542705361625,334.360447007914,TRUE,0.286928204150505,0.029590608971636,3.46430083890096,2026-06-11 18:28:24,2026-06-11 18:29:23,NA
"50","2026-06-11 19:27:57","Collar_50_2026-06-11 19:27:57",2026-06-11 19:28:56.5,NA,NA,NA,NA,NA,321.627494446895,-0.0150560338117099,0.0254590691642886,4629.43289432155,1.57767505075707,0.55656249262385,0.00599373104111481,3.41521812301981,323.530318379186,0.0401369874930649,3.4154544392721,321.834388791068,TRUE,-0.0227950082511243,0.0244765364461962,3.06538458286678,2026-06-11 19:28:27,2026-06-11 19:29:26,NA
"50","2026-06-11 20:27:54","Collar_50_2026-06-11 20:27:54",2026-06-11 20:28:53.5,NA,NA,NA,NA,NA,333.08171475664,-0.00926932257545686,0.0280089434376891,5172.08234383718,1.73568840928764,0.741881313475971,0.00188475643046394,3.75727213818211,336.623785486434,0.00947352999845306,3.80921366840419,333.329342643966,TRUE,-0.00442226067143234,0.027725095590115,3.45870871402384,2026-06-11 20:28:24,2026-06-11 20:29:23,NA
"50","2026-06-11 21:27:54","Collar_50_2026-06-11 21:27:54",2026-06-11 21:28:53.5,303.326319669763,0.541856166910508,2.94638971807998e-17,0.710686893560516,2.93213718911491,298.89249875077,0.264657822468576,0.0210650176704004,4025.95030145048,1.30537972963145,3.40927856455596e-18,0.731295436362807,2.82577613680379,302.768264290099,0.731851233530279,2.87281802503765,298.987184045905,TRUE,0.259224065637766,0.0206551289336467,2.60517271812639,2026-06-11 21:28:24,2026-06-11 21:29:23,NA
"50","2026-06-11 22:27:52","Collar_50_2026-06-11 22:27:52",2026-06-11 22:28:51.5,NA,NA,NA,NA,NA,298.39738646817,0.0829443405014972,0.0209782838144162,4156.29924902713,1.30000491251779,0.000211614731924417,0.212306338576389,2.81414118523015,296.247501244948,0.289043552479955,2.7208756162615,298.581983596921,TRUE,0.0912882715248255,0.0199072941821709,2.42155197517074,2026-06-11 22:28:22,2026-06-11 22:29:21,NA
"50","2026-06-11 23:27:56","Collar_50_2026-06-11 23:27:56",2026-06-11 23:28:55.5,NA,NA,NA,NA,NA,320.496385884198,0.272696163507043,0.0252202218493014,4426.39106247951,1.56287390279035,1.5846483696527e-15,0.668405275994269,3.38317784403259,318.976906768753,0.69754811897523,3.28828272015197,320.546463351929,TRUE,0.271760048822729,0.0267151569429144,2.96672575227647,2026-06-11 23:28:26,2026-06-11 23:29:25,NA
"51","2026-06-11 00:46:12","Collar_51_2026-06-11 00:46:12",2026-06-11 00:47:11.5,NA,NA,NA,NA,NA,287.697003900112,-0.00398270010467768,0.0191886305322582,6125.63321765635,1.18910174812689,0.836303332226945,0.000742192917711735,2.57406735206262,287.512543376873,0.0680568622912224,2.52985611777962,288.106957227857,TRUE,0.002417543048535,0.0186798336162445,2.23630209913448,2026-06-11 00:46:42,2026-06-11 00:47:41,NA
"51","2026-06-11 01:46:13","Collar_51_2026-06-11 01:46:13",2026-06-11 01:47:12.5,NA,NA,NA,NA,NA,1070.22304765384,-1.80355049729278,0.108416989123498,5284.23091173975,6.71850088919471,9.99459914180405e-33,0.701064228724792,20.5678201243219,1031.5357441133,0.790546614919414,17.3642097410445,1071.13004632827,TRUE,-1.76743799801482,0.115730266392942,19.7927792163773,2026-06-11 01:46:43,2026-06-11 01:47:42,NA
"51","2026-06-11 02:46:12","Collar_51_2026-06-11 02:46:12",2026-06-11 02:47:11.5,NA,NA,NA,NA,NA,693.719661088409,-0.12406589407488,0.0225835257707064,4809.19575094881,1.39948027701461,2.30078384347679e-07,0.203671992232919,4.28432757245982,677.597029714674,0.326611400890142,3.97357635039516,693.802895193246,TRUE,-0.119521850947233,0.0211156775896421,4.4168397034708,2026-06-11 02:46:42,2026-06-11 02:47:41,NA
"51","2026-06-11 03:46:14","Collar_51_2026-06-11 03:46:14",2026-06-11 03:47:13.5,NA,NA,NA,NA,NA,1165.2897813565,-1.86455217573941,0.161111422910731,5802.61863929289,9.9839263830891,3.6651012300451e-21,0.531626558315589,30.5644972544554,1145.79661842269,0.614905186708499,27.9522627314746,1167.57889312712,TRUE,-1.80169546515924,0.155381166657542,23.822299337784,2026-06-11 03:46:44,2026-06-11 03:47:43,NA
"51","2026-06-11 04:46:12","Collar_51_2026-06-11 04:46:12",2026-06-11 04:47:11.5,NA,NA,NA,NA,NA,781.536734866463,1.07231206071046,0.0325613227836536,5722.8925482087,2.01779516147732,2.52735600412058e-61,0.901872884097685,6.1772184916637,696.679245805113,0.953204611408715,4.30241187588239,782.471144507137,TRUE,1.10139907657816,0.0317713869564976,5.70931388927094,2026-06-11 04:46:42,2026-06-11 04:47:41,NA
"51","2026-06-11 05:46:11","Collar_51_2026-06-11 05:46:11",2026-06-11 05:47:10.5,NA,NA,NA,NA,NA,850.799905421843,0.423786622184835,0.0434548170736961,5369.26237353677,2.69285496221316,7.75352974136873e-17,0.446291045775645,8.2438266210197,832.781152891775,0.539114522190274,7.58571631228604,850.826137919312,TRUE,0.421029863976807,0.046279210960783,10.19222265472,2026-06-11 05:46:41,2026-06-11 05:47:40,NA
"51","2026-06-11 06:09:57","Collar_51_2026-06-11 06:09:57",2026-06-11 06:10:56.5,349.873743017349,0.713961630167372,7.59614991858645e-25,0.841182643945612,4.3216045969814,353.848691468637,0.560987119049833,0.0333008195212299,5090.36601302328,2.06362109271863,5.22019066495727e-24,0.830304784368117,4.46715320212275,341.192994677844,0.871438288751405,3.95705287557143,353.917836352774,TRUE,0.562827830075463,0.0321128289018271,4.29950626147612,2026-06-11 06:10:27,2026-06-11 06:11:26,NA
"51","2026-06-11 06:30:57","Collar_51_2026-06-11 06:30:57",2026-06-11 06:31:56.5,NA,NA,NA,NA,NA,311.802446695492,-0.125423006131442,0.0234576492051662,5622.72986279129,1.45364890057779,1.57931206559112e-06,0.330162070219121,3.14673675506171,312.709639938026,0.363815250378694,3.1209524739831,311.855589842867,TRUE,-0.120157803944275,0.0242871228513027,2.90466619648391,2026-06-11 06:31:27,2026-06-11 06:32:26,NA
"51","2026-06-11 07:30:58","Collar_51_2026-06-11 07:30:58",2026-06-11 07:31:57.5,NA,NA,NA,NA,NA,308.502134504913,-0.10967173727259,0.0228212936522418,5053.66320035347,1.41421453348523,1.13011933039963e-05,0.284785205166022,3.06137255721899,298.851519964651,0.430321214600353,2.7805643264959,308.594503694182,TRUE,-0.11632759622278,0.0235861187577144,2.75826716617225,2026-06-11 07:31:28,2026-06-11 07:32:27,NA
"51","2026-06-11 08:30:53","Collar_51_2026-06-11 08:30:53",2026-06-11 08:31:52.5,NA,NA,NA,NA,NA,307.552078313301,-0.00395937866471079,0.0226413277383655,4718.87715695485,1.40306221167498,0.861787705169344,0.000526979081937693,3.03723094989509,308.358191205902,0.0523391271363409,3.00980761846809,307.58873118507,TRUE,-0.00773087647429354,0.0242778452530923,2.52226184839995,2026-06-11 08:31:23,2026-06-11 08:32:22,NA
"51","2026-06-11 09:30:51","Collar_51_2026-06-11 09:30:51",2026-06-11 09:31:50.5,296.837879622755,0.135493012580514,0.0168584451149041,0.0945395898743566,2.77780553335388,298.560346877321,-0.0432712071146473,0.0210067917479179,4615.07242107668,1.30177152288143,0.0439082249903877,0.0681691168416222,2.81796539461175,293.673908102322,0.196446288819901,2.66314335286342,298.622100211747,TRUE,-0.0418505624330196,0.0214911603203113,2.83075454040538,2026-06-11 09:31:21,2026-06-11 09:32:20,NA
"51","2026-06-11 10:30:59","Collar_51_2026-06-11 10:30:59",2026-06-11 10:31:58.5,NA,NA,NA,NA,NA,312.977540394523,-0.0731083464368235,0.0236884853842638,4458.85752014287,1.46795360583722,0.00310563803026316,0.141057291212271,3.17770237667244,316.755795956202,0.144225861973075,3.22797886237023,312.987543337565,TRUE,-0.0730791418408432,0.0253018209988973,3.09868504057545,2026-06-11 10:31:29,2026-06-11 10:32:28,NA
"51","2026-06-11 11:30:55","Collar_51_2026-06-11 11:30:55",2026-06-11 11:31:54.5,NA,NA,NA,NA,NA,291.234219138527,-0.0137009270617961,0.0197626686732134,4036.52725440289,1.22467436263703,0.490905178772565,0.00821857843923851,2.65107195304171,290.432619980622,0.0844947586640797,2.59217269486859,291.32748627604,TRUE,-0.01938996629915,0.0211996517117558,2.61214009147957,2026-06-11 11:31:25,2026-06-11 11:32:24,NA
"51","2026-06-11 12:30:52","Collar_51_2026-06-11 12:30:52",2026-06-11 12:31:51.5,NA,NA,NA,NA,NA,352.221657408299,0.280698003938115,0.0328523536169969,4165.54448545724,2.03583007397957,7.54955006177152e-12,0.557264867191957,4.40699354452453,326.339899819281,0.730937847326054,3.49636456990642,352.296814644722,TRUE,0.287308159025868,0.0361189074087345,4.55058238725929,2026-06-11 12:31:22,2026-06-11 12:32:21,NA
"51","2026-06-11 13:30:54","Collar_51_2026-06-11 13:30:54",2026-06-11 13:31:53.5,NA,NA,NA,NA,NA,342.752000218254,-0.0520470682493939,0.0303595029294059,4249.4336726768,1.88135041450359,0.0918025509900546,0.0482289414805798,4.07258898356811,339.955707702362,0.150155850460432,3.91646241052723,342.962047546311,TRUE,-0.0441897483453494,0.0316515247648324,4.2878335819841,2026-06-11 13:31:24,2026-06-11 13:32:23,NA
"51","2026-06-11 14:30:54","Collar_51_2026-06-11 14:30:54",2026-06-11 14:31:53.5,NA,NA,NA,NA,NA,321.938698569009,0.0844671834816128,0.025525179578785,4333.21281191877,1.58177185221014,0.0016119039385388,0.158818205629405,3.42408653388949,315.960405840384,0.287697327908953,3.20665376049795,321.971980839971,TRUE,0.0827117038732497,0.0266541807888788,3.9806854921029,2026-06-11 14:31:24,2026-06-11 14:32:23,NA
"51","2026-06-11 15:30:54","Collar_51_2026-06-11 15:30:54",2026-06-11 15:31:53.5,344.957263076599,0.207912591582647,3.26390364736574e-05,0.259222943167505,4.14812365885655,341.82504594068,0.149091424551913,0.0301258907809091,4320.5446833349,1.86687368497908,6.75698337173122e-06,0.296902134666871,4.0412509783113,338.689875065868,0.375733988168052,3.87536632861722,341.890319599522,TRUE,0.153841905456306,0.0348432101772793,3.7009904803893,2026-06-11 15:31:24,2026-06-11 15:32:23,NA
"51","2026-06-11 16:30:53","Collar_51_2026-06-11 16:30:53",2026-06-11 16:31:52.5,NA,NA,NA,NA,NA,343.404751238016,0.125112035147269,0.030525096205146,4390.67990488117,1.89161207717564,0.000130881242713925,0.224588830455392,4.0948025669756,336.57051350698,0.352691626724256,3.80752300743321,343.420630449439,TRUE,0.122049132798119,0.0321329781562472,5.06072132256934,2026-06-11 16:31:23,2026-06-11 16:32:22,NA
"51","2026-06-11 17:30:54","Collar_51_2026-06-11 17:30:54",2026-06-11 17:31:53.5,NA,NA,NA,NA,NA,322.527886820019,0.111921092548797,0.0256508138850726,4399.28006894209,1.58955729437498,5.33360389793918e-05,0.247124907091918,3.44093980361973,323.107783263367,0.288839879689037,3.40344934209643,322.613210740987,TRUE,0.113969094738584,0.0286099141915462,3.47759915900738,2026-06-11 17:31:24,2026-06-11 17:32:23,NA
"51","2026-06-11 18:30:53","Collar_51_2026-06-11 18:30:53",2026-06-11 18:31:52.5,NA,NA,NA,NA,NA,342.402266083172,0.368661944096663,0.0302711504539429,4485.10098242698,1.87587529303268,1.27341752279821e-17,0.718882845049945,4.06073690156669,330.985146743179,0.78258248983592,3.63436398304029,342.430121852229,TRUE,0.366020186927757,0.035131404605515,4.0983690485612,2026-06-11 18:31:23,2026-06-11 18:32:22,NA
"51","2026-06-11 19:30:56","Collar_51_2026-06-11 19:30:56",2026-06-11 19:31:55.5,NA,NA,NA,NA,NA,319.4289820913,0.0765550962500775,0.0249968819590775,4613.23885687999,1.54903373564318,0.00332432095913033,0.139203190699263,3.35321781541709,320.468376064107,0.180646963520552,3.32940753165042,319.688953465921,TRUE,0.0729093536629295,0.0249739894069254,3.13147373411184,2026-06-11 19:31:26,2026-06-11 19:32:25,NA
"51","2026-06-11 20:30:53","Collar_51_2026-06-11 20:30:53",2026-06-11 20:31:52.5,304.36312510815,-0.455904331094546,0.00793415721078888,0.115350007915458,2.95758074577357,304.257999445426,-0.0610370694677318,0.0220282614446228,5145.03855226487,1.36507105850845,0.00750039819873455,0.116898641121793,2.95499090005306,308.241687852393,0.117138688323595,3.00688693081404,304.276994658445,TRUE,-0.0580578788345579,0.0238381775008777,2.71600888698503,2026-06-11 20:31:23,2026-06-11 20:32:22,NA
"51","2026-06-11 21:30:53","Collar_51_2026-06-11 21:30:53",2026-06-11 21:31:52.5,NA,NA,NA,NA,NA,302.079220083614,0.159101223604289,0.0216319144570374,4053.98271293218,1.3405098009966,7.42211209732587e-10,0.482581739024795,2.90182275764099,296.255221041328,0.56072824849578,2.72105066027298,302.125467233202,TRUE,0.162549128772501,0.024859021415585,2.6809524725451,2026-06-11 21:31:23,2026-06-11 21:32:22,NA
"51","2026-06-11 22:30:52","Collar_51_2026-06-11 22:30:52",2026-06-11 22:31:51.5,NA,NA,NA,NA,NA,321.034484371551,0.0854272196538821,0.0253335671484996,4152.33540053299,1.5698978065125,0.00133337741038528,0.163916133603853,3.39838259945718,310.5287474004,0.343471146116469,3.0647442716275,321.165551375733,TRUE,0.0928938109497251,0.0242594270565973,2.78830158006345,2026-06-11 22:31:22,2026-06-11 22:32:21,NA
"51","2026-06-11 23:30:56","Collar_51_2026-06-11 23:30:56",2026-06-11 23:31:55.5,NA,NA,NA,NA,NA,310.531925738478,0.304714832443754,0.0232105974073958,4449.65140758333,1.43833932837498,5.11706751347606e-19,0.748210662747466,3.1135958820932,306.208788545756,0.780824271476657,2.95637682730977,310.616904294699,TRUE,0.299804205390413,0.0202390338689186,2.92646286756895,2026-06-11 23:31:26,2026-06-11 23:32:25,NA
"52","2026-06-11 00:49:13","Collar_52_2026-06-11 00:49:13",2026-06-11 00:50:12.5,NA,NA,NA,NA,NA,398.434063896734,0.00479237853272526,0.0482852812003931,6044.74336767732,2.99219437195704,0.921280967920458,0.000169813005893988,6.47725045902315,384.557388063206,0.25778359296476,5.67953560514044,398.871342272229,TRUE,-0.0111852879948145,0.0413083934090859,3.67305386995529,2026-06-11 00:49:43,2026-06-11 00:50:42,NA
"52","2026-06-11 01:49:12","Collar_52_2026-06-11 01:49:12",2026-06-11 01:50:11.5,NA,NA,NA,NA,NA,899.050487318725,-0.404516815043004,0.0531312783814961,5157.78789432778,3.29249635076581,7.2423380649804e-12,0.329415551209418,10.0795510515523,881.303027383654,0.440568655822447,9.28538374392247,904.597075942833,TRUE,-0.304133322225736,0.0402361113675085,7.35729310483704,2026-06-11 01:49:42,2026-06-11 01:50:41,NA
"52","2026-06-11 02:49:12","Collar_52_2026-06-11 02:49:12",2026-06-11 02:50:11.5,NA,NA,NA,NA,NA,902.532748665241,-0.0489183419606681,0.0539078023698988,4746.54462531148,3.34061682661321,0.366021205306682,0.00693007642073687,10.2268656545938,855.525535309246,0.35079991487668,8.33976723427389,903.415178538198,TRUE,-0.0822242571362359,0.0545119280549124,10.7180589036444,2026-06-11 02:49:42,2026-06-11 02:50:41,NA
"52","2026-06-11 03:49:14","Collar_52_2026-06-11 03:49:14",2026-06-11 03:50:13.5,NA,NA,NA,NA,NA,983.513634410003,-0.839984069383979,0.0755425127909932,5525.5188328078,4.6812998909254,4.37788953044e-20,0.511670396640699,14.3311931772479,976.887814749142,0.553052071217776,13.8282205403161,983.716587868652,TRUE,-0.868215552072482,0.077459479359763,17.6650449577835,2026-06-11 03:49:44,2026-06-11 03:50:43,NA
"52","2026-06-11 04:49:12","Collar_52_2026-06-11 04:49:12",2026-06-11 04:50:11.5,846.71431402137,1.00748977876796,2.53317339343354e-39,0.768734354432536,8.10467725874674,859.460112517563,0.831709386472462,0.0450514831830977,5849.53153822875,2.79179888938257,1.35686292645797e-36,0.742818511119494,8.54673063636148,832.026970470752,0.802084698753858,7.56191616908468,859.987833418416,TRUE,0.863704152561273,0.0445531901976627,7.57237708154621,2026-06-11 04:49:42,2026-06-11 04:50:41,NA
"52","2026-06-11 06:12:58","Collar_52_2026-06-11 06:12:58",2026-06-11 06:13:57.5,NA,NA,NA,NA,NA,501.29540594291,1.97661529281324,0.113784308728467,5195.70283424277,7.05110873811316,1.17422481727919e-24,0.838786977206933,15.2636465527118,466.249961951354,0.91590314136826,11.2193606880907,501.311715748563,TRUE,1.96249518513335,0.119502367906684,18.6590516367915,2026-06-11 06:13:28,2026-06-11 06:14:27,NA
"52","2026-06-11 06:33:57","Collar_52_2026-06-11 06:33:57",2026-06-11 06:34:56.5,NA,NA,NA,NA,NA,301.046515264357,-0.0391273125581666,0.0214465516860821,5607.7318252585,1.32902304092739,0.073242242359751,0.0542728887178806,2.87695718653096,303.945869961504,0.071463237739347,2.9011488649948,301.04739580812,TRUE,-0.0385795018242606,0.0218225573702002,3.37260887722561,2026-06-11 06:34:27,2026-06-11 06:35:26,NA
"52","2026-06-11 07:33:57","Collar_52_2026-06-11 07:33:57",2026-06-11 07:34:56.5,NA,NA,NA,NA,NA,358.58336273195,-0.345994825373764,0.0346409878463398,5008.69824846865,2.14667008860676,3.24504354275644e-14,0.632354135160875,4.64693067640027,316.301710801121,0.830006655630265,3.21578713324538,358.590960107744,TRUE,-0.345972254134485,0.0359442959784422,5.82287166838444,2026-06-11 07:34:27,2026-06-11 07:35:26,NA
"52","2026-06-11 08:33:52","Collar_52_2026-06-11 08:33:52",2026-06-11 08:34:51.5,NA,NA,NA,NA,NA,316.266547225491,-0.0269232173591317,0.0243467281165758,4707.23624537926,1.50874430126325,0.273368199646426,0.0206482576007676,3.2660026399001,308.475522868157,0.195377041779444,3.01275193874969,316.334208892365,TRUE,-0.0328750710641189,0.0259104892693981,3.43005637425076,2026-06-11 08:34:22,2026-06-11 08:35:21,NA
"52","2026-06-11 09:33:53","Collar_52_2026-06-11 09:33:53",2026-06-11 09:34:52.5,NA,NA,NA,NA,NA,328.923738210795,0.17692322951238,0.0270550603873864,4613.50289603808,1.67657715584426,1.73285151983676e-08,0.424394441393007,3.62931307339411,315.64172481433,0.568447541556685,3.19814922721373,330.220244866098,TRUE,0.206305109152212,0.0248460251094197,2.89036013515423,2026-06-11 09:34:23,2026-06-11 09:35:22,NA
"52","2026-06-11 10:33:59","Collar_52_2026-06-11 10:33:59",2026-06-11 10:34:58.5,NA,NA,NA,NA,NA,351.364594117078,0.211036359509252,0.0326185516544044,4391.6317853504,2.0213415818505,2.26389738444916e-08,0.419179014322528,4.37563007657169,342.90571019766,0.528087055054904,4.01393539042065,351.447284679207,TRUE,0.219423277456317,0.0295282172622638,3.97974846454257,2026-06-11 10:34:29,2026-06-11 10:35:28,NA
"52","2026-06-11 11:33:54","Collar_52_2026-06-11 11:33:54",2026-06-11 11:34:53.5,NA,NA,NA,NA,NA,300.501294522789,0.0312336404328995,0.021349330176476,4040.69138990776,1.32299831358514,0.148871157978775,0.0355886112967859,2.86391536401139,304.167834878906,0.0409336159815181,2.90652010831317,300.664483152377,TRUE,0.0396340365244827,0.0198125044652051,2.4473304532102,2026-06-11 11:34:24,2026-06-11 11:35:23,NA
"52","2026-06-11 12:33:51","Collar_52_2026-06-11 12:33:51",2026-06-11 12:34:50.5,NA,NA,NA,NA,NA,352.659405602378,0.0609187941143804,0.0329724146231189,4191.63869907677,2.04327014387,0.0697666132708503,0.0555823847786454,4.42309918143253,334.07881376039,0.351783166512124,3.72927812918055,352.713450328718,TRUE,0.0631645442487921,0.0336184529717222,4.83016888085567,2026-06-11 12:34:21,2026-06-11 12:35:20,NA
"52","2026-06-11 13:33:53","Collar_52_2026-06-11 13:33:53",2026-06-11 13:34:52.5,NA,NA,NA,NA,NA,468.054258770601,-0.565445650502406,0.086253882361072,4256.78652743009,5.34507359062752,1.62804581216264e-08,0.425605206610336,11.5705652991254,448.320912109505,0.61325669608442,9.66230439630557,468.425158643703,TRUE,-0.543353272961819,0.0898703342390485,11.962678903604,2026-06-11 13:34:23,2026-06-11 13:35:22,NA
"52","2026-06-11 14:33:53","Collar_52_2026-06-11 14:33:53",2026-06-11 14:34:52.5,333.839904914314,0.259594378044637,5.48740797447458e-10,0.487852380782188,3.78108668171797,336.450746703207,0.204558969826098,0.02880644462717,4330.1077110128,1.78510882295138,1.98207285998742e-09,0.465074795695904,3.86425328890169,336.246044560576,0.501278131282484,3.79724172203292,336.983622745735,TRUE,0.195376962647122,0.0269955786746331,3.04549278924265,2026-06-11 14:34:23,2026-06-11 14:35:22,NA
"52","2026-06-11 15:33:52","Collar_52_2026-06-11 15:33:52",2026-06-11 15:34:51.5,NA,NA,NA,NA,NA,327.255482655483,0.145716183924712,0.0266815398123411,4327.54077537481,1.65343043007866,1.0330164240637e-06,0.339602679657069,3.57920699021473,326.149108449576,0.393481386677452,3.49081001853445,327.489435441903,TRUE,0.155479308540191,0.0270943464940976,3.58915128528695,2026-06-11 15:34:22,2026-06-11 15:35:21,NA
"52","2026-06-11 16:33:52","Collar_52_2026-06-11 16:33:52",2026-06-11 16:34:51.5,NA,NA,NA,NA,NA,431.771965457799,0.253040778914499,0.0637483067886049,4404.35601123392,3.95042381555192,0.000201052124324553,0.213622428654025,8.5515448837249,375.712609039315,0.710993906080734,5.27597226420086,434.728781010166,TRUE,0.154391242707834,0.0433240683582184,5.05662156049622,2026-06-11 16:34:22,2026-06-11 16:35:21,NA
"52","2026-06-11 17:33:55","Collar_52_2026-06-11 17:33:55",2026-06-11 17:34:54.5,NA,NA,NA,NA,NA,364.388649497142,0.190115762266208,0.0363580264761133,4395.64009998548,2.25307338991754,2.43744847309442e-06,0.320384215188137,4.87726358482227,363.351041868669,0.375115089857313,4.75953473211071,364.716940178996,TRUE,0.187398002259889,0.0364055549255726,4.62425477790476,2026-06-11 17:34:25,2026-06-11 17:35:24,NA
"52","2026-06-11 18:33:53","Collar_52_2026-06-11 18:33:53",2026-06-11 18:34:52.5,NA,NA,NA,NA,NA,337.461591170936,0.0757201112039219,0.0290501264980729,4516.7692374932,1.80020956389224,0.0116063049445928,0.104855579753904,3.89694210153613,337.89741504758,0.156481247702331,3.84985837253548,337.488798119754,TRUE,0.0801193853697434,0.0307841478418985,4.07168049907795,2026-06-11 18:34:23,2026-06-11 18:35:22,NA
"52","2026-06-11 19:33:55","Collar_52_2026-06-11 19:33:55",2026-06-11 19:34:54.5,328.658426578349,0.318225388022986,6.64281789408352e-10,0.484523707232982,3.62129777915283,331.298521548513,0.194494088999645,0.0275958093006851,4594.89366473092,1.71008686759885,2.4349492275376e-09,0.461335517078247,3.70185207616691,331.229703392916,0.496653268079503,3.64177826785702,331.373029012448,TRUE,0.191175801567592,0.0282598774302396,3.97659783794053,2026-06-11 19:34:25,2026-06-11 19:35:24,NA
"52","2026-06-11 20:33:52","Collar_52_2026-06-11 20:33:52",2026-06-11 20:34:51.5,NA,NA,NA,NA,NA,328.886447145687,-0.260713359058579,0.0270466540934659,5118.87622984046,1.676056225558,1.18903036518814e-13,0.615685133925734,3.62818540736833,311.537607736054,0.730747879879665,3.0906187090711,328.949873752925,TRUE,-0.262444239922801,0.0278043465882287,4.13123135612168,2026-06-11 20:34:22,2026-06-11 20:35:21,NA
"52","2026-06-11 21:33:52","Collar_52_2026-06-11 21:33:52",2026-06-11 21:34:51.5,NA,NA,NA,NA,NA,330.426628517748,0.0442684509096294,0.0273960310032757,4075.31560056289,1.69770679064192,0.111549332520753,0.0430786042166,3.67505272786804,312.787545704572,0.332813330023759,3.12297930012494,330.463248085711,TRUE,0.043201019683884,0.0284770500544733,4.33223080312013,2026-06-11 21:34:22,2026-06-11 21:35:21,NA
"52","2026-06-11 22:33:52","Collar_52_2026-06-11 22:33:52",2026-06-11 22:34:51.5,313.478012263172,0.112040542885241,3.3391782787599e-06,0.313211218246471,3.1909829734975,314.24940182985,0.120592260068499,0.0239408912184636,4151.47453772116,1.48359496274279,4.91172258558339e-06,0.304324519752475,3.21156146923204,315.281122992687,0.337903064387796,3.18855316561342,314.526929830337,TRUE,0.120444046576596,0.023440260738695,2.57715971503988,2026-06-11 22:34:22,2026-06-11 22:35:21,NA
"52","2026-06-11 23:33:57","Collar_52_2026-06-11 23:33:57",2026-06-11 23:34:56.5,346.511575830894,0.548943250604187,3.07170320810704e-24,0.833369509481245,4.20220214403782,337.125128100306,0.541196508349633,0.0289687881256568,4482.94695036521,1.79516909992233,3.24430667872809e-26,0.857500579391308,3.88603092949839,337.456872582535,0.865951678677303,3.8357507334597,337.311949348496,TRUE,0.550843209288988,0.0306856251369398,3.76447878617107,2026-06-11 23:34:27,2026-06-11 23:35:26,NA
