"SN","label","chamber","Vtotal","obs_length","DeadBand","TimeClosing","start_time","end_time","Tcham","Pressure","V1_avg","V2_avg","V3_avg","V4_avg","Plot","Group","Treatment","LI8100A_Port","Date","Time_8100","total_seconds","unique_ID","Vtotal_m3","Time_7810","flag"
"81A-1767",41,101,6918.9,"01:30","00:25",13,2026-06-08 00:07:44,"2026-06-08 00:09:26",20.8251886792453,100.524433962264,2.6628679245283,-0.532349056603774,146.768,0.0342452830188679,"Fresh",11,"Control",NA,"2026-06-08",00:07:44,120,"Collar_41_2026-06-08 00:07:44",0.0069189,"00:07:44","Time changed"
"81A-1767",42,101,6926.9,"01:30","00:25",13,2026-06-08 00:10:45,"2026-06-08 00:12:27",20.7446226415094,100.557830188679,2.56509433962264,0.352962264150943,10.6620377358491,0.0341981132075472,"Fresh",11,"Disturbance",NA,"2026-06-08",00:10:45,120,"Collar_42_2026-06-08 00:10:45",0.0069269,"00:10:45","Time changed"
"81A-1767",43,101,6926.9,"01:30","00:25",14,2026-06-08 00:13:45,"2026-06-08 00:15:28",20.7424299065421,100.58214953271,2.66355140186916,0.254495327102804,146.890607476635,0.0565607476635514,"Fresh",11,"1 µm",NA,"2026-06-08",00:13:45,120,"Collar_43_2026-06-08 00:13:45",0.0069269,"00:13:45","Time changed"
"81A-1767",44,101,6926.9,"01:30","00:25",14,2026-06-08 00:16:46,"2026-06-08 00:18:29",168.536728971963,100.576822429907,2.56261682242991,0.748607476635514,19.7538130841121,0.051,"Fresh",11,"45 µm",NA,"2026-06-08",00:16:46,120,"Collar_44_2026-06-08 00:16:46",0.0069269,"00:16:46","Time changed"
"81A-1767",40,101,6926.9,"01:30","00:25",13,2026-06-08 00:19:48,"2026-06-08 00:21:30",20.5717924528302,100.57641509434,2.67075471698113,0.776235849056604,141.300943396226,0.128188679245283,"Fresh",10,"45 µm",NA,"2026-06-08",00:19:48,120,"Collar_40_2026-06-08 00:19:48",0.0069269,"00:19:48","Time changed"
"81A-1767",38,101,6926.9,"01:30","00:25",14,2026-06-08 00:22:49,"2026-06-08 00:24:32",-72.3257943925234,100.589626168224,2.66635514018692,-0.531093457943925,74.2145514018692,0.0568504672897196,"Fresh",10,"Disturbance",NA,"2026-06-08",00:22:49,120,"Collar_38_2026-06-08 00:22:49",0.0069269,"00:22:49","Time changed"
"81A-1767",45,101,6926.9,"01:30","00:25",14,2026-06-08 00:25:51,"2026-06-08 00:27:34",-69.3748598130841,100.583457943925,2.56355140186916,0.775485981308411,18.9418878504673,0.138738317757009,"Fresh",12,"Control",NA,"2026-06-08",00:25:51,120,"Collar_45_2026-06-08 00:25:51",0.0069269,"00:25:51","Time changed"
"81A-1767",41,101,6918.9,"01:30","00:25",13,2026-06-08 00:28:55,"2026-06-08 00:30:37",20.6157547169811,100.58,2.65538679245283,-0.531933962264151,146.950990566038,0.0340754716981132,"Fresh",11,"Control",NA,"2026-06-08",00:28:55,120,"Collar_41_2026-06-08 00:28:55",0.0069189,"00:28:55","Time changed"
"81A-1767",42,101,6926.9,"01:30","00:25",13,2026-06-08 00:31:56,"2026-06-08 00:33:38",20.5440566037736,100.580943396226,2.5751320754717,0.349641509433962,10.6178113207547,0.0340283018867925,"Fresh",11,"Disturbance",NA,"2026-06-08",00:31:56,120,"Collar_42_2026-06-08 00:31:56",0.0069269,"00:31:56","Time changed"
"81A-1767",43,101,6926.9,"01:30","00:25",14,2026-06-08 00:34:57,"2026-06-08 00:36:40",20.5531775700935,100.594859813084,2.67009345794393,0.254392523364486,146.933607476636,0.0561869158878505,"Fresh",11,"1 µm",NA,"2026-06-08",00:34:57,120,"Collar_43_2026-06-08 00:34:57",0.0069269,"00:34:57","Time changed"
"81A-1767",44,101,6926.9,"01:30","00:25",14,2026-06-08 00:37:59,"2026-06-08 00:39:42",168.244018691589,100.595794392523,2.56635514018692,0.736766355140187,19.6953177570093,0.0507009345794392,"Fresh",11,"45 µm",NA,"2026-06-08",00:37:59,120,"Collar_44_2026-06-08 00:37:59",0.0069269,"00:37:59","Time changed"
"81A-1767",40,101,6926.9,"01:30","00:25",13,2026-06-08 00:41:01,"2026-06-08 00:42:43",20.402641509434,100.595660377358,2.67169811320755,0.775924528301887,141.35508490566,0.127575471698113,"Fresh",10,"45 µm",NA,"2026-06-08",00:41:01,120,"Collar_40_2026-06-08 00:41:01",0.0069269,"00:41:01","Time changed"
"81A-1767",38,101,6926.9,"01:30","00:25",14,2026-06-08 00:44:00,"2026-06-08 00:45:43",-72.1885046728972,100.609813084112,2.66728971962617,-0.531299065420561,74.2465794392523,0.056,"Fresh",10,"Disturbance",NA,"2026-06-08",00:44:00,120,"Collar_38_2026-06-08 00:44:00",0.0069269,"00:44:00","Time changed"
"81A-1767",45,101,6926.9,"01:30","00:25",14,2026-06-08 00:47:00,"2026-06-08 00:48:43",-69.1876635514019,100.605700934579,2.56635514018692,0.741009345794392,18.9055514018692,0.138523364485981,"Fresh",12,"Control",NA,"2026-06-08",00:47:00,120,"Collar_45_2026-06-08 00:47:00",0.0069269,"00:47:00","Time changed"
"81A-1767",41,101,6918.9,"01:30","00:25",13,2026-06-08 01:28:54,"2026-06-08 01:30:36",20.2666037735849,100.641132075472,2.65377358490566,-0.531933962264151,146.247905660377,0.0346603773584906,"Fresh",11,"Control",NA,"2026-06-08",01:28:54,120,"Collar_41_2026-06-08 01:28:54",0.0069189,"01:28:54","Time changed"
"81A-1767",42,101,6926.9,"01:30","00:25",14,2026-06-08 01:31:55,"2026-06-08 01:33:38",20.407476635514,100.666542056075,2.56447663551402,0.325271028037383,10.5079252336449,0.0346915887850467,"Fresh",11,"Disturbance",NA,"2026-06-08",01:31:55,120,"Collar_42_2026-06-08 01:31:55",0.0069269,"01:31:55","Time changed"
"81A-1767",43,101,6926.9,"01:30","00:25",14,2026-06-08 01:34:56,"2026-06-08 01:36:39",20.5004672897196,100.673925233645,2.66355140186916,0.253607476635514,146.221626168224,0.056,"Fresh",11,"1 µm",NA,"2026-06-08",01:34:56,120,"Collar_43_2026-06-08 01:34:56",0.0069269,"01:34:56","Time changed"
"81A-1767",44,101,6926.9,"01:30","00:25",14,2026-06-08 01:37:57,"2026-06-08 01:39:40",167.246168224299,100.673738317757,2.5597476635514,0.781915887850467,19.5060654205607,0.0561121495327103,"Fresh",11,"45 µm",NA,"2026-06-08",01:37:57,120,"Collar_44_2026-06-08 01:37:57",0.0069269,"01:37:57","Time changed"
"81A-1767",40,101,6926.9,"01:30","00:25",13,2026-06-08 01:40:57,"2026-06-08 01:42:39",20.355,100.677830188679,2.66415094339623,0.77561320754717,141.394990566038,0.129915094339623,"Fresh",10,"45 µm",NA,"2026-06-08",01:40:57,120,"Collar_40_2026-06-08 01:40:57",0.0069269,"01:40:57","Time changed"
"81A-1767",38,101,6926.9,"01:30","00:25",14,2026-06-08 01:43:58,"2026-06-08 01:45:41",-72.1817757009346,100.689158878505,2.66355140186916,-0.531981308411215,74.2226915887851,0.0562056074766355,"Fresh",10,"Disturbance",NA,"2026-06-08",01:43:58,120,"Collar_38_2026-06-08 01:43:58",0.0069269,"01:43:58","Time changed"
"81A-1767",45,101,6926.9,"01:30","00:25",14,2026-06-08 01:47:00,"2026-06-08 01:48:43",-69.1876635514019,100.682897196262,2.56448598130841,0.73107476635514,18.8100560747664,0.138317757009346,"Fresh",12,"Control",NA,"2026-06-08",01:47:00,120,"Collar_45_2026-06-08 01:47:00",0.0069269,"01:47:00","Time changed"
"81A-1767",41,101,6918.9,"01:30","00:25",13,2026-06-08 02:28:54,"2026-06-08 02:30:36",20.5631132075472,100.692452830189,2.66415094339623,-0.531830188679245,145.840103773585,0.0347452830188679,"Fresh",11,"Control",NA,"2026-06-08",02:28:54,120,"Collar_41_2026-06-08 02:28:54",0.0069189,"02:28:54","Time changed"
"81A-1767",42,101,6926.9,"01:30","00:25",13,2026-06-08 02:31:54,"2026-06-08 02:33:36",20.5874528301887,100.711132075472,2.56793396226415,0.354622641509434,10.4312169811321,0.0347264150943396,"Fresh",11,"Disturbance",NA,"2026-06-08",02:31:54,120,"Collar_42_2026-06-08 02:31:54",0.0069269,"02:31:54","Time changed"
"81A-1767",43,101,6926.9,"01:30","00:25",14,2026-06-08 02:34:53,"2026-06-08 02:36:36",20.6792523364486,100.733457943925,2.66448598130841,0.254598130841121,145.916523364486,0.0559626168224299,"Fresh",11,"1 µm",NA,"2026-06-08",02:34:53,120,"Collar_43_2026-06-08 02:34:53",0.0069269,"02:34:53","Time changed"
"81A-1767",44,101,6926.9,"01:30","00:25",14,2026-06-08 02:37:54,"2026-06-08 02:39:37",166.379345794393,100.738130841122,2.56448598130841,0.782738317757009,19.395046728972,0.0581775700934579,"Fresh",11,"45 µm",NA,"2026-06-08",02:37:54,120,"Collar_44_2026-06-08 02:37:54",0.0069269,"02:37:54","Time changed"
"81A-1767",40,101,6926.9,"01:30","00:25",13,2026-06-08 02:40:55,"2026-06-08 02:42:37",20.6135849056604,100.739433962264,2.66415094339623,0.776235849056604,141.419094339623,0.129933962264151,"Fresh",10,"45 µm",NA,"2026-06-08",02:40:55,120,"Collar_40_2026-06-08 02:40:55",0.0069269,"02:40:55","Time changed"
"81A-1767",38,101,6926.9,"01:30","00:25",14,2026-06-08 02:43:56,"2026-06-08 02:45:39",-71.8393457943925,100.750654205607,2.66448598130841,-0.530990654205608,74.2069345794392,0.0559626168224299,"Fresh",10,"Disturbance",NA,"2026-06-08",02:43:56,120,"Collar_38_2026-06-08 02:43:56",0.0069269,"02:43:56","Time changed"
"81A-1767",45,101,6926.9,"01:30","00:25",14,2026-06-08 02:46:58,"2026-06-08 02:48:41",-68.9624299065421,100.745046728972,2.56448598130841,0.698588785046729,18.7378971962617,0.13611214953271,"Fresh",12,"Control",NA,"2026-06-08",02:46:58,120,"Collar_45_2026-06-08 02:46:58",0.0069269,"02:46:58","Time changed"
"81A-1767",41,101,6918.9,"01:30","00:25",13,2026-06-08 03:28:54,"2026-06-08 03:30:36",20.665,100.761037735849,2.66415094339623,-0.531141509433962,145.746198113208,0.0348207547169811,"Fresh",11,"Control",NA,"2026-06-08",03:28:54,120,"Collar_41_2026-06-08 03:28:54",0.0069189,"03:28:54","Time changed"
"81A-1767",42,101,6926.9,"01:30","00:25",13,2026-06-08 03:31:55,"2026-06-08 03:33:37",20.6934905660377,100.77858490566,2.56603773584906,0.302632075471698,10.3809528301887,0.0347641509433962,"Fresh",11,"Disturbance",NA,"2026-06-08",03:31:55,120,"Collar_42_2026-06-08 03:31:55",0.0069269,"03:31:55","Time changed"
"81A-1767",43,101,6926.9,"01:30","00:25",14,2026-06-08 03:34:56,"2026-06-08 03:36:39",20.8126168224299,100.798224299065,2.66448598130841,0.258401869158879,145.75176635514,0.0557570093457944,"Fresh",11,"1 µm",NA,"2026-06-08",03:34:56,120,"Collar_43_2026-06-08 03:34:56",0.0069269,"03:34:56","Time changed"
"81A-1767",44,101,6926.9,"01:30","00:25",14,2026-06-08 03:37:58,"2026-06-08 03:39:41",167.223457943925,100.79953271028,2.56355140186916,0.762467289719626,19.319691588785,0.0515514018691589,"Fresh",11,"45 µm",NA,"2026-06-08",03:37:58,120,"Collar_44_2026-06-08 03:37:58",0.0069269,"03:37:58","Time changed"
"81A-1767",40,101,6926.9,"01:30","00:25",13,2026-06-08 03:41:00,"2026-06-08 03:42:42",21.3550943396226,100.795,2.66603773584906,0.775301886792453,141.422462264151,0.132367924528302,"Fresh",10,"45 µm",NA,"2026-06-08",03:41:00,120,"Collar_40_2026-06-08 03:41:00",0.0069269,"03:41:00","Time changed"
"81A-1767",38,101,6926.9,"01:30","00:25",14,2026-06-08 03:44:02,"2026-06-08 03:45:45",-71.45,100.806355140187,2.66414953271028,-0.530102803738318,74.1121214953271,0.0558411214953271,"Fresh",10,"Disturbance",NA,"2026-06-08",03:44:02,120,"Collar_38_2026-06-08 03:44:02",0.0069269,"03:44:02","Time changed"
"81A-1767",45,101,6926.9,"01:30","00:25",14,2026-06-08 03:47:02,"2026-06-08 03:48:45",-68.414953271028,100.804672897196,2.56448598130841,0.676794392523364,18.6835887850467,0.131794392523365,"Fresh",12,"Control",NA,"2026-06-08",03:47:02,120,"Collar_45_2026-06-08 03:47:02",0.0069269,"03:47:02","Time changed"
"81A-1767",41,101,6918.9,"01:30","00:25",13,2026-06-08 04:28:54,"2026-06-08 04:30:36",21.321320754717,100.815849056604,2.66415094339623,-0.531141509433962,145.570150943396,0.0349056603773585,"Fresh",11,"Control",NA,"2026-06-08",04:28:54,120,"Collar_41_2026-06-08 04:28:54",0.0069189,"04:28:54","Time changed"
"81A-1767",42,101,6926.9,"01:30","00:25",13,2026-06-08 04:31:55,"2026-06-08 04:33:37",21.3903773584906,100.834433962264,2.56603773584906,0.353896226415094,10.3422075471698,0.0349150943396226,"Fresh",11,"Disturbance",NA,"2026-06-08",04:31:55,120,"Collar_42_2026-06-08 04:31:55",0.0069269,"04:31:55","Time changed"
"81A-1767",43,101,6926.9,"01:30","00:25",14,2026-06-08 04:34:54,"2026-06-08 04:36:37",21.3464485981308,100.858691588785,2.66355140186916,0.254392523364486,145.659514018692,0.0556915887850467,"Fresh",11,"1 µm",NA,"2026-06-08",04:34:54,120,"Collar_43_2026-06-08 04:34:54",0.0069269,"04:34:54","Time changed"
"81A-1767",44,101,6926.9,"01:30","00:25",14,2026-06-08 04:37:56,"2026-06-08 04:39:39",166.923644859813,100.858971962617,2.56448598130841,0.746429906542056,19.2345140186916,0.0519345794392523,"Fresh",11,"45 µm",NA,"2026-06-08",04:37:56,120,"Collar_44_2026-06-08 04:37:56",0.0069269,"04:37:56","Time changed"
"81A-1767",40,101,6926.9,"01:30","00:25",13,2026-06-08 04:40:58,"2026-06-08 04:42:40",21.4303773584906,100.861981132075,2.66792452830189,0.775405660377358,141.390764150943,0.130537735849057,"Fresh",10,"45 µm",NA,"2026-06-08",04:40:58,120,"Collar_40_2026-06-08 04:40:58",0.0069269,"04:40:58","Time changed"
"81A-1767",38,101,6926.9,"01:30","00:25",14,2026-06-08 04:43:59,"2026-06-08 04:45:42",-72.2276635514019,100.877102803738,2.66448598130841,-0.529420560747664,74.0994112149533,0.0556168224299065,"Fresh",10,"Disturbance",NA,"2026-06-08",04:43:59,120,"Collar_38_2026-06-08 04:43:59",0.0069269,"04:43:59","Time changed"
"81A-1767",45,101,6926.9,"01:30","00:25",14,2026-06-08 04:46:59,"2026-06-08 04:48:42",-69.2434579439252,100.875700934579,2.56448598130841,0.772093457943925,18.6197943925234,0.132439252336449,"Fresh",12,"Control",NA,"2026-06-08",04:46:59,120,"Collar_45_2026-06-08 04:46:59",0.0069269,"04:46:59","Time changed"
"81A-1767",41,101,6918.9,"01:30","00:25",13,2026-06-08 05:28:54,"2026-06-08 05:30:36",20.7505660377358,100.908018867925,2.66509433962264,-0.530943396226415,145.588349056604,0.0349150943396226,"Fresh",11,"Control",NA,"2026-06-08",05:28:54,120,"Collar_41_2026-06-08 05:28:54",0.0069189,"05:28:54","Time changed"
"81A-1767",42,101,6926.9,"01:30","00:25",13,2026-06-08 05:31:56,"2026-06-08 05:33:38",20.8140566037736,100.929245283019,2.57204716981132,0.345698113207547,10.285679245283,0.0348962264150943,"Fresh",11,"Disturbance",NA,"2026-06-08",05:31:56,120,"Collar_42_2026-06-08 05:31:56",0.0069269,"05:31:56","Time changed"
"81A-1767",43,101,6926.9,"01:30","00:25",14,2026-06-08 05:34:56,"2026-06-08 05:36:39",20.7593457943925,100.958878504673,2.66355140186916,0.253710280373832,145.665,0.0560373831775701,"Fresh",11,"1 µm",NA,"2026-06-08",05:34:56,120,"Collar_43_2026-06-08 05:34:56",0.0069269,"05:34:56","Time changed"
"81A-1767",44,101,6926.9,"01:30","00:25",14,2026-06-08 05:37:58,"2026-06-08 05:39:41",166.471775700935,100.958598130841,2.56542056074766,0.736168224299065,19.1400841121495,0.0514299065420561,"Fresh",11,"45 µm",NA,"2026-06-08",05:37:58,120,"Collar_44_2026-06-08 05:37:58",0.0069269,"05:37:58","Time changed"
"81A-1767",40,101,6926.9,"01:30","00:25",13,2026-06-08 05:41:00,"2026-06-08 05:42:42",20.6972641509434,100.956037735849,2.66603773584906,0.77561320754717,141.451188679245,0.13,"Fresh",10,"45 µm",NA,"2026-06-08",05:41:00,120,"Collar_40_2026-06-08 05:41:00",0.0069269,"05:41:00","Time changed"
"81A-1767",38,101,6926.9,"01:30","00:25",14,2026-06-08 05:44:01,"2026-06-08 05:45:44",-72.2247663551402,100.971308411215,2.66542056074766,-0.531878504672897,74.1318037383178,0.0560560747663551,"Fresh",10,"Disturbance",NA,"2026-06-08",05:44:01,120,"Collar_38_2026-06-08 05:44:01",0.0069269,"05:44:01","Time changed"
"81A-1767",45,101,6926.9,"01:30","00:25",14,2026-06-08 05:47:01,"2026-06-08 05:48:44",-69.2414953271028,100.978504672897,2.56542056074766,0.743,18.5483831775701,0.134775700934579,"Fresh",12,"Control",NA,"2026-06-08",05:47:01,120,"Collar_45_2026-06-08 05:47:01",0.0069269,"05:47:01","Time changed"
"81A-1767",41,101,6918.9,"01:30","00:25",13,2026-06-08 06:28:54,"2026-06-08 06:30:36",20.5216037735849,101.042452830189,2.66415094339623,-0.530943396226415,145.445801886792,0.0350188679245283,"Fresh",11,"Control",NA,"2026-06-08",06:28:54,120,"Collar_41_2026-06-08 06:28:54",0.0069189,"06:28:54","Time changed"
"81A-1767",42,101,6926.9,"01:30","00:25",13,2026-06-08 06:31:56,"2026-06-08 06:33:38",20.6301886792453,101.059811320755,2.56603773584906,0.304915094339623,10.2283962264151,0.0350849056603774,"Fresh",11,"Disturbance",NA,"2026-06-08",06:31:56,120,"Collar_42_2026-06-08 06:31:56",0.0069269,"06:31:56","Time changed"
"81A-1767",43,101,6926.9,"01:30","00:25",14,2026-06-08 06:34:55,"2026-06-08 06:36:39",20.6041121495327,101.083177570093,2.66355140186916,0.253710280373832,145.445327102804,0.0558878504672897,"Fresh",11,"1 µm",NA,"2026-06-08",06:34:55,120,"Collar_43_2026-06-08 06:34:55",0.0069269,"06:34:55","Time changed"
"81A-1767",44,101,6926.9,"01:30","00:25",14,2026-06-08 06:37:57,"2026-06-08 06:39:40",166.946448598131,101.087663551402,2.56355140186916,0.765570093457944,19.0482056074766,0.0512616822429907,"Fresh",11,"45 µm",NA,"2026-06-08",06:37:57,120,"Collar_44_2026-06-08 06:37:57",0.0069269,"06:37:57","Time changed"
"81A-1767",40,101,6926.9,"01:30","00:25",13,2026-06-08 06:40:59,"2026-06-08 06:42:41",20.7556603773585,101.092547169811,2.66415094339623,0.776292452830189,141.349603773585,0.133783018867925,"Fresh",10,"45 µm",NA,"2026-06-08",06:40:59,120,"Collar_40_2026-06-08 06:40:59",0.0069269,"06:40:59","Time changed"
"81A-1767",38,101,6926.9,"01:30","00:25",14,2026-06-08 06:43:58,"2026-06-08 06:45:41",-71.7185981308411,101.110373831776,2.66355140186916,-0.531196261682243,74.1098411214953,0.0556168224299065,"Fresh",10,"Disturbance",NA,"2026-06-08",06:43:58,120,"Collar_38_2026-06-08 06:43:58",0.0069269,"06:43:58","Time changed"
"81A-1767",45,101,6926.9,"01:30","00:25",14,2026-06-08 06:46:58,"2026-06-08 06:48:41",-68.9054205607477,101.106822429907,2.56448598130841,0.695813084112149,18.5054953271028,0.135140186915888,"Fresh",12,"Control",NA,"2026-06-08",06:46:58,120,"Collar_45_2026-06-08 06:46:58",0.0069269,"06:46:58","Time changed"
"81A-1767",41,101,6918.9,"01:30","00:25",13,2026-06-08 07:28:55,"2026-06-08 07:30:37",21.0230188679245,101.141132075472,2.66415094339623,-0.530943396226415,145.302339622642,0.0351698113207547,"Fresh",11,"Control",NA,"2026-06-08",07:28:55,120,"Collar_41_2026-06-08 07:28:55",0.0069189,"07:28:55","Time changed"
"81A-1767",42,101,6926.9,"01:30","00:25",13,2026-06-08 07:31:56,"2026-06-08 07:33:38",21.0880188679245,101.164716981132,2.57456603773585,0.354622641509434,10.1908396226415,0.035311320754717,"Fresh",11,"Disturbance",NA,"2026-06-08",07:31:56,120,"Collar_42_2026-06-08 07:31:56",0.0069269,"07:31:56","Time changed"
"81A-1767",43,101,6926.9,"01:30","00:25",14,2026-06-08 07:34:55,"2026-06-08 07:36:38",21.0728971962617,101.189719626168,2.66448598130841,0.254392523364486,145.287252336449,0.0557196261682243,"Fresh",11,"1 µm",NA,"2026-06-08",07:34:55,120,"Collar_43_2026-06-08 07:34:55",0.0069269,"07:34:55","Time changed"
"81A-1767",44,101,6926.9,"01:30","00:25",14,2026-06-08 07:37:55,"2026-06-08 07:39:38",166.899252336449,101.193551401869,2.56542056074766,0.760719626168224,18.9873925233645,0.0516542056074766,"Fresh",11,"45 µm",NA,"2026-06-08",07:37:55,120,"Collar_44_2026-06-08 07:37:55",0.0069269,"07:37:55","Time changed"
"81A-1767",40,101,6926.9,"01:30","00:25",13,2026-06-08 07:40:55,"2026-06-08 07:42:37",21.4498113207547,101.194528301887,2.66475471698113,0.775405660377358,141.291018867925,0.129933962264151,"Fresh",10,"45 µm",NA,"2026-06-08",07:40:55,120,"Collar_40_2026-06-08 07:40:55",0.0069269,"07:40:55","Time changed"
"81A-1767",38,101,6926.9,"01:30","00:25",14,2026-06-08 07:43:56,"2026-06-08 07:45:39",-71.6661682242991,101.212336448598,2.66542056074766,-0.530102803738318,74.0995140186916,0.0552616822429907,"Fresh",10,"Disturbance",NA,"2026-06-08",07:43:56,120,"Collar_38_2026-06-08 07:43:56",0.0069269,"07:43:56","Time changed"
"81A-1767",45,101,6926.9,"01:30","00:25",14,2026-06-08 07:46:59,"2026-06-08 07:48:42",-68.8936448598131,101.209345794393,2.56542056074766,0.684504672897196,18.5148785046729,0.130336448598131,"Fresh",12,"Control",NA,"2026-06-08",07:46:59,120,"Collar_45_2026-06-08 07:46:59",0.0069269,"07:46:59","Time changed"
"81A-1767",41,101,6918.9,"01:30","00:25",13,2026-06-08 08:28:55,"2026-06-08 08:30:37",21.3330188679245,101.25179245283,2.66509433962264,-0.530943396226415,145.33870754717,0.0351509433962264,"Fresh",11,"Control",NA,"2026-06-08",08:28:55,120,"Collar_41_2026-06-08 08:28:55",0.0069189,"08:28:55","Time changed"
"81A-1767",42,101,6926.9,"01:30","00:25",13,2026-06-08 08:31:55,"2026-06-08 08:33:37",21.2974528301887,101.275,2.57253773584906,0.354622641509434,10.1699056603774,0.0353018867924528,"Fresh",11,"Disturbance",NA,"2026-06-08",08:31:55,120,"Collar_42_2026-06-08 08:31:55",0.0069269,"08:31:55","Time changed"
"81A-1767",43,101,6926.9,"01:30","00:25",14,2026-06-08 08:34:54,"2026-06-08 08:36:37",21.1507476635514,101.297009345794,2.66448598130841,0.254598130841121,145.354130841122,0.055588785046729,"Fresh",11,"1 µm",NA,"2026-06-08",08:34:54,120,"Collar_43_2026-06-08 08:34:54",0.0069269,"08:34:54","Time changed"
"81A-1767",44,101,6926.9,"01:30","00:25",14,2026-06-08 08:37:56,"2026-06-08 08:39:39",167.00523364486,101.29738317757,2.56448598130841,0.728046728971963,18.9531495327103,0.0525700934579439,"Fresh",11,"45 µm",NA,"2026-06-08",08:37:56,120,"Collar_44_2026-06-08 08:37:56",0.0069269,"08:37:56","Time changed"
"81A-1767",40,101,6926.9,"01:30","00:25",13,2026-06-08 08:40:56,"2026-06-08 08:42:38",21.1046226415094,101.297547169811,2.66792452830189,0.77488679245283,141.34279245283,0.128330188679245,"Fresh",10,"45 µm",NA,"2026-06-08",08:40:56,120,"Collar_40_2026-06-08 08:40:56",0.0069269,"08:40:56","Time changed"
"81A-1767",38,101,6926.9,"01:30","00:25",14,2026-06-08 08:43:57,"2026-06-08 08:45:40",-71.6978504672897,101.307570093458,2.66448598130841,-0.530308411214953,74.1122336448598,0.055411214953271,"Fresh",10,"Disturbance",NA,"2026-06-08",08:43:57,120,"Collar_38_2026-06-08 08:43:57",0.0069269,"08:43:57","Time changed"
"81A-1767",45,101,6926.9,"01:30","00:25",14,2026-06-08 08:46:59,"2026-06-08 08:48:42",-68.8757009345794,101.307009345794,2.56448598130841,0.70085046728972,18.5436355140187,0.132598130841121,"Fresh",12,"Control",NA,"2026-06-08",08:46:59,120,"Collar_45_2026-06-08 08:46:59",0.0069269,"08:46:59","Time changed"
"81A-1767",41,101,6918.9,"01:30","00:25",13,2026-06-08 09:28:54,"2026-06-08 09:30:36",21.0567924528302,101.315377358491,2.58309433962264,-0.530943396226415,144.90079245283,0.0356132075471698,"Fresh",11,"Control",NA,"2026-06-08",09:28:54,120,"Collar_41_2026-06-08 09:28:54",0.0069189,"09:28:54","Time changed"
"81A-1767",42,101,6926.9,"01:30","00:25",13,2026-06-08 09:31:54,"2026-06-08 09:33:36",20.9218867924528,101.341886792453,2.56792452830189,0.354518867924528,10.153858490566,0.0356132075471698,"Fresh",11,"Disturbance",NA,"2026-06-08",09:31:54,120,"Collar_42_2026-06-08 09:31:54",0.0069269,"09:31:54","Time changed"
"81A-1767",43,101,6926.9,"01:30","00:25",14,2026-06-08 09:34:53,"2026-06-08 09:36:36",20.8526168224299,101.368037383178,2.61798130841122,0.254598130841121,145.015906542056,0.0561308411214953,"Fresh",11,"1 µm",NA,"2026-06-08",09:34:53,120,"Collar_43_2026-06-08 09:34:53",0.0069269,"09:34:53","Time changed"
"81A-1767",44,101,6926.9,"01:30","00:25",14,2026-06-08 09:37:55,"2026-06-08 09:39:38",166.36214953271,101.369626168224,2.56133644859813,0.765691588785047,18.9478130841121,0.0529906542056075,"Fresh",11,"45 µm",NA,"2026-06-08",09:37:55,120,"Collar_44_2026-06-08 09:37:55",0.0069269,"09:37:55","Time changed"
"81A-1767",40,101,6926.9,"01:30","00:25",13,2026-06-08 09:40:55,"2026-06-08 09:42:37",20.7684905660377,101.370943396226,2.66475471698113,0.775509433962264,141.591783018868,0.128405660377358,"Fresh",10,"45 µm",NA,"2026-06-08",09:40:55,120,"Collar_40_2026-06-08 09:40:55",0.0069269,"09:40:55","Time changed"
"81A-1767",38,101,6926.9,"01:30","00:25",14,2026-06-08 09:43:56,"2026-06-08 09:45:39",-71.7485981308411,101.380934579439,2.66355140186916,-0.531196261682243,74.0996261682243,0.0554299065420561,"Fresh",10,"Disturbance",NA,"2026-06-08",09:43:56,120,"Collar_38_2026-06-08 09:43:56",0.0069269,"09:43:56","Time changed"
"81A-1767",45,101,6926.9,"01:30","00:25",14,2026-06-08 09:46:56,"2026-06-08 09:48:39",-68.9726168224299,101.372429906542,2.56448598130841,0.815747663551402,18.6176728971963,0.13496261682243,"Fresh",12,"Control",NA,"2026-06-08",09:46:56,120,"Collar_45_2026-06-08 09:46:56",0.0069269,"09:46:56","Time changed"
"81A-1767",41,101,6918.9,"01:30","00:25",13,2026-06-08 10:28:54,"2026-06-08 10:30:36",20.6480188679245,101.380943396226,2.66509433962264,-0.530943396226415,145.100132075472,0.0354528301886792,"Fresh",11,"Control",NA,"2026-06-08",10:28:54,120,"Collar_41_2026-06-08 10:28:54",0.0069189,"10:28:54","Time changed"
"81A-1767",42,101,6926.9,"01:30","00:25",13,2026-06-08 10:31:54,"2026-06-08 10:33:36",20.5667924528302,101.400566037736,2.61694339622642,0.354320754716981,10.13,0.0355188679245283,"Fresh",11,"Disturbance",NA,"2026-06-08",10:31:54,120,"Collar_42_2026-06-08 10:31:54",0.0069269,"10:31:54","Time changed"
"81A-1767",43,101,6926.9,"01:30","00:25",14,2026-06-08 10:34:55,"2026-06-08 10:36:38",20.5482242990654,101.419626168224,2.66542056074766,0.253710280373832,145.124102803738,0.0557757009345794,"Fresh",11,"1 µm",NA,"2026-06-08",10:34:55,120,"Collar_43_2026-06-08 10:34:55",0.0069269,"10:34:55","Time changed"
"81A-1767",44,101,6926.9,"01:30","00:25",14,2026-06-08 10:37:57,"2026-06-08 10:39:40",166.625327102804,101.415700934579,2.56448598130841,0.727822429906542,18.9681028037383,0.0514392523364486,"Fresh",11,"45 µm",NA,"2026-06-08",10:37:57,120,"Collar_44_2026-06-08 10:37:57",0.0069269,"10:37:57","Time changed"
"81A-1767",40,101,6926.9,"01:30","00:25",13,2026-06-08 10:40:57,"2026-06-08 10:42:39",20.6143396226415,101.41679245283,2.66415094339623,0.77561320754717,141.549849056604,0.127952830188679,"Fresh",10,"45 µm",NA,"2026-06-08",10:40:57,120,"Collar_40_2026-06-08 10:40:57",0.0069269,"10:40:57","Time changed"
"81A-1767",38,101,6926.9,"01:30","00:25",14,2026-06-08 10:43:56,"2026-06-08 10:45:39",-71.8799065420561,101.427943925234,2.66542056074766,-0.530336448598131,74.1184672897196,0.0551401869158879,"Fresh",10,"Disturbance",NA,"2026-06-08",10:43:56,120,"Collar_38_2026-06-08 10:43:56",0.0069269,"10:43:56","Time changed"
"81A-1767",45,101,6926.9,"01:30","00:25",14,2026-06-08 10:46:56,"2026-06-08 10:48:39",-68.9123364485981,101.421121495327,2.56635514018692,0.705168224299065,18.6917102803738,0.136271028037383,"Fresh",12,"Control",NA,"2026-06-08",10:46:56,120,"Collar_45_2026-06-08 10:46:56",0.0069269,"10:46:56","Time changed"
"81A-1767",41,101,6918.9,"01:30","00:25",13,2026-06-08 11:28:54,"2026-06-08 11:30:36",21.3116981132075,101.443867924528,2.66509433962264,-0.530943396226415,145.153867924528,0.0353679245283019,"Fresh",11,"Control",NA,"2026-06-08",11:28:54,120,"Collar_41_2026-06-08 11:28:54",0.0069189,"11:28:54","Time changed"
"81A-1767",42,101,6926.9,"01:30","00:25",13,2026-06-08 11:31:54,"2026-06-08 11:33:36",21.1388679245283,101.464622641509,2.57393396226415,0.353632075471698,10.1277735849057,0.0355377358490566,"Fresh",11,"Disturbance",NA,"2026-06-08",11:31:54,120,"Collar_42_2026-06-08 11:31:54",0.0069269,"11:31:54","Time changed"
"81A-1767",43,101,6926.9,"01:30","00:25",14,2026-06-08 11:34:55,"2026-06-08 11:36:38",21.2684112149533,101.481028037383,2.66542056074766,0.253710280373832,145.171168224299,0.0556728971962617,"Fresh",11,"1 µm",NA,"2026-06-08",11:34:55,120,"Collar_43_2026-06-08 11:34:55",0.0069269,"11:34:55","Time changed"
"81A-1767",44,101,6926.9,"01:30","00:25",14,2026-06-08 11:37:57,"2026-06-08 11:39:40",166.762803738318,101.47738317757,2.56542056074766,0.765757009345794,19.0653644859813,0.0524579439252336,"Fresh",11,"45 µm",NA,"2026-06-08",11:37:57,120,"Collar_44_2026-06-08 11:37:57",0.0069269,"11:37:57","Time changed"
"81A-1767",40,101,6926.9,"01:30","00:25",13,2026-06-08 11:40:57,"2026-06-08 11:42:39",21.0933962264151,101.473490566038,2.66415094339623,0.77561320754717,141.38058490566,0.127018867924528,"Fresh",10,"45 µm",NA,"2026-06-08",11:40:57,120,"Collar_40_2026-06-08 11:40:57",0.0069269,"11:40:57","Time changed"
"81A-1767",38,101,6926.9,"01:30","00:25",14,2026-06-08 11:43:56,"2026-06-08 11:45:39",-71.7796261682243,101.480654205607,2.66542056074766,-0.525990654205608,74.1359345794393,0.0547570093457944,"Fresh",10,"Disturbance",NA,"2026-06-08",11:43:56,120,"Collar_38_2026-06-08 11:43:56",0.0069269,"11:43:56","Time changed"
"81A-1767",45,101,6926.9,"01:30","00:25",14,2026-06-08 11:46:58,"2026-06-08 11:48:41",-68.8743925233645,101.470560747664,2.56448598130841,0.698897196261682,18.8661962616822,0.129495327102804,"Fresh",12,"Control",NA,"2026-06-08",11:46:58,120,"Collar_45_2026-06-08 11:46:58",0.0069269,"11:46:58","Time changed"
"81A-1767",41,101,6918.9,"01:30","00:25",13,2026-06-08 12:28:54,"2026-06-08 12:30:36",22.368679245283,101.472075471698,2.61838679245283,-0.531141509433962,145.464254716981,0.0350188679245283,"Fresh",11,"Control",NA,"2026-06-08",12:28:54,120,"Collar_41_2026-06-08 12:28:54",0.0069189,"12:28:54","Time changed"
"81A-1767",42,101,6926.9,"01:30","00:25",13,2026-06-08 12:31:54,"2026-06-08 12:33:36",22.1975471698113,101.488773584906,2.56792452830189,0.353424528301887,10.1719622641509,0.0350754716981132,"Fresh",11,"Disturbance",NA,"2026-06-08",12:31:54,120,"Collar_42_2026-06-08 12:31:54",0.0069269,"12:31:54","Time changed"
"81A-1767",43,101,6926.9,"01:30","00:25",14,2026-06-08 12:34:55,"2026-06-08 12:36:38",22.5015887850467,101.50476635514,2.66448598130841,0.253607476635514,145.483495327103,0.0555700934579439,"Fresh",11,"1 µm",NA,"2026-06-08",12:34:55,120,"Collar_43_2026-06-08 12:34:55",0.0069269,"12:34:55","Time changed"
"81A-1767",44,101,6926.9,"01:30","00:25",14,2026-06-08 12:37:57,"2026-06-08 12:39:40",167.18476635514,101.499345794393,2.56448598130841,0.726934579439252,19.2188411214953,0.0545327102803738,"Fresh",11,"45 µm",NA,"2026-06-08",12:37:57,120,"Collar_44_2026-06-08 12:37:57",0.0069269,"12:37:57","Time changed"
"81A-1767",40,101,6926.9,"01:30","00:25",13,2026-06-08 12:40:57,"2026-06-08 12:42:39",22.3501886792453,101.495377358491,2.66415094339623,0.775405660377358,141.340047169811,0.128452830188679,"Fresh",10,"45 µm",NA,"2026-06-08",12:40:57,120,"Collar_40_2026-06-08 12:40:57",0.0069269,"12:40:57","Time changed"
"81A-1767",38,101,6926.9,"01:30","00:25",14,2026-06-08 12:43:58,"2026-06-08 12:45:41",-71.2957943925234,101.501121495327,2.66448598130841,-0.52603738317757,74.1620280373832,0.0541588785046729,"Fresh",10,"Disturbance",NA,"2026-06-08",12:43:58,120,"Collar_38_2026-06-08 12:43:58",0.0069269,"12:43:58","Time changed"
"81A-1767",45,101,6926.9,"01:30","00:25",14,2026-06-08 12:46:58,"2026-06-08 12:48:41",-68.4626168224299,101.494859813084,2.56261682242991,0.81218691588785,19.1403271028037,0.121355140186916,"Fresh",12,"Control",NA,"2026-06-08",12:46:58,120,"Collar_45_2026-06-08 12:46:58",0.0069269,"12:46:58","Time changed"
"81A-1767",41,101,6918.9,"01:30","00:25",13,2026-06-08 13:28:54,"2026-06-08 13:30:36",23.8135849056604,101.440377358491,2.66509433962264,-0.531245283018868,145.844905660377,0.0347924528301887,"Fresh",11,"Control",NA,"2026-06-08",13:28:54,120,"Collar_41_2026-06-08 13:28:54",0.0069189,"13:28:54","Time changed"
"81A-1767",42,101,6926.9,"01:30","00:25",13,2026-06-08 13:31:55,"2026-06-08 13:33:37",23.5310377358491,101.458396226415,2.56603773584906,0.35222641509434,10.2487830188679,0.0347264150943396,"Fresh",11,"Disturbance",NA,"2026-06-08",13:31:55,120,"Collar_42_2026-06-08 13:31:55",0.0069269,"13:31:55","Time changed"
"81A-1767",43,101,6926.9,"01:30","00:25",14,2026-06-08 13:34:54,"2026-06-08 13:36:37",24.2020560747664,101.474018691589,2.66448598130841,0.254598130841121,145.881551401869,0.0568504672897196,"Fresh",11,"1 µm",NA,"2026-06-08",13:34:54,120,"Collar_43_2026-06-08 13:34:54",0.0069269,"13:34:54","Time changed"
"81A-1767",44,101,6926.9,"01:30","00:25",14,2026-06-08 13:37:54,"2026-06-08 13:39:37",167.730373831776,101.473831775701,2.56448598130841,0.781747663551402,19.5834112149533,0.072,"Fresh",11,"45 µm",NA,"2026-06-08",13:37:54,120,"Collar_44_2026-06-08 13:37:54",0.0069269,"13:37:54","Time changed"
"81A-1767",40,101,6926.9,"01:30","00:25",13,2026-06-08 13:40:55,"2026-06-08 13:42:37",22.9433018867925,101.474433962264,2.66415094339623,0.775471698113208,141.333849056604,0.128792452830189,"Fresh",10,"45 µm",NA,"2026-06-08",13:40:55,120,"Collar_40_2026-06-08 13:40:55",0.0069269,"13:40:55","Time changed"
"81A-1767",38,101,6926.9,"01:30","00:25",14,2026-06-08 13:43:56,"2026-06-08 13:45:39",-72.1143925233645,101.490093457944,2.66542056074766,-0.524467289719626,74.1943457943925,0.0536261682242991,"Fresh",10,"Disturbance",NA,"2026-06-08",13:43:56,120,"Collar_38_2026-06-08 13:43:56",0.0069269,"13:43:56","Time changed"
"81A-1767",45,101,6926.9,"01:30","00:25",14,2026-06-08 13:46:56,"2026-06-08 13:48:39",-68.0728037383178,101.478504672897,2.56635514018692,0.785560747663551,19.4031401869159,0.119728971962617,"Fresh",12,"Control",NA,"2026-06-08",13:46:56,120,"Collar_45_2026-06-08 13:46:56",0.0069269,"13:46:56","Time changed"
"81A-1767",41,101,6918.9,"01:30","00:25",13,2026-06-08 14:28:54,"2026-06-08 14:30:36",23.9512264150943,101.419056603774,2.66414150943396,-0.531933962264151,146.524764150943,0.0345283018867925,"Fresh",11,"Control",NA,"2026-06-08",14:28:54,120,"Collar_41_2026-06-08 14:28:54",0.0069189,"14:28:54","Time changed"
"81A-1767",42,101,6926.9,"01:30","00:25",13,2026-06-08 14:31:55,"2026-06-08 14:33:37",24.4044339622642,101.432547169811,2.56698113207547,0.351707547169811,10.3514433962264,0.0346792452830189,"Fresh",11,"Disturbance",NA,"2026-06-08",14:31:55,120,"Collar_42_2026-06-08 14:31:55",0.0069269,"14:31:55","Time changed"
"81A-1767",43,101,6926.9,"01:30","00:25",14,2026-06-08 14:34:54,"2026-06-08 14:36:37",23.7933644859813,101.450747663551,2.66448598130841,0.253607476635514,146.521009345794,0.0570841121495327,"Fresh",11,"1 µm",NA,"2026-06-08",14:34:54,120,"Collar_43_2026-06-08 14:34:54",0.0069269,"14:34:54","Time changed"
"81A-1767",44,101,6926.9,"01:30","00:25",14,2026-06-08 14:37:54,"2026-06-08 14:39:37",168.646355140187,101.445981308411,2.55692523364486,0.754383177570094,19.882308411215,0.0658317757009346,"Fresh",11,"45 µm",NA,"2026-06-08",14:37:54,120,"Collar_44_2026-06-08 14:37:54",0.0069269,"14:37:54","Time changed"
"81A-1767",40,101,6926.9,"01:30","00:25",13,2026-06-08 14:40:54,"2026-06-08 14:42:36",23.4344339622642,101.440377358491,2.66415094339623,0.775094339622642,141.256518867925,0.13511320754717,"Fresh",10,"45 µm",NA,"2026-06-08",14:40:54,120,"Collar_40_2026-06-08 14:40:54",0.0069269,"14:40:54","Time changed"
"81A-1767",38,101,6926.9,"01:30","00:25",14,2026-06-08 14:43:53,"2026-06-08 14:45:36",-71.015046728972,101.446728971963,2.66321495327103,-0.521392523364486,74.2247196261682,0.0543084112149533,"Fresh",10,"Disturbance",NA,"2026-06-08",14:43:53,120,"Collar_38_2026-06-08 14:43:53",0.0069269,"14:43:53","Time changed"
"81A-1767",45,101,6926.9,"01:30","00:25",182,2026-06-08 14:46:56,"2026-06-08 14:51:27",NA,102.012654545455,2.57972727272727,0.718036363636364,20.1393854545455,0.125549090909091,"Fresh",12,"Control",NA,"2026-06-08",14:46:56,120,"Collar_45_2026-06-08 14:46:56",0.0069269,"14:46:56","Time changed"
"81A-1767",41,101,6918.9,"01:30","00:25",13,2026-06-08 15:28:54,"2026-06-08 15:30:36",24.0717924528302,101.378301886792,2.66414150943396,-0.531933962264151,146.925150943396,0.0340849056603774,"Fresh",11,"Control",NA,"2026-06-08",15:28:54,120,"Collar_41_2026-06-08 15:28:54",0.0069189,"15:28:54","Time changed"
"81A-1767",42,101,6926.9,"01:30","00:25",13,2026-06-08 15:31:55,"2026-06-08 15:33:37",23.841320754717,101.392547169811,2.56603773584906,0.351547169811321,10.4291320754717,0.0341509433962264,"Fresh",11,"Disturbance",NA,"2026-06-08",15:31:55,120,"Collar_42_2026-06-08 15:31:55",0.0069269,"15:31:55","Time changed"
"81A-1767",43,101,6926.9,"01:30","00:25",14,2026-06-08 15:34:54,"2026-06-08 15:36:37",23.9342056074766,101.411028037383,2.66448598130841,0.253401869158879,147.025700934579,0.0569626168224299,"Fresh",11,"1 µm",NA,"2026-06-08",15:34:54,120,"Collar_43_2026-06-08 15:34:54",0.0069269,"15:34:54","Time changed"
"81A-1767",44,101,6926.9,"01:30","00:25",14,2026-06-08 15:37:55,"2026-06-08 15:39:38",169.558598130841,101.401401869159,2.55607476635514,0.763121495327103,20.0588691588785,0.0583457943925234,"Fresh",11,"45 µm",NA,"2026-06-08",15:37:55,120,"Collar_44_2026-06-08 15:37:55",0.0069269,"15:37:55","Time changed"
"81A-1767",40,101,6926.9,"01:30","00:25",13,2026-06-08 15:40:57,"2026-06-08 15:42:39",23.8029245283019,101.394150943396,2.66475471698113,0.775056603773585,141.188566037736,0.130179245283019,"Fresh",10,"45 µm",NA,"2026-06-08",15:40:57,120,"Collar_40_2026-06-08 15:40:57",0.0069269,"15:40:57","Time changed"
"81A-1767",38,101,6926.9,"01:30","00:25",14,2026-06-08 15:43:58,"2026-06-08 15:45:41",-71.1336448598131,101.399813084112,2.66542056074766,-0.515224299065421,74.2601214953271,0.0545700934579439,"Fresh",10,"Disturbance",NA,"2026-06-08",15:43:58,120,"Collar_38_2026-06-08 15:43:58",0.0069269,"15:43:58","Time changed"
"81A-1767",45,101,6926.9,"01:30","00:25",14,2026-06-08 15:47:00,"2026-06-08 15:48:43",-68.3163551401869,101.393738317757,2.56168224299065,0.677719626168224,19.8279439252336,0.120336448598131,"Fresh",12,"Control",NA,"2026-06-08",15:47:00,120,"Collar_45_2026-06-08 15:47:00",0.0069269,"15:47:00","Time changed"
"81A-1767",41,101,6918.9,"01:30","00:25",13,2026-06-08 16:28:54,"2026-06-08 16:30:36",24.2877358490566,101.341509433962,2.66415094339623,-0.531933962264151,147.104075471698,0.0338867924528302,"Fresh",11,"Control",NA,"2026-06-08",16:28:54,120,"Collar_41_2026-06-08 16:28:54",0.0069189,"16:28:54","Time changed"
"81A-1767",42,101,6926.9,"01:30","00:25",13,2026-06-08 16:31:55,"2026-06-08 16:33:37",23.8788679245283,101.352452830189,2.56509433962264,0.351547169811321,10.5155,0.0338301886792453,"Fresh",11,"Disturbance",NA,"2026-06-08",16:31:55,120,"Collar_42_2026-06-08 16:31:55",0.0069269,"16:31:55","Time changed"
"81A-1767",43,101,6926.9,"01:30","00:25",14,2026-06-08 16:34:54,"2026-06-08 16:36:37",23.9806542056075,101.369626168224,2.66448598130841,0.252616822429907,147.174878504673,0.0567476635514019,"Fresh",11,"1 µm",NA,"2026-06-08",16:34:54,120,"Collar_43_2026-06-08 16:34:54",0.0069269,"16:34:54","Time changed"
"81A-1767",44,101,6926.9,"01:30","00:25",14,2026-06-08 16:37:54,"2026-06-08 16:39:37",169.780934579439,101.360654205607,2.56166355140187,0.762196261682243,20.1541121495327,0.0567009345794393,"Fresh",11,"45 µm",NA,"2026-06-08",16:37:54,120,"Collar_44_2026-06-08 16:37:54",0.0069269,"16:37:54","Time changed"
"81A-1767",40,101,6926.9,"01:30","00:25",13,2026-06-08 16:40:56,"2026-06-08 16:42:38",23.8214150943396,101.356886792453,2.66569811320755,0.77561320754717,141.227330188679,0.12888679245283,"Fresh",10,"45 µm",NA,"2026-06-08",16:40:56,120,"Collar_40_2026-06-08 16:40:56",0.0069269,"16:40:56","Time changed"
"81A-1767",38,101,6926.9,"01:30","00:25",14,2026-06-08 16:43:55,"2026-06-08 16:45:38",-71.3343925233645,101.363364485981,2.66355140186916,-0.520327102803738,74.3318691588785,0.0546448598130841,"Fresh",10,"Disturbance",NA,"2026-06-08",16:43:55,120,"Collar_38_2026-06-08 16:43:55",0.0069269,"16:43:55","Time changed"
"81A-1767",45,101,6926.9,"01:30","00:25",14,2026-06-08 16:46:55,"2026-06-08 16:48:38",-68.523738317757,101.365140186916,2.56261682242991,0.815065420560748,20.0665046728972,0.121485981308411,"Fresh",12,"Control",NA,"2026-06-08",16:46:55,120,"Collar_45_2026-06-08 16:46:55",0.0069269,"16:46:55","Time changed"
"81A-1767",41,101,6918.9,"01:30","00:25",13,2026-06-08 17:28:54,"2026-06-08 17:30:36",23.79,101.333962264151,2.57547169811321,-0.531933962264151,147.221896226415,0.0337452830188679,"Fresh",11,"Control",NA,"2026-06-08",17:28:54,120,"Collar_41_2026-06-08 17:28:54",0.0069189,"17:28:54","Time changed"
"81A-1767",42,101,6926.9,"01:30","00:25",13,2026-06-08 17:31:55,"2026-06-08 17:33:37",23.8867924528302,101.348113207547,2.47641509433962,0.351443396226415,10.6974716981132,0.0338396226415094,"Fresh",11,"Disturbance",NA,"2026-06-08",17:31:55,120,"Collar_42_2026-06-08 17:31:55",0.0069269,"17:31:55","Time changed"
"81A-1767",43,101,6926.9,"01:30","00:25",14,2026-06-08 17:34:54,"2026-06-08 17:36:37",23.5335514018692,101.36785046729,2.57570093457944,0.251626168224299,147.209635514019,0.0564392523364486,"Fresh",11,"1 µm",NA,"2026-06-08",17:34:54,120,"Collar_43_2026-06-08 17:34:54",0.0069269,"17:34:54","Time changed"
"81A-1767",44,101,6926.9,"01:30","00:25",14,2026-06-08 17:37:54,"2026-06-08 17:39:37",169.469626168224,101.361401869159,2.47663551401869,0.752429906542056,20.2389252336449,0.0557943925233645,"Fresh",11,"45 µm",NA,"2026-06-08",17:37:54,120,"Collar_44_2026-06-08 17:37:54",0.0069269,"17:37:54","Time changed"
"81A-1767",40,101,6926.9,"01:30","00:25",13,2026-06-08 17:40:54,"2026-06-08 17:42:36",23.3833962264151,101.361509433962,2.60990566037736,0.774990566037736,141.256858490566,0.129150943396226,"Fresh",10,"45 µm",NA,"2026-06-08",17:40:54,120,"Collar_40_2026-06-08 17:40:54",0.0069269,"17:40:54","Time changed"
"81A-1767",38,101,6926.9,"01:30","00:25",14,2026-06-08 17:43:55,"2026-06-08 17:45:38",-72.0122429906542,101.368411214953,2.66261682242991,-0.523476635514019,74.3814018691589,0.0551308411214953,"Fresh",10,"Disturbance",NA,"2026-06-08",17:43:55,120,"Collar_38_2026-06-08 17:43:55",0.0069269,"17:43:55","Time changed"
"81A-1767",45,101,6926.9,"01:30","00:25",14,2026-06-08 17:46:55,"2026-06-08 17:48:38",-67.9957009345794,101.361214953271,2.55183177570093,0.816504672897196,20.2045327102804,0.122457943925234,"Fresh",12,"Control",NA,"2026-06-08",17:46:55,120,"Collar_45_2026-06-08 17:46:55",0.0069269,"17:46:55","Time changed"
"81A-1767",41,101,6918.9,"01:30","00:25",13,2026-06-08 18:28:54,"2026-06-08 18:30:36",23.2194339622642,101.312924528302,2.66415094339623,-0.531933962264151,147.155452830189,0.033811320754717,"Fresh",11,"Control",NA,"2026-06-08",18:28:54,120,"Collar_41_2026-06-08 18:28:54",0.0069189,"18:28:54","Time changed"
"81A-1767",42,101,6926.9,"01:30","00:25",13,2026-06-08 18:31:55,"2026-06-08 18:33:37",23.0854716981132,101.327264150943,2.56698113207547,0.349896226415094,10.8245943396226,0.0338584905660377,"Fresh",11,"Disturbance",NA,"2026-06-08",18:31:55,120,"Collar_42_2026-06-08 18:31:55",0.0069269,"18:31:55","Time changed"
"81A-1767",43,101,6926.9,"01:30","00:25",14,2026-06-08 18:34:54,"2026-06-08 18:36:37",23.0346728971963,101.343457943925,2.66448598130841,0.251626168224299,147.147710280374,0.0564859813084112,"Fresh",11,"1 µm",NA,"2026-06-08",18:34:54,120,"Collar_43_2026-06-08 18:34:54",0.0069269,"18:34:54","Time changed"
"81A-1767",44,101,6926.9,"01:30","00:25",14,2026-06-08 18:37:56,"2026-06-08 18:39:39",169.057476635514,101.34,2.5607476635514,0.743383177570094,20.2969626168224,0.0547383177570093,"Fresh",11,"45 µm",NA,"2026-06-08",18:37:56,120,"Collar_44_2026-06-08 18:37:56",0.0069269,"18:37:56","Time changed"
"81A-1767",40,101,6926.9,"01:30","00:25",13,2026-06-08 18:40:58,"2026-06-08 18:42:40",22.9458490566038,101.335943396226,2.66603773584906,0.775301886792453,141.263009433962,0.128424528301887,"Fresh",10,"45 µm",NA,"2026-06-08",18:40:58,120,"Collar_40_2026-06-08 18:40:58",0.0069269,"18:40:58","Time changed"
"81A-1767",38,101,6926.9,"01:30","00:25",14,2026-06-08 18:43:59,"2026-06-08 18:45:42",-71.9228037383178,101.352803738318,2.66448598130841,-0.525560747663551,74.3907289719626,0.0537383177570093,"Fresh",10,"Disturbance",NA,"2026-06-08",18:43:59,120,"Collar_38_2026-06-08 18:43:59",0.0069269,"18:43:59","Time changed"
"81A-1767",45,101,6926.9,"01:30","00:25",14,2026-06-08 18:47:01,"2026-06-08 18:48:44",-68.9815887850467,101.345887850467,2.56355140186916,0.677205607476635,20.2429906542056,0.125672897196262,"Fresh",12,"Control",NA,"2026-06-08",18:47:01,120,"Collar_45_2026-06-08 18:47:01",0.0069269,"18:47:01","Time changed"
"81A-1767",41,101,6918.9,"01:30","00:25",13,2026-06-08 19:28:54,"2026-06-08 19:30:36",22.4083962264151,101.342264150943,2.66224528301887,-0.531933962264151,147.015433962264,0.034,"Fresh",11,"Control",NA,"2026-06-08",19:28:54,120,"Collar_41_2026-06-08 19:28:54",0.0069189,"19:28:54","Time changed"
"81A-1767",42,101,6926.9,"01:30","00:25",13,2026-06-08 19:31:55,"2026-06-08 19:33:37",22.382641509434,101.353301886792,2.56509433962264,0.331150943396226,10.9164150943396,0.0341132075471698,"Fresh",11,"Disturbance",NA,"2026-06-08",19:31:55,120,"Collar_42_2026-06-08 19:31:55",0.0069269,"19:31:55","Time changed"
"81A-1767",43,101,6926.9,"01:30","00:25",14,2026-06-08 19:34:56,"2026-06-08 19:36:39",22.3682242990654,101.371775700935,2.66355140186916,0.251420560747664,146.992261682243,0.0559906542056075,"Fresh",11,"1 µm",NA,"2026-06-08",19:34:56,120,"Collar_43_2026-06-08 19:34:56",0.0069269,"19:34:56","Time changed"
"81A-1767",44,101,6926.9,"01:30","00:25",14,2026-06-08 19:37:58,"2026-06-08 19:39:41",168.437196261682,101.364112149533,2.55664485981308,0.726953271028037,20.3113551401869,0.0538224299065421,"Fresh",11,"45 µm",NA,"2026-06-08",19:37:58,120,"Collar_44_2026-06-08 19:37:58",0.0069269,"19:37:58","Time changed"
"81A-1767",40,101,6926.9,"01:30","00:25",13,2026-06-08 19:41:00,"2026-06-08 19:42:42",22.2868867924528,101.362264150943,2.6688679245283,0.77488679245283,141.280613207547,0.127594339622642,"Fresh",10,"45 µm",NA,"2026-06-08",19:41:00,120,"Collar_40_2026-06-08 19:41:00",0.0069269,"19:41:00","Time changed"
"81A-1767",38,101,6926.9,"01:30","00:25",14,2026-06-08 19:44:01,"2026-06-08 19:45:44",-71.9011214953271,101.371588785047,2.66355140186916,-0.527336448598131,74.4040747663551,0.0529532710280374,"Fresh",10,"Disturbance",NA,"2026-06-08",19:44:01,120,"Collar_38_2026-06-08 19:44:01",0.0069269,"19:44:01","Time changed"
"81A-1767",45,101,6926.9,"01:30","00:25",14,2026-06-08 19:47:03,"2026-06-08 19:48:46",-68.8806542056075,101.36691588785,2.56260747663551,0.724971962616822,20.2235046728972,0.128794392523364,"Fresh",12,"Control",NA,"2026-06-08",19:47:03,120,"Collar_45_2026-06-08 19:47:03",0.0069269,"19:47:03","Time changed"
"81A-1767",41,101,6918.9,"01:30","00:25",13,2026-06-08 20:28:54,"2026-06-08 20:30:36",21.5328301886792,101.385660377358,2.66129245283019,-0.531933962264151,146.84841509434,0.0341792452830189,"Fresh",11,"Control",NA,"2026-06-08",20:28:54,120,"Collar_41_2026-06-08 20:28:54",0.0069189,"20:28:54","Time changed"
"81A-1767",42,101,6926.9,"01:30","00:25",13,2026-06-08 20:31:54,"2026-06-08 20:33:36",21.4137735849057,101.401981132075,2.56509433962264,0.350556603773585,10.9784905660377,0.0343962264150943,"Fresh",11,"Disturbance",NA,"2026-06-08",20:31:54,120,"Collar_42_2026-06-08 20:31:54",0.0069269,"20:31:54","Time changed"
"81A-1767",43,101,6926.9,"01:30","00:25",14,2026-06-08 20:34:54,"2026-06-08 20:36:37",21.3766355140187,101.422336448598,2.66355140186916,0.251317757009346,146.665934579439,0.0556635514018692,"Fresh",11,"1 µm",NA,"2026-06-08",20:34:54,120,"Collar_43_2026-06-08 20:34:54",0.0069269,"20:34:54","Time changed"
"81A-1767",44,101,6926.9,"01:30","00:25",14,2026-06-08 20:37:56,"2026-06-08 20:39:39",168.71953271028,101.424205607477,2.56448598130841,0.761168224299065,20.2891028037383,0.0522242990654206,"Fresh",11,"45 µm",NA,"2026-06-08",20:37:56,120,"Collar_44_2026-06-08 20:37:56",0.0069269,"20:37:56","Time changed"
"81A-1767",40,101,6926.9,"01:30","00:25",13,2026-06-08 20:40:58,"2026-06-08 20:42:40",21.4252830188679,101.425188679245,2.66509433962264,0.776132075471698,141.247811320755,0.126367924528302,"Fresh",10,"45 µm",NA,"2026-06-08",20:40:58,120,"Collar_40_2026-06-08 20:40:58",0.0069269,"20:40:58","Time changed"
"81A-1767",38,101,6926.9,"01:30","00:25",14,2026-06-08 20:43:59,"2026-06-08 20:45:42",-71.3223364485981,101.435607476636,2.66448598130841,-0.519822429906542,74.4088317757009,0.0525607476635514,"Fresh",10,"Disturbance",NA,"2026-06-08",20:43:59,120,"Collar_38_2026-06-08 20:43:59",0.0069269,"20:43:59","Time changed"
"81A-1767",45,101,6926.9,"01:30","00:25",14,2026-06-08 20:47:01,"2026-06-08 20:48:44",-68.696261682243,101.425514018692,2.56355140186916,0.676691588785047,20.1668317757009,0.13181308411215,"Fresh",12,"Control",NA,"2026-06-08",20:47:01,120,"Collar_45_2026-06-08 20:47:01",0.0069269,"20:47:01","Time changed"
"81A-1767",41,101,6918.9,"01:30","00:25",13,2026-06-08 21:28:54,"2026-06-08 21:30:36",20.566320754717,101.408113207547,2.66415094339623,-0.531933962264151,146.408650943396,0.0345566037735849,"Fresh",11,"Control",NA,"2026-06-08",21:28:54,120,"Collar_41_2026-06-08 21:28:54",0.0069189,"21:28:54","Time changed"
"81A-1767",42,101,6926.9,"01:30","00:25",13,2026-06-08 21:31:55,"2026-06-08 21:33:37",20.4953773584906,101.426320754717,2.56793396226415,0.350150943396226,10.993858490566,0.0346698113207547,"Fresh",11,"Disturbance",NA,"2026-06-08",21:31:55,120,"Collar_42_2026-06-08 21:31:55",0.0069269,"21:31:55","Time changed"
"81A-1767",43,101,6926.9,"01:30","00:25",14,2026-06-08 21:34:56,"2026-06-08 21:36:39",20.4006542056075,101.446635514019,2.66448598130841,0.250429906542056,146.452607476636,0.0554299065420561,"Fresh",11,"1 µm",NA,"2026-06-08",21:34:56,120,"Collar_43_2026-06-08 21:34:56",0.0069269,"21:34:56","Time changed"
"81A-1767",44,101,6926.9,"01:30","00:25",14,2026-06-08 21:37:57,"2026-06-08 21:39:40",168.082803738318,101.450186915888,2.56542056074766,0.753355140186916,20.2149065420561,0.0507102803738318,"Fresh",11,"45 µm",NA,"2026-06-08",21:37:57,120,"Collar_44_2026-06-08 21:37:57",0.0069269,"21:37:57","Time changed"
"81A-1767",40,101,6926.9,"01:30","00:25",13,2026-06-08 21:40:59,"2026-06-08 21:42:41",20.3299056603774,101.453773584906,2.66415094339623,0.775094339622642,141.408622641509,0.123952830188679,"Fresh",10,"45 µm",NA,"2026-06-08",21:40:59,120,"Collar_40_2026-06-08 21:40:59",0.0069269,"21:40:59","Time changed"
"81A-1767",38,101,6926.9,"01:30","00:25",14,2026-06-08 21:44:00,"2026-06-08 21:45:43",-71.4631775700935,101.465981308411,2.66448598130841,-0.504392523364486,74.4252710280374,0.0526448598130841,"Fresh",10,"Disturbance",NA,"2026-06-08",21:44:00,120,"Collar_38_2026-06-08 21:44:00",0.0069269,"21:44:00","Time changed"
"81A-1767",45,101,6926.9,"01:30","00:25",14,2026-06-08 21:47:02,"2026-06-08 21:48:45",-68.5607476635514,101.471401869159,2.56448598130841,0.676383177570093,20.0676448598131,0.132738317757009,"Fresh",12,"Control",NA,"2026-06-08",21:47:02,120,"Collar_45_2026-06-08 21:47:02",0.0069269,"21:47:02","Time changed"
"81A-1767",41,101,6918.9,"01:30","00:25",13,2026-06-08 22:28:54,"2026-06-08 22:30:36",19.8434905660377,101.510754716981,2.66381132075472,-0.531141509433962,146.019858490566,0.0347264150943396,"Fresh",11,"Control",NA,"2026-06-08",22:28:54,120,"Collar_41_2026-06-08 22:28:54",0.0069189,"22:28:54","Time changed"
"81A-1767",42,101,6926.9,"01:30","00:25",13,2026-06-08 22:31:55,"2026-06-08 22:33:37",19.7742452830189,101.525849056604,2.56603773584906,0.347867924528302,10.9698301886792,0.0346981132075472,"Fresh",11,"Disturbance",NA,"2026-06-08",22:31:55,120,"Collar_42_2026-06-08 22:31:55",0.0069269,"22:31:55","Time changed"
"81A-1767",43,101,6926.9,"01:30","00:25",14,2026-06-08 22:34:54,"2026-06-08 22:36:37",19.7296261682243,101.541121495327,2.66355140186916,0.250738317757009,145.995411214953,0.0551869158878505,"Fresh",11,"1 µm",NA,"2026-06-08",22:34:54,120,"Collar_43_2026-06-08 22:34:54",0.0069269,"22:34:54","Time changed"
"81A-1767",44,101,6926.9,"01:30","00:25",14,2026-06-08 22:37:56,"2026-06-08 22:39:39",167.03523364486,101.53953271028,2.56448598130841,0.738345794392523,20.1024392523364,0.0496728971962617,"Fresh",11,"45 µm",NA,"2026-06-08",22:37:56,120,"Collar_44_2026-06-08 22:37:56",0.0069269,"22:37:56","Time changed"
"81A-1767",40,101,6926.9,"01:30","00:25",13,2026-06-08 22:40:58,"2026-06-08 22:42:40",19.6467924528302,101.537641509434,2.66415094339623,0.77561320754717,141.472877358491,0.12488679245283,"Fresh",10,"45 µm",NA,"2026-06-08",22:40:58,120,"Collar_40_2026-06-08 22:40:58",0.0069269,"22:40:58","Time changed"
"81A-1767",38,101,6926.9,"01:30","00:25",14,2026-06-08 22:43:59,"2026-06-08 22:45:42",-72.4434579439252,101.549252336449,2.65975700934579,-0.532766355140187,74.425953271028,0.0522523364485981,"Fresh",10,"Disturbance",NA,"2026-06-08",22:43:59,120,"Collar_38_2026-06-08 22:43:59",0.0069269,"22:43:59","Time changed"
"81A-1767",45,101,6926.9,"01:30","00:25",14,2026-06-08 22:47:01,"2026-06-08 22:48:44",-69.5676635514019,101.538411214953,2.56355140186916,0.766130841121495,19.9455140186916,0.13681308411215,"Fresh",12,"Control",NA,"2026-06-08",22:47:01,120,"Collar_45_2026-06-08 22:47:01",0.0069269,"22:47:01","Time changed"
"81A-1767",41,101,6918.9,"01:30","00:25",13,2026-06-08 23:28:54,"2026-06-08 23:30:36",19.2933018867925,101.511037735849,2.66415094339623,-0.530943396226415,145.497924528302,0.0349622641509434,"Fresh",11,"Control",NA,"2026-06-08",23:28:54,120,"Collar_41_2026-06-08 23:28:54",0.0069189,"23:28:54","Time changed"
"81A-1767",42,101,6926.9,"01:30","00:25",13,2026-06-08 23:31:55,"2026-06-08 23:33:37",19.1340566037736,101.532452830189,2.60758490566038,0.335245283018868,10.9175943396226,0.0349528301886793,"Fresh",11,"Disturbance",NA,"2026-06-08",23:31:55,120,"Collar_42_2026-06-08 23:31:55",0.0069269,"23:31:55","Time changed"
"81A-1767",43,101,6926.9,"01:30","00:25",14,2026-06-08 23:34:54,"2026-06-08 23:36:37",19.1119626168224,101.552336448598,2.66448598130841,0.250841121495327,145.55191588785,0.0549252336448598,"Fresh",11,"1 µm",NA,"2026-06-08",23:34:54,120,"Collar_43_2026-06-08 23:34:54",0.0069269,"23:34:54","Time changed"
"81A-1767",44,101,6926.9,"01:30","00:25",14,2026-06-08 23:37:55,"2026-06-08 23:39:38",166.08476635514,101.551401869159,2.56542056074766,0.78092523364486,19.9639158878505,0.0491495327102804,"Fresh",11,"45 µm",NA,"2026-06-08",23:37:55,120,"Collar_44_2026-06-08 23:37:55",0.0069269,"23:37:55","Time changed"
"81A-1767",40,101,6926.9,"01:30","00:25",13,2026-06-08 23:40:57,"2026-06-08 23:42:39",19.0058490566038,101.545,2.66600943396226,0.77561320754717,141.499783018868,0.128320754716981,"Fresh",10,"45 µm",NA,"2026-06-08",23:40:57,120,"Collar_40_2026-06-08 23:40:57",0.0069269,"23:40:57","Time changed"
"81A-1767",38,101,6926.9,"01:30","00:25",14,2026-06-08 23:43:57,"2026-06-08 23:45:40",-72.2881308411215,101.556355140187,2.66448598130841,-0.532766355140187,74.4387102803738,0.0517757009345794,"Fresh",10,"Disturbance",NA,"2026-06-08",23:43:57,120,"Collar_38_2026-06-08 23:43:57",0.0069269,"23:43:57","Time changed"
"81A-1678",29,101,6926.9,"01:30","00:25",12,2026-06-08 00:30:31,"2026-06-08 00:32:12",20.2118095238095,99.4405714285714,3.6647619047619,0.224838095238095,89.6525333333333,0.0305047619047619,"Salt",8,"Control",NA,"2026-06-08",00:30:31,120,"Collar_29_2026-06-08 00:30:31",0.0069269,"00:30:31","Time changed"
"81A-1678",30,101,6926.9,"01:30","00:25",13,2026-06-08 00:33:31,"2026-06-08 00:35:13",20.6283962264151,99.4252830188679,4.95283018867925,-0.0597358490566038,59.9279339622641,0.0305943396226415,"Salt",8,"Disturbance",NA,"2026-06-08",00:33:31,120,"Collar_30_2026-06-08 00:33:31",0.0069269,"00:33:31","Time changed"
"81A-1678",31,101,6926.9,"01:30","00:25",12,2026-06-08 00:36:32,"2026-06-08 00:38:13",20.107619047619,99.3994285714286,4.75428571428571,-0.511971428571429,121.168971428571,3.50093333333333,"Salt",8,"1 µm",NA,"2026-06-08",00:36:32,120,"Collar_31_2026-06-08 00:36:32",0.0069269,"00:36:32","Time changed"
"81A-1678",32,101,6926.9,"01:30","00:25",13,2026-06-08 00:39:32,"2026-06-08 00:41:14",-53.5369811320755,99.4211320754717,4.85377358490566,-0.533811320754717,22.0270094339623,0.0285,"Salt",8,"45 µm",NA,"2026-06-08",00:39:32,120,"Collar_32_2026-06-08 00:39:32",0.0069269,"00:39:32","Time changed"
"81A-1678",50,101,6926.9,"01:30","00:25",12,2026-06-08 00:42:33,"2026-06-08 00:44:14",20.1597142857143,99.4112380952381,4.85333333333333,0.297838095238095,18.6435142857143,0.030447619047619,"Salt",NA,"Control",NA,"2026-06-08",00:42:33,120,"Collar_50_2026-06-08 00:42:33",0.0069269,"00:42:33","Time changed"
"81A-1678",51,101,6926.9,"01:30","00:25",13,2026-06-08 00:45:31,"2026-06-08 00:47:13",20.1459433962264,99.4239622641509,4.85377358490566,-0.0950943396226415,67.0179716981132,0.0304056603773585,"Salt",NA,"Control",NA,"2026-06-08",00:45:31,120,"Collar_51_2026-06-08 00:45:31",0.0069269,"00:45:31","Time changed"
"81A-1678",52,101,6926.9,"01:30","00:25",13,2026-06-08 00:48:32,"2026-06-08 00:50:14",20.1611320754717,99.4195283018868,4.85377358490566,0.276367924528302,87.769141509434,0.0304150943396226,"Salt",NA,"Control",NA,"2026-06-08",00:48:32,120,"Collar_52_2026-06-08 00:48:32",0.0069269,"00:48:32","Time changed"
"81A-1678",29,101,6926.9,"01:30","00:25",12,2026-06-08 01:30:31,"2026-06-08 01:32:12",20.1020952380952,99.538,3.6647619047619,0.224266666666667,89.5248857142857,0.0307238095238095,"Salt",8,"Control",NA,"2026-06-08",01:30:31,120,"Collar_29_2026-06-08 01:30:31",0.0069269,"01:30:31","Time changed"
"81A-1678",30,101,6926.9,"01:30","00:25",13,2026-06-08 01:33:31,"2026-06-08 01:35:13",20.532641509434,99.4621698113208,4.95283018867925,-0.0604245283018868,59.6435566037736,0.0307264150943396,"Salt",8,"Disturbance",NA,"2026-06-08",01:33:31,120,"Collar_30_2026-06-08 01:33:31",0.0069269,"01:33:31","Time changed"
"81A-1678",31,101,6926.9,"01:30","00:25",12,2026-06-08 01:36:32,"2026-06-08 01:38:13",20.0130476190476,99.447619047619,4.84952380952381,-0.511971428571429,120.679019047619,3.49214285714286,"Salt",8,"1 µm",NA,"2026-06-08",01:36:32,120,"Collar_31_2026-06-08 01:36:32",0.0069269,"01:36:32","Time changed"
"81A-1678",32,101,6926.9,"01:30","00:25",13,2026-06-08 01:39:30,"2026-06-08 01:41:12",-53.5497169811321,99.4598113207547,4.85377358490566,-0.533811320754717,21.8915943396226,0.0286509433962264,"Salt",8,"45 µm",NA,"2026-06-08",01:39:30,120,"Collar_32_2026-06-08 01:39:30",0.0069269,"01:39:30","Time changed"
"81A-1678",50,101,6926.9,"01:30","00:25",12,2026-06-08 01:42:29,"2026-06-08 01:44:10",20.0279047619048,99.4504761904762,4.87331428571429,0.297142857142857,18.5016285714286,0.0307142857142857,"Salt",NA,"Control",NA,"2026-06-08",01:42:29,120,"Collar_50_2026-06-08 01:42:29",0.0069269,"01:42:29","Time changed"
"81A-1678",51,101,6926.9,"01:30","00:25",13,2026-06-08 01:45:29,"2026-06-08 01:47:11",20.1782075471698,99.4759433962264,4.85377358490566,-0.0950943396226415,72.4317735849057,0.0307169811320755,"Salt",NA,"Control",NA,"2026-06-08",01:45:29,120,"Collar_51_2026-06-08 01:45:29",0.0069269,"01:45:29","Time changed"
"81A-1678",52,101,6926.9,"01:30","00:25",13,2026-06-08 01:48:30,"2026-06-08 01:50:12",20.2238679245283,99.4601886792453,4.85377358490566,0.277056603773585,91.0540754716981,0.0307075471698113,"Salt",NA,"Control",NA,"2026-06-08",01:48:30,120,"Collar_52_2026-06-08 01:48:30",0.0069269,"01:48:30","Time changed"
"81A-1678",29,101,6926.9,"01:30","00:25",12,2026-06-08 02:30:31,"2026-06-08 02:32:12",20.2824761904762,99.6066666666667,3.6647619047619,0.224838095238095,89.6236857142857,0.0308,"Salt",8,"Control",NA,"2026-06-08",02:30:31,120,"Collar_29_2026-06-08 02:30:31",0.0069269,"02:30:31","Time changed"
"81A-1678",30,101,6926.9,"01:30","00:25",13,2026-06-08 02:33:31,"2026-06-08 02:35:13",20.7147169811321,99.525,4.95283018867925,-0.0604245283018868,59.7066603773585,0.0307735849056604,"Salt",8,"Disturbance",NA,"2026-06-08",02:33:31,120,"Collar_30_2026-06-08 02:33:31",0.0069269,"02:33:31","Time changed"
"81A-1678",31,101,6926.9,"01:30","00:25",12,2026-06-08 02:36:32,"2026-06-08 02:38:13",20.1926666666667,99.5168571428571,4.84857142857143,-0.512647619047619,120.488419047619,3.46791428571429,"Salt",8,"1 µm",NA,"2026-06-08",02:36:32,120,"Collar_31_2026-06-08 02:36:32",0.0069269,"02:36:32","Time changed"
"81A-1678",32,101,6926.9,"01:30","00:25",13,2026-06-08 02:39:32,"2026-06-08 02:41:14",-53.6388679245283,99.5304716981132,4.85377358490566,-0.533811320754717,21.8064528301887,0.0289811320754717,"Salt",8,"45 µm",NA,"2026-06-08",02:39:32,120,"Collar_32_2026-06-08 02:39:32",0.0069269,"02:39:32","Time changed"
"81A-1678",50,101,6926.9,"01:30","00:25",12,2026-06-08 02:42:31,"2026-06-08 02:44:12",20.2115238095238,99.5173333333333,4.91299047619048,0.296352380952381,18.4070761904762,0.0307333333333333,"Salt",NA,"Control",NA,"2026-06-08",02:42:31,120,"Collar_50_2026-06-08 02:42:31",0.0069269,"02:42:31","Time changed"
"81A-1678",51,101,6926.9,"01:30","00:25",13,2026-06-08 02:45:31,"2026-06-08 02:47:13",20.3084905660377,99.5244339622642,4.85377358490566,-0.0951981132075472,70.3621226415094,0.0307169811320755,"Salt",NA,"Control",NA,"2026-06-08",02:45:31,120,"Collar_51_2026-06-08 02:45:31",0.0069269,"02:45:31","Time changed"
"81A-1678",52,101,6926.9,"01:30","00:25",13,2026-06-08 02:48:33,"2026-06-08 02:50:15",20.3468867924528,99.5252830188679,4.85377358490566,0.273669811320755,90.1651037735849,0.0307169811320755,"Salt",NA,"Control",NA,"2026-06-08",02:48:33,120,"Collar_52_2026-06-08 02:48:33",0.0069269,"02:48:33","Time changed"
"81A-1678",29,101,6926.9,"01:30","00:25",12,2026-06-08 03:30:31,"2026-06-08 03:32:12",21.0344761904762,99.5998095238095,3.6647619047619,0.224942857142857,89.6748285714286,0.0308285714285714,"Salt",8,"Control",NA,"2026-06-08",03:30:31,120,"Collar_29_2026-06-08 03:30:31",0.0069269,"03:30:31","Time changed"
"81A-1678",30,101,6926.9,"01:30","00:25",13,2026-06-08 03:33:31,"2026-06-08 03:35:13",21.7102830188679,99.5648113207547,4.95283018867925,-0.0604245283018868,59.6680660377358,0.0308679245283019,"Salt",8,"Disturbance",NA,"2026-06-08",03:33:31,120,"Collar_30_2026-06-08 03:33:31",0.0069269,"03:33:31","Time changed"
"81A-1678",31,101,6926.9,"01:30","00:25",12,2026-06-08 03:36:30,"2026-06-08 03:38:11",21.2757142857143,99.5561904761905,4.85142857142857,-0.511971428571429,120.2508,3.50037142857143,"Salt",8,"1 µm",NA,"2026-06-08",03:36:30,120,"Collar_31_2026-06-08 03:36:30",0.0069269,"03:36:30","Time changed"
"81A-1678",32,101,6926.9,"01:30","00:25",13,2026-06-08 03:39:30,"2026-06-08 03:41:11",-53.4434905660377,99.575,4.85377358490566,-0.533811320754717,21.7648018867925,0.0292641509433962,"Salt",8,"45 µm",NA,"2026-06-08",03:39:30,120,"Collar_32_2026-06-08 03:39:30",0.0069269,"03:39:30","Time changed"
"81A-1678",50,101,6926.9,"01:30","00:25",12,2026-06-08 03:42:30,"2026-06-08 03:44:11",21.4550476190476,99.5612380952381,4.90801904761905,0.296466666666667,18.3518952380952,0.030752380952381,"Salt",NA,"Control",NA,"2026-06-08",03:42:30,120,"Collar_50_2026-06-08 03:42:30",0.0069269,"03:42:30","Time changed"
"81A-1678",51,101,6926.9,"01:30","00:25",13,2026-06-08 03:45:28,"2026-06-08 03:47:10",21.5687735849057,99.573679245283,4.85377358490566,-0.0950943396226415,76.0717075471698,0.030811320754717,"Salt",NA,"Control",NA,"2026-06-08",03:45:28,120,"Collar_51_2026-06-08 03:45:28",0.0069269,"03:45:28","Time changed"
"81A-1678",52,101,6926.9,"01:30","00:25",13,2026-06-08 03:48:30,"2026-06-08 03:50:12",21.4682075471698,99.5794339622641,4.85377358490566,0.273528301886793,90.1094716981132,0.0307547169811321,"Salt",NA,"Control",NA,"2026-06-08",03:48:30,120,"Collar_52_2026-06-08 03:48:30",0.0069269,"03:48:30","Time changed"
"81A-1678",29,101,6926.9,"01:30","00:25",12,2026-06-08 04:30:31,"2026-06-08 04:32:12",21.1372380952381,99.6731428571428,3.6647619047619,0.224161904761905,89.5887428571428,0.0308,"Salt",8,"Control",NA,"2026-06-08",04:30:31,120,"Collar_29_2026-06-08 04:30:31",0.0069269,"04:30:31","Time changed"
"81A-1678",30,101,6926.9,"01:30","00:25",13,2026-06-08 04:33:32,"2026-06-08 04:35:13",21.5897169811321,99.6394339622641,4.95283018867925,-0.0604245283018868,59.9232358490566,0.030877358490566,"Salt",8,"Disturbance",NA,"2026-06-08",04:33:32,120,"Collar_30_2026-06-08 04:33:32",0.0069269,"04:33:32","Time changed"
"81A-1678",31,101,6926.9,"01:30","00:25",12,2026-06-08 04:36:30,"2026-06-08 04:38:11",20.9570476190476,99.6718095238095,4.85047619047619,-0.511971428571429,120.364,3.486,"Salt",8,"1 µm",NA,"2026-06-08",04:36:30,120,"Collar_31_2026-06-08 04:36:30",0.0069269,"04:36:30","Time changed"
"81A-1678",32,101,6926.9,"01:30","00:25",13,2026-06-08 04:39:28,"2026-06-08 04:41:10",-53.4274528301887,99.647358490566,4.85377358490566,-0.533811320754717,21.6925,0.0295566037735849,"Salt",8,"45 µm",NA,"2026-06-08",04:39:28,120,"Collar_32_2026-06-08 04:39:28",0.0069269,"04:39:28","Time changed"
"81A-1678",50,101,6926.9,"01:30","00:25",12,2026-06-08 04:42:29,"2026-06-08 04:44:10",21.1132380952381,99.6470476190476,4.93707619047619,0.279333333333333,18.2894952380952,0.0307142857142857,"Salt",NA,"Control",NA,"2026-06-08",04:42:29,120,"Collar_50_2026-06-08 04:42:29",0.0069269,"04:42:29","Time changed"
"81A-1678",51,101,6926.9,"01:30","00:25",13,2026-06-08 04:45:30,"2026-06-08 04:47:12",21.1782075471698,99.6979245283019,4.85377358490566,-0.0950943396226415,65.6043773584906,0.0307169811320755,"Salt",NA,"Control",NA,"2026-06-08",04:45:30,120,"Collar_51_2026-06-08 04:45:30",0.0069269,"04:45:30","Time changed"
"81A-1678",52,101,6926.9,"01:30","00:25",13,2026-06-08 04:48:31,"2026-06-08 04:50:13",21.0820754716981,99.6744339622641,4.85377358490566,0.277056603773585,90.4203867924528,0.0307452830188679,"Salt",NA,"Control",NA,"2026-06-08",04:48:31,120,"Collar_52_2026-06-08 04:48:31",0.0069269,"04:48:31","Time changed"
"81A-1678",29,101,6926.9,"01:30","00:25",12,2026-06-08 05:30:31,"2026-06-08 05:32:13",20.6342857142857,99.8065714285714,3.6647619047619,0.22327619047619,89.5434285714286,0.0307904761904762,"Salt",8,"Control",NA,"2026-06-08",05:30:31,120,"Collar_29_2026-06-08 05:30:31",0.0069269,"05:30:31","Time changed"
"81A-1678",30,101,6926.9,"01:30","00:25",13,2026-06-08 05:33:31,"2026-06-08 05:35:13",21.0662264150943,99.7483962264151,4.95283018867925,-0.0604245283018868,59.6433490566038,0.0308301886792453,"Salt",8,"Disturbance",NA,"2026-06-08",05:33:31,120,"Collar_30_2026-06-08 05:33:31",0.0069269,"05:33:31","Time changed"
"81A-1678",31,101,6926.9,"01:30","00:25",12,2026-06-08 05:36:32,"2026-06-08 05:38:13",20.4678095238095,99.7428571428571,4.85047619047619,-0.512647619047619,120.373019047619,3.49306666666667,"Salt",8,"1 µm",NA,"2026-06-08",05:36:32,120,"Collar_31_2026-06-08 05:36:32",0.0069269,"05:36:32","Time changed"
"81A-1678",32,101,6926.9,"01:30","00:25",13,2026-06-08 05:39:31,"2026-06-08 05:41:13",-53.5994339622642,99.7648113207547,4.86270754716981,-0.533811320754717,21.6052735849057,0.029377358490566,"Salt",8,"45 µm",NA,"2026-06-08",05:39:31,120,"Collar_32_2026-06-08 05:39:31",0.0069269,"05:39:31","Time changed"
"81A-1678",50,101,6926.9,"01:30","00:25",12,2026-06-08 05:42:30,"2026-06-08 05:44:12",20.5120952380952,99.7627619047619,4.94188571428571,0.296361904761905,18.2057904761905,0.0307333333333333,"Salt",NA,"Control",NA,"2026-06-08",05:42:30,120,"Collar_50_2026-06-08 05:42:30",0.0069269,"05:42:30","Time changed"
"81A-1678",51,101,6926.9,"01:30","00:25",13,2026-06-08 05:45:30,"2026-06-08 05:47:13",20.5341509433962,99.7819811320755,4.85377358490566,-0.0965377358490566,61.409179245283,0.0307358490566038,"Salt",NA,"Control",NA,"2026-06-08",05:45:30,120,"Collar_51_2026-06-08 05:45:30",0.0069269,"05:45:30","Time changed"
"81A-1678",52,101,6926.9,"01:30","00:25",13,2026-06-08 05:48:32,"2026-06-08 05:50:13",20.5350943396226,99.7843396226415,4.85377358490566,0.276367924528302,91.5734905660377,0.0307169811320755,"Salt",NA,"Control",NA,"2026-06-08",05:48:32,120,"Collar_52_2026-06-08 05:48:32",0.0069269,"05:48:32","Time changed"
"81A-1678",29,101,6926.9,"01:30","00:25",12,2026-06-08 06:30:32,"2026-06-08 06:32:12",20.7992380952381,99.9450476190476,3.6647619047619,0.240685714285714,89.5891714285714,0.0308095238095238,"Salt",8,"Control",NA,"2026-06-08",06:30:32,120,"Collar_29_2026-06-08 06:30:32",0.0069269,"06:30:32","Time changed"
"81A-1678",30,101,6926.9,"01:30","00:25",13,2026-06-08 06:33:31,"2026-06-08 06:35:13",21.2755660377358,99.8621698113208,4.95283018867925,-0.0594339622641509,59.6912735849057,0.0309150943396226,"Salt",8,"Disturbance",NA,"2026-06-08",06:33:31,120,"Collar_30_2026-06-08 06:33:31",0.0069269,"06:33:31","Time changed"
"81A-1678",31,101,6926.9,"01:30","00:25",12,2026-06-08 06:36:32,"2026-06-08 06:38:13",20.6444761904762,99.8578095238095,4.84250476190476,-0.511657142857143,120.334780952381,3.49462857142857,"Salt",8,"1 µm",NA,"2026-06-08",06:36:32,120,"Collar_31_2026-06-08 06:36:32",0.0069269,"06:36:32","Time changed"
"81A-1678",32,101,6926.9,"01:30","00:25",13,2026-06-08 06:39:31,"2026-06-08 06:41:13",-53.3972641509434,99.88,4.88558490566038,-0.533811320754717,21.5330377358491,0.0293490566037736,"Salt",8,"45 µm",NA,"2026-06-08",06:39:31,120,"Collar_32_2026-06-08 06:39:31",0.0069269,"06:39:31","Time changed"
"81A-1678",50,101,6926.9,"01:30","00:25",12,2026-06-08 06:42:30,"2026-06-08 06:44:11",20.9254285714286,99.8766666666667,4.94571428571429,0.296047619047619,18.1492095238095,0.0307904761904762,"Salt",NA,"Control",NA,"2026-06-08",06:42:30,120,"Collar_50_2026-06-08 06:42:30",0.0069269,"06:42:30","Time changed"
"81A-1678",51,101,6926.9,"01:30","00:25",13,2026-06-08 06:45:30,"2026-06-08 06:47:12",20.9490566037736,99.8924528301887,4.85377358490566,-0.0704339622641509,58.8704811320755,0.0307641509433962,"Salt",NA,"Control",NA,"2026-06-08",06:45:30,120,"Collar_51_2026-06-08 06:45:30",0.0069269,"06:45:30","Time changed"
"81A-1678",52,101,6926.9,"01:30","00:25",13,2026-06-08 06:48:31,"2026-06-08 06:50:13",20.8677358490566,99.8900943396226,4.85377358490566,0.275698113207547,93.1064528301887,0.0307358490566038,"Salt",NA,"Control",NA,"2026-06-08",06:48:31,120,"Collar_52_2026-06-08 06:48:31",0.0069269,"06:48:31","Time changed"
"81A-1678",29,101,6926.9,"01:30","00:25",12,2026-06-08 07:30:32,"2026-06-08 07:32:13",21.17,100.068,3.66684761904762,0.2496,89.6295714285714,0.0309047619047619,"Salt",8,"Control",NA,"2026-06-08",07:30:32,120,"Collar_29_2026-06-08 07:30:32",0.0069269,"07:30:32","Time changed"
"81A-1678",30,101,6926.9,"01:30","00:25",13,2026-06-08 07:33:30,"2026-06-08 07:35:12",21.7089622641509,99.9762264150943,4.95283018867925,-0.0587452830188679,59.681320754717,0.0309622641509434,"Salt",8,"Disturbance",NA,"2026-06-08",07:33:30,120,"Collar_30_2026-06-08 07:33:30",0.0069269,"07:33:30","Time changed"
"81A-1678",31,101,6926.9,"01:30","00:25",12,2026-06-08 07:36:31,"2026-06-08 07:38:12",21.0631428571429,99.9655238095238,4.82322857142857,-0.51207619047619,120.317371428571,3.51725714285714,"Salt",8,"1 µm",NA,"2026-06-08",07:36:31,120,"Collar_31_2026-06-08 07:36:31",0.0069269,"07:36:31","Time changed"
"81A-1678",32,101,6926.9,"01:30","00:25",13,2026-06-08 07:39:30,"2026-06-08 07:41:12",-53.2861320754717,99.9862264150943,4.89385849056604,-0.533811320754717,21.5069716981132,0.0294528301886792,"Salt",8,"45 µm",NA,"2026-06-08",07:39:30,120,"Collar_32_2026-06-08 07:39:30",0.0069269,"07:39:30","Time changed"
"81A-1678",50,101,6926.9,"01:30","00:25",12,2026-06-08 07:42:31,"2026-06-08 07:44:12",21.2821904761905,99.9865714285714,4.94571428571429,0.296828571428571,18.1385619047619,0.0308,"Salt",NA,"Control",NA,"2026-06-08",07:42:31,120,"Collar_50_2026-06-08 07:42:31",0.0069269,"07:42:31","Time changed"
"81A-1678",51,101,6926.9,"01:30","00:25",13,2026-06-08 07:45:31,"2026-06-08 07:47:13",21.3142452830189,99.9981132075472,4.85377358490566,-0.0663679245283019,60.950641509434,0.0307641509433962,"Salt",NA,"Control",NA,"2026-06-08",07:45:31,120,"Collar_51_2026-06-08 07:45:31",0.0069269,"07:45:31","Time changed"
"81A-1678",29,101,6926.9,"01:30","00:25",12,2026-06-08 08:29:41,"2026-06-08 08:31:22",21.0062857142857,100.104380952381,3.6647619047619,0.478504761904762,90.0239714285714,0.0309904761904762,"Salt",8,"Control",NA,"2026-06-08",08:29:41,120,"Collar_29_2026-06-08 08:29:41",0.0069269,"08:29:41","Time changed"
"81A-1678",30,101,6926.9,"01:30","00:25",13,2026-06-08 08:32:40,"2026-06-08 08:34:22",21.4362264150943,100.075283018868,4.95283018867925,-0.0591132075471698,59.9810471698113,0.032688679245283,"Salt",8,"Disturbance",NA,"2026-06-08",08:32:40,120,"Collar_30_2026-06-08 08:32:40",0.0069269,"08:32:40","Flux unusable, remove"
"81A-1678",31,101,6926.9,"01:30","00:25",12,2026-06-08 08:35:41,"2026-06-08 08:37:22",20.8037142857143,100.063238095238,4.84952380952381,-0.496990476190476,118.679961904762,3.51714285714286,"Salt",8,"1 µm",NA,"2026-06-08",08:35:41,120,"Collar_31_2026-06-08 08:35:41",0.0069269,"08:35:41","Time changed"
"81A-1678",32,101,6926.9,"01:30","00:25",13,2026-06-08 08:38:39,"2026-06-08 08:40:21",-53.2338679245283,100.076132075472,4.87205660377359,-0.532924528301887,21.2744528301887,0.0305283018867925,"Salt",8,"45 µm",NA,"2026-06-08",08:38:39,120,"Collar_32_2026-06-08 08:38:39",0.0069269,"08:38:39","Time changed"
"81A-1678",50,101,6926.9,"01:30","00:25",12,2026-06-08 08:41:40,"2026-06-08 08:43:21",21.2133333333333,100.066,4.94476190476191,0.328161904761905,18.1346,0.0326952380952381,"Salt",NA,"Control",NA,"2026-06-08",08:41:40,120,"Collar_50_2026-06-08 08:41:40",0.0069269,"08:41:40","Time changed"
"81A-1678",51,101,6926.9,"01:30","00:25",13,2026-06-08 08:44:40,"2026-06-08 08:46:22",21.2770754716981,100.079245283019,4.85377358490566,-0.0654811320754717,55.3819150943396,0.0327075471698113,"Salt",NA,"Control",NA,"2026-06-08",08:44:40,120,"Collar_51_2026-06-08 08:44:40",0.0069269,"08:44:40","Time changed"
"81A-1678",52,101,6926.9,"01:30","00:25",12,2026-06-08 08:47:40,"2026-06-08 08:49:21",21.1394285714286,100.067523809524,4.85333333333333,0.277228571428571,93.4670095238095,0.0327047619047619,"Salt",NA,"Control",NA,"2026-06-08",08:47:40,120,"Collar_52_2026-06-08 08:47:40",0.0069269,"08:47:40","Time changed"
"81A-1678",29,101,6926.9,"01:30","00:25",12,2026-06-08 09:25:31,"2026-06-08 09:27:12",21.1694285714286,100.157333333333,3.6647619047619,0.522971428571429,82.8337619047619,0.0327142857142857,"Salt",8,"Control",NA,"2026-06-08",09:25:31,120,"Collar_29_2026-06-08 09:25:31",0.0069269,"09:25:31","Flux unusable, remove"
"81A-1678",30,101,6926.9,"01:30","00:25",13,2026-06-08 09:28:31,"2026-06-08 09:30:13",21.2496226415094,100.116698113208,4.95283018867925,-0.0584433962264151,56.5160283018868,0.0327075471698113,"Salt",8,"Disturbance",NA,"2026-06-08",09:28:31,120,"Collar_30_2026-06-08 09:28:31",0.0069269,"09:28:31","Time changed"
"81A-1678",31,101,6926.9,"01:30","00:25",12,2026-06-08 09:31:32,"2026-06-08 09:33:13",20.5328571428571,100.102380952381,4.83800952380952,-0.51207619047619,118.789180952381,3.50018095238095,"Salt",8,"1 µm",NA,"2026-06-08",09:31:32,120,"Collar_31_2026-06-08 09:31:32",0.0069269,"09:31:32","Time changed"
"81A-1678",32,101,6926.9,"01:30","00:25",13,2026-06-08 09:34:30,"2026-06-08 09:36:12",-53.5156603773585,100.124339622642,4.91493396226415,-0.532924528301887,21.4964811320755,0.0303679245283019,"Salt",8,"45 µm",NA,"2026-06-08",09:34:30,120,"Collar_32_2026-06-08 09:34:30",0.0069269,"09:34:30","Time changed"
"81A-1678",50,101,6926.9,"01:30","00:25",12,2026-06-08 09:37:31,"2026-06-08 09:39:12",20.888,100.124666666667,4.94476190476191,0.371428571428571,19.0298,0.0327047619047619,"Salt",NA,"Control",NA,"2026-06-08",09:37:31,120,"Collar_50_2026-06-08 09:37:31",0.0069269,"09:37:31","Flux unusable, remove"
"81A-1678",51,101,6926.9,"01:30","00:25",13,2026-06-08 09:40:29,"2026-06-08 09:42:11",20.9334905660377,100.141698113208,4.85377358490566,-0.0644905660377359,81.2533490566038,0.032688679245283,"Salt",NA,"Control",NA,"2026-06-08",09:40:29,120,"Collar_51_2026-06-08 09:40:29",0.0069269,"09:40:29","Time changed"
"81A-1678",52,101,6926.9,"01:30","00:25",13,2026-06-08 09:43:30,"2026-06-08 09:45:12",20.7433018867925,100.142075471698,4.85377358490566,0.288547169811321,93.8587358490566,0.0326792452830189,"Salt",NA,"Control",NA,"2026-06-08",09:43:30,120,"Collar_52_2026-06-08 09:43:30",0.0069269,"09:43:30","Time changed"
"81A-1678",29,101,6926.9,"01:30","00:25",12,2026-06-08 10:25:31,"2026-06-08 10:27:12",21.1222857142857,100.245428571429,3.6647619047619,0.536838095238095,83.7725428571429,0.0327142857142857,"Salt",8,"Control",NA,"2026-06-08",10:25:31,120,"Collar_29_2026-06-08 10:25:31",0.0069269,"10:25:31","Flux unusable, remove"
"81A-1678",30,101,6926.9,"01:30","00:25",13,2026-06-08 10:28:29,"2026-06-08 10:30:11",21.3218867924528,100.175094339623,4.95283018867925,-0.0574528301886792,57.404320754717,0.0326792452830189,"Salt",8,"Disturbance",NA,"2026-06-08",10:28:29,120,"Collar_30_2026-06-08 10:28:29",0.0069269,"10:28:29","Time changed"
"81A-1678",31,101,6926.9,"01:30","00:25",12,2026-06-08 10:31:30,"2026-06-08 10:33:11",20.773619047619,100.161523809524,4.84378095238095,-0.511971428571429,118.97479047619,3.51085714285714,"Salt",8,"1 µm",NA,"2026-06-08",10:31:30,120,"Collar_31_2026-06-08 10:31:30",0.0069269,"10:31:30","Time changed"
"81A-1678",32,101,6926.9,"01:30","00:25",13,2026-06-08 10:34:29,"2026-06-08 10:36:11",-53.4742452830189,100.183113207547,4.92315094339623,-0.532924528301887,21.5280943396226,0.030311320754717,"Salt",8,"45 µm",NA,"2026-06-08",10:34:29,120,"Collar_32_2026-06-08 10:34:29",0.0069269,"10:34:29","Time changed"
"81A-1678",50,101,6926.9,"01:30","00:25",12,2026-06-08 10:37:30,"2026-06-08 10:39:11",21.2978095238095,100.176571428571,4.94476190476191,0.37132380952381,19.8939142857143,0.0326190476190476,"Salt",NA,"Control",NA,"2026-06-08",10:37:30,120,"Collar_50_2026-06-08 10:37:30",0.0069269,"10:37:30","Time changed"
"81A-1678",51,101,6926.9,"01:30","00:25",13,2026-06-08 10:40:28,"2026-06-08 10:42:10",21.1561320754717,100.183773584906,4.85377358490566,-0.0635,81.1345094339623,0.0325754716981132,"Salt",NA,"Control",NA,"2026-06-08",10:40:28,120,"Collar_51_2026-06-08 10:40:28",0.0069269,"10:40:28","Time changed"
"81A-1678",52,101,6926.9,"01:30","00:25",13,2026-06-08 10:43:29,"2026-06-08 10:45:11",21.0418867924528,100.183018867925,4.85377358490566,0.374330188679245,93.9234339622642,0.0324811320754717,"Salt",NA,"Control",NA,"2026-06-08",10:43:29,120,"Collar_52_2026-06-08 10:43:29",0.0069269,"10:43:29","Time changed"
"81A-1678",29,101,6926.9,"01:30","00:25",12,2026-06-08 11:25:31,"2026-06-08 11:27:12",21.7266666666667,100.259428571429,3.6647619047619,0.542780952380952,84.1094857142857,0.0326380952380952,"Salt",8,"Control",NA,"2026-06-08",11:25:31,120,"Collar_29_2026-06-08 11:25:31",0.0069269,"11:25:31","Flux unusable, remove"
"81A-1678",30,101,6926.9,"01:30","00:25",13,2026-06-08 11:28:29,"2026-06-08 11:30:11",21.9154716981132,100.215,4.95283018867925,-0.0532735849056604,56.9587735849057,0.0325943396226415,"Salt",8,"Disturbance",NA,"2026-06-08",11:28:29,120,"Collar_30_2026-06-08 11:28:29",0.0069269,"11:28:29","Time changed"
"81A-1678",31,101,6926.9,"01:30","00:25",12,2026-06-08 11:31:29,"2026-06-08 11:33:10",21.4190476190476,100.201523809524,4.85142857142857,-0.511971428571429,119.106352380952,3.55075238095238,"Salt",8,"1 µm",NA,"2026-06-08",11:31:29,120,"Collar_31_2026-06-08 11:31:29",0.0069269,"11:31:29","Time changed"
"81A-1678",32,101,6926.9,"01:30","00:25",13,2026-06-08 11:34:27,"2026-06-08 11:36:09",-53.4605660377359,100.216037735849,4.88195283018868,-0.533594339622642,21.6763113207547,0.0304433962264151,"Salt",8,"45 µm",NA,"2026-06-08",11:34:27,120,"Collar_32_2026-06-08 11:34:27",0.0069269,"11:34:27","Time changed"
"81A-1678",50,101,6926.9,"01:30","00:25",12,2026-06-08 11:37:28,"2026-06-08 11:39:09",21.9021904761905,100.206380952381,4.94285714285714,0.374609523809524,20.3492952380952,0.0323809523809524,"Salt",NA,"Control",NA,"2026-06-08",11:37:28,120,"Collar_50_2026-06-08 11:37:28",0.0069269,"11:37:28","Time changed"
"81A-1678",51,101,6926.9,"01:30","00:25",13,2026-06-08 11:40:28,"2026-06-08 11:42:10",21.8781132075472,100.220377358491,4.85377358490566,-0.062877358490566,80.8985660377358,0.0322830188679245,"Salt",NA,"Control",NA,"2026-06-08",11:40:28,120,"Collar_51_2026-06-08 11:40:28",0.0069269,"11:40:28","Time changed"
"81A-1678",52,101,6926.9,"01:30","00:25",13,2026-06-08 11:43:27,"2026-06-08 11:45:09",22.0746226415094,100.224056603774,4.85377358490566,0.381367924528302,94.4726132075472,0.0322075471698113,"Salt",NA,"Control",NA,"2026-06-08",11:43:27,120,"Collar_52_2026-06-08 11:43:27",0.0069269,"11:43:27","Time changed"
"81A-1678",29,101,6926.9,"01:30","00:25",12,2026-06-08 12:25:31,"2026-06-08 12:27:12",22.7133333333333,100.331142857143,3.6647619047619,0.545752380952381,85.1662380952381,0.0322380952380952,"Salt",8,"Control",NA,"2026-06-08",12:25:31,120,"Collar_29_2026-06-08 12:25:31",0.0069269,"12:25:31","Time changed"
"81A-1678",30,101,6926.9,"01:30","00:25",13,2026-06-08 12:28:30,"2026-06-08 12:30:12",22.9433018867925,100.259716981132,4.95283018867925,-0.0435849056603774,57.5517358490566,0.0322452830188679,"Salt",8,"Disturbance",NA,"2026-06-08",12:28:30,120,"Collar_30_2026-06-08 12:28:30",0.0069269,"12:28:30","Time changed"
"81A-1678",31,101,6926.9,"01:30","00:25",12,2026-06-08 12:31:30,"2026-06-08 12:33:11",22.3573333333333,100.26980952381,4.85047619047619,-0.511971428571429,119.419085714286,3.5707619047619,"Salt",8,"1 µm",NA,"2026-06-08",12:31:30,120,"Collar_31_2026-06-08 12:31:30",0.0069269,"12:31:30","Time changed"
"81A-1678",32,101,6926.9,"01:30","00:25",13,2026-06-08 12:34:28,"2026-06-08 12:36:10",-53.0875471698113,100.27179245283,4.85377358490566,-0.533811320754717,22.0942641509434,0.0308018867924528,"Salt",8,"45 µm",NA,"2026-06-08",12:34:28,120,"Collar_32_2026-06-08 12:34:28",0.0069269,"12:34:28","Time changed"
"81A-1678",50,101,6926.9,"01:30","00:25",12,2026-06-08 12:37:29,"2026-06-08 12:39:10",22.499619047619,100.244476190476,4.92999047619048,0.375857142857143,20.5310476190476,0.031847619047619,"Salt",NA,"Control",NA,"2026-06-08",12:37:29,120,"Collar_50_2026-06-08 12:37:29",0.0069269,"12:37:29","Time changed"
"81A-1678",51,101,6926.9,"01:30","00:25",13,2026-06-08 12:40:27,"2026-06-08 12:42:09",22.4657547169811,100.25358490566,4.85377358490566,-0.0614150943396226,80.7949716981132,0.0318207547169811,"Salt",NA,"Control",NA,"2026-06-08",12:40:27,120,"Collar_51_2026-06-08 12:40:27",0.0069269,"12:40:27","Time changed"
"81A-1678",52,101,6926.9,"01:30","00:25",13,2026-06-08 12:43:28,"2026-06-08 12:45:10",22.8110377358491,100.247924528302,4.85377358490566,0.381264150943396,94.482820754717,0.0317924528301887,"Salt",NA,"Control",NA,"2026-06-08",12:43:28,120,"Collar_52_2026-06-08 12:43:28",0.0069269,"12:43:28","Time changed"
"81A-1678",29,101,6926.9,"01:30","00:25",12,2026-06-08 13:25:31,"2026-06-08 13:27:12",24.1658095238095,100.269238095238,3.6647619047619,0.550028571428571,84.1635904761905,0.0318,"Salt",8,"Control",NA,"2026-06-08",13:25:31,120,"Collar_29_2026-06-08 13:25:31",0.0069269,"13:25:31","Time changed"
"81A-1678",30,101,6926.9,"01:30","00:25",13,2026-06-08 13:28:31,"2026-06-08 13:30:13",24.0171698113208,100.224056603774,4.95283018867925,-0.0343490566037736,58.321358490566,0.031688679245283,"Salt",8,"Disturbance",NA,"2026-06-08",13:28:31,120,"Collar_30_2026-06-08 13:28:31",0.0069269,"13:28:31","Time changed"
"81A-1678",31,101,6926.9,"01:30","00:25",12,2026-06-08 13:31:30,"2026-06-08 13:33:11",23.2147619047619,100.205142857143,4.84666666666667,-0.511971428571429,118.23299047619,3.593,"Salt",8,"1 µm",NA,"2026-06-08",13:31:30,120,"Collar_31_2026-06-08 13:31:30",0.0069269,"13:31:30","Time changed"
"81A-1678",32,101,6926.9,"01:30","00:25",13,2026-06-08 13:34:28,"2026-06-08 13:36:10",-52.7330188679245,100.217735849057,4.85377358490566,-0.533811320754717,22.6613301886792,0.0316509433962264,"Salt",8,"45 µm",NA,"2026-06-08",13:34:28,120,"Collar_32_2026-06-08 13:34:28",0.0069269,"13:34:28","Time changed"
"81A-1678",50,101,6926.9,"01:30","00:25",12,2026-06-08 13:37:27,"2026-06-08 13:39:08",23.5044761904762,100.206666666667,4.85333333333333,0.373228571428571,20.7605523809524,0.0312952380952381,"Salt",NA,"Control",NA,"2026-06-08",13:37:27,120,"Collar_50_2026-06-08 13:37:27",0.0069269,"13:37:27","Time changed"
"81A-1678",51,101,6926.9,"01:30","00:25",13,2026-06-08 13:40:25,"2026-06-08 13:42:07",23.3524528301887,100.216886792453,4.85377358490566,-0.0605283018867925,80.7104433962264,0.0312547169811321,"Salt",NA,"Control",NA,"2026-06-08",13:40:25,120,"Collar_51_2026-06-08 13:40:25",0.0069269,"13:40:25","Time changed"
"81A-1678",52,101,6926.9,"01:30","00:25",13,2026-06-08 13:43:24,"2026-06-08 13:45:06",23.7044339622642,100.216226415094,4.85377358490566,0.390650943396226,94.3189905660377,0.0311320754716981,"Salt",NA,"Control",NA,"2026-06-08",13:43:24,120,"Collar_52_2026-06-08 13:43:24",0.0069269,"13:43:24","Time changed"
"81A-1678",29,101,6926.9,"01:30","00:25",12,2026-06-08 14:25:31,"2026-06-08 14:27:12",23.816380952381,100.225619047619,3.6647619047619,0.552685714285714,83.9175333333333,0.0310761904761905,"Salt",8,"Control",NA,"2026-06-08",14:25:31,120,"Collar_29_2026-06-08 14:25:31",0.0069269,"14:25:31","Time changed"
"81A-1678",30,101,6926.9,"01:30","00:25",13,2026-06-08 14:28:31,"2026-06-08 14:30:13",24.1267924528302,100.180283018868,4.95283018867925,-0.0297169811320755,57.9289339622642,0.0309433962264151,"Salt",8,"Disturbance",NA,"2026-06-08",14:28:31,120,"Collar_30_2026-06-08 14:28:31",0.0069269,"14:28:31","Time changed"
"81A-1678",31,101,6926.9,"01:30","00:25",12,2026-06-08 14:31:30,"2026-06-08 14:33:11",23.8089523809524,100.168857142857,4.76814285714286,-0.511971428571429,120.288495238095,3.59105714285714,"Salt",8,"1 µm",NA,"2026-06-08",14:31:30,120,"Collar_31_2026-06-08 14:31:30",0.0069269,"14:31:30","Time changed"
"81A-1678",32,101,6926.9,"01:30","00:25",13,2026-06-08 14:34:28,"2026-06-08 14:36:10",-53.1385849056604,100.181698113208,4.85377358490566,-0.533811320754717,23.1406509433962,0.0329150943396226,"Salt",8,"45 µm",NA,"2026-06-08",14:34:28,120,"Collar_32_2026-06-08 14:34:28",0.0069269,"14:34:28","Time changed"
"81A-1678",50,101,6926.9,"01:30","00:25",12,2026-06-08 14:37:29,"2026-06-08 14:39:10",24.25,100.176571428571,4.85333333333333,0.380342857142857,20.9435142857143,0.0308571428571429,"Salt",NA,"Control",NA,"2026-06-08",14:37:29,120,"Collar_50_2026-06-08 14:37:29",0.0069269,"14:37:29","Time changed"
"81A-1678",51,101,6926.9,"01:30","00:25",13,2026-06-08 14:40:28,"2026-06-08 14:42:10",23.8748113207547,100.178773584906,4.85377358490566,-0.0611981132075472,80.6420377358491,0.0307641509433962,"Salt",NA,"Control",NA,"2026-06-08",14:40:28,120,"Collar_51_2026-06-08 14:40:28",0.0069269,"14:40:28","Time changed"
"81A-1678",52,101,6926.9,"01:30","00:25",13,2026-06-08 14:43:27,"2026-06-08 14:45:09",24.0046226415094,100.174905660377,4.85377358490566,0.39711320754717,94.0622641509434,0.0307452830188679,"Salt",NA,"Control",NA,"2026-06-08",14:43:27,120,"Collar_52_2026-06-08 14:43:27",0.0069269,"14:43:27","Time changed"
"81A-1678",29,101,6926.9,"01:30","00:25",12,2026-06-08 15:25:31,"2026-06-08 15:27:12",24.048,100.193238095238,3.6647619047619,0.553676190476191,83.4964666666667,0.0307904761904762,"Salt",8,"Control",NA,"2026-06-08",15:25:31,120,"Collar_29_2026-06-08 15:25:31",0.0069269,"15:25:31","Time changed"
"81A-1678",30,101,6926.9,"01:30","00:25",13,2026-06-08 15:28:29,"2026-06-08 15:30:11",24.1357547169811,100.153962264151,4.95283018867925,-0.0248679245283019,59.4388301886792,0.0307452830188679,"Salt",8,"Disturbance",NA,"2026-06-08",15:28:29,120,"Collar_30_2026-06-08 15:28:29",0.0069269,"15:28:29","Time changed"
"81A-1678",31,101,6926.9,"01:30","00:25",12,2026-06-08 15:31:28,"2026-06-08 15:33:09",23.6612380952381,100.132857142857,4.75428571428571,-0.511971428571429,120.581323809524,3.58914285714286,"Salt",8,"1 µm",NA,"2026-06-08",15:31:28,120,"Collar_31_2026-06-08 15:31:28",0.0069269,"15:31:28","Time changed"
"81A-1678",32,101,6926.9,"01:30","00:25",13,2026-06-08 15:34:26,"2026-06-08 15:36:08",-53.1270754716981,100.151226415094,4.85377358490566,-0.533811320754717,23.3735943396226,0.0329811320754717,"Salt",8,"45 µm",NA,"2026-06-08",15:34:26,120,"Collar_32_2026-06-08 15:34:26",0.0069269,"15:34:26","Time changed"
"81A-1678",50,101,6926.9,"01:30","00:25",182,2026-06-08 15:37:27,"2026-06-08 15:41:58",NA,100.753854545455,4.88109090909091,0.433058181818182,20.7050072727273,0.0748618181818182,"Salt",NA,"Control",NA,"2026-06-08",15:37:27,120,"Collar_50_2026-06-08 15:37:27",0.0069269,"15:37:27","Time changed"
"81A-1678",51,101,6926.9,"01:30","00:25",13,2026-06-08 15:43:16,"2026-06-08 15:44:58",24.0144339622641,100.149905660377,4.85377358490566,-0.0139245283018868,80.5365,0.0307075471698113,"Salt",NA,"Control",NA,"2026-06-08",15:43:16,120,"Collar_51_2026-06-08 15:43:16",0.0069269,"15:43:16","Time changed"
"81A-1678",52,101,6926.9,"01:30","00:25",182,2026-06-08 15:46:15,"2026-06-08 15:50:46",NA,100.650545454545,1.12,0.510283636363636,91.9988218181818,0.0746727272727273,"Salt",NA,"Control",NA,"2026-06-08",15:46:15,120,"Collar_52_2026-06-08 15:46:15",0.0069269,"15:46:15","Time changed"
"81A-1678",29,101,6926.9,"01:30","00:25",12,2026-06-08 16:25:31,"2026-06-08 16:27:12",24.0531428571429,100.158285714286,3.6647619047619,0.556561904761905,85.9787238095238,0.0307428571428571,"Salt",8,"Control",NA,"2026-06-08",16:25:31,120,"Collar_29_2026-06-08 16:25:31",0.0069269,"16:25:31","Time changed"
"81A-1678",30,101,6926.9,"01:30","00:25",13,2026-06-08 16:28:31,"2026-06-08 16:30:13",24.1466981132075,100.124716981132,4.95283018867925,-0.0329811320754717,57.6004056603774,0.0307264150943396,"Salt",8,"Disturbance",NA,"2026-06-08",16:28:31,120,"Collar_30_2026-06-08 16:28:31",0.0069269,"16:28:31","Time changed"
"81A-1678",31,101,6926.9,"01:30","00:25",12,2026-06-08 16:31:31,"2026-06-08 16:33:12",23.6067619047619,100.111047619048,4.75428571428571,-0.511971428571429,120.838647619048,3.58726666666667,"Salt",8,"1 µm",NA,"2026-06-08",16:31:31,120,"Collar_31_2026-06-08 16:31:31",0.0069269,"16:31:31","Time changed"
"81A-1678",32,101,6926.9,"01:30","00:25",13,2026-06-08 16:34:29,"2026-06-08 16:36:11",-53.1883962264151,100.125283018868,4.85377358490566,-0.533811320754717,23.511858490566,0.0328962264150943,"Salt",8,"45 µm",NA,"2026-06-08",16:34:29,120,"Collar_32_2026-06-08 16:34:29",0.0069269,"16:34:29","Time changed"
"81A-1678",50,101,6926.9,"01:30","00:25",12,2026-06-08 16:37:28,"2026-06-08 16:39:09",23.748,100.106952380952,4.85333333333333,0.381333333333333,21.3980476190476,0.0306857142857143,"Salt",NA,"Control",NA,"2026-06-08",16:37:28,120,"Collar_50_2026-06-08 16:37:28",0.0069269,"16:37:28","Time changed"
"81A-1678",51,101,6926.9,"01:30","00:25",13,2026-06-08 16:40:28,"2026-06-08 16:42:10",23.8408490566038,100.110754716981,4.85377358490566,-0.0615188679245283,80.5071698113208,0.0307075471698113,"Salt",NA,"Control",NA,"2026-06-08",16:40:28,120,"Collar_51_2026-06-08 16:40:28",0.0069269,"16:40:28","Time changed"
"81A-1678",52,101,6926.9,"01:30","00:25",13,2026-06-08 16:43:29,"2026-06-08 16:45:11",23.8221698113208,100.106698113208,4.85283018867925,0.399198113207547,94.2587264150943,0.030622641509434,"Salt",NA,"Control",NA,"2026-06-08",16:43:29,120,"Collar_52_2026-06-08 16:43:29",0.0069269,"16:43:29","Time changed"
"81A-1678",29,101,6926.9,"01:30","00:25",12,2026-06-08 17:25:31,"2026-06-08 17:27:12",23.4850476190476,100.151904761905,3.6647619047619,0.554666666666667,87.0383428571429,0.030752380952381,"Salt",8,"Control",NA,"2026-06-08",17:25:31,120,"Collar_29_2026-06-08 17:25:31",0.0069269,"17:25:31","Time changed"
"81A-1678",30,101,6926.9,"01:30","00:25",13,2026-06-08 17:28:30,"2026-06-08 17:30:12",23.7383962264151,100.12358490566,4.95283018867925,-0.0525,57.0352641509434,0.0306981132075472,"Salt",8,"Disturbance",NA,"2026-06-08",17:28:30,120,"Collar_30_2026-06-08 17:28:30",0.0069269,"17:28:30","Time changed"
"81A-1678",31,101,6926.9,"01:30","00:25",12,2026-06-08 17:31:30,"2026-06-08 17:33:11",23.0607619047619,100.151142857143,4.75428571428571,-0.512647619047619,120.857114285714,3.57722857142857,"Salt",8,"1 µm",NA,"2026-06-08",17:31:30,120,"Collar_31_2026-06-08 17:31:30",0.0069269,"17:31:30","Time changed"
"81A-1678",32,101,6926.9,"01:30","00:25",13,2026-06-08 17:34:28,"2026-06-08 17:36:10",-53.1078301886792,100.137358490566,4.85377358490566,-0.533811320754717,23.4619716981132,0.0316320754716981,"Salt",8,"45 µm",NA,"2026-06-08",17:34:28,120,"Collar_32_2026-06-08 17:34:28",0.0069269,"17:34:28","Time changed"
"81A-1678",50,101,6926.9,"01:30","00:25",12,2026-06-08 17:37:29,"2026-06-08 17:39:10",23.1688571428571,100.109238095238,4.85333333333333,0.352685714285714,21.1792476190476,0.0306857142857143,"Salt",NA,"Control",NA,"2026-06-08",17:37:29,120,"Collar_50_2026-06-08 17:37:29",0.0069269,"17:37:29","Time changed"
"81A-1678",51,101,6926.9,"01:30","00:25",13,2026-06-08 17:40:28,"2026-06-08 17:42:10",23.0957547169811,100.114716981132,4.85377358490566,-0.0660471698113208,80.4039716981132,0.0306603773584906,"Salt",NA,"Control",NA,"2026-06-08",17:40:28,120,"Collar_51_2026-06-08 17:40:28",0.0069269,"17:40:28","Time changed"
"81A-1678",52,101,6926.9,"01:30","00:25",13,2026-06-08 17:43:27,"2026-06-08 17:45:09",23.4002830188679,100.107452830189,4.85377358490566,0.389292452830189,93.9115754716981,0.030688679245283,"Salt",NA,"Control",NA,"2026-06-08",17:43:27,120,"Collar_52_2026-06-08 17:43:27",0.0069269,"17:43:27","Time changed"
"81A-1678",29,101,6926.9,"01:30","00:25",12,2026-06-08 18:25:31,"2026-06-08 18:27:12",23.018380952381,100.198666666667,3.6647619047619,0.550809523809524,92.0654666666667,0.0307428571428571,"Salt",8,"Control",NA,"2026-06-08",18:25:31,120,"Collar_29_2026-06-08 18:25:31",0.0069269,"18:25:31","Time changed"
"81A-1678",30,101,6926.9,"01:30","00:25",13,2026-06-08 18:28:31,"2026-06-08 18:30:13",23.2922641509434,100.150566037736,4.95283018867925,-0.0542641509433962,56.8687169811321,0.0307075471698113,"Salt",8,"Disturbance",NA,"2026-06-08",18:28:31,120,"Collar_30_2026-06-08 18:28:31",0.0069269,"18:28:31","Time changed"
"81A-1678",31,101,6926.9,"01:30","00:25",12,2026-06-08 18:31:30,"2026-06-08 18:33:11",22.6592380952381,100.097714285714,4.75428571428571,-0.511761904761905,120.808142857143,3.58017142857143,"Salt",8,"1 µm",NA,"2026-06-08",18:31:30,120,"Collar_31_2026-06-08 18:31:30",0.0069269,"18:31:30","Time changed"
"81A-1678",32,101,6926.9,"01:30","00:25",13,2026-06-08 18:34:29,"2026-06-08 18:36:11",-53.093679245283,100.115849056604,4.85377358490566,-0.533811320754717,23.3914716981132,0.0311320754716981,"Salt",8,"45 µm",NA,"2026-06-08",18:34:29,120,"Collar_32_2026-06-08 18:34:29",0.0069269,"18:34:29","Time changed"
"81A-1678",50,101,6926.9,"01:30","00:25",12,2026-06-08 18:37:29,"2026-06-08 18:39:10",22.6168571428571,100.113904761905,4.85333333333333,0.380238095238095,20.9389904761905,0.0307238095238095,"Salt",NA,"Control",NA,"2026-06-08",18:37:29,120,"Collar_50_2026-06-08 18:37:29",0.0069269,"18:37:29","Time changed"
"81A-1678",51,101,6926.9,"01:30","00:25",13,2026-06-08 18:40:29,"2026-06-08 18:42:11",22.6506603773585,100.123962264151,4.85377358490566,-0.0663679245283019,80.3639150943396,0.0306981132075472,"Salt",NA,"Control",NA,"2026-06-08",18:40:29,120,"Collar_51_2026-06-08 18:40:29",0.0069269,"18:40:29","Time changed"
"81A-1678",52,101,6926.9,"01:30","00:25",13,2026-06-08 18:43:30,"2026-06-08 18:45:12",22.7814150943396,100.124905660377,4.85377358490566,0.385537735849057,93.4034622641509,0.0306981132075472,"Salt",NA,"Control",NA,"2026-06-08",18:43:30,120,"Collar_52_2026-06-08 18:43:30",0.0069269,"18:43:30","Time changed"
"81A-1678",29,101,6926.9,"01:30","00:25",12,2026-06-08 19:25:31,"2026-06-08 19:27:12",22.3192380952381,100.181619047619,3.6647619047619,0.548533333333333,94.1332,0.0307619047619048,"Salt",8,"Control",NA,"2026-06-08",19:25:31,120,"Collar_29_2026-06-08 19:25:31",0.0069269,"19:25:31","Time changed"
"81A-1678",30,101,6926.9,"01:30","00:25",13,2026-06-08 19:28:31,"2026-06-08 19:30:13",22.6047169811321,100.12179245283,4.95283018867925,-0.0553679245283019,56.4230283018868,0.0307547169811321,"Salt",8,"Disturbance",NA,"2026-06-08",19:28:31,120,"Collar_30_2026-06-08 19:28:31",0.0069269,"19:28:31","Time changed"
"81A-1678",31,101,6926.9,"01:30","00:25",12,2026-06-08 19:31:31,"2026-06-08 19:33:12",21.9846666666667,100.114476190476,4.75428571428571,-0.511971428571429,120.72579047619,3.57305714285714,"Salt",8,"1 µm",NA,"2026-06-08",19:31:31,120,"Collar_31_2026-06-08 19:31:31",0.0069269,"19:31:31","Time changed"
"81A-1678",32,101,6926.9,"01:30","00:25",13,2026-06-08 19:34:31,"2026-06-08 19:36:13",-53.1603773584906,100.134245283019,4.85377358490566,-0.533811320754717,23.3072641509434,0.0301415094339623,"Salt",8,"45 µm",NA,"2026-06-08",19:34:31,120,"Collar_32_2026-06-08 19:34:31",0.0069269,"19:34:31","Time changed"
"81A-1678",50,101,6926.9,"01:30","00:25",12,2026-06-08 19:37:32,"2026-06-08 19:39:13",21.915619047619,100.124857142857,4.85333333333333,0.378466666666667,20.6573142857143,0.0307333333333333,"Salt",NA,"Control",NA,"2026-06-08",19:37:32,120,"Collar_50_2026-06-08 19:37:32",0.0069269,"19:37:32","Time changed"
"81A-1678",51,101,6926.9,"01:30","00:25",13,2026-06-08 19:40:32,"2026-06-08 19:42:14",21.9979245283019,100.136603773585,4.85377358490566,-0.0664716981132076,80.3122735849057,0.0307264150943396,"Salt",NA,"Control",NA,"2026-06-08",19:40:32,120,"Collar_51_2026-06-08 19:40:32",0.0069269,"19:40:32","Time changed"
"81A-1678",52,101,6926.9,"01:30","00:25",13,2026-06-08 19:43:33,"2026-06-08 19:45:15",22.1107547169811,100.139339622642,4.85377358490566,0.383566037735849,93.3882358490566,0.0307169811320755,"Salt",NA,"Control",NA,"2026-06-08",19:43:33,120,"Collar_52_2026-06-08 19:43:33",0.0069269,"19:43:33","Time changed"
"81A-1678",29,101,6926.9,"01:30","00:25",12,2026-06-08 20:25:31,"2026-06-08 20:27:12",21.2313333333333,100.216,3.6647619047619,0.532876190476191,94.5716952380952,0.0307809523809524,"Salt",8,"Control",NA,"2026-06-08",20:25:31,120,"Collar_29_2026-06-08 20:25:31",0.0069269,"20:25:31","Time changed"
"81A-1678",30,101,6926.9,"01:30","00:25",13,2026-06-08 20:28:30,"2026-06-08 20:30:12",21.6329245283019,100.176981132075,4.95283018867925,-0.0554716981132075,57.3495,0.0307452830188679,"Salt",8,"Disturbance",NA,"2026-06-08",20:28:30,120,"Collar_30_2026-06-08 20:28:30",0.0069269,"20:28:30","Time changed"
"81A-1678",31,101,6926.9,"01:30","00:25",12,2026-06-08 20:31:31,"2026-06-08 20:33:12",20.9868571428571,100.168476190476,4.84537142857143,-0.51207619047619,120.465333333333,3.57472380952381,"Salt",8,"1 µm",NA,"2026-06-08",20:31:31,120,"Collar_31_2026-06-08 20:31:31",0.0069269,"20:31:31","Time changed"
"81A-1678",32,101,6926.9,"01:30","00:25",13,2026-06-08 20:34:31,"2026-06-08 20:36:13",-53.2351886792453,100.189056603774,4.85377358490566,-0.533811320754717,23.1920094339623,0.0293584905660377,"Salt",8,"45 µm",NA,"2026-06-08",20:34:31,120,"Collar_32_2026-06-08 20:34:31",0.0069269,"20:34:31","Time changed"
"81A-1678",50,101,6926.9,"01:30","00:25",12,2026-06-08 20:37:32,"2026-06-08 20:39:13",20.814,100.178285714286,4.85333333333333,0.377057142857143,20.3646571428571,0.0307238095238095,"Salt",NA,"Control",NA,"2026-06-08",20:37:32,120,"Collar_50_2026-06-08 20:37:32",0.0069269,"20:37:32","Time changed"
"81A-1678",51,101,6926.9,"01:30","00:25",13,2026-06-08 20:40:32,"2026-06-08 20:42:14",20.9340566037736,100.184528301887,4.85377358490566,-0.0673584905660377,80.1938773584906,0.0307264150943396,"Salt",NA,"Control",NA,"2026-06-08",20:40:32,120,"Collar_51_2026-06-08 20:40:32",0.0069269,"20:40:32","Time changed"
"81A-1678",52,101,6926.9,"01:30","00:25",13,2026-06-08 20:43:32,"2026-06-08 20:45:14",21.0322641509434,100.175283018868,4.85377358490566,0.381264150943396,93.2306509433962,0.0307735849056604,"Salt",NA,"Control",NA,"2026-06-08",20:43:32,120,"Collar_52_2026-06-08 20:43:32",0.0069269,"20:43:32","Time changed"
"81A-1678",29,101,6926.9,"01:30","00:25",12,2026-06-08 21:25:31,"2026-06-08 21:27:12",20.3551428571429,100.267047619048,3.6647619047619,0.524761904761905,94.7155619047619,0.0311047619047619,"Salt",8,"Control",NA,"2026-06-08",21:25:31,120,"Collar_29_2026-06-08 21:25:31",0.0069269,"21:25:31","Time changed"
"81A-1678",30,101,6926.9,"01:30","00:25",13,2026-06-08 21:28:29,"2026-06-08 21:30:11",20.7138679245283,100.228962264151,4.95283018867925,-0.0571415094339623,57.5566886792453,0.0312641509433962,"Salt",8,"Disturbance",NA,"2026-06-08",21:28:29,120,"Collar_30_2026-06-08 21:28:29",0.0069269,"21:28:29","Time changed"
"81A-1678",31,101,6926.9,"01:30","00:25",12,2026-06-08 21:31:29,"2026-06-08 21:33:10",20.160380952381,100.221523809524,4.7562,-0.51207619047619,120.095895238095,3.55884761904762,"Salt",8,"1 µm",NA,"2026-06-08",21:31:29,120,"Collar_31_2026-06-08 21:31:29",0.0069269,"21:31:29","Time changed"
"81A-1678",32,101,6926.9,"01:30","00:25",13,2026-06-08 21:34:29,"2026-06-08 21:36:11",-53.1748113207547,100.242358490566,4.85857547169811,-0.533811320754717,23.0067735849057,0.0295943396226415,"Salt",8,"45 µm",NA,"2026-06-08",21:34:29,120,"Collar_32_2026-06-08 21:34:29",0.0069269,"21:34:29","Time changed"
"81A-1678",50,101,6926.9,"01:30","00:25",12,2026-06-08 21:37:28,"2026-06-08 21:39:09",19.9300952380952,100.238095238095,4.94537142857143,0.374914285714286,20.075780952381,0.0310380952380952,"Salt",NA,"Control",NA,"2026-06-08",21:37:28,120,"Collar_50_2026-06-08 21:37:28",0.0069269,"21:37:28","Time changed"
"81A-1678",51,101,6926.9,"01:30","00:25",13,2026-06-08 21:40:26,"2026-06-08 21:42:08",20.1389622641509,100.25358490566,4.85377358490566,-0.0690188679245283,80.1563773584906,0.0309622641509434,"Salt",NA,"Control",NA,"2026-06-08",21:40:26,120,"Collar_51_2026-06-08 21:40:26",0.0069269,"21:40:26","Time changed"
"81A-1678",52,101,6926.9,"01:30","00:25",13,2026-06-08 21:43:26,"2026-06-08 21:45:08",20.2104716981132,100.257075471698,4.85377358490566,0.371358490566038,93.1454245283019,0.0310094339622641,"Salt",NA,"Control",NA,"2026-06-08",21:43:26,120,"Collar_52_2026-06-08 21:43:26",0.0069269,"21:43:26","Time changed"
"81A-1678",29,101,6926.9,"01:30","00:25",12,2026-06-08 22:25:31,"2026-06-08 22:27:12",19.6220952380952,100.326857142857,3.6647619047619,0.516352380952381,94.5438857142857,0.0318285714285714,"Salt",8,"Control",NA,"2026-06-08",22:25:31,120,"Collar_29_2026-06-08 22:25:31",0.0069269,"22:25:31","Time changed"
"81A-1678",30,101,6926.9,"01:30","00:25",13,2026-06-08 22:28:30,"2026-06-08 22:30:12",19.9430188679245,100.312547169811,4.95283018867925,-0.0581320754716981,57.2672830188679,0.0317547169811321,"Salt",8,"Disturbance",NA,"2026-06-08",22:28:30,120,"Collar_30_2026-06-08 22:28:30",0.0069269,"22:28:30","Time changed"
"81A-1678",31,101,6926.9,"01:30","00:25",12,2026-06-08 22:31:29,"2026-06-08 22:33:10",19.443619047619,100.275142857143,4.84537142857143,-0.51207619047619,119.515476190476,3.54919047619048,"Salt",8,"1 µm",NA,"2026-06-08",22:31:29,120,"Collar_31_2026-06-08 22:31:29",0.0069269,"22:31:29","Time changed"
"81A-1678",32,101,6926.9,"01:30","00:25",13,2026-06-08 22:34:27,"2026-06-08 22:36:09",-53.1838679245283,100.294622641509,4.93862264150943,-0.532924528301887,22.8238962264151,0.0301037735849057,"Salt",8,"45 µm",NA,"2026-06-08",22:34:27,120,"Collar_32_2026-06-08 22:34:27",0.0069269,"22:34:27","Time changed"
"81A-1678",50,101,6926.9,"01:30","00:25",12,2026-06-08 22:37:26,"2026-06-08 22:39:07",19.2471428571429,100.284761904762,4.94857142857143,0.375390476190476,19.7712857142857,0.0316190476190476,"Salt",NA,"Control",NA,"2026-06-08",22:37:26,120,"Collar_50_2026-06-08 22:37:26",0.0069269,"22:37:26","Time changed"
"81A-1678",51,101,6926.9,"01:30","00:25",13,2026-06-08 22:40:24,"2026-06-08 22:42:06",19.4211320754717,100.293490566038,4.85377358490566,-0.0693396226415094,80.0871320754717,0.0315566037735849,"Salt",NA,"Control",NA,"2026-06-08",22:40:24,120,"Collar_51_2026-06-08 22:40:24",0.0069269,"22:40:24","Time changed"
"81A-1678",52,101,6926.9,"01:30","00:25",13,2026-06-08 22:43:25,"2026-06-08 22:45:07",19.4451886792453,100.291698113208,4.85377358490566,0.369179245283019,93.2982452830189,0.0315943396226415,"Salt",NA,"Control",NA,"2026-06-08",22:43:25,120,"Collar_52_2026-06-08 22:43:25",0.0069269,"22:43:25","Time changed"
"81A-1678",29,101,6926.9,"01:30","00:25",12,2026-06-08 23:25:31,"2026-06-08 23:27:12",19.0654285714286,100.341714285714,3.6647619047619,0.511190476190476,94.6584,0.0323047619047619,"Salt",8,"Control",NA,"2026-06-08",23:25:31,120,"Collar_29_2026-06-08 23:25:31",0.0069269,"23:25:31","Time changed"
"81A-1678",30,101,6926.9,"01:30","00:25",13,2026-06-08 23:28:31,"2026-06-08 23:30:13",19.3651886792453,100.304056603774,4.96158490566038,-0.0574528301886792,57.2489433962264,0.0324056603773585,"Salt",8,"Disturbance",NA,"2026-06-08",23:28:31,120,"Collar_30_2026-06-08 23:28:31",0.0069269,"23:28:31","Time changed"
"81A-1678",31,101,6926.9,"01:30","00:25",12,2026-06-08 23:31:30,"2026-06-08 23:33:11",18.8648571428571,100.293619047619,4.84918095238095,-0.51207619047619,119.4824,3.55052380952381,"Salt",8,"1 µm",NA,"2026-06-08",23:31:30,120,"Collar_31_2026-06-08 23:31:30",0.0069269,"23:31:30","Time changed"
"81A-1678",32,101,6926.9,"01:30","00:25",13,2026-06-08 23:34:28,"2026-06-08 23:36:10",-53.2047169811321,100.310660377358,4.94053773584906,-0.533594339622642,22.6287452830189,0.030122641509434,"Salt",8,"45 µm",NA,"2026-06-08",23:34:28,120,"Collar_32_2026-06-08 23:34:28",0.0069269,"23:34:28","Time changed"
"81A-1678",50,101,6926.9,"01:30","00:25",12,2026-06-08 23:37:27,"2026-06-08 23:39:08",18.6908571428571,100.303047619048,4.95142857142857,0.373352380952381,19.4748285714286,0.032152380952381,"Salt",NA,"Control",NA,"2026-06-08",23:37:27,120,"Collar_50_2026-06-08 23:37:27",0.0069269,"23:37:27","Time changed"
"81A-1678",51,101,6926.9,"01:30","00:25",13,2026-06-08 23:40:27,"2026-06-08 23:42:09",18.8706603773585,100.313301886792,4.88742452830189,-0.0696415094339623,80.0725,0.0321509433962264,"Salt",NA,"Control",NA,"2026-06-08",23:40:27,120,"Collar_51_2026-06-08 23:40:27",0.0069269,"23:40:27","Time changed"
"81A-1652",14,101,6926.9,"01:30","00:25",12,2026-06-08 00:00:29,"2026-06-08 00:02:10",-70.7850476190476,98.6564761904762,5.34666666666667,0.816571428571429,88.3819428571429,0.048247619047619,"Control",4,"Disturbance",NA,"2026-06-08",00:00:29,120,"Collar_14_2026-06-08 00:00:29",0.0069269,"00:00:29","Time changed"
"81A-1652",15,101,6926.9,"01:30","00:25",12,2026-06-08 00:03:27,"2026-06-08 00:05:08",20.339619047619,98.6424761904762,5.24952380952381,0.822095238095238,149.362323809524,0.0396095238095238,"Control",4,"1 µm",NA,"2026-06-08",00:03:27,120,"Collar_15_2026-06-08 00:03:27",0.0069269,"00:03:27","Time changed"
"81A-1652",16,101,6926.9,"01:30","00:25",12,2026-06-08 00:06:27,"2026-06-08 00:08:08",20.2691428571429,98.8529523809524,5.05142857142857,0.816257142857143,26.7736,0.0326380952380952,"Control",4,"45 µm",NA,"2026-06-08",00:06:27,120,"Collar_16_2026-06-08 00:06:27",0.0069269,"00:06:27","Time changed"
"81A-1652",13,101,6926.9,"01:30","00:25",12,2026-06-08 00:57:31,"2026-06-08 00:59:12",-69.5742857142857,98.6783809523809,5.24952380952381,0.881057142857143,86.3747904761905,0.0326666666666667,"Control",4,"Control",NA,"2026-06-08",00:57:31,120,"Collar_13_2026-06-08 00:57:31",0.0069269,"00:57:31","Time changed"
"81A-1652",14,101,6926.9,"01:30","00:25",12,2026-06-08 01:00:30,"2026-06-08 01:02:11",-70.1479047619048,98.7246666666667,5.34857142857143,0.816361904761905,88.3790380952381,0.0463809523809524,"Control",4,"Disturbance",NA,"2026-06-08",01:00:30,120,"Collar_14_2026-06-08 01:00:30",0.0069269,"01:00:30","Time changed"
"81A-1652",15,101,6926.9,"01:30","00:25",12,2026-06-08 01:03:28,"2026-06-08 01:05:09",20.2267619047619,98.7104761904762,5.29151428571429,0.822095238095238,148.571257142857,0.0387238095238095,"Control",4,"1 µm",NA,"2026-06-08",01:03:28,120,"Collar_15_2026-06-08 01:03:28",0.0069269,"01:03:28","Time changed"
"81A-1652",16,101,6926.9,"01:30","00:25",12,2026-06-08 01:06:28,"2026-06-08 01:08:09",20.1089523809524,98.921619047619,5.05142857142857,0.817142857142857,26.5812857142857,0.0329333333333333,"Control",4,"45 µm",NA,"2026-06-08",01:06:28,120,"Collar_16_2026-06-08 01:06:28",0.0069269,"01:06:28","Time changed"
"81A-1652",49,101,6926.9,"01:30","00:25",12,2026-06-08 01:09:28,"2026-06-08 01:11:09",20.3069523809524,98.7315238095238,5.34857142857143,0.241990476190476,88.1942476190476,0.038,"Control",NA,"Control",NA,"2026-06-08",01:09:28,120,"Collar_49_2026-06-08 01:09:28",0.0069269,"01:09:28","Time changed"
"81A-1652",13,101,6926.9,"01:30","00:25",12,2026-06-08 01:57:31,"2026-06-08 01:59:12",-68.918,98.7360952380952,5.24952380952381,0.882428571428571,86.4097904761905,0.0351428571428571,"Control",4,"Control",NA,"2026-06-08",01:57:31,120,"Collar_13_2026-06-08 01:57:31",0.0069269,"01:57:31","Time changed"
"81A-1652",14,101,6926.9,"01:30","00:25",12,2026-06-08 02:00:29,"2026-06-08 02:02:10",-70.671619047619,98.7892380952381,5.34857142857143,0.816571428571429,88.3704761904762,0.0398666666666667,"Control",4,"Disturbance",NA,"2026-06-08",02:00:29,120,"Collar_14_2026-06-08 02:00:29",0.0069269,"02:00:29","Time changed"
"81A-1652",15,101,6926.9,"01:30","00:25",12,2026-06-08 02:03:29,"2026-06-08 02:05:10",22.0022857142857,98.7789523809524,5.31207619047619,0.821419047619048,148.137295238095,0.0367238095238095,"Control",4,"1 µm",NA,"2026-06-08",02:03:29,120,"Collar_15_2026-06-08 02:03:29",0.0069269,"02:03:29","Time changed"
"81A-1652",16,101,6926.9,"01:30","00:25",12,2026-06-08 02:06:27,"2026-06-08 02:08:08",22.5986666666667,98.9884761904762,5.05142857142857,0.816952380952381,24.3730857142857,0.0346666666666667,"Control",4,"45 µm",NA,"2026-06-08",02:06:27,120,"Collar_16_2026-06-08 02:06:27",0.0069269,"02:06:27","Time changed"
"81A-1652",49,101,6926.9,"01:30","00:25",12,2026-06-08 02:09:27,"2026-06-08 02:11:08",22.8622857142857,98.7961904761905,5.34857142857143,0.242666666666667,88.1683238095238,0.0357809523809524,"Control",NA,"Control",NA,"2026-06-08",02:09:27,120,"Collar_49_2026-06-08 02:09:27",0.0069269,"02:09:27","Time changed"
"81A-1652",13,101,6926.9,"01:30","00:25",12,2026-06-08 02:57:31,"2026-06-08 02:59:12",-69.3337142857143,98.7905714285714,5.24952380952381,0.881733333333333,86.4057047619048,0.0368380952380952,"Control",4,"Control",NA,"2026-06-08",02:57:31,120,"Collar_13_2026-06-08 02:57:31",0.0069269,"02:57:31","Time changed"
"81A-1652",14,101,6926.9,"01:30","00:25",12,2026-06-08 03:00:29,"2026-06-08 03:02:10",-71.0182857142857,98.8325714285714,5.34857142857143,0.817247619047619,88.3635428571429,0.0391428571428571,"Control",4,"Disturbance",NA,"2026-06-08",03:00:29,120,"Collar_14_2026-06-08 03:00:29",0.0069269,"03:00:29","Time changed"
"81A-1652",15,101,6926.9,"01:30","00:25",12,2026-06-08 03:03:29,"2026-06-08 03:05:10",22.2880952380952,98.819619047619,5.2832,0.820742857142857,148.467466666667,0.0371904761904762,"Control",4,"1 µm",NA,"2026-06-08",03:03:29,120,"Collar_15_2026-06-08 03:03:29",0.0069269,"03:03:29","Time changed"
"81A-1652",16,101,6926.9,"01:30","00:25",12,2026-06-08 03:06:29,"2026-06-08 03:08:10",22.5059047619048,99.0341904761905,5.05142857142857,0.816466666666667,26.3090095238095,0.0352857142857143,"Control",4,"45 µm",NA,"2026-06-08",03:06:29,120,"Collar_16_2026-06-08 03:06:29",0.0069269,"03:06:29","Time changed"
"81A-1652",49,101,6926.9,"01:30","00:25",12,2026-06-08 03:09:29,"2026-06-08 03:11:10",22.8446666666667,98.8482857142857,5.34857142857143,0.242666666666667,88.1769523809524,0.036352380952381,"Control",NA,"Control",NA,"2026-06-08",03:09:29,120,"Collar_49_2026-06-08 03:09:29",0.0069269,"03:09:29","Time changed"
"81A-1652",13,101,6926.9,"01:30","00:25",12,2026-06-08 03:57:31,"2026-06-08 03:59:12",-68.6647619047619,98.8589523809524,5.24952380952381,0.882428571428571,86.3934666666667,0.0363523809523809,"Control",4,"Control",NA,"2026-06-08",03:57:31,120,"Collar_13_2026-06-08 03:57:31",0.0069269,"03:57:31","Time changed"
"81A-1652",14,101,6926.9,"01:30","00:25",12,2026-06-08 04:00:29,"2026-06-08 04:02:10",-70.5836190476191,98.8988571428571,5.34857142857143,0.817247619047619,88.3480380952381,0.0411333333333333,"Control",4,"Disturbance",NA,"2026-06-08",04:00:29,120,"Collar_14_2026-06-08 04:00:29",0.0069269,"04:00:29","Time changed"
"81A-1652",15,101,6926.9,"01:30","00:25",12,2026-06-08 04:03:27,"2026-06-08 04:05:08",21.7077142857143,98.8866666666667,5.33678095238095,0.822095238095238,148.579666666667,0.0383238095238095,"Control",4,"1 µm",NA,"2026-06-08",04:03:27,120,"Collar_15_2026-06-08 04:03:27",0.0069269,"04:03:27","Time changed"
"81A-1652",16,101,6926.9,"01:30","00:25",12,2026-06-08 04:06:27,"2026-06-08 04:08:08",21.956,99.1061904761905,5.07219047619048,0.816466666666667,26.239419047619,0.0344761904761905,"Control",4,"45 µm",NA,"2026-06-08",04:06:27,120,"Collar_16_2026-06-08 04:06:27",0.0069269,"04:06:27","Time changed"
"81A-1652",49,101,6926.9,"01:30","00:25",12,2026-06-08 04:09:25,"2026-06-08 04:11:06",22.068,98.9170476190476,5.34857142857143,0.242666666666667,88.1585428571429,0.0369333333333333,"Control",NA,"Control",NA,"2026-06-08",04:09:25,120,"Collar_49_2026-06-08 04:09:25",0.0069269,"04:09:25","Time changed"
"81A-1652",13,101,6926.9,"01:30","00:25",12,2026-06-08 04:57:31,"2026-06-08 04:59:12",-69.2732380952381,98.9588571428571,5.24952380952381,0.881733333333333,86.3568095238095,0.034352380952381,"Control",4,"Control",NA,"2026-06-08",04:57:31,120,"Collar_13_2026-06-08 04:57:31",0.0069269,"04:57:31","Time changed"
"81A-1652",14,101,6926.9,"01:30","00:25",12,2026-06-08 05:00:29,"2026-06-08 05:02:10",-71.0394285714286,99.0025714285714,5.34857142857143,0.816571428571429,87.9245047619048,0.0427333333333333,"Control",4,"Disturbance",NA,"2026-06-08",05:00:29,120,"Collar_14_2026-06-08 05:00:29",0.0069269,"05:00:29","Time changed"
"81A-1652",15,101,6926.9,"01:30","00:25",12,2026-06-08 05:03:29,"2026-06-08 05:05:10",20.9962857142857,98.9912380952381,5.34190476190476,0.822095238095238,148.57879047619,0.0382,"Control",4,"1 µm",NA,"2026-06-08",05:03:29,120,"Collar_15_2026-06-08 05:03:29",0.0069269,"05:03:29","Time changed"
"81A-1652",16,101,6926.9,"01:30","00:25",12,2026-06-08 05:06:29,"2026-06-08 05:08:10",20.91,99.2034285714286,5.13708571428571,0.816466666666667,25.1525714285714,0.0336380952380952,"Control",4,"45 µm",NA,"2026-06-08",05:06:29,120,"Collar_16_2026-06-08 05:06:29",0.0069269,"05:06:29","Time changed"
"81A-1652",49,101,6926.9,"01:30","00:25",12,2026-06-08 05:09:29,"2026-06-08 05:11:10",21.1165714285714,99.0130476190476,5.34857142857143,0.242666666666667,88.1448952380952,0.0371333333333333,"Control",NA,"Control",NA,"2026-06-08",05:09:29,120,"Collar_49_2026-06-08 05:09:29",0.0069269,"05:09:29","Time changed"
"81A-1652",13,101,6926.9,"01:30","00:25",12,2026-06-08 05:57:31,"2026-06-08 05:59:12",-69.478,99.0662857142857,5.24952380952381,0.881057142857143,86.4070666666667,0.034152380952381,"Control",4,"Control",NA,"2026-06-08",05:57:31,120,"Collar_13_2026-06-08 05:57:31",0.0069269,"05:57:31","Time changed"
"81A-1652",14,101,6926.9,"01:30","00:25",12,2026-06-08 06:00:29,"2026-06-08 06:02:10",-70.1606666666667,99.1174285714286,5.34857142857143,0.817057142857143,87.1272476190476,0.0424952380952381,"Control",4,"Disturbance",NA,"2026-06-08",06:00:29,120,"Collar_14_2026-06-08 06:00:29",0.0069269,"06:00:29","Time changed"
"81A-1652",15,101,6926.9,"01:30","00:25",12,2026-06-08 06:03:27,"2026-06-08 06:05:08",20.8035238095238,99.1053333333333,5.34571428571429,0.821904761904762,148.190361904762,0.0377619047619048,"Control",4,"1 µm",NA,"2026-06-08",06:03:27,120,"Collar_15_2026-06-08 06:03:27",0.0069269,"06:03:27","Time changed"
"81A-1652",16,101,6926.9,"01:30","00:25",12,2026-06-08 06:06:27,"2026-06-08 06:08:08",20.8612380952381,99.316380952381,5.14666666666667,0.816952380952381,25.221019047619,0.0333714285714286,"Control",4,"45 µm",NA,"2026-06-08",06:06:27,120,"Collar_16_2026-06-08 06:06:27",0.0069269,"06:06:27","Time changed"
"81A-1652",49,101,6926.9,"01:30","00:25",12,2026-06-08 06:09:25,"2026-06-08 06:11:06",21.1025714285714,99.1282857142857,5.34857142857143,0.2422,88.1507523809524,0.0366,"Control",NA,"Control",NA,"2026-06-08",06:09:25,120,"Collar_49_2026-06-08 06:09:25",0.0069269,"06:09:25","Time changed"
"81A-1652",13,101,6926.9,"01:30","00:25",12,2026-06-08 06:57:31,"2026-06-08 06:59:12",-69.0741904761905,99.1684761904762,5.24952380952381,0.882428571428571,86.4556380952381,0.0340285714285714,"Control",4,"Control",NA,"2026-06-08",06:57:31,120,"Collar_13_2026-06-08 06:57:31",0.0069269,"06:57:31","Time changed"
"81A-1652",14,101,6926.9,"01:30","00:25",12,2026-06-08 07:00:29,"2026-06-08 07:02:10",-70.8096190476191,99.2228571428572,5.34857142857143,0.816571428571429,86.3937047619048,0.0401047619047619,"Control",4,"Disturbance",NA,"2026-06-08",07:00:29,120,"Collar_14_2026-06-08 07:00:29",0.0069269,"07:00:29","Time changed"
"81A-1652",15,101,6926.9,"01:30","00:25",12,2026-06-08 07:03:27,"2026-06-08 07:05:08",21.112380952381,99.2164761904762,5.34571428571429,0.821419047619048,147.864761904762,0.0369333333333333,"Control",4,"1 µm",NA,"2026-06-08",07:03:27,120,"Collar_15_2026-06-08 07:03:27",0.0069269,"07:03:27","Time changed"
"81A-1652",16,101,6926.9,"01:30","00:25",12,2026-06-08 07:06:27,"2026-06-08 07:08:08",21.2234285714286,99.426380952381,5.14857142857143,0.816257142857143,25.8965904761905,0.0338761904761905,"Control",4,"45 µm",NA,"2026-06-08",07:06:27,120,"Collar_16_2026-06-08 07:06:27",0.0069269,"07:06:27","Time changed"
"81A-1652",49,101,6926.9,"01:30","00:25",12,2026-06-08 07:09:25,"2026-06-08 07:11:06",21.5160952380952,99.2398095238095,5.34857142857143,0.242666666666667,88.1458285714286,0.0358666666666667,"Control",NA,"Control",NA,"2026-06-08",07:09:25,120,"Collar_49_2026-06-08 07:09:25",0.0069269,"07:09:25","Time changed"
"81A-1652",13,101,6926.9,"01:30","00:25",12,2026-06-08 07:57:31,"2026-06-08 07:59:12",-69.4310476190476,99.292380952381,5.24952380952381,0.881057142857143,86.4924285714286,0.0347714285714286,"Control",4,"Control",NA,"2026-06-08",07:57:31,120,"Collar_13_2026-06-08 07:57:31",0.0069269,"07:57:31","Time changed"
"81A-1652",14,101,6926.9,"01:30","00:25",12,2026-06-08 08:00:29,"2026-06-08 08:02:10",-71.2152380952381,99.3409523809524,5.34857142857143,0.817247619047619,83.2878857142857,0.0396571428571429,"Control",4,"Disturbance",NA,"2026-06-08",08:00:29,120,"Collar_14_2026-06-08 08:00:29",0.0069269,"08:00:29","Time changed"
"81A-1652",15,101,6926.9,"01:30","00:25",12,2026-06-08 08:03:28,"2026-06-08 08:05:09",21.6520952380952,99.3310476190476,5.34761904761905,0.822095238095238,147.902323809524,0.037152380952381,"Control",4,"1 µm",NA,"2026-06-08",08:03:28,120,"Collar_15_2026-06-08 08:03:28",0.0069269,"08:03:28","Time changed"
"81A-1652",16,101,6926.9,"01:30","00:25",12,2026-06-08 08:06:28,"2026-06-08 08:08:09",21.4852380952381,99.540380952381,5.14761904761905,0.816257142857143,26.0764285714286,0.0342666666666667,"Control",4,"45 µm",NA,"2026-06-08",08:06:28,120,"Collar_16_2026-06-08 08:06:28",0.0069269,"08:06:28","Time changed"
"81A-1652",49,101,6926.9,"01:30","00:25",12,2026-06-08 08:09:28,"2026-06-08 08:11:09",21.5829523809524,99.3573333333333,5.34857142857143,0.242666666666667,88.1509809523809,0.035952380952381,"Control",NA,"Control",NA,"2026-06-08",08:09:28,120,"Collar_49_2026-06-08 08:09:28",0.0069269,"08:09:28","Time changed"
"81A-1652",13,101,6926.9,"01:30","00:25",12,2026-06-08 08:57:31,"2026-06-08 08:59:12",-69.1757142857143,99.3671428571429,5.25047619047619,0.881733333333333,86.4634476190476,0.0351523809523809,"Control",4,"Control",NA,"2026-06-08",08:57:31,120,"Collar_13_2026-06-08 08:57:31",0.0069269,"08:57:31","Time changed"
"81A-1652",14,101,6926.9,"01:30","00:25",12,2026-06-08 09:00:29,"2026-06-08 09:02:10",-70.874,99.4157142857143,5.34857142857143,0.816571428571429,84.2658571428571,0.0403809523809524,"Control",4,"Disturbance",NA,"2026-06-08",09:00:29,120,"Collar_14_2026-06-08 09:00:29",0.0069269,"09:00:29","Time changed"
"81A-1652",15,101,6926.9,"01:30","00:25",12,2026-06-08 09:03:27,"2026-06-08 09:05:08",21.1241904761905,99.4015238095238,5.34857142857143,0.821419047619048,147.19680952381,0.0378571428571429,"Control",4,"1 µm",NA,"2026-06-08",09:03:27,120,"Collar_15_2026-06-08 09:03:27",0.0069269,"09:03:27","Time changed"
"81A-1652",16,101,6926.9,"01:30","00:25",12,2026-06-08 09:06:27,"2026-06-08 09:08:08",21.1045714285714,99.6091428571429,5.15047619047619,0.817142857142857,26.3544952380952,0.034552380952381,"Control",4,"45 µm",NA,"2026-06-08",09:06:27,120,"Collar_16_2026-06-08 09:06:27",0.0069269,"09:06:27","Time changed"
"81A-1652",49,101,6926.9,"01:30","00:25",12,2026-06-08 09:09:25,"2026-06-08 09:11:06",21.0907619047619,99.409619047619,5.34857142857143,0.241990476190476,88.1323619047619,0.0365619047619048,"Control",NA,"Control",NA,"2026-06-08",09:09:25,120,"Collar_49_2026-06-08 09:09:25",0.0069269,"09:09:25","Time changed"
"81A-1652",13,101,6926.9,"01:30","00:25",12,2026-06-08 09:57:31,"2026-06-08 09:59:12",-69.4781904761905,99.439619047619,5.24952380952381,0.881733333333333,86.4252666666667,0.0336571428571429,"Control",4,"Control",NA,"2026-06-08",09:57:31,120,"Collar_13_2026-06-08 09:57:31",0.0069269,"09:57:31","Time changed"
"81A-1652",14,101,6926.9,"01:30","00:25",12,2026-06-08 10:00:29,"2026-06-08 10:02:10",-71.2852380952381,99.4871428571429,5.34857142857143,0.816361904761905,82.315980952381,0.0416857142857143,"Control",4,"Disturbance",NA,"2026-06-08",10:00:29,120,"Collar_14_2026-06-08 10:00:29",0.0069269,"10:00:29","Time changed"
"81A-1652",15,101,6926.9,"01:30","00:25",12,2026-06-08 10:03:29,"2026-06-08 10:05:10",20.7121904761905,99.4762857142857,5.34857142857143,0.821419047619048,147.329857142857,0.0379238095238095,"Control",4,"1 µm",NA,"2026-06-08",10:03:29,120,"Collar_15_2026-06-08 10:03:29",0.0069269,"10:03:29","Time changed"
"81A-1652",16,101,6926.9,"01:30","00:25",12,2026-06-08 10:06:29,"2026-06-08 10:08:10",20.604,99.6920952380952,5.15047619047619,0.816466666666667,26.1106285714286,0.0337619047619048,"Control",4,"45 µm",NA,"2026-06-08",10:06:29,120,"Collar_16_2026-06-08 10:06:29",0.0069269,"10:06:29","Time changed"
"81A-1652",49,101,6926.9,"01:30","00:25",12,2026-06-08 10:09:29,"2026-06-08 10:11:10",20.6313333333333,99.4984761904762,5.34857142857143,0.242571428571429,88.1260095238095,0.0360571428571429,"Control",NA,"Control",NA,"2026-06-08",10:09:29,120,"Collar_49_2026-06-08 10:09:29",0.0069269,"10:09:29","Time changed"
"81A-1652",13,101,6926.9,"01:30","00:25",12,2026-06-08 10:57:31,"2026-06-08 10:59:12",-68.6735238095238,99.4784761904762,5.25047619047619,0.882428571428571,86.4577428571429,0.0359714285714286,"Control",4,"Control",NA,"2026-06-08",10:57:31,120,"Collar_13_2026-06-08 10:57:31",0.0069269,"10:57:31","Time changed"
"81A-1652",14,101,6926.9,"01:30","00:25",12,2026-06-08 11:00:29,"2026-06-08 11:02:10",-70.5219047619048,99.5277142857143,5.34857142857143,0.817247619047619,82.9097904761905,0.0384666666666667,"Control",4,"Disturbance",NA,"2026-06-08",11:00:29,120,"Collar_14_2026-06-08 11:00:29",0.0069269,"11:00:29","Time changed"
"81A-1652",15,101,6926.9,"01:30","00:25",12,2026-06-08 11:03:29,"2026-06-08 11:05:10",21.6171428571429,99.5166666666667,5.34857142857143,0.822095238095238,147.7128,0.0362857142857143,"Control",4,"1 µm",NA,"2026-06-08",11:03:29,120,"Collar_15_2026-06-08 11:03:29",0.0069269,"11:03:29","Time changed"
"81A-1652",16,101,6926.9,"01:30","00:25",12,2026-06-08 11:06:29,"2026-06-08 11:08:10",21.3862857142857,99.728380952381,5.15047619047619,0.816257142857143,26.2554285714286,0.0341333333333333,"Control",4,"45 µm",NA,"2026-06-08",11:06:29,120,"Collar_16_2026-06-08 11:06:29",0.0069269,"11:06:29","Time changed"
"81A-1652",49,101,6926.9,"01:30","00:25",12,2026-06-08 11:09:27,"2026-06-08 11:11:08",21.3612380952381,99.5440952380952,5.34857142857143,0.241885714285714,88.1050285714286,0.0352952380952381,"Control",NA,"Control",NA,"2026-06-08",11:09:27,120,"Collar_49_2026-06-08 11:09:27",0.0069269,"11:09:27","Time changed"
"81A-1652",13,101,6926.9,"01:30","00:25",12,2026-06-08 11:57:31,"2026-06-08 11:59:12",-69.0654285714286,99.5289523809524,5.24952380952381,0.882428571428571,86.5171904761905,0.0374095238095238,"Control",4,"Control",NA,"2026-06-08",11:57:31,120,"Collar_13_2026-06-08 11:57:31",0.0069269,"11:57:31","Time changed"
"81A-1652",14,101,6926.9,"01:30","00:25",12,2026-06-08 12:00:31,"2026-06-08 12:02:12",-70.8789523809524,99.5711428571429,5.34857142857143,0.816571428571429,83.8212952380952,0.0362666666666667,"Control",4,"Disturbance",NA,"2026-06-08",12:00:31,120,"Collar_14_2026-06-08 12:00:31",0.0069269,"12:00:31","Time changed"
"81A-1652",15,101,6926.9,"01:30","00:25",12,2026-06-08 12:03:31,"2026-06-08 12:05:12",23.1151428571429,99.5537142857143,5.34666666666667,0.822095238095238,148.009866666667,0.0357238095238095,"Control",4,"1 µm",NA,"2026-06-08",12:03:31,120,"Collar_15_2026-06-08 12:03:31",0.0069269,"12:03:31","Time changed"
"81A-1652",16,101,6926.9,"01:30","00:25",12,2026-06-08 12:06:31,"2026-06-08 12:08:12",22.4521904761905,99.7621904761905,5.14857142857143,0.817142857142857,25.8251523809524,0.0354285714285714,"Control",4,"45 µm",NA,"2026-06-08",12:06:31,120,"Collar_16_2026-06-08 12:06:31",0.0069269,"12:06:31","Time changed"
"81A-1652",49,101,6926.9,"01:30","00:25",12,2026-06-08 12:09:31,"2026-06-08 12:11:12",22.5231428571429,99.572,5.34857142857143,0.24167619047619,88.1651047619048,0.0347809523809524,"Control",NA,"Control",NA,"2026-06-08",12:09:31,120,"Collar_49_2026-06-08 12:09:31",0.0069269,"12:09:31","Time changed"
"81A-1652",13,101,6926.9,"01:30","00:25",12,2026-06-08 12:57:31,"2026-06-08 12:59:12",-69.0160952380952,99.5137142857143,5.24952380952381,0.881733333333333,86.4276952380952,0.0411809523809524,"Control",4,"Control",NA,"2026-06-08",12:57:31,120,"Collar_13_2026-06-08 12:57:31",0.0069269,"12:57:31","Time changed"
"81A-1652",14,101,6926.9,"01:30","00:25",12,2026-06-08 13:00:29,"2026-06-08 13:02:10",-70.7977142857143,99.5561904761905,5.34857142857143,0.817238095238095,83.6487619047619,0.0363619047619048,"Control",4,"Disturbance",NA,"2026-06-08",13:00:29,120,"Collar_14_2026-06-08 13:00:29",0.0069269,"13:00:29","Time changed"
"81A-1652",15,101,6926.9,"01:30","00:25",12,2026-06-08 13:03:29,"2026-06-08 13:05:10",24.8997142857143,99.5418095238095,5.33965714285714,0.822790476190476,148.603476190476,0.036647619047619,"Control",4,"1 µm",NA,"2026-06-08",13:03:29,120,"Collar_15_2026-06-08 13:03:29",0.0069269,"13:03:29","Time changed"
"81A-1652",16,101,6926.9,"01:30","00:25",12,2026-06-08 13:06:29,"2026-06-08 13:08:10",23.9471428571429,99.7402857142857,5.1406,0.817142857142857,26.010419047619,0.0371047619047619,"Control",4,"45 µm",NA,"2026-06-08",13:06:29,120,"Collar_16_2026-06-08 13:06:29",0.0069269,"13:06:29","Time changed"
"81A-1652",49,101,6926.9,"01:30","00:25",12,2026-06-08 13:09:29,"2026-06-08 13:11:10",24.1097142857143,99.5482857142857,5.34857142857143,0.241885714285714,88.1852952380952,0.0347809523809524,"Control",NA,"Control",NA,"2026-06-08",13:09:29,120,"Collar_49_2026-06-08 13:09:29",0.0069269,"13:09:29","Time changed"
"81A-1652",13,101,6926.9,"01:30","00:25",12,2026-06-08 13:57:31,"2026-06-08 13:59:12",-68.2388571428571,99.4869523809524,5.24952380952381,0.882619047619048,86.4342857142857,0.0464952380952381,"Control",4,"Control",NA,"2026-06-08",13:57:31,120,"Collar_13_2026-06-08 13:57:31",0.0069269,"13:57:31","Time changed"
"81A-1652",14,101,6926.9,"01:30","00:25",12,2026-06-08 14:00:29,"2026-06-08 14:02:10",-70.1945714285714,99.5262857142857,5.34857142857143,0.817352380952381,84.569380952381,0.0369333333333333,"Control",4,"Disturbance",NA,"2026-06-08",14:00:29,120,"Collar_14_2026-06-08 14:00:29",0.0069269,"14:00:29","Time changed"
"81A-1652",15,101,6926.9,"01:30","00:25",12,2026-06-08 14:03:29,"2026-06-08 14:05:10",24.7430476190476,99.5032380952381,5.25388571428571,0.822790476190476,149.667695238095,0.0371142857142857,"Control",4,"1 µm",NA,"2026-06-08",14:03:29,120,"Collar_15_2026-06-08 14:03:29",0.0069269,"14:03:29","Time changed"
"81A-1652",16,101,6926.9,"01:30","00:25",12,2026-06-08 14:06:29,"2026-06-08 14:08:10",24.9347619047619,99.6969523809524,5.14190476190476,0.817142857142857,26.4973904761905,0.0380571428571429,"Control",4,"45 µm",NA,"2026-06-08",14:06:29,120,"Collar_16_2026-06-08 14:06:29",0.0069269,"14:06:29","Time changed"
"81A-1652",49,101,6926.9,"01:30","00:25",12,2026-06-08 14:09:29,"2026-06-08 14:11:10",24.7198095238095,99.515619047619,5.34857142857143,0.24167619047619,88.1330285714286,0.0346952380952381,"Control",NA,"Control",NA,"2026-06-08",14:09:29,120,"Collar_49_2026-06-08 14:09:29",0.0069269,"14:09:29","Time changed"
"81A-1652",13,101,6926.9,"01:30","00:25",13,2026-06-08 14:57:31,"2026-06-08 14:59:13",-68.3374528301887,99.4550943396226,5.25,0.882801886792453,86.4301132075472,0.046622641509434,"Control",4,"Control",NA,"2026-06-08",14:57:31,120,"Collar_13_2026-06-08 14:57:31",0.0069269,"14:57:31","Time changed"
"81A-1652",14,101,6926.9,"01:30","00:25",12,2026-06-08 15:00:30,"2026-06-08 15:02:11",-70.5224761904762,99.484380952381,5.34857142857143,0.817352380952381,84.8014952380952,0.0361809523809524,"Control",4,"Disturbance",NA,"2026-06-08",15:00:30,120,"Collar_14_2026-06-08 15:00:30",0.0069269,"15:00:30","Time changed"
"81A-1652",15,101,6926.9,"01:30","00:25",12,2026-06-08 15:03:30,"2026-06-08 15:05:11",24.8304761904762,99.4645714285714,5.24952380952381,0.821419047619048,150.10220952381,0.0370857142857143,"Control",4,"1 µm",NA,"2026-06-08",15:03:30,120,"Collar_15_2026-06-08 15:03:30",0.0069269,"15:03:30","Time changed"
"81A-1652",16,101,6926.9,"01:30","00:25",12,2026-06-08 15:06:30,"2026-06-08 15:08:11",24.1070476190476,99.6616190476191,5.06340952380952,0.817142857142857,27.015819047619,0.0368952380952381,"Control",4,"45 µm",NA,"2026-06-08",15:06:30,120,"Collar_16_2026-06-08 15:06:30",0.0069269,"15:06:30","Time changed"
"81A-1652",49,101,6926.9,"01:30","00:25",12,2026-06-08 15:09:30,"2026-06-08 15:11:11",24.8978095238095,99.4775238095238,5.34666666666667,0.241571428571429,88.1430857142857,0.0350857142857143,"Control",NA,"Control",NA,"2026-06-08",15:09:30,120,"Collar_49_2026-06-08 15:09:30",0.0069269,"15:09:30","Time changed"
"81A-1652",13,101,6926.9,"01:30","00:25",12,2026-06-08 15:57:31,"2026-06-08 15:59:12",-67.6912380952381,99.4086666666667,5.24952380952381,0.882619047619048,86.4002095238095,0.0467047619047619,"Control",4,"Control",NA,"2026-06-08",15:57:31,120,"Collar_13_2026-06-08 15:57:31",0.0069269,"15:57:31","Time changed"
"81A-1652",14,101,6926.9,"01:30","00:25",12,2026-06-08 16:00:29,"2026-06-08 16:02:10",-69.834380952381,99.4488571428572,5.34666666666667,0.817352380952381,84.9583904761905,0.0379333333333333,"Control",4,"Disturbance",NA,"2026-06-08",16:00:29,120,"Collar_14_2026-06-08 16:00:29",0.0069269,"16:00:29","Time changed"
"81A-1652",15,101,6926.9,"01:30","00:25",12,2026-06-08 16:03:28,"2026-06-08 16:05:09",24.8150476190476,99.4255238095238,5.24952380952381,0.822790476190476,150.262961904762,0.0371904761904762,"Control",4,"1 µm",NA,"2026-06-08",16:03:28,120,"Collar_15_2026-06-08 16:03:28",0.0069269,"16:03:28","Time changed"
"81A-1652",16,101,6926.9,"01:30","00:25",12,2026-06-08 16:06:28,"2026-06-08 16:08:09",24.4652380952381,99.6202857142857,5.05142857142857,0.816466666666667,26.9930571428571,0.0368761904761905,"Control",4,"45 µm",NA,"2026-06-08",16:06:28,120,"Collar_16_2026-06-08 16:06:28",0.0069269,"16:06:28","Time changed"
"81A-1652",49,101,6926.9,"01:30","00:25",12,2026-06-08 16:09:27,"2026-06-08 16:11:08",24.5647619047619,99.4382857142857,5.34666666666667,0.240685714285714,88.1489333333333,0.0347809523809524,"Control",NA,"Control",NA,"2026-06-08",16:09:27,120,"Collar_49_2026-06-08 16:09:27",0.0069269,"16:09:27","Time changed"
"81A-1652",13,101,6926.9,"01:30","00:25",12,2026-06-08 16:57:31,"2026-06-08 16:59:12",-68.5578095238095,99.3808571428571,5.24952380952381,0.882619047619048,86.4312380952381,0.041247619047619,"Control",4,"Control",NA,"2026-06-08",16:57:31,120,"Collar_13_2026-06-08 16:57:31",0.0069269,"16:57:31","Time changed"
"81A-1652",14,101,6926.9,"01:30","00:25",12,2026-06-08 17:00:29,"2026-06-08 17:02:10",-70.3238095238095,99.4212380952381,5.34857142857143,0.816571428571429,83.7224476190476,0.0380666666666667,"Control",4,"Disturbance",NA,"2026-06-08",17:00:29,120,"Collar_14_2026-06-08 17:00:29",0.0069269,"17:00:29","Time changed"
"81A-1652",15,101,6926.9,"01:30","00:25",12,2026-06-08 17:03:29,"2026-06-08 17:05:10",24.6390476190476,99.4000952380952,5.24952380952381,0.820742857142857,150.419514285714,0.0372190476190476,"Control",4,"1 µm",NA,"2026-06-08",17:03:29,120,"Collar_15_2026-06-08 17:03:29",0.0069269,"17:03:29","Time changed"
"81A-1652",16,101,6926.9,"01:30","00:25",12,2026-06-08 17:06:29,"2026-06-08 17:08:10",24.1824761904762,99.6019047619048,5.05142857142857,0.817142857142857,26.5295142857143,0.036247619047619,"Control",4,"45 µm",NA,"2026-06-08",17:06:29,120,"Collar_16_2026-06-08 17:06:29",0.0069269,"17:06:29","Time changed"
"81A-1652",49,101,6926.9,"01:30","00:25",12,2026-06-08 17:09:29,"2026-06-08 17:11:10",24.3372380952381,99.4165714285714,5.34666666666667,0.239904761904762,88.1564761904762,0.0346761904761905,"Control",NA,"Control",NA,"2026-06-08",17:09:29,120,"Collar_49_2026-06-08 17:09:29",0.0069269,"17:09:29","Time changed"
"81A-1652",13,101,6926.9,"01:30","00:25",12,2026-06-08 17:57:31,"2026-06-08 17:59:12",-68.8111428571429,99.3720952380952,5.24952380952381,0.881733333333333,86.4362857142857,0.0406666666666667,"Control",4,"Control",NA,"2026-06-08",17:57:31,120,"Collar_13_2026-06-08 17:57:31",0.0069269,"17:57:31","Time changed"
"81A-1652",14,101,6926.9,"01:30","00:25",12,2026-06-08 18:00:30,"2026-06-08 18:02:11",-70.5833333333333,99.4139047619048,5.34857142857143,0.817247619047619,85.4214666666667,0.0384666666666667,"Control",4,"Disturbance",NA,"2026-06-08",18:00:30,120,"Collar_14_2026-06-08 18:00:30",0.0069269,"18:00:30","Time changed"
"81A-1652",15,101,6926.9,"01:30","00:25",12,2026-06-08 18:03:28,"2026-06-08 18:05:09",24.0615238095238,99.396380952381,5.24952380952381,0.822095238095238,150.158314285714,0.037647619047619,"Control",4,"1 µm",NA,"2026-06-08",18:03:28,120,"Collar_15_2026-06-08 18:03:28",0.0069269,"18:03:28","Time changed"
"81A-1652",16,101,6926.9,"01:30","00:25",12,2026-06-08 18:06:28,"2026-06-08 18:08:09",23.9508571428571,99.5943809523809,5.05346666666667,0.817142857142857,26.4331238095238,0.0357047619047619,"Control",4,"45 µm",NA,"2026-06-08",18:06:28,120,"Collar_16_2026-06-08 18:06:28",0.0069269,"18:06:28","Time changed"
"81A-1652",49,101,6926.9,"01:30","00:25",12,2026-06-08 18:09:26,"2026-06-08 18:11:07",24.0318095238095,99.4098095238095,5.34571428571429,0.239695238095238,88.2038666666667,0.0343809523809524,"Control",NA,"Control",NA,"2026-06-08",18:09:26,120,"Collar_49_2026-06-08 18:09:26",0.0069269,"18:09:26","Time changed"
"81A-1652",13,101,6926.9,"01:30","00:25",12,2026-06-08 18:57:31,"2026-06-08 18:59:12",-68.5665714285714,99.4032380952381,5.24952380952381,0.881733333333333,86.4004952380952,0.037647619047619,"Control",4,"Control",NA,"2026-06-08",18:57:31,120,"Collar_13_2026-06-08 18:57:31",0.0069269,"18:57:31","Time changed"
"81A-1652",14,101,6926.9,"01:30","00:25",12,2026-06-08 19:00:31,"2026-06-08 19:02:12",-70.4102857142857,99.4476190476191,5.34761904761905,0.817247619047619,86.3732,0.0394476190476191,"Control",4,"Disturbance",NA,"2026-06-08",19:00:31,120,"Collar_14_2026-06-08 19:00:31",0.0069269,"19:00:31","Time changed"
"81A-1652",15,101,6926.9,"01:30","00:25",12,2026-06-08 19:03:30,"2026-06-08 19:05:11",23.1334285714286,99.4249523809524,5.24952380952381,0.821419047619048,150.234580952381,0.0373714285714286,"Control",4,"1 µm",NA,"2026-06-08",19:03:30,120,"Collar_15_2026-06-08 19:03:30",0.0069269,"19:03:30","Time changed"
"81A-1652",16,101,6926.9,"01:30","00:25",12,2026-06-08 19:06:30,"2026-06-08 19:08:11",22.8510476190476,99.6246666666667,5.0564,0.817142857142857,26.4253523809524,0.0344380952380952,"Control",4,"45 µm",NA,"2026-06-08",19:06:30,120,"Collar_16_2026-06-08 19:06:30",0.0069269,"19:06:30","Time changed"
"81A-1652",49,101,6926.9,"01:30","00:25",12,2026-06-08 19:09:30,"2026-06-08 19:11:11",23.0319047619048,99.4342857142857,5.34761904761905,0.239695238095238,88.1852095238095,0.0348952380952381,"Control",NA,"Control",NA,"2026-06-08",19:09:30,120,"Collar_49_2026-06-08 19:09:30",0.0069269,"19:09:30","Time changed"
"81A-1652",13,101,6926.9,"01:30","00:25",12,2026-06-08 19:57:31,"2026-06-08 19:59:12",-69.1190476190476,99.418380952381,5.24952380952381,0.881057142857143,86.4546666666667,0.0361523809523809,"Control",4,"Control",NA,"2026-06-08",19:57:31,120,"Collar_13_2026-06-08 19:57:31",0.0069269,"19:57:31","Time changed"
"81A-1652",14,101,6926.9,"01:30","00:25",12,2026-06-08 20:00:29,"2026-06-08 20:02:10",-70.9287619047619,99.4649523809524,5.34857142857143,0.816571428571429,85.862219047619,0.0411714285714286,"Control",4,"Disturbance",NA,"2026-06-08",20:00:29,120,"Collar_14_2026-06-08 20:00:29",0.0069269,"20:00:29","Time changed"
"81A-1652",15,101,6926.9,"01:30","00:25",12,2026-06-08 20:03:28,"2026-06-08 20:05:09",21.6450476190476,99.4533333333333,5.24952380952381,0.822095238095238,149.8666,0.0376571428571429,"Control",4,"1 µm",NA,"2026-06-08",20:03:28,120,"Collar_15_2026-06-08 20:03:28",0.0069269,"20:03:28","Time changed"
"81A-1652",16,101,6926.9,"01:30","00:25",12,2026-06-08 20:06:26,"2026-06-08 20:08:07",21.4968571428571,99.6539047619048,5.14189523809524,0.816466666666667,26.3854857142857,0.0331904761904762,"Control",4,"45 µm",NA,"2026-06-08",20:06:26,120,"Collar_16_2026-06-08 20:06:26",0.0069269,"20:06:26","Time changed"
"81A-1652",49,101,6926.9,"01:30","00:25",12,2026-06-08 20:09:24,"2026-06-08 20:11:05",21.7428571428571,99.4686666666667,5.34857142857143,0.239695238095238,88.2386571428572,0.0354571428571429,"Control",NA,"Control",NA,"2026-06-08",20:09:24,120,"Collar_49_2026-06-08 20:09:24",0.0069269,"20:09:24","Time changed"
"81A-1652",13,101,6926.9,"01:30","00:25",12,2026-06-08 20:57:31,"2026-06-08 20:59:12",-68.652,99.4583809523809,5.24952380952381,0.881733333333333,86.4344666666667,0.0331619047619048,"Control",4,"Control",NA,"2026-06-08",20:57:31,120,"Collar_13_2026-06-08 20:57:31",0.0069269,"20:57:31","Time changed"
"81A-1652",14,101,6926.9,"01:30","00:25",12,2026-06-08 21:00:31,"2026-06-08 21:02:12",-70.483619047619,99.5000952380952,5.34857142857143,0.817057142857143,83.878019047619,0.0422761904761905,"Control",4,"Disturbance",NA,"2026-06-08",21:00:31,120,"Collar_14_2026-06-08 21:00:31",0.0069269,"21:00:31","Time changed"
"81A-1652",15,101,6926.9,"01:30","00:25",12,2026-06-08 21:03:29,"2026-06-08 21:05:10",20.4044761904762,99.4834285714286,5.33870476190476,0.822095238095238,149.220247619048,0.0377142857142857,"Control",4,"1 µm",NA,"2026-06-08",21:03:29,120,"Collar_15_2026-06-08 21:03:29",0.0069269,"21:03:29","Time changed"
"81A-1652",16,101,6926.9,"01:30","00:25",12,2026-06-08 21:06:28,"2026-06-08 21:08:09",20.346,99.6849523809524,5.14857142857143,0.816257142857143,26.5397238095238,0.0324571428571429,"Control",4,"45 µm",NA,"2026-06-08",21:06:28,120,"Collar_16_2026-06-08 21:06:28",0.0069269,"21:06:28","Time changed"
"81A-1652",49,101,6926.9,"01:30","00:25",12,2026-06-08 21:09:28,"2026-06-08 21:11:09",20.5095238095238,99.4978095238095,5.34857142857143,0.239590476190476,88.2527619047619,0.0358,"Control",NA,"Control",NA,"2026-06-08",21:09:28,120,"Collar_49_2026-06-08 21:09:28",0.0069269,"21:09:28","Time changed"
"81A-1652",13,101,6926.9,"01:30","00:25",12,2026-06-08 21:57:31,"2026-06-08 21:59:12",-69.3885714285714,99.5338095238095,5.24952380952381,0.881733333333333,86.4201714285714,0.0321238095238095,"Control",4,"Control",NA,"2026-06-08",21:57:31,120,"Collar_13_2026-06-08 21:57:31",0.0069269,"21:57:31","Time changed"
"81A-1652",14,101,6926.9,"01:30","00:25",12,2026-06-08 22:00:31,"2026-06-08 22:02:12",-71.1317142857143,99.5810476190476,5.34857142857143,0.816361904761905,83.7537904761905,0.0414285714285714,"Control",4,"Disturbance",NA,"2026-06-08",22:00:31,120,"Collar_14_2026-06-08 22:00:31",0.0069269,"22:00:31","Time changed"
"81A-1652",15,101,6926.9,"01:30","00:25",12,2026-06-08 22:03:31,"2026-06-08 22:05:12",19.5594285714286,99.5732380952381,5.34857142857143,0.822095238095238,148.713961904762,0.0368857142857143,"Control",4,"1 µm",NA,"2026-06-08",22:03:31,120,"Collar_15_2026-06-08 22:03:31",0.0069269,"22:03:31","Time changed"
"81A-1652",16,101,6926.9,"01:30","00:25",12,2026-06-08 22:06:29,"2026-06-08 22:08:10",19.528380952381,99.7718095238095,5.15047619047619,0.816257142857143,26.650780952381,0.0326476190476191,"Control",4,"45 µm",NA,"2026-06-08",22:06:29,120,"Collar_16_2026-06-08 22:06:29",0.0069269,"22:06:29","Time changed"
"81A-1652",49,101,6926.9,"01:30","00:25",12,2026-06-08 22:09:29,"2026-06-08 22:11:10",19.6545714285714,99.5926666666667,5.34857142857143,0.238704761904762,88.1970095238095,0.0359047619047619,"Control",NA,"Control",NA,"2026-06-08",22:09:29,120,"Collar_49_2026-06-08 22:09:29",0.0069269,"22:09:29","Time changed"
"81A-1652",13,101,6926.9,"01:30","00:25",12,2026-06-08 22:57:31,"2026-06-08 22:59:12",-69.0174285714286,99.5582857142857,5.25047619047619,0.881733333333333,86.4656095238095,0.0315809523809524,"Control",4,"Control",NA,"2026-06-08",22:57:31,120,"Collar_13_2026-06-08 22:57:31",0.0069269,"22:57:31","Time changed"
"81A-1652",14,101,6926.9,"01:30","00:25",12,2026-06-08 23:00:31,"2026-06-08 23:02:12",-70.2011428571429,99.6032380952381,5.34857142857143,0.816257142857143,82.2627142857143,0.0406285714285714,"Control",4,"Disturbance",NA,"2026-06-08",23:00:31,120,"Collar_14_2026-06-08 23:00:31",0.0069269,"23:00:31","Time changed"
"81A-1652",15,101,6926.9,"01:30","00:25",12,2026-06-08 23:03:29,"2026-06-08 23:05:10",18.906380952381,99.5849523809524,5.34857142857143,0.822095238095238,148.167371428571,0.0364666666666667,"Control",4,"1 µm",NA,"2026-06-08",23:03:29,120,"Collar_15_2026-06-08 23:03:29",0.0069269,"23:03:29","Time changed"
"81A-1652",16,101,6926.9,"01:30","00:25",12,2026-06-08 23:06:29,"2026-06-08 23:08:10",18.8546666666667,99.786,5.15047619047619,0.816952380952381,26.663819047619,0.0327809523809524,"Control",4,"45 µm",NA,"2026-06-08",23:06:29,120,"Collar_16_2026-06-08 23:06:29",0.0069269,"23:06:29","Time changed"
"81A-1652",49,101,6926.9,"01:30","00:25",12,2026-06-08 23:09:29,"2026-06-08 23:11:10",19.0067619047619,99.6042857142857,5.34857142857143,0.238238095238095,88.2257142857143,0.0355047619047619,"Control",NA,"Control",NA,"2026-06-08",23:09:29,120,"Collar_49_2026-06-08 23:09:29",0.0069269,"23:09:29","Time changed"
"81A-1652",13,101,6926.9,"01:30","00:25",12,2026-06-08 23:57:31,"2026-06-08 23:59:12",-69.320380952381,99.590380952381,5.27021904761905,0.881733333333333,86.4326285714286,0.0311619047619048,"Control",4,"Control",NA,"2026-06-08",23:57:31,120,"Collar_13_2026-06-08 23:57:31",0.0069269,"23:57:31","Time changed"
