LI-8100,LI-8100,LI-8100,,CHAMBER,LI-8100,LI-8100,LI-8100,LI-8100,LI-8150,LI-7810,LI-7810,LI-7810,LI-7810,LI-7810,LI-7810,LI-7810,LI-7810,LI-7810,LI-7810
DATE initial_value,DOY initial_value,PA initial_value,VOLUME_TOTAL,TA mean,FCO2_DRY LIN,FCO2_DRY LIN_R2,FCO2_DRY,FCO2_DRY R2,PORT_LABEL,FCO2 LIN,FCH4 LIN,FCO2,FCO2 R2,FCO2 LIN_R2,FCH4,FCH4 R2,FCH4 LIN_R2,CO2 initial_value,CH4 initial_value
[YYYY-MM-DD HH:MM:SS],[#],[kPa],[cm+3],[C],[umol+1m-2s-1],[#],[umol+1m-2s-1],[#],[#],[umol+1m-2s-1],[umol+1m-2s-1],[umol+1m-2s-1],[#],[#],[umol+1m-2s-1],[#],[#],[umol+1 mol-1],[nmol+1 mol-1]
2024-05-25 02:05:16,146.087000,100.790000,6978.600000,23.356250,-9999.000000,-9999.000000,-0.000000,0.000000,13,-9999.000000,-9999.000000,-9999.000000,-9999.000000,-9999.000000,-9999.000000,-9999.000000,-9999.000000,-9999.000000,-9999.000000
2024-05-31 13:10:06,152.548680,100.820000,6978.600000,23.278330,7933780.964070,0.018930,14495576.093400,0.019280,13,2.717370,-0.596050,3.256240,0.992810,0.991030,-0.596050,0.826520,0.826520,444.810000,2017.713510
2024-05-31 13:13:05,152.550750,100.840000,6978.600000,-69.664110,394618480.271240,0.014620,394618480.271240,0.014620,14,2.632570,-0.320250,4.961650,0.987560,0.977540,-0.320250,0.941370,0.941370,439.450000,2016.186770
2024-05-31 13:16:03,152.552810,100.840000,6978.600000,22.750780,102969.892800,0.037420,116107.673590,0.034420,15,2.180900,-0.203970,2.234670,0.987590,0.987580,-0.346180,0.859820,0.897790,435.190000,2019.678890
2024-05-31 13:19:02,152.554880,100.840000,6978.600000,22.588670,-2337547.096680,0.051610,-2337547.096680,0.051610,16,2.171480,-0.063310,3.298070,0.991820,0.983850,-0.063310,0.194550,0.194550,435.510000,2014.793860
2024-05-31 13:21:48,152.556810,100.840000,6978.600000,135.089890,78832081.736260,0.000940,8359977.550400,0.000090,10,0.190740,-0.765760,1.235930,0.236790,0.193470,-2.456510,0.714370,0.600190,429.040000,2019.105910
2024-05-31 13:24:47,152.558880,100.840000,6978.600000,21.913440,-21693910.464050,0.024790,-21689898.120170,0.025520,9,7.288030,-0.863010,7.288030,0.977140,0.977140,-0.863010,0.987000,0.987000,434.670000,2012.669360
2024-05-31 13:27:45,152.560940,100.840000,6978.600000,-69.645780,-972.620630,0.008360,-972.620630,0.008360,49,3.352550,-1.053910,3.352550,0.994840,0.994840,-1.053910,0.965340,0.965340,434.720000,2024.280300
2024-05-31 13:30:45,152.563020,100.840000,6978.600000,23.772110,71153.774540,0.001680,71153.774540,0.001680,13,2.734270,-0.261800,3.391740,0.992390,0.991530,-0.712370,0.947670,0.921610,434.570000,2011.806530
2024-05-31 13:33:45,152.565100,100.840000,6978.600000,-69.432000,1277113.095490,0.013340,1277113.095490,0.013340,14,1.533890,0.205730,2.218500,0.839670,0.843730,2.655910,0.747190,0.342210,440.010000,2014.378660
2024-05-31 13:36:44,152.567180,100.820000,6978.600000,22.813890,-8675532.382240,0.139940,-8675532.382240,0.139940,15,2.602270,0.333170,4.902480,0.986800,0.966880,0.307530,0.402310,0.509050,439.150000,2017.586780
2024-05-31 13:39:43,152.569250,100.820000,6978.600000,21.975670,200203.307150,0.001450,85676.767600,0.000170,16,2.447920,-0.136590,3.029370,0.994410,0.992980,-0.372430,0.824550,0.807140,434.220000,2016.757420
2024-05-31 13:42:29,152.571170,100.820000,6978.600000,135.299560,-111163.976650,0.004060,-111163.976650,0.004060,10,0.606560,0.493940,0.606560,0.561500,0.561500,0.489090,0.775020,0.779830,434.510000,2015.797400
2024-05-31 13:45:28,152.573240,100.810000,6978.600000,21.516560,-391655.457560,0.000040,-2219699.423230,0.000200,9,7.922390,-0.778420,7.922390,0.990450,0.990450,-0.778420,0.985960,0.985960,437.350000,2017.457270
2024-05-31 13:48:26,152.575300,100.810000,6978.600000,-69.687220,-2048364.553500,0.006790,-2048364.553500,0.006790,49,4.122890,-0.455800,4.122890,0.973300,0.973300,-0.455800,0.862260,0.862260,444.540000,2015.529450
2024-05-31 14:30:44,152.604680,100.740000,6978.600000,22.731670,-329735.022270,0.022050,-187329.744690,0.009470,13,3.405170,-0.608050,6.072790,0.993690,0.977110,-0.608050,0.853950,0.853950,440.420000,2012.969040
2024-05-31 14:33:42,152.606740,100.770000,6978.600000,-69.541220,-1125843.250310,0.030310,-883376.167420,0.138980,14,1.786580,-0.179970,2.184200,0.889180,0.891780,-0.179970,0.544380,0.544380,442.470000,2016.212940
2024-05-31 14:36:42,152.608820,100.770000,6978.600000,23.144560,30978.855190,0.000340,30978.855190,0.000340,15,2.629960,-0.085240,2.874050,0.995830,0.995640,-0.083710,0.070340,0.072510,435.400000,2010.508450
2024-05-31 14:39:41,152.610890,100.770000,6978.600000,22.252000,402835.163110,0.000030,402835.163110,0.000030,16,3.163330,-0.069180,3.759220,0.993510,0.992900,-0.125100,0.614620,0.638760,438.140000,2008.525050
2024-05-31 14:42:27,152.612810,100.750000,6978.600000,136.245380,-253924.175290,0.000120,-253924.175290,0.000120,10,0.501520,-0.542230,0.501520,0.408210,0.408210,-0.542230,0.277550,0.277550,433.260000,2010.838190
2024-05-31 14:45:27,152.614900,100.740000,6978.600000,22.524670,49918.431260,0.000060,49918.431260,0.000060,9,7.819760,-0.771570,7.819760,0.987780,0.987780,-0.771570,0.990750,0.990750,433.730000,2011.321590
2024-05-31 14:48:26,152.616970,100.740000,6978.600000,-69.239670,-192288.083780,0.005790,-184218.869850,0.005720,49,3.534590,0.095130,3.671890,0.976680,0.978750,0.095130,0.225860,0.225860,437.340000,2014.908210
2024-05-31 15:30:44,152.646340,100.700000,6978.600000,24.351110,-182244.955770,0.002260,-172564.496780,0.000820,13,1.848920,-0.017540,5.308850,0.972240,0.923670,-0.017540,0.003640,0.003640,449.620000,2010.496210
2024-05-31 15:33:42,152.648400,100.730000,6978.600000,-69.506780,-474914.597170,0.020350,-498657.131200,0.019690,14,2.271290,-0.534790,11.785040,0.970960,0.868170,-0.534790,0.915040,0.915040,441.360000,2011.301110
2024-05-31 15:36:41,152.650470,100.720000,6978.600000,22.708440,-4938.728520,0.014370,-4911.687450,0.011580,15,2.903100,0.014970,3.607350,0.993940,0.992170,0.014970,0.018250,0.018250,432.940000,2008.980730
2024-05-31 15:39:40,152.652550,100.720000,6978.600000,22.695780,-125547.569520,0.000400,-125547.569520,0.000400,16,2.970940,-0.243190,4.887770,0.995380,0.989110,-0.243190,0.911380,0.911380,441.290000,2007.432080
2024-05-31 15:42:27,152.654480,100.710000,6978.600000,135.818790,13187774.580960,0.019030,13187774.580960,0.019030,10,-1.094410,1.549970,-1.094410,0.893670,0.893670,1.560210,0.770700,0.772560,441.300000,2005.340740
2024-05-31 15:45:27,152.656560,100.720000,6978.600000,22.696670,799723.628420,0.013240,806412.146480,0.013150,9,12.282910,-1.014900,12.282910,0.987310,0.987310,-1.014900,0.948830,0.948830,432.190000,2008.130600
2024-05-31 15:48:26,152.658630,100.700000,6978.600000,-69.663220,658845.523580,0.008270,658845.523580,0.008270,49,2.848120,-0.682240,2.848120,0.986690,0.986690,-0.678340,0.500650,0.502300,436.840000,2013.162510
2024-05-31 16:30:44,152.688010,100.650000,6978.600000,23.198220,1066979.882880,0.001380,3925420.288980,0.003640,13,3.504930,-0.337220,4.000340,0.993010,0.992590,-1.248110,0.913220,0.850300,440.010000,2019.405000
2024-05-31 16:33:43,152.690080,100.670000,6978.600000,-69.696440,1103789.776380,0.000600,1103789.776380,0.000600,14,2.980610,0.874990,3.667880,0.934460,0.933850,0.964520,0.749560,0.752960,445.200000,2015.485510
2024-05-31 16:36:42,152.692150,100.660000,6978.600000,22.252890,-373340.073390,0.015560,-327610.941480,0.015240,15,3.466740,-0.048590,5.300520,0.979920,0.970020,-7.705930,0.544240,0.086300,446.540000,2022.186120
2024-05-31 16:39:42,152.694240,100.670000,6978.600000,21.961670,1060874.602810,0.001590,1060874.602810,0.001590,16,2.564450,-0.214010,3.443290,0.983950,0.987230,-0.214010,0.502950,0.502950,447.970000,2025.307790
2024-05-31 16:42:28,152.696160,100.670000,6978.600000,135.347580,-9606936.544460,0.089460,-9606936.544460,0.089460,10,0.247520,0.069950,0.247520,0.146700,0.146700,0.069950,0.347040,0.347040,435.280000,2019.464170
2024-05-31 16:45:28,152.698240,100.670000,6978.600000,21.803890,-5987577.232930,0.070010,-5452952.144880,0.008320,9,9.285520,-1.095480,9.285520,0.985550,0.985550,-1.095480,0.957890,0.957890,441.520000,2014.591350
2024-05-31 16:48:26,152.700300,100.670000,6978.600000,-69.453440,255899.887220,0.000100,2978002.404600,0.002360,49,4.667230,-0.521930,4.667230,0.990660,0.990660,-0.521930,0.959200,0.959200,450.740000,2012.637760
2024-05-31 17:30:44,152.729680,100.600000,6978.600000,21.830440,-5456813.292050,0.023700,-1056997.263800,0.008180,13,4.818570,-0.260340,7.027120,0.996720,0.989360,-0.254210,0.353530,0.388910,442.780000,2026.507720
2024-05-31 17:33:43,152.731750,100.630000,6978.600000,-69.697780,-8431.247110,0.000040,-8431.247110,0.000040,14,2.416180,-0.533220,9.067870,0.977210,0.949880,-0.451160,0.363620,0.480290,449.760000,2032.371180
2024-05-31 17:36:44,152.733840,100.630000,6978.600000,22.159440,-1229079.230820,0.011480,-1929202.001310,0.013020,15,5.449480,-0.158210,9.563680,0.991030,0.973980,-1.720830,0.587940,0.274790,458.010000,2019.285360
2024-05-31 17:39:43,152.735910,100.630000,6978.600000,21.981670,66902.400480,0.000470,66902.400480,0.000470,16,3.397120,-0.523390,7.154020,0.984280,0.963560,-0.523390,0.941660,0.941660,470.760000,2022.313180
2024-05-31 17:42:30,152.737850,100.640000,6978.600000,136.194180,-1526411.730300,0.012450,-1526411.730300,0.012450,10,-0.075450,3.492670,8.043010,0.195200,0.052270,3.426970,0.624940,0.629560,457.520000,2015.772340
2024-05-31 17:45:29,152.739920,100.640000,6978.600000,21.798440,-683255.127190,0.037700,-683255.127190,0.037700,9,11.985690,-3.456480,11.985690,0.996960,0.996960,-3.503910,0.980880,0.980970,471.230000,2073.382050
2024-05-31 17:48:29,152.742000,100.650000,6978.600000,-69.788330,14055805.130390,0.091070,14056999.667800,0.089710,49,4.829890,-3.075140,6.154420,0.994370,0.992660,-3.075140,0.979440,0.979440,457.950000,2059.885140
2024-05-31 18:30:44,152.771340,100.590000,6978.600000,21.485440,-784435.995640,0.116850,-777700.246610,0.116740,13,4.057170,-1.591320,9.749190,0.971370,0.954540,-1.591320,0.876450,0.876450,504.780000,2061.924250
2024-05-31 18:33:44,152.773430,100.620000,6978.600000,-69.803110,23665.445740,0.025210,23665.445740,0.025210,14,3.777970,-0.362930,6.165490,0.991020,0.980370,-1.095590,0.941850,0.887920,531.160000,2006.550000
2024-05-31 18:36:44,152.775510,100.620000,6978.600000,21.260780,-5731831.716410,0.025420,-5832829.582940,0.025660,15,4.460770,-0.218850,5.662810,0.985790,0.983480,-0.218850,0.935380,0.935380,500.370000,2005.731310
2024-05-31 18:39:42,152.777570,100.620000,6978.600000,21.228220,-1889136.966320,0.009250,-1888180.628890,0.008880,16,3.430840,-0.167970,8.498650,0.981950,0.965430,-0.780400,0.882140,0.797860,499.910000,2005.249690
2024-05-31 18:42:28,152.779490,100.630000,6978.600000,135.648130,-17629241.260500,0.005840,-17629241.260500,0.005840,10,-0.946040,0.120740,-0.946040,0.373900,0.373900,0.120740,0.600440,0.600440,499.080000,2005.030540
2024-05-31 18:45:27,152.781560,100.630000,6978.600000,20.756330,-53585.715960,0.003110,-53585.715960,0.003110,9,7.983440,-0.726290,7.983440,0.983850,0.983850,-0.726290,0.983320,0.983320,528.400000,2000.706300
2024-05-31 18:48:25,152.783620,100.640000,6978.600000,-69.809440,2312464.425800,0.000350,2312464.425800,0.000350,49,4.940780,-0.176540,4.940780,0.990120,0.990120,-0.176540,0.737610,0.737610,498.920000,2003.859080
2024-05-31 19:30:44,152.813010,100.670000,6978.600000,19.572780,-17104370.478610,0.155170,-15839103.324640,0.153890,13,3.279350,-1.190630,10.108230,0.987520,0.949370,-1.190630,0.915020,0.915020,499.990000,2105.050650
2024-05-31 19:33:43,152.815080,100.700000,6978.600000,-69.960890,46278561.719210,0.000170,150079087.390850,0.000410,14,1.514490,-3.604780,4.931110,0.941630,0.922870,-3.604780,0.984450,0.984450,491.890000,2070.670990
2024-05-31 19:36:41,152.817140,100.700000,6978.600000,19.218000,-3112454.706890,0.026000,-3581404.075680,0.026730,15,4.957250,0.152440,6.171780,0.995250,0.993780,6.940840,0.491870,0.129830,481.440000,2058.341900
2024-05-31 19:39:39,152.819200,100.700000,6978.600000,19.059780,46217.980640,0.021320,46217.980640,0.021320,16,2.848840,-1.940500,4.426950,0.995670,0.992000,-1.940500,0.966990,0.966990,484.070000,2100.390450
2024-05-31 19:42:27,152.821150,100.710000,6978.600000,135.864730,11323110.347670,0.031960,11323110.347670,0.031960,10,0.918970,0.768610,0.919490,0.693400,0.694040,0.768610,0.429130,0.429130,459.390000,2047.611150
2024-05-31 19:45:26,152.823220,100.710000,6978.600000,18.884890,-42119.855190,0.034440,-42119.855190,0.034440,9,12.203570,0.291700,12.203570,0.998070,0.998070,0.227180,0.178710,0.303510,473.920000,2041.658970
2024-05-31 19:48:26,152.825300,100.710000,6978.600000,-69.913000,-417421.804660,0.001830,-666061.267780,0.000480,49,5.217960,1.389560,5.222030,0.995660,0.995660,1.586400,0.960920,0.957890,486.740000,2035.000800
2024-05-31 20:30:44,152.854680,100.740000,6978.600000,17.482000,4929113.418340,0.027580,27228.067600,0.000180,13,3.566270,-0.369200,7.358670,0.996560,0.983090,-0.369200,0.909740,0.909740,474.000000,2057.863070
2024-05-31 20:33:42,152.856740,100.770000,6978.600000,-70.747220,-2075.242740,0.001410,-2075.242740,0.001410,14,4.538860,0.323870,6.506670,0.994420,0.990340,0.613410,0.513360,0.531230,473.300000,2060.422740
2024-05-31 20:36:41,152.858810,100.750000,6978.600000,17.161000,-11608.728220,0.012840,-11608.728220,0.012840,15,3.145770,0.553380,3.145770,0.996070,0.996070,0.996770,0.981120,0.934260,466.710000,2047.134730
2024-05-31 20:39:40,152.860880,100.770000,6978.600000,16.966670,408.183880,0.004210,408.183880,0.004210,16,2.889790,0.329820,3.625810,0.996650,0.994810,0.323930,0.894560,0.908340,471.350000,2044.865580
2024-05-31 20:42:26,152.862800,100.770000,6978.600000,134.227580,-997283.381900,0.004800,-79894573.496810,0.007090,10,0.740710,1.392490,1.560220,0.907430,0.878600,1.680430,0.981850,0.986160,464.040000,2057.101650
2024-05-31 20:45:25,152.864870,100.770000,6978.600000,17.032890,621095.503070,0.009410,794579.083070,0.007690,9,12.061690,-1.492380,12.061690,0.999070,0.999070,-1.492380,0.993080,0.993080,481.140000,2058.417620
2024-05-31 20:48:24,152.866940,100.770000,6978.600000,-70.529890,-102867058.826000,0.012470,-102867058.826000,0.012470,49,5.411400,1.374800,5.411400,0.990490,0.990490,7.290720,0.949630,0.766280,487.780000,2048.297230
2024-05-31 21:30:44,152.896340,100.750000,6978.600000,16.000330,6497679.816910,0.045700,6956334.223840,0.043990,13,2.791440,-1.514690,3.115160,0.992310,0.992180,-3.671140,0.990260,0.979080,495.100000,2067.420470
2024-05-31 21:33:43,152.898410,100.790000,6978.600000,-70.625330,-189470.523860,0.001470,-189470.523860,0.001470,14,4.404480,0.101480,4.972370,0.996400,0.996020,2.055530,0.656360,0.191710,493.020000,2056.241920
2024-05-31 21:36:43,152.900500,100.790000,6978.600000,15.685670,1806862.122200,0.062140,1806862.122200,0.062140,15,3.526360,0.573750,5.245070,0.993630,0.988500,0.573750,0.783850,0.783850,482.040000,2077.594680
2024-05-31 21:39:41,152.902560,100.800000,6978.600000,15.565110,-329136.615940,0.000200,-329136.615940,0.000200,16,2.405670,0.292120,4.943660,0.995050,0.982220,3.394130,0.796810,0.511160,493.290000,2063.816270
2024-05-31 21:42:28,152.904490,100.800000,6978.600000,132.360770,482.586650,0.116990,482.586650,0.116990,10,0.103670,1.747920,0.103670,0.185940,0.185940,2.341920,0.766530,0.753570,487.100000,2112.581990
2024-05-31 21:45:29,152.906590,100.800000,6978.600000,15.633110,210918.108300,0.005890,210918.108300,0.005890,9,11.025800,-10.136780,11.848490,0.999010,0.998820,-22.793620,0.955500,0.939930,494.300000,2219.212790
2024-05-31 21:48:29,152.908670,100.790000,6978.600000,-70.734330,11797.836420,0.000190,11797.836420,0.000190,49,4.415600,-0.504870,4.552260,0.994370,0.994340,-0.504870,0.976440,0.976440,487.940000,2049.280960
2024-05-31 22:30:44,152.938010,100.810000,6978.600000,14.776560,2795276.395830,0.001870,2795276.395830,0.001870,13,2.942070,0.004270,4.974490,0.996090,0.989820,0.495590,0.393410,0.000710,505.630000,2064.156900
2024-05-31 22:33:43,152.940080,100.840000,6978.600000,-70.846780,36586.159510,0.002240,36586.159510,0.002240,14,4.045080,-0.353840,5.048670,0.996600,0.995320,-0.353840,0.319450,0.319450,510.700000,2067.053180
2024-05-31 22:36:42,152.942150,100.840000,6978.600000,14.541110,-46697.332540,0.001750,-46697.332540,0.001750,15,3.023280,-1.116200,4.387180,0.993430,0.988710,-1.128630,0.992050,0.992310,505.340000,2061.699160
2024-05-31 22:39:40,152.944210,100.830000,6978.600000,14.483000,-308560.961720,0.052770,-421847.208080,0.053700,16,2.442200,0.498010,2.853330,0.994250,0.993730,0.498010,0.780380,0.780380,508.780000,2055.531510
2024-05-31 22:42:28,152.946160,100.840000,6978.600000,132.223630,-446.797110,0.023350,-355.018460,0.010160,10,-0.362010,-0.022690,-0.362010,0.661040,0.661040,9.090900,0.147150,0.004200,501.420000,2072.526870
2024-05-31 22:45:28,152.948240,100.830000,6978.600000,14.485780,-1336.767480,0.009700,-1336.767480,0.009700,9,11.155690,-0.909490,11.155690,0.998850,0.998850,-1.541850,0.986690,0.975540,502.500000,2054.327070
2024-05-31 22:48:28,152.950320,100.850000,6978.600000,-70.485440,-159.873700,0.013360,-159.873700,0.013360,49,4.840050,-0.788120,4.840050,0.990010,0.990010,-0.788120,0.985840,0.985840,511.740000,2069.905320
2024-05-31 23:30:44,152.979680,100.790000,6978.600000,13.954110,-4365948.095180,0.000780,-4365948.095180,0.000780,13,2.642810,-0.724220,3.638810,0.988360,0.987010,-0.724220,0.988050,0.988050,511.840000,2063.217780
2024-05-31 23:33:42,152.981740,100.820000,6978.600000,-71.095110,-1205.401780,0.010480,-1205.401780,0.010480,14,4.366100,0.754930,4.667060,0.997750,0.997640,0.752050,0.897900,0.901490,510.770000,2056.502760
2024-05-31 23:36:41,152.983810,100.820000,6978.600000,13.713440,1314.993120,0.120150,1360.976950,0.121590,15,2.864260,-1.833240,3.216260,0.990540,0.990140,-6.099420,0.980700,0.973540,510.270000,2110.820110
2024-05-31 23:39:40,152.985880,100.830000,6978.600000,13.607110,-4186.983590,0.021570,-4258.236900,0.021460,16,2.478100,-0.723270,3.797190,0.996410,0.991800,-0.723270,0.913120,0.913120,514.340000,2086.645770
2024-05-31 23:42:26,152.987800,100.830000,6978.600000,130.936590,-301.801110,0.008130,23958.918440,0.060840,10,-0.183290,-0.164470,-0.183290,0.188690,0.188690,-0.164470,0.106410,0.106410,508.040000,2086.975260
2024-05-31 23:45:29,152.989920,100.820000,6978.600000,13.670670,12399.649150,0.059320,1972.928930,0.016020,9,10.990860,-0.942460,10.990860,0.999480,0.999480,-0.942460,0.953970,0.953970,515.040000,2086.013010
2024-05-31 23:48:28,152.991990,100.830000,6978.600000,-70.828110,-41708.645930,0.034420,-41708.645930,0.034420,49,4.364340,-1.303030,4.364340,0.993370,0.993370,-1.303030,0.990760,0.990760,517.650000,2085.986530
2024-06-01 00:10:21,153.007190,100.780000,6978.600000,13.414330,-666584.230520,0.002930,-666584.230520,0.002930,13,2.536610,-0.331150,4.754210,0.993840,0.985590,-0.331150,0.972550,0.972550,512.820000,2071.283950
2024-06-01 00:13:19,153.009250,100.820000,6978.600000,-70.922440,616.767080,0.024750,616.767080,0.024750,14,3.730120,-0.236970,4.214320,0.995620,0.995130,-0.236970,0.839750,0.839750,519.990000,2071.503860
2024-06-01 00:16:18,153.011320,100.820000,6978.600000,13.133670,66248167.801860,0.003730,5300935.085370,0.000420,15,2.749660,-0.409040,3.626760,0.990420,0.987280,-1.027500,0.953670,0.926530,508.760000,2072.956270
2024-06-01 00:19:16,153.013380,100.820000,6978.600000,13.130440,-24086904.773610,0.082560,-4239937.160830,0.025850,16,2.265980,0.194160,3.913600,0.994240,0.986480,0.429640,0.839890,0.788390,515.660000,2071.626810
2024-06-01 00:22:03,153.015310,100.820000,6978.600000,130.840550,-1339.460870,0.001420,-1339.460870,0.001420,10,0.145950,0.184900,1.956220,0.364470,0.149270,0.184900,0.525250,0.525250,506.970000,2074.446950
2024-06-01 00:25:02,153.017390,100.820000,6978.600000,13.096220,-745.982810,0.061660,-1902.706450,0.065390,9,9.891930,-0.932350,9.891930,0.997480,0.997480,-0.932350,0.991750,0.991750,510.680000,2073.114320
2024-06-01 00:28:01,153.019460,100.820000,6978.600000,-70.718560,1062554.214490,0.000160,1062554.214490,0.000160,49,4.083540,-0.622660,4.083540,0.993100,0.993100,-0.622660,0.988220,0.988220,520.670000,2072.435940
2024-06-01 00:31:02,153.021550,100.810000,6978.600000,13.136220,-2787960.108420,0.017500,-3543650.816000,0.015740,13,2.813510,-0.416320,5.527280,0.991640,0.980300,-0.416320,0.983250,0.983250,510.780000,2070.643060
2024-06-01 00:34:01,153.023620,100.820000,6978.600000,-70.581780,147.517680,0.002120,147.517680,0.002120,14,3.895090,-0.313740,5.432980,0.990990,0.984170,-0.313740,0.907350,0.907350,518.860000,2069.720770
2024-06-01 00:37:00,153.025700,100.820000,6978.600000,12.980220,-7009.491370,0.000030,-68323.502250,0.000150,15,2.861520,-0.603640,2.861520,0.989120,0.989120,-1.022990,0.986620,0.971050,506.360000,2068.426770
2024-06-01 00:39:58,153.027750,100.830000,6978.600000,12.923780,-813.215200,0.000420,-313.940940,0.000020,16,2.283250,-0.271090,2.655980,0.991130,0.990210,-0.271090,0.960000,0.960000,509.350000,2064.778050
2024-06-01 00:42:44,153.029680,100.830000,6978.600000,130.354400,-46713.357960,0.022890,-46662.043410,0.022690,10,0.170820,0.085480,0.255360,0.347760,0.338750,0.085480,0.389260,0.389260,502.210000,2064.706000
2024-06-01 00:45:44,153.031760,100.810000,6978.600000,13.028440,37350.155430,0.000690,37350.155430,0.000690,9,10.778850,-1.072040,11.243580,0.997960,0.997890,-1.072040,0.996390,0.996390,509.740000,2063.028030
2024-06-01 00:48:45,153.033850,100.830000,6978.600000,-70.684440,41728.359250,0.057570,5706.029820,0.014450,49,3.942150,-0.645630,3.942150,0.991150,0.991150,-0.645630,0.983490,0.983490,509.260000,2065.963050
2024-06-01 01:31:01,153.063210,100.800000,6978.600000,12.942330,1155994.240340,0.015870,1065077.946260,0.014550,13,2.799340,-0.567600,5.076490,0.994940,0.988050,-0.625340,0.478570,0.504990,517.800000,2097.682400
2024-06-01 01:34:00,153.065280,100.830000,6978.600000,-71.078220,-24036684.793710,0.009970,-37757926.032320,0.011350,14,3.537840,0.152230,4.140280,0.993390,0.992680,0.152230,0.075510,0.075510,521.350000,2080.975190
2024-06-01 01:36:59,153.067350,100.830000,6978.600000,12.743890,-424.678990,0.017640,-220.486690,0.013490,15,2.547720,-0.702330,2.547720,0.987580,0.987580,-2.812290,0.882650,0.852020,513.700000,2108.342710
2024-06-01 01:39:58,153.069420,100.840000,6978.600000,12.689330,18033336.938630,0.010460,8739787.932850,0.007330,16,2.375120,0.804010,3.520340,0.994070,0.989460,2.777170,0.937580,0.874020,515.780000,2083.463380
2024-06-01 01:42:45,153.071360,100.840000,6978.600000,130.414070,-4548753.369780,0.020790,-4548753.369780,0.020790,10,0.334820,1.190220,0.334820,0.344870,0.344870,1.215910,0.634630,0.628620,512.960000,2097.917420
2024-06-01 01:45:46,153.073450,100.830000,6978.600000,12.739890,-227247.040310,0.023250,-32112.147520,0.005250,9,9.204660,-0.363970,9.204660,0.998440,0.998440,-0.363970,0.660860,0.660860,517.330000,2097.848480
2024-06-01 01:48:46,153.075540,100.830000,6978.600000,-70.726110,-29931.233190,0.104530,-10304.151940,0.027410,49,4.864830,0.260900,4.864830,0.994240,0.994240,0.260900,0.425310,0.425310,519.520000,2096.795500
2024-06-01 02:31:01,153.104870,100.770000,6978.600000,12.983780,130500227.713230,0.005520,130500227.713230,0.005520,13,2.754570,-0.563750,6.008560,0.994870,0.981970,-0.926490,0.990680,0.981430,525.060000,2127.520050
2024-06-01 02:34:00,153.106950,100.800000,6978.600000,-70.936110,-507401.963380,0.002160,-507401.963380,0.002160,14,3.744040,-0.015360,4.039160,0.992380,0.992260,-0.015360,0.012880,0.012880,531.680000,2126.335820
2024-06-01 02:36:59,153.109020,100.790000,6978.600000,12.741330,-12801864.444650,0.001480,-265274971.169580,0.005140,15,2.768250,0.179700,3.438760,0.992610,0.991260,2.188130,0.584060,0.378300,526.470000,2130.591810
2024-06-01 02:39:57,153.111090,100.800000,6978.600000,12.713330,-8011.224950,0.003760,-4755.374180,0.003130,16,2.072050,-0.236720,2.389610,0.987240,0.986880,-0.236720,0.392700,0.392700,534.000000,2139.790610
2024-06-01 02:42:43,153.113010,100.800000,6978.600000,129.542420,38558.336680,0.000030,38558.336680,0.000030,10,-0.108120,-0.501890,-0.043060,0.061360,0.161860,-0.501890,0.283310,0.283310,523.850000,2146.927600
2024-06-01 02:45:43,153.115090,100.790000,6978.600000,12.748890,717836.449150,0.034410,268923.915190,0.014560,9,9.739340,-1.097630,9.892760,0.998880,0.998870,-1.097630,0.965870,0.965870,523.800000,2131.913440
2024-06-01 02:48:43,153.117180,100.790000,6978.600000,-70.639670,-17209.648530,0.027500,-19056.045030,0.028000,49,4.822780,-1.231110,5.501030,0.995840,0.995220,-1.159710,0.734310,0.749380,531.070000,2149.268910
2024-06-01 03:31:01,153.146550,100.740000,6978.600000,12.680220,-3592.993120,0.000580,-3592.993120,0.000580,13,1.854570,-1.390950,5.146450,0.977150,0.936580,-2.804260,0.981630,0.955310,534.130000,2187.210670
2024-06-01 03:34:01,153.148630,100.760000,6978.600000,-71.179330,66568.965900,0.004960,66568.965900,0.004960,14,3.322840,1.379300,4.443820,0.989330,0.986180,5.223300,0.897780,0.714010,531.990000,2176.276540
2024-06-01 03:37:00,153.150710,100.760000,6978.600000,12.368440,-353037.547350,0.005700,-353037.547350,0.005700,15,2.528360,-0.136240,2.611830,0.992730,0.992720,-0.136240,0.591970,0.591970,525.710000,2194.459330
2024-06-01 03:39:58,153.152770,100.770000,6978.600000,12.293220,413918.364690,0.018030,413918.364690,0.018030,16,2.231690,-0.336880,3.529920,0.992140,0.981880,-0.341530,0.980050,0.980120,531.880000,2200.856400
2024-06-01 03:42:45,153.154700,100.770000,6978.600000,128.688570,132939.052990,0.002170,132939.052990,0.002170,10,-0.137540,2.653290,-0.137540,0.348190,0.348190,8.435950,0.919250,0.837460,522.220000,2198.760070
2024-06-01 03:45:46,153.156790,100.760000,6978.600000,12.373780,-1713485.850710,0.000310,13630415.764630,0.000410,9,9.260350,-0.808670,9.260350,0.995560,0.995560,-2.970740,0.952080,0.835990,524.790000,2212.332210
2024-06-01 03:48:45,153.158870,100.780000,6978.600000,-70.778220,89413.518950,0.043070,89413.518950,0.043070,49,4.358690,-0.782240,4.358690,0.994880,0.994880,-0.782240,0.982650,0.982650,527.390000,2221.479500
2024-06-01 04:31:01,153.188220,100.760000,6978.600000,12.415110,883675.533560,0.027790,883675.533560,0.027790,13,2.584530,-0.138990,4.606880,0.991030,0.983240,-8.212120,0.737660,0.314910,534.780000,2250.291840
2024-06-01 04:33:59,153.190280,100.790000,6978.600000,-70.756330,796651.405240,0.009480,796651.405240,0.009480,14,3.197540,-0.472020,4.025650,0.995040,0.993120,-2.793750,0.707820,0.497280,534.560000,2245.638680
2024-06-01 04:36:59,153.192360,100.790000,6978.600000,12.122110,72812.764660,0.000350,72812.764660,0.000350,15,2.327160,-0.388650,3.328260,0.991520,0.986890,-0.388650,0.739500,0.739500,531.420000,2241.409810
2024-06-01 04:39:57,153.194420,100.800000,6978.600000,12.113000,-23116.766590,0.009430,-23215.849160,0.009390,16,2.000960,-0.056380,3.470910,0.990400,0.977060,-0.056380,0.126570,0.126570,536.720000,2238.405980
2024-06-01 04:42:44,153.196350,100.800000,6978.600000,129.404950,1839998.272550,0.034500,1839998.272550,0.034500,10,-0.148590,1.404490,-0.148590,0.267070,0.267070,2.163100,0.939350,0.919370,527.300000,2251.584750
2024-06-01 04:45:44,153.198440,100.800000,6978.600000,12.087330,-546467.245100,0.004470,-546467.245100,0.004470,9,8.249540,-1.243420,8.249540,0.994910,0.994910,-1.243420,0.974740,0.974740,527.070000,2261.195420
2024-06-01 04:48:44,153.200520,100.820000,6978.600000,-70.828560,23977.472900,0.041960,22493.113560,0.038250,49,5.112260,-0.997490,5.425270,0.995030,0.994940,-0.997490,0.848480,0.848480,527.910000,2265.485850
2024-06-01 05:31:01,153.229880,100.800000,6978.600000,12.131440,2529145.329790,0.005770,2529145.329790,0.005770,13,2.766510,1.383230,2.996250,0.994000,0.993910,1.383230,0.833720,0.833720,531.230000,2279.278530
2024-06-01 05:34:00,153.231960,100.840000,6978.600000,-70.945440,349.582350,0.019060,349.582350,0.019060,14,3.423790,0.665940,4.706300,0.994110,0.990280,2.471190,0.769620,0.655620,534.220000,2292.339310
2024-06-01 05:37:00,153.234040,100.840000,6978.600000,11.877220,-134851.919370,0.002820,-134851.919370,0.002820,15,2.460030,0.346840,2.460030,0.991100,0.991100,0.346840,0.492210,0.492210,530.990000,2297.458090
2024-06-01 05:39:59,153.236110,100.860000,6978.600000,11.846440,12375579.278780,0.017810,950130.233710,0.001990,16,2.084090,0.552210,2.481490,0.987460,0.986800,1.326790,0.759430,0.732710,530.630000,2290.076870
2024-06-01 05:42:46,153.238040,100.860000,6978.600000,128.664840,-1047718.623570,0.001870,-4875702.031250,0.003300,10,-0.092650,-0.367590,-0.177910,0.033040,0.078380,-0.367590,0.567930,0.567930,525.610000,2300.373150
2024-06-01 05:45:47,153.240140,100.860000,6978.600000,11.871330,-5588537.811150,0.013750,-2900978.840870,0.010530,9,7.735090,-1.488940,7.735090,0.997220,0.997220,-1.500090,0.962290,0.962760,524.050000,2285.662050
2024-06-01 05:48:47,153.242220,100.870000,6978.600000,-70.768560,1854047.932710,0.040960,1854047.932710,0.040960,49,4.446190,-0.041260,4.922420,0.993000,0.992640,-0.041260,0.092300,0.092300,523.710000,2273.047640
2024-06-01 06:31:01,153.271550,100.870000,6978.600000,12.482780,26346492.566670,0.028790,26346492.566670,0.028790,13,2.882090,-0.081070,6.751110,0.992770,0.975720,-1.726150,0.587650,0.532800,542.270000,2313.358780
2024-06-01 06:34:00,153.273620,100.900000,6978.600000,-71.172000,21280.617890,0.138790,18342.384960,0.134420,14,3.051770,0.030620,5.739330,0.989670,0.971290,2.764780,0.215390,0.015090,532.390000,2323.948340
2024-06-01 06:37:00,153.275710,100.900000,6978.600000,12.445110,-3830758.080590,0.003930,-57589.005020,0.000110,15,2.639890,-0.551210,3.695950,0.982550,0.977570,-0.551210,0.862760,0.862760,527.220000,2320.413510
2024-06-01 06:39:59,153.277780,100.910000,6978.600000,12.544560,-111170.029270,0.000700,-111170.029270,0.000700,16,2.714980,0.891030,3.049930,0.992190,0.991850,0.891030,0.956040,0.956040,529.250000,2322.723790
2024-06-01 06:42:47,153.279720,100.920000,6978.600000,129.343190,50552.940540,0.015770,5426.483220,0.003150,10,0.413040,0.075880,0.419940,0.346650,0.348490,1.660930,0.166170,0.006540,523.240000,2326.370520
2024-06-01 06:45:48,153.281820,100.920000,6978.600000,12.833670,-448703.206740,0.016940,-89587.939200,0.006050,9,9.155390,-1.043750,9.155390,0.994410,0.994410,-2.393280,0.969270,0.965650,528.950000,2314.724090
2024-06-01 06:48:48,153.283900,100.930000,6978.600000,-70.738780,22585080.202540,0.065290,22585080.202540,0.065290,49,4.920360,-1.098420,4.920360,0.995940,0.995940,-1.098420,0.985460,0.985460,523.790000,2330.542510
2024-06-01 07:31:01,153.313220,100.900000,6978.600000,14.249560,-405076.309370,0.021540,-404705.501860,0.114890,13,1.939980,-0.333220,4.744870,0.985740,0.964960,-0.335400,0.682860,0.685200,494.690000,2331.057040
2024-06-01 07:34:02,153.315300,100.920000,6978.600000,-70.877110,7794953.352170,0.035750,7794953.352170,0.035750,14,3.201870,-0.275920,3.216980,0.994970,0.994970,-0.275920,0.804240,0.804240,490.910000,2323.187570
2024-06-01 07:36:59,153.317360,100.920000,6978.600000,14.177330,-2839117.804470,0.002340,-2839117.804470,0.002340,15,2.934490,-0.136930,2.934490,0.992650,0.992650,-2.428350,0.565910,0.405410,486.320000,2321.091300
2024-06-01 07:39:57,153.319420,100.940000,6978.600000,14.403220,-447389.021770,0.010820,-447389.021770,0.010820,16,2.252140,-0.047330,3.066640,0.992440,0.986690,-0.041010,0.039950,0.088340,491.070000,2314.983810
2024-06-01 07:42:44,153.321340,100.940000,6978.600000,129.630440,-6453.199260,0.014680,-6453.199260,0.014680,10,-0.530520,-0.089160,-0.530520,0.757940,0.757940,-0.089160,0.150280,0.150280,480.460000,2305.608440
2024-06-01 07:45:44,153.323440,100.940000,6978.600000,14.906220,-7431.632480,0.002280,-7431.632480,0.002280,9,9.891250,-0.777470,9.891250,0.998390,0.998390,-0.777470,0.962680,0.962680,486.100000,2299.507210
2024-06-01 07:48:44,153.325510,100.940000,6978.600000,-70.677440,14773877.318410,0.007820,11062094.158170,0.007110,49,3.915660,-0.612610,4.351570,0.980700,0.983770,-0.612610,0.934260,0.934260,499.600000,2303.328710
2024-06-01 08:31:01,153.354880,100.910000,6978.600000,17.073000,2637641.447790,0.012730,2637641.447790,0.012730,13,1.985550,-0.494060,3.420490,0.962140,0.967250,-0.494060,0.900330,0.900330,491.490000,2267.520190
2024-06-01 08:33:59,153.356940,100.940000,6978.600000,-70.605000,-25308.425210,0.013790,-41277.181780,0.000130,14,3.152930,-0.715120,7.390420,0.986450,0.971260,-1.927660,0.762350,0.737830,499.530000,2246.769780
2024-06-01 08:36:58,153.359020,100.950000,6978.600000,17.194670,-20959.508170,0.017010,-8394.753050,0.009520,15,4.260090,-0.766690,4.260090,0.972760,0.972760,-0.766690,0.727920,0.727920,497.460000,2245.388650
2024-06-01 08:39:57,153.361090,100.950000,6978.600000,17.363560,-4252.631020,0.000060,-4252.631020,0.000060,16,2.094570,-0.739960,3.795590,0.985520,0.975710,-0.739960,0.971900,0.971900,510.640000,2229.608090
2024-06-01 08:42:44,153.363020,100.960000,6978.600000,130.685270,838832.404190,0.024220,838832.404190,0.024220,10,-1.691680,-1.916250,-3.468420,0.954230,0.941980,-1.916250,0.967380,0.967380,497.220000,2216.678020
2024-06-01 08:45:46,153.365130,100.950000,6978.600000,17.806110,131646.136320,0.000010,131646.136320,0.000010,9,9.820240,-1.412270,9.820240,0.995820,0.995820,-1.412270,0.986290,0.986290,485.190000,2188.333780
2024-06-01 08:48:45,153.367200,100.950000,6978.600000,-70.550890,19306.155790,0.025400,19306.155790,0.025400,49,5.000660,-0.040780,5.000660,0.988250,0.988250,-0.229360,0.098710,0.124740,490.030000,2182.600180
2024-06-01 09:31:02,153.396550,100.890000,6978.600000,19.774780,-3944487.451740,0.013220,-6342479.198080,0.002450,13,3.714210,0.099470,12.916080,0.986190,0.933870,0.099470,0.148200,0.148200,482.180000,2150.953030
2024-06-01 09:33:59,153.398610,100.920000,6978.600000,-70.529330,-683.233910,0.000510,-683.233910,0.000510,14,3.996810,-0.237350,8.675850,0.995280,0.980150,-0.237350,0.912330,0.912330,490.970000,2153.496660
2024-06-01 09:36:58,153.400680,100.910000,6978.600000,20.429890,14892962.379310,0.014280,14892962.379310,0.014280,15,4.612080,-0.481400,6.844400,0.994030,0.988130,-0.481400,0.983890,0.983890,484.220000,2157.311920
2024-06-01 09:39:56,153.402740,100.910000,6978.600000,20.551220,35833.232780,0.056840,6391.497100,0.017830,16,3.339680,-0.256580,5.399140,0.993790,0.988020,-0.256580,0.959850,0.959850,468.030000,2155.407360
2024-06-01 09:42:43,153.404680,100.910000,6978.600000,132.295930,-1422497.279910,0.000880,-1422497.279910,0.000880,10,4.035750,3.367160,5.393900,0.945650,0.921530,3.831500,0.929300,0.874960,457.400000,2140.877040
2024-06-01 09:45:42,153.406750,100.910000,6978.600000,20.429000,-9560.833110,0.026650,-8881.605500,0.026250,9,13.059230,-1.387550,13.059230,0.998580,0.998580,-1.387550,0.998150,0.998150,489.480000,2147.284560
2024-06-01 09:48:41,153.408820,100.920000,6978.600000,-70.361110,-38937.861070,0.000010,-38937.861070,0.000010,49,5.372560,-2.538430,5.372560,0.992980,0.992980,-2.538430,0.977250,0.977250,479.710000,2147.364470
2024-06-01 10:31:01,153.438220,100.850000,6978.600000,22.524000,-6286642.925980,0.044310,-6104890.237200,0.043940,13,4.681440,-0.503910,6.789720,0.996410,0.992860,-1.339170,0.980080,0.958360,453.410000,2092.695380
2024-06-01 10:34:00,153.440280,100.880000,6978.600000,-69.656890,14249633.723830,0.001370,15554084.843450,0.001160,14,2.339370,-0.106320,10.212090,0.973100,0.896290,-0.818170,0.739610,0.516910,457.600000,2092.902250
2024-06-01 10:36:58,153.442340,100.870000,6978.600000,22.487890,-136594.553190,0.026750,-134789.636320,0.025980,15,3.963850,-0.066200,3.963850,0.993470,0.993470,-1.936070,0.424100,0.091710,447.870000,2099.221660
2024-06-01 10:39:55,153.444400,100.880000,6978.600000,22.588780,-7140487.004130,0.049660,-7140487.004130,0.049660,16,3.296010,-0.061600,4.347710,0.992810,0.990420,-1.347400,0.595890,0.465470,457.780000,2100.554210
2024-06-01 10:42:42,153.446320,100.880000,6978.600000,134.216700,-30857.938070,0.004550,-30857.938070,0.004550,10,-1.414730,-0.278950,-1.414730,0.784980,0.784980,-0.278950,0.085760,0.085760,448.910000,2099.963710
2024-06-01 10:45:41,153.448390,100.860000,6978.600000,23.195330,-3624232.220610,0.158580,-3624232.220610,0.158580,9,9.755280,-1.053560,9.755280,0.994760,0.994760,-1.053560,0.981810,0.981810,450.310000,2099.205320
2024-06-01 10:48:40,153.450460,100.860000,6978.600000,-69.363110,-1965694.593090,0.140870,-1910314.434020,0.139680,49,4.044780,-0.618210,4.044780,0.977810,0.977810,-0.618210,0.985850,0.985850,445.450000,2092.746290
2024-06-01 11:31:02,153.479880,100.810000,6978.600000,24.615440,298970568.355190,0.005780,298970568.355190,0.005780,13,4.217400,-0.489860,6.188790,0.993570,0.986590,-1.571940,0.981080,0.936980,447.650000,2086.866900
2024-06-01 11:34:01,153.481960,100.840000,6978.600000,-69.425220,-6151716.281260,0.004120,-4184723.877310,0.003470,14,3.904040,-0.010750,8.124920,0.992020,0.978340,-3.758950,0.282200,0.001910,445.280000,2087.611340
2024-06-01 11:37:00,153.484030,100.820000,6978.600000,25.401110,5437082.562700,0.117530,5437082.562700,0.117530,15,3.554930,-0.328070,4.511170,0.993080,0.991270,-0.328070,0.889490,0.889490,446.270000,2086.526880
2024-06-01 11:40:00,153.486110,100.840000,6978.600000,24.420670,2140269.428820,0.051230,2140269.428820,0.051230,16,2.912570,-0.163060,4.046510,0.994780,0.992030,-0.163060,0.921320,0.921320,442.720000,2084.023420
2024-06-01 11:42:47,153.488040,100.840000,6978.600000,135.696920,1596557.521050,0.019170,230312.911070,0.005060,10,0.877830,-1.204080,2.144600,0.833980,0.727180,-1.204080,0.884140,0.884140,433.710000,2085.469990
2024-06-01 11:45:47,153.490130,100.820000,6978.600000,25.871330,-97189.413120,0.000880,-97189.413120,0.000880,9,9.388110,-1.091230,9.388110,0.980600,0.980600,-1.091230,0.986980,0.986980,444.670000,2083.690440
2024-06-01 11:48:48,153.492220,100.820000,6978.600000,-69.192670,597237.391220,0.000540,597237.391220,0.000540,49,4.094880,-0.482120,4.094880,0.986700,0.986700,-0.482120,0.976680,0.976680,444.680000,2082.836860
2024-06-01 12:31:02,153.521550,100.750000,6978.600000,25.514560,-1270359.318640,0.000790,-1270359.318640,0.000790,13,2.880070,-0.247550,5.604160,0.987660,0.977690,-0.247550,0.849930,0.849930,439.180000,2098.856690
2024-06-01 12:34:00,153.523610,100.780000,6978.600000,-69.246440,939425.827040,0.002860,939425.827040,0.002860,14,2.380680,-0.206760,7.073950,0.971920,0.934710,-0.206760,0.879320,0.879320,443.130000,2095.446420
2024-06-01 12:36:58,153.525670,100.770000,6978.600000,27.255110,-11888220.573450,0.031640,-11350734.753100,0.032050,15,3.404550,-0.138110,4.066940,0.988160,0.987030,-0.137810,0.197860,0.198620,437.900000,2093.923780
2024-06-01 12:39:56,153.527730,100.780000,6978.600000,25.100110,1428963.744000,0.039940,428192.335210,0.000380,16,2.765470,-0.328140,5.857380,0.987200,0.966180,-0.328140,0.929930,0.929930,440.810000,2091.830690
2024-06-01 12:42:43,153.529660,100.780000,6978.600000,136.484070,-447082.096820,0.056120,-62984489.414020,0.103870,10,0.038520,0.722890,0.038520,0.008460,0.008460,0.741120,0.672400,0.668350,428.930000,2098.725040
2024-06-01 12:45:43,153.531750,100.780000,6978.600000,25.542890,-865.069180,0.014130,-865.069180,0.014130,9,10.197220,-1.418110,10.197220,0.994420,0.994420,-1.418110,0.990410,0.990410,451.830000,2091.786710
2024-06-01 12:48:44,153.533840,100.780000,6978.600000,-68.984670,-15710.740090,0.019050,-15710.740090,0.019050,49,4.621290,-0.681570,4.621290,0.995190,0.995190,-0.681570,0.981960,0.981960,439.310000,2091.203170
2024-06-01 13:31:02,153.563220,100.710000,6978.600000,25.691560,342514.053160,0.155930,342514.053160,0.155930,13,2.526770,-0.093620,8.806750,0.965810,0.913780,-0.783770,0.381030,0.360600,436.570000,2084.818550
2024-06-01 13:34:01,153.565290,100.730000,6978.600000,-69.203110,-762468.640080,0.062650,-609586.296810,0.013310,14,2.685390,0.504530,2.685390,0.968940,0.968940,1.358890,0.932860,0.798170,442.210000,2085.474640
2024-06-01 13:36:59,153.567350,100.710000,6978.600000,25.066220,187378.468200,0.004230,187378.468200,0.004230,15,3.085860,-0.047550,4.606570,0.995770,0.990730,-0.047550,0.174620,0.174620,438.720000,2087.273340
2024-06-01 13:39:57,153.569410,100.720000,6978.600000,25.150670,182081.513590,0.059190,180780.395500,0.048180,16,3.117730,-0.113110,3.117730,0.989110,0.989110,-0.113110,0.618930,0.618930,448.200000,2091.436780
2024-06-01 13:42:44,153.571340,100.710000,6978.600000,137.473850,147061.822580,0.017520,147061.822580,0.017520,10,-0.567540,-0.151970,-0.579320,0.586400,0.584470,-0.150260,0.276680,0.294730,433.410000,2094.553230
2024-06-01 13:45:44,153.573430,100.710000,6978.600000,25.246670,-438380.656210,0.003390,-438380.656210,0.003390,9,11.191100,-0.502840,11.191100,0.985320,0.985320,-0.502840,0.690160,0.690160,460.070000,2091.882910
2024-06-01 13:48:42,153.575490,100.710000,6978.600000,-69.136560,11128.751880,0.003860,11128.751880,0.003860,49,4.600050,-0.697110,4.600050,0.993040,0.993040,-0.697110,0.971440,0.971440,438.220000,2108.764500
2024-06-01 14:31:02,153.604880,100.630000,6978.600000,25.622560,-646376.739350,0.011170,-1210481.543720,0.010890,13,3.151980,-0.383630,9.022010,0.986790,0.958490,-1.239520,0.939940,0.906810,439.840000,2081.300000
2024-06-01 14:34:00,153.606940,100.650000,6978.600000,-69.193330,91728.114720,0.001420,91728.114720,0.001420,14,3.236710,0.582000,11.108170,0.962050,0.909390,0.609000,0.850800,0.850530,454.360000,2080.247410
2024-06-01 14:36:58,153.609000,100.650000,6978.600000,26.432560,27908.573260,0.003080,27908.573260,0.003080,15,2.858700,-0.245120,7.652000,0.987150,0.954650,-2.561330,0.918080,0.627310,455.490000,2085.415060
2024-06-01 14:39:58,153.611090,100.650000,6978.600000,25.577780,3492.091520,0.000240,95235.818810,0.005860,16,2.872230,-0.160840,5.027650,0.988140,0.983390,-0.160840,0.909840,0.909840,442.440000,2085.348400
2024-06-01 14:42:44,153.613010,100.650000,6978.600000,137.828460,-142971.030500,0.016750,-142971.030500,0.016750,10,0.830630,-1.196240,0.840320,0.618930,0.622250,-1.085140,0.653860,0.827120,428.020000,2079.393500
2024-06-01 14:45:43,153.615080,100.640000,6978.600000,25.632000,-46703.835510,0.057530,-70200.510630,0.050620,9,9.911570,-1.331160,9.911570,0.988630,0.988630,-1.331160,0.991950,0.991950,445.680000,2074.616180
2024-06-01 14:48:42,153.617150,100.640000,6978.600000,-68.905110,-93610.044650,0.004140,-982518.410190,0.008920,49,5.107180,-0.559880,5.107180,0.992810,0.992810,-0.559880,0.975840,0.975840,441.930000,2067.598480
2024-06-01 15:31:02,153.646550,100.580000,6978.600000,27.070110,-167819.691690,0.002840,-167819.691690,0.002840,13,2.177910,-0.176660,3.297280,0.974130,0.972180,-1.987690,0.863180,0.609340,439.790000,2044.603180
2024-06-01 15:34:01,153.648620,100.610000,6978.600000,-69.078110,-410131.816680,0.011870,-1537531.163310,0.005840,14,2.750840,-0.891160,12.213470,0.961680,0.866910,-0.891160,0.988610,0.988610,450.830000,2054.924970
2024-06-01 15:37:01,153.650710,100.610000,6978.600000,25.432780,290396.478670,0.101650,276360.581340,0.095820,15,3.173580,-0.323980,3.862350,0.994130,0.993370,-0.323980,0.957790,0.957790,451.710000,2046.634780
2024-06-01 15:40:00,153.652780,100.610000,6978.600000,25.448560,409869.138680,0.008140,409869.138680,0.008140,16,3.545770,-0.274230,7.022510,0.988620,0.975610,-0.274230,0.952940,0.952940,452.170000,2042.114640
2024-06-01 15:42:46,153.654700,100.610000,6978.600000,137.890220,273937.519950,0.035350,273937.519950,0.035350,10,-4.058740,0.133610,-4.033300,0.664670,0.666850,0.135090,0.083810,0.091290,447.470000,2041.883350
2024-06-01 15:45:45,153.656770,100.610000,6978.600000,25.105890,-425855.880890,0.000100,-425855.880890,0.000100,9,13.297680,-1.333150,13.297680,0.985720,0.985720,-1.333150,0.994670,0.994670,429.340000,2039.689180
2024-06-01 15:48:45,153.658850,100.610000,6978.600000,-69.170110,725713.913050,0.001540,22610.327310,0.000090,49,5.426860,-0.702270,5.426860,0.992710,0.992710,-0.702270,0.985700,0.985700,451.870000,2039.889050
2024-06-01 16:31:02,153.688220,100.550000,6978.600000,25.964000,-364723482.338560,0.080570,-78593029.547020,0.029650,13,4.488080,-0.748000,8.057410,0.992550,0.978490,-2.225440,0.978870,0.977700,448.850000,2039.409660
2024-06-01 16:34:01,153.690290,100.570000,6978.600000,-69.153890,-458877.212560,0.005770,-458877.212560,0.005770,14,4.628950,-0.369600,4.628950,0.986900,0.986900,-0.369600,0.969880,0.969880,459.310000,2030.531220
2024-06-01 16:36:59,153.692350,100.560000,6978.600000,25.094560,-290635.473510,0.081620,-894457.518070,0.089260,15,3.909460,-0.243930,3.998990,0.997330,0.997320,-0.243930,0.949510,0.949510,462.890000,2031.053800
2024-06-01 16:39:58,153.694420,100.570000,6978.600000,25.219220,3077858.743530,0.096630,3077858.743530,0.096630,16,2.320090,0.085950,15.084980,0.964280,0.812440,0.085950,0.485960,0.485960,478.380000,2027.391700
2024-06-01 16:42:45,153.696350,100.570000,6978.600000,138.548240,252368.718650,0.006510,252368.718650,0.006510,10,0.260750,0.836200,18.516180,0.256500,0.019120,0.863560,0.859700,0.864360,444.590000,2032.153540
2024-06-01 16:45:45,153.698440,100.570000,6978.600000,24.510440,-631852.706100,0.012200,-631852.706100,0.012200,9,13.182500,-1.486390,13.182500,0.994030,0.994030,-1.486390,0.992950,0.992950,469.560000,2029.139910
2024-06-01 16:48:45,153.700520,100.570000,6978.600000,-69.128440,-2106527.003460,0.056480,-2086765.775090,0.050940,49,6.340390,-0.529810,6.340390,0.982810,0.982810,-0.529810,0.965680,0.965680,449.090000,2026.446030
2024-06-01 17:31:01,153.729870,100.510000,6978.600000,24.222890,3912895.554130,0.037160,3864579.267830,0.035330,13,2.815790,-0.292590,8.679780,0.963470,0.920050,-1.865320,0.946110,0.845850,490.480000,2017.405610
2024-06-01 17:33:59,153.731930,100.540000,6978.600000,-69.576330,-85612.070100,0.000900,-85612.070100,0.000900,14,3.166570,0.022800,4.082670,0.948840,0.958120,0.022800,0.026100,0.026100,490.860000,2021.703420
2024-06-01 17:36:58,153.734000,100.530000,6978.600000,23.997560,-58691.293560,0.002600,-1372399.902860,0.053580,15,4.998070,-0.523610,5.197500,0.989920,0.989890,-0.523610,0.981350,0.981350,480.050000,2023.594800
2024-06-01 17:39:58,153.736090,100.530000,6978.600000,23.840220,-10572233.232850,0.066110,-1643506.564630,0.018650,16,1.983930,0.067620,3.562960,0.954560,0.960190,0.067620,0.129470,0.129470,482.020000,2021.190370
2024-06-01 17:42:45,153.738020,100.530000,6978.600000,138.276260,-7403.211550,0.000250,-7403.211550,0.000250,10,-1.137470,0.577650,-0.974810,0.227090,0.235470,0.575350,0.647300,0.649190,453.310000,2025.506680
2024-06-01 17:45:44,153.740090,100.530000,6978.600000,23.509890,32949.114890,0.000780,32949.114890,0.000780,9,14.042750,-1.455770,14.042750,0.998240,0.998240,-1.455770,0.995090,0.995090,496.260000,2017.908150
2024-06-01 17:48:42,153.742150,100.530000,6978.600000,-69.297440,-145004.727570,0.008790,-145004.727570,0.008790,49,6.278390,-0.750910,6.278390,0.992390,0.992390,-0.750910,0.965470,0.965470,488.030000,2018.720360
2024-06-01 18:31:01,153.771540,100.490000,6978.600000,23.107670,171396273.217950,0.019070,170470401.427410,0.019060,13,4.723390,-0.629410,5.291360,0.988020,0.987810,-0.629410,0.956160,0.956160,492.840000,2024.395030
2024-06-01 18:33:59,153.773600,100.500000,6978.600000,-69.445780,2494266.728890,0.095670,308988.754160,0.021610,14,3.450680,-0.153910,6.141880,0.958930,0.950020,-0.153910,0.762600,0.762600,520.100000,2020.749980
2024-06-01 18:36:58,153.775670,100.500000,6978.600000,23.060220,-11986.230090,0.004860,-38533.820100,0.005520,15,4.669680,-0.284400,16.213960,0.991840,0.917600,-0.284400,0.732720,0.732720,477.280000,2025.038360
2024-06-01 18:39:56,153.777730,100.510000,6978.600000,23.069220,-809173.793160,0.144130,-9714072.756280,0.538690,16,3.993620,-0.245590,6.505640,0.992840,0.987900,-0.486190,0.944990,0.944970,491.320000,2026.137820
2024-06-01 18:42:44,153.779680,100.510000,6978.600000,137.599780,282667.792320,0.062620,282667.792320,0.062620,10,3.639820,0.193790,3.639820,0.956270,0.956270,0.191280,0.543000,0.609940,458.880000,2031.329350
2024-06-01 18:45:45,153.781770,100.510000,6978.600000,22.632890,409916.998160,0.090840,409916.998160,0.090840,9,13.708540,-1.507090,13.708540,0.995650,0.995650,-1.507090,0.996140,0.996140,524.190000,2027.958870
2024-06-01 18:48:46,153.783870,100.500000,6978.600000,-69.431000,242084.551960,0.052710,242084.551960,0.052710,49,6.747060,-0.778810,6.747060,0.978310,0.978310,-0.778810,0.975900,0.975900,521.770000,2026.471820
2024-06-01 19:31:01,153.813210,100.500000,6978.600000,21.620890,1029299.590730,0.030920,1012965.441110,0.026510,13,4.747030,0.024080,10.715950,0.992490,0.966500,-5.468550,0.247920,0.007820,557.260000,2126.850930
2024-06-01 19:34:00,153.815280,100.510000,6978.600000,-69.616440,147086.966990,0.017300,147086.966990,0.017300,14,5.610330,-0.235220,6.224060,0.991590,0.991330,-0.231240,0.318940,0.351040,623.030000,2154.598600
2024-06-01 19:37:00,153.817360,100.510000,6978.600000,21.394330,1065343.537450,0.012950,500336.260310,0.008840,15,3.356240,-1.798760,7.001240,0.987750,0.967320,-1.798760,0.982980,0.982980,605.890000,2184.876180
2024-06-01 19:39:59,153.819430,100.530000,6978.600000,21.300000,155750.577530,0.084170,24697.724040,0.023950,16,3.190630,-0.230720,5.689060,0.993590,0.987690,-3.162130,0.710930,0.365360,599.950000,2154.839460
2024-06-01 19:42:46,153.821370,100.530000,6978.600000,136.465050,-931896.859750,0.000510,-6408995.522670,0.001300,10,0.120600,2.004020,13.327540,0.206730,0.011640,4.919480,0.985850,0.962270,583.710000,2177.606810
2024-06-01 19:45:45,153.823440,100.530000,6978.600000,21.287560,-11014.865250,0.000200,-11014.865250,0.000200,9,14.815590,-1.770260,14.815590,0.997280,0.997280,-5.782640,0.984100,0.915650,611.070000,2203.276730
2024-06-01 19:48:45,153.825520,100.530000,6978.600000,-69.485440,175595.809040,0.013000,175595.809040,0.013000,49,7.191020,-0.824330,7.191020,0.997700,0.997700,-0.824330,0.967400,0.967400,594.880000,2224.924440
2024-06-01 20:31:01,153.854870,100.500000,6978.600000,20.021560,-4488059.168930,0.032260,-4576750.337500,0.032270,13,3.419320,0.333640,3.419320,0.973320,0.973320,0.333640,0.477090,0.477090,521.370000,2115.183120
2024-06-01 20:33:59,153.856930,100.530000,6978.600000,-69.962890,582990.449190,0.002530,582990.449190,0.002530,14,5.141320,-0.690520,5.141320,0.990850,0.990850,-1.224610,0.870620,0.843690,535.250000,2133.667190
2024-06-01 20:36:57,153.858990,100.520000,6978.600000,19.755440,236122.025210,0.020370,236122.025210,0.020370,15,4.067700,-0.390670,5.886770,0.991820,0.989600,-0.390670,0.695830,0.695830,523.620000,2133.642000
2024-06-01 20:39:56,153.861060,100.530000,6978.600000,19.667560,285468.947480,0.028400,265679.111980,0.038080,16,3.338510,-0.868730,6.197020,0.993010,0.984100,-3.208090,0.973730,0.908760,546.970000,2178.869320
2024-06-01 20:42:43,153.863000,100.530000,6978.600000,135.439120,-184329.812760,0.008720,-184329.812760,0.008720,10,0.503050,2.578940,6.290320,0.762450,0.328070,2.578940,0.986960,0.986960,516.000000,2142.318500
2024-06-01 20:45:42,153.865070,100.510000,6978.600000,19.729110,185718.108410,0.001970,185718.108410,0.001970,9,14.761690,-1.457190,14.761690,0.998860,0.998860,-1.457190,0.983180,0.983180,548.170000,2144.301090
2024-06-01 20:48:42,153.867150,100.510000,6978.600000,-69.807560,844868.939900,0.036920,740413.549530,0.003720,49,5.727330,-1.357250,6.828370,0.994960,0.994130,-1.357250,0.918980,0.918980,546.850000,2151.423710
2024-06-01 21:31:01,153.896540,100.510000,6978.600000,18.956890,-1789341.332630,0.002150,-172701.311870,0.000360,13,2.554740,-0.707680,5.604130,0.960530,0.960210,-0.707680,0.956900,0.956900,552.720000,2155.497840
2024-06-01 21:33:59,153.898600,100.540000,6978.600000,-70.035560,-16195.168200,0.011080,-16195.168200,0.011080,14,3.947630,0.871500,5.272500,0.973460,0.974600,1.283980,0.922550,0.885960,574.740000,2165.944310
2024-06-01 21:36:58,153.900670,100.530000,6978.600000,18.765330,-338535.115920,0.040480,-338535.115920,0.040480,15,3.921290,-0.355850,4.704750,0.987280,0.986510,-0.355850,0.442130,0.442130,552.740000,2166.970730
2024-06-01 21:39:56,153.902730,100.540000,6978.600000,18.672440,2913817.402470,0.001390,2913817.402470,0.001390,16,2.560200,-1.546380,4.898690,0.989390,0.984270,-3.769130,0.984640,0.965490,553.260000,2160.165250
2024-06-01 21:42:43,153.904660,100.540000,6978.600000,135.528570,-2403391.394330,0.011060,-2403391.394330,0.011060,10,-0.456290,0.462440,-0.456290,0.294810,0.294810,4.743980,0.622070,0.173240,535.850000,2149.682080
2024-06-01 21:45:44,153.906760,100.540000,6978.600000,18.753780,-505273.520560,0.002250,-505273.520560,0.002250,9,14.926530,-1.002850,15.878470,0.998700,0.998570,-1.002850,0.751250,0.751250,565.940000,2155.160480
2024-06-01 21:48:43,153.908830,100.550000,6978.600000,-69.747000,-1254498.970850,0.002490,-1254498.970850,0.002490,49,4.789190,-2.769780,4.789190,0.990010,0.990010,-2.769780,0.958870,0.958870,567.610000,2183.843480
2024-06-01 22:31:01,153.938210,100.510000,6978.600000,18.135220,-1548838.110990,0.003740,-1724118.803040,0.003740,13,3.602600,-0.857170,4.809680,0.984210,0.983200,-17.632130,0.826970,0.350160,547.740000,2193.779360
2024-06-01 22:33:59,153.940270,100.540000,6978.600000,-70.648560,-17494956.356100,0.015590,-17494956.356100,0.015590,14,5.258600,-0.870150,8.705830,0.993820,0.988010,-0.870150,0.881660,0.881660,538.590000,2166.415230
2024-06-01 22:36:58,153.942340,100.530000,6978.600000,17.928330,-1945.369660,0.000000,-1945.369660,0.000000,15,4.896920,2.131910,6.214190,0.993970,0.992260,2.141670,0.358120,0.361110,531.780000,2135.894170
2024-06-01 22:39:57,153.944410,100.540000,6978.600000,17.861890,-114180.202810,0.018030,-181151.652200,0.018880,16,3.652610,2.149750,9.620220,0.995870,0.973290,5.213420,0.977620,0.903210,545.600000,2151.459000
2024-06-01 22:42:43,153.946330,100.540000,6978.600000,134.201650,353693.234290,0.010010,59596.523740,0.003070,10,-0.307410,1.158340,-0.307410,0.520110,0.520110,1.206410,0.462520,0.458500,519.280000,2191.767490
2024-06-01 22:45:43,153.948410,100.540000,6978.600000,17.891440,-70818.372390,0.001680,-70818.372390,0.001680,9,15.232120,-2.820830,17.042320,0.999320,0.998810,-2.820830,0.994490,0.994490,522.070000,2149.876500
2024-06-01 22:48:43,153.950500,100.540000,6978.600000,-70.529440,-1210864.694720,0.013930,-1211282.489450,0.013680,49,7.039850,-1.285040,7.039850,0.996530,0.996530,-3.562460,0.968520,0.888020,528.150000,2148.901610
2024-06-01 23:31:01,153.979870,100.490000,6978.600000,17.416220,26151858.200060,0.004950,26151858.200060,0.004950,13,3.640140,-3.279880,8.486430,0.985880,0.973070,-2.821610,0.633710,0.737540,534.570000,2179.065350
2024-06-01 23:34:00,153.981940,100.500000,6978.600000,-70.581560,10124306.922010,0.034830,10225948.261580,0.034540,14,5.800480,-1.119080,6.613420,0.997180,0.996750,-1.118000,0.898760,0.900700,525.470000,2132.249530
2024-06-01 23:36:58,153.984000,100.500000,6978.600000,17.174330,43961.430730,0.007050,43961.430730,0.007050,15,3.232950,-0.182280,3.232950,0.978360,0.978360,-5.562170,0.627530,0.294530,527.490000,2121.468320
2024-06-01 23:39:57,153.986080,100.520000,6978.600000,17.114000,16764.613100,0.000090,16764.613100,0.000090,16,3.492590,-0.837080,4.860890,0.995310,0.993780,-0.837080,0.987130,0.987130,535.730000,2119.682910
2024-06-01 23:42:44,153.988010,100.520000,6978.600000,133.124510,-1070.725640,0.005570,-1070.725640,0.005570,10,-0.065860,1.335950,-0.065860,0.047400,0.047400,1.335950,0.876100,0.876100,511.900000,2108.643810
2024-06-01 23:45:43,153.990080,100.520000,6978.600000,17.198670,-26760878.817700,0.004500,-13396781.226320,0.003320,9,14.931400,-1.056660,16.868660,0.998320,0.997690,-1.056660,0.984320,0.984320,530.530000,2098.042470
2024-06-01 23:48:43,153.992160,100.520000,6978.600000,-70.574560,47880.625880,0.000060,47880.625880,0.000060,49,6.008400,-0.378400,6.869730,0.995890,0.995210,-0.378400,0.914920,0.914920,530.350000,2114.134240
2024-06-02 00:10:39,154.007400,100.450000,6978.600000,16.897110,-3680127.517170,0.035730,-3680127.517170,0.035730,13,3.518860,-0.598070,5.761560,0.994860,0.990320,-0.598070,0.931580,0.931580,514.300000,2131.183700
2024-06-02 00:13:37,154.009460,100.500000,6978.600000,-70.633670,-1025665.529020,0.039900,-1013788.524880,0.039710,14,4.476880,-1.898160,5.172420,0.994580,0.993980,-1.898160,0.942590,0.942590,511.000000,2117.719470
2024-06-02 00:16:37,154.011540,100.490000,6978.600000,16.630780,-23836.397530,0.031540,-23836.397530,0.031540,15,3.727470,-0.126330,6.465590,0.990480,0.982940,-0.126650,0.719480,0.721200,493.530000,2093.592770
2024-06-02 00:19:36,154.013610,100.500000,6978.600000,16.549220,92.980290,0.004500,37.867860,0.002610,16,3.143020,-0.750500,7.490170,0.993410,0.976460,-0.750500,0.896930,0.896930,504.300000,2101.586330
2024-06-02 00:22:22,154.015530,100.500000,6978.600000,132.756700,-941695.353290,0.005390,-941695.353290,0.005390,10,0.784850,0.435720,0.748800,0.680680,0.780920,0.594900,0.836000,0.840090,504.480000,2106.581180
2024-06-02 00:25:21,154.017600,100.490000,6978.600000,16.685330,25385.202870,0.000010,25385.202870,0.000010,9,13.950000,-2.003310,13.950000,0.998860,0.998860,-2.003310,0.995630,0.995630,523.520000,2100.718200
2024-06-02 00:28:20,154.019680,100.490000,6978.600000,-70.580220,1436112.827140,0.005230,1438642.108950,0.005080,49,5.770660,-0.505970,6.216350,0.996680,0.996510,-0.505970,0.782390,0.782390,525.330000,2094.172430
2024-06-02 00:31:21,154.021770,100.490000,6978.600000,16.606000,-207701.056610,0.000650,-207701.056610,0.000650,13,3.605550,-0.252480,8.165410,0.988380,0.973600,-5.682900,0.881640,0.559320,509.780000,2086.745230
2024-06-02 00:34:20,154.023840,100.490000,6978.600000,-70.911780,40196.548500,0.000780,40196.548500,0.000780,14,4.820730,0.252410,6.043290,0.995580,0.993690,0.363470,0.498520,0.492970,511.010000,2085.242330
2024-06-02 00:37:18,154.025900,100.470000,6978.600000,16.447560,-1791069.291500,0.002810,-1791069.291500,0.002810,15,3.768670,-1.074790,5.061870,0.988720,0.986130,-2.835810,0.990730,0.930690,504.650000,2093.295190
2024-06-02 00:40:17,154.027970,100.490000,6978.600000,16.394890,292817.108300,0.014320,380744.707770,0.013790,16,2.923610,0.452300,6.147380,0.996180,0.981500,0.701220,0.979930,0.960210,518.660000,2080.580400
2024-06-02 00:43:03,154.029900,100.490000,6978.600000,132.506810,9542951.336490,0.000600,9542951.336490,0.000600,10,0.265600,4.044270,0.265600,0.284840,0.284840,4.044270,0.964810,0.964810,496.180000,2092.136400
2024-06-02 00:46:02,154.031970,100.480000,6978.600000,16.440890,-456378.262200,0.010690,-320605.223820,0.004880,9,13.872170,-2.492850,13.872170,0.999540,0.999540,-2.492850,0.994710,0.994710,508.230000,2093.939020
2024-06-02 00:49:01,154.034040,100.490000,6978.600000,-70.557890,-7674276.674870,0.000810,-7674276.674870,0.000810,49,5.641780,-1.567630,5.889290,0.994920,0.994880,-1.572600,0.983480,0.983220,517.590000,2080.016280
2024-06-02 01:31:20,154.063430,100.450000,6978.600000,16.089330,12856578.780390,0.130730,12740887.372120,0.130250,13,3.023620,-0.396810,4.732590,0.982290,0.980410,-1.962560,0.966940,0.921800,520.530000,2100.941400
2024-06-02 01:34:20,154.065510,100.470000,6978.600000,-70.672110,-145358.624620,0.029130,-145358.624620,0.029130,14,4.933680,0.115470,6.606250,0.997690,0.995170,0.115470,0.068290,0.068290,524.410000,2090.079560
2024-06-02 01:37:21,154.067600,100.470000,6978.600000,15.961000,1852.819850,0.040280,1669.443200,0.010900,15,3.671030,0.061820,4.628160,0.985670,0.983420,0.061820,0.094520,0.094520,516.990000,2140.754150
2024-06-02 01:40:19,154.069660,100.470000,6978.600000,15.910220,-128011.535980,0.001050,-128011.535980,0.001050,16,3.459750,-1.009990,5.251230,0.996910,0.992100,-2.549360,0.985220,0.978640,524.350000,2173.155060
2024-06-02 01:43:06,154.071600,100.490000,6978.600000,132.709780,-147399.258390,0.016460,-148744.431050,0.016220,10,-0.672650,1.338740,-0.562910,0.375240,0.558080,6.089920,0.923350,0.857110,503.000000,2138.394340
2024-06-02 01:46:06,154.073680,100.470000,6978.600000,15.989220,12719.840910,0.077810,12719.840910,0.077810,9,14.184130,-1.929610,14.184130,0.999170,0.999170,-6.075820,0.981670,0.919850,508.110000,2152.315470
2024-06-02 01:49:07,154.075780,100.470000,6978.600000,-70.625780,-67115.302330,0.064510,-51047.706150,0.029830,49,5.993300,-2.740510,5.993300,0.991500,0.991500,-2.740510,0.969010,0.969010,514.370000,2150.721560
2024-06-02 02:31:20,154.105090,100.420000,6978.600000,15.759110,-690170.096060,0.016660,-307959.602600,0.005270,13,2.962860,-1.988900,7.174990,0.991880,0.977430,-1.988900,0.891690,0.891690,500.420000,2129.503580
2024-06-02 02:34:18,154.107150,100.440000,6978.600000,-70.822890,60979.298320,0.000060,60979.298320,0.000060,14,5.291150,-1.684280,5.291150,0.991770,0.991770,-3.764520,0.969230,0.928950,499.210000,2101.107360
2024-06-02 02:37:16,154.109210,100.430000,6978.600000,15.577220,24516.382100,0.004520,23014.028440,0.003580,15,3.036470,-0.644260,6.973040,0.987290,0.968920,-1.453410,0.952570,0.933620,496.180000,2086.010170
2024-06-02 02:40:14,154.111270,100.440000,6978.600000,15.555890,646.488220,0.015070,646.488220,0.015070,16,2.969930,0.664410,9.854450,0.994820,0.950810,0.762240,0.946570,0.937540,511.330000,2094.370310
2024-06-02 02:43:02,154.113220,100.430000,6978.600000,132.125710,9943.709230,0.035610,10067.130680,0.035610,10,-0.707410,-0.048100,-0.707410,0.743080,0.743080,3.647770,0.014620,0.001350,498.680000,2129.916280
2024-06-02 02:46:02,154.115300,100.440000,6978.600000,15.647670,-1122423.619240,0.001860,-1122423.619240,0.001860,9,13.930700,-1.815540,13.930700,0.998950,0.998950,-1.815540,0.975240,0.975240,499.720000,2109.983610
2024-06-02 02:49:00,154.117360,100.440000,6978.600000,-70.579330,-697.621470,0.001530,-697.621470,0.001530,49,5.415430,0.550300,6.987350,0.994410,0.992350,6.977630,0.750810,0.304090,510.010000,2102.169540
2024-06-02 03:31:20,154.146760,100.370000,6978.600000,15.459780,988291.077960,0.024600,13620.668640,0.000620,13,2.958150,-0.393200,7.577280,0.983850,0.953340,-0.393200,0.795280,0.795280,502.590000,2096.304980
2024-06-02 03:34:19,154.148830,100.400000,6978.600000,-71.040440,-2049064.758780,0.048120,-2049064.758780,0.048120,14,4.313270,-0.524110,4.607820,0.993610,0.993530,-0.524110,0.913460,0.913460,507.590000,2087.056040
2024-06-02 03:37:18,154.150900,100.400000,6978.600000,15.343000,-11395.879020,0.000550,-11395.879020,0.000550,15,3.483290,-0.069800,4.223720,0.989810,0.988700,-0.069800,0.074940,0.074940,508.080000,2108.791940
2024-06-02 03:40:16,154.152960,100.400000,6978.600000,15.304670,1789318.777010,0.030660,464710.447750,0.012940,16,3.005200,-0.529780,6.040310,0.995010,0.981840,-0.529780,0.972410,0.972410,520.140000,2110.678470
2024-06-02 03:43:03,154.154900,100.390000,6978.600000,131.902860,-1393886.153470,0.021900,-1557086.162620,0.022050,10,0.273400,0.695460,0.273400,0.483050,0.483050,1.554860,0.982890,0.965370,505.960000,2110.115470
2024-06-02 03:46:02,154.156970,100.400000,6978.600000,15.400440,-348.935510,0.000240,-348.935510,0.000240,9,13.273420,-0.516200,13.846980,0.999130,0.999070,-0.516200,0.781300,0.781300,512.070000,2117.634990
2024-06-02 03:49:01,154.159040,100.400000,6978.600000,-70.739670,26618961.443940,0.005610,26618961.443940,0.005610,49,5.751580,-1.073720,6.912990,0.995240,0.993830,-2.779730,0.978540,0.959490,513.360000,2120.126210
2024-06-02 04:31:20,154.188430,100.360000,6978.600000,15.223560,1281615.341210,0.003840,1281615.341210,0.003840,13,3.074810,-0.332920,4.708810,0.992200,0.989850,-2.049280,0.966320,0.874500,498.960000,2097.112170
2024-06-02 04:34:18,154.190490,100.380000,6978.600000,-70.724330,1404.804430,0.014430,1465.269840,0.014590,14,4.425900,-0.163590,5.366730,0.995130,0.994340,-0.163590,0.055950,0.055950,508.040000,2120.240350
2024-06-02 04:37:16,154.192550,100.370000,6978.600000,15.116780,-8270738.970110,0.002910,-3188870.872350,0.001750,15,3.910630,-1.723320,6.358850,0.993450,0.983630,-1.723320,0.979560,0.979560,501.690000,2138.958270
2024-06-02 04:40:15,154.194620,100.390000,6978.600000,15.045780,418772.838130,0.001610,418772.838130,0.001610,16,3.155810,0.550860,5.967790,0.995330,0.984380,3.926040,0.977770,0.796130,511.210000,2133.232120
2024-06-02 04:43:01,154.196540,100.380000,6978.600000,131.732200,136711.358920,0.003510,136711.358920,0.003510,10,0.179930,-0.021330,0.179930,0.111420,0.111420,-0.021330,0.000310,0.000310,497.050000,2158.508690
2024-06-02 04:46:02,154.198630,100.380000,6978.600000,15.149440,113.231550,0.000190,113.231550,0.000190,9,13.220440,-1.214990,13.220440,0.998020,0.998020,-5.067370,0.986410,0.876330,501.070000,2136.104840
2024-06-02 04:49:02,154.200720,100.380000,6978.600000,-70.528440,-249327.096120,0.002290,-249327.096120,0.002290,49,5.412330,0.647160,6.214970,0.993510,0.993090,0.631440,0.665180,0.669770,509.080000,2140.823580
2024-06-02 05:31:20,154.230090,100.370000,6978.600000,15.100780,6753368.788710,0.004290,6753368.788710,0.004290,13,3.561590,-0.896190,8.677010,0.997130,0.980670,-0.896190,0.905710,0.905710,495.890000,2121.245380
2024-06-02 05:34:18,154.232150,100.400000,6978.600000,-70.859670,35116975.619190,0.018230,35116975.619190,0.018230,14,3.939330,0.088600,3.939330,0.991970,0.991970,0.088600,0.082870,0.082870,514.100000,2098.774180
2024-06-02 05:37:17,154.234220,100.400000,6978.600000,14.961440,-32536216.824520,0.086650,-22023558.634610,0.188640,15,3.099680,-1.166900,5.118410,0.986360,0.979490,-1.196700,0.510860,0.507090,497.370000,2147.638920
2024-06-02 05:40:18,154.236320,100.410000,6978.600000,14.873110,-7495.307450,0.000000,-7495.307450,0.000000,16,3.197860,-0.679430,6.040510,0.993140,0.984920,-0.679430,0.851640,0.851640,495.020000,2134.246750
2024-06-02 05:43:04,154.238240,100.410000,6978.600000,131.283850,243650.744020,0.055260,352973.359850,0.162760,10,0.669580,2.629210,0.764260,0.830030,0.834000,2.629210,0.984310,0.984310,486.490000,2133.780380
2024-06-02 05:46:06,154.240350,100.410000,6978.600000,14.959670,133109373.348500,0.023830,19403932.788990,0.006170,9,13.214580,-1.607650,13.619760,0.998730,0.998700,-1.625990,0.983880,0.984180,496.420000,2135.275020
2024-06-02 05:49:06,154.242430,100.410000,6978.600000,-70.527220,66343.819970,0.015590,66343.819970,0.015590,49,6.044290,-0.632610,6.044290,0.993360,0.993360,-1.775310,0.939580,0.903180,502.720000,2146.515600
2024-06-02 06:31:20,154.271760,100.370000,6978.600000,15.513560,79831.726500,0.001870,79831.726500,0.001870,13,3.984900,-1.273580,7.081350,0.985430,0.977420,-1.273580,0.910810,0.910810,530.990000,2149.450680
2024-06-02 06:34:19,154.273830,100.400000,6978.600000,-70.998000,1508798.114730,0.008350,1508798.114730,0.008350,14,3.356800,-0.353290,14.279550,0.970200,0.901370,-1.884620,0.855080,0.687940,549.520000,2125.825740
2024-06-02 06:37:18,154.275900,100.400000,6978.600000,15.538560,-1622665.696990,0.086180,-1622665.696990,0.086180,15,4.024020,1.601670,4.868660,0.990540,0.989340,1.601670,0.932750,0.932750,542.140000,2124.997070
2024-06-02 06:40:17,154.277970,100.410000,6978.600000,15.549330,522243.666430,0.019070,53243.681350,0.003630,16,3.819220,-0.351140,8.145210,0.995360,0.971070,-4.320500,0.852690,0.595590,549.150000,2150.337270
2024-06-02 06:43:03,154.279900,100.430000,6978.600000,131.011980,72087.267710,0.005540,72845.332230,0.005510,10,0.129610,-0.082650,8.587820,0.036220,0.026090,-0.082650,0.032570,0.032570,534.060000,2146.980860
2024-06-02 06:46:02,154.281970,100.410000,6978.600000,15.741890,-102957.457810,0.002870,-102957.457810,0.002870,9,12.842090,-1.483040,12.931950,0.999170,0.999170,-1.483040,0.997630,0.997630,552.300000,2136.254960
2024-06-02 06:49:02,154.284050,100.420000,6978.600000,-70.617440,2299887.873840,0.016560,3693978.950610,0.017270,49,5.622030,-0.495860,5.622030,0.984320,0.984320,-0.495860,0.940690,0.940690,550.840000,2141.139810
2024-06-02 07:31:20,154.313430,100.400000,6978.600000,17.218110,2046138.173330,0.033390,2049941.847860,0.033220,13,2.985940,-0.440710,2.985940,0.989560,0.989560,-0.440710,0.978000,0.978000,533.120000,2150.402640
2024-06-02 07:34:18,154.315490,100.420000,6978.600000,-70.647440,-5060185.090730,0.015930,-4962708.858240,0.012930,14,4.552620,-0.413840,4.552620,0.984840,0.984840,-0.413840,0.943290,0.943290,545.040000,2141.472960
2024-06-02 07:37:16,154.317550,100.420000,6978.600000,17.432220,5318405.267400,0.052110,5318405.267400,0.052110,15,4.209220,-0.034230,6.652960,0.991210,0.982310,-0.027790,0.048850,0.051110,523.890000,2139.637000
2024-06-02 07:40:15,154.319620,100.430000,6978.600000,17.521670,18362.624360,0.042380,3609.496610,0.014620,16,2.701060,-0.337610,8.091820,0.992750,0.962550,-0.337610,0.959350,0.959350,543.230000,2148.891410
2024-06-02 07:43:02,154.321550,100.440000,6978.600000,131.241870,-20490119.328380,0.011870,-20490119.328380,0.011870,10,0.874990,1.219070,3.362050,0.827870,0.704740,2.270590,0.974960,0.958120,530.560000,2142.607810
2024-06-02 07:46:01,154.323620,100.430000,6978.600000,17.817330,664.888080,0.000460,664.888080,0.000460,9,12.181760,-1.757350,13.346680,0.998360,0.998060,-1.757350,0.992190,0.992190,570.710000,2155.010640
2024-06-02 07:49:00,154.325690,100.430000,6978.600000,-70.642000,-105867.711590,0.031180,-105867.711590,0.031180,49,5.612510,-0.711100,5.987330,0.993610,0.993510,-0.711100,0.984550,0.984550,544.290000,2143.654290
2024-06-02 08:31:20,154.355090,100.410000,6978.600000,19.082000,-14706189.716540,0.027250,-5814795.121170,0.013180,13,3.083370,-0.274690,5.032650,0.964660,0.959500,-0.274690,0.437450,0.437450,485.820000,2113.748610
2024-06-02 08:34:19,154.357160,100.420000,6978.600000,-70.553110,-1098048.783550,0.026030,-1128340.036490,0.025820,14,3.870060,-0.554380,3.870060,0.986440,0.986440,-0.554380,0.958140,0.958140,499.210000,2115.096720
2024-06-02 08:37:18,154.359240,100.430000,6978.600000,19.444560,6624.024240,0.004340,6624.024240,0.004340,15,3.906360,-0.488690,6.106720,0.988960,0.981200,-1.365640,0.973260,0.939850,481.970000,2118.626200
2024-06-02 08:40:17,154.361310,100.440000,6978.600000,19.525560,244624.876620,0.034990,207480.481860,0.025430,16,3.466950,-0.605680,7.452680,0.989960,0.976700,-0.605680,0.982700,0.982700,483.770000,2112.345240
2024-06-02 08:43:03,154.363230,100.430000,6978.600000,131.973190,312111.630380,0.000150,312111.630380,0.000150,10,-1.372740,0.048280,-3.483970,0.808830,0.764680,0.048280,0.343480,0.343480,474.310000,2105.030960
2024-06-02 08:46:02,154.365300,100.420000,6978.600000,19.792220,740.194070,0.000640,740.194070,0.000640,9,12.758680,-1.412710,12.758680,0.991610,0.991610,-1.412710,0.990640,0.990640,494.370000,2100.517000
2024-06-02 08:49:00,154.367360,100.420000,6978.600000,-70.502780,637.951710,0.019010,637.862990,0.019020,49,6.822990,-0.768990,7.223260,0.994080,0.994000,-0.768990,0.988620,0.988620,476.930000,2101.546860
2024-06-02 09:31:20,154.396760,100.380000,6978.600000,20.739890,-12611856.341890,0.040290,-23420371.994500,0.009610,13,4.390090,-0.437100,11.906390,0.995300,0.968070,-2.070520,0.988480,0.903230,481.050000,2092.485200
2024-06-02 09:34:18,154.398820,100.400000,6978.600000,-70.034000,-625341.460070,0.000290,-625341.460070,0.000290,14,2.852130,-0.102530,14.370890,0.974960,0.887970,-2.134450,0.776690,0.469970,498.650000,2094.321710
2024-06-02 09:37:17,154.400890,100.390000,6978.600000,20.819330,95.952270,0.000010,95.952270,0.000010,15,5.355750,-0.349900,9.061450,0.992550,0.978560,-1.218730,0.958970,0.938660,468.950000,2098.459510
2024-06-02 09:40:16,154.402960,100.410000,6978.600000,20.924220,-54945.387280,0.006160,-13444.244460,0.002470,16,3.537610,-0.238590,6.046540,0.996600,0.989750,-0.675450,0.951930,0.936900,469.750000,2098.897920
2024-06-02 09:43:03,154.404900,100.410000,6978.600000,133.356260,34753.650930,0.046540,34753.650930,0.046540,10,0.027500,0.219080,0.027500,0.008840,0.008840,0.937460,0.897090,0.748160,467.280000,2097.819490
2024-06-02 09:46:03,154.406980,100.400000,6978.600000,20.940330,23058.602370,0.002680,23058.602370,0.002680,9,13.153320,-1.480710,13.184960,0.997620,0.997620,-1.480710,0.997400,0.997400,464.420000,2100.012020
2024-06-02 09:49:03,154.409060,100.390000,6978.600000,-69.734560,-1880163.480890,0.124990,-1687922.554080,0.096350,49,6.165630,-0.644860,6.180670,0.987510,0.987510,-0.644860,0.970800,0.970800,474.610000,2098.074870
2024-06-02 10:31:20,154.438430,100.330000,6978.600000,22.889780,601521.326720,0.009470,601521.326720,0.009470,13,2.562420,-0.297170,12.076380,0.982160,0.895140,-1.868670,0.963210,0.835620,463.540000,2102.796020
2024-06-02 10:34:19,154.440500,100.340000,6978.600000,-69.760560,-2193889.092370,0.001190,-43421050.649460,0.003660,14,1.661530,-0.034320,1.661530,0.621830,0.621830,-0.034320,0.044080,0.044080,473.650000,2102.704310
2024-06-02 10:37:19,154.442580,100.340000,6978.600000,23.053560,2093346.596890,0.000580,2093346.596890,0.000580,15,5.044580,-0.421840,8.057580,0.992930,0.982700,-1.004540,0.986170,0.944820,451.430000,2107.381430
2024-06-02 10:40:18,154.444650,100.350000,6978.600000,23.071560,70104.571140,0.007640,70104.571140,0.007640,16,2.056750,0.054530,5.150690,0.965060,0.935290,0.054530,0.348960,0.348960,459.180000,2110.702660
2024-06-02 10:43:04,154.446570,100.350000,6978.600000,134.947470,10363433.444110,0.109750,11019944.613330,0.104390,10,-0.371560,-0.425780,-1.959240,0.335900,0.285880,-0.425780,0.933530,0.933530,453.570000,2113.543600
2024-06-02 10:46:04,154.448660,100.350000,6978.600000,23.214670,-799398.542100,0.001630,-799398.542100,0.001630,9,13.717460,-1.497930,13.717460,0.998020,0.998020,-1.497930,0.998000,0.998000,474.730000,2101.897800
2024-06-02 10:49:04,154.450740,100.350000,6978.600000,-69.473780,432332.263960,0.104110,432332.263960,0.104110,49,5.697310,-0.861950,5.697310,0.994540,0.994540,-0.861950,0.991370,0.991370,461.520000,2108.279300
2024-06-02 11:31:20,154.480090,100.290000,6978.600000,24.517110,-20387961.641750,0.010540,-17333526.079900,0.009940,13,2.240130,-0.256910,7.191290,0.940970,0.893680,-1.197280,0.893000,0.820080,460.640000,2090.492640
2024-06-02 11:34:18,154.482150,100.310000,6978.600000,-69.643110,2305504.381740,0.064250,2305504.381740,0.064250,14,6.143950,-0.535270,10.006710,0.996700,0.983650,-0.535270,0.972800,0.972800,450.650000,2096.009980
2024-06-02 11:37:16,154.484210,100.300000,6978.600000,24.634110,2684460.235760,0.009490,2684460.235760,0.009490,15,4.057070,-0.232140,4.057070,0.993250,0.993250,-0.232140,0.945200,0.945200,466.460000,2094.592140
2024-06-02 11:40:14,154.486270,100.300000,6978.600000,24.256000,75.756850,0.000000,75.756850,0.000000,16,3.284570,-0.307510,3.284570,0.990180,0.990180,-0.307510,0.972510,0.972510,451.110000,2099.843040
2024-06-02 11:43:00,154.488190,100.300000,6978.600000,136.185490,-1155111.141740,0.003460,-1155111.141740,0.003460,10,0.852610,-0.468090,0.843930,0.729090,0.796140,-0.475040,0.980980,0.980870,444.050000,2097.372770
2024-06-02 11:45:59,154.490270,100.290000,6978.600000,24.781890,4095.549530,0.007090,4095.549530,0.007090,9,13.968350,-1.556280,13.968350,0.998850,0.998850,-1.556280,0.997850,0.997850,459.100000,2089.297950
2024-06-02 11:48:58,154.492340,100.280000,6978.600000,-69.290560,-105516.977200,0.007250,-105516.977200,0.007250,49,5.087750,-0.712530,5.087750,0.990230,0.990230,-0.712530,0.959120,0.959120,446.110000,2091.027000
2024-06-02 12:31:20,154.521760,100.210000,6978.600000,27.783000,-250737.593500,0.000150,-250737.593500,0.000150,13,3.562300,-0.523940,4.347340,0.989250,0.988080,-0.523940,0.984510,0.984510,433.960000,2065.288040
2024-06-02 12:34:18,154.523820,100.230000,6978.600000,-69.127780,270874054.564590,0.018380,270874054.564590,0.018380,14,4.126630,-0.135720,6.974990,0.912570,0.898810,-0.396200,0.630740,0.627380,455.030000,2061.227260
2024-06-02 12:37:16,154.525880,100.230000,6978.600000,28.926890,-37820471.899300,0.017650,-37820471.899300,0.017650,15,5.032200,-0.405530,5.354560,0.997100,0.996880,-0.405530,0.984250,0.984250,440.390000,2065.189430
2024-06-02 12:40:15,154.527950,100.230000,6978.600000,27.410000,1940879.985240,0.039600,2011822.273410,0.039430,16,2.315100,-0.144370,2.315100,0.979540,0.979540,-0.144370,0.868690,0.868690,445.620000,2065.580840
2024-06-02 12:43:02,154.529880,100.220000,6978.600000,137.492860,902649.319400,0.010660,902649.319400,0.010660,10,1.249020,-0.157610,1.249020,0.952870,0.952870,-0.157610,0.735480,0.735480,425.280000,2059.318300
2024-06-02 12:46:01,154.531960,100.220000,6978.600000,26.843670,-582494.698950,0.032290,-582494.698950,0.032290,9,14.851210,-1.638870,14.851210,0.996910,0.996910,-1.638870,0.993380,0.993380,457.090000,2061.366950
2024-06-02 12:48:59,154.534020,100.230000,6978.600000,-68.708670,-13711693.967500,0.067880,-8152509.365540,0.191790,49,5.245430,-1.055710,5.245430,0.988690,0.988690,-1.055710,0.982970,0.982970,438.850000,2064.183880
2024-06-02 13:31:20,154.563430,100.150000,6978.600000,29.388440,6140405.392380,0.084120,1356709.885660,0.031590,13,2.663820,-0.503780,5.093710,0.984740,0.977570,-1.547290,0.969650,0.965630,434.710000,2064.952070
2024-06-02 13:34:20,154.565510,100.160000,6978.600000,-68.779560,39506.714020,0.000530,39506.714020,0.000530,14,4.863660,-0.249870,8.887040,0.993030,0.983340,-0.249870,0.898100,0.898100,453.940000,2062.084740
2024-06-02 13:37:19,154.567580,100.160000,6978.600000,27.694220,277919.470400,0.079600,277919.470400,0.079600,15,3.534990,-0.267380,3.798610,0.989010,0.988830,-0.378750,0.945570,0.944770,435.400000,2065.695850
2024-06-02 13:40:18,154.569650,100.160000,6978.600000,27.220780,-214050.210560,0.038590,-241960.034200,0.042450,16,2.517790,-0.132790,2.666730,0.992830,0.992750,-0.132790,0.878680,0.878680,434.720000,2065.976300
2024-06-02 13:43:04,154.571570,100.160000,6978.600000,140.413740,376523.827800,0.002660,376523.827800,0.002660,10,0.412450,0.061980,5.011870,0.457470,0.282640,0.061980,0.279700,0.279700,433.790000,2067.619190
2024-06-02 13:46:04,154.573660,100.160000,6978.600000,27.074560,-129534.174780,0.016940,-162903.302080,0.011810,9,13.794580,-1.541300,13.794580,0.993750,0.993750,-1.541300,0.992530,0.992530,448.920000,2066.845610
2024-06-02 13:49:03,154.575730,100.160000,6978.600000,-68.758220,-393631.116220,0.095710,-393631.116220,0.095710,49,5.618010,-0.555760,5.618010,0.996980,0.996980,-0.555760,0.982340,0.982340,442.950000,2065.069470
2024-06-02 14:31:20,154.605090,100.080000,6978.600000,26.724000,-223869.405770,0.075340,-223869.405770,0.075340,13,3.781820,-0.383100,5.479190,0.988670,0.985510,-0.383100,0.944750,0.944750,467.550000,2068.958540
2024-06-02 14:34:18,154.607150,100.100000,6978.600000,-69.004560,-317564.762810,0.071990,-317564.762810,0.071990,14,3.967060,1.885750,21.036930,0.974260,0.840730,1.854590,0.874910,0.876170,461.220000,2069.865080
2024-06-02 14:37:16,154.609210,100.110000,6978.600000,26.038440,158363.119640,0.003990,158363.119640,0.003990,15,4.198440,-0.619800,5.531650,0.989560,0.986490,-0.619800,0.514660,0.514660,447.180000,2116.796520
2024-06-02 14:40:15,154.611280,100.110000,6978.600000,25.682780,-562245.739810,0.172680,-724209.108680,0.173320,16,2.034590,-0.204570,2.565640,0.983930,0.983040,-0.204570,0.853270,0.853270,468.870000,2080.025180
2024-06-02 14:43:01,154.613210,100.110000,6978.600000,139.342090,-351639.254510,0.172810,-266660.140820,0.024070,10,-0.996930,-0.772190,-0.996930,0.561820,0.561820,-0.772190,0.897250,0.897250,449.710000,2074.535760
2024-06-02 14:46:01,154.615290,100.100000,6978.600000,25.543890,54889.595360,0.005200,54889.595360,0.005200,9,13.118820,-1.456060,13.118820,0.997180,0.997180,-1.456060,0.995950,0.995950,473.630000,2066.638820
2024-06-02 14:49:00,154.617360,100.100000,6978.600000,-68.874110,742471.145370,0.048000,742471.145370,0.048000,49,6.016600,-0.791810,6.749500,0.987740,0.990710,-0.791810,0.984760,0.984760,469.190000,2065.610910
2024-06-02 15:31:20,154.646760,100.040000,6978.600000,26.902330,-207320.504240,0.019970,-207320.504240,0.019970,13,4.065490,-0.435560,9.652990,0.988930,0.969270,-3.116720,0.969120,0.833290,462.580000,2062.652350
2024-06-02 15:34:19,154.648830,100.060000,6978.600000,-69.043780,239727.947480,0.039820,239727.947480,0.039820,14,4.286190,0.376260,16.544210,0.984240,0.908730,0.944220,0.920390,0.891720,479.390000,2065.890550
2024-06-02 15:37:18,154.650900,100.050000,6978.600000,26.248670,238048.816150,0.123290,235983.105720,0.121110,15,3.952240,-0.287880,5.188990,0.991100,0.987940,-0.605350,0.959320,0.944540,462.240000,2058.452200
2024-06-02 15:40:18,154.652990,100.060000,6978.600000,26.057440,-142594.341140,0.007880,-199636.319220,0.000510,16,3.124490,-0.165480,3.633810,0.991380,0.990750,-0.330860,0.924080,0.917270,449.570000,2058.776660
2024-06-02 15:43:05,154.654920,100.050000,6978.600000,140.481980,96504.932920,0.025460,96504.932920,0.025460,10,-2.317830,-0.534590,-2.317830,0.817640,0.817640,-0.524850,0.819590,0.820460,451.020000,2058.388790
2024-06-02 15:46:05,154.657000,100.040000,6978.600000,25.991330,-108896.125290,0.008480,-111040.318840,0.008460,9,16.119890,-1.825560,16.119890,0.981660,0.981660,-1.825560,0.985200,0.985200,457.620000,2053.789830
2024-06-02 15:49:03,154.659060,100.040000,6978.600000,-69.012560,-158609.878640,0.014950,-215265.705510,0.014550,49,6.529870,-0.751280,6.529870,0.993760,0.993760,-0.751280,0.991010,0.991010,437.180000,2050.505490
2024-06-02 16:31:20,154.688430,99.990000,6978.600000,25.756560,-2448664.188700,0.005250,-2448664.188700,0.005250,13,4.096570,0.674420,8.751880,0.982680,0.961470,0.677560,0.452570,0.454540,472.820000,2044.995790
2024-06-02 16:34:18,154.690490,100.000000,6978.600000,-69.122330,109644.155840,0.003330,109644.155840,0.003330,14,5.294250,-0.514700,8.076530,0.991820,0.983740,-0.514700,0.832990,0.832990,482.640000,2050.176660
2024-06-02 16:37:16,154.692550,99.990000,6978.600000,25.608330,11476717.140950,0.016810,11476717.140950,0.016810,15,4.578440,0.052280,4.578440,0.994890,0.994890,0.052280,0.108520,0.108520,464.110000,2046.192380
2024-06-02 16:40:14,154.694610,100.010000,6978.600000,25.261220,-6415.022790,0.000020,-6415.022790,0.000020,16,2.123230,-0.354970,5.369330,0.984000,0.948790,-0.966450,0.948210,0.923230,463.300000,2054.537200
2024-06-02 16:43:01,154.696540,100.020000,6978.600000,138.775490,194612.677010,0.048190,143339.688010,0.044520,10,1.536660,2.042740,1.536660,0.833100,0.833100,2.042740,0.970280,0.970280,449.190000,2051.293980
2024-06-02 16:46:01,154.698620,100.010000,6978.600000,25.098780,-29566.892350,0.000780,-29566.892350,0.000780,9,16.431200,-1.836660,16.431200,0.997270,0.997270,-1.836660,0.987780,0.987780,465.970000,2058.169360
2024-06-02 16:48:59,154.700680,100.020000,6978.600000,-69.130560,175333.637410,0.040790,175333.637410,0.040790,49,6.326870,-0.889670,6.326870,0.986820,0.986820,-0.889670,0.983170,0.983170,468.320000,2051.109410
2024-06-02 17:31:20,154.730090,99.990000,6978.600000,25.209110,-59511.278630,0.000590,-59511.278630,0.000590,13,1.587390,-1.775140,16.653490,0.910080,0.604520,-1.775140,0.948000,0.948000,476.770000,2102.475420
2024-06-02 17:34:18,154.732150,100.010000,6978.600000,-69.219110,531960.433310,0.044710,531960.433310,0.044710,14,5.293220,-0.724520,5.293220,0.967790,0.967790,-0.724520,0.974500,0.974500,471.990000,2051.674570
2024-06-02 17:37:17,154.734220,100.000000,6978.600000,24.983330,-21542.496170,0.001090,-21542.496170,0.001090,15,3.810890,-0.636470,4.799030,0.994660,0.992610,-0.636470,0.978360,0.978360,452.350000,2043.213850
2024-06-02 17:40:17,154.736310,100.000000,6978.600000,24.871220,-26938.762570,0.012110,-67370.268560,0.005690,16,3.085580,-0.200880,3.387990,0.995370,0.995120,-0.200880,0.957980,0.957980,457.050000,2038.325760
2024-06-02 17:43:04,154.738240,100.000000,6978.600000,139.625270,103859.342010,0.012260,103859.342010,0.012260,10,-0.486630,-0.064460,-1.274220,0.456190,0.431080,-0.066610,0.287440,0.285840,451.360000,2039.758100
2024-06-02 17:46:05,154.740340,100.010000,6978.600000,24.866890,108204.321590,0.006970,56232.437440,0.005300,9,15.811110,-1.760040,15.811110,0.996180,0.996180,-1.760040,0.996030,0.996030,470.600000,2036.419050
2024-06-02 17:49:05,154.742420,100.020000,6978.600000,-69.187440,-249356.538720,0.010050,-340524.539540,0.004200,49,6.774690,-0.849190,6.774690,0.997200,0.997200,-0.849190,0.992960,0.992960,466.160000,2035.728160
2024-06-02 18:31:20,154.771760,99.960000,6978.600000,24.540220,-2011016.751380,0.018950,-2390058.471680,0.019520,13,5.304210,-0.633430,10.770870,0.990160,0.979150,-1.218030,0.985080,0.982240,498.120000,2041.070900
2024-06-02 18:34:18,154.773820,99.990000,6978.600000,-69.488670,96881.230100,0.008860,96881.230100,0.008860,14,5.809640,0.627480,17.686500,0.994670,0.959560,0.627480,0.950120,0.950120,491.850000,2044.370740
2024-06-02 18:37:16,154.775880,99.980000,6978.600000,24.505330,289823.015180,0.038160,290294.799720,0.038160,15,3.400620,-0.763440,6.756460,0.956380,0.943570,-0.763440,0.976060,0.976060,501.830000,2061.972700
2024-06-02 18:40:15,154.777950,99.990000,6978.600000,24.515220,-275943.477160,0.020430,-275943.477160,0.020430,16,3.284400,-2.798510,5.323930,0.995640,0.986050,-4.832810,0.983030,0.968650,477.650000,2111.252630
2024-06-02 18:43:03,154.779900,99.990000,6978.600000,138.820550,-422922.984100,0.000620,-515814.178980,0.000200,10,-0.209690,0.541120,-0.194810,0.210410,0.211980,0.541120,0.975080,0.975080,476.760000,2047.586680
2024-06-02 18:46:03,154.781980,99.990000,6978.600000,24.299670,548159.498670,0.017700,548159.498670,0.017700,9,16.380260,-1.748770,16.380260,0.996430,0.996430,-1.748770,0.996240,0.996240,495.240000,2044.662800
2024-06-02 18:49:02,154.784050,99.990000,6978.600000,-69.271560,-415860.840380,0.108090,-405078.071440,0.107090,49,6.959160,-0.885360,7.725830,0.964330,0.970720,-0.885360,0.974250,0.974250,495.640000,2041.578710
2024-06-02 19:31:20,154.813430,100.000000,6978.600000,23.797670,935681.770190,0.038320,935681.770190,0.038320,13,4.568270,-0.532000,4.568270,0.986610,0.986610,-0.532000,0.982260,0.982260,482.620000,2030.746090
2024-06-02 19:34:19,154.815500,100.030000,6978.600000,-69.289670,194348.511430,0.022140,194348.511430,0.022140,14,3.403900,0.442810,5.388140,0.938990,0.945260,0.442810,0.642580,0.642580,486.140000,2034.878050
2024-06-02 19:37:18,154.817570,100.030000,6978.600000,23.774440,-1254.106510,0.000010,-1254.106510,0.000010,15,5.124300,-0.769250,5.124300,0.994620,0.994620,-2.551640,0.944080,0.905220,478.130000,2054.038610
2024-06-02 19:40:18,154.819650,100.030000,6978.600000,23.579000,141837.826870,0.071490,141837.826870,0.071490,16,2.311490,-0.240370,2.801280,0.991180,0.990640,-0.240370,0.957340,0.957340,490.030000,2040.132330
2024-06-02 19:43:06,154.821600,100.030000,6978.600000,138.379340,-205851.131330,0.057220,-1143557.594440,0.076090,10,-1.147070,0.117350,-1.147070,0.669340,0.669340,0.094820,0.315420,0.577300,468.100000,2037.383620
2024-06-02 19:46:07,154.823690,100.030000,6978.600000,23.440330,208034.040320,0.021540,208034.040320,0.021540,9,16.039880,-1.650910,16.039880,0.997050,0.997050,-1.650910,0.996660,0.996660,509.400000,2031.882510
2024-06-02 19:49:06,154.825760,100.030000,6978.600000,-69.316560,82153.285570,0.003560,-4030800.645960,0.026890,49,6.941310,-0.774400,6.941310,0.995160,0.995160,-0.774400,0.991920,0.991920,499.420000,2034.590440
2024-06-02 20:31:20,154.855090,100.000000,6978.600000,22.648000,-35467.285260,0.032230,-36096.414480,0.032050,13,3.809440,-0.416640,10.926790,0.987990,0.974470,-0.682190,0.976480,0.971920,586.450000,2052.298550
2024-06-02 20:34:18,154.857150,100.030000,6978.600000,-69.423330,47517161.779860,0.000710,55727305.898610,0.000340,14,9.143250,-0.275600,11.928500,0.995330,0.992760,-1.036730,0.911170,0.907380,638.800000,2047.050150
2024-06-02 20:37:16,154.859210,100.030000,6978.600000,22.495000,-191314.637100,0.035660,-193928.455410,0.035450,15,4.935960,-0.554580,8.068320,0.995190,0.990170,-1.691940,0.977260,0.953610,599.920000,2054.212580
2024-06-02 20:40:15,154.861280,100.040000,6978.600000,22.365000,263684.664470,0.040450,263684.664470,0.040450,16,4.074300,0.113660,9.783460,0.991890,0.971770,0.113660,0.419240,0.419240,601.990000,2053.690050
2024-06-02 20:43:02,154.863220,100.040000,6978.600000,137.392640,-5903.402700,0.000010,-5903.402700,0.000010,10,0.595090,2.500120,0.569510,0.105460,0.113560,2.500120,0.926950,0.926950,591.120000,2075.468280
2024-06-02 20:46:01,154.865290,100.040000,6978.600000,22.362670,-4727.732860,0.000030,-4727.732860,0.000030,9,16.222430,-1.806780,16.222430,0.996030,0.996030,-1.806780,0.995350,0.995350,660.900000,2094.863590
2024-06-02 20:49:01,154.867370,100.050000,6978.600000,-69.268440,-244581377.829790,0.050900,-201011551.144750,0.156130,49,7.692010,-1.719960,9.288290,0.988210,0.994580,-1.719960,0.991730,0.991730,641.400000,2102.185140
2024-06-02 21:31:20,154.896760,100.030000,6978.600000,21.834000,2801400.046040,0.136100,2603411.362390,0.135090,13,5.383080,-0.513210,9.990180,0.994160,0.986900,-1.499450,0.952550,0.942460,692.600000,2243.726650
2024-06-02 21:34:20,154.898840,100.070000,6978.600000,-69.616440,-36769.791420,0.014300,-36769.791420,0.014300,14,8.170950,1.167710,11.864920,0.992320,0.987940,1.167710,0.937310,0.937310,720.010000,2246.960420
2024-06-02 21:37:18,154.900900,100.060000,6978.600000,21.669440,92447.183880,0.000330,92447.183880,0.000330,15,5.036290,-0.250130,5.036290,0.984490,0.984490,-0.250130,0.283680,0.283680,714.350000,2283.106880
2024-06-02 21:40:16,154.902960,100.070000,6978.600000,21.595890,-5407936.312780,0.014770,-5503270.420070,0.014870,16,3.825710,-0.426650,8.863680,0.982690,0.964170,-0.426650,0.652000,0.652000,712.560000,2276.891830
2024-06-02 21:43:02,154.904880,100.070000,6978.600000,136.526480,255736.700310,0.002250,420416.220480,0.002120,10,0.014720,-0.402390,0.014720,0.000200,0.000200,-5.215230,0.871550,0.695400,676.830000,2248.719620
2024-06-02 21:46:01,154.906960,100.060000,6978.600000,21.700440,-133853.614790,0.000940,-133853.614790,0.000940,9,15.750510,-1.696480,15.750510,0.997660,0.997660,-1.696480,0.997320,0.997320,745.450000,2226.997070
2024-06-02 21:49:00,154.909030,100.060000,6978.600000,-69.535330,277572.536780,0.057170,277572.536780,0.057170,49,8.712340,-1.046160,9.032700,0.996110,0.996080,-2.864410,0.977920,0.955030,715.240000,2221.303990
2024-06-02 22:31:20,154.938430,100.020000,6978.600000,21.340220,162423919.095960,0.108210,66377952.189540,0.033970,13,3.652730,-1.191500,8.932800,0.982200,0.953580,-1.191500,0.987930,0.987930,722.130000,2296.138540
2024-06-02 22:34:19,154.940500,100.040000,6978.600000,-69.978220,1542574.229150,0.003270,1542574.229150,0.003270,14,5.498070,-0.526260,13.324480,0.985150,0.953120,-0.528980,0.805120,0.806290,760.310000,2287.336880
2024-06-02 22:37:18,154.942570,100.030000,6978.600000,21.168890,-14738539.565650,0.036810,-14738539.565650,0.036810,15,5.216080,-0.282360,8.903660,0.992090,0.979420,-2.276740,0.881990,0.763920,724.330000,2307.666570
2024-06-02 22:40:16,154.944630,100.030000,6978.600000,21.089220,-606705.135490,0.003990,-606705.135490,0.003990,16,4.028220,-0.243120,6.974640,0.997070,0.990790,-0.243120,0.947320,0.947320,730.850000,2290.644210
2024-06-02 22:43:03,154.946560,100.030000,6978.600000,135.649780,-401898.725910,0.013680,-401898.725910,0.013680,10,0.321730,-1.837170,42.972880,0.573020,0.046350,-1.834980,0.945450,0.946230,719.500000,2286.011290
2024-06-02 22:46:03,154.948650,100.030000,6978.600000,21.187330,979901.610320,0.052460,979901.610320,0.052460,9,16.335930,0.739990,16.378380,0.999120,0.999120,0.771450,0.883120,0.888550,782.270000,2265.301140
2024-06-02 22:49:04,154.950740,100.030000,6978.600000,-69.581220,1955711.510580,0.016910,1955711.510580,0.016910,49,7.447460,0.409580,8.096350,0.994610,0.994460,0.409580,0.346430,0.346430,772.510000,2353.446930
2024-06-02 23:31:20,154.980090,99.970000,6978.600000,20.956440,-865400.313390,0.007200,-569422.144280,0.006300,13,5.437220,-0.845760,6.977040,0.992890,0.992140,-4.788890,0.953410,0.797260,708.670000,2253.431550
2024-06-02 23:34:19,154.982160,99.990000,6978.600000,-69.904670,758435.149980,0.000740,758435.149980,0.000740,14,9.868220,16.510840,15.440730,0.991450,0.982860,17.025550,0.983370,0.983320,709.610000,2228.702360
2024-06-02 23:37:17,154.984220,99.990000,6978.600000,20.822440,-3923.021080,0.079030,-3530.911500,0.077450,15,3.179910,-11.151680,7.548320,0.975500,0.959490,-20.881370,0.973150,0.954700,770.660000,2515.266510
2024-06-02 23:40:17,154.986310,99.990000,6978.600000,20.747110,302.572260,0.004500,302.572260,0.004500,16,3.722210,-1.994550,6.274040,0.993310,0.987700,-2.013620,0.979620,0.980050,755.470000,2344.127390
2024-06-02 23:43:05,154.988250,100.000000,6978.600000,136.427250,-37797.585260,0.000340,-37797.585260,0.000340,10,-1.200360,0.920580,-1.200360,0.735780,0.735780,0.920580,0.722330,0.722330,712.700000,2279.839790
2024-06-02 23:46:05,154.990340,99.990000,6978.600000,20.837780,1583204.080210,0.000160,1583204.080210,0.000160,9,15.755360,-1.555770,15.755360,0.998590,0.998590,-1.575960,0.993660,0.993430,768.780000,2292.279090
2024-06-02 23:49:03,154.992400,99.990000,6978.600000,-69.679220,-282194.161750,0.027280,-282194.161750,0.027280,49,7.224000,-2.922380,7.961530,0.995720,0.995510,-2.922380,0.986840,0.986840,775.310000,2288.182710
2024-06-03 00:10:53,155.007560,99.940000,6978.600000,20.906330,2089608.561110,0.017010,2089608.561110,0.017010,13,5.664560,-0.854870,12.300210,0.992720,0.981030,-0.854870,0.878840,0.878840,698.520000,2293.062110
2024-06-03 00:13:51,155.009620,99.970000,6978.600000,-69.920890,-152351.142710,0.011960,-287328.088120,0.010100,14,7.006960,-1.762160,9.156610,0.996320,0.994110,-1.762160,0.991130,0.991130,715.340000,2299.515230
2024-06-03 00:16:50,155.011690,99.970000,6978.600000,20.824330,-392713.991430,0.042600,-402120.393170,0.040550,15,5.016830,-0.907750,5.016830,0.957250,0.957250,-2.906010,0.843970,0.825710,689.940000,2245.914930
2024-06-03 00:19:49,155.013760,99.980000,6978.600000,20.737440,-6893.997270,0.001500,-6893.997270,0.001500,16,3.873480,0.859590,5.670980,0.983560,0.980060,0.859590,0.613460,0.613460,730.050000,2293.617500
2024-06-03 00:22:36,155.015690,99.980000,6978.600000,136.381980,101295.724920,0.034200,101295.724920,0.034200,10,-0.504220,-0.146640,-0.504220,0.205780,0.205780,-1.145200,0.096290,0.045350,693.650000,2310.364980
2024-06-03 00:25:37,155.017790,99.980000,6978.600000,20.852000,505103.607780,0.002660,238861.985120,0.001890,9,16.081580,-1.576350,16.081580,0.997240,0.997240,-3.888010,0.985480,0.978760,771.600000,2279.898170
2024-06-03 00:28:37,155.019870,99.980000,6978.600000,-69.741330,710200.919820,0.004660,710200.919820,0.004660,49,7.297430,-2.894830,13.288310,0.994360,0.978570,-2.894830,0.966490,0.966490,739.840000,2308.108520
2024-06-03 00:31:38,155.021970,99.980000,6978.600000,20.885330,562941.390700,0.009940,562941.390700,0.009940,13,4.954220,-1.055070,10.941350,0.987280,0.976300,-2.203870,0.983080,0.961870,745.310000,2263.160720
2024-06-03 00:34:37,155.024040,99.980000,6978.600000,-69.907440,367485.688270,0.001630,408619.768220,0.001440,14,7.245220,-0.573870,12.521100,0.993300,0.978190,-0.573870,0.867500,0.867500,762.730000,2249.272040
2024-06-03 00:37:36,155.026110,99.970000,6978.600000,20.780780,781539.867310,0.083110,773339.627080,0.075540,15,5.539720,-0.243930,5.539720,0.983480,0.983480,-12.182220,0.467650,0.094450,736.080000,2243.585790
2024-06-03 00:40:35,155.028180,99.980000,6978.600000,20.707670,257.408180,0.000000,257.408180,0.000000,16,2.698110,-0.564080,8.562560,0.987820,0.964400,-0.564080,0.931870,0.931870,758.750000,2235.361080
2024-06-03 00:43:21,155.030100,99.980000,6978.600000,136.168020,-2512027.359300,0.068190,-2512027.359300,0.068190,10,3.223740,-3.550670,3.612950,0.945120,0.944970,-7.647860,0.983880,0.950010,696.180000,2206.617520
2024-06-03 00:46:21,155.032190,99.980000,6978.600000,20.836890,-505.603130,0.002490,-505.603130,0.002490,9,17.297270,-1.413710,18.646170,0.997670,0.997480,-1.413710,0.865490,0.865490,797.960000,2186.319480
2024-06-03 00:49:19,155.034250,99.980000,6978.600000,-69.807560,27158.176560,0.000010,27158.176560,0.000010,49,7.513300,0.960110,11.231580,0.997010,0.992760,0.960110,0.790980,0.790980,827.200000,2231.202890
2024-06-03 01:31:37,155.063620,99.920000,6978.600000,20.761670,-876124.501550,0.002680,-876124.501550,0.002680,13,4.924780,-0.989680,20.929650,0.980890,0.945290,-1.006680,0.946630,0.944910,613.000000,2075.273440
2024-06-03 01:34:35,155.065680,99.940000,6978.600000,-69.866220,-38123902.335900,0.005640,-71633735.357770,0.007660,14,8.782300,-0.649010,8.782300,0.994810,0.994810,-0.649010,0.981720,0.981720,662.570000,2078.478030
2024-06-03 01:37:34,155.067750,99.940000,6978.600000,20.718890,-103509.436030,0.003610,-103509.436030,0.003610,15,5.626270,-1.056850,28.128350,0.971200,0.881510,-1.056850,0.227080,0.227080,748.150000,2143.668000
2024-06-03 01:40:32,155.069810,99.940000,6978.600000,20.638560,-978390.248110,0.001780,-978390.248110,0.001780,16,2.271630,0.661280,14.229480,0.941290,0.847170,1.598270,0.932690,0.904100,809.210000,2148.658610
2024-06-03 01:43:19,155.071750,99.950000,6978.600000,135.403190,-965094.110250,0.006030,-965094.110250,0.006030,10,-0.445930,0.601830,-0.503250,0.190730,0.201160,10.545120,0.564490,0.181190,731.970000,2225.415420
2024-06-03 01:46:18,155.073820,99.940000,6978.600000,20.691670,-1100499.951790,0.032300,-1104389.059700,0.032320,9,16.882830,-2.331710,16.882830,0.998120,0.998120,-2.331710,0.969360,0.969360,792.740000,2203.452100
2024-06-03 01:49:18,155.075900,99.950000,6978.600000,-69.577220,1955581.318390,0.024160,1955581.318390,0.024160,49,8.987500,2.820190,8.987500,0.988080,0.988080,4.704000,0.978790,0.963510,743.700000,2209.161350
2024-06-03 02:31:37,155.105290,99.880000,6978.600000,20.498440,-999074.803710,0.032710,-994705.025990,0.032510,13,3.433670,-1.492330,34.145730,0.980870,0.825840,-1.492330,0.942980,0.942980,729.350000,2217.814940
2024-06-03 02:34:35,155.107350,99.910000,6978.600000,-69.947110,-306.605830,0.021930,-306.605830,0.021930,14,3.983490,-1.296810,10.062080,0.949780,0.937070,-1.296810,0.975960,0.975960,747.790000,2208.340430
2024-06-03 02:37:35,155.109430,99.910000,6978.600000,20.376440,-31892.663080,0.000230,-31892.663080,0.000230,15,4.065420,-0.339320,7.195890,0.977850,0.969210,-0.339320,0.890760,0.890760,683.660000,2198.496800
2024-06-03 02:40:33,155.111490,99.920000,6978.600000,20.299890,2589844.494290,0.000100,2589844.494290,0.000100,16,3.575060,0.083330,7.120880,0.979510,0.970080,0.083330,0.286290,0.286290,663.120000,2200.549820
2024-06-03 02:43:20,155.113430,99.920000,6978.600000,135.166810,312437.124310,0.042780,312437.124310,0.042780,10,3.148570,0.933640,10.508900,0.988600,0.911450,0.988070,0.971760,0.967470,648.310000,2212.792520
2024-06-03 02:46:20,155.115510,99.920000,6978.600000,20.430220,-9074684.706430,0.004960,-9074684.706430,0.004960,9,15.832310,-1.541520,15.832310,0.998880,0.998880,-1.541520,0.995350,0.995350,760.700000,2217.642110
2024-06-03 02:49:18,155.117570,99.920000,6978.600000,-69.821330,-56375.884930,0.043080,-56375.884930,0.043080,49,7.773230,-1.994380,9.032330,0.991790,0.991140,-1.994380,0.987060,0.987060,746.390000,2250.820420
2024-06-03 03:31:37,155.146960,99.860000,6978.600000,20.202560,-19446674.442320,0.015830,-19373741.146270,0.015810,13,5.124870,-0.463060,12.448070,0.994950,0.978720,-0.463060,0.890660,0.890660,707.940000,2319.407600
2024-06-03 03:34:35,155.149020,99.880000,6978.600000,-69.985440,-15267646.030920,0.112900,-15121644.601180,0.104730,14,8.422530,0.924360,10.279990,0.997280,0.995870,1.040430,0.914170,0.916530,709.960000,2324.258670
2024-06-03 03:37:34,155.151090,99.880000,6978.600000,20.079560,-201321.289690,0.022700,-201321.289690,0.022700,15,4.314720,-0.936370,5.297850,0.981420,0.980420,-0.936370,0.988280,0.988280,700.730000,2341.324940
2024-06-03 03:40:33,155.153160,99.880000,6978.600000,20.014000,-3406.349500,0.000010,-3406.349500,0.000010,16,4.397050,0.646580,5.217310,0.993700,0.992940,0.646580,0.677950,0.677950,712.800000,2333.338130
2024-06-03 03:43:19,155.155080,99.900000,6978.600000,135.021210,-99765.078080,0.001500,-99765.078080,0.001500,10,-2.694320,-2.560320,-2.694320,0.923160,0.923160,-2.560320,0.955680,0.955680,692.760000,2342.707190
2024-06-03 03:46:18,155.157150,99.890000,6978.600000,20.120440,-238547.809160,0.000200,-238547.809160,0.000200,9,16.706930,-2.078950,16.706930,0.998030,0.998030,-2.078950,0.994510,0.994510,721.640000,2321.582740
2024-06-03 03:49:17,155.159220,99.880000,6978.600000,-69.759670,-655.916800,0.000420,-655.916800,0.000420,49,9.793180,-0.179650,12.596600,0.994190,0.991590,-0.179650,0.504380,0.504380,747.760000,2333.740840
2024-06-03 04:31:37,155.188620,99.860000,6978.600000,20.046330,-729282.489150,0.024640,-735377.910860,0.024500,13,4.598180,1.003140,13.162780,0.984730,0.962730,1.003140,0.635010,0.635010,785.930000,2315.474530
2024-06-03 04:34:35,155.190680,99.890000,6978.600000,-69.948440,121378.713470,0.002210,121378.713470,0.002210,14,7.876450,-4.064800,10.661470,0.995970,0.992420,-4.064800,0.992990,0.992990,750.440000,2318.898860
2024-06-03 04:37:34,155.192750,99.880000,6978.600000,19.937330,9684.598690,0.003220,9684.598690,0.003220,15,5.900900,0.614070,5.900900,0.980480,0.980480,0.614070,0.682130,0.682130,722.820000,2258.128220
2024-06-03 04:40:32,155.194810,99.880000,6978.600000,19.886220,-4189369.479750,0.004980,-4189369.479750,0.004980,16,3.528420,-0.399800,8.423190,0.985280,0.972610,-0.399800,0.941900,0.941900,754.450000,2268.109750
2024-06-03 04:43:18,155.196740,99.880000,6978.600000,134.412640,-118862.904230,0.029880,-218798.761580,0.031520,10,-2.813030,-1.467580,-2.855580,0.959410,0.959300,-1.467580,0.862300,0.862300,722.610000,2268.019740
2024-06-03 04:46:17,155.198810,99.880000,6978.600000,20.010110,-271882.314780,0.007310,-271882.314780,0.007310,9,16.621030,-1.804060,16.621030,0.998160,0.998160,-1.804060,0.996670,0.996670,761.330000,2250.742990
2024-06-03 04:49:16,155.200880,99.880000,6978.600000,-69.805220,889.999470,0.038700,889.999470,0.038700,49,9.198840,-0.525410,9.198840,0.991350,0.991350,-0.525410,0.941040,0.941040,733.930000,2252.645170
2024-06-03 05:31:37,155.230290,99.900000,6978.600000,19.576780,9794303.642540,0.191400,10459997.833530,0.180840,13,5.571570,-0.182870,12.109200,0.992620,0.976120,-4.733140,0.724230,0.432250,629.570000,2111.528230
2024-06-03 05:34:36,155.232360,99.920000,6978.600000,-70.082110,-7991224.167910,0.006460,-7991224.167910,0.006460,14,5.797310,-0.472030,16.019470,0.974860,0.948620,-0.472030,0.913490,0.913490,617.480000,2109.325630
2024-06-03 05:37:36,155.234440,99.920000,6978.600000,19.364560,20775894.174310,0.018820,20775894.174310,0.018820,15,2.686850,-0.223970,9.039990,0.971520,0.918270,34.017370,0.152710,0.002310,702.320000,2288.942460
2024-06-03 05:40:34,155.236500,99.940000,6978.600000,19.386110,-2933676.347100,0.009710,-2933676.347100,0.009710,16,3.271430,-2.506970,3.271430,0.973480,0.973480,-12.710600,0.924930,0.792720,699.850000,2316.455180
2024-06-03 05:43:20,155.238430,99.940000,6978.600000,135.178020,-27510747.512140,0.059210,-22494946.198930,0.018690,10,-0.572740,-0.481330,-0.572740,0.623930,0.623930,-0.481330,0.884760,0.884760,673.940000,2291.971690
2024-06-03 05:46:20,155.240510,99.940000,6978.600000,19.589330,-1552937.515670,0.009040,-1552937.515670,0.009040,9,16.136630,-1.279710,17.030450,0.998830,0.998740,-1.279710,0.981270,0.981270,740.580000,2282.685660
2024-06-03 05:49:20,155.242590,99.940000,6978.600000,-69.879330,-344692.913490,0.016040,-65791.884560,0.005510,49,5.187690,-1.803510,5.542100,0.981230,0.981150,-1.803510,0.983240,0.983240,750.540000,2302.755080
2024-06-03 06:31:37,155.271960,99.910000,6978.600000,19.403780,-3831522.826410,0.074390,-875796.969910,0.029530,13,5.154700,-0.270130,10.292830,0.994890,0.986230,-0.270130,0.892170,0.892170,629.630000,2207.951570
2024-06-03 06:34:36,155.274030,99.940000,6978.600000,-69.983220,-20287822.658010,0.066820,-20287822.658010,0.066820,14,6.320980,4.198640,8.110530,0.981870,0.984740,4.198640,0.950940,0.950940,631.580000,2207.172300
2024-06-03 06:37:34,155.276090,99.940000,6978.600000,19.274780,308.282770,0.025710,223.592860,0.023670,15,3.922100,-2.140420,11.717950,0.987290,0.942770,-6.556150,0.978050,0.964960,584.290000,2295.231510
2024-06-03 06:40:33,155.278160,99.950000,6978.600000,19.390780,-372866.850830,0.005780,-372866.850830,0.005780,16,2.563410,-2.054570,5.902920,0.982700,0.956160,-2.054570,0.980190,0.980190,582.570000,2209.975930
2024-06-03 06:43:19,155.280080,99.960000,6978.600000,134.917690,-1163105.547330,0.026490,-1140571.945400,0.025930,10,-0.565860,-0.282050,-0.583900,0.222290,0.220580,-0.282050,0.066730,0.066730,544.190000,2181.176380
2024-06-03 06:46:19,155.282160,99.960000,6978.600000,19.673330,2.521650,0.000020,2.521650,0.000020,9,15.005690,-2.472720,15.950470,0.998000,0.997880,-2.472720,0.991640,0.991640,572.470000,2171.406610
2024-06-03 06:49:18,155.284240,99.960000,6978.600000,-69.893330,-237816093.159720,0.041740,-30744202.017690,0.009960,49,7.716680,0.219460,7.900710,0.997220,0.997210,0.219460,0.349850,0.349850,549.930000,2153.815030
2024-06-03 07:31:37,155.313620,99.920000,6978.600000,20.624670,20149755.438870,0.000980,52028546.637900,0.000320,13,2.410330,-0.317990,9.604730,0.965410,0.905090,-1.218130,0.948810,0.903740,521.900000,2100.207690
2024-06-03 07:34:36,155.315690,99.950000,6978.600000,-69.991560,-1987887.505520,0.001000,-1987887.505520,0.001000,14,6.542320,-0.408530,6.906290,0.984520,0.984470,-0.408530,0.934210,0.934210,527.860000,2097.508250
2024-06-03 07:37:34,155.317750,99.940000,6978.600000,20.582110,417983.084750,0.006270,386389.601770,0.004970,15,5.395550,-0.354280,6.375470,0.980030,0.979220,-0.354280,0.962100,0.962100,520.090000,2096.283490
2024-06-03 07:40:32,155.319810,99.950000,6978.600000,20.967220,222395.732190,0.018310,219909.141770,0.016490,16,3.787150,-0.227090,4.445510,0.995040,0.994490,-0.227090,0.940180,0.940180,525.480000,2096.666800
2024-06-03 07:43:19,155.321750,99.950000,6978.600000,135.206590,70578.461710,0.003880,70578.461710,0.003880,10,0.971480,0.656860,0.971480,0.577670,0.577670,0.656860,0.965270,0.965270,513.290000,2099.391580
2024-06-03 07:46:18,155.323820,99.950000,6978.600000,21.543670,-941791.907680,0.004130,-941791.907680,0.004130,9,14.244000,-1.750020,15.355170,0.998140,0.997950,-1.750020,0.995760,0.995760,539.040000,2102.077560
2024-06-03 07:49:19,155.325910,99.960000,6978.600000,-69.631110,1907.261010,0.021060,1907.261010,0.021060,49,6.354560,-0.822400,6.354560,0.994180,0.994180,-0.822400,0.988990,0.988990,522.030000,2100.341190
2024-06-03 08:31:37,155.355290,99.960000,6978.600000,22.358890,2879696.533780,0.016690,2879696.533780,0.016690,13,0.519390,-0.552230,16.054250,0.514490,0.329350,-0.552230,0.983140,0.983140,527.220000,2099.503870
2024-06-03 08:34:36,155.357360,99.980000,6978.600000,-69.779780,-50955.945030,0.000230,-50955.945030,0.000230,14,2.593120,-0.886040,6.244790,0.914930,0.898000,-0.886040,0.982580,0.982580,517.230000,2093.171520
2024-06-03 08:37:34,155.359420,99.980000,6978.600000,22.099560,1166654.890460,0.019280,465012.684380,0.001750,15,4.073420,-0.353990,5.075580,0.990340,0.987940,-0.353990,0.964470,0.964470,461.760000,2087.879480
2024-06-03 08:40:33,155.361490,99.990000,6978.600000,22.342440,1317082.938870,0.031910,1317082.938870,0.031910,16,2.757930,-0.105100,2.757930,0.991800,0.991800,-0.105100,0.698760,0.698760,464.150000,2087.551840
2024-06-03 08:43:20,155.363430,99.990000,6978.600000,135.808570,434678.692220,0.012960,434678.692220,0.012960,10,0.305400,0.175490,0.301180,0.232230,0.276740,0.331810,0.826350,0.820870,460.700000,2087.569790
2024-06-03 08:46:20,155.365510,99.990000,6978.600000,22.680780,-71407.673990,0.000150,-71407.673990,0.000150,9,13.426960,-1.506130,13.426960,0.997080,0.997080,-1.506130,0.996490,0.996490,471.720000,2088.437940
2024-06-03 08:49:18,155.367570,99.990000,6978.600000,-69.349440,121350.888550,0.014050,121350.888550,0.014050,49,7.163440,-0.902730,9.705880,0.993690,0.990460,-0.902730,0.987340,0.987340,472.540000,2087.798830
2024-06-03 09:31:37,155.396960,99.980000,6978.600000,23.720670,160609035.904600,0.004050,166123580.085770,0.004100,13,2.302480,0.067910,13.726280,0.963600,0.858400,0.067910,0.165610,0.165610,486.030000,2103.293380
2024-06-03 09:34:35,155.399020,100.000000,6978.600000,-69.349220,-62666170.903540,0.038800,-42201847.339870,0.079040,14,6.133330,-0.446120,7.554210,0.993880,0.992380,-0.397730,0.777540,0.864490,493.640000,2139.183340
2024-06-03 09:37:36,155.401110,99.990000,6978.600000,23.904780,-40253.899070,0.001540,-40253.899070,0.001540,15,3.305730,2.320940,7.349080,0.987960,0.970410,2.692730,0.807240,0.894460,461.330000,2212.652270
2024-06-03 09:40:34,155.403170,99.990000,6978.600000,24.440890,-334154.108080,0.005550,-334154.108080,0.005550,16,2.928660,-0.348700,8.368630,0.992230,0.960990,-4.242900,0.856150,0.687290,453.020000,2286.657440
2024-06-03 09:43:20,155.405090,99.990000,6978.600000,136.680110,-703185.906480,0.001730,-777915.681220,0.001150,10,0.151330,0.134490,2.045450,0.292320,0.056700,0.134490,0.069110,0.069110,447.830000,2299.603190
2024-06-03 09:46:20,155.407180,100.000000,6978.600000,24.362780,15142595.187310,0.088100,11795362.878160,0.246850,9,13.117580,-1.632430,13.117580,0.994750,0.994750,-1.632430,0.992760,0.992760,453.910000,2276.152780
2024-06-03 09:49:20,155.409260,99.990000,6978.600000,-69.218330,-266777.950580,0.004140,-266777.950580,0.004140,49,8.091800,-0.584940,8.091800,0.994010,0.994010,-0.584940,0.891190,0.891190,476.170000,2269.529390
2024-06-03 10:31:37,155.438620,99.950000,6978.600000,24.865670,-5579355.139590,0.225940,-5579355.139590,0.225940,13,3.245910,-0.592290,8.584920,0.987230,0.965600,-1.576280,0.990910,0.964100,453.060000,2063.373160
2024-06-03 10:34:37,155.440710,99.980000,6978.600000,-69.405220,-5276605.095230,0.007610,-5158523.998330,0.007600,14,3.750300,-0.339930,14.026400,0.954600,0.891990,-0.339930,0.884270,0.884270,447.330000,2066.651740
2024-06-03 10:37:36,155.442780,99.960000,6978.600000,24.196560,-187498.789170,0.000170,-187498.789170,0.000170,15,3.643110,3.655210,3.907620,0.978070,0.977940,4.430940,0.174530,0.348670,430.570000,2057.244240
2024-06-03 10:40:34,155.444840,99.980000,6978.600000,24.383330,-405360.828510,0.069830,-405360.828510,0.069830,16,3.658480,0.777160,4.758470,0.995660,0.993500,0.777160,0.952400,0.952400,452.350000,2063.384160
2024-06-03 10:43:21,155.446770,99.980000,6978.600000,137.348460,96614.936580,0.011190,96614.936580,0.011190,10,0.212550,-2.120410,0.212550,0.172330,0.172330,-4.532430,0.980390,0.950190,448.030000,2083.786750
2024-06-03 10:46:23,155.448880,99.980000,6978.600000,24.666440,839630.708740,0.036060,630729.946190,0.032540,9,16.391230,-1.537910,16.391230,0.998800,0.998800,-1.537910,0.931250,0.931250,463.830000,2061.380070
2024-06-03 10:49:22,155.450950,99.970000,6978.600000,-69.224110,-2715270.629260,0.026090,-2715270.629260,0.026090,49,10.511110,-1.416860,14.756280,0.988330,0.982440,-1.416860,0.989290,0.989290,465.790000,2061.643900
2024-06-03 11:31:37,155.480290,99.920000,6978.600000,25.018000,25696130.819250,0.015570,24744861.881170,0.013980,13,5.504260,-0.670850,17.113660,0.991940,0.946620,-0.670850,0.321480,0.321480,465.250000,2062.632160
2024-06-03 11:34:36,155.482360,99.940000,6978.600000,-69.233560,431980.814410,0.106610,431980.814410,0.106610,14,4.487150,-0.728210,11.094870,0.989900,0.968150,-0.728210,0.963560,0.963560,456.290000,2074.815860
2024-06-03 11:37:36,155.484440,99.940000,6978.600000,25.180000,144057.414080,0.017810,144057.414080,0.017810,15,3.374940,-0.118490,4.042580,0.995790,0.994910,-0.118490,0.404520,0.404520,447.910000,2075.210380
2024-06-03 11:40:35,155.486520,99.940000,6978.600000,24.959330,-10380853.479290,0.007540,-13988879.308360,0.007470,16,3.288520,-0.205380,3.781130,0.995620,0.995000,-0.205380,0.607380,0.607380,433.190000,2071.801780
2024-06-03 11:43:23,155.488460,99.940000,6978.600000,137.525930,292134.532780,0.040980,292134.532780,0.040980,10,-0.181670,-0.141090,-0.181670,0.018780,0.018780,-0.141090,0.023370,0.023370,428.750000,2076.606680
2024-06-03 11:46:24,155.490560,99.930000,6978.600000,25.454220,140965.857590,0.035870,140965.857590,0.035870,9,13.997230,-1.581670,13.997230,0.998040,0.998040,-1.581670,0.997460,0.997460,455.540000,2062.382440
2024-06-03 11:49:24,155.492640,99.940000,6978.600000,-69.109000,-104890.381610,0.000150,-104890.381610,0.000150,49,7.688290,-0.213910,7.688290,0.990220,0.990220,-0.207110,0.219710,0.221530,450.880000,2062.777920
