CHAMBER,,CHAMBER,,CHAMBER,LI-8100,LI-8100,CHAMBER,CHAMBER,LI-7810,LI-7810,LI-7810,LI-7810,LI-8100,LI-8100,LI-8100,LI-8100,LI-7810,LI-7810,LI-7810,LI-7810,LI-7810,LI-7810
TA initial_value,VOLUME_TOTAL,TA mean,TIMESTAMP_START,COLLAR_HEIGHT,H2O initial_value,H2O mean,V2 mean,V3 mean,FCH4 LIN,FCH4 LIN_R2,FCH4,FCH4 R2,FCO2_DRY,FCO2_DRY R2,FCO2_DRY LIN,FCO2_DRY LIN_R2,CH4 initial_value,FCO2 LIN,FCO2 LIN_R2,FCO2,FCO2 R2,H2O mean
[C],[cm+3],[C],[YYYYMMDDHHMMSS],[cm],[mmol+1 mol-1],[mmol+1 mol-1],[#],[#],[nmol+1m-2s-1],[#],[nmol+1m-2s-1],[#],[umol+1m-2s-1],[#],[umol+1m-2s-1],[#],[nmol+1 mol-1],[umol+1m-2s-1],[#],[umol+1m-2s-1],[#],[umol+1 mol-1]
26.093180,6926.900000,26.186670,20240603123746.000000,8.000000,620171.412000,330766.342000,0.373470,84.311220,-0.002440,0.001330,-0.002440,0.001330,-82044.291830,0.001420,-82044.291830,0.001420,2084.687100,1.023990,0.572710,1.023990,0.572710,22715.601000
-69.216820,6926.900000,-69.195890,20240603124044.000000,8.000000,38194.976000,478328.198000,0.373000,81.870800,-0.148330,0.149880,-0.315250,0.113810,-3145.061310,0.015990,-3145.061310,0.015990,2088.595840,4.692760,0.897530,14.090480,0.931430,22701.595000
26.813640,6926.900000,26.906560,20240603124343.000000,8.000000,2342705.455000,1116416.496000,0.330770,134.603620,1.420500,0.979120,1.420500,0.979120,2028032.523570,0.127260,2028032.523570,0.127260,2100.417690,-4.636800,0.990220,-5.739520,0.992110,22848.952000
25.941360,6926.900000,26.060110,20240603124642.000000,8.000000,2147480.000000,1384743.725000,0.376230,34.116810,-0.197380,0.462220,-0.202100,0.465150,63621.162370,0.000240,63621.162370,0.000240,2087.865740,-2.902880,0.990260,-3.525780,0.990950,22745.028000
32.389090,6926.900000,138.553410,20240603124940.000000,8.000000,1464555.825000,1390437.727000,-0.447930,132.989730,0.432910,0.639080,0.349160,0.405910,-130756.602700,0.034900,-115192.265950,0.035240,2090.624760,0.209520,0.296600,0.209520,0.296600,22458.233000
25.827270,6926.900000,25.853330,20240603125227.000000,8.000000,2147480.000000,1820072.936000,0.010000,18.828760,1.575010,0.994480,1.575010,0.994480,-285387.564590,0.093990,-285387.564590,0.093990,2085.383800,-14.868640,0.995250,-14.868640,0.995250,22049.481000
-68.820000,6926.900000,-69.012110,20240603125526.000000,8.000000,2147480.000000,1711370.004000,0.079230,18.778430,1.399720,0.871660,1.399720,0.871660,2986121.965660,0.012770,2986121.965660,0.012770,2093.139320,-7.974410,0.992990,-7.974410,0.992990,22485.097000
27.698180,6926.900000,28.238110,20240603133731.000000,8.000000,2537930.909000,564164.185000,0.372220,85.588720,1.532610,0.968840,4.306760,0.978610,81548659.559930,0.003010,81548659.559930,0.003010,2078.448040,-6.741230,0.989990,-8.599530,0.991750,22351.411000
-68.525910,6926.900000,-68.723670,20240603134029.000000,8.000000,-791585.409000,1533367.832000,0.373000,82.270710,-0.392110,0.804720,-0.392110,0.804720,-282872.496540,0.035730,-104027.308650,0.034000,2068.590330,7.037600,0.948470,14.034730,0.966220,22434.814000
27.348180,6926.900000,27.307560,20240603134327.000000,8.000000,2634169.881000,2052203.016000,0.330000,135.685890,0.257470,0.772040,0.257470,0.772040,7149.971720,0.000320,259572.496710,0.018550,2067.601650,-5.182460,0.971050,-5.182460,0.971050,22251.184000
26.656360,6926.900000,26.708560,20240603134626.000000,8.000000,2147480.000000,1631061.820000,0.377000,34.165540,-0.033500,0.033020,-0.033500,0.033020,-194328.299570,0.038340,-185197.307900,0.038480,2072.850970,-3.495660,0.991240,-4.432640,0.992880,22118.665000
31.923640,6926.900000,138.827140,20240603134924.000000,8.000000,2147480.000000,1369717.571000,-0.455660,133.787320,-0.736290,0.191200,-4.966570,0.465870,136915.753370,0.026240,136915.753370,0.026240,2074.876660,-0.237030,0.029190,-0.237030,0.029190,21872.652000
26.596360,6926.900000,26.652000,20240603135212.000000,8.000000,2147480.000000,1883826.011000,0.009000,18.992420,0.786600,0.788090,3.463570,0.883920,-3132784.072860,0.010300,-23161157.760250,0.041420,2071.686320,-14.034090,0.997250,-14.034090,0.997250,22166.538000
-68.548180,6926.900000,-68.883000,20240603135510.000000,8.000000,195225.455000,1494813.762000,0.079000,18.931320,-0.673460,0.919030,-2.438980,0.970840,-313097.017390,0.001020,-316382.867480,0.001040,2083.951750,5.236020,0.991970,5.236020,0.991970,22260.829000
26.867270,6926.900000,26.949670,20240603143731.000000,8.000000,-1348045.027000,793750.425000,0.372000,85.385330,-0.717020,0.801070,-5.547970,0.964790,-441298.972170,0.000860,-316417.772100,0.005920,2073.781150,6.052190,0.901190,28.230250,0.981950,23064.152000
-68.735450,6926.900000,-68.873890,20240603144029.000000,8.000000,-585676.364000,1693094.077000,0.371000,82.398740,-0.483830,0.842660,-0.813350,0.843570,-31683.727180,0.007700,-31683.727180,0.007700,2075.451090,8.485520,0.945690,24.367280,0.988360,23254.685000
27.258640,6926.900000,27.250670,20240603144327.000000,8.000000,2147480.000000,1476423.078000,0.329230,135.850190,0.449620,0.868230,0.449620,0.868230,-32416.617460,0.003990,-76970.103320,0.006400,2079.565610,-3.866850,0.988850,-4.332130,0.989150,23131.797000
26.851360,6926.900000,26.964670,20240603144625.000000,8.000000,2089061.818000,1809577.486000,0.375230,34.100900,0.145480,0.819730,0.502910,0.841930,-404298.442070,0.249090,-411637.517850,0.250880,2077.956410,-2.532330,0.967480,-5.016770,0.986250,22978.742000
34.585000,6926.900000,140.042860,20240603144925.000000,8.000000,3318832.727000,1029117.950000,-0.439630,133.958370,-0.730780,0.766800,-0.730780,0.766800,-80010.793280,0.002160,-80010.793280,0.002160,2079.923180,-0.095060,0.009650,-0.095060,0.009650,22708.309000
27.245000,6926.900000,27.307890,20240603145212.000000,8.000000,2147480.000000,1820308.006000,0.008770,19.144680,1.606870,0.957280,1.606870,0.957280,-144626.790110,0.026830,-144626.790110,0.026830,2079.142050,-13.686890,0.995990,-13.686890,0.995990,23499.466000
-68.569090,6926.900000,-68.359440,20240603145512.000000,8.000000,1366578.182000,1527096.889000,0.080000,19.129790,0.281170,0.979910,0.281170,0.979910,145529.128790,0.030710,145529.128790,0.030710,2076.569090,-2.043140,0.985530,-2.335150,0.981630,22952.164000
28.433640,6926.900000,28.610220,20240603153731.000000,8.000000,2765100.100000,763543.025000,0.370000,84.974820,0.476140,0.794710,0.476140,0.794710,-2277408.688140,0.000020,-1168145.008000,0.000240,2069.708190,-4.882940,0.952910,-6.208980,0.953750,22789.241000
-68.357270,6926.900000,-68.684890,20240603154029.000000,8.000000,-390450.909000,1813427.556000,0.370230,81.811780,-0.695680,0.957710,-2.107970,0.964680,-77246.106680,0.053700,-77246.106680,0.053700,2073.705530,9.957670,0.991770,12.978090,0.994490,23106.506000
26.851360,6926.900000,26.752330,20240603154327.000000,8.000000,2147480.000000,1256915.069000,0.327230,136.218970,-0.110780,0.158590,-0.110780,0.158590,-644709.547260,0.029350,-120967.002620,0.018280,2070.436930,-3.858630,0.979650,-6.542100,0.986570,22780.822000
26.241820,6926.900000,26.243330,20240603154625.000000,8.000000,-585676.364000,1504572.520000,0.376000,34.132700,-0.292210,0.754670,-1.653180,0.780500,-4432.869340,0.000320,-4432.869340,0.000320,2068.419820,4.733740,0.953560,6.314110,0.951430,22799.640000
33.411360,6926.900000,139.786150,20240603154923.000000,8.000000,2147480.000000,1372663.549000,-0.458600,134.273700,0.152740,0.151300,0.127590,0.004110,-11707.285510,0.000160,-11707.285510,0.000160,2069.538650,-1.265290,0.101330,-1.350530,0.100390,23036.689000
25.798180,6926.900000,25.802780,20240603155211.000000,8.000000,2614185.508000,1568713.571000,0.007000,19.218000,2.545990,0.996720,2.545990,0.996720,-38981.889190,0.001410,-38981.889190,0.001410,2061.907550,-22.771390,0.996730,-22.771390,0.996730,22987.692000
-68.336360,6926.900000,-68.992780,20240603155510.000000,8.000000,2147480.000000,1456085.645000,0.079000,19.236110,1.313580,0.963010,1.313580,0.963010,-427332.893080,0.026990,-217211.487790,0.026160,2067.839090,-10.788390,0.979830,-10.788390,0.979830,22992.028000
25.725910,6926.900000,25.814890,20240603163731.000000,8.000000,2860536.936000,1094437.372000,0.370000,93.161100,0.710700,0.948950,1.971830,0.967040,-1502356.989260,0.021890,-7467164.478670,0.064080,2061.587460,-5.475450,0.959320,-5.475450,0.959320,23642.423000
-69.344550,6926.900000,-69.197220,20240603164029.000000,8.000000,2147480.000000,1885098.070000,0.368230,81.947230,-0.264150,0.666160,-0.264150,0.666160,359284.317400,0.006860,359284.317400,0.006860,2059.881060,-6.428910,0.952740,-20.278870,0.991360,23746.886000
25.203180,6926.900000,25.159330,20240603164327.000000,8.000000,1171899.209000,1732099.949000,0.327220,136.108560,0.037060,0.798390,0.292300,0.898150,-499426.327520,0.080470,-499426.327520,0.080470,2067.495440,-0.462530,0.858020,-2.203070,0.932170,23697.647000
24.974550,6926.900000,24.973110,20240603164626.000000,8.000000,2147480.000000,1686515.196000,0.375000,34.253980,0.281340,0.843330,1.503080,0.957060,-263674.932070,0.048350,-171803.499100,0.033960,2070.531950,-6.188240,0.992630,-7.467660,0.993480,23573.089000
31.923180,6926.900000,138.946700,20240603164926.000000,8.000000,0.000000,1217939.945000,-0.442120,134.039860,-0.191100,0.779190,-0.191100,0.779190,22.807900,0.003210,23.526910,0.003440,2070.376480,-0.328090,0.086830,-0.328090,0.086830,24243.131000
24.981360,6926.900000,24.967890,20240603165213.000000,8.000000,2263652.284000,1248645.840000,0.007000,19.228240,2.288510,0.998100,2.288510,0.998100,-37525.947640,0.000260,-37525.947640,0.000260,2060.643090,-21.436360,0.996890,-21.436360,0.996890,24012.555000
-68.859090,6926.900000,-69.063220,20240603165511.000000,8.000000,1889212.318000,1218884.064000,0.078760,19.235200,0.954430,0.991740,0.954430,0.991740,111716.246740,0.011690,318159.921010,0.043070,2068.128960,-5.593910,0.980700,-7.811960,0.985440,24030.380000
25.060910,6926.900000,25.056000,20240603173731.000000,8.000000,-2733156.364000,-15657.477000,0.369230,93.584860,-2.638160,0.989160,-2.638160,0.989160,-8528862.611790,0.016990,-45336638.160930,0.050930,2068.669490,16.822840,0.961850,30.252590,0.968500,24389.764000
-69.205910,6926.900000,-69.261220,20240603174030.000000,8.000000,1270015.868000,1120334.554000,0.368000,82.233620,-0.013260,0.152380,-0.013260,0.152380,1310777.473630,0.055800,1310777.473630,0.055800,2060.169990,-0.957810,0.944010,-4.404890,0.981270,24314.907000
25.204550,6926.900000,25.124330,20240603174328.000000,8.000000,1952493.573000,1715279.238000,0.327000,135.697990,0.335370,0.953280,0.937320,0.977670,-510648.599250,0.042810,-637774.710080,0.043920,2066.486150,-5.522490,0.968610,-13.667790,0.991310,24299.047000
25.142730,6926.900000,25.129780,20240603174627.000000,8.000000,2410806.636000,1916127.857000,0.373230,34.113490,0.354720,0.947780,0.354720,0.947780,-32139972.615320,0.153250,-47866936.925540,0.074050,2064.899280,-5.538060,0.978400,-10.748800,0.988100,24109.835000
33.441820,6926.900000,139.427580,20240603174927.000000,8.000000,2135426.083000,947693.694000,-0.450100,133.684920,-0.614180,0.960330,-0.792320,0.967360,-4070484.538180,0.014660,-4101708.938050,0.014760,2065.532910,-3.063190,0.913320,-3.687580,0.915290,24257.029000
25.093180,6926.900000,25.080890,20240603175214.000000,8.000000,2147480.000000,1554373.150000,0.006000,19.230180,2.013640,0.997270,2.013640,0.997270,2463024.333730,0.004880,2463024.333730,0.004880,2058.108980,-19.313750,0.996500,-19.313750,0.996500,24277.496000
-69.129550,6926.900000,-69.094670,20240603175512.000000,8.000000,2049825.781000,1905425.158000,0.078000,19.230570,1.143980,0.992090,1.143980,0.992090,-168468.165250,0.025120,-168468.165250,0.025120,2061.135900,-8.625040,0.979450,-12.804490,0.986970,24285.853000
24.664090,6926.900000,24.623670,20240603183731.000000,8.000000,2055981.364000,533915.232000,0.368000,93.762030,0.398140,0.937330,1.533890,0.979300,-607681.040920,0.004190,-680928.543560,0.004750,2067.667580,-2.650590,0.957150,-6.057100,0.965870,24383.714000
-68.731820,6926.900000,-69.276440,20240603184029.000000,8.000000,195225.455000,1455601.799000,0.367770,82.430200,-0.372300,0.973820,-0.372300,0.973820,-26204.167380,0.051060,-26204.167380,0.051060,2064.147780,6.401540,0.995240,9.439010,0.997440,24362.640000
24.519090,6926.900000,24.447890,20240603184327.000000,8.000000,2147480.000000,1629830.277000,0.326770,135.673940,0.202810,0.898550,0.202810,0.898550,302913.681430,0.013600,302913.681430,0.013600,2067.973110,-4.413390,0.963700,-9.057810,0.975610,24537.082000
24.468180,6926.900000,24.428220,20240603184625.000000,8.000000,482300.027000,1061081.592000,0.374000,33.497170,-0.027690,0.436080,-0.027690,0.436080,34564.351310,0.013490,34564.351310,0.013490,2071.985280,2.422730,0.986870,4.880050,0.998010,24413.849000
31.874090,6926.900000,138.674290,20240603184923.000000,8.000000,585676.364000,1555793.780000,-0.456260,133.549490,-0.049740,0.842510,-0.049740,0.842510,17505.043400,0.006950,17505.043400,0.006950,2079.898660,-0.631720,0.715160,-0.631720,0.715160,24819.513000
24.469090,6926.900000,24.418220,20240603185211.000000,8.000000,2147480.000000,1642562.575000,0.006000,19.221770,2.011170,0.997890,2.011170,0.997890,1981801.760720,0.015170,2946332.192920,0.045960,2072.362350,-17.906840,0.997720,-17.906840,0.997720,24564.775000
-68.548180,6926.900000,-69.199220,20240603185509.000000,8.000000,988273.990000,1009849.009000,0.078000,19.236810,-0.011650,0.994210,-0.011650,0.994210,-691509.586570,0.010180,-676398.144370,0.010430,2073.715370,0.076140,0.978980,0.078010,0.978990,24460.686000
23.774090,6926.900000,23.735000,20240603193731.000000,8.000000,2733156.364000,979702.149000,0.369000,93.825390,1.393130,0.987020,1.393130,0.987020,12170639.426550,0.011350,57702928.865220,0.031820,2086.529850,-1.892040,0.544740,-24.888350,0.804660,24252.107000
-69.208640,6926.900000,-69.464670,20240603194030.000000,8.000000,2147480.000000,1288926.254000,0.367000,82.445520,0.406800,0.782400,2.370650,0.929650,463580.379580,0.013640,463580.379580,0.013640,2070.456690,-8.779710,0.968770,-23.289150,0.994460,24193.420000
23.606360,6926.900000,23.539220,20240603194329.000000,8.000000,2147480.000000,1504030.462000,0.326000,135.220620,-0.885100,0.941620,-0.885100,0.941620,-1368.129900,0.000000,-1368.129900,0.000000,2079.893520,-12.591420,0.979600,-24.051430,0.991580,24367.539000
23.425450,6926.900000,23.403110,20240603194627.000000,8.000000,-45038.706000,1318819.920000,0.373770,33.205140,0.290390,0.791090,0.290390,0.791090,24691.977130,0.030900,24691.977130,0.030900,2118.338520,-1.025250,0.727730,-1.025250,0.727730,24229.325000
30.029550,6926.900000,137.585490,20240603194928.000000,8.000000,104201.093000,804458.350000,-0.439100,133.151120,2.423940,0.980350,2.423940,0.980350,29080.514260,0.002270,29080.514260,0.002270,2127.603330,3.649570,0.977000,3.649570,0.977000,24559.488000
23.470000,6926.900000,23.420330,20240603195216.000000,8.000000,782053.287000,1140205.305000,0.006000,19.184200,-0.278120,0.983980,-0.278120,0.983980,-2993796.199170,0.057770,-2993796.199170,0.057770,2166.375890,3.909030,0.998630,3.909030,0.998630,24289.057000
-68.710450,6926.900000,-69.186890,20240603195515.000000,8.000000,-1837392.311000,1405663.555000,0.078000,19.196330,-3.617320,0.994120,-3.617320,0.994120,442653.515460,0.004570,442653.515460,0.004570,2193.683890,19.091500,0.993500,19.091500,0.993500,24122.599000
22.484090,6926.900000,22.439780,20240603203731.000000,8.000000,2724385.336000,990400.091000,0.368230,93.859460,5.418820,0.949840,5.418820,0.949840,-5418310.689330,0.035700,-5522911.902940,0.035910,2359.872730,-3.448820,0.889640,-3.448820,0.889640,23543.277000
-69.190450,6926.900000,-69.608670,20240603204029.000000,8.000000,2147480.000000,1529295.957000,0.366000,82.479170,0.699560,0.822340,0.699560,0.822340,998047.346960,0.124090,998038.911830,0.131760,2322.894120,-5.961610,0.954650,-17.917510,0.983130,23523.011000
22.219090,6926.900000,22.177110,20240603204328.000000,8.000000,2147480.000000,1243167.756000,0.324000,134.762610,1.994920,0.980920,1.994920,0.980920,181433.616510,0.037850,181433.616510,0.037850,2310.353880,-3.876950,0.975910,-5.736160,0.982630,23596.843000
22.139550,6926.900000,22.098780,20240603204627.000000,8.000000,-310012.349000,1484669.890000,0.372230,33.792470,-2.053890,0.966730,-2.053890,0.966730,-26244.477500,0.036770,-26244.477500,0.036770,2254.097820,3.562600,0.966480,9.567230,0.986150,23479.831000
31.045910,6926.900000,137.733520,20240603204927.000000,8.000000,2147480.000000,1705728.861000,-0.447570,132.598120,4.924480,0.987730,4.924480,0.987730,285225.523800,0.035150,1554773.854660,0.108270,2223.650980,5.186870,0.966470,13.177590,0.972720,23564.753000
22.198640,6926.900000,22.152780,20240603205215.000000,8.000000,402089.082000,1525435.563000,0.004230,19.105740,-1.164000,0.995360,-1.164000,0.995360,525745.834180,0.000090,360040.794390,0.003310,2147.308990,10.606200,0.998370,10.606200,0.998370,23144.476000
-68.774550,6926.900000,-69.377560,20240603205513.000000,8.000000,2147480.000000,1755203.786000,0.077230,19.115970,1.147520,0.984240,1.147520,0.984240,-3480392.608070,0.015860,-3195139.733950,0.016900,2110.963430,-10.289350,0.994700,-10.879140,0.994790,22913.930000
21.281820,6926.900000,21.260780,20240603213731.000000,8.000000,-2211172.814000,162911.945000,0.368000,93.903590,-1.138590,0.885770,-5.593120,0.965000,-960587.839580,0.023330,-5725646.202730,0.079250,2105.960320,12.041850,0.981550,28.525690,0.994040,22276.221000
-69.879550,6926.900000,-69.797330,20240603214030.000000,8.000000,1952254.545000,955151.864000,0.365230,82.325210,0.255700,0.907900,0.255700,0.907900,-31380979.177200,0.017060,-31564166.303530,0.017080,2106.540290,-7.389060,0.993120,-10.306020,0.996210,22350.697000
21.115910,6926.900000,21.077780,20240603214328.000000,8.000000,2147480.000000,635734.164000,0.325000,134.105970,-0.568270,0.888630,-0.661250,0.901240,-897418.281800,0.271750,-469915.144550,0.259610,2114.425930,-5.536140,0.990180,-7.147580,0.993070,22305.725000
21.032270,6926.900000,21.010330,20240603214626.000000,8.000000,3123607.273000,1048273.026000,0.372770,33.795420,-4.483710,0.930810,-4.483710,0.930810,736293.316070,0.008990,1729983.770530,0.015330,2130.670930,-8.485660,0.990050,-13.567590,0.993120,22249.953000
28.559550,6926.900000,136.225820,20240603214925.000000,8.000000,2147480.000000,1324146.689000,-0.453210,131.884780,4.506640,0.985780,4.506640,0.985780,-114932.189620,0.000840,-91246.910150,0.000900,2215.241400,2.361260,0.930610,2.361260,0.930610,22331.402000
21.148640,6926.900000,21.103560,20240603215212.000000,8.000000,2147480.000000,1496471.194000,0.005770,19.002230,-1.238530,0.880960,-1.104870,0.443350,128331.549000,0.001030,128331.549000,0.001030,2116.897330,-19.374490,0.998660,-19.374490,0.998660,22164.617000
-69.015000,6926.900000,-69.701220,20240603215510.000000,8.000000,-1366578.182000,961771.972000,0.078000,19.013270,-1.533980,0.932210,-4.791980,0.974530,-1868441.485070,0.007260,-1868441.485070,0.007260,2109.262820,17.600910,0.997100,18.284660,0.997140,22082.382000
20.549090,6926.900000,20.539780,20240603223731.000000,8.000000,1952254.545000,1064805.988000,0.366000,93.989560,-0.277010,0.084160,-22.217390,0.575970,-11004648.615750,0.245960,-11014788.039060,0.246510,2145.984620,-3.516330,0.988780,-5.749490,0.991630,21927.503000
-69.909090,6926.900000,-69.918890,20240603224030.000000,8.000000,2733852.319000,1022678.786000,0.365000,82.315290,3.742370,0.937520,3.742370,0.937520,-70458.181320,0.000210,-70458.181320,0.000210,2138.232770,-11.349120,0.992550,-14.861280,0.995190,21946.875000
20.403640,6926.900000,20.391780,20240603224328.000000,8.000000,2479862.753000,1246047.778000,0.326000,132.081280,-1.212720,0.950310,-1.212720,0.950310,115054.753380,0.000190,115054.753380,0.000190,2113.727070,-7.092880,0.990720,-10.847330,0.997100,22049.414000
20.368640,6926.900000,20.353670,20240603224626.000000,8.000000,-1720641.305000,1130123.534000,0.372000,33.933070,-0.280440,0.613790,-3.115640,0.790180,-2042398.619800,0.039080,-2042398.619800,0.039080,2118.251040,8.239580,0.992210,8.965130,0.992340,21949.748000
29.534550,6926.900000,136.325270,20240603224924.000000,8.000000,1569888.673000,919872.777000,-0.449100,131.255770,-0.395560,0.824630,-0.395560,0.824630,-75355.955360,0.000100,-75355.955360,0.000100,2127.440670,-0.197810,0.416990,-0.148690,0.025080,22110.065000
20.519550,6926.900000,20.498110,20240603225211.000000,8.000000,-242017.084000,161324.479000,0.004230,18.892640,-1.960950,0.997750,-1.960950,0.997750,548331.752720,0.001290,548331.752720,0.001290,2123.349560,20.788200,0.999370,20.788200,0.999370,21965.732000
-70.161360,6926.900000,-69.739110,20240603225509.000000,8.000000,-22417.139000,881468.651000,0.077000,18.913410,-0.731360,0.986340,-0.731360,0.986340,-22045.626070,0.012810,-22045.626070,0.012810,2125.499060,6.555380,0.992540,7.663500,0.993170,21886.277000
20.290000,6926.900000,20.266440,20240603233731.000000,8.000000,-2594291.020000,-322134.699000,0.367000,94.008810,-0.690650,0.765100,-6.339690,0.892940,440062.299980,0.008230,2499874.730040,0.026370,2130.676150,16.911720,0.985580,35.201360,0.995500,21808.309000
-69.559090,6926.900000,-69.962110,20240603234029.000000,8.000000,2342705.455000,86346.782000,0.365000,82.626730,-0.215000,0.676030,-0.239300,0.673940,5007817.233400,0.072290,5007817.233400,0.072290,2142.103430,-8.108220,0.991650,-10.720370,0.994150,21820.792000
20.157270,6926.900000,20.135330,20240603234328.000000,8.000000,-255030.365000,487888.760000,0.327000,133.065890,0.898640,0.642070,0.898640,0.642070,-348978.873970,0.019330,-348978.873970,0.019330,2191.148990,3.342550,0.953230,3.342550,0.953230,21930.224000
20.078640,6926.900000,20.062000,20240603234626.000000,8.000000,-1095735.909000,612971.254000,0.371230,33.928560,-2.724490,0.900890,-2.374620,0.725620,12841101.729780,0.020630,12339868.549700,0.020490,2200.743710,6.079230,0.947210,14.941270,0.979350,21807.473000
27.695450,6926.900000,135.257690,20240603234924.000000,8.000000,205539.645000,546179.921000,-0.444520,130.872040,-0.312680,0.301640,-17.857090,0.820010,-821192.789000,0.059630,-819410.434960,0.059700,2178.604780,1.227830,0.920120,1.359390,0.923000,21963.617000
20.234550,6926.900000,20.196890,20240603235211.000000,8.000000,-321130.435000,376355.088000,0.005000,18.805210,-2.427930,0.984550,-6.178860,0.984690,317094.762310,0.033410,317094.762310,0.033410,2143.402410,21.718510,0.998670,21.718510,0.998670,21825.792000
-69.444550,6926.900000,-69.805330,20240603235511.000000,8.000000,709640.682000,756849.414000,0.077000,18.831840,-0.171530,0.982080,-0.171530,0.982080,-1151313.671830,0.002630,-954203.478980,0.002640,2137.159960,1.355230,0.973470,3.152860,0.991780,21764.926000
19.957270,6926.900000,19.948110,20240604003731.000000,8.000000,-1069763.595000,260435.121000,0.366230,94.043770,-1.468530,0.989910,-1.468530,0.989910,-590746.363660,0.006960,-3007495.817420,0.020000,2159.660620,8.703050,0.977090,22.025430,0.992440,21568.331000
-69.170910,6926.900000,-69.948890,20240604004030.000000,8.000000,-1366578.182000,816215.229000,0.364000,84.281080,-1.039330,0.723260,-1.024660,0.616350,-1068484.371520,0.018890,-1068484.371520,0.018890,2150.609610,13.401390,0.990970,17.619570,0.993030,21600.859000
19.852730,6926.900000,19.842560,20240604004328.000000,8.000000,6029.319000,1156207.653000,0.325470,132.774830,0.229580,0.829660,0.224140,0.828620,7763.353910,0.010450,3284.748530,0.014030,2159.247130,3.773700,0.981020,6.773240,0.989280,21693.184000
19.784550,6926.900000,19.767780,20240604004626.000000,8.000000,3318832.727000,966496.287000,0.371230,34.142540,1.865850,0.742460,1.865850,0.742460,-2021967.102160,0.005740,-2028150.280290,0.005510,2193.614150,-7.073050,0.976010,-15.723790,0.988620,21577.056000
25.977730,6926.900000,134.219890,20240604004924.000000,8.000000,2732583.117000,405611.500000,-0.450880,130.535570,-2.652790,0.962790,-2.652790,0.962790,-185853.908970,0.056040,-185853.908970,0.056040,2173.407870,0.764260,0.511930,0.764260,0.511930,21717.115000
19.949090,6926.900000,19.916330,20240604005212.000000,8.000000,2030484.636000,1139241.419000,0.005000,18.719810,1.007760,0.677920,1.007760,0.677920,-2961215.351110,0.060920,-4742689.465030,0.067150,2179.926740,-17.310040,0.998870,-17.310040,0.998870,21629.213000
-69.048180,6926.900000,-69.720000,20240604005510.000000,8.000000,-583093.773000,408234.552000,0.077000,18.739370,-4.221240,0.945480,-12.366480,0.985500,57925.104820,0.000320,51417.369920,0.000310,2173.734820,9.997210,0.995690,9.997210,0.995690,21552.250000
19.630910,6926.900000,19.620890,20240604013731.000000,8.000000,-585676.364000,666993.091000,0.367000,94.076600,-0.664830,0.913720,-0.664830,0.913720,-3845149.849760,0.125370,-3864857.020600,0.125850,2238.176450,4.766040,0.936390,13.321540,0.972350,21230.627000
-69.794550,6926.900000,-70.055890,20240604014030.000000,8.000000,1196325.724000,190070.198000,0.364000,85.237270,0.106550,0.834310,0.106550,0.834310,-4818088.718860,0.020700,-4651473.306880,0.020650,2233.188820,-1.465950,0.995070,-1.834710,0.996910,21249.581000
19.475910,6926.900000,19.469000,20240604014328.000000,8.000000,2508544.721000,232507.301000,0.326230,132.641140,-4.595220,0.954630,-8.583300,0.982070,1739766.629840,0.087890,1739766.629840,0.087890,2231.102570,-5.448970,0.948350,-15.516870,0.983660,21322.151000
19.398640,6926.900000,19.392220,20240604014627.000000,8.000000,59074.963000,-7792.756000,0.371770,34.112310,-0.318620,0.941000,-0.318620,0.941000,172124.728690,0.010460,172124.728690,0.010460,2297.484520,2.893840,0.983700,4.814420,0.990520,21189.656000
27.564550,6926.900000,134.887030,20240604014925.000000,8.000000,2522.758000,221163.022000,-0.446160,130.364140,-1.239720,0.745810,-1.239720,0.745810,10.394900,0.000190,10.394900,0.000190,2283.408080,0.521100,0.706520,1.180490,0.726940,21239.371000
19.525450,6926.900000,19.507440,20240604015214.000000,8.000000,-181719.310000,121574.929000,0.004230,18.642840,-2.861460,0.995860,-2.861460,0.995860,-299285.487210,0.020790,-294853.916440,0.021980,2270.343020,20.579400,0.999180,21.043450,0.999200,21144.375000
-69.627270,6926.900000,-69.739330,20240604015513.000000,8.000000,2147480.000000,924774.182000,0.076240,18.671970,1.143010,0.972860,1.143010,0.972860,79186597.795820,0.021680,79186597.795820,0.021680,2266.606710,-7.762720,0.989460,-8.561890,0.989740,21099.456000
19.293180,6926.900000,19.300670,20240604023731.000000,8.000000,2354948.818000,-206560.575000,0.366770,94.097970,2.610110,0.911770,6.401620,0.945650,-3373959.747750,0.021890,-3362115.395650,0.022020,2252.246520,-3.575850,0.950010,-4.712370,0.946900,20879.660000
-70.085450,6926.900000,-69.949110,20240604024029.000000,8.000000,-59324.576000,-182463.459000,0.363220,85.261290,0.493100,0.771190,2.194060,0.910540,-21064.597530,0.006340,-21064.597530,0.006340,2241.630140,6.157870,0.981580,10.635300,0.989020,20935.855000
19.217270,6926.900000,19.214110,20240604024327.000000,8.000000,-11071.936000,-135800.244000,0.327770,132.352830,0.103820,0.260390,0.105260,0.259710,-69970.986880,0.051820,-69970.986880,0.051820,2273.390210,3.436100,0.985550,4.978030,0.990050,20957.317000
19.170000,6926.900000,19.175330,20240604024627.000000,8.000000,-183556.312000,221806.190000,0.371770,34.113990,-0.600860,0.838390,-0.600860,0.838390,-105560.054450,0.001730,-105560.054450,0.001730,2281.041220,3.008710,0.985730,3.008710,0.985730,20927.877000
25.766360,6926.900000,134.016260,20240604024925.000000,8.000000,2147480.000000,360838.625000,-0.453180,130.231430,-0.595130,0.374930,-0.595130,0.374930,-40727891.601020,0.105170,-59840035.412790,0.051970,2279.387650,-0.461740,0.347890,-1.865170,0.316910,20990.382000
19.348180,6926.900000,19.318220,20240604025214.000000,8.000000,1967.602000,104114.639000,0.005000,18.566580,-2.926090,0.996820,-2.926090,0.996820,5389.970820,0.068780,5528.108840,0.068780,2294.842400,16.159590,0.998720,17.493000,0.998940,20925.471000
-69.500910,6926.900000,-69.873110,20240604025513.000000,8.000000,-1618814.843000,302485.067000,0.077000,18.630660,-1.492500,0.810530,-8.474580,0.922320,6177947.265490,0.008950,40948404.051310,0.032830,2304.584930,15.325380,0.994010,16.938910,0.994310,20874.352000
19.153180,6926.900000,19.155000,20240604033731.000000,8.000000,2147480.000000,776839.299000,0.367230,94.091010,0.180020,0.277570,6.110350,0.742590,10916451.165650,0.001020,10916451.165650,0.001020,2268.844830,-4.418700,0.984020,-8.438210,0.992640,20705.797000
-70.109550,6926.900000,-70.476000,20240604034029.000000,8.000000,142631.182000,370931.554000,0.364000,85.504070,-0.264380,0.884880,-0.264380,0.884880,79573.464360,0.001750,132442.771030,0.002890,2269.198440,4.954010,0.989900,5.815900,0.990480,20729.669000
19.013180,6926.900000,19.017440,20240604034327.000000,8.000000,-1376802.699000,208168.243000,0.327230,131.985040,3.332330,0.917030,4.314530,0.936070,-1117297.925530,0.001570,-1117297.925530,0.001570,2270.112790,7.564230,0.976300,15.521410,0.990410,20781.028000
18.957730,6926.900000,18.959440,20240604034625.000000,8.000000,-656611.250000,-45697.990000,0.371000,34.113300,-0.240660,0.531080,-0.240660,0.531080,1139595.711340,0.012150,1143634.159060,0.012150,2264.262400,5.219440,0.982150,9.271500,0.990980,20708.085000
27.636360,6926.900000,134.487580,20240604034924.000000,8.000000,-1745016.528000,457109.773000,-0.448470,129.762690,-0.750690,0.842250,-0.750690,0.842250,258747.065880,0.000050,258747.065880,0.000050,2264.120710,-0.371740,0.070400,-0.371740,0.070400,20732.229000
19.098180,6926.900000,19.085780,20240604035211.000000,8.000000,1489660.568000,243135.085000,0.004230,18.486970,0.778070,0.987040,0.778070,0.987040,-5929868.260490,0.111770,-5958433.886700,0.112110,2256.441380,-8.175490,0.998580,-8.188360,0.998590,20674.495000
-70.023640,6926.900000,-69.899000,20240604035509.000000,8.000000,1465145.249000,191435.324000,0.077770,18.562110,0.382530,0.982580,0.382530,0.982580,-28505241.495500,0.004150,-28505241.495500,0.004150,2254.993530,-3.243760,0.989140,-3.558510,0.989440,20638.010000
18.870000,6926.900000,18.866330,20240604043731.000000,8.000000,-390450.909000,263038.314000,0.368000,94.092890,0.749820,0.557350,0.749820,0.557350,5698573.322360,0.011560,5448744.552780,0.011430,2315.256530,4.906670,0.947020,14.203070,0.988760,20430.681000
-70.231360,6926.900000,-70.688890,20240604044029.000000,8.000000,-515586.448000,-96400.201000,0.364000,84.986980,-1.922760,0.774390,-1.916930,0.771550,-2111068.460530,0.045300,-2113378.536430,0.045290,2318.603500,8.266580,0.994290,10.085510,0.995070,20441.787000
18.710910,6926.900000,18.710890,20240604044327.000000,8.000000,951320.455000,474583.742000,0.328000,131.719010,0.013960,0.886370,0.013960,0.886370,-1249687.642610,0.078680,-1259960.389210,0.092850,2297.937300,0.213460,0.976180,0.397850,0.992730,20488.021000
18.681820,6926.900000,18.677670,20240604044625.000000,8.000000,-409841.004000,392643.718000,0.371770,34.115210,-1.350160,0.939670,-1.349990,0.938980,-1539.784500,0.000000,-1539.784500,0.000000,2290.137780,4.354790,0.969670,11.463300,0.991030,20425.959000
25.885000,6926.900000,133.610550,20240604044923.000000,8.000000,-1338573.929000,71648.892000,-0.455240,129.500620,-3.608250,0.955120,-3.608250,0.955120,2210206.922970,0.006110,2210206.922970,0.006110,2286.173860,-4.334600,0.847100,-4.334600,0.847100,20491.973000
18.865910,6926.900000,18.838560,20240604045211.000000,8.000000,2487285.290000,328998.266000,0.005000,18.415410,2.256110,0.992430,2.256110,0.992430,5932757.665890,0.000830,11952405.706200,0.012940,2255.772350,-23.885350,0.999230,-23.885350,0.999230,20461.680000
-69.940450,6926.900000,-70.413560,20240604045509.000000,8.000000,1757029.091000,137078.087000,0.077230,18.476940,0.582910,0.968100,0.582910,0.968100,599097.171050,0.000550,599097.171050,0.000550,2283.433040,-4.275920,0.991610,-5.028440,0.992290,20417.904000
18.653180,6926.900000,18.659780,20240604053731.000000,8.000000,2147480.000000,910669.292000,0.368000,94.140970,0.678820,0.971150,0.678820,0.971150,-43837718.442700,0.018340,-263731363.732510,0.062330,2297.896720,-3.183400,0.964920,-10.334670,0.984920,20176.101000
-69.753180,6926.900000,-70.755890,20240604054029.000000,8.000000,-2223701.364000,207780.964000,0.363000,85.136770,0.406920,0.065440,50.788170,0.680940,-2469595.335620,0.016360,-7026259.741990,0.045940,2315.789330,18.648120,0.977610,35.909680,0.989440,20206.059000
18.525450,6926.900000,18.534110,20240604054327.000000,8.000000,79940.473000,-86356.938000,0.327000,131.610100,-1.785300,0.964730,-4.390010,0.976340,615501.604860,0.061450,613950.957330,0.061420,2316.213530,2.528040,0.976540,3.823620,0.980630,20241.255000
18.496820,6926.900000,18.502110,20240604054626.000000,8.000000,643.416000,-43278.992000,0.369470,34.167570,-0.832380,0.982820,-0.832380,0.982820,-660.172840,0.006650,-660.172840,0.006650,2285.754490,2.301440,0.958580,4.831550,0.969540,20198.098000
24.356820,6926.900000,132.896480,20240604054925.000000,8.000000,976768.992000,113827.737000,-0.437960,129.424070,-0.009470,0.841920,-0.009590,0.839170,-718104.751650,0.005740,-718104.751650,0.005740,2286.300370,-0.023070,0.734880,-0.023070,0.734880,20201.317000
18.697270,6926.900000,18.678560,20240604055212.000000,8.000000,-371496.186000,592667.090000,0.005000,18.346290,-1.087580,0.986650,-1.087580,0.986650,-213251.298800,0.006670,-213251.298800,0.006670,2288.151030,20.530940,0.998650,21.568180,0.998730,20211.721000
-70.084550,6926.900000,-70.328110,20240604055510.000000,8.000000,1514019.671000,356104.230000,0.077760,18.383330,-0.315210,0.423440,-0.404770,0.394690,459307864.067910,0.026380,459307864.067910,0.026380,2312.169400,-2.215330,0.988500,-2.554840,0.989140,20171.944000
18.920450,6926.900000,18.929000,20240604063731.000000,8.000000,-1757029.091000,673156.516000,0.369000,94.164970,-11.763500,0.939720,-11.763500,0.939720,-300815.099690,0.000280,-300815.099690,0.000280,2300.324330,8.905010,0.981450,8.905010,0.981450,20405.295000
-70.320450,6926.900000,-70.647890,20240604064029.000000,8.000000,-415363.001000,76360.220000,0.363000,84.734640,1.970110,0.908150,1.896560,0.846530,1160624.936580,0.004260,830352.199470,0.003530,2264.876590,8.836500,0.995490,9.266830,0.995530,20496.292000
18.835000,6926.900000,18.854110,20240604064327.000000,8.000000,2077441.791000,535806.363000,0.327000,131.551160,-0.122840,0.114150,21.120610,0.166940,-124609.014300,0.016500,-998113.299270,0.072100,2278.190880,-3.767130,0.990330,-4.441470,0.991090,20546.773000
18.835450,6926.900000,18.865780,20240604064626.000000,8.000000,-1461826.471000,494675.710000,0.370000,34.058810,0.303960,0.445770,0.303960,0.445770,-654966.467750,0.079530,-654966.467750,0.079530,2271.257960,9.587820,0.992900,12.370710,0.995110,20556.642000
26.103180,6926.900000,133.624730,20240604064925.000000,8.000000,-564140.491000,884071.335000,-0.446300,129.375200,-0.006310,0.000150,10.191370,0.136050,-505976.905040,0.025800,-496013.254230,0.026020,2281.933250,1.073880,0.816650,4.342300,0.842280,20601.981000
19.198180,6926.900000,19.198220,20240604065213.000000,8.000000,2439815.381000,684588.884000,0.004230,18.317780,2.325300,0.996440,2.325300,0.996440,-977019.211630,0.036270,-979267.175820,0.036390,2282.604080,-18.722980,0.996610,-18.722980,0.996610,20652.667000
-70.523180,6926.900000,-70.349440,20240604065512.000000,8.000000,656281.581000,214913.105000,0.077000,18.353660,-0.321950,0.985710,-0.321950,0.985710,-2790455.103180,0.040230,-2790455.103180,0.040230,2275.734180,1.629220,0.993880,1.748530,0.994040,20642.659000
19.897270,6926.900000,19.923000,20240604073731.000000,8.000000,2147480.000000,347738.742000,0.368230,94.152900,1.167210,0.978580,1.167210,0.978580,-229757.531990,0.004580,-174328.011840,0.005100,2310.579330,-3.272800,0.895270,-16.450230,0.985090,21197.428000
-70.037270,6926.900000,-70.317780,20240604074030.000000,8.000000,1530012.136000,91564.489000,0.363000,85.768340,0.298700,0.884190,0.298700,0.884190,1312230.741450,0.012770,1749858.848980,0.036830,2294.598190,-2.906080,0.970570,-6.649550,0.986700,21390.137000
20.105910,6926.900000,20.106330,20240604074329.000000,8.000000,51515.785000,205112.826000,0.328770,131.850170,-0.102160,0.281180,-0.102160,0.281180,-71731.219350,0.020250,-71731.219350,0.020250,2292.481970,3.764670,0.989740,4.432850,0.990730,21549.117000
20.142730,6926.900000,20.203330,20240604074627.000000,8.000000,-377120.881000,306693.620000,0.370770,34.052870,-1.103390,0.901570,-1.103390,0.901570,-10883.375150,0.000000,-10883.375150,0.000000,2281.589740,3.813760,0.858120,18.946480,0.971610,21697.567000
25.446360,6926.900000,133.673630,20240604074925.000000,8.000000,-2494806.238000,218359.808000,-0.441810,129.853520,0.159310,0.019800,0.150630,0.019150,-2162719.538660,0.022250,-12229771.976850,0.070850,2257.890250,5.890370,0.552280,8.690790,0.358490,21809.920000
20.795910,6926.900000,20.806670,20240604075213.000000,8.000000,343351.959000,-129828.315000,0.004770,18.366570,-1.077370,0.992750,-1.077370,0.992750,326882.045970,0.009550,326882.045970,0.009550,2261.860370,9.211760,0.997320,9.211760,0.997320,21926.967000
-70.166820,6926.900000,-69.761670,20240604075511.000000,8.000000,45580.664000,-209529.890000,0.077000,18.412930,-1.079610,0.986790,-1.079610,0.986790,-79916.866240,0.028890,-79916.866240,0.028890,2266.273560,5.733130,0.978400,5.733130,0.978400,22105.108000
22.472270,6926.900000,22.423670,20240604083731.000000,8.000000,2147480.000000,576784.382000,0.365230,94.267440,0.567690,0.864470,2.398510,0.932730,4313443.481510,0.163190,4636406.957010,0.164390,2265.233130,-3.661170,0.914960,-10.034390,0.953590,23092.028000
-69.737270,6926.900000,-69.835780,20240604084031.000000,8.000000,-2637453.542000,-161556.446000,0.363000,85.716180,-1.119870,0.714430,-9.431570,0.868180,56235.156900,0.000050,56235.156900,0.000050,2262.832090,22.027120,0.988040,41.920920,0.996190,23031.520000
22.588180,6926.900000,22.507560,20240604084330.000000,8.000000,3221314.941000,635845.494000,0.325000,132.567700,1.210050,0.948840,1.210050,0.948840,274974.080770,0.000030,274974.080770,0.000030,2270.451600,-10.569000,0.979020,-13.140730,0.980290,23394.542000
22.455450,6926.900000,22.487670,20240604084628.000000,8.000000,2023302.405000,733977.787000,0.370000,33.992080,-0.746400,0.829960,-0.747530,0.828470,3662557.370630,0.000340,8066471.468110,0.001170,2275.343000,-2.967260,0.929620,-9.983330,0.980030,23158.862000
28.831820,6926.900000,135.452860,20240604084926.000000,8.000000,-1551689.060000,451783.375000,-0.448950,130.497330,4.000310,0.987090,4.000310,0.987090,757860.587830,0.000520,757860.587830,0.000520,2319.833210,-2.644730,0.623200,-2.644730,0.623200,23565.558000
22.937270,6926.900000,22.963670,20240604085213.000000,8.000000,2153835.395000,344389.375000,0.003470,18.535890,2.409710,0.990980,2.409710,0.990980,955549.609860,0.000580,955549.609860,0.000580,2336.439450,-18.995410,0.997360,-18.995410,0.997360,23835.264000
-69.097730,6926.900000,-69.323220,20240604085511.000000,8.000000,529832.072000,113625.675000,0.077000,18.536530,-0.135830,0.524900,-0.016260,0.115600,412978.076580,0.002360,412978.076580,0.002360,2351.718040,2.280140,0.963470,3.360170,0.967310,23919.700000
25.321360,6926.900000,25.182110,20240604093731.000000,8.000000,-3199796.091000,361879.179000,0.366770,94.298140,-4.488280,0.741710,-9.495960,0.762380,4113577.101850,0.008760,28998520.667880,0.033900,2298.857700,22.012170,0.992350,26.980320,0.993730,24462.417000
-68.755000,6926.900000,-69.275000,20240604094029.000000,8.000000,1388221.545000,959273.909000,0.363000,85.607210,0.188630,0.806340,0.188630,0.806340,317804.864540,0.269700,310549.392930,0.267570,2299.838370,-2.327040,0.988750,-3.962390,0.995830,24292.696000
25.405450,6926.900000,25.298330,20240604094328.000000,8.000000,-302145.007000,823121.620000,0.323770,133.701480,-0.295860,0.439790,-0.295860,0.439790,88136.346800,0.010780,79909.749530,0.010320,2291.629080,4.741770,0.992370,4.870280,0.992390,24407.670000
26.382730,6926.900000,27.229000,20240604094626.000000,8.000000,990601.318000,486127.261000,0.370000,33.956460,0.019140,0.772170,0.016470,0.642810,76491.233050,0.031380,78119.496830,0.031420,2306.321600,0.028830,0.986660,0.036730,0.991000,24552.853000
29.440910,6926.900000,136.658460,20240604094924.000000,8.000000,476253.182000,934782.309000,-0.446000,132.004540,1.780030,0.824750,4.840430,0.899790,155597.836820,0.091680,153972.365670,0.091900,2328.056150,0.520920,0.740770,0.520920,0.740770,25168.914000
25.947270,6926.900000,25.907220,20240604095211.000000,8.000000,3136775.182000,1773612.089000,0.005000,18.831780,3.394870,0.897170,8.846120,0.971990,-41207.127840,0.001640,-41207.127840,0.001640,2339.536810,-28.406710,0.992020,-28.406710,0.992020,25122.288000
-68.178640,6926.900000,-69.074780,20240604095510.000000,8.000000,2147480.000000,1239129.193000,0.078000,18.752440,1.727130,0.987390,1.727130,0.987390,-391964.758580,0.051170,-287573.051590,0.052880,2349.060450,-6.411350,0.991800,-6.411350,0.991800,25290.487000
26.635910,6926.900000,26.542000,20240604103731.000000,8.000000,-417068.182000,750144.136000,0.365230,94.265060,-0.306920,0.869250,-0.306920,0.869250,-19441.035620,0.015810,-19441.035620,0.015810,2198.447820,4.028700,0.988060,4.028700,0.988060,24568.125000
-68.698180,6926.900000,-69.122670,20240604104030.000000,8.000000,1039652.727000,1658845.778000,0.362000,85.189310,0.007460,0.479730,0.045070,0.601880,142329.923590,0.054150,142329.923590,0.054150,2208.102200,-0.081820,0.851670,-0.291980,0.877920,24726.643000
26.879550,6926.900000,26.783330,20240604104329.000000,8.000000,2147480.000000,1930564.356000,0.324000,134.874360,-0.094890,0.179420,-0.293940,0.268430,-1793334.278530,0.083360,-97843.998490,0.012000,2216.702790,-3.229730,0.969370,-7.006680,0.984440,25063.315000
27.036820,6926.900000,27.070440,20240604104629.000000,8.000000,2147480.000000,1946147.889000,0.367230,34.024220,1.090590,0.986610,1.090590,0.986610,-1106408.509810,0.058790,-49988.706420,0.004720,2229.458900,-1.830190,0.959730,-1.830190,0.959730,24745.072000
30.234090,6926.900000,137.546260,20240604104928.000000,8.000000,3318832.727000,1439519.560000,-0.453360,132.984270,-0.013490,0.000150,-0.013490,0.000150,313196.114430,0.019470,192319.063310,0.024590,2216.521650,0.141590,0.034560,0.141590,0.034560,24198.812000
27.185000,6926.900000,27.194560,20240604105215.000000,8.000000,2147480.000000,1527096.889000,0.004000,19.105690,1.795510,0.934820,1.795510,0.934820,-370777.581550,0.151250,-370777.581550,0.151250,2183.254120,-14.278950,0.994970,-14.278950,0.994970,24372.638000
-68.490000,6926.900000,-68.775440,20240604105515.000000,8.000000,976127.273000,1163092.694000,0.078000,19.072110,-0.089040,0.981760,-0.089040,0.981760,132463.542400,0.062260,132463.542400,0.062260,2151.533520,0.135330,0.987630,0.135330,0.987630,23670.769000
27.953180,6926.900000,27.951110,20240604113731.000000,8.000000,1039545.574000,791745.501000,0.364470,94.309590,0.029390,0.949520,0.029390,0.949520,2016600.216020,0.016020,14515789.833690,0.063090,2105.023810,-0.118860,0.963800,-0.350760,0.986060,22998.916000
-68.880910,6926.900000,-68.724220,20240604114030.000000,8.000000,193875.547000,1309576.739000,0.360230,85.063400,-2.064580,0.951110,-2.064580,0.951110,2461.302560,0.000120,2461.302560,0.000120,2109.826620,1.864810,0.839210,9.365770,0.912660,23866.389000
31.895000,6926.900000,31.456780,20240604114329.000000,8.000000,2147480.000000,1567222.313000,0.325000,135.360160,-0.656150,0.683190,-0.660050,0.680120,-831520.097850,0.096030,-883587.562260,0.092460,2091.509020,-4.311150,0.991340,-4.385420,0.991350,23316.670000
27.612270,6926.900000,27.701890,20240604114628.000000,8.000000,2147480.000000,1574381.545000,0.367000,34.054140,0.577010,0.918050,0.577010,0.918050,-168643.747720,0.001560,-177534.131550,0.011070,2104.971900,-2.220390,0.956960,-5.178220,0.981670,23501.535000
33.350000,6926.900000,139.447580,20240604114926.000000,8.000000,2147480.000000,1395746.553000,-0.449420,133.787580,1.919700,0.692020,1.919700,0.692020,-1413633.188310,0.159630,-650055.173470,0.094810,2102.738210,0.053810,0.000690,-5.990300,0.233370,22299.247000
28.524090,6926.900000,28.527890,20240604115214.000000,8.000000,-1952254.545000,1145322.667000,0.003230,19.353610,-3.488650,0.948680,-3.488650,0.948680,-168841.369470,0.049580,-168841.369470,0.049580,2073.608730,37.090120,0.992660,37.090120,0.992660,21826.411000
-67.996360,6926.900000,-68.372890,20240604115513.000000,8.000000,2147480.000000,1519488.405000,0.077000,19.325100,-0.326800,0.336140,-0.326800,0.336140,-215691.139470,0.013290,-279650.731400,0.061860,2073.636460,-10.043370,0.995930,-10.043370,0.995930,22143.652000
28.802730,6926.900000,29.011000,20240604123731.000000,8.000000,-8665.236000,750659.859000,0.364000,94.273720,-0.475520,0.978460,-1.085560,0.983270,-12058.595350,0.048580,-12058.595350,0.048580,2094.782740,3.818560,0.994710,4.083640,0.994760,22919.046000
-68.315000,6926.900000,-68.543220,20240604124031.000000,8.000000,2147480.000000,1956592.889000,0.359000,84.440010,0.455800,0.929480,0.967210,0.955950,-2404420.512770,0.009790,11990.761470,0.000080,2092.673740,-7.167320,0.971320,-12.365040,0.984960,23350.910000
31.220910,6926.900000,32.391560,20240604124330.000000,8.000000,2147480.000000,1926510.378000,0.326000,135.953690,0.507830,0.947420,0.507830,0.947420,120940.744110,0.023240,120940.744110,0.023240,2097.312690,-3.886670,0.983010,-5.347000,0.988190,23043.773000
28.969550,6926.900000,29.014110,20240604124629.000000,8.000000,2147480.000000,906713.778000,0.369770,33.065090,0.347440,0.946260,0.347440,0.946260,-222533.391880,0.014660,-111280.303330,0.014220,2094.018400,-2.305250,0.940030,-5.593260,0.979660,22976.361000
32.914090,6926.900000,139.631540,20240604124927.000000,8.000000,2147480.000000,1755461.857000,-0.455950,134.389550,0.793740,0.662120,0.784610,0.625450,381012.421350,0.176780,381012.421350,0.176780,2094.548410,-0.872690,0.476470,-0.886330,0.479670,22140.376000
29.213640,6926.900000,29.218440,20240604125215.000000,8.000000,963734.186000,1122493.344000,0.003000,19.612700,-0.055840,0.992290,-0.055840,0.992290,-56249.461160,0.018170,-56249.461160,0.018170,2088.409830,0.548730,0.993020,0.548730,0.993020,22627.927000
-68.178180,6926.900000,-68.127220,20240604125515.000000,8.000000,2147480.000000,1386475.073000,0.077000,19.581860,1.204290,0.991200,1.204290,0.991200,-219161.758180,0.012630,-161947.816090,0.008320,2085.835680,-7.993790,0.991290,-7.993790,0.991290,22683.272000
29.951360,6926.900000,30.467670,20240604133731.000000,8.000000,692322.700000,383005.228000,0.361000,94.331990,-0.176800,0.987590,-0.176800,0.987590,-115048.570570,0.007800,-9915.793330,0.001410,2074.470400,1.551430,0.996120,1.870070,0.996800,21124.137000
-68.041360,6926.900000,-68.373110,20240604134029.000000,8.000000,-195225.455000,890543.011000,0.357230,85.272270,-0.470730,0.815610,-0.478490,0.818370,-34552.866020,0.090040,-34552.866020,0.090040,2069.174130,5.295680,0.887590,21.795620,0.978150,21709.396000
29.144550,6926.900000,29.151330,20240604134327.000000,8.000000,2147480.000000,1502053.189000,0.323000,137.214310,0.318860,0.717780,0.849040,0.670400,-32847.690870,0.019620,-211128.200420,0.072050,2077.021650,-4.373820,0.997140,-4.759550,0.997320,20358.414000
28.995450,6926.900000,29.090670,20240604134626.000000,8.000000,2147480.000000,1199583.040000,0.368000,33.504020,0.363510,0.941770,0.363510,0.941770,-368819.642840,0.000840,-51871.034790,0.002020,2081.328570,-3.587690,0.995580,-4.074410,0.995900,21409.872000
36.608640,6926.900000,141.785930,20240604134924.000000,8.000000,2437222.359000,1372642.920000,-0.451950,135.239150,0.090890,0.004120,-8.926250,0.213630,-54414.771660,0.003940,-54414.771660,0.003940,2072.607950,-1.617310,0.730770,-1.596160,0.686350,20251.150000
28.883180,6926.900000,28.908330,20240604135212.000000,8.000000,2147480.000000,1451340.020000,0.001000,19.749920,2.238740,0.997240,2.238740,0.997240,-4311947.106250,0.000700,-7050421.161780,0.029000,2072.173280,-19.766010,0.994500,-19.766010,0.994500,21054.207000
-67.052270,6926.900000,-68.161440,20240604135510.000000,8.000000,2245046.297000,1559613.197000,0.077000,19.651420,1.957140,0.993780,1.957140,0.993780,-7440616.772630,0.059820,-118032.104190,0.010140,2069.482380,-10.790830,0.985750,-10.790830,0.985750,20082.340000
29.541360,6926.900000,29.546440,20240604143731.000000,8.000000,-75840.318000,920737.195000,0.357230,93.991140,0.003550,0.000070,0.003550,0.000070,-15891.178980,0.048710,-17274.484100,0.049160,2076.150480,3.658680,0.919580,14.364130,0.978740,22637.917000
-68.096360,6926.900000,-68.554110,20240604144030.000000,8.000000,391838.582000,1900645.149000,0.356000,84.602820,-0.135030,0.575690,-0.139980,0.576000,-75007.605950,0.070370,-75007.605950,0.070370,2082.801540,1.482540,0.909440,5.566560,0.941950,22615.251000
29.453180,6926.900000,29.477000,20240604144329.000000,8.000000,1271721.545000,2010433.891000,0.322770,137.398400,-0.046880,0.247410,-0.267500,0.506570,343585.654800,0.033370,61874.861300,0.021290,2082.709540,-0.819740,0.956110,-0.819740,0.956110,22322.927000
29.087270,6926.900000,29.171220,20240604144627.000000,8.000000,2147480.000000,1558186.174000,0.368000,33.668380,0.216030,0.901830,0.216030,0.901830,691520.495710,0.016050,691520.495710,0.016050,2086.165130,-3.874130,0.991560,-4.987270,0.993290,22223.452000
35.125000,6926.900000,141.222200,20240604144925.000000,8.000000,2147480.000000,1487482.714000,-0.447590,135.466810,-1.410380,0.882180,-2.913880,0.919450,-29085.845150,0.001190,-29085.845150,0.001190,2082.357330,-1.142970,0.155400,-1.165030,0.157090,21687.308000
29.159550,6926.900000,29.169780,20240604145212.000000,8.000000,1757029.091000,1450412.878000,0.000000,19.883480,1.243280,0.992190,1.243280,0.992190,29622.306320,0.001760,29622.306320,0.001760,2082.432140,-11.492950,0.991850,-11.492950,0.991850,21799.327000
-67.088640,6926.900000,-67.766110,20240604145512.000000,8.000000,3318832.727000,806313.578000,0.076000,19.882870,2.933310,0.992590,2.933310,0.992590,361028.981800,0.026820,344104.340620,0.026900,2080.175840,-23.158300,0.995130,-23.158300,0.995130,22210.909000
29.977270,6926.900000,30.157780,20240604153731.000000,8.000000,-1661118.545000,613544.695000,0.356000,93.997030,-1.424220,0.980270,-1.424220,0.980270,-504716.411340,0.098880,-524637.656200,0.098970,2075.379530,13.409970,0.993300,16.212600,0.994050,21256.367000
-68.438640,6926.900000,-68.540110,20240604154030.000000,8.000000,497080.518000,1263020.568000,0.355000,84.341930,0.480730,0.881580,0.480730,0.881580,-149305.801610,0.032280,-37872.694540,0.014360,2075.907000,1.059170,0.487180,4.581900,0.634900,22172.128000
28.926820,6926.900000,28.884220,20240604154328.000000,8.000000,-1879662.273000,1349303.089000,0.321000,137.468370,-1.687990,0.977250,-1.687990,0.977250,28678.689750,0.001320,28678.689750,0.001320,2079.141650,12.868610,0.995510,14.331590,0.995780,22593.147000
28.640000,6926.900000,28.711560,20240604154627.000000,8.000000,1462774.632000,1670163.529000,0.365220,32.896460,-0.009320,0.078340,-0.009320,0.078340,-98754.208540,0.032940,-84592.540010,0.021210,2078.980700,-1.385210,0.990370,-1.711360,0.991530,22000.330000
34.077270,6926.900000,140.739560,20240604154925.000000,8.000000,2050176.364000,1566759.549000,-0.465120,135.526320,-0.930300,0.672950,-0.930300,0.672950,-34901.415050,0.005050,-62113.321350,0.006430,2080.934460,-1.234520,0.769420,-5.255810,0.891060,20983.572000
28.930000,6926.900000,28.930000,20240604155212.000000,8.000000,-1366578.182000,1192715.333000,-0.000230,19.986330,-3.974540,0.970360,-3.974540,0.970360,87181.957890,0.024440,87181.957890,0.024440,2091.949160,35.785420,0.997500,35.785420,0.997500,22671.519000
-67.771360,6926.900000,-68.212000,20240604155511.000000,8.000000,-1366578.182000,1631715.244000,0.076000,19.973540,-4.456680,0.974430,-4.456680,0.974430,182817.201530,0.059640,182817.201530,0.059640,2092.257490,24.603980,0.980120,24.603980,0.980120,22651.320000
27.482730,6926.900000,27.625670,20240604163731.000000,8.000000,328344.593000,852169.639000,0.355000,94.003780,-0.126070,0.893060,-0.126070,0.893060,17966.151180,0.029280,17966.151180,0.029280,2075.271660,1.341180,0.978570,1.789060,0.981840,23578.012000
-68.542730,6926.900000,-68.803330,20240604164030.000000,8.000000,3318832.727000,1765705.778000,0.353000,83.989720,0.396580,0.658360,1.076530,0.608250,-795514.622520,0.005050,-52464.224330,0.000940,2076.960930,-5.543890,0.852110,-7.449780,0.852840,24576.234000
27.592730,6926.900000,27.575220,20240604164329.000000,8.000000,2147480.000000,1008006.656000,0.320770,136.878310,0.455950,0.955180,1.249460,0.962540,-161153.276290,0.030850,-161153.276290,0.030850,2077.757720,-3.198600,0.991570,-3.220840,0.991570,24310.752000
27.100450,6926.900000,27.181560,20240604164627.000000,8.000000,3123607.273000,797849.327000,0.365770,33.039290,0.658120,0.925500,0.658120,0.925500,457337.362640,0.048280,464093.421830,0.070220,2074.428200,-6.672690,0.992010,-6.929780,0.992030,24348.943000
35.497270,6926.900000,140.973410,20240604164925.000000,8.000000,-780901.818000,1345124.835000,-0.450130,134.773920,-0.664620,0.768020,-0.674480,0.770190,20220.022040,0.004640,20220.022040,0.004640,2077.556750,-1.059490,0.683560,-1.059490,0.683560,24567.446000
26.957270,6926.900000,27.011890,20240604165212.000000,8.000000,780901.818000,1193044.444000,-0.002000,20.029660,-0.313960,0.995280,-0.313960,0.995280,-321303.506970,0.089940,-57937.121740,0.040410,2070.538810,2.505910,0.995270,2.505910,0.995270,24260.248000
-68.185910,6926.900000,-68.776220,20240604165511.000000,8.000000,2733156.364000,851473.554000,0.075000,20.044140,1.233210,0.975410,1.233210,0.975410,-123303.725120,0.001320,-123303.725120,0.001320,2069.483370,-9.647470,0.986390,-9.647470,0.986390,24203.661000
25.917730,6926.900000,25.957220,20240604173731.000000,8.000000,415284.951000,952794.313000,0.353000,94.002930,-0.088200,0.296860,-1.345270,0.595190,4537.447280,0.001050,4537.447280,0.001050,2059.848530,1.776530,0.977010,1.776530,0.977010,23461.303000
-68.556360,6926.900000,-69.189220,20240604174029.000000,8.000000,2154359.545000,1429971.667000,0.352000,84.214660,0.263760,0.756650,0.263760,0.756650,-353801.194900,0.071160,-353801.194900,0.071160,2061.848300,-3.624500,0.876630,-4.604390,0.878780,23811.130000
25.749090,6926.900000,25.687670,20240604174328.000000,8.000000,2147480.000000,1670262.222000,0.320000,136.435880,0.258640,0.914040,0.258640,0.914040,-23618.941370,0.000900,-23618.941370,0.000900,2060.487980,-2.299670,0.988300,-2.406740,0.988330,23614.774000
25.244550,6926.900000,25.292780,20240604174627.000000,8.000000,3318832.727000,1133256.778000,0.364770,33.129340,0.419780,0.853390,0.419780,0.853390,-205506.987520,0.020980,-205506.987520,0.020980,2062.864050,-6.631060,0.991810,-8.452150,0.993310,23680.418000
33.128640,6926.900000,139.647910,20240604174927.000000,8.000000,2147480.000000,1689603.165000,-0.445790,134.268320,0.088520,0.054320,0.088520,0.054320,387635.774390,0.183830,385417.657610,0.184460,2062.936180,-1.234580,0.679010,-1.234580,0.679010,23993.471000
25.324090,6926.900000,25.351560,20240604175216.000000,8.000000,976127.273000,974211.681000,-0.002000,19.979830,-0.030800,0.990550,-0.030800,0.990550,64734.333570,0.001950,22875.246010,0.003450,2060.454650,0.268430,0.990400,0.268430,0.990400,23992.277000
-68.942270,6926.900000,-69.062670,20240604175514.000000,8.000000,780901.818000,1570104.242000,0.075000,20.005070,-0.210710,0.970940,-0.210710,0.970940,29722.691110,0.000080,29722.691110,0.000080,2061.850290,1.190850,0.973370,1.190850,0.973370,24077.785000
24.723180,6926.900000,24.724110,20240604183731.000000,8.000000,1757029.091000,749623.213000,0.352230,93.993610,0.395730,0.968390,1.211890,0.969730,-3392218.209600,0.023680,-4034988.212210,0.036750,2067.080430,-2.777890,0.926090,-10.574600,0.984030,24478.319000
-68.855000,6926.900000,-69.453330,20240604184029.000000,8.000000,2147480.000000,1898125.698000,0.350230,83.670300,0.290150,0.635210,0.290150,0.635210,-46488.285510,0.001320,-46488.285510,0.001320,2061.165510,-3.714320,0.885730,-4.938370,0.883260,24595.822000
24.442270,6926.900000,24.434780,20240604184328.000000,8.000000,2147480.000000,1403362.393000,0.319000,136.028090,0.863500,0.817110,0.863500,0.817110,330551.000080,0.127850,330551.000080,0.127850,2063.842630,-3.090820,0.957950,-3.680340,0.955920,24443.463000
24.181360,6926.900000,24.212110,20240604184627.000000,8.000000,-2443933.079000,1156772.625000,0.362230,33.051000,-1.010940,0.712450,-0.984220,0.704660,-138509.322010,0.018360,-138509.322010,0.018360,2061.344500,8.331180,0.949500,8.331180,0.949500,24140.688000
34.132270,6926.900000,139.799780,20240604184926.000000,8.000000,2147480.000000,1677704.965000,-0.452150,133.815370,-1.198010,0.335040,-4.828500,0.584300,76987.854080,0.008030,76987.854080,0.008030,2061.554140,1.064250,0.344480,1.064250,0.344480,24351.838000
24.255910,6926.900000,24.267220,20240604185215.000000,8.000000,3318832.727000,1191449.444000,-0.003560,19.912780,2.503270,0.989910,2.503270,0.989910,-307670.785000,0.017040,-307670.785000,0.017040,2061.357620,-30.775790,0.988090,-30.775790,0.988090,24087.367000
-69.125450,6926.900000,-69.074670,20240604185515.000000,8.000000,2147480.000000,1717984.000000,0.075000,19.937930,1.207490,0.980970,1.207490,0.980970,-157046.290770,0.009270,-141142.850900,0.010440,2057.814930,-7.111430,0.991870,-7.111430,0.991870,23738.975000
23.856360,6926.900000,23.816000,20240604193731.000000,8.000000,-780901.818000,784817.362000,0.352000,94.002030,-0.372000,0.418880,-5.540280,0.607970,-647194.621960,0.001340,-647194.621960,0.001340,2147.571620,10.547740,0.993400,11.137980,0.993440,23031.370000
-69.194090,6926.900000,-69.746670,20240604194029.000000,8.000000,2708370.409000,1108340.945000,0.350000,83.713560,3.716380,0.974320,3.716380,0.974320,-758296.993130,0.060300,-321948.847150,0.045430,2117.288840,-5.526220,0.765220,-6.325050,0.760140,23049.974000
23.770450,6926.900000,23.709330,20240604194327.000000,8.000000,-492078.682000,760144.826000,0.318230,133.936980,-8.736680,0.847480,-8.728000,0.845150,-6601.735680,0.011510,-38946.613140,0.037720,2152.182930,5.908290,0.947360,14.604890,0.986700,22814.131000
23.660000,6926.900000,23.633000,20240604194626.000000,8.000000,-1366578.182000,525073.976000,0.363000,33.530320,-3.752920,0.956990,-9.071770,0.959260,-82558.779000,0.010940,-59991.024090,0.011780,2089.140990,6.535630,0.988170,7.116580,0.988420,22580.377000
31.503640,6926.900000,138.393410,20240604194924.000000,8.000000,2954497.818000,632220.033000,-0.447560,131.835450,-6.608150,0.205440,-70.379100,0.452850,-683236.966830,0.013920,-181986.194120,0.007580,2071.251490,4.081780,0.634310,4.034380,0.597570,22568.027000
23.685450,6926.900000,23.652220,20240604195211.000000,8.000000,-1664641.793000,489818.593000,-0.003770,19.813800,-9.377340,0.859920,-27.974700,0.938000,-678.056030,0.000000,-678.056030,0.000000,2136.397250,34.651800,0.991860,34.651800,0.991860,22593.297000
-68.904550,6926.900000,-69.289780,20240604195509.000000,8.000000,2537930.909000,493798.667000,0.074000,19.832810,4.480820,0.944290,4.440300,0.929260,-114775.966910,0.001690,-28509.914420,0.000110,2112.977750,-10.138470,0.994330,-10.138470,0.994330,22370.068000
23.035910,6926.900000,22.994440,20240604203731.000000,8.000000,451597.364000,694930.240000,0.351230,93.998620,-1.943360,0.793260,-1.943360,0.793260,-602855.357180,0.004880,-482836.481300,0.012440,2152.996960,2.624220,0.980900,4.519040,0.986520,22092.295000
-69.715910,6926.900000,-69.719220,20240604204029.000000,8.000000,-252463.182000,361968.837000,0.349000,84.161470,3.335680,0.816160,3.293310,0.815100,-8420.604830,0.000110,-1668391.244270,0.013410,2094.794440,8.262150,0.992190,11.408540,0.993900,22309.249000
22.985450,6926.900000,22.923780,20240604204327.000000,8.000000,2147480.000000,1488627.179000,0.317230,135.072410,0.915040,0.801220,13.403360,0.962730,2587906.571730,0.001210,2587906.571730,0.001210,2164.255240,-4.231950,0.978240,-5.346760,0.979430,22244.976000
22.874550,6926.900000,22.842000,20240604204625.000000,8.000000,780901.818000,579193.340000,0.362770,33.513000,-0.439400,0.767530,-0.452170,0.759020,1105897.342670,0.008780,1105897.342670,0.008780,2120.548130,0.739270,0.976010,1.024090,0.981620,22209.291000
29.419090,6926.900000,137.092860,20240604204923.000000,8.000000,997172.727000,913778.906000,-0.454340,132.829410,-0.003570,0.321110,-0.003690,0.323440,-133658.071990,0.180590,-131203.941130,0.179180,2122.897710,0.004670,0.498080,0.004670,0.498080,22269.975000
22.886820,6926.900000,22.855330,20240604205211.000000,8.000000,3071537.273000,605442.169000,-0.003000,19.700640,1.164680,0.675940,10.832710,0.888460,-913722.190360,0.036280,-136739.274450,0.016370,2123.343510,-31.630730,0.996840,-31.630730,0.996840,22298.564000
-68.763640,6926.900000,-69.571780,20240604205509.000000,8.000000,390450.909000,1083821.606000,0.074000,19.718330,-0.370010,0.592770,-0.370010,0.592770,109205.289390,0.009840,109205.289390,0.009840,2144.795870,4.253680,0.993220,4.593670,0.993350,22262.316000
22.671360,6926.900000,22.617110,20240604213731.000000,8.000000,2875660.091000,921235.942000,0.352000,93.950890,10.156650,0.854830,10.156650,0.854830,-8987502.148860,0.096180,-12442687.074130,0.159200,2189.209080,-8.130230,0.912870,-20.177680,0.943310,22947.856000
-69.190450,6926.900000,-69.631890,20240604214031.000000,8.000000,-680687.705000,427361.711000,0.348230,84.786590,-5.905630,0.974630,-5.905630,0.974630,357978.326160,0.024220,609274.947130,0.038220,2144.518390,12.969390,0.991540,19.887640,0.995620,23114.073000
22.672270,6926.900000,22.609000,20240604214329.000000,8.000000,1659988.201000,1383291.480000,0.318000,134.661800,-1.202090,0.870880,-1.202090,0.870880,9141247.401760,0.009910,9141247.401760,0.009910,2100.618820,-3.530940,0.985710,-5.145540,0.982930,23177.924000
22.604090,6926.900000,22.570330,20240604214627.000000,8.000000,-2011834.582000,1278390.461000,0.362000,33.513640,1.280400,0.532880,1.280400,0.532880,1652813.793560,0.002280,1652813.793560,0.002280,2124.920530,10.907110,0.984970,10.907110,0.984970,23133.633000
30.825450,6926.900000,137.589560,20240604214925.000000,8.000000,560319.398000,703492.728000,-0.448370,132.488070,0.869090,0.861770,0.869090,0.861770,-1633882.371220,0.011220,-1403647.442220,0.011670,2174.730410,0.989770,0.850780,0.770850,0.155810,23590.509000
22.763640,6926.900000,22.714000,20240604215212.000000,8.000000,-6032.532000,1150240.961000,-0.003000,19.606480,-2.207350,0.828450,-2.207350,0.828450,109.933610,0.000710,109.933610,0.000710,2132.857590,13.940090,0.994490,13.940090,0.994490,23331.827000
-69.319550,6926.900000,-69.384440,20240604215511.000000,8.000000,293162.519000,276552.599000,0.073240,19.625660,-0.695370,0.618180,-0.695370,0.618180,1017570.776990,0.031270,1017570.776990,0.031270,2109.336790,5.516600,0.991550,7.183710,0.989050,23240.176000
22.444090,6926.900000,22.390220,20240604223731.000000,8.000000,780901.818000,57588.085000,0.352000,93.982390,-0.004280,0.000350,3.655200,0.295610,4956861.137430,0.192830,4956861.137430,0.192830,2181.347260,1.223760,0.986580,1.223760,0.986580,22982.441000
-69.400000,6926.900000,-69.731890,20240604224031.000000,8.000000,1174250.900000,881284.154000,0.348230,84.681110,0.411750,0.342890,0.425510,0.346340,451148.523940,0.035090,617790.222510,0.038120,2209.382550,-0.738690,0.946590,-1.858660,0.961970,23050.607000
22.449550,6926.900000,22.361670,20240604224330.000000,8.000000,1490466.959000,549612.082000,0.318000,134.468860,-0.455470,0.883650,-0.724680,0.911580,4091458.303500,0.024990,4091458.303500,0.024990,2154.297390,-2.038350,0.960190,-2.038350,0.960190,23042.399000
22.330450,6926.900000,22.269890,20240604224628.000000,8.000000,2147480.000000,1015769.766000,0.361770,33.490700,3.081300,0.664930,1.780690,0.293180,-7880607.166550,0.108780,-13151072.114420,0.045730,2147.441570,-3.805870,0.918020,-7.521560,0.936330,22928.452000
29.240910,6926.900000,136.743960,20240604224928.000000,8.000000,1962959.000000,889851.370000,-0.444020,132.285730,-2.228740,0.730010,-6.473430,0.877890,-4343328.619770,0.010400,-4163493.296290,0.010350,2133.749790,2.639090,0.741970,2.639090,0.741970,23107.479000
22.363640,6926.900000,22.313330,20240604225215.000000,8.000000,606512.051000,307741.086000,-0.003000,19.532800,-0.632130,0.985270,-0.632130,0.985270,24480.775540,0.005460,24480.775540,0.005460,2124.571900,6.864740,0.996770,6.864740,0.996770,22943.257000
-69.123640,6926.900000,-69.630670,20240604225514.000000,8.000000,2147480.000000,550288.415000,0.074000,19.552440,1.348120,0.988900,1.348120,0.988900,-135462.006120,0.000010,-126790.996200,0.000010,2122.815590,-9.991770,0.994860,-10.831050,0.995050,22825.461000
22.223180,6926.900000,22.159000,20240604233731.000000,8.000000,390450.909000,395294.487000,0.353000,93.909290,-0.370560,0.186450,-0.370560,0.186450,-1572099.273550,0.234900,-1572099.273550,0.234900,2114.724950,3.527560,0.984390,4.735780,0.986370,22940.022000
-70.052270,6926.900000,-69.749000,20240604234030.000000,8.000000,917174.132000,624907.541000,0.347230,84.531910,-0.026860,0.169910,-0.026860,0.169910,-3221196.707080,0.125750,-4918387.552730,0.035130,2110.155820,0.540780,0.969490,0.540780,0.969490,23036.707000
22.125910,6926.900000,22.063560,20240604234330.000000,8.000000,393.744000,462641.872000,0.316230,134.146640,-5.135760,0.760510,-5.196110,0.758010,649.423730,0.102620,649.423730,0.102620,2155.282220,1.100700,0.516140,47.964960,0.649050,23131.195000
22.065450,6926.900000,22.032560,20240604234628.000000,8.000000,2534.970000,276876.137000,0.360230,33.384610,-1.082550,0.862180,-1.082550,0.862180,196.360580,0.000020,196.360580,0.000020,2117.864450,3.918050,0.981430,6.489340,0.993640,23022.363000
30.988180,6926.900000,137.287910,20240604234926.000000,8.000000,-1468741.909000,183691.915000,-0.452160,132.031570,-1.142810,0.194070,-1.142810,0.194070,-384424.740780,0.017270,-384424.740780,0.017270,2116.406850,-0.162870,0.001520,20.353350,0.077700,23271.107000
22.095910,6926.900000,22.060000,20240604235213.000000,8.000000,-1757029.091000,151765.406000,-0.003780,19.462510,-5.305870,0.902530,-5.305870,0.902530,18089774.830520,0.046910,18185817.956160,0.047480,2089.208230,48.235550,0.994570,48.235550,0.994570,23052.176000
-69.153180,6926.900000,-69.349220,20240604235511.000000,8.000000,-109931.552000,441922.922000,0.074000,19.491120,-3.667840,0.958680,-9.007980,0.967670,-128843.698540,0.001310,-128843.698540,0.001310,2104.626460,9.238210,0.965130,11.810610,0.967260,23032.493000
22.074550,6926.900000,22.015890,20240605003731.000000,8.000000,895017.517000,604900.804000,0.353230,93.958760,-0.042980,0.694630,-0.252650,0.870320,2470865.516530,0.008550,13239245.645390,0.027990,2058.590280,0.573350,0.988710,0.767160,0.990790,23283.964000
-68.764090,6926.900000,-69.795220,20240605004030.000000,8.000000,-2602554.192000,670685.832000,0.348000,85.264630,1.354270,0.626600,1.575000,0.694490,-8177183.599720,0.010710,-8177183.599720,0.010710,2071.369540,9.668470,0.798560,56.506080,0.843850,23305.416000
22.027730,6926.900000,21.960220,20240605004328.000000,8.000000,-976127.273000,711752.796000,0.316000,134.111820,1.647750,0.592110,1.918530,0.586230,-1431838.775650,0.033430,-1431838.775650,0.033430,2067.072180,6.506000,0.962910,9.390000,0.966380,23449.020000
21.910450,6926.900000,21.878560,20240605004626.000000,8.000000,-584205.282000,880619.847000,0.360000,33.601330,-0.977820,0.801220,-5.120200,0.882910,316119.759750,0.033770,316119.759750,0.033770,2079.744130,5.738530,0.941150,7.717670,0.945540,23330.724000
29.315910,6926.900000,136.549120,20240605004924.000000,8.000000,-560210.518000,22221.332000,-0.458410,131.922010,1.214270,0.534320,1.214270,0.534320,5106238.019530,0.002400,5106238.019530,0.002400,2072.644920,5.512550,0.735820,5.512550,0.735820,23557.679000
22.007730,6926.900000,21.972890,20240605005211.000000,8.000000,-798726.795000,-139245.952000,-0.003000,19.411220,-2.769540,0.985090,-2.769540,0.985090,8498719.504890,0.001220,8498719.504890,0.001220,2053.779530,23.132880,0.991750,23.132880,0.991750,23434.335000
-68.913180,6926.900000,-69.467670,20240605005509.000000,8.000000,1127801.741000,-137740.690000,0.072230,19.441700,0.051700,0.384200,0.051700,0.384200,-111223.678990,0.005570,-111223.678990,0.005570,2049.844490,-0.755900,0.985740,-0.755900,0.985740,23311.211000
21.982270,6926.900000,21.921780,20240605013731.000000,8.000000,3123607.273000,399557.286000,0.353230,93.948600,1.200890,0.973670,1.200890,0.973670,8047038.783250,0.001070,8047038.783250,0.001070,2042.384820,-11.008810,0.975610,-18.841550,0.981880,23574.309000
-69.715000,6926.900000,-69.850000,20240605014029.000000,8.000000,2441208.255000,316707.832000,0.347000,85.292010,0.253120,0.553860,3.984330,0.788050,11071690.894940,0.002880,11071690.894940,0.002880,2042.883390,-9.642580,0.957600,-15.587020,0.970490,23549.731000
21.952730,6926.900000,21.888890,20240605014328.000000,8.000000,-2147480.000000,273798.160000,0.315000,132.271090,4.802120,0.470680,4.802120,0.470680,-69723.801510,0.000010,-69723.801510,0.000010,2043.593120,10.385230,0.928430,31.403190,0.970480,23651.206000
21.883640,6926.900000,21.839890,20240605014626.000000,8.000000,-1170063.709000,432762.669000,0.360000,33.663100,-4.182790,0.982720,-4.182790,0.982720,815488.081510,0.000660,815488.081510,0.000660,2087.524510,5.311240,0.936590,6.550960,0.927890,23639.067000
27.799550,6926.900000,135.807140,20240605014924.000000,8.000000,15697.115000,328008.166000,-0.453930,131.778270,-0.208860,0.727450,-0.208300,0.727230,-31640.853560,0.049510,-3789.932470,0.037240,2046.690300,1.308820,0.656290,1.308820,0.656290,23950.572000
21.978640,6926.900000,21.924220,20240605015211.000000,8.000000,120495.789000,57192.575000,-0.003230,19.373210,-1.398270,0.961660,-1.398270,0.961660,59355.202100,0.017630,142739.410320,0.039380,2041.932920,12.566090,0.995740,15.049970,0.989910,23668.897000
-69.344550,6926.900000,-69.704780,20240605015510.000000,8.000000,99114.318000,59693.517000,0.074000,19.389210,-0.796460,0.981630,-0.796460,0.981630,-15483.652960,0.042050,-15483.652960,0.042050,2043.476220,5.223480,0.952580,5.223480,0.952580,23643.929000
21.968180,6926.900000,21.893330,20240605023731.000000,8.000000,1757029.091000,670015.064000,0.355000,93.928620,-0.452820,0.135000,-0.917730,0.198250,16264921.378630,0.006030,9345346.859130,0.015380,2057.503940,-4.624160,0.948820,-12.983540,0.975640,23654.102000
-70.166820,6926.900000,-69.891330,20240605024029.000000,8.000000,780901.818000,904428.840000,0.347000,84.647920,-0.065220,0.493650,-0.962580,0.899780,-526402.272950,0.013390,-546787.104910,0.014050,2048.922420,1.770020,0.970990,3.808900,0.994630,23733.898000
21.933640,6926.900000,21.867000,20240605024327.000000,8.000000,2114369.500000,-54399.568000,0.315000,133.765310,0.248850,0.779640,0.248850,0.779640,8396348.738180,0.049030,8396348.738180,0.049030,2043.948760,-4.163880,0.947830,-6.152220,0.955090,23854.090000
21.848180,6926.900000,21.812000,20240605024625.000000,8.000000,-560999.215000,537622.521000,0.359230,33.735600,-0.441090,0.926000,-0.441090,0.926000,-158147.756970,0.023550,-157851.252050,0.023810,2045.477380,5.326580,0.946570,6.473980,0.944240,23766.274000
29.737730,6926.900000,136.698240,20240605024923.000000,8.000000,-179832.064000,813291.130000,-0.448620,131.744520,0.562960,0.842850,0.649250,0.856200,-106950.657930,0.018370,-106950.657930,0.018370,2048.753430,-2.629390,0.705900,-2.629390,0.705900,24166.483000
22.026820,6926.900000,21.986560,20240605025212.000000,8.000000,-35558.218000,51493.201000,-0.003770,19.342940,-1.451780,0.987030,-1.451780,0.987030,32034.702460,0.000040,13408.221220,0.000280,2043.118980,14.422520,0.992450,14.422520,0.992450,23960.127000
-69.714090,6926.900000,-69.514670,20240605025510.000000,8.000000,-2865965.909000,364733.697000,0.073230,19.359110,-2.949760,0.964730,-2.949760,0.964730,-4098511.964520,0.032710,-4096011.297370,0.032720,2044.824490,19.642680,0.925430,19.642680,0.925430,23868.975000
21.898180,6926.900000,21.820110,20240605033731.000000,8.000000,2147480.000000,634048.528000,0.356000,93.895680,0.415760,0.526550,2.701890,0.732250,2615270.164320,0.021410,2606319.231150,0.021860,2072.174160,-4.606140,0.968670,-6.549080,0.969820,23720.945000
-69.021360,6926.900000,-69.638670,20240605034029.000000,8.000000,-585676.364000,365953.200000,0.347000,84.908540,0.901590,0.880150,0.901590,0.880150,-37286.527680,0.000990,-37286.527680,0.000990,2092.935230,10.054290,0.983830,12.152510,0.984310,23676.053000
21.828640,6926.900000,21.745890,20240605034328.000000,8.000000,202065.000000,847558.994000,0.315000,133.724540,0.361030,0.703820,3.399870,0.890200,11554.335790,0.035610,11554.335790,0.035610,2092.727110,1.995810,0.880160,6.192900,0.921150,23800.782000
21.727270,6926.900000,21.674780,20240605034627.000000,8.000000,-71529.568000,469607.913000,0.359770,33.704700,-0.698490,0.895510,-0.698490,0.895510,-17136.921790,0.097670,-17093.541650,0.097650,2112.076020,4.545530,0.892210,17.321360,0.975410,23710.875000
28.558640,6926.900000,136.070990,20240605034926.000000,8.000000,-3318832.727000,353004.498000,-0.445120,131.643950,2.664350,0.237110,16.116290,0.514890,-2050257.150540,0.038960,-2050257.150540,0.038960,2078.036480,13.704580,0.715850,13.704580,0.715850,24167.849000
21.874550,6926.900000,21.827000,20240605035213.000000,8.000000,833150.618000,539701.466000,-0.003000,19.311540,-0.118070,0.541590,-0.129490,0.524870,59040.483630,0.059500,51572.876310,0.068500,2070.062310,3.555170,0.989100,4.826100,0.993350,23758.281000
-69.459090,6926.900000,-69.622560,20240605035511.000000,8.000000,3123607.273000,-132879.057000,0.074000,19.334410,1.993320,0.982500,1.993320,0.982500,-267155.576560,0.043840,-267155.576560,0.043840,2092.818180,-17.523470,0.982920,-27.464340,0.991480,23580.165000
21.729090,6926.900000,21.657110,20240605043731.000000,8.000000,1870819.950000,797441.803000,0.355000,93.906890,0.541160,0.928720,1.638320,0.968810,67559.335200,0.000030,67559.335200,0.000030,2029.431830,-3.792570,0.894320,-10.249320,0.927500,23578.003000
-69.995000,6926.900000,-69.868890,20240605044029.000000,8.000000,497736.223000,130824.426000,0.346230,85.185520,-0.182960,0.901740,-0.182960,0.901740,-79011.553170,0.191530,-79011.553170,0.191530,2032.502330,2.317820,0.972400,3.919870,0.975080,23587.247000
21.707730,6926.900000,21.638220,20240605044327.000000,8.000000,-585676.364000,883444.607000,0.314000,133.599140,-0.689440,0.750920,-0.689440,0.750920,-39448.811740,0.037740,-39448.811740,0.037740,2038.988080,9.031340,0.920390,9.642600,0.914080,23844.656000
21.593180,6926.900000,21.560890,20240605044626.000000,8.000000,1891181.000000,932179.807000,0.359000,33.676040,0.241040,0.694150,1.564200,0.777640,-87310.835630,0.003970,-139974.263380,0.004740,2044.849210,-3.927810,0.891950,-12.220840,0.917370,23720.786000
29.903640,6926.900000,136.589230,20240605044925.000000,8.000000,2147480.000000,746764.308000,-0.452000,131.478640,-1.583770,0.755340,-1.585580,0.754160,107456.925510,0.000150,944594.808890,0.012110,2052.494740,10.760170,0.800780,10.760170,0.800780,24059.322000
21.786360,6926.900000,21.738330,20240605045213.000000,8.000000,2287900.982000,911334.488000,-0.003770,19.274690,2.289840,0.988900,2.289840,0.988900,105622.242620,0.015590,102081.462920,0.018930,2041.265600,-23.750550,0.992990,-30.470400,0.995670,23782.702000
-69.236360,6926.900000,-69.357220,20240605045512.000000,8.000000,-888003.102000,347730.117000,0.073760,19.299130,-2.979030,0.994840,-2.979030,0.994840,43478.735320,0.007840,43478.735320,0.007840,2050.796240,22.189990,0.994270,22.189990,0.994270,23759.226000
21.774090,6926.900000,21.703110,20240605053731.000000,8.000000,2632290.411000,221422.496000,0.355770,93.898930,0.585530,0.836460,1.835460,0.848290,25077968.190000,0.140590,27187618.125600,0.141860,2052.524290,-6.464540,0.873390,-8.446370,0.869000,23778.809000
-69.405450,6926.900000,-69.857440,20240605054031.000000,8.000000,3123607.273000,702349.554000,0.345470,85.180810,0.373290,0.352320,13.472410,0.697730,139447.347100,0.001220,139447.347100,0.001220,2056.014000,-10.068500,0.869220,-35.927680,0.914970,23741.733000
21.775450,6926.900000,21.698560,20240605054330.000000,8.000000,390450.909000,20313.057000,0.313230,133.678100,0.378650,0.759760,0.367290,0.697640,9320.696030,0.003160,9320.696030,0.003160,2063.538030,3.352550,0.961800,5.668390,0.976290,23892.393000
21.687730,6926.900000,21.634000,20240605054629.000000,8.000000,1611759.955000,937001.932000,0.359000,33.713030,-0.083430,0.121090,-0.083430,0.121090,-3218449.456860,0.001750,-2655680.449600,0.001760,2072.876730,-3.108790,0.967980,-6.104700,0.989850,23780.663000
29.034090,6926.900000,136.171430,20240605054927.000000,8.000000,-1757029.091000,888375.050000,-0.447540,131.494520,-4.278380,0.518340,-4.278380,0.518340,-93990.836520,0.003760,-151970.996990,0.004890,2073.990060,-3.372150,0.261480,-3.372150,0.261480,24255.969000
21.866820,6926.900000,21.824110,20240605055214.000000,8.000000,1171352.727000,330248.448000,-0.004530,19.258870,0.501100,0.974340,0.501100,0.974340,77406.030020,0.008680,77406.030020,0.008680,2077.310600,-2.695920,0.994180,-2.695920,0.994180,24035.847000
-69.545910,6926.900000,-69.480220,20240605055512.000000,8.000000,-2733156.364000,357786.684000,0.074000,19.281800,-3.305140,0.957890,-11.158380,0.967780,251057.983250,0.008410,251057.983250,0.008410,2062.183930,24.121440,0.922240,82.063280,0.968500,23898.370000
21.928180,6926.900000,21.847670,20240605063731.000000,8.000000,-585676.364000,809760.008000,0.356000,93.730640,0.074190,0.007920,0.291700,0.165200,209467.712640,0.009000,1765387.525920,0.040910,2058.619770,7.064800,0.969320,10.120730,0.966850,23944.264000
-69.208640,6926.900000,-69.733890,20240605064029.000000,8.000000,2946387.545000,415870.149000,0.346230,85.040990,0.570630,0.330100,1.008470,0.273420,125824.270530,0.008320,125824.270530,0.008320,2070.945990,-15.940120,0.984870,-19.766790,0.986230,24010.879000
21.963180,6926.900000,21.903220,20240605064327.000000,8.000000,977927.345000,386645.773000,0.313220,133.667260,-0.005450,0.754810,-0.005450,0.754810,4912.419720,0.000200,4912.419720,0.000200,2065.597680,0.100040,0.967020,0.172880,0.986190,24317.694000
21.966820,6926.900000,21.925560,20240605064627.000000,8.000000,2147480.000000,941467.387000,0.359000,33.656210,0.138080,0.202060,0.138080,0.202060,-103810.485860,0.017990,-103810.485860,0.017990,2070.620550,-6.111970,0.982160,-6.111970,0.982160,24068.773000
27.716360,6926.900000,135.602420,20240605064927.000000,8.000000,780901.818000,572977.362000,-0.442690,131.527710,-0.067680,0.634850,-0.067680,0.634850,37370.534940,0.000020,37370.534940,0.000020,2092.591860,0.219880,0.409120,0.263970,0.409460,24401.125000
22.152270,6926.900000,22.107000,20240605065214.000000,8.000000,2436848.423000,-12920.965000,-0.003000,19.259300,2.303570,0.992910,2.303570,0.992910,-262362.518200,0.016520,-185502.336650,0.015770,2065.727510,-20.608560,0.993520,-20.608560,0.993520,24310.522000
-69.680000,6926.900000,-69.396220,20240605065512.000000,8.000000,-555756.964000,655212.560000,0.074000,19.277000,-1.572930,0.954050,-3.677780,0.966510,-313447.056340,0.009860,-1844552.847020,0.033050,2068.502930,15.099950,0.991270,15.099950,0.991270,24274.575000
22.430910,6926.900000,22.384440,20240605073731.000000,8.000000,-2148548.695000,277454.739000,0.356000,76.806270,-2.221070,0.974590,-2.221070,0.974590,195268.171290,0.008490,195268.171290,0.008490,2059.529430,20.796980,0.997670,20.796980,0.997670,24270.947000
-69.822270,6926.900000,-69.705890,20240605074030.000000,8.000000,-2147480.000000,919606.398000,0.346000,85.650290,0.294160,0.259600,0.294160,0.259600,-2418332.185810,0.004830,-2418332.185810,0.004830,2055.231570,4.902400,0.278430,43.643910,0.558560,24291.679000
22.513180,6926.900000,22.439890,20240605074328.000000,8.000000,195225.455000,306073.808000,0.314000,133.604670,-0.177880,0.635990,-0.177880,0.635990,-17457.308620,0.051080,-17457.308620,0.051080,2057.225090,1.975150,0.743020,1.975150,0.743020,24566.660000
22.393180,6926.900000,22.354110,20240605074626.000000,8.000000,1956591.682000,1104621.322000,0.357470,33.651890,0.273370,0.810730,1.290880,0.937350,-372870.797560,0.025730,-372870.797560,0.025730,2054.300120,-6.313540,0.952960,-15.460350,0.989260,24207.637000
29.859550,6926.900000,136.579340,20240605074924.000000,8.000000,-1453489.764000,646995.948000,-0.449950,131.585490,1.559820,0.452260,6.504240,0.593790,68682.777180,0.014790,30472.852660,0.003430,2059.055640,-14.465500,0.585710,-55.428470,0.705610,24629.033000
22.513180,6926.900000,22.494000,20240605075212.000000,8.000000,2738313.414000,736762.722000,-0.003770,19.279890,2.660720,0.991020,2.660720,0.991020,4763408.206160,0.015770,4763408.206160,0.015770,2058.945260,-24.610110,0.990980,-27.406290,0.991310,24613.007000
-69.624550,6926.900000,-69.349000,20240605075510.000000,8.000000,2405428.182000,402368.576000,0.073000,19.289060,1.508610,0.962130,3.097050,0.972500,363303.049870,0.031910,363303.049870,0.031910,2060.191710,-12.015840,0.973150,-18.628630,0.975510,24576.453000
22.399090,6926.900000,22.318220,20240605083731.000000,8.000000,-2147480.000000,67700.764000,0.357000,76.590280,-3.378480,0.962090,-3.378480,0.962090,567742.746110,0.000540,614960.112090,0.000750,2077.989590,14.757610,0.985530,23.589910,0.988030,24396.450000
-69.014550,6926.900000,-69.629780,20240605084029.000000,8.000000,2147480.000000,241822.598000,0.346000,85.503490,-0.256120,0.597940,-0.256120,0.597940,-106783.989950,0.004150,-196258.045700,0.005270,2078.823360,-7.693950,0.979690,-7.693950,0.979690,24456.128000
22.468640,6926.900000,22.381440,20240605084328.000000,8.000000,3013207.727000,829509.692000,0.314770,132.443510,0.879460,0.942380,0.879460,0.942380,138460.578520,0.025050,164079.303190,0.026570,2087.821670,-8.432260,0.968720,-8.680450,0.968750,24831.475000
22.426360,6926.900000,22.381560,20240605084627.000000,8.000000,889368.104000,579063.311000,0.358000,33.737090,-0.039210,0.548070,-0.039210,0.548070,154828.958860,0.152610,162115.952050,0.153270,2085.426850,0.343170,0.981650,0.385830,0.981860,24450.772000
28.707270,6926.900000,136.239890,20240605084925.000000,8.000000,195225.455000,-242083.916000,-0.456470,131.820590,0.108930,0.044990,0.121930,0.041240,242298.928990,0.037100,242298.928990,0.037100,2085.276440,-0.530430,0.242860,-0.530430,0.242860,25113.118000
22.636360,6926.900000,22.602560,20240605085212.000000,8.000000,-53594.964000,284202.594000,-0.003230,19.304800,-2.203490,0.990030,-2.203490,0.990030,-206165.632520,0.017740,-2008.418130,0.007050,2078.561040,16.835570,0.995630,16.835570,0.995630,25032.798000
-68.680450,6926.900000,-69.605890,20240605085510.000000,8.000000,-1984983.459000,91977.407000,0.073000,19.300400,-0.879580,0.813340,-3.071640,0.833660,-82315.243840,0.008490,-82315.243840,0.008490,2067.360780,18.732490,0.984020,18.732490,0.984020,24828.100000
23.005450,6926.900000,22.933220,20240605093731.000000,8.000000,968493.627000,332978.568000,0.358000,76.327220,-0.020670,0.975650,-0.020670,0.975650,3248192.679400,0.022660,3248192.679400,0.022660,2054.644390,0.157720,0.953490,0.478610,0.986170,24910.930000
-69.743640,6926.900000,-69.780440,20240605094029.000000,8.000000,2147480.000000,771585.048000,0.346000,86.162490,0.544570,0.641340,3.964960,0.880420,56629.811820,0.002260,56629.811820,0.002260,2058.831670,-7.937040,0.978080,-13.744420,0.986670,24767.722000
23.057270,6926.900000,22.991110,20240605094327.000000,8.000000,1698529.036000,696271.532000,0.313470,134.099670,0.340440,0.866350,0.340440,0.866350,-117587.702530,0.041500,-120898.437460,0.041740,2062.016760,-0.197380,0.043300,-15.097220,0.195140,25239.213000
23.000000,6926.900000,22.977330,20240605094626.000000,8.000000,2147480.000000,1002086.499000,0.357470,33.738240,-0.104610,0.405550,-0.104610,0.405550,59129.759100,0.000350,59129.759100,0.000350,2061.070230,-8.066110,0.944340,-15.645520,0.976360,24836.468000
28.609090,6926.900000,136.350990,20240605094925.000000,8.000000,-390450.909000,1611655.876000,-0.439910,131.906470,-0.972250,0.443160,-0.957890,0.343190,-53183.539300,0.121440,-53183.539300,0.121440,2053.578000,-1.639990,0.084630,-1.639990,0.084630,25496.952000
23.395000,6926.900000,23.373220,20240605095213.000000,8.000000,-1561803.636000,660426.467000,-0.003000,19.359020,-3.612950,0.988560,-3.612950,0.988560,-44762.603350,0.006770,-44762.603350,0.006770,2048.968180,37.732620,0.997380,37.732620,0.997380,25518.236000
-69.153180,6926.900000,-69.254000,20240605095513.000000,8.000000,-1813366.182000,742805.581000,0.074000,19.348580,-3.424710,0.914630,-10.894410,0.978470,441664.344740,0.035160,441554.560640,0.037670,2060.425240,47.363400,0.974570,47.363400,0.974570,25354.502000
24.207270,6926.900000,24.139670,20240605103731.000000,8.000000,2733156.364000,-64002.808000,0.358000,77.090300,0.310940,0.483330,2.105930,0.551460,73313.519240,0.003970,73313.519240,0.003970,2034.767160,-6.265100,0.922550,-18.290620,0.952770,25508.761000
-69.265000,6926.900000,-69.458330,20240605104029.000000,8.000000,-3318832.727000,496331.556000,0.346000,85.837670,-2.076860,0.802580,-9.232240,0.924480,-71987.673310,0.004390,-144114.436230,0.005860,2036.102060,29.506650,0.949280,81.388030,0.984960,25354.827000
24.088640,6926.900000,24.024330,20240605104327.000000,8.000000,-1366578.182000,609256.444000,0.315230,134.239710,-0.189730,0.249250,-11.701100,0.613880,27396.851130,0.002120,27396.851130,0.002120,2037.546680,5.675110,0.766370,40.928860,0.900070,25765.568000
23.848180,6926.900000,23.836440,20240605104626.000000,8.000000,-3123607.273000,265547.644000,0.358000,33.555620,0.079000,0.024380,11.995500,0.286730,133324.691170,0.011140,133324.691170,0.011140,2045.374310,16.337440,0.995000,16.337440,0.995000,25252.010000
30.500000,6926.900000,137.311760,20240605104925.000000,8.000000,2147480.000000,1401823.484000,-0.448010,132.344520,-1.983130,0.906660,-2.567490,0.936640,-51553.042760,0.004490,-51553.042760,0.004490,2060.245940,0.212200,0.017160,0.212200,0.017160,25901.657000
24.201820,6926.900000,24.180890,20240605105213.000000,8.000000,-1561803.636000,1161806.722000,-0.003770,19.473980,-4.515490,0.985740,-4.515490,0.985740,36999.517530,0.006440,36999.517530,0.006440,2050.062470,33.004860,0.990330,33.004860,0.990330,26055.715000
-68.859090,6926.900000,-69.298330,20240605105513.000000,8.000000,2147480.000000,1049879.111000,0.073230,19.441980,0.827540,0.944530,2.582540,0.969420,-31870.922330,0.000690,-31870.922330,0.000690,2044.006580,-7.589050,0.982660,-10.618520,0.984410,25900.371000
24.755450,6926.900000,24.734110,20240605113731.000000,8.000000,813652.273000,903731.604000,0.358000,93.308090,-0.297890,0.991750,-0.297890,0.991750,-311016.448960,0.017910,-2221081.442110,0.070050,2059.436930,1.039560,0.984550,1.534520,0.989170,25990.434000
-68.959090,6926.900000,-69.233330,20240605114029.000000,8.000000,-1366578.182000,893501.367000,0.345000,85.791600,0.338220,0.072050,0.430140,0.136540,-186027.321270,0.049160,-186027.321270,0.049160,2040.180200,3.796200,0.351990,32.460790,0.650270,25685.868000
24.542730,6926.900000,24.511330,20240605114327.000000,8.000000,976127.273000,816395.542000,0.316000,134.667770,-0.035060,0.855160,-0.035060,0.855160,221420.936190,0.054520,221420.936190,0.054520,2054.222300,0.078780,0.957930,0.093380,0.958380,26081.582000
24.473640,6926.900000,24.501110,20240605114626.000000,8.000000,2147480.000000,1344754.222000,0.358770,33.646710,0.372330,0.962780,0.372330,0.962780,-479665.903280,0.144460,-376397.714020,0.143860,2043.931670,-4.757870,0.981990,-6.749690,0.988460,25653.027000
29.825450,6926.900000,137.252200,20240605114924.000000,8.000000,2147480.000000,1345124.835000,-0.443700,132.785120,0.398620,0.803440,0.398620,0.803440,69600.369640,0.004980,69600.369640,0.004980,2042.963900,-3.785810,0.656920,-3.739330,0.653780,26274.373000
24.684550,6926.900000,24.679440,20240605115212.000000,8.000000,-147412.318000,2032233.300000,-0.003000,19.594770,-1.784990,0.995450,-1.784990,0.995450,-11089.780060,0.021800,-9165.391200,0.025700,2042.339630,15.181960,0.997370,15.181960,0.997370,26129.303000
-68.379550,6926.900000,-69.179560,20240605115511.000000,8.000000,2147480.000000,1288488.000000,0.074000,19.544120,1.104890,0.987380,1.104890,0.987380,-1539968.827470,0.001540,32929.345340,0.000580,2043.049900,-7.493340,0.967620,-17.171820,0.984360,26088.191000
25.448640,6926.900000,25.464890,20240605123731.000000,8.000000,-2933350.300000,758086.011000,0.358000,93.488190,-2.671780,0.942460,-2.671780,0.942460,-132359.646190,0.005210,-87629.016480,0.005130,2046.271860,16.549370,0.982650,28.426200,0.990760,26467.103000
-69.104550,6926.900000,-69.290780,20240605124029.000000,8.000000,386793.605000,1339907.122000,0.345000,85.567540,-0.139300,0.365010,-0.139300,0.365010,-13815.995490,0.003200,-13815.995490,0.003200,2045.119210,3.982520,0.983890,5.009100,0.986160,26262.888000
25.543180,6926.900000,25.547330,20240605124328.000000,8.000000,2147480.000000,1336209.778000,0.314230,135.036480,0.307160,0.887010,0.965800,0.946190,29537.468140,0.000960,29537.468140,0.000960,2047.338610,-3.942340,0.988790,-4.841110,0.989980,26793.340000
25.177270,6926.900000,25.225440,20240605124626.000000,8.000000,3318832.727000,524939.556000,0.357000,33.721940,0.197940,0.330250,0.197940,0.330250,-153655.955560,0.010040,-153655.955560,0.010040,2045.044380,-8.320700,0.980710,-8.320700,0.980710,26122.969000
32.401820,6926.900000,138.592860,20240605124926.000000,8.000000,-1366578.182000,556656.603000,-0.451070,133.095660,-0.125550,0.001880,16.513670,0.161560,162564.305250,0.064470,159681.719790,0.070840,2045.394710,-3.103950,0.589410,-3.103950,0.589410,26733.073000
25.200910,6926.900000,25.259110,20240605125215.000000,8.000000,3123607.273000,1813427.556000,-0.004770,19.740010,3.244040,0.996490,3.244040,0.996490,86040.033150,0.006650,86040.033150,0.006650,2043.349580,-29.280440,0.997300,-29.400990,0.997300,26641.935000
-68.702270,6926.900000,-69.082890,20240605125513.000000,8.000000,2147480.000000,1395221.222000,0.073000,19.674630,0.923120,0.986300,0.923120,0.986300,-1209153.850010,0.029710,-268589.752740,0.026110,2042.752090,-7.495020,0.991980,-7.495020,0.991980,26637.059000
24.910910,6926.900000,24.918890,20240605133731.000000,8.000000,-1548630.732000,1094892.723000,0.358000,93.452260,0.190220,0.080980,0.190220,0.080980,-472466.461160,0.000110,-10735726.783580,0.001660,2030.393590,10.007010,0.980720,10.289020,0.980730,26022.031000
-68.932270,6926.900000,-69.289110,20240605134029.000000,8.000000,-1366578.182000,1431653.333000,0.345000,85.122420,0.707800,0.792930,0.776570,0.787160,307952.961400,0.162420,330964.271800,0.163680,2028.386750,-1.327650,0.083270,-1.327650,0.083270,25925.578000
24.827730,6926.900000,24.818440,20240605134328.000000,8.000000,2733156.364000,858341.240000,0.315770,135.414140,0.554200,0.841390,2.347580,0.841480,-34536.240510,0.000490,-34536.240510,0.000490,2036.644830,-5.072950,0.952930,-6.459930,0.950970,25931.910000
24.674090,6926.900000,24.721560,20240605134627.000000,8.000000,-390450.909000,1670262.222000,0.357000,33.744480,-0.305430,0.929840,-0.433460,0.934400,22996.757340,0.025800,22996.757340,0.025800,2032.855160,2.932720,0.983900,2.932720,0.983900,25703.147000
31.230450,6926.900000,138.201100,20240605134928.000000,8.000000,780901.818000,810690.000000,-0.446350,133.319020,0.355770,0.800520,0.355770,0.800520,42948.727880,0.019750,42948.727880,0.019750,2034.718000,-0.077680,0.100060,-0.077680,0.100060,26222.527000
25.548180,6926.900000,25.608330,20240605135215.000000,8.000000,976127.273000,1765705.778000,-0.004000,19.857090,-0.033750,0.982300,-0.033750,0.982300,69676.369340,0.029990,69676.369340,0.029990,2034.967710,0.316260,0.988280,0.316260,0.988280,26541.401000
-68.538640,6926.900000,-69.005670,20240605135514.000000,8.000000,1171352.727000,906933.111000,0.073760,19.768770,0.165980,0.917340,0.165980,0.917340,109398.894390,0.025710,109398.894390,0.025710,2044.166560,-1.130100,0.985610,-1.130100,0.985610,26744.210000
25.995450,6926.900000,26.012220,20240605143731.000000,8.000000,1899989.364000,556968.271000,0.357230,93.603700,0.014600,0.000970,0.014600,0.000970,-395328.494700,0.001130,-255662.462020,0.000650,2049.811100,-2.861500,0.966800,-2.861500,0.966800,26626.054000
-69.438180,6926.900000,-69.245000,20240605144029.000000,8.000000,2147480.000000,1114032.823000,0.343230,84.735560,-0.757310,0.776690,-0.757310,0.776690,-414089.536420,0.022100,-213125.050880,0.023470,2055.615430,-2.799670,0.895680,-6.437310,0.911210,26509.238000
25.679090,6926.900000,25.672440,20240605144327.000000,8.000000,1952254.545000,1670262.222000,0.313470,135.631860,0.386230,0.753760,0.386230,0.753760,-321437.073240,0.153080,-343934.437650,0.156930,2050.705780,-2.361510,0.943810,-2.361510,0.943810,26497.734000
25.274550,6926.900000,25.350670,20240605144626.000000,8.000000,3318832.727000,1387134.063000,0.356000,33.862730,0.253380,0.131290,0.553740,0.084260,-927782.228680,0.031600,-160741.072680,0.015260,2053.498580,-4.254580,0.948130,-6.865660,0.960250,26389.227000
30.380000,6926.900000,137.983850,20240605144924.000000,8.000000,2147480.000000,1580459.924000,-0.453770,133.634980,-1.078700,0.918820,-1.152280,0.913090,192501.450190,0.044030,192501.450190,0.044030,2048.612330,0.487180,0.219160,0.487180,0.219160,26536.056000
25.615910,6926.900000,25.677560,20240605145211.000000,8.000000,1757029.091000,1336209.778000,-0.004000,19.981800,1.201590,0.962240,1.201590,0.962240,-3600544.055820,0.067130,25351.119570,0.001090,2059.928990,-6.732960,0.990200,-6.732960,0.990200,26740.444000
-68.864550,6926.900000,-68.957330,20240605145511.000000,8.000000,2147480.000000,1753065.389000,0.073760,19.879860,1.346380,0.946310,1.346380,0.946310,-341124.821880,0.059250,-336822.275730,0.062350,2049.788010,-4.915090,0.974320,-8.327970,0.990870,26569.125000
24.670000,6926.900000,24.625560,20240605153731.000000,8.000000,-1246367.445000,324182.633000,0.357000,93.516660,-1.227990,0.870190,-4.770950,0.969710,454026.872390,0.004400,3707454.242860,0.019400,2073.668870,6.957460,0.992180,6.957460,0.992180,26540.708000
-68.940910,6926.900000,-69.205890,20240605154029.000000,8.000000,-585676.364000,1776426.431000,0.343000,85.070700,-1.332290,0.880850,-7.793830,0.967430,51515.279230,0.024560,51515.279230,0.024560,2069.918770,3.095290,0.821390,4.123320,0.822080,26339.333000
24.267270,6926.900000,24.200440,20240605154327.000000,8.000000,2147480.000000,2008062.507000,0.313230,135.716210,1.526350,0.442770,1.549320,0.422470,-95032.882100,0.010780,-95032.882100,0.010780,2064.831200,-2.367800,0.428190,-2.980320,0.423980,26550.671000
24.123180,6926.900000,24.128440,20240605154627.000000,8.000000,2733156.364000,1562914.190000,0.356000,33.844390,0.546820,0.764520,0.546820,0.764520,-46662.384190,0.003230,-77882.562540,0.003970,2059.571820,-3.533090,0.947300,-5.672700,0.961730,26092.108000
32.442270,6926.900000,138.953740,20240605154925.000000,8.000000,2147480.000000,1958690.549000,-0.449250,132.173630,-0.818190,0.844110,-0.932840,0.834110,-489482.547250,0.098460,-283677.105730,0.096450,2052.477070,0.447080,0.319900,7.873010,0.619500,26255.416000
23.915910,6926.900000,23.879560,20240605155212.000000,8.000000,2147480.000000,1923205.022000,-0.005000,19.978000,1.737240,0.984930,1.737240,0.984930,66184.479730,0.009790,66184.479730,0.009790,2052.560500,-10.101840,0.987170,-10.101840,0.987170,26293.806000
-69.070000,6926.900000,-69.207890,20240605155511.000000,8.000000,2147480.000000,1743770.568000,0.072240,19.890720,0.786660,0.974540,0.786660,0.974540,1739801.463680,0.001930,1739801.463680,0.001930,2047.827980,-6.031440,0.982760,-6.031440,0.982760,25905.309000
22.900450,6926.900000,22.839330,20240605163731.000000,8.000000,2439913.356000,832707.178000,0.357230,93.443560,-0.148320,0.013620,-0.148320,0.013620,18450257.957940,0.018910,18450257.957940,0.018910,2081.506090,-3.247070,0.911240,-12.887280,0.973990,26809.738000
-69.375000,6926.900000,-69.451330,20240605164030.000000,8.000000,976127.273000,1023872.280000,0.433230,84.511120,-0.030430,0.578390,-0.030210,0.575650,-486601.658570,0.002340,-371759.887780,0.001720,2087.351880,0.022590,0.394290,0.308810,0.473030,26588.423000
22.798180,6926.900000,22.718890,20240605164328.000000,8.000000,2271697.941000,1247128.659000,0.355000,135.167140,0.186740,0.590000,0.189760,0.590960,-168473.360510,0.069410,-177110.851280,0.078410,2078.799760,-2.108920,0.885240,-2.352520,0.876930,27237.493000
22.808640,6926.900000,22.755780,20240605164626.000000,8.000000,2147480.000000,1455377.156000,0.398770,34.022740,-0.922310,0.778770,-1.733170,0.909320,-1196009.961580,0.084410,-158538.625780,0.029090,2078.131840,-2.673080,0.984260,-2.673080,0.984260,26630.102000
29.948640,6926.900000,137.453520,20240605164925.000000,8.000000,3123607.273000,1320679.600000,-0.452040,132.996240,-0.669770,0.485910,-13.009480,0.659660,-107088.772870,0.006210,-107088.772870,0.006210,2085.590600,-4.035620,0.857090,-5.499340,0.874700,27527.590000
23.008640,6926.900000,22.979560,20240605165212.000000,8.000000,-2733156.364000,1322501.489000,0.083770,20.203510,-7.939910,0.984530,-7.939910,0.984530,-481610.339190,0.158840,-481610.339190,0.158840,2094.847180,57.502630,0.993510,57.502630,0.993510,27361.048000
-69.430450,6926.900000,-69.309330,20240605165512.000000,8.000000,-195225.455000,934380.155000,0.097760,19.962770,-1.892000,0.791100,-1.892000,0.791100,10981.357480,0.003610,10981.357480,0.003610,2085.996590,15.272950,0.983660,15.272950,0.983660,27024.865000
22.900910,6926.900000,22.798890,20240605173731.000000,8.000000,579912.727000,494356.520000,0.362230,93.441810,0.346890,0.648900,0.346890,0.648900,2496162.459770,0.054800,2496162.459770,0.054800,2087.946700,1.634770,0.977780,1.634770,0.977780,26731.208000
-69.405450,6926.900000,-69.492220,20240605174029.000000,8.000000,2129646.564000,1017528.110000,0.435000,84.595320,0.074430,0.009510,0.074430,0.009510,-7825921.114040,0.000170,-7825921.114040,0.000170,2084.271750,0.449870,0.041200,-54.848350,0.038240,26490.987000
22.623180,6926.900000,22.545440,20240605174327.000000,8.000000,1698237.077000,1275578.751000,0.365000,134.708870,-0.769530,0.674030,-1.702360,0.788400,-185602.184470,0.024410,-183907.191660,0.024300,2069.357540,-2.173430,0.973160,-2.173430,0.973160,26932.357000
22.605450,6926.900000,22.540780,20240605174625.000000,8.000000,2147480.000000,1305840.328000,0.402000,34.128860,-0.202800,0.213990,-0.202800,0.213990,-4302347.722200,0.145230,-4106650.377240,0.043150,2072.610310,-3.384390,0.956940,-6.133680,0.972980,26392.718000
31.426820,6926.900000,137.875820,20240605174925.000000,8.000000,2147480.000000,1950833.893000,-0.446970,132.564710,-0.554070,0.409320,-0.914140,0.589820,268478.423730,0.004120,241069.783980,0.004600,2084.891970,-0.576680,0.077710,-0.576680,0.077710,26813.132000
22.593640,6926.900000,22.560440,20240605175212.000000,8.000000,2147480.000000,967376.759000,0.078000,20.151540,2.910340,0.964830,2.910340,0.964830,-38484.693750,0.025220,-227183.156880,0.085050,2073.200530,-19.555830,0.994390,-19.555830,0.994390,26673.798000
-69.180910,6926.900000,-69.328220,20240605175511.000000,8.000000,2611988.755000,1387066.559000,0.090240,19.896210,4.234150,0.948280,4.234150,0.948280,112137.553750,0.005700,112137.553750,0.005700,2059.598410,-38.962330,0.985380,-38.962330,0.985380,26339.092000
22.625450,6926.900000,22.557780,20240605183731.000000,8.000000,2147480.000000,252559.214000,0.367000,93.263130,-0.664260,0.589610,-0.689460,0.592920,-213095.516910,0.053620,-222182.806900,0.056530,2075.134340,-4.961570,0.970080,-12.307100,0.993560,26434.680000
-69.131820,6926.900000,-69.685220,20240605184030.000000,8.000000,2147480.000000,1156638.653000,0.434000,84.702820,-2.340260,0.818390,-2.775570,0.810140,12380047.362340,0.009370,12380047.362340,0.009370,2096.694700,-1.309110,0.296340,-4.041430,0.272850,26358.716000
22.670450,6926.900000,22.545560,20240605184328.000000,8.000000,2147480.000000,950519.618000,0.363770,134.509310,0.097010,0.011170,0.097010,0.011170,-142801.464270,0.000070,-35807.584400,0.000040,2120.378280,-3.066700,0.951110,-3.066700,0.951110,26975.739000
22.533180,6926.900000,22.470890,20240605184626.000000,8.000000,195225.455000,1204775.242000,0.396230,34.101430,0.027040,0.000480,4.827940,0.192930,48335.621500,0.022120,5205.383760,0.005910,2108.093780,1.587180,0.966940,1.587180,0.966940,26386.214000
29.658640,6926.900000,136.950660,20240605184925.000000,8.000000,-195225.455000,1672830.784000,-0.441730,132.322950,1.940410,0.955900,2.013840,0.956090,6521.978620,0.017020,9621.003880,0.019450,2100.666970,-0.155640,0.032030,-0.155640,0.032030,26997.161000
22.725450,6926.900000,22.669220,20240605185212.000000,8.000000,-1366578.182000,1439278.558000,0.066770,20.045830,-4.231720,0.932970,-4.186570,0.932190,-79146.035070,0.011780,-69189.855700,0.013550,2120.017980,36.960030,0.989730,36.960030,0.989730,26912.113000
-69.593640,6926.900000,-69.467670,20240605185511.000000,8.000000,2147480.000000,1527736.469000,0.086000,19.847930,3.200340,0.682710,3.205620,0.680360,-334489.509840,0.084480,-334489.509840,0.084480,2118.204490,-24.381920,0.988550,-24.381920,0.988550,26624.013000
22.618180,6926.900000,22.531000,20240605193731.000000,8.000000,965940.918000,376055.108000,0.371000,93.178930,0.072480,0.526600,0.274210,0.690460,-3091918.818620,0.033580,-2005344.234730,0.031800,2114.108620,0.086560,0.895190,0.335130,0.959250,26493.694000
-69.485000,6926.900000,-69.779560,20240605194029.000000,8.000000,-1366578.182000,1223831.671000,0.431000,84.674900,4.402240,0.746410,4.402240,0.746410,82936.012150,0.018440,82936.012150,0.018440,2111.653290,14.158860,0.977640,14.158860,0.977640,26331.381000
22.555000,6926.900000,22.448780,20240605194329.000000,8.000000,1378184.227000,1028862.444000,0.361000,134.404270,0.475760,0.311550,7.966560,0.776320,-152593.350570,0.019480,-152593.350570,0.019480,2123.068680,-0.950440,0.889840,-2.503690,0.903710,26873.820000
22.505000,6926.900000,22.444110,20240605194627.000000,8.000000,2256813.636000,1309652.468000,0.394230,34.125040,-3.395900,0.805170,-9.629330,0.931660,-99856.187500,0.006630,-99856.187500,0.006630,2076.222750,-2.791620,0.961870,-6.432550,0.978350,26241.930000
31.512270,6926.900000,137.619120,20240605194926.000000,8.000000,1066254.318000,909118.476000,-0.448620,132.279230,0.109070,0.485190,0.733700,0.651870,-8424.585460,0.000810,-8424.585460,0.000810,2120.248780,0.090310,0.688650,0.332140,0.733680,26830.106000
22.640000,6926.900000,22.565670,20240605195213.000000,8.000000,-1366578.182000,1395738.518000,0.060000,19.992900,-3.125670,0.954530,-3.121880,0.859780,-28529.002110,0.000600,-28529.002110,0.000600,2098.088800,30.472950,0.987790,30.472950,0.987790,26702.416000
-68.992270,6926.900000,-69.459560,20240605195511.000000,8.000000,2147480.000000,1728951.453000,0.085760,19.819360,-0.726020,0.727730,-4.006760,0.814650,-324231.263380,0.073000,-324231.263380,0.073000,2076.756140,-14.049270,0.945030,-14.049270,0.945030,26341.193000
22.287730,6926.900000,22.196440,20240605203731.000000,8.000000,2147480.000000,1162044.413000,0.373000,93.037280,1.310190,0.884870,1.310190,0.884870,852645.571230,0.033620,4271139.538040,0.095880,2098.679790,-4.122170,0.939850,-14.314000,0.967020,26138.471000
-69.325000,6926.900000,-69.562330,20240605204030.000000,8.000000,-764362.268000,1160583.250000,0.428770,85.000300,9.938700,0.793270,11.956150,0.786670,1222260.324920,0.063630,1222260.324920,0.063630,2130.019660,9.371090,0.960620,9.371090,0.960620,26052.110000
22.230450,6926.900000,22.116110,20240605204329.000000,8.000000,391077.292000,1493732.110000,0.360000,134.169440,-0.987430,0.057820,-0.987430,0.057820,60741.006360,0.009340,276114.797060,0.024110,2261.576890,2.013150,0.600070,6.479750,0.744010,26504.072000
22.170450,6926.900000,22.088560,20240605204627.000000,8.000000,2147480.000000,1226514.264000,0.393230,34.068780,7.599700,0.816450,7.599700,0.816450,205871.254240,0.065880,205871.254240,0.065880,2251.025790,-1.591170,0.622050,-3.251480,0.596760,26016.929000
30.123180,6926.900000,136.999670,20240605204927.000000,8.000000,-36419.273000,1225609.996000,-0.444140,132.090880,-6.947220,0.942570,-11.675310,0.944170,-34013.593870,0.037240,-34013.593870,0.037240,2157.040090,-0.594300,0.161830,-0.285190,0.059300,26448.943000
22.238180,6926.900000,22.187220,20240605205214.000000,8.000000,1347998.273000,1679184.900000,0.056000,19.937630,0.351250,0.981110,0.351250,0.981110,-92431.081940,0.049750,-130391.154550,0.055010,2099.249080,-5.403480,0.996380,-5.910860,0.996820,26284.709000
-69.541360,6926.900000,-69.424220,20240605205512.000000,8.000000,2147480.000000,1692318.975000,0.085000,19.791270,0.356010,0.115070,0.356010,0.115070,-36450.545020,0.000510,-36450.545020,0.000510,2093.593420,-18.409210,0.932300,-18.409210,0.932300,26011.582000
22.005000,6926.900000,21.918560,20240605213731.000000,8.000000,1440118.318000,1060095.784000,0.374000,93.085030,-0.106120,0.495160,-0.106120,0.495160,-6601726.584140,0.133300,-8656099.303720,0.049810,2066.791940,-1.574150,0.893290,-4.198550,0.927780,25729.123000
-69.964550,6926.900000,-69.787440,20240605214031.000000,8.000000,2749211.375000,968461.139000,0.426000,84.692440,-0.129440,0.138080,-1.555610,0.336560,-569602.283240,0.017750,-2109303.353050,0.039850,2075.095570,-6.045880,0.852800,-6.045880,0.852800,25770.276000
21.982730,6926.900000,21.874670,20240605214329.000000,8.000000,1390332.114000,550548.937000,0.358000,134.134290,0.023900,0.209730,0.023900,0.209730,-1907.612570,0.000000,-1907.612570,0.000000,2073.895320,-1.710630,0.961590,-1.941410,0.961890,26131.003000
21.902270,6926.900000,21.822890,20240605214627.000000,8.000000,1475690.650000,916809.503000,0.392770,34.065730,0.110050,0.806300,0.110050,0.806300,-506731.860050,0.005270,-506731.860050,0.005270,2079.893120,-0.815480,0.659120,-4.203070,0.874600,25724.831000
28.678640,6926.900000,136.224400,20240605214925.000000,8.000000,-2736825.291000,765582.859000,-0.450790,131.868590,1.778910,0.979010,1.778910,0.979010,-116563.767420,0.001010,-116563.767420,0.001010,2078.654310,2.315740,0.151650,2.341030,0.139770,26208.038000
21.979090,6926.900000,21.929890,20240605215212.000000,8.000000,2933905.455000,1477103.260000,0.054000,19.885010,2.438540,0.992600,2.438540,0.992600,-3151715.302720,0.027140,-3151715.302720,0.027140,2075.561180,-30.019570,0.995160,-30.019570,0.995160,26096.530000
-69.321360,6926.900000,-69.514110,20240605215511.000000,8.000000,976127.273000,1062626.309000,0.083000,19.749800,-0.021540,0.992460,-0.021540,0.992460,413187.368700,0.020470,413187.368700,0.020470,2078.391560,0.235010,0.988830,0.235010,0.988830,25822.783000
22.015910,6926.900000,21.908110,20240605223731.000000,8.000000,2147480.000000,1013937.098000,0.376000,93.066410,0.660560,0.939210,1.348320,0.939870,32748544.170070,0.023480,32748544.170070,0.023480,2094.392720,-2.099900,0.542400,-6.581240,0.563000,25818.535000
-69.540450,6926.900000,-69.773670,20240605224030.000000,8.000000,-374987.773000,589491.290000,0.425000,84.233840,-0.154800,0.568050,-0.242230,0.560300,8757.010310,0.001170,8757.010310,0.001170,2089.102560,1.924680,0.666720,27.252590,0.830060,25835.964000
21.995910,6926.900000,21.873890,20240605224330.000000,8.000000,-871124.073000,321596.773000,0.358000,133.852060,-1.553420,0.798660,-1.553420,0.798660,90988.816450,0.007950,984103.320830,0.046130,2094.343820,21.454840,0.931890,24.429230,0.933630,26256.454000
21.903180,6926.900000,21.816440,20240605224628.000000,8.000000,-325371.483000,1284890.564000,0.391000,34.026490,1.279950,0.921130,1.458790,0.914240,-39126539.643340,0.035690,-39126539.643340,0.035690,2109.576190,3.590310,0.894860,12.646150,0.915910,25768.974000
30.527270,6926.900000,137.027250,20240605224926.000000,8.000000,326229.772000,359917.779000,-0.446800,131.793130,1.651810,0.964480,3.481480,0.986910,128235.849330,0.007900,120908.172740,0.007900,2145.012710,3.181280,0.960600,5.288060,0.979920,26147.673000
21.998180,6926.900000,21.947890,20240605225214.000000,8.000000,2181273.919000,817103.479000,0.052230,19.839390,1.272140,0.674030,1.272140,0.674030,-133581.346730,0.011290,-133581.346730,0.011290,2131.368310,-29.024010,0.951140,-29.024010,0.951140,26094.600000
-69.264090,6926.900000,-69.566330,20240605225514.000000,8.000000,780901.818000,1252109.983000,0.082240,19.716780,0.039700,0.604380,0.039700,0.604380,-14604254.950000,0.024260,-14604254.950000,0.024260,2116.489300,2.057450,0.997210,2.057450,0.997210,25816.728000
21.785910,6926.900000,21.717890,20240605233731.000000,8.000000,2147480.000000,1139539.641000,0.376230,92.920460,-0.965040,0.831100,-0.965040,0.831100,-68579434.691380,0.016730,-401832665.018450,0.055890,2200.223400,-5.886780,0.962710,-5.886780,0.962710,25558.357000
-68.684550,6926.900000,-69.486670,20240605234029.000000,8.000000,1432238.773000,840584.702000,0.424230,84.378590,1.094740,0.985300,1.094740,0.985300,-13206525.946440,0.007200,-13206525.946440,0.007200,2203.006510,-1.433830,0.707380,-2.617590,0.681210,25576.972000
21.787270,6926.900000,21.675890,20240605234328.000000,8.000000,857069.015000,1102033.508000,0.357770,133.770480,-0.133640,0.972060,-0.375270,0.976700,1132826.385650,0.049350,1132826.385650,0.049350,2166.873560,0.510660,0.879760,0.605720,0.877570,25902.802000
21.667270,6926.900000,21.606440,20240605234626.000000,8.000000,1495229.004000,460066.404000,0.391000,34.041790,0.693060,0.972370,0.693060,0.972370,950566.606880,0.008730,950566.606880,0.008730,2142.107970,-0.229900,0.030180,-10.291720,0.262990,25543.209000
29.066360,6926.900000,136.301540,20240605234924.000000,8.000000,727433.982000,669584.106000,-0.441970,131.660370,-0.118020,0.948900,-0.322050,0.960450,10667.982970,0.000110,10667.982970,0.000110,2124.375790,-0.103760,0.035360,-0.245170,0.021970,25993.648000
21.857270,6926.900000,21.795440,20240605235211.000000,8.000000,585656.364000,686712.996000,0.051000,19.799920,-0.675780,0.991380,-0.675780,0.991380,-39945.501040,0.016510,-39945.501040,0.016510,2112.908660,7.584500,0.981430,7.584500,0.981430,25946.198000
-68.873180,6926.900000,-69.534220,20240605235509.000000,8.000000,2124724.636000,725642.250000,0.082000,19.696400,2.029470,0.976410,2.029470,0.976410,9392260.535570,0.021700,9392260.535570,0.021700,2112.388020,-11.558380,0.966600,-11.558380,0.966600,25700.441000
21.902270,6926.900000,21.805440,20240606003731.000000,8.000000,2537930.909000,856104.477000,0.379000,92.875460,0.541810,0.940960,1.565710,0.955160,15373107.356730,0.205170,14967048.283460,0.218720,2071.621830,-4.045440,0.674350,-4.045440,0.674350,25704.650000
-69.180910,6926.900000,-69.735670,20240606004030.000000,8.000000,-984988.188000,386792.662000,0.423230,84.889630,-0.857350,0.893140,-0.857350,0.893140,-2362519.135810,0.005330,-2362519.135810,0.005330,2070.416970,12.007650,0.942110,31.811560,0.963950,25668.224000
21.847270,6926.900000,21.743330,20240606004328.000000,8.000000,534707.118000,429076.212000,0.357000,133.627420,-0.003460,0.002830,-0.003460,0.002830,-382993.368640,0.043520,-380282.583810,0.043830,2065.016980,3.178070,0.909810,8.227430,0.963200,25969.836000
21.698180,6926.900000,21.638220,20240606004626.000000,8.000000,955516.091000,727933.349000,0.390000,34.044740,-0.013320,0.735120,-0.069770,0.786350,-146504.684370,0.003170,-146504.684370,0.003170,2066.925250,0.202650,0.835120,0.267500,0.835820,25567.175000
31.019550,6926.900000,137.078570,20240606004925.000000,8.000000,602861.727000,739037.701000,-0.448490,131.637680,-0.113640,0.524080,-0.113640,0.524080,-6418211.880700,0.000130,-958734.739270,0.000020,2068.111860,1.029890,0.456350,1.029890,0.456350,25989.875000
21.865910,6926.900000,21.814780,20240606005212.000000,8.000000,-950166.364000,436471.947000,0.049000,19.766530,-1.113670,0.703560,-1.113670,0.703560,169778.945550,0.072400,169778.945550,0.072400,2070.450070,40.081820,0.994470,44.324900,0.994760,25920.673000
-69.657730,6926.900000,-69.335670,20240606005512.000000,8.000000,502445.679000,750811.574000,0.082000,19.676270,-2.019660,0.953080,-2.019660,0.953080,-2038478.459320,0.006790,-1906380.919760,0.006660,2118.481570,6.641030,0.899630,6.641030,0.899630,25633.256000
21.971820,6926.900000,21.867440,20240606013731.000000,8.000000,-2147480.000000,-1371911.836000,0.381000,92.955320,-0.827490,0.859600,-3.777110,0.861980,-98939196.160920,0.011410,-238106441.402630,0.026380,2064.302790,8.829870,0.560620,8.829870,0.560620,25759.906000
-69.302270,6926.900000,-69.616560,20240606014030.000000,8.000000,-354372.534000,-244430.052000,0.422000,85.544570,0.352910,0.464480,1.786580,0.576480,-858122.386510,0.005230,-5125441.448950,0.017420,2066.466290,12.458980,0.949290,28.200460,0.976490,25723.989000
21.932270,6926.900000,21.813330,20240606014329.000000,8.000000,1366610.495000,275480.586000,0.356770,133.632830,0.379660,0.508490,5.244250,0.896540,-48480440.228810,0.001850,-43478708.971900,0.001690,2088.946720,-0.411450,0.168840,-0.995950,0.122330,26077.289000
21.805450,6926.900000,21.753110,20240606014627.000000,8.000000,508658.204000,-79227.385000,0.389000,34.048510,-0.180100,0.756010,-0.770960,0.838140,2517066.194280,0.000930,2517066.194280,0.000930,2071.569800,2.012550,0.924410,2.012550,0.924410,25690.822000
29.631820,6926.900000,136.544950,20240606014925.000000,8.000000,-2576222.682000,-424692.225000,-0.444270,131.648970,0.174310,0.119160,-22.810410,0.037830,-777557.134450,0.000420,-6579325.017190,0.007370,2065.244410,-13.350150,0.928220,-13.350150,0.928220,26204.320000
21.951360,6926.900000,21.898220,20240606015212.000000,8.000000,-2293021.045000,-658217.875000,0.048230,19.754530,-4.068430,0.989890,-4.068430,0.989890,-8950093.399610,0.031990,-8950093.399610,0.031990,2059.400080,55.796960,0.992910,55.796960,0.992910,26109.110000
-69.208640,6926.900000,-69.506000,20240606015510.000000,8.000000,-1604177.273000,-545611.954000,0.082000,19.670690,-4.682740,0.984120,-4.682740,0.984120,2537371.864450,0.025670,13269487.732780,0.078090,2060.169840,37.358960,0.973350,37.358960,0.973350,25861.433000
22.092270,6926.900000,22.000000,20240606023731.000000,8.000000,-2147480.000000,-1395526.684000,0.381230,92.971030,-0.733860,0.802020,-3.449570,0.888350,-1249457.315510,0.041690,-1264855.621840,0.047700,2055.162050,19.146950,0.904330,42.763250,0.938390,25915.543000
-69.319550,6926.900000,-69.595440,20240606024029.000000,8.000000,-61916.715000,-343137.489000,0.421000,85.727790,-0.035660,0.127950,-0.176080,0.100130,136288.274480,0.045180,136288.274480,0.045180,2052.057130,3.167140,0.821260,3.167140,0.821260,25895.572000
22.032730,6926.900000,21.925220,20240606024327.000000,8.000000,-2137496.339000,-390536.615000,0.354440,133.661730,-0.588450,0.721020,-3.200500,0.797680,903718.464680,0.000460,903718.464680,0.000460,2054.796540,8.416490,0.930870,8.416490,0.930870,26294.348000
21.899090,6926.900000,21.845560,20240606024625.000000,8.000000,-1463605.462000,-322356.129000,0.389000,34.094780,-0.032090,0.014190,-0.032090,0.014190,1227698.042770,0.000960,1227698.042770,0.000960,2052.333310,1.692200,0.213080,1.692200,0.213080,25862.015000
28.386360,6926.900000,136.064620,20240606024923.000000,8.000000,-245508.306000,-97154.406000,-0.450670,131.761750,0.276060,0.489930,0.277420,0.488970,-245782.987850,0.150900,-239790.810710,0.149740,2053.194320,-5.826550,0.677870,-5.813970,0.677290,26317.346000
22.030450,6926.900000,21.972560,20240606025210.000000,8.000000,33418.888000,-554798.140000,0.048000,19.758690,-0.529430,0.677180,-0.573850,0.650150,-442881.515160,0.004760,-442881.515160,0.004760,2053.096850,15.880830,0.988780,15.880830,0.988780,26198.217000
-69.655910,6926.900000,-69.494670,20240606025508.000000,8.000000,682819.163000,-1010431.546000,0.082000,19.666940,0.345840,0.612520,0.659610,0.588070,-63146.827240,0.000300,-63146.827240,0.000300,2097.511260,5.736400,0.978140,5.736400,0.978140,25868.966000
21.865000,6926.900000,21.782560,20240606033731.000000,8.000000,-2147480.000000,-1007918.397000,0.382000,92.866880,-0.218740,0.191950,-0.218740,0.191950,-1918934.582540,0.000650,-1736833.849980,0.000890,2049.173130,6.720100,0.933820,22.993920,0.957590,25635.104000
-69.220910,6926.900000,-69.680220,20240606034030.000000,8.000000,1704214.412000,-148930.848000,0.420230,85.519620,0.361480,0.782190,0.361480,0.782190,-94507.457080,0.000320,-94507.457080,0.000320,2051.686560,-2.412040,0.756550,-8.204560,0.816460,25618.841000
21.816820,6926.900000,21.719560,20240606034328.000000,8.000000,-1941066.818000,-1106540.397000,0.355000,133.678990,-0.289640,0.176320,-0.286630,0.175140,-3532351.563120,0.019660,-3532351.563120,0.019660,2046.294060,4.097660,0.452390,4.097660,0.452390,25943.368000
21.713640,6926.900000,21.654110,20240606034627.000000,8.000000,-968864.520000,-488618.442000,0.387000,34.094790,-0.071440,0.124350,-0.209550,0.084040,-1403537.101250,0.013940,-1403537.101250,0.013940,2047.158550,3.467560,0.778030,3.467560,0.778030,25605.328000
30.288640,6926.900000,136.864510,20240606034925.000000,8.000000,451207.844000,-762457.852000,-0.447040,131.696870,-0.088780,0.595440,-0.088780,0.595440,-1314329.529380,0.053230,-1314329.529380,0.053230,2048.671760,1.388980,0.558520,1.388980,0.558520,26002.313000
21.829550,6926.900000,21.770330,20240606035213.000000,8.000000,-352771.432000,-354178.997000,0.046000,19.740620,-1.112430,0.951670,-1.112430,0.951670,141231.394890,0.018250,126097.866100,0.020310,2055.933820,18.797630,0.994120,18.797630,0.994120,25904.272000
-69.041360,6926.900000,-69.418110,20240606035511.000000,8.000000,-1271155.041000,169731.247000,0.081000,19.662470,-5.292730,0.959280,-5.292730,0.959280,-464155443.285610,0.008820,813830.461200,0.007630,2069.082230,47.705000,0.972810,47.705000,0.972810,25624.090000
21.773180,6926.900000,21.707890,20240606043731.000000,8.000000,-2147480.000000,-929113.932000,0.382000,92.837980,-0.554760,0.687970,-5.731710,0.861520,376414.240870,0.008490,2675529.111860,0.033620,2049.233790,8.808030,0.928210,22.557780,0.956700,25456.410000
-69.445450,6926.900000,-69.514890,20240606044029.000000,8.000000,585006.063000,-470901.176000,0.419000,84.952700,-0.314890,0.968270,-0.314890,0.968270,-790095.069780,0.005100,-790095.069780,0.005100,2054.913830,1.917650,0.897890,5.894660,0.951180,25464.394000
21.748640,6926.900000,21.637110,20240606044328.000000,8.000000,-973644.875000,-531481.224000,0.355770,133.655920,-0.052500,0.085180,-0.052500,0.085180,-1343553.651980,0.165500,-1343553.651980,0.165500,2051.697580,6.462970,0.935110,12.812910,0.956460,25729.588000
21.625910,6926.900000,21.571000,20240606044627.000000,8.000000,-2812121.636000,-290663.210000,0.386000,34.117880,0.122700,0.191390,0.122700,0.191390,-571059.858380,0.015550,-571059.858380,0.015550,2051.486290,2.477060,0.530380,2.813800,0.526560,25424.341000
28.863180,6926.900000,136.203190,20240606044926.000000,8.000000,-64196.004000,-337914.121000,-0.442210,131.654710,4.480510,0.740830,4.480510,0.740830,-44903.639210,0.047030,-44903.639210,0.047030,2052.664500,2.678950,0.646630,2.430020,0.557270,25739.809000
21.708640,6926.900000,21.660330,20240606045214.000000,8.000000,-2018293.295000,-910530.130000,0.045000,19.721040,-4.413210,0.988700,-4.413210,0.988700,-495038865.307780,0.034550,-495038865.307780,0.034550,2053.544770,39.961930,0.994410,39.961930,0.994410,25715.488000
-69.316820,6926.900000,-69.568560,20240606045512.000000,8.000000,-1904995.478000,-630403.232000,0.081000,19.650080,-2.646890,0.963240,-2.646890,0.963240,-1257800.429110,0.043870,-1257800.429110,0.043870,2050.420880,21.063720,0.927460,21.063720,0.927460,25519.928000
21.648180,6926.900000,21.578670,20240606053731.000000,8.000000,-3318832.727000,-684500.542000,0.382000,92.703390,4.455770,0.625080,4.455770,0.625080,-2421719.417480,0.018120,-14226746.659060,0.059700,2096.447900,11.495920,0.823810,79.391970,0.972260,25287.392000
-69.545910,6926.900000,-69.638110,20240606054030.000000,8.000000,-1930759.951000,-615915.168000,0.417230,85.340930,-2.974370,0.910430,-2.974370,0.910430,-10323454.708580,0.065140,-9958783.689820,0.065470,2084.077590,17.039490,0.929970,32.396120,0.955170,25337.875000
21.603640,6926.900000,21.515000,20240606054329.000000,8.000000,-359443.778000,-825761.345000,0.354230,133.644080,1.223430,0.955910,1.229010,0.955910,-1601314.555190,0.064170,-1608378.108690,0.066490,2075.516610,3.854410,0.935770,6.555860,0.944850,25590.305000
21.507270,6926.900000,21.449560,20240606054627.000000,8.000000,4510.790000,-185807.760000,0.385000,34.083320,0.290060,0.059810,31.337260,0.448360,6705.122070,0.001990,6705.122070,0.001990,2112.661420,1.675000,0.893680,1.675000,0.893680,25240.352000
30.869090,6926.900000,136.928130,20240606054925.000000,8.000000,-29250.640000,-642557.190000,-0.448620,131.498540,1.494730,0.947070,1.494730,0.947070,253487.087460,0.012680,253487.087460,0.012680,2148.364550,-1.044710,0.502240,-1.073670,0.505470,25535.187000
21.596360,6926.900000,21.557670,20240606055212.000000,8.000000,5263.045000,-539787.933000,0.043440,19.693960,-2.860410,0.941040,-6.079730,0.941930,-20467.199490,0.049640,-27500.018270,0.061120,2147.288230,11.034750,0.990670,11.034750,0.990670,25538.939000
-68.957270,6926.900000,-69.348890,20240606055510.000000,8.000000,-1852063.468000,-583601.605000,0.081000,19.611270,-5.318390,0.824950,-5.318390,0.824950,-10469188.562260,0.023970,-10469188.562260,0.023970,2121.211060,15.642710,0.987090,19.224900,0.988390,25340.273000
21.833640,6926.900000,21.775780,20240606063731.000000,8.000000,3318832.727000,-829688.980000,0.383000,93.410320,0.294200,0.216970,11.485890,0.689750,-30119.676490,0.000030,-30119.676490,0.000030,2064.048030,-7.271040,0.881420,-24.902960,0.931860,25483.863000
-69.303180,6926.900000,-69.839220,20240606064029.000000,8.000000,2718107.273000,-1383658.346000,0.418000,85.588740,0.156510,0.330660,1.555430,0.342180,781044.920080,0.018200,198422.169990,0.015850,2060.237430,-3.829930,0.697140,-16.598290,0.719640,25545.943000
21.850000,6926.900000,21.758780,20240606064328.000000,8.000000,-2342672.816000,-519552.530000,0.354770,133.604670,-0.274480,0.081460,-0.288050,0.082840,-181160.474950,0.003730,-300038.347250,0.007950,2062.585920,2.749570,0.049330,39.117630,0.365900,25839.914000
21.732730,6926.900000,21.689110,20240606064627.000000,8.000000,-2733156.364000,-761274.409000,0.384000,34.106970,-1.450140,0.906410,-3.336620,0.940480,512964.713450,0.001900,1982322.427860,0.004520,2062.116490,13.886840,0.942800,17.850570,0.945010,25492.705000
29.138640,6926.900000,136.243850,20240606064925.000000,8.000000,-3123607.273000,-810660.584000,-0.456000,131.505770,-0.539640,0.150770,-0.704780,0.098800,-588289.539440,0.001740,-630724.784080,0.007230,2064.176910,5.402850,0.132720,9.422500,0.099620,25814.029000
21.819550,6926.900000,21.783780,20240606065212.000000,8.000000,-2436478.230000,-703221.253000,0.044000,19.692210,-3.477570,0.981660,-3.477570,0.981660,494553.288290,0.029040,1759081.501920,0.062940,2057.205740,44.064290,0.992420,44.064290,0.992420,25844.691000
-69.012730,6926.900000,-69.411330,20240606065511.000000,8.000000,3318832.727000,-588634.853000,0.081000,19.627670,1.351930,0.608070,1.762250,0.559380,-685202.730510,0.039600,-685202.730510,0.039600,2060.586860,-13.799900,0.534560,-13.781110,0.530940,25586.970000
22.586820,6926.900000,22.540890,20240606073731.000000,8.000000,-3318832.727000,-1031152.348000,0.384000,93.432370,0.074890,0.027300,0.074890,0.027300,-44472921.824300,0.002640,-76314251.833180,0.017550,2069.654530,9.913630,0.859170,58.043500,0.961020,26101.694000
-69.655910,6926.900000,-69.492220,20240606074029.000000,8.000000,704569.118000,-974713.430000,0.416230,85.362820,-0.116920,0.948060,-0.116920,0.948060,18782.824040,0.003580,18782.824040,0.003580,2070.124630,1.333290,0.974480,1.648130,0.978200,26096.166000
22.661360,6926.900000,22.620110,20240606074327.000000,8.000000,2328092.825000,-776010.476000,0.353470,133.627310,0.359850,0.754710,0.364040,0.756470,-130229.933170,0.049540,-130229.933170,0.049540,2066.770510,-6.221030,0.776380,-20.153130,0.946500,26567.298000
22.643180,6926.900000,22.641670,20240606074626.000000,8.000000,-1421318.909000,-1469870.715000,0.384770,34.161210,0.115540,0.263970,0.064480,0.305020,211809.124240,0.039620,206231.495870,0.039870,2064.217400,6.253970,0.948700,13.023260,0.959660,26319.652000
28.512270,6926.900000,136.129450,20240606074924.000000,8.000000,-1110128.182000,-1432472.491000,-0.452120,131.787320,-0.297990,0.273930,-0.297990,0.273930,25303.741210,0.003790,25303.741210,0.003790,2074.931600,-0.931420,0.055600,-0.931420,0.055600,26813.540000
22.827730,6926.900000,22.873440,20240606075212.000000,8.000000,-2147480.000000,-1587823.266000,0.043770,19.763030,-2.663880,0.991310,-2.663880,0.991310,-1676926.155570,0.000390,-1676926.155570,0.000390,2067.852340,25.809880,0.992040,28.137980,0.992320,27040.481000
-68.876820,6926.900000,-69.439560,20240606075510.000000,8.000000,390450.909000,-928222.005000,0.082000,19.687220,-0.574200,0.974630,-0.574200,0.974630,-17093.477320,0.000140,-17093.477320,0.000140,2067.080220,5.090380,0.994260,5.090380,0.994260,26712.408000
23.632270,6926.900000,23.585220,20240606083731.000000,8.000000,-2292891.455000,-938719.330000,0.387770,93.521630,-1.046700,0.946530,-2.147710,0.956180,3843373.716320,0.009650,27956225.571310,0.038210,2072.447020,13.371890,0.985670,19.329530,0.989170,27047.065000
-69.220910,6926.900000,-69.451670,20240606084029.000000,8.000000,-1757029.091000,-1255035.539000,0.416000,85.329880,-1.329980,0.856420,-1.329980,0.856420,2433492.907370,0.048050,2433492.907370,0.048050,2067.362840,16.031990,0.948250,16.031990,0.948250,26947.480000
23.607730,6926.900000,23.528670,20240606084327.000000,8.000000,-2147480.000000,-1156168.499000,0.356000,134.163790,-1.010640,0.938880,-1.010640,0.938880,-99084.296650,0.003700,-72432.494100,0.009970,2072.307300,11.619750,0.946190,17.863410,0.957910,27534.129000
23.289550,6926.900000,23.273890,20240606084626.000000,8.000000,-201914.464000,-1034753.451000,0.384000,34.202120,-0.221350,0.593960,-0.221350,0.593960,15521.762980,0.038780,16302.907970,0.041200,2071.670330,2.975950,0.876960,10.044920,0.943580,26919.007000
31.326820,6926.900000,137.560880,20240606084924.000000,8.000000,-531621.318000,-1563929.578000,-0.447650,132.209030,0.242660,0.354860,0.242660,0.354860,115397.626680,0.019210,115397.626680,0.019210,2072.077280,2.487190,0.296770,2.487190,0.296770,27276.662000
23.350000,6926.900000,23.347780,20240606085211.000000,8.000000,-2147480.000000,-1190197.626000,0.042000,19.891880,-3.201660,0.978820,-3.201660,0.978820,-235274.089420,0.000390,-154988.982240,0.001940,2070.637450,28.833030,0.933030,33.075940,0.924680,27540.977000
-69.319550,6926.900000,-69.335890,20240606085510.000000,8.000000,-1339227.794000,-1379570.882000,0.083240,19.798490,-1.957870,0.949440,-1.957870,0.949440,-1052668.780210,0.009450,-1052668.780210,0.009450,2070.038590,15.923910,0.987600,15.923910,0.987600,26993.461000
23.413180,6926.900000,23.365330,20240606093731.000000,8.000000,1220499.114000,-560608.867000,0.389770,93.488290,0.055790,0.867330,0.055790,0.867330,35203479.287040,0.025230,35203479.287040,0.025230,2061.379640,-0.972340,0.949860,-1.729830,0.965470,26744.749000
-69.800910,6926.900000,-69.691110,20240606094030.000000,8.000000,-390450.909000,-1172737.799000,0.414770,85.368320,-1.367980,0.973250,-1.367980,0.973250,15469.530100,0.000270,15469.530100,0.000270,2060.138010,3.842970,0.944740,9.193620,0.974530,26748.919000
23.470450,6926.900000,23.393560,20240606094328.000000,8.000000,-295072.173000,-1321239.763000,0.355770,134.521710,-0.634850,0.841390,-0.634850,0.841390,-7858.728070,0.003880,-7858.728070,0.003880,2045.657770,3.819110,0.920070,5.575620,0.925940,27260.115000
23.169090,6926.900000,23.149670,20240606094626.000000,8.000000,-2537930.909000,-1355532.064000,0.383000,34.240820,-0.645740,0.877500,-0.645740,0.877500,-480124.041730,0.011970,-480124.041730,0.011970,2040.953590,5.472520,0.890680,5.472520,0.890680,26655.238000
30.469550,6926.900000,137.246810,20240606094924.000000,8.000000,2147480.000000,-1619445.495000,-0.443950,132.340090,-0.179470,0.781240,-0.179110,0.752910,144495.163610,0.029890,149646.547690,0.030370,2039.545020,1.823300,0.876660,1.494580,0.668280,27066.271000
23.378180,6926.900000,23.412220,20240606095212.000000,8.000000,-2147480.000000,-1539089.356000,0.041000,19.969170,-3.076170,0.979720,-3.076170,0.979720,205531.144100,0.053750,205531.144100,0.053750,2039.489150,33.940070,0.990890,33.940070,0.990890,27423.337000
-68.996360,6926.900000,-69.268220,20240606095512.000000,8.000000,201195.464000,-1650624.737000,0.085000,19.874500,-0.837250,0.966380,-1.411100,0.983230,-6849.940660,0.027920,-34376.726800,0.080040,2041.966770,4.567500,0.929270,12.641890,0.971900,27344.796000
23.978640,6926.900000,23.956560,20240606103731.000000,8.000000,-2789473.500000,-731292.382000,0.391000,93.524970,-1.165390,0.878870,-4.216200,0.880050,-3926855.386030,0.014490,-3857961.667430,0.015040,2036.171840,8.994830,0.846060,16.810680,0.850240,27550.582000
-69.513640,6926.900000,-69.342110,20240606104029.000000,8.000000,172354.364000,-1442518.341000,0.413000,84.487990,1.234500,0.932200,1.813560,0.953090,10825.012950,0.011200,10825.012950,0.011200,2033.361860,1.530470,0.535640,1.530470,0.535640,27315.403000
24.018180,6926.900000,23.957890,20240606104327.000000,8.000000,-1191265.646000,-1151264.755000,0.355000,134.690900,-0.544030,0.930320,-0.544030,0.930320,-43775.823240,0.010760,-43775.823240,0.010760,2043.119430,6.144580,0.915900,8.005250,0.911100,27815.072000
23.815450,6926.900000,23.805440,20240606104626.000000,8.000000,-81857.968000,-1420304.850000,0.382770,34.260790,-0.070390,0.211760,-0.072030,0.212570,7058.621590,0.002880,7058.621590,0.002880,2040.974880,1.556310,0.515640,10.691100,0.586830,27324.845000
33.274550,6926.900000,137.418020,20240606104926.000000,8.000000,-187912.545000,-1462010.636000,-0.429810,132.734430,0.051240,0.231490,0.051240,0.231490,-10613.223030,0.020220,-10613.223030,0.020220,2040.963580,2.149970,0.877720,2.149970,0.877720,27678.225000
23.917730,6926.900000,23.911670,20240606105214.000000,8.000000,-2147480.000000,-1870380.339000,0.039000,20.067540,-3.682790,0.989630,-3.682790,0.989630,296281.503820,0.001940,124147.626830,0.048950,2036.298570,41.831060,0.985960,41.831060,0.985960,27940.247000
-68.802270,6926.900000,-69.155330,20240606105512.000000,8.000000,-2456124.500000,-1718431.709000,0.085000,19.959780,-2.084970,0.987830,-2.084970,0.987830,441602.886890,0.010500,108338.335180,0.006850,2037.090070,23.237720,0.981350,29.097570,0.986760,27500.168000
24.749550,6926.900000,24.709890,20240606113731.000000,8.000000,-680154.821000,-1332466.824000,0.390230,93.504960,-0.373630,0.640820,-3.787050,0.820200,-403186.494610,0.005490,-619303.810410,0.006400,2042.366230,3.044140,0.601440,37.892560,0.734560,28425.674000
-68.682730,6926.900000,-69.453440,20240606114030.000000,8.000000,-1366578.182000,-545249.256000,0.412000,85.410070,-0.561470,0.859370,-0.561470,0.859370,52863.364610,0.005750,52863.364610,0.005750,2042.437300,10.438450,0.941760,28.055430,0.960490,28086.400000
24.944090,6926.900000,24.864890,20240606114329.000000,8.000000,-1366578.182000,-1030113.804000,0.353470,134.899240,-0.994270,0.914960,-1.727030,0.930250,327124.416850,0.005920,21404.961280,0.001830,2046.247460,9.518900,0.937740,13.851020,0.943490,28761.697000
24.661360,6926.900000,24.665220,20240606114627.000000,8.000000,-3123607.273000,-1021501.396000,0.382000,34.337080,-0.310500,0.513820,-0.310500,0.513820,108601.583260,0.003390,168786.170220,0.003940,2044.195580,10.554840,0.963450,12.859300,0.964470,28162.675000
32.000910,6926.900000,138.264400,20240606114926.000000,8.000000,-2147480.000000,-1538525.921000,-0.446590,132.906350,0.222190,0.409180,0.234610,0.406420,152109.014360,0.035450,152109.014360,0.035450,2043.777240,-2.050000,0.288390,-2.050000,0.288390,28928.638000
24.833640,6926.900000,24.838560,20240606115215.000000,8.000000,867300.500000,-1094725.869000,0.037000,20.190640,-0.138740,0.968780,-0.138740,0.968780,23354.422300,0.003160,23354.422300,0.003160,2043.160630,1.565570,0.973920,1.565570,0.973920,29087.842000
-68.945000,6926.900000,-68.920000,20240606115514.000000,8.000000,-2147480.000000,-1726649.573000,0.086000,20.047060,-0.493100,0.717450,-2.779420,0.837800,85393.495770,0.003750,85393.495770,0.003750,2041.330020,15.496240,0.989380,15.496240,0.989380,28581.381000
26.300450,6926.900000,26.265890,20240606123731.000000,8.000000,-2537930.909000,-970222.157000,0.390000,93.514220,-1.139970,0.865870,-1.139970,0.865870,-544690.128120,0.003210,-1009112.957130,0.004080,2031.859500,14.171490,0.892190,14.171490,0.892190,29220.148000
-69.158640,6926.900000,-69.186440,20240606124029.000000,8.000000,-2147480.000000,-1813161.924000,0.410230,85.378530,-0.528080,0.366160,-0.540580,0.366520,364290.499650,0.106890,431366.367540,0.153190,2031.953010,17.588720,0.919720,56.054470,0.984990,29185.535000
26.390450,6926.900000,26.415780,20240606124327.000000,8.000000,-409330.318000,-1222181.506000,0.355000,135.244430,-0.223820,0.823950,-0.888260,0.904470,-18290.854580,0.015900,-18290.854580,0.015900,2033.163020,3.345420,0.963720,5.051320,0.973620,29185.802000
25.845000,6926.900000,25.803560,20240606124626.000000,8.000000,585676.364000,-1794661.566000,0.381770,34.309920,0.007090,0.026940,0.478390,0.300430,127696.897150,0.364530,127696.897150,0.364530,2034.256370,0.912130,0.946920,1.670490,0.955820,28317.428000
31.453180,6926.900000,138.418790,20240606124925.000000,8.000000,-1119966.495000,-1226737.896000,-0.454250,133.522580,-0.381690,0.735450,-2.240660,0.862730,-63451.409370,0.018440,-63451.409370,0.018440,2035.428270,0.819160,0.242090,1.855910,0.207100,29470.922000
25.895000,6926.900000,25.919440,20240606125214.000000,8.000000,-2147480.000000,-1429181.389000,0.036000,20.376110,-3.436840,0.989940,-3.436840,0.989940,130123.391930,0.022290,130123.391930,0.022290,2031.869870,36.999260,0.994790,46.468030,0.997380,29606.991000
-68.780000,6926.900000,-68.794560,20240606125513.000000,8.000000,-2147480.000000,-539813.255000,0.087000,20.253860,-1.235330,0.972770,-1.235330,0.972770,-1463255.263720,0.025200,-8657282.674960,0.083640,2030.203660,9.787310,0.973930,11.115920,0.974320,29453.869000
24.928640,6926.900000,24.855890,20240606133731.000000,8.000000,-3021246.577000,-656729.047000,0.388230,93.573870,-3.822600,0.977810,-3.822600,0.977810,-203102.181830,0.036320,-207157.095210,0.036480,2041.499210,9.102950,0.966610,19.923280,0.976120,28047.322000
-68.929550,6926.900000,-69.459440,20240606134030.000000,8.000000,-1952254.545000,-1392709.322000,0.408230,85.062570,-0.445810,0.766840,-0.445810,0.766840,5998.852480,0.000030,5998.852480,0.000030,2029.802290,8.316670,0.802690,39.314030,0.930970,27744.603000
24.842730,6926.900000,24.767670,20240606134329.000000,8.000000,585676.364000,-925814.672000,0.353230,135.831860,-0.083450,0.855470,-0.084530,0.853940,-18507.023810,0.005770,-18507.023810,0.005770,2032.969290,1.197560,0.916470,1.304040,0.909620,27775.978000
24.635910,6926.900000,24.609670,20240606134627.000000,8.000000,-2147480.000000,-2136245.778000,0.379230,34.400630,-0.032800,0.015840,-0.588410,0.005750,121602.290290,0.020120,121602.290290,0.020120,2032.878330,2.761990,0.324770,2.761990,0.324770,27568.060000
34.032270,6926.900000,139.804070,20240606134926.000000,8.000000,-1229288.145000,-1790852.056000,-0.449010,133.831450,0.190340,0.414870,0.399780,0.355920,108170.387330,0.040460,108170.387330,0.040460,2034.199820,-2.160510,0.683550,-2.160510,0.683550,27831.988000
24.783640,6926.900000,24.771000,20240606135215.000000,8.000000,-780901.818000,-912319.138000,0.033230,20.448680,-2.750400,0.984380,-2.750400,0.984380,-58649.482050,0.037190,-58649.482050,0.037190,2034.188520,19.907490,0.996880,19.907490,0.996880,28216.050000
-68.965910,6926.900000,-69.064000,20240606135513.000000,8.000000,-1171352.727000,-1240766.222000,0.087240,20.318960,-1.017690,0.965210,-1.017690,0.965210,204882.830690,0.017990,93525.425090,0.018050,2033.499190,9.551810,0.941960,10.724000,0.940330,27764.997000
26.677270,6926.900000,26.612780,20240606143731.000000,8.000000,-701248.514000,113518.780000,0.389000,93.540740,-0.221180,0.426500,-1.455760,0.565280,24776.205070,0.001820,25618.257910,0.001840,2024.096280,2.874200,0.541970,21.004110,0.725840,29465.246000
-68.499550,6926.900000,-69.070560,20240606144029.000000,8.000000,-1561803.636000,-1076938.089000,0.407000,85.019880,-0.531980,0.656500,-0.531980,0.656500,-75931.733290,0.005590,-75931.733290,0.005590,2020.802690,8.603560,0.874340,22.282560,0.919910,28238.789000
26.867730,6926.900000,26.777110,20240606144329.000000,8.000000,-2733156.364000,-1366834.207000,0.353770,135.764220,-0.191830,0.371660,-3.390890,0.644450,-61600.119850,0.003140,-61600.119850,0.003140,2020.033550,13.354550,0.983160,15.929690,0.984250,28672.419000
26.385910,6926.900000,26.314670,20240606144627.000000,8.000000,-2147480.000000,-1622540.444000,0.379770,34.500730,-0.267100,0.688520,-1.336080,0.825260,-12460.535090,0.000180,-12460.535090,0.000180,2021.127320,7.958100,0.951860,11.646530,0.957840,28006.314000
32.736820,6926.900000,139.225820,20240606144927.000000,8.000000,-2147480.000000,-1203532.747000,-0.443930,133.854620,-0.146160,0.062710,-0.143850,0.056060,48106.342850,0.003210,48106.342850,0.003210,2019.821330,-9.604360,0.682070,-9.604360,0.682070,28382.067000
26.310000,6926.900000,26.290220,20240606145215.000000,8.000000,-2733156.364000,-959089.789000,0.032000,20.569930,-3.820190,0.995840,-3.820190,0.995840,253209.506720,0.052070,253209.506720,0.052070,2019.045400,45.613200,0.998540,45.613200,0.998540,28802.110000
-68.802270,6926.900000,-68.874220,20240606145513.000000,8.000000,-195225.455000,-1145322.667000,0.088000,20.443960,-0.340850,0.935320,-0.340850,0.935320,-25685.950600,0.047810,-25685.950600,0.047810,2016.677480,4.725990,0.994360,5.863390,0.995350,28561.257000
26.643180,6926.900000,26.622000,20240606153731.000000,8.000000,691635.027000,-722267.075000,0.388000,93.548090,-0.040920,0.633970,-0.686510,0.910840,-156968.920370,0.004410,-1135282.827600,0.017350,2017.402700,1.266880,0.971610,2.245610,0.980850,29282.617000
-68.806360,6926.900000,-69.017330,20240606154029.000000,8.000000,-2147480.000000,-680598.666000,0.405000,84.745120,-0.664940,0.272130,-0.659930,0.271170,-313840.640570,0.050060,-313840.640570,0.050060,2024.981030,10.190180,0.936900,37.059870,0.986900,28765.694000
26.554550,6926.900000,26.447110,20240606154328.000000,8.000000,-2537930.909000,-668104.889000,0.352000,136.199930,-1.137610,0.858070,-1.137610,0.858070,411321.127740,0.127980,411321.127740,0.127980,2020.903230,16.045200,0.975130,16.045200,0.975130,29271.077000
26.225450,6926.900000,26.187000,20240606154627.000000,8.000000,390450.909000,-1315570.462000,0.377230,34.000190,0.006570,0.016380,0.412970,0.166450,-39546.384590,0.088350,-39546.384590,0.088350,2020.721260,0.292480,0.380910,0.292480,0.380910,28717.617000
34.581360,6926.900000,140.294510,20240606154927.000000,8.000000,-2147480.000000,-1417699.846000,-0.439380,134.176980,0.552380,0.453850,0.550190,0.451070,-41039.765920,0.018080,-219273.874510,0.056310,2020.422690,1.306480,0.088030,31.199930,0.391690,29012.620000
26.174550,6926.900000,26.154110,20240606155215.000000,8.000000,-976127.273000,-1648678.111000,0.030770,20.680620,-2.027850,0.989170,-2.027850,0.989170,123627.762470,0.088630,123627.762470,0.088630,2018.318600,23.327630,0.989260,23.327630,0.989260,29738.930000
-68.832730,6926.900000,-68.705000,20240606155513.000000,8.000000,-2147480.000000,-1574818.667000,0.088000,20.538470,-0.561050,0.694100,-0.561050,0.694100,-872295.592150,0.099490,-872295.592150,0.099490,2018.116360,9.506170,0.899130,9.506170,0.899130,29180.135000
26.160450,6926.900000,26.096110,20240606163731.000000,8.000000,384509.500000,-70770.036000,0.387000,93.557790,-0.193610,0.865810,-0.685460,0.947800,-45447.639780,0.003780,-34934.903180,0.008030,2023.259790,1.579720,0.772820,8.523050,0.934120,29080.904000
-68.652730,6926.900000,-69.196330,20240606164029.000000,8.000000,-3123607.273000,-572661.333000,0.404000,84.806800,-0.872480,0.876310,-2.333440,0.899760,88042.269310,0.002360,88042.269310,0.002360,2022.121380,23.545260,0.980560,33.077070,0.985100,28707.988000
26.232730,6926.900000,26.149670,20240606164328.000000,8.000000,-3318832.727000,-954435.556000,0.352000,136.279860,-1.480030,0.875270,-5.643050,0.958200,-469504.605670,0.097580,-469504.605670,0.097580,2025.149990,14.992900,0.934280,22.531620,0.938230,29143.892000
26.058180,6926.900000,26.029780,20240606164627.000000,8.000000,-2147480.000000,-1240766.222000,0.377000,34.120330,-0.174680,0.171790,-7.569680,0.504120,-147899.661020,0.024220,-147899.661020,0.024220,2024.271050,10.577440,0.978430,10.577440,0.978430,28533.096000
33.952270,6926.900000,140.033630,20240606164927.000000,8.000000,1757029.091000,-1014743.297000,-0.446640,134.279180,0.031510,0.045210,0.031510,0.045210,-166077.057020,0.051270,-121145.795510,0.029010,2028.339750,-1.991000,0.507120,-1.936570,0.502880,29002.993000
26.037730,6926.900000,26.031220,20240606165216.000000,8.000000,1561803.636000,-1765705.778000,0.029000,20.753930,0.657190,0.995050,0.657190,0.995050,-1183.589960,0.000000,-1183.589960,0.000000,2025.923920,-5.669780,0.997030,-5.669780,0.997030,29508.169000
-68.698180,6926.900000,-68.912780,20240606165515.000000,8.000000,1366578.182000,-1336209.778000,0.088000,20.608200,0.213190,0.966140,0.213190,0.966140,141793.269490,0.028860,141793.269490,0.028860,2023.436250,-2.208950,0.949120,-2.986460,0.957560,29015.077000
26.858640,6926.900000,26.781670,20240606173731.000000,8.000000,-913002.480000,-1038521.454000,0.386770,93.576960,-0.147250,0.351110,-0.147250,0.351110,67291.294280,0.050170,67291.294280,0.050170,2027.522050,1.951380,0.586060,3.019880,0.582760,29747.317000
-68.592730,6926.900000,-69.101780,20240606174029.000000,8.000000,-195225.455000,-1145322.667000,0.402000,84.707840,-0.172230,0.670750,-0.172230,0.670750,21770.630940,0.009280,2995.856130,0.000550,2029.242550,6.094380,0.962800,6.094380,0.962800,29074.464000
26.724550,6926.900000,26.585110,20240606174327.000000,8.000000,-2066482.591000,-839192.633000,0.351220,136.267900,0.484610,0.648620,0.484610,0.648620,-27618.415000,0.001060,-27618.415000,0.001060,2028.894660,4.429850,0.761290,4.429850,0.761290,29629.300000
26.396360,6926.900000,26.339780,20240606174626.000000,8.000000,-2147480.000000,-1697527.000000,0.377000,34.213980,-1.199250,0.871890,-3.612020,0.943510,33218.210630,0.002070,33218.210630,0.002070,2035.063280,6.507850,0.757770,6.877700,0.754450,29465.472000
32.848180,6926.900000,139.540220,20240606174925.000000,8.000000,-2537930.909000,-1370392.044000,-0.442290,134.379440,-0.684740,0.680130,-0.684740,0.680130,-57174.687900,0.002720,-57174.687900,0.002720,2029.224020,-4.967360,0.787030,-4.967360,0.787030,29248.861000
26.250450,6926.900000,26.216890,20240606175213.000000,8.000000,-3123607.273000,-1288488.000000,0.028000,20.838930,-3.792920,0.831840,-3.792920,0.831840,-199087.597310,0.022520,-199087.597310,0.022520,2026.454990,52.265050,0.995650,52.265050,0.995650,29575.767000
-67.521360,6926.900000,-68.755000,20240606175512.000000,8.000000,-2147480.000000,-1574818.667000,0.087000,20.691870,-2.942900,0.910750,-9.830250,0.983920,242167.910670,0.059690,252396.816350,0.060380,2027.165410,17.521500,0.939100,17.521500,0.939100,29148.690000
25.910910,6926.900000,25.819780,20240606183731.000000,8.000000,223007.741000,-708563.531000,0.385230,93.591880,-0.157580,0.559100,-0.946000,0.788290,47243.486230,0.000980,65412.761540,0.007020,2044.976910,3.922260,0.987310,5.039170,0.983410,28930.085000
-69.319550,6926.900000,-69.182560,20240606184029.000000,8.000000,-909612.909000,-1187954.078000,0.400230,84.955180,-1.965500,0.760640,-4.244920,0.884450,-218788.754850,0.174080,-218788.754850,0.174080,2077.721750,9.567730,0.891070,19.860660,0.897070,28529.389000
25.888180,6926.900000,25.758890,20240606184328.000000,8.000000,-2147480.000000,-1603960.633000,0.351000,136.373780,3.705500,0.581370,11.632520,0.643440,156358.963470,0.005830,156358.963470,0.005830,2099.327300,13.996120,0.947620,13.996120,0.947620,29102.753000
25.634090,6926.900000,25.581440,20240606184626.000000,8.000000,-2342705.455000,-1408327.491000,0.374470,34.390070,-0.448260,0.082130,-0.448260,0.082130,356397.551020,0.004210,361200.993730,0.005040,2084.967770,4.687970,0.802070,41.038480,0.928540,29320.210000
34.620000,6926.900000,140.318020,20240606184925.000000,8.000000,-2147480.000000,-1839829.062000,-0.449780,134.320900,12.654850,0.671540,12.704260,0.667320,220837.801460,0.077150,219026.444650,0.077150,2118.389790,-6.325250,0.543640,-6.325250,0.543640,28706.811000
25.975450,6926.900000,25.877890,20240606185212.000000,8.000000,-2147480.000000,-1765895.048000,0.026230,20.849790,-17.111050,0.901920,-17.111050,0.901920,-493667.163640,0.245370,-493667.163640,0.245370,2115.325520,37.425930,0.994320,37.425930,0.994320,28237.698000
-68.516360,6926.900000,-68.979220,20240606185511.000000,8.000000,-2147480.000000,-1893209.117000,0.086230,20.708830,1.289870,0.187250,1.216950,0.187320,-183645.943910,0.011990,-159067.107360,0.014030,2030.720450,13.318220,0.991490,13.318220,0.991490,26848.840000
24.704550,6926.900000,24.619440,20240606193731.000000,8.000000,44495.840000,-763165.900000,0.385220,93.639730,-0.393250,0.942790,-1.829700,0.972080,34113.149900,0.022220,34113.149900,0.022220,2025.034480,0.709960,0.468890,1.102090,0.470310,27104.704000
-69.020000,6926.900000,-69.223780,20240606194030.000000,8.000000,-2147480.000000,-1908597.149000,0.399000,84.570010,-1.205100,0.888150,-1.205100,0.888150,445036.438300,0.122060,445036.438300,0.122060,2020.235680,15.865450,0.930220,20.825200,0.920060,27038.385000
24.720000,6926.900000,24.561670,20240606194329.000000,8.000000,-2147480.000000,-2101635.559000,0.350770,136.200240,-0.024810,0.018610,-0.024810,0.018610,176754.556180,0.003570,32604.764540,0.003130,2026.573330,4.658600,0.641920,33.753850,0.715720,27112.017000
24.480000,6926.900000,24.410000,20240606194627.000000,8.000000,-1561803.636000,-1514228.278000,0.375770,34.364520,-0.622870,0.910510,-0.622870,0.910510,-390789.960260,0.083860,-208225.593320,0.101260,2026.756740,9.126430,0.935340,9.442800,0.933180,27351.888000
32.590910,6926.900000,139.130220,20240606194925.000000,8.000000,-2147480.000000,-1983124.877000,-0.456670,133.890570,41.905590,0.680870,131.052520,0.826960,1571946.316170,0.240530,405495.111390,0.215940,2030.731620,30.447620,0.855400,159.049560,0.971860,27235.491000
24.472270,6926.900000,24.408780,20240606195212.000000,8.000000,-2147480.000000,-2099758.222000,0.026000,20.776610,-18.503810,0.777410,-18.503810,0.777410,150824.035060,0.066780,150824.035060,0.066780,2115.032520,42.979790,0.969420,81.057080,0.990420,27661.917000
-69.122730,6926.900000,-69.026670,20240606195510.000000,8.000000,-2147480.000000,-1949500.562000,0.086000,20.645940,-2.739340,0.908810,-14.148060,0.984710,163342.189650,0.029750,163342.189650,0.029750,2047.402850,13.228590,0.943010,16.233320,0.951510,27272.422000
23.663640,6926.900000,23.611890,20240606203731.000000,8.000000,359556.130000,-907844.070000,0.385230,93.668400,-0.077450,0.582070,-0.870710,0.819060,47225.135870,0.017440,71513.621510,0.019810,2028.250550,-0.440790,0.510860,-0.440790,0.510860,27086.401000
-69.328180,6926.900000,-69.616110,20240606204029.000000,8.000000,-2342705.455000,-1553279.325000,0.398000,83.435300,8.790040,0.889200,28.845720,0.958870,-501669.736470,0.114850,-519419.082060,0.126150,2042.142840,19.614330,0.967650,33.660710,0.974160,27073.124000
23.504550,6926.900000,23.440670,20240606204328.000000,8.000000,-2147480.000000,-2004234.464000,0.349230,135.450700,2.434610,0.724730,2.434610,0.724730,-84274.208440,0.007600,-84274.208440,0.007600,2085.412810,12.479880,0.948390,15.167370,0.941430,27190.365000
23.397730,6926.900000,23.355560,20240606204627.000000,8.000000,-1290743.636000,-2117562.222000,0.374230,34.461220,3.970910,0.757950,4.920120,0.755050,423008.310360,0.500750,414392.656500,0.503530,2118.849860,9.162150,0.949910,14.374070,0.956650,27335.301000
33.810000,6926.900000,139.272860,20240606204925.000000,8.000000,-24007.273000,-1839603.978000,-0.451430,133.307740,3.413240,0.983420,4.319530,0.985620,-2246.555310,0.087310,-2245.477730,0.087300,2146.440030,1.641150,0.460670,6.780370,0.637310,27223.320000
23.466360,6926.900000,23.429780,20240606205213.000000,8.000000,-2147480.000000,-1882663.279000,0.025000,20.678080,-14.452620,0.897780,-42.697160,0.930940,2533235.028020,0.043080,57965.569530,0.001800,2091.247390,23.543380,0.926280,23.543380,0.926280,27221.992000
-68.805000,6926.900000,-69.150890,20240606205512.000000,8.000000,-1206957.948000,-1401593.094000,0.086000,20.552290,-1.534270,0.978120,-1.534270,0.978120,-1042255.623760,0.006430,-1042255.623760,0.006430,2031.920250,4.568110,0.918040,10.413800,0.942650,26934.746000
23.225910,6926.900000,23.168110,20240606213731.000000,8.000000,-193176.773000,-662370.322000,0.386000,93.647100,-3.761790,0.911320,-10.891610,0.970700,-1634481.068770,0.010530,-3930570.813100,0.019310,2183.018920,3.565010,0.943300,10.880160,0.978220,26867.141000
-69.576360,6926.900000,-69.801220,20240606214029.000000,8.000000,-2615704.684000,-1857978.255000,0.397230,82.846310,-0.122610,0.018540,-0.122610,0.018540,1456198.160380,0.066220,1154964.205350,0.064460,2134.805590,26.880480,0.988450,31.302540,0.989120,26844.054000
23.187730,6926.900000,23.104440,20240606214327.000000,8.000000,-3123607.273000,-1535870.122000,0.349000,134.958870,-2.746330,0.949610,-2.746330,0.949610,-704531.715980,0.007830,-1284289.096960,0.009990,2140.045000,6.120520,0.728620,45.070320,0.897000,26976.314000
23.086820,6926.900000,23.043220,20240606214626.000000,8.000000,-2147480.000000,-1475157.766000,0.374000,34.456000,0.158900,0.089060,5.023320,0.267170,64418.539400,0.000270,64418.539400,0.000270,2135.968550,5.345570,0.758790,28.495460,0.913150,27016.369000
31.855910,6926.900000,138.182090,20240606214924.000000,8.000000,-2147480.000000,-1819383.932000,-0.446600,132.779370,13.404040,0.915270,48.045850,0.983990,794939.149920,0.007210,794939.149920,0.007210,2159.403180,-10.572320,0.900890,-10.529960,0.899890,26938.411000
23.160450,6926.900000,23.119440,20240606215211.000000,8.000000,-1750567.864000,-1357616.853000,0.025000,20.598860,-1.706540,0.430550,-20.993710,0.819480,366891.261390,0.004890,366891.261390,0.004890,2196.568940,36.861040,0.993740,36.861040,0.993740,26963.212000
-69.024090,6926.900000,-69.350890,20240606215510.000000,8.000000,-1467850.700000,-1609368.303000,0.085230,20.473720,-4.783780,0.880340,-4.783780,0.880340,206565.499380,0.057000,206565.499380,0.057000,2230.472910,18.196560,0.979380,28.672480,0.993110,26723.291000
22.827270,6926.900000,22.776000,20240606223731.000000,8.000000,-878740.943000,-1075294.027000,0.385770,93.612440,-2.551860,0.415530,-18.118950,0.560580,-1065009.651400,0.023880,-1051931.938300,0.023920,2376.136540,5.098960,0.954950,6.699470,0.955970,26355.497000
-69.400000,6926.900000,-69.608780,20240606224030.000000,8.000000,-1458354.045000,-1319155.967000,0.396230,84.302740,4.465980,0.296450,4.465980,0.296450,22247427.889250,0.149450,29734315.834940,0.056250,2400.746230,22.151420,0.959520,22.151420,0.959520,26392.953000
22.745000,6926.900000,22.678000,20240606224330.000000,8.000000,-3318832.727000,-1863773.342000,0.349000,134.632460,-7.878050,0.894810,-14.080160,0.896540,294235.987020,0.026110,447802.043450,0.029780,2382.145230,13.329580,0.967660,13.329580,0.967660,26417.052000
22.658640,6926.900000,22.607110,20240606224628.000000,8.000000,-2147480.000000,-1232654.475000,0.374000,34.048860,-4.129910,0.957740,-2.991920,0.024710,3209527.676520,0.001930,5219404.770660,0.014280,2348.633990,9.584030,0.985460,14.216710,0.989740,26488.282000
29.955000,6926.900000,137.193630,20240606224926.000000,8.000000,-2147480.000000,-1374165.837000,-0.442130,132.532340,3.356390,0.223860,46.326210,0.580000,-174581.007360,0.004750,-174581.007360,0.004750,2339.059680,-4.998440,0.705130,-4.998440,0.705130,26360.414000
22.744090,6926.900000,22.685560,20240606225213.000000,8.000000,-2147480.000000,-1214515.404000,0.024000,20.515790,-11.679940,0.865180,-11.679940,0.865180,351608.258250,0.017370,333672.859190,0.016000,2328.518330,45.052180,0.997890,45.052180,0.997890,26376.399000
-68.660450,6926.900000,-69.339110,20240606225511.000000,8.000000,-2147480.000000,-1717984.000000,0.086000,20.405420,-0.370260,0.022090,-0.370260,0.022090,66549.343880,0.002370,66549.343880,0.002370,2291.944080,18.641790,0.943500,18.641790,0.943500,26149.254000
22.414550,6926.900000,22.380110,20240606233731.000000,8.000000,-2454677.782000,-728384.902000,0.385230,93.606360,-2.706870,0.866510,-3.311780,0.883090,-514968.343560,0.006190,-3741043.789870,0.024490,2179.103750,9.824560,0.954550,14.326570,0.956200,25904.049000
-69.180910,6926.900000,-69.691890,20240606234030.000000,8.000000,-2240276.932000,-1179514.394000,0.396000,84.734180,5.189080,0.721310,10.435320,0.845340,-84296.457840,0.004180,-84296.457840,0.004180,2173.167380,14.525600,0.948320,30.767830,0.977250,25959.913000
22.296360,6926.900000,22.259440,20240606234328.000000,8.000000,-1618829.182000,-1377384.499000,0.348770,134.152370,-1.320690,0.613950,-1.320690,0.613950,-34247.819950,0.001180,-34247.819950,0.001180,2172.732890,8.556990,0.874480,26.662910,0.930500,25854.953000
22.193640,6926.900000,22.171330,20240606234626.000000,8.000000,-2147480.000000,-1394121.423000,0.373000,33.992560,-2.928310,0.955270,-2.928310,0.955270,-1367662.999360,0.134950,-1382189.330260,0.144780,2173.139460,5.057360,0.751980,29.811320,0.917470,25956.502000
31.432730,6926.900000,137.600220,20240606234925.000000,8.000000,2733156.364000,-421283.090000,-0.448740,132.117760,0.519280,0.062410,0.381320,0.001590,1841984.875940,0.007790,13828216.661890,0.031850,2155.075410,-0.570040,0.055750,-0.563760,0.054800,25789.805000
22.271360,6926.900000,22.241780,20240606235213.000000,8.000000,-1979400.727000,-731414.368000,0.022230,20.429130,0.795080,0.059790,-57.120560,0.083570,257907.754350,0.054960,180407.319730,0.054970,2174.178110,47.718910,0.994140,47.718910,0.994140,25849.928000
-69.162730,6926.900000,-69.356670,20240606235511.000000,8.000000,-2691810.273000,-1216605.502000,0.085000,20.321710,-0.578000,0.118530,-0.571990,0.113610,-107795.494550,0.000820,-162978.461840,0.001060,2179.402370,19.225160,0.974870,22.038580,0.975250,25735.113000
22.030000,6926.900000,21.995670,20240607003731.000000,8.000000,-1270479.882000,-1118786.570000,0.386000,93.567010,-6.871560,0.969230,-6.871560,0.969230,-93018.403740,0.000730,-387034.871580,0.002070,2115.476680,-0.661310,0.201830,-0.661310,0.201830,25326.634000
-69.543180,6926.900000,-69.800890,20240607004029.000000,8.000000,-2147480.000000,-1476109.366000,0.396000,85.412430,6.638620,0.926580,13.239800,0.947000,-3926142.058290,0.000280,-1258859.724650,0.010350,2095.040690,23.510990,0.946470,65.176700,0.977770,25536.158000
21.961360,6926.900000,21.918330,20240607004327.000000,8.000000,-2733156.364000,-1621044.488000,0.348000,134.059920,0.096670,0.009940,-28.980710,0.317010,1225841.562190,0.027330,977758.841380,0.026360,2097.083510,10.657910,0.911870,10.657910,0.911870,25311.281000
21.878180,6926.900000,21.857890,20240607004625.000000,8.000000,-1462657.364000,-1502642.623000,0.372230,33.807330,0.681800,0.248550,0.681800,0.248550,-17221312.301310,0.019540,-13419946.393450,0.043700,2095.904980,4.766260,0.800000,4.766260,0.800000,25487.392000
29.629550,6926.900000,136.652090,20240607004924.000000,8.000000,-767089.442000,-1323656.215000,-0.443780,131.825150,0.048370,0.012410,-30.603080,0.368380,-87256.331650,0.093740,-87256.331650,0.093740,2101.986310,0.194630,0.065120,0.194630,0.065120,25241.481000
22.017730,6926.900000,21.982890,20240607005212.000000,8.000000,-378072.075000,-912997.404000,0.022000,20.354470,-1.618930,0.996500,-1.618930,0.996500,-648303.512370,0.034210,-648303.512370,0.034210,2095.257800,17.455240,0.998480,17.455240,0.998480,25323.688000
-68.195910,6926.900000,-69.607330,20240607005510.000000,8.000000,-5118.614000,-1577633.947000,0.085000,20.259560,-0.904770,0.967190,-0.907690,0.966340,-501.725940,0.018150,-501.725940,0.018150,2098.841130,1.610830,0.943430,5.507850,0.965790,25272.525000
21.443640,6926.900000,21.430220,20240607013731.000000,8.000000,-2147480.000000,-824835.509000,0.385000,93.548740,-2.227950,0.967090,-5.345330,0.977410,-1571048.936280,0.012200,-2544141.839160,0.024360,2136.944480,9.176860,0.976910,13.682110,0.980590,24772.579000
-69.491360,6926.900000,-69.899670,20240607014029.000000,8.000000,-2147480.000000,-421772.018000,0.394230,85.090610,0.066390,0.034310,0.066390,0.034310,-18409125.275730,0.029520,-18409125.275730,0.029520,2129.880730,15.761790,0.980270,17.484730,0.980500,24932.250000
21.310000,6926.900000,21.295890,20240607014328.000000,8.000000,-1627955.825000,-780663.834000,0.346230,133.610410,0.169710,0.138590,2.148260,0.349130,1740956.494390,0.006640,211409.776510,0.002770,2146.755340,6.408980,0.937850,17.745890,0.975020,24565.180000
21.203180,6926.900000,21.196890,20240607014626.000000,8.000000,-1380112.159000,-1392232.579000,0.372000,33.352900,6.452740,0.980450,6.452740,0.980450,4094164.238940,0.020160,7729450.415440,0.046110,2148.675190,4.639010,0.918610,15.395640,0.965670,24723.462000
31.069550,6926.900000,136.941870,20240607014924.000000,8.000000,-2147480.000000,-1668537.330000,-0.450670,131.483520,7.076050,0.893970,6.237320,0.374760,-92150.465720,0.012890,-92150.465720,0.012890,2175.308020,2.352820,0.722360,2.352820,0.722360,24362.538000
21.281360,6926.900000,21.251440,20240607015213.000000,8.000000,-1169625.111000,-1015353.579000,0.022000,20.256000,-2.704960,0.994720,-2.704960,0.994720,9640970.713840,0.000430,7657535.919660,0.000390,2159.344470,26.795710,0.996150,26.795710,0.996150,24464.291000
-69.264090,6926.900000,-69.350000,20240607015511.000000,8.000000,-2483096.909000,-1028895.020000,0.084760,20.178220,-4.627710,0.991700,-4.627710,0.991700,1052120.457840,0.011220,1084733.699940,0.011620,2173.982740,17.308830,0.984210,20.752980,0.985530,24513.896000
20.832270,6926.900000,20.817560,20240607023731.000000,8.000000,-3318832.727000,-893485.280000,0.385000,93.570320,2.681240,0.896210,6.490410,0.905710,26656146.066420,0.001100,22264412.488110,0.001670,2186.293180,9.238030,0.966430,12.647170,0.967410,24114.196000
-69.654090,6926.900000,-69.885890,20240607024029.000000,8.000000,-841962.409000,-715857.438000,0.394000,85.224990,4.730130,0.988530,4.730130,0.988530,21968025.748160,0.009120,152003019.320480,0.034640,2185.086640,5.544970,0.871330,26.305080,0.954250,24337.754000
20.686360,6926.900000,20.691780,20240607024327.000000,8.000000,-8717.720000,-594897.050000,0.345230,133.268720,-2.625530,0.966800,-2.625530,0.966800,-10520.621540,0.032100,-10520.621540,0.032100,2213.228850,4.164960,0.965460,8.778670,0.990510,23851.411000
20.605450,6926.900000,20.614330,20240607024625.000000,8.000000,702631.155000,-79404.489000,0.372000,34.299080,-0.609450,0.920970,-0.609450,0.920970,-197524.370920,0.021460,-118551.461940,0.020100,2209.420650,0.983260,0.898030,3.192030,0.963770,24054.447000
29.190450,6926.900000,136.085380,20240607024923.000000,8.000000,43262.687000,-264064.645000,-0.446090,131.186990,-1.201270,0.540310,-1.188940,0.511640,-18438.849230,0.018450,-18438.849230,0.018450,2206.577990,0.177220,0.036530,0.177220,0.036530,23730.225000
20.721820,6926.900000,20.719890,20240607025211.000000,8.000000,584909.294000,7455.744000,0.021000,20.147610,-0.359730,0.854350,-0.359730,0.854350,259618.999640,0.016360,259618.999640,0.016360,2181.593710,4.157620,0.996180,5.051560,0.997570,23822.858000
-68.935910,6926.900000,-69.665560,20240607025509.000000,8.000000,-2352245.649000,-781595.710000,0.084000,20.087880,-1.188450,0.537790,-1.188450,0.537790,2122268.766560,0.011870,2122268.766560,0.011870,2174.323220,13.835100,0.985670,13.835100,0.985670,23966.480000
20.347730,6926.900000,20.368560,20240607033731.000000,8.000000,-2463635.000000,-346049.182000,0.385000,93.510970,-2.802850,0.953660,-9.067990,0.979100,269834.637240,0.000050,334858.594480,0.000080,2163.232400,10.378250,0.985360,14.022610,0.987550,23124.994000
-69.880450,6926.900000,-69.920890,20240607034029.000000,8.000000,-2440539.265000,-749507.748000,0.392230,84.567290,-0.174760,0.063250,-0.174760,0.063250,-15777075.666160,0.012870,-15777075.666160,0.012870,2154.449130,20.600190,0.981550,22.934810,0.981900,23344.767000
20.184550,6926.900000,20.236670,20240607034328.000000,8.000000,-2437118.128000,-694027.245000,0.345220,133.032090,0.153380,0.106630,-25.423220,0.024370,134027894.590870,0.006340,134027894.590870,0.006340,2157.800400,9.091300,0.941280,21.880160,0.970890,22682.153000
20.160910,6926.900000,20.203000,20240607034626.000000,8.000000,-1380.490000,-326359.861000,0.372000,34.088100,-2.418090,0.935210,-2.418090,0.935210,-3067.198470,0.016500,-3078.981430,0.016490,2202.879740,2.382630,0.964870,3.308640,0.968990,23099.540000
27.309090,6926.900000,135.043630,20240607034924.000000,8.000000,2430.036000,-203585.638000,1006215.338440,129.417430,-0.943970,0.919640,-0.943970,0.919640,-4429.026760,0.047980,-4385.886750,0.048420,2178.860140,-1.503070,0.908380,-0.052640,0.058500,22734.556000
20.326360,6926.900000,20.337220,20240607035212.000000,8.000000,116896.827000,-425531.190000,0.021000,20.039620,-1.873380,0.988900,-1.873380,0.988900,319578.602040,0.008390,319578.602040,0.008390,2166.225320,9.681360,0.995500,9.681360,0.995500,22700.732000
-69.742730,6926.900000,-69.808220,20240607035510.000000,8.000000,14855.737000,-217547.479000,0.084000,19.980740,-2.936020,0.972210,-2.936020,0.972210,22877.130350,0.010530,25754.795350,0.011680,2138.937360,0.478320,0.105690,1.436050,0.067590,22385.723000
20.384550,6926.900000,20.385000,20240607043731.000000,8.000000,-2147480.000000,-727165.202000,0.384000,93.474810,1.415290,0.750560,1.915880,0.759190,-6392565.079840,0.004660,-7924125.968960,0.008930,2164.465200,3.927940,0.670520,24.508600,0.752620,22597.632000
-69.966360,6926.900000,-70.055440,20240607044029.000000,8.000000,-2634818.032000,-457378.685000,0.392000,85.512790,16.004990,0.938430,16.004990,0.938430,-6375575.293270,0.183000,-6476020.867070,0.184610,2156.884750,25.334550,0.970070,30.803620,0.971990,23018.710000
20.344090,6926.900000,20.363560,20240607044327.000000,8.000000,-1191959.773000,-514014.335000,0.345230,132.874960,-3.564060,0.760990,-3.564060,0.760990,-564664.537480,0.022920,-564664.537480,0.022920,2133.789790,2.245440,0.640050,5.662630,0.651210,22076.601000
20.268180,6926.900000,20.286000,20240607044625.000000,8.000000,460539.106000,-954744.044000,0.371000,33.974280,-0.148390,0.916200,-0.148390,0.916200,190751.792960,0.002230,190751.792960,0.002230,2110.773800,1.105490,0.924690,1.805400,0.931310,22476.672000
28.870000,6926.900000,135.695820,20240607044924.000000,8.000000,-1336366.200000,-609093.191000,-0.447740,130.731180,-0.841350,0.883050,-3.484800,0.964860,45804852.468640,0.025750,45804852.468640,0.025750,2106.139230,-2.795110,0.633610,-11.213620,0.721910,21417.117000
20.396360,6926.900000,20.398110,20240607045211.000000,8.000000,-2167258.332000,-687684.459000,0.020230,19.940600,-3.837900,0.452040,-3.837900,0.452040,14806057.618340,0.019790,14592750.322040,0.021440,2156.179680,32.105470,0.997940,32.105470,0.997940,22078.132000
-69.709550,6926.900000,-69.621890,20240607045509.000000,8.000000,812.904000,-84312.521000,0.084000,19.794830,0.219240,0.100840,0.219240,0.100840,3048.939990,0.034780,3048.939990,0.034780,2234.041090,3.624210,0.981430,3.624210,0.981430,22587.676000
20.075910,6926.900000,20.105220,20240607053731.000000,8.000000,-3225721.650000,-193372.968000,0.384780,93.336760,-4.670990,0.787480,-29.985940,0.970150,42117892.399340,0.021390,41703698.155790,0.021490,2183.557270,6.595960,0.811900,25.746440,0.865020,22086.820000
-69.370450,6926.900000,-69.907330,20240607054029.000000,8.000000,556826.138000,-518449.546000,0.392000,85.551500,-1.315520,0.995600,-1.315520,0.995600,3057897.970090,0.108230,1713851.600370,0.127000,2162.422520,1.224740,0.935620,1.517590,0.932620,22438.377000
19.818180,6926.900000,19.878220,20240607054328.000000,8.000000,-33775.185000,-597565.499000,0.347000,132.719130,0.228920,0.697560,0.228920,0.697560,-162331.147420,0.015210,-384918.757380,0.029990,2148.726640,2.573190,0.956380,3.196990,0.948220,21459.409000
19.805910,6926.900000,19.849000,20240607054627.000000,8.000000,1957631.697000,-208797.097000,0.371770,33.766790,1.524440,0.930370,3.911390,0.986180,578060.237430,0.001850,578060.237430,0.001850,2172.460110,-0.138770,0.077590,-6.984570,0.245610,22144.866000
27.285910,6926.900000,134.822090,20240607054925.000000,8.000000,-1465830.403000,-843257.097000,-0.442050,130.482000,0.807940,0.785390,0.613340,0.237670,-96075.184330,0.001570,-96075.184330,0.001570,2163.287860,1.328040,0.401170,1.331990,0.397970,21469.682000
19.956360,6926.900000,19.976560,20240607055213.000000,8.000000,532103.332000,-333090.976000,0.020000,19.842770,0.548810,0.775810,0.399400,0.329790,-69750.232260,0.011350,-333258.754850,0.030530,2164.087350,4.990120,0.996070,6.642450,0.998750,21681.388000
-68.857730,6926.900000,-69.625000,20240607055511.000000,8.000000,459583.402000,-157177.789000,0.084000,19.691500,-0.481520,0.620750,-5.288170,0.911970,-506296.648000,0.002170,-506296.648000,0.002170,2182.497750,2.957660,0.954800,2.957660,0.954800,21901.764000
19.964090,6926.900000,19.993780,20240607063731.000000,8.000000,-2342705.455000,-1096767.127000,0.384000,93.223460,0.181070,0.235240,0.181070,0.235240,552661.118880,0.004130,3783147.394450,0.017460,2145.013470,5.814090,0.967880,11.828740,0.976690,21895.234000
-69.800910,6926.900000,-70.026330,20240607064029.000000,8.000000,-1513.445000,-153567.308000,0.391000,85.804400,-0.142290,0.613110,-0.143990,0.612480,-7407.506730,0.000530,-7407.506730,0.000530,2147.690560,4.195970,0.960030,7.058950,0.966580,22468.928000
20.008180,6926.900000,20.045220,20240607064328.000000,8.000000,59620.860000,180297.842000,0.346230,132.468720,0.013210,0.019460,-1.855310,0.123010,61106.252750,0.008190,61106.252750,0.008190,2156.286890,3.383560,0.969910,4.877270,0.975470,21752.762000
19.991360,6926.900000,20.043330,20240607064626.000000,8.000000,113519.430000,-240628.988000,0.369230,33.723100,-1.472510,0.977370,-1.472510,0.977370,16211.960700,0.000860,16211.960700,0.000860,2160.231550,0.755160,0.489280,11.831790,0.836710,22236.705000
29.068180,6926.900000,135.490440,20240607064925.000000,8.000000,1436195.009000,-367877.808000,-0.449910,130.311550,-0.406180,0.709540,-1.158310,0.763690,-89795.177860,0.000100,-744970.356990,0.001980,2157.617730,0.307920,0.487120,2.538700,0.479720,21647.496000
20.176360,6926.900000,20.203440,20240607065212.000000,8.000000,3751.456000,14751.277000,0.020000,19.761680,-0.844970,0.926810,-0.844970,0.926810,82991.291260,0.013400,82991.291260,0.013400,2163.728890,9.382840,0.989480,13.658650,0.995560,21769.686000
-69.458180,6926.900000,-69.589000,20240607065510.000000,8.000000,1519927.350000,-234009.269000,0.084000,19.659230,0.609290,0.393780,0.609290,0.393780,6465985.708390,0.000020,6465985.708390,0.000020,2151.162730,-2.366290,0.979350,-4.575400,0.990230,22081.220000
21.260910,6926.900000,21.254780,20240607073731.000000,8.000000,-3318832.727000,-780023.566000,0.384000,93.148170,-2.655250,0.986860,-2.655250,0.986860,90228.631630,0.000000,90228.631630,0.000000,2078.804950,2.782470,0.479470,19.397240,0.640280,22188.297000
-69.211820,6926.900000,-69.860670,20240607074029.000000,8.000000,913186.454000,-533677.040000,0.390000,85.552180,-0.003590,0.057820,-0.299060,0.409860,1512855.451820,0.055030,1251575.375420,0.060400,2066.728730,0.188140,0.876570,0.294780,0.870600,22618.605000
21.285910,6926.900000,21.273670,20240607074327.000000,8.000000,-2635697.079000,-925942.251000,0.345770,132.618090,-0.687370,0.861610,-1.559650,0.874150,-7463950.945760,0.058340,-7490188.527160,0.058320,2070.097300,6.829840,0.856450,15.092090,0.870190,21687.849000
21.193640,6926.900000,21.219000,20240607074626.000000,8.000000,-709650.105000,-393853.591000,0.370000,33.424640,-0.384470,0.910700,-0.384470,0.910700,-3155195.065860,0.037150,-3155195.065860,0.037150,2068.083110,5.061700,0.953110,5.533150,0.951320,22560.493000
27.942270,6926.900000,135.119560,20240607074924.000000,8.000000,-296978.013000,-106920.009000,-0.456560,130.529370,-0.334930,0.823080,-0.334930,0.823080,-1587162.079700,0.002170,-1587162.079700,0.002170,2066.437870,1.679060,0.450420,2.378150,0.425320,21219.390000
21.641360,6926.900000,21.638890,20240607075211.000000,8.000000,2244779.460000,-925457.953000,0.019000,19.765370,1.210920,0.992310,1.210920,0.992310,-1908093.632840,0.116500,-989647.336790,0.123410,2062.787650,-13.069260,0.993860,-13.069260,0.993860,21986.917000
-69.187270,6926.900000,-69.439220,20240607075510.000000,8.000000,-574245.743000,-563032.899000,0.084000,19.662540,-0.716960,0.961660,-0.716960,0.961660,2448394.459940,0.023430,2208030.649100,0.022600,2063.220790,5.517700,0.980000,5.517700,0.980000,22329.739000
22.755450,6926.900000,22.739330,20240607083731.000000,8.000000,-487864.091000,-880250.644000,0.383230,93.142780,0.172140,0.345360,0.172140,0.345360,-402642.467450,0.000860,-549876.097950,0.054870,2055.671430,0.281510,0.077130,35.467780,0.429950,22633.323000
-69.400000,6926.900000,-69.759000,20240607084030.000000,8.000000,-849015.636000,-1154956.919000,0.389000,85.558530,-0.038890,0.012740,-0.038890,0.012740,289979.017610,0.007500,278684.483480,0.007650,2056.394600,5.522880,0.791420,8.575110,0.799420,23055.170000
22.852270,6926.900000,22.813000,20240607084328.000000,8.000000,-2147480.000000,-941802.980000,0.343230,133.065570,-1.389960,0.899840,-1.389960,0.899840,-363883.505290,0.000370,-363883.505290,0.000370,2064.961490,11.795730,0.963680,11.795730,0.963680,21615.677000
22.837270,6926.900000,22.837890,20240607084626.000000,8.000000,-2147480.000000,-1285039.647000,0.370000,34.043830,-0.118870,0.014360,-0.122150,0.015040,-669483.136030,0.019380,-470145.168530,0.037380,2060.546110,7.335440,0.874470,14.729060,0.907350,23222.772000
27.507270,6926.900000,135.280770,20240607084925.000000,8.000000,-2048058.105000,-1581667.037000,-0.441010,131.171430,-0.165850,0.532020,-0.776100,0.549350,364813.033050,0.028460,356148.102470,0.028650,2070.865610,-2.352570,0.759500,-16.824590,0.900530,21118.790000
23.052270,6926.900000,23.064780,20240607085212.000000,8.000000,-1951820.739000,-649629.859000,0.019000,19.866790,-2.964760,0.996480,-2.964760,0.996480,-55503.672610,0.000500,-55503.672610,0.000500,2065.677490,30.560340,0.996610,34.944850,0.997350,21577.023000
-69.347270,6926.900000,-69.337000,20240607085513.000000,8.000000,-232278.327000,-590542.837000,0.084000,19.748840,0.082110,0.043250,0.082110,0.043250,-802.431430,0.001080,-19190.203010,0.025800,2067.722510,7.148620,0.985140,9.851110,0.990320,22182.187000
24.329090,6926.900000,24.285220,20240607093731.000000,8.000000,-2762924.545000,-1129942.584000,0.384000,92.945330,-1.150230,0.948260,-1.150230,0.948260,5586325.054360,0.017760,5538275.740580,0.018700,2057.313890,7.347690,0.902010,10.419330,0.904140,23215.695000
-69.544090,6926.900000,-69.657560,20240607094029.000000,8.000000,-1554391.209000,-1687431.762000,0.387230,85.785730,-0.997040,0.657500,-16.646760,0.925430,-29811.806050,0.001390,-29811.806050,0.001390,2054.121740,11.340030,0.918100,12.927470,0.911890,23231.101000
24.592270,6926.900000,24.518780,20240607094327.000000,8.000000,3123607.273000,-1089084.645000,0.345000,133.834820,0.860330,0.966160,0.860330,0.966160,13599549.171760,0.011770,13599549.171760,0.011770,2045.125190,-5.075160,0.892710,-17.027730,0.942980,21959.835000
25.669550,6926.900000,26.576000,20240607094626.000000,8.000000,490845.164000,-1456557.888000,0.367000,34.092290,-0.156260,0.959230,-0.156260,0.959230,-13236.654590,0.001730,-13236.654590,0.001730,2039.284990,1.840000,0.950340,2.036780,0.943570,23683.175000
30.779550,6926.900000,137.221540,20240607094926.000000,8.000000,-2147480.000000,-1443253.295000,-0.448860,131.954030,-0.048390,0.094630,-0.048000,0.085420,6328886.437390,0.001830,3793466.400360,0.001240,2037.601550,-3.013070,0.671290,-3.094880,0.675610,20165.715000
24.749090,6926.900000,24.768110,20240607095213.000000,8.000000,2147480.000000,-1031464.580000,0.018000,20.032560,1.241310,0.994210,1.241310,0.994210,811598.725940,0.014410,1910631.043690,0.024690,2035.674720,-15.022220,0.997050,-15.022220,0.997050,22340.114000
-69.158640,6926.900000,-69.175560,20240607095512.000000,8.000000,-2441300.979000,-1740726.854000,0.083240,19.840330,-1.946730,0.966760,-1.946730,0.966760,2734336.914580,0.006570,2734336.914580,0.006570,2041.159770,13.539680,0.970980,19.300620,0.974190,23219.651000
26.066360,6926.900000,26.019890,20240607103731.000000,8.000000,468841.364000,-785745.385000,0.383000,91.299440,-0.502640,0.809750,-0.502640,0.809750,-19799.327110,0.001610,-87425.270320,0.004090,2025.942330,2.052460,0.909980,2.335880,0.902230,21287.512000
-68.738180,6926.900000,-69.209220,20240607104029.000000,8.000000,-2147480.000000,-1497565.609000,0.386000,85.710320,-5.221700,0.879690,-5.243690,0.879310,1888667.229070,0.000730,1987437.971180,0.000700,2031.385900,9.537550,0.926750,27.344540,0.967850,21902.393000
26.349090,6926.900000,26.210110,20240607104327.000000,8.000000,-2147480.000000,-1816898.924000,0.345000,134.750520,-1.992720,0.789270,-1.992720,0.789270,-1756869.486940,0.092350,-1753424.989260,0.092670,2027.258760,16.643280,0.927170,24.034750,0.933080,20488.027000
26.290910,6926.900000,26.302330,20240607104626.000000,8.000000,-1674500.955000,-1976797.187000,0.365770,34.147480,-0.692060,0.812540,-0.692060,0.812540,953912.186630,0.029780,99208.480990,0.021520,2018.073630,7.051120,0.920810,15.570000,0.941940,22495.695000
30.993180,6926.900000,137.806700,20240607104924.000000,8.000000,-1823840.031000,-1386796.489000,-0.456380,132.795670,-3.948770,0.790140,-3.948770,0.790140,-822947.339750,0.019210,-822947.339750,0.019210,2022.113440,11.210560,0.892880,14.951720,0.899470,18020.852000
26.239550,6926.900000,26.246890,20240607105211.000000,8.000000,-206638.309000,-1138418.648000,0.018000,20.195680,-1.289030,0.956780,-1.289030,0.956780,-40308.718660,0.009530,-40308.718660,0.009530,2009.922880,13.508620,0.987020,13.508620,0.987020,20154.549000
-68.360000,6926.900000,-68.720330,20240607105510.000000,8.000000,-1658709.786000,-1671830.567000,0.083000,20.038560,-0.197440,0.054330,-28.388300,0.261550,-109232.422190,0.000570,-109232.422190,0.000570,2019.906540,11.341350,0.957710,13.404460,0.950990,20559.641000
27.087730,6926.900000,27.033560,20240607113731.000000,8.000000,-778567.334000,-578691.391000,0.382000,76.055140,-0.947140,0.580360,-0.947140,0.580360,-86932.778090,0.005760,-86932.778090,0.005760,2015.983700,5.638060,0.933690,12.533660,0.971940,18350.928000
-69.070000,6926.900000,-69.180780,20240607114030.000000,8.000000,-2147480.000000,-1641095.312000,0.383230,85.512000,-1.458910,0.837320,-5.463600,0.871700,576238.864220,0.092710,365988.537700,0.102210,2009.966300,2.247900,0.220420,100.613670,0.391650,19550.653000
30.049550,6926.900000,29.670110,20240607114328.000000,8.000000,-2147480.000000,-1849161.636000,0.344000,135.190880,-1.911100,0.958940,-4.463690,0.966060,584715.043560,0.007040,584715.043560,0.007040,2008.148410,3.984270,0.788180,16.561640,0.858660,17310.021000
26.762270,6926.900000,26.767440,20240607114626.000000,8.000000,-2147480.000000,-1320653.582000,0.364000,34.113020,-4.144520,0.972390,-7.209490,0.985590,-4758709.930220,0.004040,-4758709.930220,0.004040,2027.723250,5.552500,0.893030,22.391000,0.963380,18601.234000
33.990000,6926.900000,139.408900,20240607114925.000000,8.000000,-1562158.136000,-1995593.757000,-0.451790,133.363700,-3.301250,0.927530,-3.358810,0.929770,219811.924410,0.116960,216816.891360,0.117580,2007.788230,7.251780,0.946120,10.567790,0.958080,15942.518000
27.041820,6926.900000,27.092670,20240607115213.000000,8.000000,-2147480.000000,-1518966.227000,0.015220,20.332390,-3.164430,0.985540,-3.164430,0.985540,-191325.034690,0.022370,-191325.034690,0.022370,1997.415750,36.409430,0.992250,36.409430,0.992250,19217.588000
-68.365000,6926.900000,-68.375000,20240607115511.000000,8.000000,-2147480.000000,-1908871.111000,0.083000,20.207480,-1.084240,0.838790,-1.271350,0.834160,1844185.208210,0.009230,106988.237110,0.008000,2002.150200,9.943550,0.934800,10.532630,0.934840,18855.635000
27.536820,6926.900000,27.611110,20240607123731.000000,8.000000,-1934599.745000,-1190507.476000,0.380230,76.354200,-0.732660,0.678470,-2.812890,0.801580,-254538.362700,0.141900,-254538.362700,0.141900,2001.240600,3.653060,0.365100,21.759860,0.555130,19080.668000
-68.351820,6926.900000,-69.150440,20240607124030.000000,8.000000,-2147480.000000,-1743797.725000,0.381000,85.501900,-0.244390,0.222220,-6.668760,0.387830,-122589.631640,0.007200,-122589.631640,0.007200,2000.307510,2.062340,0.070080,117.682220,0.315130,19607.983000
28.579090,6926.900000,29.601670,20240607124330.000000,8.000000,-2147480.000000,-2032425.522000,0.343230,135.734220,-0.755540,0.920080,-0.755540,0.920080,426983.278610,0.212890,426983.278610,0.212890,2001.358160,10.417240,0.967150,12.863910,0.966080,17975.428000
27.576820,6926.900000,27.593440,20240607124628.000000,8.000000,-2147480.000000,-1907527.461000,0.363230,34.139270,-0.018570,0.006880,-0.018570,0.006880,47823.642710,0.004440,47823.642710,0.004440,2001.230840,2.908640,0.655810,5.440920,0.652590,19103.102000
33.755000,6926.900000,139.775050,20240607124927.000000,8.000000,-2746737.136000,-1767522.643000,-0.449050,134.022220,-0.303500,0.444030,-0.307000,0.442540,-379709.996490,0.110330,-379709.996490,0.110330,2002.701120,1.282000,0.174750,3.686140,0.132600,16479.804000
27.352730,6926.900000,27.443890,20240607125216.000000,8.000000,-2378793.909000,-1999712.767000,0.013230,20.470700,-3.385700,0.991350,-3.385700,0.991350,-3511.701900,0.000010,-3511.701900,0.000010,2000.018020,34.660230,0.993190,34.660230,0.993190,18389.409000
-67.696360,6926.900000,-68.322670,20240607125514.000000,8.000000,-2147480.000000,-1956592.889000,0.081230,20.309380,-2.453850,0.986810,-2.453850,0.986810,513078.862140,0.144920,513078.862140,0.144920,2000.905770,19.522280,0.982390,19.522280,0.982390,19284.163000
28.394550,6926.900000,28.499110,20240607133731.000000,8.000000,271055.309000,-1093331.411000,0.379230,92.992630,0.019480,0.001300,3.272790,0.369880,-5881.722100,0.000290,-15765.510140,0.020120,2006.501760,2.440920,0.977540,3.463690,0.983700,17782.142000
-68.947730,6926.900000,-68.784000,20240607134029.000000,8.000000,-2147480.000000,-2124511.069000,0.378230,85.530590,4.208970,0.901680,4.208970,0.901680,77980.346160,0.008100,77980.346160,0.008100,2002.983320,-10.974120,0.692980,-10.974120,0.692980,19462.890000
28.525450,6926.900000,28.449110,20240607134329.000000,8.000000,-2147480.000000,-2101527.352000,0.342770,136.447620,0.849520,0.130590,0.848050,0.130380,-181225.036070,0.036050,-181225.036070,0.036050,2012.339170,6.874980,0.857140,6.874980,0.857140,16806.665000
28.191820,6926.900000,28.189890,20240607134629.000000,8.000000,-2147480.000000,-1986551.974000,0.362770,34.217320,2.993350,0.887120,2.993350,0.887120,-142967.338420,0.024220,-142967.338420,0.024220,2007.502350,2.726710,0.672690,8.393070,0.701470,18800.711000
33.512270,6926.900000,140.104620,20240607134929.000000,8.000000,-1656090.645000,-2075879.936000,-0.444210,134.727900,-0.093190,0.117490,-0.093190,0.117490,11115.938830,0.000300,11115.938830,0.000300,2005.494510,-3.182470,0.905880,-10.556240,0.916760,16197.492000
27.548180,6926.900000,27.554000,20240607135218.000000,8.000000,-2147480.000000,-1922190.668000,0.012770,20.525000,-3.790120,0.995690,-3.790120,0.995690,169785.386670,0.043670,169785.386670,0.043670,2007.176120,37.801980,0.993350,37.801980,0.993350,17205.068000
-68.855000,6926.900000,-68.571220,20240607135518.000000,8.000000,-2147480.000000,-1812412.947000,0.082000,20.336060,-2.657660,0.975570,-2.657660,0.975570,-681330.841150,0.241920,-680956.986490,0.272540,2007.445050,22.948670,0.987940,22.948670,0.987940,17340.669000
26.770000,6926.900000,26.804780,20240607143731.000000,8.000000,916426.086000,-1385969.169000,0.378770,93.082790,-0.030580,0.815720,-0.118720,0.878110,16024.271490,0.020190,103177.123270,0.073600,2006.898680,0.355780,0.877740,0.885780,0.908150,19918.601000
-68.781360,6926.900000,-69.058110,20240607144030.000000,8.000000,-2147480.000000,-2087903.182000,0.376230,85.523370,-0.430800,0.617520,-4.328680,0.709040,3296536.573550,0.115830,157224.124080,0.012490,2002.876810,6.729040,0.856280,33.468720,0.925060,21201.503000
26.783640,6926.900000,26.771000,20240607144329.000000,8.000000,-2147480.000000,-2001555.311000,0.340230,136.728360,-0.237270,0.198030,-0.272740,0.169010,401754.958160,0.034110,121924.730910,0.028330,2006.457450,6.202220,0.778710,7.259250,0.772030,18053.657000
26.491820,6926.900000,26.510220,20240607144628.000000,8.000000,-2147480.000000,-2044552.165000,0.359470,34.235620,-0.879880,0.911810,-0.879880,0.911810,-531279.878300,0.029800,-531279.878300,0.029800,2007.023210,13.922960,0.969290,16.096580,0.969850,18642.881000
35.847270,6926.900000,140.874950,20240607144928.000000,8.000000,-2147480.000000,-2053085.275000,-0.449240,134.529400,1.276140,0.307220,1.227550,0.304410,-40981.251780,0.001990,-40981.251780,0.001990,2008.566330,4.685960,0.778150,4.685960,0.778150,16404.360000
26.135910,6926.900000,26.140330,20240607145214.000000,8.000000,-2147480.000000,-1908871.111000,0.010770,20.510980,-7.515640,0.984120,-7.515640,0.984120,-242704.811760,0.059730,-242363.400160,0.059730,2033.158960,38.765020,0.994390,41.572560,0.994520,19698.068000
-67.828180,6926.900000,-68.478000,20240607145513.000000,8.000000,-2147480.000000,-2032758.447000,0.081000,20.447830,-2.021530,0.925210,-2.021530,0.925210,408356.905380,0.134020,407373.097530,0.135210,2007.077560,16.022740,0.887140,16.022740,0.887140,19206.994000
28.157270,6926.900000,28.280220,20240607153731.000000,8.000000,-1752287.678000,-1202298.577000,0.377000,93.071360,-0.500250,0.850010,-2.231240,0.896570,-345064.007150,0.068640,-345064.007150,0.068640,2009.523110,3.363120,0.860760,21.487630,0.916990,19170.684000
-68.739550,6926.900000,-68.964780,20240607154030.000000,8.000000,-2147480.000000,-2147480.000000,0.374230,85.196800,-0.852330,0.919290,-2.701410,0.930940,-199104.174540,0.031920,-202392.776540,0.032270,2010.157940,5.669160,0.788260,17.123830,0.799260,20566.261000
27.408180,6926.900000,27.408220,20240607154328.000000,8.000000,-2147480.000000,-2024095.358000,0.340770,136.386090,-0.811130,0.861130,-1.907880,0.869820,454830.574530,0.073580,250822.372170,0.069900,2011.890720,11.135470,0.934980,11.797240,0.935120,18399.692000
27.407730,6926.900000,27.487560,20240607154626.000000,8.000000,-2147480.000000,-2103553.711000,0.359230,34.259080,0.699560,0.408040,0.699560,0.408040,1692003.543810,0.096450,174551.713880,0.031730,2012.854730,9.631820,0.942460,24.459520,0.978290,19148.373000
34.442270,6926.900000,140.361980,20240607154926.000000,8.000000,-2147480.000000,-1663611.099000,-0.449290,134.506290,-0.031680,0.014310,-0.031680,0.014310,575199.641270,0.009700,8288.273440,0.000110,2016.606680,0.759570,0.077330,0.759570,0.077330,15662.641000
27.125000,6926.900000,27.136330,20240607155214.000000,8.000000,-1669831.455000,-1775663.713000,0.008230,20.588710,0.669260,0.055420,0.669260,0.055420,-1119.351990,0.000000,-1119.351990,0.000000,2010.782030,33.003980,0.983090,36.698220,0.983450,17890.190000
-68.390000,6926.900000,-68.614780,20240607155512.000000,8.000000,-2147480.000000,-2029484.267000,0.080230,20.509720,-8.709200,0.846930,-8.709200,0.846930,6896939.694540,0.111380,134995.055230,0.009890,2043.401220,16.408280,0.978620,21.750080,0.974950,18239.412000
27.225910,6926.900000,27.191890,20240607163731.000000,8.000000,167657.864000,-1377072.174000,0.376000,92.949540,0.044570,0.224660,0.044570,0.224660,4385.783660,0.009230,6209.133960,0.010110,2010.255780,2.352060,0.969780,3.275660,0.978250,16401.995000
-68.938180,6926.900000,-68.886330,20240607164030.000000,8.000000,-2147480.000000,-2019461.679000,0.372000,85.434280,-1.021770,0.809320,-2.242740,0.830370,179411.693410,0.034530,179411.693410,0.034530,2010.507790,13.304230,0.876920,35.794440,0.898530,17779.008000
27.445450,6926.900000,27.373330,20240607164327.000000,8.000000,-2147480.000000,-1948504.139000,0.339000,136.585620,-0.884700,0.930500,-2.888060,0.953980,-6324.250080,0.000200,-6324.250080,0.000200,2012.178860,13.412250,0.875730,43.972650,0.943900,16835.480000
27.122270,6926.900000,27.173890,20240607164625.000000,8.000000,-2147480.000000,-1942741.398000,0.358770,34.313300,-0.925680,0.889800,-2.992210,0.932370,-1098095.172010,0.125340,-1099557.016740,0.125340,2011.518910,10.982720,0.883120,36.811540,0.947080,17540.614000
33.297270,6926.900000,140.017030,20240607164924.000000,8.000000,-2147480.000000,-2100774.828000,-0.445050,134.703730,0.225240,0.015500,32.690690,0.474280,6651460.479220,0.014740,6478839.546940,0.014680,2011.506470,-5.418180,0.423400,-5.363770,0.419150,17436.447000
26.512730,6926.900000,26.520670,20240607165211.000000,8.000000,-1499019.773000,-1972256.818000,0.007000,20.612770,-2.958390,0.973680,-2.958390,0.973680,232687.649880,0.057230,151875.501250,0.056530,2010.860210,28.119250,0.969110,32.766250,0.970230,16851.015000
-68.199090,6926.900000,-68.711330,20240607165510.000000,8.000000,-2147480.000000,-1821638.650000,0.080000,20.468460,-4.466530,0.978250,-4.535000,0.978810,-163877.697760,0.004550,-1283368.884690,0.019450,2018.658510,13.105260,0.981020,13.105260,0.981020,16821.504000
26.478640,6926.900000,26.438670,20240607173731.000000,8.000000,-2687360.773000,-1258676.529000,0.375000,92.583870,-0.962340,0.897930,-3.757440,0.942200,-370786.202530,0.203760,-369845.587090,0.205640,2023.046260,6.425270,0.737320,47.269320,0.882750,17633.388000
-69.341820,6926.900000,-69.072330,20240607174030.000000,8.000000,-2147480.000000,-1602604.156000,0.370000,84.920170,0.480550,0.430310,0.480550,0.430310,-250798.492290,0.033870,-250798.492290,0.033870,2020.359750,13.756500,0.961440,25.867910,0.970230,18739.495000
26.216820,6926.900000,26.145780,20240607174330.000000,8.000000,-2147480.000000,-1935468.881000,0.338000,136.653730,-0.749540,0.834580,-3.098910,0.932210,29652.395590,0.000980,29652.395590,0.000980,2025.826870,9.221520,0.944040,24.094830,0.960620,17307.755000
25.865910,6926.900000,25.875000,20240607174629.000000,8.000000,-2147480.000000,-2052036.444000,0.356230,33.465110,-0.882740,0.933590,-1.722660,0.938260,95221.408680,0.011960,95221.408680,0.011960,2020.635980,12.671320,0.977030,13.143720,0.977050,18008.866000
35.110000,6926.900000,140.624950,20240607174927.000000,8.000000,-2147480.000000,-2088447.802000,-0.452200,134.511570,0.249520,0.429810,0.258420,0.432340,808405.740990,0.051620,51189.864610,0.005140,2020.421830,-4.938210,0.854850,-4.938210,0.854850,16794.411000
25.760910,6926.900000,25.757780,20240607175216.000000,8.000000,-2147480.000000,-2036958.956000,0.005000,20.582600,-4.036490,0.988240,-4.036490,0.988240,-82927.947010,0.009270,-82927.947010,0.009270,2014.301570,42.121630,0.993390,42.121630,0.993390,17485.947000
-68.753640,6926.900000,-68.834220,20240607175517.000000,8.000000,228128.364000,-1822601.422000,0.079000,20.438170,-0.752150,0.981500,-0.752150,0.981500,-46155.015310,0.093500,-44830.113170,0.092370,2016.105690,5.695280,0.975330,7.082470,0.978020,17860.714000
25.917730,6926.900000,25.814000,20240607183731.000000,8.000000,-2473913.055000,-1061142.980000,0.375000,91.682170,2.344910,0.695810,2.344910,0.695810,-76325.197820,0.005550,-76325.197820,0.005550,2047.854840,13.639380,0.940980,31.958800,0.973850,16947.616000
-68.989090,6926.900000,-69.104670,20240607184030.000000,8.000000,319279.096000,-1750888.695000,0.369000,85.182540,0.577240,0.715770,1.778540,0.831540,-68887.627210,0.115670,-68887.627210,0.115670,2034.210110,1.709930,0.568590,1.709930,0.568590,17380.431000
25.888180,6926.900000,25.748000,20240607184330.000000,8.000000,-2147480.000000,-2107473.778000,0.337770,136.243230,-1.164100,0.823600,-1.164100,0.823600,-235374.006140,0.158770,-235374.006140,0.158770,2041.362790,8.013090,0.540470,8.063190,0.536840,16307.766000
25.556360,6926.900000,25.518330,20240607184628.000000,8.000000,-128624.236000,-1867549.889000,0.356000,33.724410,-0.330520,0.837110,-1.003010,0.844860,-9002.957820,0.026820,-9002.957820,0.026820,2027.985070,4.188590,0.893960,8.905480,0.904230,16618.306000
33.020910,6926.900000,139.397910,20240607184927.000000,8.000000,-2147480.000000,-1792338.364000,-0.446470,133.953960,0.156860,0.083660,0.156860,0.083660,571464.641220,0.033220,160824.914770,0.031910,2030.648830,-2.996350,0.394700,-3.045450,0.397780,14970.820000
25.392270,6926.900000,25.339890,20240607185214.000000,8.000000,-2147480.000000,-1827815.878000,0.004770,20.526320,-4.295760,0.987990,-4.295760,0.987990,313368.475180,0.152490,291243.601030,0.154030,2026.049930,43.406680,0.989610,62.802870,0.994890,16210.859000
-68.065450,6926.900000,-68.759780,20240607185512.000000,8.000000,-3318832.727000,-1276439.953000,0.079000,20.371000,-2.397700,0.930360,-2.397700,0.930360,40668.222830,0.000410,40668.222830,0.000410,2026.958480,18.730840,0.932610,44.343820,0.945510,16397.737000
25.517730,6926.900000,25.416220,20240607193731.000000,8.000000,-21808.245000,923794.926000,0.373230,91.997600,-0.153510,0.390700,-0.610030,0.443120,1427.200860,0.003140,1427.200860,0.003140,2033.552770,2.933340,0.901300,8.505210,0.942880,14466.360000
-69.168180,6926.900000,-69.267560,20240607194029.000000,8.000000,2147480.000000,2028033.228000,0.367000,85.228680,0.634060,0.438870,0.633880,0.437420,400176.497330,0.070580,400176.497330,0.070580,2045.205840,-3.497470,0.849090,-12.792290,0.906680,16168.198000
25.492270,6926.900000,25.352780,20240607194328.000000,8.000000,2147480.000000,2004314.667000,0.336000,135.764000,-0.067220,0.015360,-2.058810,0.226940,44887.569150,0.002410,44887.569150,0.002410,2046.486570,-3.236990,0.964510,-3.236990,0.964510,15585.675000
25.199550,6926.900000,25.132670,20240607194628.000000,8.000000,2147480.000000,2020221.140000,0.355000,33.615320,0.129120,0.171780,0.129120,0.171780,-29198.224680,0.001710,-29198.224680,0.001710,2043.856410,-1.797200,0.791290,-2.476150,0.773500,14998.560000
34.389550,6926.900000,139.775820,20240607194926.000000,8.000000,2147480.000000,2082040.802000,-0.453120,133.741780,-0.266760,0.061290,-8.461260,0.299790,136320.569550,0.027970,136320.569550,0.027970,2044.036340,0.038200,0.001400,-0.272850,0.008590,13739.096000
25.142730,6926.900000,25.076000,20240607195215.000000,8.000000,2147480.000000,2116284.444000,0.004000,20.457420,0.359190,0.378820,0.366060,0.376790,362147.654910,0.163980,362147.654910,0.163980,2041.475030,-12.622770,0.997240,-12.622770,0.997240,14469.075000
-68.828640,6926.900000,-69.067890,20240607195514.000000,8.000000,2147480.000000,1709409.298000,0.079000,20.314720,1.037760,0.968150,4.147050,0.969800,-732349.516990,0.013240,-135272.858020,0.011750,2048.219980,-3.488190,0.971750,-3.488190,0.971750,15373.073000
23.955450,6926.900000,23.897670,20240607203731.000000,8.000000,2933310.136000,905600.417000,0.372230,91.397600,0.819290,0.452100,7.148340,0.764180,419061.873540,0.006870,1068359.419200,0.013350,2032.835710,-7.874520,0.494760,-8.143510,0.497660,14788.951000
-69.135910,6926.900000,-69.684560,20240607204031.000000,8.000000,2147480.000000,2071210.611000,0.366000,85.141360,-0.331250,0.467580,-0.978160,0.403810,72689.993610,0.017120,72689.993610,0.017120,2033.067030,-3.730720,0.774970,-6.029100,0.810480,15425.926000
23.897270,6926.900000,23.799440,20240607204328.000000,8.000000,2147480.000000,1958585.221000,0.335230,135.288240,0.632960,0.600630,0.632960,0.600630,101341.726470,0.014040,101341.726470,0.014040,2042.776270,-6.082070,0.636100,-6.951210,0.636280,14907.180000
23.611820,6926.900000,23.572440,20240607204627.000000,8.000000,2147480.000000,1916294.251000,0.354000,30.912280,0.180680,0.724380,0.998840,0.760150,344235.136320,0.048550,344235.136320,0.048550,2045.656880,-2.247380,0.871720,-7.553790,0.919130,14975.551000
32.240000,6926.900000,138.699010,20240607204926.000000,8.000000,780901.818000,1740083.256000,-0.448650,133.306900,-0.023920,0.202150,-0.023920,0.202150,36799.387700,0.013340,36799.387700,0.013340,2043.952950,0.173190,0.226240,0.173190,0.226240,12757.129000
23.627730,6926.900000,23.593440,20240607205213.000000,8.000000,2147480.000000,2147480.000000,0.003000,20.321510,1.613110,0.970170,1.613110,0.970170,1643.918900,0.000010,1643.918900,0.000010,2038.295470,-15.166570,0.985940,-16.883280,0.986320,15123.886000
-68.738180,6926.900000,-69.323000,20240607205512.000000,8.000000,2537930.909000,2068949.556000,0.077230,20.172210,0.362500,0.630990,2.530350,0.699460,-207447.156930,0.018690,-222750.251760,0.019970,2035.850810,-2.914600,0.701040,-15.305920,0.757700,15574.636000
22.710910,6926.900000,22.647000,20240607213731.000000,8.000000,2733336.708000,378273.466000,0.373000,77.212610,-0.222960,0.188440,-0.222960,0.188440,-778723.023700,0.000190,-781169.187060,0.000200,2029.933570,2.890710,0.430960,2.890710,0.430960,14052.947000
-70.065910,6926.900000,-69.638330,20240607214029.000000,8.000000,1757029.091000,1547608.111000,0.365000,84.811590,0.051960,0.122590,0.051960,0.122590,-52826.638410,0.001980,-52826.638410,0.001980,2032.120500,-1.354810,0.514470,-1.354810,0.514470,14247.698000
22.800000,6926.900000,22.709890,20240607214329.000000,8.000000,2147480.000000,1715672.987000,0.334220,134.650440,-0.458480,0.872680,-0.458480,0.872680,1905066.811070,0.018970,1814603.945040,0.018940,2032.055140,1.577900,0.463000,1.577900,0.463000,13622.182000
22.505000,6926.900000,22.476220,20240607214627.000000,8.000000,-585676.364000,1411498.867000,0.353770,30.732430,-0.094580,0.124360,-0.698680,0.082210,-65960.674690,0.000570,-15850.085070,0.005190,2032.057880,2.953960,0.697580,2.953960,0.697580,14191.135000
30.079090,6926.900000,137.409890,20240607214924.000000,8.000000,780901.818000,1887758.241000,-0.455670,132.728690,-0.147990,0.547310,-0.147990,0.547310,27708.150100,0.002120,32920.988430,0.009450,2034.403830,1.358160,0.724200,1.447720,0.778420,12822.095000
22.486820,6926.900000,22.452000,20240607215211.000000,8.000000,3123607.273000,1356695.394000,0.003000,20.176530,2.686050,0.994120,2.686050,0.994120,-368382.529060,0.066880,-369571.588140,0.075080,2027.917710,-27.426520,0.995730,-28.451880,0.995780,13976.281000
-68.420450,6926.900000,-69.299560,20240607215510.000000,8.000000,1617459.455000,1367358.011000,0.078000,20.097940,0.489350,0.923090,0.489350,0.923090,-565362.936510,0.073650,-196855.636740,0.046560,2034.262870,-3.262280,0.919850,-4.166530,0.909900,13907.375000
21.933180,6926.900000,21.875890,20240607223732.000000,8.000000,-2537930.909000,809675.448000,0.372230,77.503770,-0.966230,0.511830,-2.585190,0.570340,47093233.986530,0.072510,65491132.676930,0.030310,2018.812380,11.929260,0.683420,20.390370,0.704850,13209.989000
-69.964550,6926.900000,-69.839110,20240607224031.000000,8.000000,1466613.370000,1264711.705000,0.364000,85.379970,0.016260,0.102530,0.015180,0.102050,-2302932.547020,0.038950,11486.002460,0.000170,2017.915270,-1.020630,0.850440,-2.357230,0.868360,13916.367000
21.937270,6926.900000,21.865110,20240607224329.000000,8.000000,851936.345000,1433373.971000,0.333770,134.152390,-0.055040,0.925440,-0.055040,0.925440,174456.073640,0.260410,192711.823670,0.302400,2022.031930,0.635400,0.961850,0.973900,0.972050,13058.547000
21.730000,6926.900000,21.716890,20240607224628.000000,8.000000,1981198.500000,1710836.827000,0.352230,28.136520,0.096280,0.253360,0.098890,0.255290,74451.311800,0.000620,74451.311800,0.000620,2021.739520,-1.361550,0.417510,-5.133770,0.551960,13155.467000
30.935910,6926.900000,137.327580,20240607224926.000000,8.000000,2147480.000000,1062981.433000,-0.450310,131.959740,-11.905420,0.816220,-11.905420,0.816220,-57037.171390,0.004440,-57037.171390,0.004440,2024.433720,-7.704800,0.956640,-7.704800,0.956640,12888.300000
21.603180,6926.900000,21.609780,20240607225214.000000,8.000000,2085055.545000,1232869.312000,0.002230,20.024690,3.289710,0.905200,3.289710,0.905200,66830.897370,0.006210,66830.897370,0.006210,2167.661720,-11.635680,0.991790,-11.635680,0.991790,15856.714000
-69.632730,6926.900000,-69.431780,20240607225515.000000,8.000000,-2044628.250000,1298563.837000,0.077000,19.953780,-8.759150,0.982160,-8.759150,0.982160,-3359700.525240,0.006510,-13875120.811600,0.017860,2150.155570,11.931180,0.980440,13.181650,0.980670,15647.582000
19.827730,6926.900000,19.917330,20240607233732.000000,8.000000,2484776.077000,522122.409000,0.372000,91.292420,1.367960,0.829440,1.367960,0.829440,712125.159030,0.095820,712125.159030,0.095820,2088.469530,-2.259850,0.778270,-8.894050,0.840110,14725.048000
-69.715000,6926.900000,-69.898330,20240607234030.000000,8.000000,2147480.000000,1293673.977000,0.363000,85.264420,0.640400,0.571570,0.640400,0.571570,-1159824.537190,0.173680,-459206.720990,0.152570,2080.820810,-3.652110,0.726870,-13.930910,0.809690,15154.461000
19.593180,6926.900000,19.668440,20240607234328.000000,8.000000,704025.632000,992239.136000,0.333770,132.019490,0.006150,0.000790,-0.538450,0.038620,-543486.048800,0.004300,-543486.048800,0.004300,2081.052850,0.702350,0.947300,1.093550,0.953510,14702.410000
19.441360,6926.900000,19.514780,20240607234626.000000,8.000000,2147480.000000,1262221.736000,0.352000,31.057020,0.038400,0.003370,-2.004570,0.018310,-25336.958460,0.000130,-25336.958460,0.000130,2076.933960,-3.164810,0.926390,-7.511480,0.951820,14382.816000
28.415000,6926.900000,135.695160,20240607234924.000000,8.000000,-735515.045000,1279032.224000,-0.445350,131.140780,0.783940,0.718130,0.783940,0.718130,39157.209600,0.009080,39157.209600,0.009080,2061.732480,1.038530,0.631300,1.061560,0.635020,14208.424000
19.557270,6926.900000,19.622220,20240607235212.000000,8.000000,2537930.909000,1327453.546000,0.002000,19.832180,2.693990,0.917870,2.693990,0.917870,-397187.337610,0.018750,-156996.289890,0.020370,2084.107560,-15.789110,0.991390,-21.269260,0.994870,14783.621000
-69.163640,6926.900000,-69.727440,20240607235510.000000,8.000000,2621478.045000,1157470.974000,0.077000,19.787910,-3.180500,0.807730,-2.946960,0.751840,-2148369.403440,0.000370,-2148369.403440,0.000370,2060.020090,-7.215500,0.977980,-9.284330,0.980940,14569.585000
18.593180,6926.900000,18.699440,20240608003731.000000,8.000000,2537930.909000,626436.554000,0.372000,92.154160,-1.392180,0.973380,-1.437490,0.973480,-1604619.921450,0.002790,-2792679.354960,0.007810,2069.197040,-2.732510,0.782630,-15.405460,0.915680,14599.873000
-69.514550,6926.900000,-70.048220,20240608004029.000000,8.000000,-5767.298000,-146812.460000,0.361230,84.888560,-2.110710,0.977910,-2.121160,0.977460,106371.828220,0.002360,134681.883250,0.030990,2082.084170,3.931470,0.908940,12.343520,0.955080,14875.430000
18.372270,6926.900000,18.472670,20240608004327.000000,8.000000,-584094.868000,239475.626000,0.334000,132.667770,-1.745530,0.983380,-1.745530,0.983380,128212.112780,0.000040,128212.112780,0.000040,2070.669630,2.796790,0.967460,5.293600,0.986540,14535.681000
18.247270,6926.900000,18.319110,20240608004626.000000,8.000000,138707.168000,345158.373000,0.351000,31.131580,0.343430,0.666300,0.333700,0.660510,4582304.284370,0.006440,24129554.082820,0.019340,2048.991460,1.763130,0.920130,3.311420,0.938630,14359.031000
29.100910,6926.900000,135.482200,20240608004924.000000,8.000000,2699774.821000,168693.073000,-0.451240,130.331990,1.265930,0.835750,6.627770,0.968020,31771531.072770,0.037980,31699761.155410,0.038040,2065.200060,0.442950,0.463190,0.442950,0.463190,14192.628000
18.318640,6926.900000,18.367780,20240608005213.000000,8.000000,148174.864000,926658.634000,0.001220,19.625870,-1.508850,0.978080,-1.508850,0.978080,-113512.656540,0.003250,-113512.656540,0.003250,2062.999420,8.079520,0.937390,11.747870,0.945130,14486.823000
-68.846360,6926.900000,-69.754330,20240608005511.000000,8.000000,2627747.864000,654813.643000,0.077000,19.587010,0.457450,0.882380,0.457450,0.882380,-5500708.702930,0.014050,-5397425.477110,0.014080,2057.314560,-5.874350,0.984560,-6.857800,0.985570,14555.126000
17.367730,6926.900000,17.476330,20240608013731.000000,8.000000,3123607.273000,540602.585000,0.372000,92.133320,1.070240,0.962270,1.084840,0.962190,-5694627.288490,0.002040,-4669065.735180,0.002570,2059.198700,-4.076110,0.776070,-17.913090,0.877230,14037.655000
-69.696820,6926.900000,-70.845440,20240608014029.000000,8.000000,1643780.521000,538202.514000,0.361770,85.697100,0.239980,0.747570,0.239980,0.747570,-716080.441000,0.000730,-741031.950530,0.001990,2059.005130,-2.126370,0.776690,-6.005950,0.815250,14325.123000
17.156360,6926.900000,17.270220,20240608014327.000000,8.000000,58336.081000,489342.478000,0.335230,131.620390,1.321130,0.764840,1.287200,0.683380,104170.841570,0.001460,68664.747850,0.002730,2064.270210,1.481520,0.936460,2.613430,0.943600,14028.040000
17.048640,6926.900000,17.160670,20240608014625.000000,8.000000,-445160.626000,174927.755000,0.349230,31.181300,-1.461440,0.925240,-5.496130,0.983850,-914000.580060,0.000250,-59850003.872030,0.043560,2078.671300,2.718250,0.891440,7.053200,0.923080,14137.947000
26.190910,6926.900000,133.485820,20240608014923.000000,8.000000,583944.694000,-210960.405000,-0.457660,129.181450,-0.375380,0.971870,-0.375380,0.971870,-969452.779780,0.018250,-3067826.105140,0.034750,2090.292450,0.042820,0.052530,-4.972010,0.142510,14026.650000
17.189090,6926.900000,17.232670,20240608015210.000000,8.000000,-179483.038000,463957.344000,0.001770,19.395540,-2.010840,0.990090,-2.010840,0.990090,5576083.003740,0.022910,4296631.061290,0.021910,2079.586140,11.148410,0.979520,13.888960,0.981490,14290.587000
-69.331820,6926.900000,-70.413110,20240608015508.000000,8.000000,-567753.435000,324199.716000,0.076000,19.395020,-0.815280,0.879710,-3.168240,0.950890,-17717.094150,0.000320,-653740.788560,0.015580,2065.409020,6.192230,0.984220,6.192230,0.984220,14439.415000
16.571360,6926.900000,16.696560,20240608023731.000000,8.000000,2147480.000000,1004583.389000,0.371000,92.244800,0.347440,0.746220,0.347440,0.746220,2191793.317920,0.016660,14887918.739640,0.062920,2102.004660,-2.166340,0.951020,-3.294460,0.955580,14128.948000
-69.926820,6926.900000,-70.761560,20240608024030.000000,8.000000,257227.845000,340432.079000,0.360230,85.924780,0.052220,0.002690,0.052220,0.002690,266359.432480,0.002630,266359.432480,0.002630,2118.154560,1.777220,0.645930,7.620290,0.732410,14447.376000
16.303640,6926.900000,16.445890,20240608024329.000000,8.000000,603810.743000,236997.225000,0.337000,131.011070,0.956170,0.970450,0.966580,0.970470,85433925.350480,0.012450,85433925.350480,0.012450,2125.303630,0.785000,0.950200,1.206480,0.958230,14124.621000
16.220910,6926.900000,16.352560,20240608024627.000000,8.000000,530565.274000,-8326.117000,0.349000,31.172770,-0.965300,0.678280,-0.965300,0.678280,3070375.948450,0.053750,3089113.340650,0.053920,2130.225660,0.675530,0.865880,2.607020,0.925870,14153.799000
23.847730,6926.900000,132.076920,20240608024925.000000,8.000000,1562288.293000,163644.542000,-0.462330,127.175190,-0.533610,0.806320,-0.526790,0.805630,1025469.193740,0.000090,1025469.193740,0.000090,2119.153790,-0.003510,0.000480,-0.003510,0.000480,13816.441000
16.316820,6926.900000,16.365670,20240608025212.000000,8.000000,195835.372000,-131338.930000,0.001000,19.188620,-1.356790,0.951320,-1.356790,0.951320,359412.564730,0.008120,359412.564730,0.008120,2110.357300,7.664590,0.994500,9.444520,0.996310,13953.050000
-69.730910,6926.900000,-70.472440,20240608025510.000000,8.000000,-461338.403000,11665.579000,0.076770,19.190230,-1.416080,0.972570,-1.423800,0.971810,132808229.339910,0.019090,133199996.419680,0.019150,2117.446130,5.574050,0.977810,6.233940,0.978370,13988.600000
16.050450,6926.900000,16.182780,20240608033731.000000,8.000000,-585676.364000,631459.589000,0.371000,92.257080,-2.390190,0.987660,-2.390190,0.987660,-1145209.280010,0.013390,-537392.962010,0.009870,2155.528300,2.885660,0.879380,9.446700,0.923840,14034.312000
-70.521820,6926.900000,-70.965670,20240608034029.000000,8.000000,124086.064000,-63138.774000,0.360000,85.611920,-1.319620,0.855360,-1.319620,0.855360,765313.999280,0.000070,765313.999280,0.000070,2140.784110,2.005740,0.741580,11.897200,0.880000,14221.165000
15.924090,6926.900000,16.067670,20240608034328.000000,8.000000,1464642.112000,-53921.472000,0.335000,130.620870,-0.064020,0.333470,-0.064020,0.333470,-738804.952460,0.005060,-1542845.946710,0.007100,2135.125520,-0.541520,0.873330,-1.828510,0.889330,14014.365000
15.881820,6926.900000,16.004000,20240608034626.000000,8.000000,8959.954000,23129.898000,0.348000,31.180120,-0.613070,0.884170,-0.613070,0.884170,26167.655400,0.002240,26167.655400,0.002240,2146.415570,1.400530,0.891180,3.865810,0.922180,14109.648000
24.831360,6926.900000,132.276810,20240608034925.000000,8.000000,213680.664000,135127.038000,-0.447700,128.161590,0.275990,0.709680,3.907600,0.944070,-1137183.447180,0.005790,-1137183.447180,0.005790,2147.202870,0.192860,0.199590,0.192860,0.199590,13807.114000
15.981360,6926.900000,16.034440,20240608035212.000000,8.000000,529.756000,104005.070000,0.000230,19.001240,-0.421320,0.709050,-0.427740,0.712040,-3433.087490,0.038050,-3433.087490,0.038050,2149.571720,9.987880,0.990010,10.705110,0.990140,14097.324000
-70.290450,6926.900000,-70.518440,20240608035511.000000,8.000000,76562.501000,-15571.555000,0.075240,19.008180,-0.347610,0.768730,-0.347610,0.768730,2254461.539960,0.010830,2254461.539960,0.010830,2173.807460,3.787180,0.982780,3.787180,0.982780,14392.727000
16.058180,6926.900000,16.179220,20240608043731.000000,8.000000,1757029.091000,542236.219000,0.371000,92.288340,1.464730,0.978900,1.464730,0.978900,5597850.827700,0.009750,5545769.802090,0.009830,2146.230110,-0.950350,0.748880,-4.506500,0.838400,14087.432000
-70.462270,6926.900000,-70.686670,20240608044030.000000,8.000000,1715.037000,101543.429000,0.358230,85.962870,2.096290,0.940900,2.096290,0.940900,-7575.011290,0.045540,-7575.011290,0.045540,2130.821860,2.724760,0.578770,9.966470,0.661270,14317.148000
15.839090,6926.900000,15.989220,20240608044327.000000,8.000000,781.584000,304637.230000,0.334770,130.198420,-0.454140,0.571770,-0.454140,0.571770,4805.317390,0.027770,6283.186120,0.096300,2136.251520,1.527950,0.754120,4.975610,0.797820,14110.177000
15.838640,6926.900000,15.951330,20240608044626.000000,8.000000,-35.678000,-119692.097000,0.348000,31.185440,0.092090,0.031780,0.092090,0.031780,24390.988280,0.108180,24390.988280,0.108180,2126.141920,1.765070,0.762290,6.128310,0.799770,14069.942000
23.013640,6926.900000,131.438350,20240608044924.000000,8.000000,50371.951000,-266210.667000,-0.442520,128.002600,1.878020,0.941960,2.220670,0.956680,1396172.886440,0.000540,1396172.886440,0.000540,2133.525720,1.209380,0.892270,1.177650,0.873310,13874.980000
16.011360,6926.900000,16.053000,20240608045211.000000,8.000000,-20189.244000,9273.403000,0.001000,18.846280,-1.669990,0.873170,-1.669990,0.873170,-451659.071100,0.032910,-451659.071100,0.032910,2140.941180,10.342850,0.985380,11.132270,0.985550,14131.408000
-70.096360,6926.900000,-70.516670,20240608045509.000000,8.000000,726021.907000,186602.183000,0.076000,18.817500,-0.353230,0.774750,-0.353230,0.774750,-35710366.525050,0.011010,-286711027.782590,0.047860,2136.513690,1.490990,0.986620,1.726530,0.987500,14370.876000
16.560450,6926.900000,16.644560,20240608053731.000000,8.000000,2147480.000000,1003783.115000,0.370230,92.327530,0.243240,0.682100,2.732920,0.757030,452032.674790,0.005540,743876.184770,0.006550,2149.374050,-1.530950,0.759480,-3.504130,0.774370,14487.900000
-70.679090,6926.900000,-70.723000,20240608054030.000000,8.000000,13834.695000,-27329.087000,0.358000,86.036640,0.297390,0.080030,0.297390,0.080030,21226.630010,0.010790,21196.159040,0.010790,2136.759360,2.657850,0.829090,6.215860,0.844270,14896.774000
16.437730,6926.900000,16.543110,20240608054328.000000,8.000000,54516.216000,-101518.041000,0.334770,130.152060,-1.615690,0.848590,-6.034590,0.930050,479856.819630,0.010160,439063.032780,0.010330,2157.774750,1.669340,0.890640,3.049360,0.909770,14634.970000
16.448180,6926.900000,16.541890,20240608054627.000000,8.000000,-672235.369000,-316444.476000,0.348000,31.193120,0.114710,0.026100,0.114710,0.026100,-799712.308120,0.037660,-799712.308120,0.037660,2126.493500,2.238070,0.665050,7.214060,0.709220,14734.973000
24.993180,6926.900000,132.204510,20240608054926.000000,8.000000,1357.311000,85021.898000,-0.449290,127.887470,-0.564100,0.562460,-0.564100,0.562460,573.909070,0.031910,573.909070,0.031910,2128.226500,0.396130,0.581480,1.350440,0.712310,14065.804000
16.543180,6926.900000,16.587890,20240608055214.000000,8.000000,32285.352000,152199.623000,0.000230,18.733430,-1.186770,0.944710,-3.336010,0.980880,-5014.920670,0.000020,-5014.920670,0.000020,2111.747460,9.057320,0.988270,10.600550,0.989000,14274.525000
-70.553640,6926.900000,-70.545670,20240608055512.000000,8.000000,24684.841000,-96001.140000,0.075220,18.712900,-0.043370,0.025500,-0.042590,0.023270,50266.821790,0.001160,50266.821790,0.001160,2109.520310,5.488800,0.949930,9.385660,0.967470,14595.770000
16.967270,6926.900000,17.053110,20240608063732.000000,8.000000,-195225.455000,392284.377000,0.371000,92.327320,0.176180,0.164550,0.176180,0.164550,-28304.986380,0.001580,-28304.986380,0.001580,2158.123680,1.920010,0.603990,12.597380,0.801920,14570.612000
-70.638180,6926.900000,-70.731330,20240608064029.000000,8.000000,1742109.157000,-12332.692000,0.358000,86.116910,-0.450110,0.897360,-0.523060,0.899530,-15006291.521680,0.002510,-15006291.521680,0.002510,2167.208330,-2.087640,0.757120,-8.046990,0.857610,14913.484000
16.955910,6926.900000,17.042110,20240608064327.000000,8.000000,467.510000,70802.942000,0.334000,130.308910,-0.031170,0.125160,-0.031170,0.125160,-3482.870170,0.014820,-3482.870170,0.014820,2180.403880,2.318680,0.934690,4.466530,0.955030,14761.971000
16.946360,6926.900000,17.021670,20240608064626.000000,8.000000,-586987.510000,-121223.378000,0.347000,30.767510,-0.393840,0.683850,-3.902140,0.848700,40368.693630,0.000010,40368.693630,0.000010,2195.453130,2.273060,0.687690,6.255440,0.727260,14840.782000
23.744550,6926.900000,131.791320,20240608064924.000000,8.000000,-984943.648000,249983.098000,-0.444690,126.704110,0.688120,0.140210,1.140430,0.283620,-874132.945410,0.004480,-874132.945410,0.004480,2201.800070,0.464700,0.108850,0.917610,0.086970,14357.454000
17.363180,6926.900000,17.398670,20240608065212.000000,8.000000,-190611.453000,2303.578000,0.000770,18.679240,-1.625360,0.991330,-1.625360,0.991330,-10005578.209320,0.014080,-10005578.209320,0.014080,2193.424380,12.121820,0.992800,12.815460,0.992880,14925.096000
-70.210000,6926.900000,-70.473890,20240608065511.000000,8.000000,-2154223.636000,-119049.175000,0.075000,18.670840,-0.164200,0.080700,-0.236940,0.017230,2794295.859960,0.005200,2794295.859960,0.005200,2197.110170,11.983250,0.945820,17.504060,0.951220,15250.013000
18.373180,6926.900000,18.425780,20240608073731.000000,8.000000,-1952254.545000,179598.403000,0.371000,89.705090,-6.474510,0.718650,-6.474510,0.718650,2142785.576150,0.006930,14777786.221230,0.026200,2215.924460,0.492950,0.014540,55.273380,0.269450,15501.001000
-70.383640,6926.900000,-70.897330,20240608074029.000000,8.000000,210366.196000,240197.140000,0.356000,85.980320,-0.669200,0.955010,-1.658030,0.974940,1822833.135320,0.029170,1593807.442020,0.054790,2188.975600,2.658110,0.828910,8.350780,0.904280,15425.293000
18.485450,6926.900000,18.568780,20240608074327.000000,8.000000,173204.575000,298347.772000,0.334000,130.667690,-0.373670,0.767470,-0.305390,0.436000,832405.558520,0.014800,1182431.808200,0.019380,2184.088420,0.778640,0.459820,8.599650,0.694760,15319.743000
18.565450,6926.900000,18.660110,20240608074625.000000,8.000000,1574941.455000,70484.008000,0.346000,30.130990,0.067710,0.509970,0.181890,0.458140,1760558.584580,0.002040,11630124.878290,0.007360,2178.886730,-0.582060,0.322590,-7.761410,0.457840,15248.755000
26.575910,6926.900000,133.131100,20240608074924.000000,8.000000,66373.753000,36665.689000,-0.451330,128.516580,0.139950,0.471200,0.140210,0.468010,-566119.425840,0.121800,-441762.784810,0.079750,2178.258310,0.093640,0.051200,3.886820,0.323150,14966.087000
19.105450,6926.900000,19.139440,20240608075213.000000,8.000000,-405958.583000,-78317.081000,0.000000,18.698710,-2.306170,0.983720,-2.306170,0.983720,203261.393380,0.000550,110349.788540,0.001830,2180.495610,14.152780,0.976420,20.756110,0.983050,15359.591000
-69.287730,6926.900000,-70.151670,20240608075512.000000,8.000000,-825942.892000,582.193000,0.075770,18.668090,-2.578140,0.941190,-2.578140,0.941190,10248581.880860,0.025240,9513547.576630,0.028020,2162.290030,5.973360,0.948690,9.595920,0.959970,15283.631000
21.012270,6926.900000,20.999330,20240608083731.000000,8.000000,-1366578.182000,1093984.423000,0.370000,90.711630,-0.572310,0.776420,-1.447060,0.792850,-1136763.835660,0.003650,-1136763.835660,0.003650,2098.999380,2.758350,0.458730,15.758460,0.587660,15527.969000
-69.673640,6926.900000,-70.176560,20240608084030.000000,8.000000,-14600.755000,-67591.804000,0.355770,85.892700,0.367400,0.799610,0.367400,0.799610,1445.454150,0.000090,1445.454150,0.000090,2090.722450,4.798410,0.926980,10.593970,0.955900,15733.449000
21.238180,6926.900000,21.191110,20240608084328.000000,8.000000,1762892.727000,98129.245000,0.333000,131.540530,0.117010,0.316770,0.117010,0.316770,-10224241.295910,0.004710,-8008752.915800,0.004060,2091.473280,-1.882960,0.849900,-2.535200,0.852540,15107.145000
21.329550,6926.900000,21.364560,20240608084626.000000,8.000000,-175952.481000,-107716.542000,0.345230,28.924060,-0.260440,0.805650,-0.989750,0.865940,-441020.829160,0.021340,-2360884.243730,0.064930,2085.781470,1.459570,0.380950,5.808160,0.455710,15394.184000
26.265450,6926.900000,133.825270,20240608084925.000000,8.000000,100903.775000,100761.814000,-0.447510,129.651570,-0.341200,0.887560,-0.341200,0.887560,-164949.512950,0.000860,-238020.979040,0.001140,2084.144230,1.913580,0.755580,2.941890,0.771330,15125.239000
21.400450,6926.900000,21.425890,20240608085212.000000,8.000000,785.636000,42321.068000,0.000000,18.833620,-1.244670,0.990490,-1.244670,0.990490,-93.243960,0.002250,-93.243960,0.002250,2078.994050,11.542960,0.986120,11.542960,0.986120,15440.859000
-68.957270,6926.900000,-69.499670,20240608085511.000000,8.000000,-83725.092000,-20644.230000,0.074230,18.748290,-0.786000,0.841930,-2.630440,0.889850,42093.948880,0.001400,42093.948880,0.001400,2076.814290,3.534310,0.783120,8.607330,0.804900,15904.879000
23.131820,6926.900000,23.078220,20240608093732.000000,8.000000,2147480.000000,448955.648000,0.370000,87.713600,0.450450,0.927540,1.213510,0.946330,-2122059.019470,0.022480,-2116810.808310,0.032430,2047.232530,-1.936280,0.768590,-9.681760,0.868670,14101.307000
-69.377730,6926.900000,-69.581440,20240608094029.000000,8.000000,649653.000000,571757.003000,0.353230,85.986600,-0.100550,0.762700,-0.395670,0.871910,111378.508580,0.007720,111378.508580,0.007720,2041.847400,0.838230,0.685620,3.025850,0.775800,14867.416000
23.373180,6926.900000,23.312780,20240608094327.000000,8.000000,-520457.055000,348275.115000,0.329230,132.607480,-0.138600,0.437150,-0.138600,0.437150,-6833.673110,0.000580,-6833.673110,0.000580,2041.774900,2.168960,0.738750,6.452740,0.754010,14528.611000
24.071360,6926.900000,25.020000,20240608094626.000000,8.000000,2928381.818000,407508.303000,0.351770,29.885680,0.251160,0.543300,0.251160,0.543300,-1980170.322950,0.015270,-1622031.564300,0.014630,2041.083520,-1.884020,0.734060,-1.884020,0.734060,14923.610000
27.036820,6926.900000,134.875930,20240608094924.000000,8.000000,25906.250000,576589.265000,-0.453660,130.830410,-0.035430,0.066110,-0.035430,0.066110,-2381.005580,0.065290,-2381.005580,0.065290,2041.752100,1.001110,0.669100,2.957780,0.713470,13831.503000
23.515450,6926.900000,23.552780,20240608095212.000000,8.000000,343105.744000,1231238.588000,-0.000230,19.053760,-0.738710,0.950900,-0.738710,0.950900,350.520490,0.000000,350.520490,0.000000,2039.731650,6.561280,0.954380,7.192800,0.954680,14399.719000
-68.485450,6926.900000,-69.331560,20240608095511.000000,8.000000,-1561803.636000,919653.014000,0.075000,18.905810,-2.164340,0.888230,-2.164340,0.888230,47145.511980,0.002340,47145.511980,0.002340,2036.984650,13.755670,0.959970,13.755670,0.959970,13965.484000
24.480000,6926.900000,24.448000,20240608103731.000000,8.000000,1602292.196000,180180.366000,0.370000,87.850930,0.049140,0.143390,1.734580,0.520440,2903239.083840,0.008250,22110525.838570,0.034230,2041.351930,-1.359090,0.814150,-5.517000,0.903460,13694.373000
-69.153180,6926.900000,-69.417220,20240608104030.000000,8.000000,2147480.000000,1395212.684000,0.352000,85.840430,0.291070,0.636180,0.291070,0.636180,-524922.516370,0.163430,-522269.855200,0.164560,2042.035760,-2.486160,0.467620,-10.929850,0.652910,13924.079000
24.397730,6926.900000,24.374220,20240608104330.000000,8.000000,2147480.000000,1848863.378000,0.327770,133.799800,0.187860,0.733520,1.147610,0.858180,-144862.685470,0.017160,-144862.685470,0.017160,2044.127920,-2.029520,0.745120,-8.301580,0.838160,13715.170000
24.333180,6926.900000,24.430220,20240608104629.000000,8.000000,3318832.727000,1454746.681000,0.350000,29.967840,1.265120,0.974640,1.265120,0.974640,723135.247000,0.261190,719635.522220,0.262140,2052.781270,-4.467520,0.597670,-13.783480,0.690000,13875.343000
30.579090,6926.900000,137.113190,20240608104929.000000,8.000000,1205903.364000,1235317.802000,-0.437250,131.922880,0.019470,0.754040,0.019470,0.754040,24543.566210,0.003220,24543.566210,0.003220,2044.128990,-0.133350,0.502030,-0.340400,0.583690,13249.022000
24.794090,6926.900000,24.831000,20240608105216.000000,8.000000,-486632.677000,1075930.752000,-0.001770,19.219080,-1.805760,0.991750,-1.805760,0.991750,107119.323640,0.162450,107094.349390,0.162690,2041.135200,15.308600,0.991820,15.308600,0.991820,14048.472000
-68.512270,6926.900000,-68.933220,20240608105516.000000,8.000000,-195225.455000,776457.976000,0.075000,19.194120,-0.176880,0.102980,-0.181940,0.103900,-314963.978730,0.001840,-314963.978730,0.001840,2042.008630,4.282980,0.938050,4.866350,0.938700,14123.498000
25.773640,6926.900000,25.806890,20240608113731.000000,8.000000,-15519.912000,804509.264000,0.368220,87.528320,-0.592210,0.852780,-0.600530,0.852910,-284160.905190,0.018430,1159.810390,0.038320,2035.402690,2.296460,0.667370,9.146390,0.747490,13696.808000
-69.133180,6926.900000,-69.466440,20240608114030.000000,8.000000,-585676.364000,1321944.856000,0.351000,85.596910,0.260830,0.149360,0.260830,0.149360,50955.564470,0.015360,50955.564470,0.015360,2037.920710,1.875320,0.190730,15.551480,0.357870,14069.261000
29.277270,6926.900000,29.049890,20240608114328.000000,8.000000,2147480.000000,1165567.689000,0.329000,134.380640,0.147350,0.524390,0.109080,0.091440,208096.428680,0.047760,203389.600990,0.049490,2036.379090,-1.821360,0.742710,-4.946230,0.777360,14121.547000
25.267730,6926.900000,25.404220,20240608114627.000000,8.000000,2733156.364000,1193044.444000,0.349770,29.621060,0.172980,0.484020,0.172980,0.484020,38728.855430,0.010610,260171.686900,0.043280,2037.379280,-3.442810,0.769070,-15.661900,0.845640,14371.819000
30.296820,6926.900000,137.532200,20240608114925.000000,8.000000,2537930.909000,1109138.022000,-0.457230,132.729240,1.655890,0.874880,4.267250,0.935790,-734066.137570,0.057910,-234645.689580,0.042480,2046.885710,-0.502990,0.069180,-1.187830,0.037510,14040.295000
26.918180,6926.900000,26.934670,20240608115212.000000,8.000000,1366578.182000,1015275.500000,-0.002230,19.427570,0.534030,0.955330,0.534030,0.955330,-60360.506590,0.011290,-62990.084520,0.011940,2035.298280,-4.254340,0.948500,-5.791210,0.953200,14699.311000
-67.931360,6926.900000,-68.665440,20240608115510.000000,8.000000,2147480.000000,851907.010000,0.074230,19.386940,-0.016190,0.001930,-0.016190,0.001930,107538.839280,0.005880,107538.839280,0.005880,2035.513820,-3.745210,0.861970,-8.012530,0.893780,14596.680000
26.474550,6926.900000,26.618000,20240608123731.000000,8.000000,-1821040.136000,731230.957000,0.368230,89.720910,-0.838620,0.688430,-3.590950,0.817760,-590300.364100,0.025470,-84000.847700,0.022100,2036.417000,5.701190,0.604530,24.158830,0.724820,14246.265000
-68.971360,6926.900000,-69.220440,20240608124030.000000,8.000000,-2342705.455000,1051970.211000,0.348000,85.097330,-0.743100,0.487880,-0.737900,0.490910,-241925.339300,0.022460,-228154.110990,0.023870,2029.162290,11.650490,0.672820,31.694560,0.788510,15046.674000
28.079550,6926.900000,29.913220,20240608124328.000000,8.000000,0.000000,1559993.359000,0.328000,135.030840,-0.252190,0.864110,-0.256020,0.864430,280.968810,0.382990,302.349550,0.432290,2031.651420,2.666720,0.865400,3.995160,0.878560,14954.544000
26.826360,6926.900000,26.950000,20240608124626.000000,8.000000,2147480.000000,1527096.889000,0.348000,30.053170,-0.629400,0.602460,-1.596120,0.635430,299416.388290,0.105340,299416.388290,0.105340,2031.646550,-0.565810,0.071010,-2.761240,0.112360,14600.091000
33.402270,6926.900000,139.184290,20240608124924.000000,8.000000,2147480.000000,2031096.242000,-0.452640,133.324150,-0.116910,0.010260,-0.116910,0.010260,120906.107050,0.031860,120906.107050,0.031860,2039.991490,-0.016430,0.006180,-0.016430,0.006180,12980.620000
26.460000,6926.900000,26.526560,20240608125212.000000,8.000000,2147480.000000,1956592.889000,-0.004770,19.613970,0.905900,0.761740,0.905900,0.761740,-263648.629560,0.005440,-17246.584920,0.000300,2038.380580,-9.022390,0.768790,-18.259080,0.803630,14227.851000
-68.312270,6926.900000,-68.622220,20240608125511.000000,8.000000,2147480.000000,1504008.028000,0.073220,19.606170,0.635310,0.868400,1.480020,0.880500,-569022.090970,0.026940,-244421.754860,0.028970,2035.183090,-4.003810,0.831160,-6.516820,0.846600,13512.408000
28.190450,6926.900000,28.359670,20240608133731.000000,8.000000,637224.980000,576832.937000,0.367770,89.472880,-0.126800,0.631520,-0.848520,0.834110,56500.180840,0.077660,56385.729880,0.077640,2035.204740,1.085370,0.815940,3.875350,0.897100,14025.257000
-68.199090,6926.900000,-68.719110,20240608134029.000000,8.000000,2147480.000000,1852806.111000,0.346000,85.123360,-0.402160,0.464410,-0.402160,0.464410,-19336.742080,0.000250,-19336.742080,0.000250,2034.543120,-3.826070,0.649740,-12.967470,0.775030,14201.931000
27.246360,6926.900000,27.302000,20240608134328.000000,8.000000,3130570.955000,1366908.450000,0.326000,136.199660,0.047370,0.015970,0.047370,0.015970,284258.618410,0.004180,79650.864270,0.003920,2037.183530,-4.742120,0.789810,-16.845360,0.854310,14400.255000
27.082270,6926.900000,27.160110,20240608134626.000000,8.000000,-1366578.182000,573286.667000,0.347000,30.234590,-0.549400,0.895910,-0.549400,0.895910,-166140.813090,0.092880,-166140.813090,0.092880,2040.697290,4.782430,0.904420,5.566780,0.904750,14276.153000
33.518180,6926.900000,139.843520,20240608134925.000000,8.000000,2147480.000000,936170.032000,-0.448330,134.216470,0.167960,0.806270,0.167960,0.806270,133322.995440,0.026270,133322.995440,0.026270,2040.461580,-1.074580,0.796450,-1.074580,0.796450,13176.435000
26.893640,6926.900000,26.945890,20240608135213.000000,8.000000,-2567538.427000,1415116.467000,-0.004230,19.728780,-4.334870,0.950500,-4.334870,0.950500,32413.726650,0.002650,55244.440310,0.003250,2037.473180,43.214330,0.972180,48.528550,0.972700,14022.438000
-67.705000,6926.900000,-68.611560,20240608135511.000000,8.000000,-532909.364000,1520652.793000,0.074000,19.656320,-1.583560,0.978450,-1.583560,0.978450,22723.886450,0.006060,22760.319710,0.006120,2041.288030,8.301350,0.980570,8.301350,0.980570,14266.395000
27.535910,6926.900000,27.577780,20240608143731.000000,8.000000,2313298.227000,1235505.383000,0.366000,87.422320,0.470730,0.830520,1.436670,0.870980,-64338.354080,0.002550,-64338.354080,0.002550,2029.414410,-4.021750,0.925010,-6.536170,0.936580,13861.139000
-68.802270,6926.900000,-69.002780,20240608144030.000000,8.000000,2147480.000000,1584240.204000,0.343230,84.182280,0.042250,0.017290,0.042250,0.017290,-453329.719100,0.062710,-312333.229780,0.063260,2029.377900,-0.818290,0.041710,-34.174350,0.269440,15351.218000
27.950450,6926.900000,28.069220,20240608144328.000000,8.000000,-1366578.182000,1600189.678000,0.324000,136.379690,-0.919010,0.780960,-0.912710,0.780080,140498.046630,0.058020,140498.046630,0.058020,2031.907870,5.801630,0.807000,15.696260,0.852200,14136.311000
27.354550,6926.900000,27.463670,20240608144627.000000,8.000000,1171352.727000,1726487.222000,0.344230,30.405760,-0.021050,0.152120,-0.021050,0.152120,-62052.327880,0.028660,-62052.327880,0.028660,2031.238500,-0.250620,0.498240,-1.651900,0.635130,13682.608000
34.615910,6926.900000,140.436370,20240608144927.000000,8.000000,2147480.000000,1899044.231000,-0.461880,134.517960,2.562270,0.888820,2.587970,0.889510,136082.507570,0.028970,136082.507570,0.028970,2043.952480,-1.156230,0.537360,-1.229440,0.538440,14683.918000
27.470910,6926.900000,27.519780,20240608145214.000000,8.000000,2250293.185000,1023094.169000,-0.005230,19.855700,2.026190,0.789750,1.585240,0.412480,-905711.547590,0.003280,-905711.547590,0.003280,2027.378880,-14.255240,0.841630,-20.632570,0.852200,15262.350000
-67.784090,6926.900000,-68.230220,20240608145512.000000,8.000000,-1462383.705000,1532066.342000,0.074000,19.942270,2.579980,0.718050,2.493930,0.683580,1726363.705410,0.082030,1735604.913480,0.082500,2031.436500,12.027580,0.910180,16.043840,0.913940,14036.948000
29.780910,6926.900000,29.900440,20240608153731.000000,8.000000,-667713.364000,214388.089000,0.363230,89.726480,-0.789010,0.947260,-0.789010,0.947260,398105.358590,0.027220,398105.358590,0.027220,2024.001350,5.861820,0.957400,9.010100,0.966720,14374.165000
-68.394090,6926.900000,-68.684670,20240608154030.000000,8.000000,2740027.855000,1636505.962000,0.341000,83.818030,0.266260,0.383610,1.573680,0.519880,122921.950080,0.008460,122921.950080,0.008460,2022.024860,-1.884500,0.245300,-20.726540,0.382380,15051.434000
27.915450,6926.900000,27.841440,20240608154329.000000,8.000000,2363463.428000,1636722.125000,0.322230,136.703980,0.052540,0.059620,0.052540,0.059620,76656.799540,0.000120,76656.799540,0.000120,2024.728270,-4.547900,0.925930,-10.419660,0.948450,15050.367000
27.710000,6926.900000,27.764560,20240608154627.000000,8.000000,2147480.000000,1659578.222000,0.342000,30.599170,0.490950,0.943740,0.490950,0.943740,-1484940.671910,0.009470,-51330.400110,0.003660,2029.898050,-3.546410,0.761160,-11.259860,0.845230,15701.289000
34.567270,6926.900000,140.569120,20240608154926.000000,8.000000,2147480.000000,1514314.223000,-0.451100,134.709200,0.483400,0.980750,0.488480,0.980960,-844066.096390,0.059360,-186322.183910,0.049700,2029.333400,-0.399060,0.389000,-0.525490,0.379570,15736.890000
27.222270,6926.900000,27.250110,20240608155213.000000,8.000000,-1757029.091000,1553286.633000,-0.007000,19.942910,-3.691430,0.983110,-3.691430,0.983110,191997.604880,0.090600,191997.604880,0.090600,2022.704750,30.310980,0.981260,30.310980,0.981260,16117.858000
-68.446820,6926.900000,-68.685000,20240608155511.000000,8.000000,2147480.000000,2147480.000000,0.072230,20.009710,0.984310,0.916770,0.984310,0.916770,645140.269530,0.197240,645140.269530,0.197240,2029.359470,-5.165540,0.957460,-7.528780,0.963070,14524.637000
27.905910,6926.900000,27.956780,20240608163731.000000,8.000000,820431.836000,1404071.645000,0.362000,89.356980,0.006280,0.000990,0.834460,0.180110,22493.132300,0.004510,22493.132300,0.004510,2035.305030,0.336430,0.278340,1.790070,0.368490,15722.894000
-68.655000,6926.900000,-68.814890,20240608164029.000000,8.000000,2147480.000000,2069871.340000,0.339000,83.565210,0.518470,0.859660,0.518470,0.859660,-4783.681780,0.000010,-4783.681780,0.000010,2034.976090,-1.187650,0.417350,-1.187650,0.417350,15143.424000
27.532270,6926.900000,27.451670,20240608164329.000000,8.000000,2537930.909000,1577138.028000,0.321000,136.828520,0.897650,0.163870,0.897650,0.163870,-318838.330020,0.077640,-284974.516120,0.077870,2030.061840,-6.360790,0.848320,-6.462700,0.848320,16787.534000
27.085000,6926.900000,27.093440,20240608164626.000000,8.000000,1879442.818000,1322574.531000,0.341000,30.388090,0.272160,0.936570,0.272160,0.936570,-520913.511810,0.302350,-315630.761350,0.284790,2033.015900,-0.340190,0.092110,-4.683690,0.218460,17431.783000
33.372730,6926.900000,140.047690,20240608164924.000000,8.000000,2147480.000000,1210346.154000,-0.457750,134.786130,0.348520,0.849360,0.347890,0.848630,-89625.827860,0.000120,74757.349130,0.006250,2031.758370,-2.320650,0.625910,-2.320650,0.625910,17049.225000
26.579090,6926.900000,26.579220,20240608165212.000000,8.000000,1171352.727000,1479375.111000,-0.007230,19.997500,0.276450,0.935630,0.519580,0.955650,-46199.052980,0.008910,-46199.052980,0.008910,2026.646340,-2.265460,0.939050,-3.310540,0.950570,17437.164000
-67.543640,6926.900000,-68.714890,20240608165511.000000,8.000000,2147480.000000,1506196.100000,0.072000,19.999410,1.117110,0.960900,1.132820,0.960980,-262719.627520,0.034270,-267472.551690,0.034660,2028.249670,-7.605990,0.969190,-7.605990,0.969190,16601.754000
25.774090,6926.900000,25.768220,20240608173732.000000,8.000000,1558395.426000,1042422.567000,0.360230,89.310760,0.048230,0.095890,0.048230,0.095890,698915.358640,0.066480,698915.358640,0.066480,2040.622720,-0.252310,0.061800,-5.425180,0.091420,17585.531000
-68.999090,6926.900000,-69.432330,20240608174029.000000,8.000000,1171352.727000,1648645.544000,0.337000,83.959070,0.066030,0.853500,0.229870,0.925620,353949.141670,0.219800,353949.141670,0.219800,2037.848120,-0.752920,0.833230,-2.511330,0.905010,18144.622000
25.453180,6926.900000,25.391560,20240608174328.000000,8.000000,-1757029.091000,1514804.000000,0.320000,136.603690,-0.252480,0.447660,-2.203530,0.505360,-53811.543390,0.005790,-53811.543390,0.005790,2037.856410,7.643030,0.827760,9.879460,0.829100,17553.693000
25.150910,6926.900000,25.141000,20240608174627.000000,8.000000,-390450.909000,1180427.111000,0.338000,30.228710,-0.481130,0.912450,-1.770890,0.951530,-63584.664110,0.150250,-63584.664110,0.150250,2040.817810,4.270310,0.670160,26.810160,0.873620,17667.467000
34.708180,6926.900000,140.374730,20240608174926.000000,8.000000,3123607.273000,1250730.110000,-0.453150,134.349180,1.324450,0.980760,1.324450,0.980760,-959972.181720,0.102350,-358768.749480,0.073570,2039.935250,-5.447290,0.926730,-6.016040,0.927910,17248.215000
25.068180,6926.900000,25.060440,20240608175213.000000,8.000000,-195225.455000,1622540.444000,-0.009000,19.972420,-1.534360,0.962750,-4.008410,0.964170,-8768.658210,0.014890,-8768.658210,0.014890,2028.962190,12.405410,0.962880,21.075170,0.975520,17649.194000
-69.404090,6926.900000,-69.126330,20240608175512.000000,8.000000,2537930.909000,1657577.044000,0.072000,19.956370,1.273390,0.951990,1.273390,0.951990,456421.484010,0.013400,228634.448200,0.021470,2032.501430,-8.651070,0.925160,-9.739920,0.917330,17539.795000
24.730000,6926.900000,24.730890,20240608183732.000000,8.000000,580047.762000,990493.026000,0.359000,89.253930,-0.252430,0.967520,-0.480390,0.970680,579819.973620,0.142780,94569.058550,0.094360,2046.810710,1.208550,0.817920,4.587080,0.907920,19392.894000
-69.402730,6926.900000,-69.370110,20240608184030.000000,8.000000,2147480.000000,1861149.333000,0.335000,83.526930,0.227610,0.437700,4.710710,0.660570,-302097.804130,0.042690,-295758.509870,0.040920,2033.539650,-5.115060,0.819320,-9.716560,0.838840,19723.856000
24.583180,6926.900000,24.535330,20240608184330.000000,8.000000,-1366578.182000,1612806.444000,0.319770,135.862290,-0.526540,0.803610,-1.998690,0.897090,-21970.674590,0.001360,-21970.674590,0.001360,2035.328440,4.693430,0.769910,27.851140,0.907230,19359.215000
24.468180,6926.900000,24.459780,20240608184628.000000,8.000000,2147480.000000,1479375.111000,0.337000,30.039960,-5.758170,0.985860,-6.296880,0.986530,53207.807560,0.002270,53207.807560,0.002270,2111.989220,-1.841870,0.509140,-8.682350,0.611820,19728.790000
32.557270,6926.900000,139.082860,20240608184928.000000,8.000000,2147480.000000,1840571.898000,-0.447560,133.759580,8.862990,0.938080,8.138010,0.660610,-636369.507220,0.010440,-38798.757750,0.001930,2142.648990,2.129040,0.773100,2.129040,0.773100,19798.704000
24.397730,6926.900000,24.381440,20240608185215.000000,8.000000,1948405.491000,1716111.647000,-0.009000,19.933890,4.545320,0.949320,4.545320,0.949320,-324701.687010,0.140340,-324701.687010,0.140340,2102.587760,-13.544320,0.952850,-25.876920,0.974080,19689.886000
-68.462730,6926.900000,-69.171330,20240608185514.000000,8.000000,-780901.818000,1416280.909000,0.071000,19.942770,-2.227990,0.863220,-9.116420,0.973070,105019.015860,0.046490,105019.015860,0.046490,2056.521480,8.842100,0.915070,11.220760,0.908430,19594.788000
23.553180,6926.900000,23.542000,20240608193731.000000,8.000000,-1268073.615000,786481.671000,0.358770,89.152320,6.376500,0.777830,55.445710,0.953360,1307209.948160,0.027220,8288610.063160,0.096020,2089.084780,6.803190,0.739660,28.822110,0.831180,20096.461000
-69.765910,6926.900000,-69.691670,20240608194029.000000,8.000000,3318832.727000,1741924.603000,0.334000,84.047260,25.231100,0.932850,25.231100,0.932850,811763.916960,0.147400,811763.916960,0.147400,2179.705910,-11.531160,0.618550,-49.752920,0.714780,20445.751000
23.303180,6926.900000,23.276890,20240608194327.000000,8.000000,2147480.000000,1467479.122000,0.318000,135.377510,2.821380,0.981850,2.821380,0.981850,213307.729920,0.050040,208849.665940,0.049790,2096.243770,-2.133570,0.699630,-11.981470,0.865630,20053.612000
23.150000,6926.900000,23.152440,20240608194626.000000,8.000000,-2147480.000000,839003.722000,0.334230,29.725920,3.202170,0.908410,3.492560,0.901810,77028.539720,0.020810,178473.353070,0.031790,2084.145650,7.999940,0.705990,35.061210,0.791690,19997.719000
33.500910,6926.900000,139.156480,20240608194925.000000,8.000000,-976127.273000,1864916.571000,-0.454330,133.217650,2.356500,0.820840,2.347250,0.817890,6498.835560,0.000410,6498.835560,0.000410,2102.002450,1.995150,0.528080,1.995150,0.528080,20201.583000
23.232270,6926.900000,23.221560,20240608195213.000000,8.000000,2733156.364000,1510167.011000,-0.009770,19.873390,2.174080,0.911750,2.701120,0.901550,-228642.406240,0.005310,-37854.450730,0.000960,2094.046970,-22.009660,0.921300,-45.793540,0.949190,20194.472000
-69.042270,6926.900000,-69.247330,20240608195510.000000,8.000000,1952254.545000,1479735.289000,0.071000,19.875820,-2.842930,0.967350,-4.664240,0.973250,-1000897.181620,0.000330,44831.900440,0.001360,2097.113530,-4.807860,0.933220,-10.591480,0.953090,20267.429000
22.199550,6926.900000,22.183780,20240608203731.000000,8.000000,1055627.364000,335886.729000,0.358000,88.970480,-0.071640,0.435260,-0.062840,0.301670,338905.804810,0.023250,2081636.100670,0.079870,2120.788020,-0.109780,0.680290,-0.691910,0.820750,20342.889000
-69.428640,6926.900000,-69.773440,20240608204031.000000,8.000000,-1774348.655000,1333431.414000,0.333000,83.664990,-9.501590,0.962940,-9.501590,0.962940,289780.487050,0.050940,289780.487050,0.050940,2150.187310,9.688700,0.623420,40.524080,0.714190,20565.042000
21.839550,6926.900000,21.842000,20240608204328.000000,8.000000,2147480.000000,1400304.156000,0.317000,134.667860,1.268130,0.641480,8.892540,0.882450,87555.161400,0.011580,87555.161400,0.011580,2135.061580,-2.301530,0.795810,-4.143010,0.811760,20379.849000
21.663180,6926.900000,21.680330,20240608204626.000000,8.000000,2733156.364000,1586012.222000,0.334000,29.645230,3.115080,0.952430,3.096570,0.935120,166883.652590,0.018530,166883.652590,0.018530,2128.630740,-2.625300,0.693320,-17.367330,0.811410,20152.871000
31.099550,6926.900000,137.721430,20240608204926.000000,8.000000,2537930.909000,1769901.099000,-0.448980,132.521570,-4.386210,0.976850,-4.386210,0.976850,-79955.971640,0.002190,-71697.836600,0.004420,2076.605290,-1.398800,0.839080,-1.868920,0.840930,20090.918000
21.744550,6926.900000,21.720560,20240608205214.000000,8.000000,915353.136000,1587045.478000,-0.010000,19.773810,0.026300,0.441940,0.034730,0.441880,4427.691350,0.000030,4427.691350,0.000030,2088.366580,0.989480,0.966110,1.498520,0.975900,20083.923000
-68.874090,6926.900000,-69.405110,20240608205513.000000,8.000000,762251.818000,1188804.954000,0.071000,19.818820,-1.062400,0.928800,-2.591440,0.991920,36147.535430,0.007720,37936.718600,0.008390,2115.630160,0.897450,0.962260,0.993730,0.962480,19888.796000
20.360450,6926.900000,20.410780,20240608213731.000000,8.000000,2049321.909000,380148.528000,0.357000,88.934670,-0.093100,0.288920,-0.481910,0.447380,479572.991900,0.002910,282493.447360,0.006990,2071.226670,-2.139620,0.743900,-9.329890,0.834420,18978.438000
-69.936820,6926.900000,-69.814560,20240608214029.000000,8.000000,2147480.000000,561364.914000,0.331230,83.798920,1.542910,0.818400,1.279520,0.654420,-31570.568000,0.000820,-31570.568000,0.000820,2080.962660,-5.000550,0.928890,-8.991280,0.946380,19175.991000
20.107270,6926.900000,20.150560,20240608214329.000000,8.000000,2342705.455000,1090377.758000,0.314470,133.846530,-1.447030,0.834490,-1.277710,0.477070,-326522.920320,0.137840,-326895.660480,0.138630,2070.689390,-2.434880,0.735350,-4.052130,0.749050,18820.844000
19.970910,6926.900000,20.014220,20240608214628.000000,8.000000,3318832.727000,1297821.892000,0.332230,29.661140,5.332620,0.977570,11.402570,0.981590,-293478.242390,0.024080,-106394.138540,0.006410,2085.973000,-3.561880,0.535840,-22.061500,0.664580,18677.118000
28.421360,6926.900000,135.920660,20240608214925.000000,8.000000,195225.455000,1169350.202000,-0.455630,131.596770,0.089450,0.326720,0.089450,0.326720,26182.692310,0.002950,26291.912220,0.003010,2067.619310,0.764240,0.908340,0.788320,0.903630,18680.630000
20.135450,6926.900000,20.139000,20240608215214.000000,8.000000,2147480.000000,1034585.294000,-0.010000,19.627780,2.415250,0.910850,2.415250,0.910850,61906.355450,0.000230,61906.355450,0.000230,2065.808550,-11.551240,0.914450,-19.702770,0.930950,18732.143000
-69.153180,6926.900000,-69.651220,20240608215511.000000,8.000000,1985378.950000,1044950.038000,0.070000,19.651520,1.187040,0.698390,10.328680,0.967440,4485946.209030,0.048420,4485946.209030,0.048420,2081.841740,-3.610360,0.961140,-3.610360,0.961140,18712.529000
19.552730,6926.900000,19.606890,20240608223731.000000,8.000000,1424059.182000,348429.741000,0.357000,90.004010,0.319320,0.566530,0.319320,0.566530,1237181.035740,0.063320,1233473.146680,0.063370,2094.744840,-0.469750,0.298980,-1.450410,0.356670,18818.224000
-69.444550,6926.900000,-69.984440,20240608224030.000000,8.000000,3318832.727000,114324.993000,0.331000,83.868880,3.733480,0.948970,3.733480,0.948970,-61071.874380,0.001370,-61071.874380,0.001370,2107.846680,-7.852060,0.697510,-27.472020,0.755090,18980.018000
19.323180,6926.900000,19.378000,20240608224329.000000,8.000000,308684.325000,632779.007000,0.315230,133.150160,-0.898690,0.957650,-2.002440,0.961060,46321.486120,0.242030,46321.486120,0.242030,2108.891980,1.025170,0.687850,4.102760,0.745730,18750.514000
19.239550,6926.900000,19.284110,20240608224629.000000,8.000000,-1480344.713000,535993.302000,0.332000,29.493430,-1.693500,0.703500,-8.668790,0.904050,120058.221930,0.041800,120058.221930,0.041800,2093.830740,3.058870,0.654780,18.763630,0.750550,18614.276000
28.987270,6926.900000,135.726260,20240608224929.000000,8.000000,1216529.318000,1573772.895000,-0.450030,130.773690,0.178590,0.496820,0.178590,0.496820,-307127.150900,0.007250,-304676.342280,0.007310,2111.261660,-0.078340,0.425120,-0.080870,0.428180,18523.073000
19.358180,6926.900000,19.373220,20240608225216.000000,8.000000,2634797.205000,1304522.121000,-0.011530,19.473990,0.627650,0.306610,6.949310,0.609660,224669.626060,0.022130,224669.626060,0.022130,2084.025110,-19.097260,0.984570,-23.709630,0.986440,18617.075000
-69.828640,6926.900000,-69.863560,20240608225516.000000,8.000000,2650067.253000,817110.914000,0.070000,19.516510,-1.574640,0.771120,-1.572190,0.763860,-140670.895570,0.005440,-564825.584360,0.012590,2095.474000,-7.901640,0.855650,-18.711260,0.895420,18765.680000
19.097730,6926.900000,19.144330,20240608233731.000000,8.000000,-506753.571000,192470.745000,0.356000,89.508780,0.816280,0.436080,0.816280,0.436080,-519162.419880,0.003190,-519162.419880,0.003190,2075.837780,3.450810,0.549110,16.703810,0.660190,17973.729000
-69.743640,6926.900000,-70.153670,20240608234029.000000,8.000000,1952254.545000,829642.550000,0.331000,83.618880,1.982750,0.664980,1.980560,0.668660,-1685092.769090,0.000890,-2857571.219300,0.009780,2098.617720,-3.251830,0.516820,-10.354570,0.617040,18233.780000
19.026360,6926.900000,19.071890,20240608234327.000000,8.000000,1226061.500000,735563.601000,0.316770,131.129040,0.053800,0.098420,0.053800,0.098420,-318914.018870,0.020650,-549717.517720,0.026320,2130.407950,-0.232600,0.230390,-1.041870,0.285580,18273.540000
18.963180,6926.900000,18.986440,20240608234625.000000,8.000000,2759430.488000,825302.985000,0.331000,29.942690,2.792460,0.966560,2.792460,0.966560,1082198.063430,0.008100,1082198.063430,0.008100,2093.317310,-2.137670,0.317550,-9.142010,0.433870,18005.167000
26.888180,6926.900000,134.548460,20240608234923.000000,8.000000,2731709.408000,465946.081000,-0.446040,130.353700,4.064220,0.896760,4.064220,0.896760,786963.834870,0.070200,718135.781160,0.070530,2116.431930,1.627070,0.504970,1.627070,0.504970,17677.241000
19.032730,6926.900000,19.026000,20240608235210.000000,8.000000,3318832.727000,615218.757000,-0.010230,19.343060,2.594570,0.902360,2.594570,0.902360,9270164.072950,0.010500,9270164.072950,0.010500,2079.016770,-24.850020,0.830270,-58.176880,0.865690,17731.278000
-69.651360,6926.900000,-69.797110,20240608235508.000000,8.000000,49556.527000,657204.032000,0.070000,19.408560,1.410580,0.357990,11.258580,0.692250,292.361440,0.000000,292.361440,0.000000,2086.284500,4.099460,0.840420,4.462530,0.836460,17941.311000
18.838180,6926.900000,18.880440,20240609003731.000000,8.000000,2147480.000000,590327.591000,0.356000,88.536290,3.700790,0.979670,3.700790,0.979670,-81369484.067360,0.000900,-81369484.067360,0.000900,2120.092140,-1.530150,0.534830,-6.356900,0.584980,17638.309000
-69.823180,6926.900000,-70.119780,20240609004030.000000,8.000000,2262306.918000,251624.424000,0.330000,83.557280,-2.018550,0.630080,-1.990430,0.623770,-1933426.533060,0.002310,-1933426.533060,0.002310,2102.567140,-6.782450,0.827790,-20.559010,0.886250,17990.901000
18.835450,6926.900000,18.887110,20240609004328.000000,8.000000,-292099.443000,133903.735000,0.316230,132.330310,6.344100,0.983920,6.344100,0.983920,-9820.561390,0.001490,-9820.561390,0.001490,2130.019690,0.444580,0.052470,13.907830,0.254060,18302.166000
18.750450,6926.900000,18.809220,20240609004628.000000,8.000000,1269865.092000,322525.514000,0.330000,30.233410,0.727900,0.838110,0.727900,0.838110,-14225836.165110,0.002420,15564.322560,0.000780,2158.418830,-0.123130,0.032260,-5.046120,0.201080,18106.834000
28.348180,6926.900000,134.879890,20240609004925.000000,8.000000,158637.727000,160272.761000,-0.452810,129.939590,0.343330,0.820550,0.343330,0.820550,-49719.140940,0.003170,-55540.594740,0.015230,2099.108320,0.483240,0.395160,0.483240,0.395160,17644.536000
18.890910,6926.900000,18.910440,20240609005213.000000,8.000000,2143971.221000,221110.199000,-0.010770,19.225840,1.180110,0.688990,6.166430,0.807270,14895856.432480,0.041680,14895856.432480,0.041680,2088.055140,-10.101580,0.652990,-33.044820,0.722950,17632.833000
-69.772270,6926.900000,-69.767330,20240609005511.000000,8.000000,671502.236000,154446.466000,0.069000,19.290840,0.073730,0.153070,0.070380,0.142380,513621.782800,0.001090,513621.782800,0.001090,2094.282340,1.376890,0.777300,2.918460,0.806230,17864.211000
19.365000,6926.900000,19.378440,20240609013732.000000,8.000000,2147480.000000,820704.222000,0.356000,89.236020,1.136690,0.786500,3.119860,0.897850,7214516.357620,0.026050,7080265.935280,0.026170,2096.196080,-0.789720,0.127980,-10.598220,0.198340,17978.039000
-69.571820,6926.900000,-70.055220,20240609014029.000000,8.000000,99718.163000,332900.006000,0.330000,83.233920,6.104030,0.956820,6.104030,0.956820,777911.793870,0.011670,777911.793870,0.011670,2092.192740,1.654000,0.166570,10.245850,0.289560,18062.415000
19.172730,6926.900000,19.206890,20240609014327.000000,8.000000,-2147455.016000,600748.204000,0.316770,132.099100,-4.196960,0.870390,-17.548880,0.961460,-703478.107490,0.000300,-703478.107490,0.000300,2131.509200,4.361960,0.337940,30.188810,0.412530,17565.887000
19.081360,6926.900000,19.120220,20240609014626.000000,8.000000,2145623.409000,438463.081000,0.329230,30.060810,1.320530,0.639900,1.320530,0.639900,-2243085.827470,0.676710,-2728752.389180,0.093280,2136.174660,-2.978830,0.877190,-5.333160,0.893990,17698.956000
26.636360,6926.900000,134.240330,20240609014926.000000,8.000000,1362007.912000,281621.266000,-0.448100,129.963730,0.086870,0.211760,0.088430,0.213500,-18711.158260,0.001380,-18711.158260,0.001380,2149.259780,0.162230,0.391690,0.162230,0.391690,17700.569000
19.262730,6926.900000,19.267330,20240609015215.000000,8.000000,2024832.366000,-53613.308000,-0.010770,19.158040,2.008020,0.959390,2.008020,0.959390,49354506.289930,0.010340,48295581.298140,0.010570,2131.506600,-10.479240,0.805330,-24.287130,0.847270,17658.127000
-68.901360,6926.900000,-69.736670,20240609015513.000000,8.000000,1452512.259000,489431.199000,0.069000,19.229230,0.346270,0.882670,0.346270,0.882670,-1647670.214600,0.003400,-1647670.214600,0.003400,2114.366170,-2.114960,0.893030,-3.055660,0.899970,17758.450000
19.551820,6926.900000,19.569440,20240609023731.000000,8.000000,2733156.364000,444443.267000,0.356000,90.196040,0.573730,0.557090,6.920490,0.849260,2232695.648340,0.031010,3346633.405910,0.054720,2211.929920,-2.511860,0.403310,-8.910370,0.498290,18739.108000
-69.794550,6926.900000,-70.102670,20240609024030.000000,8.000000,-2444057.273000,393499.111000,0.329000,83.385460,-4.237430,0.937510,-4.237430,0.937510,101507.001880,0.000930,101507.001880,0.000930,2210.574130,6.861890,0.351690,27.088010,0.457690,18851.247000
19.367730,6926.900000,19.397330,20240609024329.000000,8.000000,-832821.167000,559757.450000,0.315470,132.104700,0.949520,0.171570,0.949520,0.171570,47562.054270,0.000470,47562.054270,0.000470,2182.496090,1.265380,0.133870,4.609050,0.175030,18569.904000
19.243180,6926.900000,19.271560,20240609024627.000000,8.000000,135219.274000,401933.531000,0.328220,29.931860,-0.478170,0.508670,-7.063180,0.832930,243925.372290,0.047800,243925.372290,0.047800,2128.227490,0.908910,0.220690,5.979800,0.378950,18340.444000
25.363180,6926.900000,133.615930,20240609024925.000000,8.000000,1750719.988000,542620.222000,-0.464180,129.985360,-0.692540,0.803320,-0.692540,0.803320,3385703.318890,0.000930,3385703.318890,0.000930,2106.805290,-0.327950,0.259040,-0.327950,0.259040,18044.543000
19.398180,6926.900000,19.406890,20240609025213.000000,8.000000,3185101.364000,363464.032000,-0.010230,19.101390,2.902340,0.888440,6.915060,0.909980,-846741.794730,0.027730,-846741.794730,0.027730,2107.382750,-22.679790,0.856610,-42.061060,0.878560,18159.118000
-69.656820,6926.900000,-69.649440,20240609025512.000000,8.000000,2398000.323000,295797.571000,0.069000,19.167880,-1.359340,0.576690,-1.346340,0.566940,149349.422540,0.004920,149349.422540,0.004920,2106.305220,-5.687380,0.645440,-17.362440,0.701280,18186.889000
19.200000,6926.900000,19.227220,20240609033731.000000,8.000000,1757029.091000,367313.599000,0.356000,90.788460,0.545740,0.943680,0.545740,0.943680,-2840468.991610,0.032950,-2547315.681350,0.032670,2145.510790,-1.491490,0.458480,-9.256750,0.588560,18041.394000
-69.937730,6926.900000,-70.134000,20240609034029.000000,8.000000,577.048000,104880.453000,0.328230,83.375910,1.159970,0.703040,6.379410,0.782930,1410.371260,0.010700,1337.075430,0.010760,2151.489880,2.044530,0.161810,2.164040,0.153630,18214.258000
19.048180,6926.900000,19.073780,20240609034327.000000,8.000000,-1758141.210000,410274.757000,0.315470,132.202760,-2.469260,0.925130,-7.493840,0.972440,2175002.835580,0.027390,1690140.621910,0.020180,2157.154450,3.657160,0.747400,8.686750,0.770570,18012.567000
18.990450,6926.900000,19.026000,20240609034626.000000,8.000000,-2765.694000,312349.949000,0.328770,30.337230,1.206530,0.932480,1.268680,0.927600,39616.656060,0.004760,39616.656060,0.004760,2130.380520,2.873900,0.672400,12.021470,0.781610,17923.561000
27.001820,6926.900000,134.322750,20240609034925.000000,8.000000,-486133.798000,312612.771000,-0.449910,129.909420,12.997160,0.993890,13.730700,0.994080,-90910.885080,0.000040,-90910.885080,0.000040,2161.687260,-0.770020,0.425100,-0.770020,0.425100,18087.184000
19.115450,6926.900000,19.131000,20240609035213.000000,8.000000,195319.155000,410669.974000,-0.011000,19.046390,-2.566700,0.961510,-7.210000,0.975450,5823660.811860,0.000540,5823660.811860,0.000540,2203.272800,6.918200,0.727340,19.203320,0.768390,18086.009000
-69.259550,6926.900000,-69.793560,20240609035512.000000,8.000000,-18024.165000,216528.885000,0.068230,19.014860,-3.373440,0.994790,-3.373440,0.994790,61240.833210,0.014200,61240.833210,0.014200,2190.456350,4.640360,0.849510,7.776800,0.865830,18126.659000
19.220000,6926.900000,19.234560,20240609043731.000000,8.000000,2147480.000000,864066.020000,0.356000,90.644990,2.833760,0.974700,2.833760,0.974700,-58103629.837040,0.226060,-58186481.961560,0.226600,2174.905310,-1.059010,0.256950,-8.921610,0.378990,18217.267000
-70.023640,6926.900000,-70.142110,20240609044030.000000,8.000000,1854435.903000,545755.930000,0.328000,82.795110,-0.124940,0.020260,-7.812790,0.339360,-2537559.950780,0.007370,-2537559.950780,0.007370,2142.456150,-2.577690,0.372550,-9.540890,0.469200,18500.102000
19.218180,6926.900000,19.243330,20240609044331.000000,8.000000,1888437.769000,648412.483000,0.316220,132.088420,-1.760630,0.749540,-2.711530,0.745310,290624059.413700,0.121150,314351755.936410,0.122160,2225.206220,-0.041670,0.001350,-29.530540,0.249740,18563.404000
19.131360,6926.900000,19.156000,20240609044630.000000,8.000000,505.676000,313466.378000,0.328000,30.554810,-4.992550,0.897270,-20.019910,0.969670,-417.360120,0.002340,-417.360120,0.002340,2251.883090,-0.892000,0.181560,-0.892000,0.181560,18434.124000
25.714550,6926.900000,133.791870,20240609044929.000000,8.000000,133.756000,406210.500000,-0.444840,129.959650,5.921130,0.996570,6.766830,0.997270,2486.401640,0.109420,2486.401640,0.109420,2191.998900,1.580620,0.910110,2.227490,0.916150,18359.377000
19.242730,6926.900000,19.237670,20240609045217.000000,8.000000,63807.226000,179660.158000,-0.010230,18.994980,0.028320,0.000460,0.028320,0.000460,-104544.095990,0.000200,-115653.895320,0.010850,2259.015440,9.146870,0.706860,28.105430,0.772140,18471.990000
-68.819090,6926.900000,-69.757440,20240609045515.000000,8.000000,-222617.521000,286762.437000,0.069000,18.964530,-4.380550,0.984180,-4.380550,0.984180,-2952574.875880,0.031450,-2952574.875880,0.031450,2262.016380,4.661250,0.665310,15.428840,0.712880,18297.930000
19.112730,6926.900000,19.136780,20240609053731.000000,8.000000,-1115109.650000,760153.337000,0.356000,90.455390,3.051470,0.547320,3.051470,0.547320,-8352834.758820,0.039820,-22309585.397010,0.135860,2267.710220,-0.594030,0.010160,44.025480,0.066700,18100.951000
-70.200910,6926.900000,-70.528110,20240609054030.000000,8.000000,289405.365000,283195.822000,0.327230,82.496720,-1.698090,0.991070,-2.536370,0.995080,29734255.254250,0.032590,29734255.254250,0.032590,2299.213580,2.404570,0.465140,10.136730,0.532830,18286.702000
19.003640,6926.900000,19.038440,20240609054328.000000,8.000000,1630.782000,101685.853000,0.317000,130.496200,-0.794010,0.898690,-3.078810,0.989260,2800.643970,0.015950,2800.643970,0.015950,2292.958350,1.264710,0.336180,8.658450,0.434040,18340.948000
18.969090,6926.900000,19.005780,20240609054626.000000,8.000000,642227.545000,599562.840000,0.327000,30.504670,-1.036640,0.772260,-1.042730,0.769610,5602241.538240,0.064410,5602241.538240,0.064410,2274.116820,-0.116840,0.007220,10.787270,0.046830,18410.288000
27.587730,6926.900000,134.523080,20240609054924.000000,8.000000,-560487.724000,948140.628000,-0.451740,129.802220,4.676610,0.938800,4.676610,0.938800,9360139.298520,0.003110,18247342.312010,0.019080,2256.131450,-0.897830,0.585800,-0.897830,0.585800,17944.856000
19.094090,6926.900000,19.088780,20240609055212.000000,8.000000,778.929000,130392.140000,-0.011770,18.934900,-3.077320,0.913670,-3.077320,0.913670,-14.275440,0.000020,-14.275440,0.000020,2247.111660,8.769160,0.655540,33.587150,0.738950,18208.698000
-69.880450,6926.900000,-69.979110,20240609055510.000000,8.000000,1106547.229000,584902.795000,0.069000,18.968130,0.611810,0.854030,4.044640,0.988610,-1922728.277200,0.016370,-4778227.688280,0.026330,2327.914620,-0.213590,0.199310,-0.666130,0.236340,18278.685000
18.980450,6926.900000,19.002670,20240609063732.000000,8.000000,-1366578.182000,-129301.211000,0.356000,90.214840,1.812220,0.843390,1.800260,0.768360,4031751.299130,0.004960,4204970.039400,0.005000,2214.004260,3.791820,0.435630,24.684950,0.614670,17915.102000
-69.620000,6926.900000,-70.466110,20240609064029.000000,8.000000,572210.810000,37731.783000,0.327000,82.031820,0.399800,0.350950,0.389380,0.344970,-204168.107880,0.000800,-204168.107880,0.000800,2228.438150,0.491120,0.054410,7.918880,0.172490,18111.336000
18.970450,6926.900000,19.003440,20240609064327.000000,8.000000,-786227.682000,-364432.056000,0.317000,131.729880,0.015870,0.000060,0.015870,0.000060,-474044.484810,0.003780,-474044.484810,0.003780,2240.068330,2.269690,0.330000,8.098960,0.355940,18028.304000
19.035000,6926.900000,19.088440,20240609064625.000000,8.000000,-918227.689000,-204117.575000,0.327000,30.714430,-0.820760,0.574010,-0.820570,0.572410,1217371.695080,0.003600,1217371.695080,0.003600,2258.000780,3.083620,0.313670,12.439490,0.425400,18210.562000
26.050450,6926.900000,133.795820,20240609064923.000000,8.000000,1281.506000,-95894.987000,-0.446890,129.716800,-0.684750,0.815160,-0.684750,0.815160,2823.802900,0.016770,3936.042070,0.018330,2256.143400,-1.528190,0.805530,-1.528190,0.805530,18247.425000
19.511820,6926.900000,19.544560,20240609065211.000000,8.000000,-1854541.328000,-328683.990000,-0.010000,18.905480,-1.353090,0.133650,-1.353090,0.133650,2185831.810950,0.001370,2185831.810950,0.001370,2290.136590,21.710420,0.513280,93.486880,0.612030,18388.611000
-69.786360,6926.900000,-69.810110,20240609065509.000000,8.000000,6693.764000,-344025.794000,0.068770,18.876840,-2.838030,0.830050,-2.838030,0.830050,1169296.867900,0.013050,1169296.867900,0.013050,2281.639810,2.834180,0.542220,7.186530,0.584210,18454.279000
20.531360,6926.900000,20.514220,20240609073731.000000,8.000000,-1757029.091000,-1446580.040000,0.356000,90.596940,0.879490,0.570030,0.879490,0.570030,-3721399.908190,0.004720,-22283214.800650,0.015520,2244.243700,2.255390,0.173270,10.023570,0.237560,18558.906000
-69.909090,6926.900000,-69.993110,20240609074029.000000,8.000000,-2831132.252000,-735857.457000,0.326230,80.862070,-0.480600,0.054860,-0.480600,0.054860,-2911450.430620,0.007080,-2911450.430620,0.007080,2239.322800,12.670420,0.492720,56.070950,0.576990,18717.481000
20.494550,6926.900000,20.490330,20240609074328.000000,8.000000,287618.623000,-1380784.025000,0.314230,132.258740,-0.342740,0.419380,-0.846360,0.540860,283956.375690,0.000980,182388.020430,0.008410,2234.872060,2.090770,0.618930,8.313850,0.719170,18625.280000
20.377270,6926.900000,20.391000,20240609074626.000000,8.000000,-2682249.045000,-666616.589000,0.325230,30.643500,-0.352960,0.045950,-0.352960,0.045950,7495418.778100,0.030320,4650214.755830,0.028350,2266.910060,3.153280,0.141040,22.655740,0.239340,18774.053000
28.611820,6926.900000,135.069670,20240609074924.000000,8.000000,-801582.273000,-877075.283000,-0.453540,130.071870,-0.395290,0.079510,-0.395290,0.079510,-5333080.341620,0.068020,-5333080.341620,0.068020,2266.101820,1.327770,0.660250,1.465380,0.650720,18678.654000
20.520000,6926.900000,20.529890,20240609075213.000000,8.000000,698676.521000,-102885.568000,-0.011780,18.935820,-0.332110,0.488240,-1.588320,0.606200,-1145273.322760,0.020500,-1055700.471590,0.020200,2261.195400,2.404580,0.604730,8.751130,0.679650,18918.946000
-68.737270,6926.900000,-69.605440,20240609075510.000000,8.000000,593123.540000,-450162.324000,0.068000,18.943570,-0.196440,0.260660,-0.196440,0.260660,34395.313300,0.000070,34395.313300,0.000070,2259.411930,1.695600,0.523680,5.835580,0.613030,18960.837000
21.010910,6926.900000,20.988440,20240609083731.000000,8.000000,-2147480.000000,-1443999.727000,0.355000,90.564940,-1.389780,0.917830,-1.389780,0.917830,460981.809260,0.007630,3076820.549780,0.027810,2156.957110,3.399840,0.238550,16.343370,0.343480,18318.000000
-69.657730,6926.900000,-70.061560,20240609084029.000000,8.000000,-1836736.500000,-848833.675000,0.326000,77.508460,-7.475250,0.953350,-7.475250,0.953350,3204502.620600,0.012070,3204502.620600,0.012070,2153.031520,8.267460,0.272880,8.565770,0.274710,18511.912000
21.087270,6926.900000,21.064330,20240609084327.000000,8.000000,-209721.955000,-1068200.021000,0.313770,132.551810,1.154090,0.703880,1.143640,0.683250,-44636.144420,0.016040,-260183.755430,0.052000,2140.866210,0.465450,0.041430,11.347570,0.160410,18327.697000
21.028180,6926.900000,21.059890,20240609084627.000000,8.000000,1970.731000,-259163.645000,0.325770,30.571860,-1.123650,0.910070,-6.249070,0.927280,-113.466110,0.001500,-113.466110,0.001500,2148.674700,1.498340,0.367520,6.747480,0.509340,18341.429000
27.561360,6926.900000,134.891870,20240609084924.000000,8.000000,-93474.556000,-305587.998000,-0.448950,129.032710,-0.985720,0.843830,-0.985720,0.843830,-1094.398080,0.001010,-1094.398080,0.001010,2131.660870,-1.461640,0.655690,-5.832770,0.721520,17919.754000
21.315000,6926.900000,21.340890,20240609085212.000000,8.000000,587300.160000,-502179.036000,-0.011000,18.983960,-0.259890,0.450260,-0.259890,0.450260,-532545.147700,0.001280,-532545.147700,0.001280,2114.706980,3.279630,0.629840,11.156930,0.704870,18231.274000
-69.879550,6926.900000,-69.630440,20240609085510.000000,8.000000,-1987245.000000,-1003934.928000,0.068000,18.974140,-2.372130,0.720450,-5.369840,0.731110,-3246818.914090,0.052460,-3246818.914090,0.052460,2117.349730,12.004740,0.662460,36.203030,0.735110,18488.703000
22.453180,6926.900000,22.429440,20240609093732.000000,8.000000,-1561803.636000,-898010.766000,0.354470,90.355310,-0.703800,0.469890,-0.703800,0.469890,22796991.858130,0.009790,169743495.691710,0.039650,2121.462120,4.868670,0.441030,30.564610,0.581850,18589.553000
-69.794550,6926.900000,-69.862000,20240609094029.000000,8.000000,-2733156.364000,-673196.241000,0.325000,73.244470,-0.374140,0.087250,-0.374140,0.087250,22858426.464840,0.019560,21736898.436300,0.023890,2120.832930,14.466810,0.647760,65.730930,0.757860,18856.421000
22.562270,6926.900000,22.530110,20240609094327.000000,8.000000,-1463515.839000,-1066352.377000,0.310470,132.802840,-0.498050,0.607020,-5.068340,0.840030,456574.466260,0.042050,456574.466260,0.042050,2122.549260,3.236940,0.486240,18.636010,0.622740,18691.910000
22.511360,6926.900000,22.603440,20240609094628.000000,8.000000,-1962769.091000,-1149292.415000,0.324220,31.314360,0.224390,0.130820,0.224390,0.130820,494975.839310,0.003870,494975.839310,0.003870,2122.032660,1.335200,0.049340,41.912580,0.245070,18846.809000
27.069090,6926.900000,134.890770,20240609094925.000000,8.000000,1960719.548000,-895266.626000,-0.465510,130.893360,0.072300,0.368980,0.072300,0.368980,1395691.126250,0.002530,1395691.126250,0.002530,2127.542800,3.914060,0.911470,4.820540,0.925940,18165.779000
22.705000,6926.900000,22.741780,20240609095212.000000,8.000000,-2623067.841000,-811379.657000,-0.010230,19.091240,-4.848750,0.835430,-12.710090,0.864250,-2721041.662050,0.060300,-2721041.662050,0.060300,2122.362370,33.724000,0.741330,89.471470,0.785440,18916.588000
-69.079550,6926.900000,-69.315110,20240609095511.000000,8.000000,1986637.686000,-1194604.313000,0.068000,19.084760,0.792810,0.736140,2.438650,0.805010,-5700832.541710,0.019110,-5153730.774430,0.018700,2123.317520,-3.949900,0.652530,-14.485670,0.744780,19109.026000
25.988180,6926.900000,25.929110,20240609103731.000000,8.000000,2054329.905000,-561181.117000,0.355230,89.567130,-0.148500,0.067830,-0.178390,0.056380,-28080708.352270,0.006440,-44218213.276860,0.007470,2081.759540,-0.832850,0.059620,-13.037500,0.188730,19612.921000
-69.273640,6926.900000,-69.575890,20240609104030.000000,8.000000,1521709.552000,-1341955.681000,0.324000,72.047890,0.207710,0.486100,0.898300,0.586360,-93647.738480,0.010600,-93647.738480,0.010600,2086.796400,-1.294390,0.180580,-6.984430,0.293840,20016.434000
25.980910,6926.900000,25.907560,20240609104330.000000,8.000000,-2147480.000000,-2011024.793000,0.312230,133.915530,0.936810,0.642840,0.948060,0.638620,-34885.104460,0.009920,-34346.871650,0.009950,2086.422010,0.512880,0.006720,5.041740,0.023120,19410.520000
26.216360,6926.900000,26.202890,20240609104629.000000,8.000000,-2147480.000000,-1951999.111000,0.324000,31.792670,-0.619730,0.795840,-1.769550,0.827470,-684322.211120,0.530560,-684322.211120,0.530560,2089.689150,6.474440,0.769290,18.241560,0.817670,18554.822000
30.902270,6926.900000,137.395270,20240609104929.000000,8.000000,-2147480.000000,-2046312.198000,-0.451760,132.138360,-1.616430,0.947480,-1.421350,0.545550,80212.289020,0.007790,80212.289020,0.007790,2090.787550,3.378950,0.856960,3.378950,0.856960,17818.936000
26.581360,6926.900000,26.608560,20240609105217.000000,8.000000,-2147480.000000,-2071711.478000,-0.009770,19.371570,-5.478740,0.707240,-14.158330,0.756950,357046.912500,0.111870,289881.765550,0.111330,2084.980780,20.333270,0.249760,21.020940,0.251300,19046.201000
-68.394090,6926.900000,-68.754330,20240609105515.000000,8.000000,-2147480.000000,-1634742.486000,0.067230,19.372060,-3.390280,0.857000,-9.338550,0.922090,451457.527120,0.018770,114369.222750,0.014370,2075.843520,18.485420,0.865070,51.390390,0.918060,18655.270000
28.058640,6926.900000,28.040890,20240609113731.000000,8.000000,-2638920.595000,-1219583.675000,0.354770,90.911110,-0.845490,0.220450,-0.845490,0.220450,-286062.146130,0.050720,-156811.903320,0.049420,2032.070850,5.232800,0.164250,35.253560,0.304150,18087.518000
-69.079550,6926.900000,-69.108560,20240609114030.000000,8.000000,-2147480.000000,-2114281.411000,0.322000,72.081540,-1.012070,0.632070,-3.867930,0.687620,-261551.442830,0.030200,-259869.786130,0.033290,2031.739760,9.865550,0.490250,61.293090,0.626050,18479.610000
28.536820,6926.900000,28.597330,20240609114328.000000,8.000000,-2537930.909000,-1835973.544000,0.312770,135.185110,-1.392550,0.867800,-1.392550,0.867800,-289365.369110,0.069320,-289365.369110,0.069320,2034.617230,6.480800,0.646810,31.642590,0.758090,18291.324000
27.375450,6926.900000,27.464670,20240609114627.000000,8.000000,-2147480.000000,-1956592.889000,0.323770,32.276370,-0.396490,0.296640,-0.396490,0.296640,-121385.428280,0.022230,-121385.428280,0.022230,2033.134310,4.238480,0.292960,4.393600,0.294810,18953.983000
31.602270,6926.900000,138.628350,20240609114926.000000,8.000000,-3123607.273000,-2005887.912000,-0.447560,133.617250,1.611360,0.823320,1.622960,0.823330,-0.000000,0.000000,-0.000000,0.000000,2033.707980,-7.152680,0.809270,-18.254630,0.922830,18485.457000
28.006820,6926.900000,27.995330,20240609115215.000000,8.000000,-2537930.909000,-1717984.000000,-0.010000,19.657260,-1.058000,0.095950,-1.058000,0.095950,675388.104740,0.039170,177530.465460,0.025630,2035.912660,35.515190,0.689290,100.305980,0.748790,18411.174000
-67.451820,6926.900000,-68.566780,20240609115513.000000,8.000000,-1981564.636000,-1597789.678000,0.068000,19.634960,-2.545800,0.791660,-5.605760,0.829730,-452549.319660,0.154590,-452549.319660,0.154590,2042.480600,12.255750,0.628320,33.900160,0.691930,18275.909000
