CHAMBER,,CHAMBER,,CHAMBER,LI-8100,LI-8100,CHAMBER,CHAMBER,LI-7810,LI-7810,LI-7810,LI-7810,LI-8100,LI-8100,LI-8100,LI-8100,LI-7810,LI-7810,LI-7810,LI-7810,LI-7810,LI-7810
TA initial_value,VOLUME_TOTAL,TA mean,TIMESTAMP_START,COLLAR_HEIGHT,H2O initial_value,H2O mean,V2 mean,V3 mean,FCH4 LIN,FCH4 LIN_R2,FCH4,FCH4 R2,FCO2_DRY,FCO2_DRY R2,FCO2_DRY LIN,FCO2_DRY LIN_R2,CH4 initial_value,FCO2 LIN,FCO2 LIN_R2,FCO2,FCO2 R2,H2O mean
[C],[cm+3],[C],[YYYYMMDDHHMMSS],[cm],[mmol+1 mol-1],[mmol+1 mol-1],[#],[#],[nmol+1m-2s-1],[#],[nmol+1m-2s-1],[#],[umol+1m-2s-1],[#],[umol+1m-2s-1],[#],[nmol+1 mol-1],[umol+1m-2s-1],[#],[umol+1m-2s-1],[#],[umol+1 mol-1]
27.698180,6926.900000,24.798790,20240603131600.000000,8.000000,1130.466000,-52554.229000,-0.536120,146.659680,-0.495060,0.947280,-0.503710,0.948420,1790.497690,0.001610,1790.497690,0.001610,2090.320960,8.292790,0.979770,12.574070,0.997950,23387.105000
24.993180,6926.900000,24.960890,20240603131847.000000,8.000000,197358.892000,18919.273000,0.223000,11.628520,0.078600,0.155390,-17.013540,0.034800,-3048177.892760,0.016570,-3101733.639320,0.016710,2088.889020,1.998640,0.756720,20.772140,0.912840,24334.597000
26.194550,6926.900000,26.275890,20240603132146.000000,8.000000,691605.920000,94002.883000,0.291000,146.563490,-0.044170,0.615720,-0.044170,0.615720,-53717488.836380,0.016010,-52869969.581990,0.016020,2095.036750,0.950780,0.981110,1.609510,0.994500,23689.877000
168.343640,6926.900000,175.869110,20240603132446.000000,8.000000,98670.340000,-16507.430000,0.462000,19.390170,-0.058610,0.437400,-0.058610,0.437400,34813.898200,0.001670,34813.898200,0.001670,2088.678890,2.657090,0.998230,2.881650,0.998340,23515.295000
25.172270,6926.900000,25.109440,20240603132745.000000,8.000000,-1084.496000,-24934.732000,0.408000,32.984390,-0.854640,0.983480,-0.854640,0.983480,-87167.250690,0.010160,-87167.250690,0.010160,2086.844150,8.680070,0.998540,8.680070,0.998540,22775.703000
-73.271360,6926.900000,-74.337670,20240603133045.000000,8.000000,-297158.515000,21118.179000,-0.479000,18.092630,-19.953850,0.990250,-19.953850,0.990250,559315.325650,0.007590,559315.325650,0.007590,2087.958910,338.327510,0.989150,338.327510,0.989150,24161.917000
-70.218640,6926.900000,-70.578440,20240603133348.000000,8.000000,-74683.214000,40062.455000,0.482000,18.659990,-0.777780,0.957350,-0.777780,0.957350,-8872023.110630,0.012800,-7266968.688080,0.017520,2090.176750,18.115620,0.996030,23.176180,0.998410,23335.854000
29.263640,6926.900000,25.448680,20240603141331.000000,8.000000,1627.887000,349175.724000,-0.536230,147.172250,-0.530390,0.902800,-2.421510,0.948840,-3245.187630,0.001300,-3245.187630,0.001300,2083.277610,9.440220,0.947720,27.897230,0.991660,23529.526000
25.893180,6926.900000,25.840780,20240603141619.000000,8.000000,881198.389000,29500.903000,0.222000,11.738470,-0.100280,0.967510,-0.215300,0.977410,3237148.818780,0.002010,3237148.818780,0.002010,2080.837550,0.778910,0.985520,1.284350,0.990400,24661.117000
26.118180,6926.900000,26.099110,20240603141918.000000,8.000000,2677.584000,-26705.157000,0.290000,147.102810,-0.189160,0.697290,-0.189160,0.697290,103750.099580,0.029530,102464.502420,0.029660,2085.269830,2.877240,0.985230,4.111780,0.981970,23916.064000
170.247730,6926.900000,176.509220,20240603142219.000000,8.000000,1040.883000,24978.342000,0.461000,19.807570,-0.084440,0.519720,-0.084440,0.519720,1174.622880,0.002600,1174.622880,0.002600,2082.970850,3.179150,0.987680,6.613280,0.997180,24203.205000
25.657270,6926.900000,25.592000,20240603142519.000000,8.000000,15780.113000,-18354.151000,0.408760,33.212710,-0.924370,0.981720,-0.924370,0.981720,-15535.429230,0.000200,-15535.429230,0.000200,2086.612520,10.008940,0.997040,10.008940,0.997040,23689.399000
-74.980000,6926.900000,-74.919330,20240603142819.000000,8.000000,24594.900000,19492.425000,-0.472260,18.281410,-15.563180,0.992640,-15.563180,0.992640,-207040.166560,0.021120,-270371.376520,0.054190,2086.226960,263.152560,0.992000,263.152560,0.992000,24124.912000
-70.523180,6926.900000,-70.735220,20240603143119.000000,8.000000,1066607.236000,50025.303000,0.480740,18.780830,0.050080,0.949320,0.050080,0.949320,-4647189.059390,0.002650,-23214959.474760,0.010510,2087.960040,-1.079800,0.999020,-1.140990,0.999100,23450.173000
28.147730,6926.900000,25.340220,20240603151331.000000,8.000000,-114611.681000,288228.938000,-0.536110,147.615180,-0.737480,0.933420,-0.750370,0.934860,-1816943.306590,0.007750,-1816943.306590,0.007750,2079.819280,12.602550,0.957780,22.744990,0.994920,23722.585000
25.371360,6926.900000,25.328220,20240603151618.000000,8.000000,913911.069000,134662.328000,0.221770,11.848110,-0.068990,0.963390,-0.068990,0.963390,-20986359.938420,0.016150,-20986359.938420,0.016150,2074.375820,0.519660,0.981280,0.519660,0.981280,24575.081000
25.809090,6926.900000,25.798220,20240603151916.000000,8.000000,158233.596000,122303.274000,0.289760,147.644510,-0.024240,0.036190,-0.024240,0.036190,352754.812060,0.003960,352754.812060,0.003960,2080.171540,3.024280,0.980370,5.013400,0.991270,23907.409000
172.853180,6926.900000,176.763110,20240603152216.000000,8.000000,-193650.187000,-50904.110000,0.460000,19.925760,-0.159230,0.713690,-0.159230,0.713690,-828083.559760,0.027140,-828083.559760,0.027140,2093.353340,3.486670,0.977160,8.218210,0.991640,24223.175000
25.616360,6926.900000,25.600220,20240603152517.000000,8.000000,-5115.239000,-13840.498000,0.407760,33.542310,-0.879180,0.980330,-0.879180,0.980330,-117206.984010,0.002950,-70372.124320,0.005480,2081.959100,8.864590,0.997130,8.864590,0.997130,23854.051000
-74.442270,6926.900000,-74.303330,20240603152816.000000,8.000000,951.456000,26479.688000,-0.472000,18.431580,-16.342980,0.993410,-16.342980,0.993410,337.405070,0.002740,337.405070,0.002740,2084.727160,275.250660,0.991260,275.250660,0.991260,24162.412000
-70.105910,6926.900000,-70.400670,20240603153117.000000,8.000000,-193730.024000,-59418.842000,0.481000,18.916880,-0.822430,0.954310,-0.822430,0.954310,-515387.758310,0.000170,-515387.758310,0.000170,2086.718690,18.990380,0.997660,22.532340,0.998960,23777.481000
28.697730,6926.900000,24.850880,20240603161331.000000,8.000000,-193221.644000,221377.736000,-0.537000,147.673130,-0.635730,0.933290,-1.799770,0.957270,339664.911440,0.007590,339664.911440,0.007590,2080.213100,10.505430,0.944110,37.311930,0.996410,23691.384000
24.676360,6926.900000,24.599670,20240603161618.000000,8.000000,98300.253000,-31339.758000,0.221000,11.926240,-1.121900,0.987820,-1.121900,0.987820,342947.613060,0.001580,342947.613060,0.001580,2068.196580,9.713590,0.988200,9.713590,0.988200,24619.740000
24.998180,6926.900000,24.938110,20240603161917.000000,8.000000,400815.153000,33351.784000,0.288740,147.703940,-0.072200,0.479690,-0.072200,0.479690,-2030654.217300,0.012610,-2030654.217300,0.012610,2076.629680,1.418090,0.947200,3.085010,0.970660,23831.807000
177.038640,6926.900000,176.892000,20240603162219.000000,8.000000,-406066.079000,34749.262000,0.460000,19.941360,-0.058840,0.190510,-0.058840,0.190510,-1141702.533440,0.011800,-1983456.539420,0.014410,2072.626590,4.146120,0.970860,11.699910,0.992480,24406.890000
24.530910,6926.900000,24.510110,20240603162519.000000,8.000000,600184.193000,44869.918000,0.406000,32.794890,-0.347810,0.979320,-0.347810,0.979320,-12869070.905590,0.000060,-7088249.552700,0.000180,2072.107390,3.448880,0.995610,3.448880,0.995610,23777.191000
-75.385000,6926.900000,-75.136330,20240603162818.000000,8.000000,-162004.001000,-56582.296000,-0.483490,18.504070,-16.924230,0.989020,-16.924230,0.989020,301291.323320,0.016040,301291.323320,0.016040,2069.142310,282.826920,0.986750,282.826920,0.986750,23702.383000
-70.587730,6926.900000,-70.889890,20240603163121.000000,8.000000,1485.021000,29418.668000,0.481000,18.983870,-0.971230,0.971450,-0.971230,0.971450,-1449.388160,0.008720,-1432.581660,0.008520,2063.537860,15.077390,0.992480,21.686510,0.998570,23511.478000
28.906360,6926.900000,24.080000,20240603171331.000000,8.000000,-187674.313000,309392.589000,-0.537120,147.423300,-0.944350,0.917390,-0.944350,0.917390,-265794.867940,0.004030,-265794.867940,0.004030,2072.180940,16.142010,0.963070,47.595120,0.997730,23566.778000
23.732270,6926.900000,23.702780,20240603171619.000000,8.000000,36118.442000,36160.541000,0.220000,11.965790,-0.220620,0.481860,-5.379330,0.538870,-856966.053180,0.193070,-530579.620860,0.027610,2082.030380,6.661000,0.984600,10.854400,0.986490,24272.282000
24.147270,6926.900000,24.077330,20240603171920.000000,8.000000,486533.513000,65580.660000,0.288000,147.314200,-0.135120,0.791430,-0.135120,0.791430,1476816.647770,0.015200,2268525.450450,0.017570,2121.397340,1.617720,0.977860,2.070730,0.978890,23640.838000
170.447270,6926.900000,176.413440,20240603172220.000000,8.000000,110732.159000,19283.105000,0.458240,19.908130,-0.119900,0.741740,-0.119900,0.741740,-146893.880400,0.017030,-146893.880400,0.017030,2075.458670,2.581160,0.974870,7.060070,0.990530,24192.354000
23.848180,6926.900000,23.809330,20240603172522.000000,8.000000,987.915000,5215.324000,0.404000,33.118800,-0.045590,0.100900,-0.045590,0.100900,-154.348600,0.013060,-154.348600,0.013060,2089.252140,8.536690,0.996990,8.536690,0.996990,23912.814000
-74.980000,6926.900000,-75.058000,20240603172821.000000,8.000000,2013.575000,-26168.846000,-0.489260,18.483670,-16.442770,0.994030,-16.442770,0.994030,-143729.674680,0.277290,-89242.131270,0.035080,2109.173330,265.087750,0.992640,265.087750,0.992640,23614.179000
-70.980000,6926.900000,-71.075560,20240603173123.000000,8.000000,-44726.483000,26283.421000,0.480000,19.002140,-0.733620,0.937000,-0.733620,0.937000,-335431.463390,0.015520,-335431.463390,0.015520,2080.480050,18.136730,0.999080,19.830400,0.999300,23921.405000
27.511360,6926.900000,24.149120,20240603181331.000000,8.000000,51156.455000,462339.062000,-0.536230,147.106580,-0.805810,0.946100,-0.805810,0.946100,26503.294520,0.002100,26503.294520,0.002100,2082.155200,13.271050,0.967640,32.084170,0.997310,23647.892000
23.977730,6926.900000,23.901220,20240603181620.000000,8.000000,-290912.637000,59851.216000,0.219230,12.011780,-1.634590,0.957750,-5.127760,0.987280,1891417.263840,0.009350,1891417.263840,0.009350,2072.856250,13.529440,0.976470,35.877630,0.997760,24781.345000
24.343640,6926.900000,24.268890,20240603181919.000000,8.000000,570.384000,-35305.297000,0.288000,147.111170,-0.282030,0.839230,-0.282030,0.839230,2312.275650,0.078710,2609.403840,0.099960,2089.215510,3.646400,0.987140,4.873080,0.989120,23737.458000
176.905910,6926.900000,176.466330,20240603182219.000000,8.000000,-186.433000,-15310.681000,0.458740,19.886110,-0.013080,0.025080,-0.013150,0.025030,-6499.325250,0.114400,-6499.325250,0.114400,2091.853630,3.880730,0.991800,6.249250,0.997320,24510.116000
24.032270,6926.900000,23.992000,20240603182520.000000,8.000000,1067.380000,28070.489000,0.404000,32.976830,-0.776220,0.972060,-0.776220,0.972060,857.160000,0.000960,857.160000,0.000960,2095.895920,9.306390,0.996120,9.306390,0.996120,24559.711000
-73.099550,6926.900000,-74.947330,20240603182821.000000,8.000000,801.328000,44998.610000,-0.489000,18.471130,-15.231590,0.992130,-15.231590,0.992130,-887.381940,0.020450,-887.381940,0.020450,2091.559470,251.655960,0.991070,251.655960,0.991070,24290.054000
-70.980000,6926.900000,-70.980440,20240603183122.000000,8.000000,657.472000,86199.130000,0.479260,19.035000,-0.594390,0.926690,-0.594390,0.926690,16562.829020,0.001260,83.586080,0.000030,2076.766670,16.393380,0.999080,16.422250,0.999080,24270.187000
28.118640,6926.900000,23.705490,20240603191331.000000,8.000000,99297.538000,271136.521000,-0.536230,147.055680,-0.777040,0.967950,-1.397000,0.979300,-87418.532860,0.000180,-87418.532860,0.000180,2078.005370,12.211340,0.976200,24.478810,0.996400,23546.138000
23.442270,6926.900000,23.350220,20240603191618.000000,8.000000,23927.753000,84978.024000,0.219000,12.037140,-1.168570,0.975420,-2.838860,0.990650,76955.213730,0.007480,723966.900040,0.037900,2057.464160,8.965840,0.978530,23.881670,0.998740,24306.769000
23.730450,6926.900000,23.655670,20240603191917.000000,8.000000,-3801.556000,19121.908000,0.288000,147.111000,-0.196230,0.703180,-0.196230,0.703180,14260.786230,0.000020,14260.786230,0.000020,2070.318880,3.582740,0.988120,4.544560,0.990150,23569.494000
168.869550,6926.900000,176.029220,20240603192217.000000,8.000000,27.139000,-4948.633000,0.458000,19.854240,-0.024860,0.075410,-0.024860,0.075410,5336.992490,0.021640,5336.992490,0.021640,2061.630730,3.140620,0.950230,9.033110,0.989830,24175.471000
23.478640,6926.900000,23.427440,20240603192518.000000,8.000000,40919.397000,74305.663000,0.403000,33.175410,-1.192760,0.986220,-1.192760,0.986220,-2418366.289470,0.010810,-2418366.289470,0.010810,2091.679450,8.094600,0.995610,8.094600,0.995610,23981.822000
-75.835000,6926.900000,-75.311000,20240603192818.000000,8.000000,8805.110000,-75652.949000,-0.492260,18.482700,-15.184640,0.990580,-15.184640,0.990580,-53470.612410,0.009120,-53470.612410,0.009120,2076.358980,258.105770,0.988910,258.105770,0.988910,23849.058000
-71.121820,6926.900000,-71.107560,20240603193118.000000,8.000000,1166.258000,59553.075000,0.479000,19.052710,-0.879630,0.967660,-0.879630,0.967660,5393.096070,0.000320,5393.096070,0.000320,2081.116530,17.330850,0.995610,22.021120,0.997850,23765.397000
26.185910,6926.900000,22.856920,20240603201331.000000,8.000000,171850.345000,56021.109000,-0.536000,146.866220,-0.605870,0.975130,-0.605870,0.975130,-209452.091210,0.005270,-209452.091210,0.005270,2142.848320,10.560810,0.981350,23.529380,0.997030,23362.952000
22.591820,6926.900000,22.527890,20240603201620.000000,8.000000,336195.431000,-4314.556000,0.218000,12.042160,-0.701150,0.981280,-0.701150,0.981280,2721915.338460,0.003350,2721915.338460,0.003350,2108.304490,4.098480,0.985110,4.098480,0.985110,23993.669000
22.821360,6926.900000,22.753110,20240603201919.000000,8.000000,549.269000,48102.886000,0.288000,146.845400,-0.318480,0.853540,-0.318480,0.853540,-3041.142500,0.016060,-3041.142500,0.016060,2102.336710,3.508720,0.986620,4.803530,0.990410,23357.339000
169.223180,6926.900000,175.704890,20240603202220.000000,8.000000,1007.788000,49597.291000,0.457240,19.797230,0.019490,0.050540,0.090140,0.036680,6.144030,0.001140,6.144030,0.001140,2095.931370,3.240940,0.961000,11.741090,0.994120,23891.320000
22.580000,6926.900000,22.540330,20240603202519.000000,8.000000,4973.087000,-31279.981000,0.401760,33.135170,-0.783550,0.973430,-0.783550,0.973430,-17810.050380,0.002550,-20754.099340,0.002750,2092.964430,8.524090,0.995980,8.524090,0.995980,23891.806000
-75.365450,6926.900000,-75.740670,20240603202818.000000,8.000000,6376.701000,20894.500000,-0.499260,18.435620,-13.606030,0.988890,-13.606030,0.988890,-56774.223900,0.045160,-89419.185230,0.054320,2089.816750,228.987070,0.987370,228.987070,0.987370,23401.641000
-71.722270,6926.900000,-71.524670,20240603203121.000000,8.000000,-157481.536000,-17127.288000,0.479000,19.045830,-0.685100,0.930200,-0.685100,0.930200,-925399.944970,0.011780,-838141.293710,0.014030,2091.721320,19.398860,0.996890,22.814840,0.998020,23601.230000
26.174550,6926.900000,21.788680,20240603211331.000000,8.000000,821.893000,121067.334000,-0.536120,146.563650,-0.459150,0.943610,-0.459150,0.943610,-479.448350,0.001210,-479.448350,0.001210,2111.477370,11.704270,0.969760,26.111470,0.996730,22986.676000
21.530000,6926.900000,21.498560,20240603211619.000000,8.000000,266570.729000,55028.778000,0.217230,12.049980,0.164800,0.408680,0.164800,0.408680,151678.062070,0.002410,6423306.041500,0.053020,2108.739160,3.390970,0.969110,8.534170,0.984300,23244.384000
21.620000,6926.900000,21.588330,20240603211917.000000,8.000000,293121.702000,74277.661000,0.287000,146.405670,1.047610,0.952280,1.047610,0.952280,937587.362660,0.010930,937490.202460,0.011020,2166.930310,1.333230,0.950650,3.595190,0.984030,22981.061000
164.517270,6926.900000,175.234000,20240603212218.000000,8.000000,15945.335000,60388.351000,0.457000,19.710490,-0.344990,0.940160,-0.344990,0.940160,-88048.719150,0.017760,-88048.719150,0.017760,2246.622410,2.822250,0.983160,6.056780,0.994830,23050.261000
21.337270,6926.900000,21.321890,20240603212518.000000,8.000000,1089956.487000,140979.550000,0.400000,32.603610,0.077560,0.973630,0.077560,0.973630,10627461.134170,0.002590,10627461.134170,0.002590,2213.908260,-0.712990,0.995480,-0.712990,0.995480,22936.029000
-75.835000,6926.900000,-75.842670,20240603212817.000000,8.000000,879.250000,57000.427000,-0.507740,18.343970,-12.804410,0.987170,-12.804410,0.987170,-653.374210,0.003790,-653.374210,0.003790,2191.877130,193.268600,0.985860,193.268600,0.985860,22513.710000
-71.367270,6926.900000,-71.509890,20240603213118.000000,8.000000,1255.827000,962.314000,0.478000,19.011190,-0.824160,0.960030,-0.824160,0.960030,6745.508640,0.029520,6745.508640,0.029520,2135.247260,15.060020,0.994810,17.410170,0.995540,22684.014000
26.174550,6926.900000,20.988680,20240603221331.000000,8.000000,670.810000,126205.621000,-0.536000,146.045300,-0.778970,0.982490,-0.778970,0.982490,466.380570,0.001930,1130.050440,0.003410,2139.707730,12.613370,0.991400,17.860900,0.998110,22579.290000
20.732270,6926.900000,20.720440,20240603221618.000000,8.000000,-280848.030000,240377.659000,0.217000,12.016100,-1.019430,0.976240,-1.019430,0.976240,549529.299420,0.000440,549529.299420,0.000440,2157.290080,4.490010,0.969810,14.224490,0.991860,22518.572000
20.819550,6926.900000,20.786000,20240603221917.000000,8.000000,781306.188000,151134.129000,0.287000,146.071200,-0.030110,0.585190,-0.030110,0.585190,-3843630.600640,0.003690,-3843630.600640,0.003690,2142.362450,0.672640,0.992190,0.774920,0.993170,22555.449000
162.672730,6926.900000,174.607670,20240603222217.000000,8.000000,114890.290000,193825.049000,0.457000,19.597390,0.117820,0.632220,0.118860,0.630170,-2418576.230270,0.013980,-396559.564680,0.008300,2155.068350,2.379550,0.966720,5.281600,0.989230,22409.997000
20.675000,6926.900000,20.639780,20240603222517.000000,8.000000,-388705.676000,108598.903000,0.397760,33.180800,-0.791000,0.916710,-1.800700,0.926560,-21844.715300,0.000160,-842757.938600,0.003920,2176.409100,10.550660,0.991470,10.550660,0.991470,22257.650000
-75.970000,6926.900000,-75.937890,20240603222816.000000,8.000000,234149.997000,72022.494000,-0.511260,18.222600,-10.765580,0.990820,-10.765580,0.990820,-645145.205050,0.005210,-881622.090660,0.007920,2209.037680,169.299380,0.986990,169.299380,0.986990,21920.286000
-71.250910,6926.900000,-71.691780,20240603223116.000000,8.000000,5000.946000,69943.148000,0.478000,18.949270,-0.845800,0.964660,-0.845800,0.964660,-8588.796040,0.000900,-8588.796040,0.000900,2104.479740,17.948590,0.993180,17.948590,0.993180,22105.922000
24.325000,6926.900000,20.501100,20240603231331.000000,8.000000,-96867.535000,259271.335000,-0.535880,145.499000,-0.708920,0.904330,-0.626430,0.739770,-919531.887970,0.017230,-1549137.518330,0.020660,2161.078460,12.380010,0.962990,28.689630,0.995780,22296.575000
20.320450,6926.900000,20.317440,20240603231619.000000,8.000000,831.601000,275543.386000,0.217000,11.983760,-0.857690,0.978820,-1.486750,0.984160,15.215080,0.000010,15.215080,0.000010,2166.685400,4.615240,0.980580,10.089270,0.991580,22175.622000
20.352270,6926.900000,20.349780,20240603231919.000000,8.000000,360514.193000,284933.531000,0.286000,145.592170,-0.281990,0.950160,-0.281990,0.950160,-5808371.763780,0.013160,-5808371.763780,0.013160,2173.010410,2.058030,0.993360,2.519000,0.994800,22281.375000
158.780450,6926.900000,174.070890,20240603232221.000000,8.000000,59531.177000,653671.639000,0.457000,19.478020,-0.070430,0.495130,-0.070430,0.495130,-79709.698090,0.001040,-79709.698090,0.001040,2155.104080,3.009350,0.974270,7.756790,0.993250,22095.084000
20.243640,6926.900000,20.218890,20240603232521.000000,8.000000,1950964.578000,509737.589000,0.396760,33.881570,0.644020,0.970890,0.644020,0.970890,15294799.719980,0.000730,943700.284510,0.000050,2156.941740,-7.726020,0.986360,-7.726020,0.986360,21962.342000
-74.313640,6926.900000,-75.930670,20240603232820.000000,8.000000,1388188.856000,322279.051000,-0.513000,18.118900,4.574850,0.988280,4.574850,0.988280,32356657.984240,0.012490,32356657.984240,0.012490,2189.442790,-74.386670,0.985710,-74.386670,0.985710,21595.186000
-71.824550,6926.900000,-71.741670,20240603233120.000000,8.000000,-8379.077000,527415.061000,0.478000,18.875630,-1.044150,0.975840,-1.044150,0.975840,79747.541150,0.039000,78049.689990,0.039190,2164.105280,17.473490,0.997100,18.168310,0.997150,21898.590000
24.927730,6926.900000,20.305930,20240604000616.000000,8.000000,618042.889000,219205.243000,-0.536600,144.841790,-0.338900,0.968550,-0.338900,0.968550,-2867689.824580,0.002410,-2867689.824580,0.002410,2203.429110,4.501720,0.983190,7.703660,0.997690,22060.328000
20.100000,6926.900000,20.097330,20240604000904.000000,8.000000,-185100.568000,612924.653000,0.216230,11.933640,-1.199600,0.972430,-1.199600,0.972430,-23385.916790,0.002660,-223225.807000,0.014700,2199.077790,6.785560,0.966290,6.785560,0.966290,22012.527000
20.169090,6926.900000,20.157220,20240604001203.000000,8.000000,1284362.750000,442991.705000,0.286000,145.161970,0.103600,0.915520,0.161460,0.781060,12088955.038030,0.054420,12088955.038030,0.054420,2177.811310,-0.998140,0.992990,-1.425730,0.996990,22130.863000
165.858180,6926.900000,174.004220,20240604001504.000000,8.000000,106172.281000,279927.476000,0.457000,19.382660,-0.068070,0.521360,-0.068070,0.445610,-38069.082110,0.000450,-38069.082110,0.000450,2175.350190,2.506850,0.971620,6.279140,0.988580,21964.202000
20.018640,6926.900000,19.997440,20240604001806.000000,8.000000,1073981.175000,807625.419000,0.395760,32.926610,0.063650,0.975730,0.063650,0.975730,-1442283.396010,0.001820,-1132545.337470,0.001740,2182.758700,-0.544700,0.991350,-0.544700,0.991350,21801.753000
-75.970000,6926.900000,-75.983330,20240604002105.000000,8.000000,295116.053000,578830.183000,-0.513260,18.040070,-8.091210,0.986680,-8.091210,0.986680,-1093400.176980,0.001960,-1093400.176980,0.001960,2177.613900,131.425700,0.984250,131.425700,0.984250,21444.094000
-71.690000,6926.900000,-71.706780,20240604002405.000000,8.000000,879293.214000,392482.229000,0.477000,18.824460,-0.083470,0.948180,-0.083470,0.948180,1668133.126470,0.002000,1668133.126470,0.002000,2194.879250,1.854720,0.998430,2.143380,0.999030,21739.253000
23.497730,6926.900000,20.116370,20240604002708.000000,8.000000,110772.251000,486990.098000,-0.493690,145.387900,-0.804950,0.964270,-0.804950,0.964270,-233290.881180,0.000330,-233290.881180,0.000330,2189.863240,11.363820,0.972400,22.081360,0.997290,22186.050000
19.950000,6926.900000,19.959220,20240604002955.000000,8.000000,1074066.999000,433413.538000,0.216770,11.918730,0.064640,0.968000,0.136160,0.978020,-2872636.245790,0.007240,-2872636.245790,0.007240,2188.640590,-0.477580,0.987800,-0.822300,0.993640,21982.325000
20.022730,6926.900000,20.003000,20240604003254.000000,8.000000,-125994.853000,719073.248000,0.286000,145.528540,-0.533900,0.952520,-0.533900,0.952520,-92560.679960,0.001130,-92560.679960,0.001130,2195.234220,3.513480,0.992640,3.805430,0.992770,22115.742000
159.171820,6926.900000,173.943670,20240604003556.000000,8.000000,255901.645000,316785.738000,0.457000,19.348560,-0.016210,0.088670,-0.016210,0.088670,-93649.263620,0.000050,-93649.263620,0.000050,2178.539780,2.510630,0.987300,4.676490,0.994360,21951.025000
19.930450,6926.900000,19.903560,20240604003855.000000,8.000000,1177008.354000,594368.442000,0.395000,33.151240,0.168120,0.983320,0.168120,0.983320,2198548.180380,0.059350,2198548.180380,0.059350,2186.082300,-1.440580,0.994720,-1.440580,0.994720,21793.422000
-75.098180,6926.900000,-75.974890,20240604004155.000000,8.000000,678911.145000,661859.815000,-0.514260,17.948980,-3.768530,0.984620,-3.768530,0.984620,9352923.101420,0.003800,9352923.101420,0.003800,2179.457090,60.968960,0.983360,60.968960,0.983360,21464.921000
-72.093640,6926.900000,-71.822560,20240604004455.000000,8.000000,781129.958000,578344.071000,0.477000,18.799760,-0.190730,0.965970,-0.190730,0.965970,824933.251920,0.000590,824933.251920,0.000590,2237.204300,3.494070,0.985820,5.324580,0.992290,21731.263000
24.047730,6926.900000,19.884950,20240604012707.000000,8.000000,401510.949000,187794.608000,-0.535350,144.996840,-0.393210,0.929650,-0.393210,0.929650,64411.531690,0.000030,64411.531690,0.000030,2162.631290,6.900480,0.963240,15.775940,0.995160,21930.432000
19.688640,6926.900000,19.703110,20240604012957.000000,8.000000,-504552.551000,731435.953000,0.216000,11.874980,-1.149200,0.978480,-1.149200,0.978480,-388662.187240,0.001180,-388662.187240,0.001180,2169.330520,7.429490,0.990930,10.008900,0.992210,21711.205000
19.742270,6926.900000,19.731000,20240604013256.000000,8.000000,131320.149000,299169.395000,0.286000,144.907300,-0.147480,0.851530,-0.149420,0.850760,-4218326.698750,0.001540,-4218326.698750,0.001540,2166.579880,2.815370,0.994840,3.345140,0.996050,21899.185000
166.969550,6926.900000,173.832330,20240604013556.000000,8.000000,565672.412000,405990.369000,0.457000,19.252320,-0.000710,0.000510,-0.000710,0.000510,19123247.847030,0.018570,19013055.694050,0.018600,2175.188930,1.278110,0.985630,2.486870,0.994410,21662.360000
19.573180,6926.900000,19.567560,20240604013856.000000,8.000000,820779.019000,527764.882000,0.395000,33.301170,-0.118880,0.971520,-0.118880,0.971520,2752790.342910,0.112610,2752790.342910,0.112610,2174.970160,1.286050,0.993740,1.286050,0.993740,21490.473000
-75.854090,6926.900000,-76.271440,20240604014156.000000,8.000000,667381.115000,896346.489000,-0.515000,17.921530,-3.814650,0.989190,-3.814650,0.989190,-3315567.357120,0.038520,-3286695.112960,0.038620,2192.254560,61.040210,0.987200,61.040210,0.987200,21176.645000
-71.394090,6926.900000,-71.873890,20240604014456.000000,8.000000,1625592.503000,765687.008000,0.477000,18.743330,0.612620,0.972680,0.612620,0.972680,-5315649.062600,0.001840,-5243219.854350,0.001850,2212.196620,-9.980560,0.998670,-11.523910,0.999450,21455.697000
24.404090,6926.900000,19.579450,20240604022706.000000,8.000000,1452889.794000,755984.823000,-0.535350,144.654200,0.405480,0.984800,0.405480,0.984800,-511982.763630,0.004320,-511982.763630,0.004320,2248.047010,-5.110860,0.983990,-7.127900,0.992560,21708.548000
19.335450,6926.900000,19.364780,20240604022953.000000,8.000000,2250556.456000,867526.682000,0.216000,11.830630,0.920600,0.954770,2.377180,0.973980,-7094331.385790,0.013550,-7048382.771920,0.013660,2220.530680,-4.610330,0.913080,-20.148370,0.988450,21355.471000
19.356360,6926.900000,19.360110,20240604023254.000000,8.000000,612792.812000,668489.300000,0.286000,144.883760,0.033550,0.405070,0.033550,0.405070,429980.070520,0.006240,429980.070520,0.006240,2214.310620,1.298660,0.993640,1.597250,0.995270,21651.203000
153.847270,6926.900000,173.011670,20240604023554.000000,8.000000,1558112.394000,789481.949000,0.457000,19.157810,0.097200,0.841000,0.098560,0.842160,1993239.990990,0.011900,1990371.502260,0.011900,2240.366690,-1.601700,0.976730,-3.586230,0.991240,21347.403000
19.288180,6926.900000,19.275000,20240604023854.000000,8.000000,776184.117000,555426.356000,0.395240,33.421730,-0.171920,0.968620,-0.171920,0.968620,-1298419.120240,0.011880,-1298419.120240,0.011880,2214.379810,1.543030,0.991750,1.543030,0.991750,21169.915000
-75.751360,6926.900000,-76.029670,20240604024153.000000,8.000000,41686.279000,1053684.743000,-0.517000,17.836200,-10.722470,0.989320,-10.722470,0.989320,-153216.090360,0.015790,-153216.090360,0.015790,2219.978430,173.275960,0.987380,173.275960,0.987380,20891.173000
-71.690000,6926.900000,-71.863670,20240604024453.000000,8.000000,-384248.043000,740050.188000,0.477000,18.675020,-1.250840,0.969900,-1.250840,0.969900,-296863.519030,0.000240,-296863.519030,0.000240,2228.578090,20.397950,0.997960,20.397950,0.997960,21174.293000
22.915450,6926.900000,19.389560,20240604032707.000000,8.000000,2399595.999000,284007.630000,-0.535000,143.115040,0.843630,0.916480,2.904180,0.974810,-37337407.366910,0.010270,-65576074.565730,0.028250,2218.329480,-15.565730,0.964090,-35.458740,0.992510,21549.839000
19.232270,6926.900000,19.253670,20240604032954.000000,8.000000,1370504.178000,882153.473000,0.216000,11.792740,0.182190,0.917340,0.555360,0.947050,-3186690.778050,0.014570,-3186690.778050,0.014570,2207.026480,-1.505000,0.973710,-3.565680,0.984920,21183.189000
19.270450,6926.900000,19.283890,20240604033253.000000,8.000000,1817086.298000,767160.662000,0.286000,144.368480,0.298860,0.932100,0.298860,0.932100,-1031023.476620,0.000870,-1031023.476620,0.000870,2211.832060,-2.508840,0.996730,-2.753450,0.997010,21508.407000
166.960910,6926.900000,173.228890,20240604033553.000000,8.000000,329210.991000,752751.156000,0.457000,19.065940,-0.001600,0.004370,-0.001600,0.004370,5291385.330540,0.009850,41786102.964800,0.042180,2203.096990,1.812000,0.973310,4.790300,0.991250,21211.917000
19.172270,6926.900000,19.174110,20240604033854.000000,8.000000,849963.606000,898947.838000,0.396000,33.232560,-0.103540,0.968980,-0.103540,0.968980,201967.519230,0.000380,201967.519230,0.000380,2212.239200,1.068610,0.993200,1.068610,0.993200,20985.654000
-75.655000,6926.900000,-76.092440,20240604034154.000000,8.000000,586085.979000,922443.483000,-0.517260,17.761880,-4.757120,0.988980,-4.757120,0.988980,-3451123.445920,0.025280,-3451123.445920,0.025280,2217.873780,76.730340,0.988360,76.730340,0.988360,20742.681000
-71.690000,6926.900000,-71.690330,20240604034454.000000,8.000000,1503605.856000,807083.634000,0.477000,18.620970,0.153880,0.746280,0.595150,0.811880,2851319.646450,0.001230,2851319.646450,0.001230,2232.837290,-7.169860,0.997510,-8.059590,0.998030,20970.931000
23.589550,6926.900000,19.123850,20240604042707.000000,8.000000,-552844.414000,353598.301000,-0.535000,144.061180,-1.160590,0.977440,-1.160590,0.977440,13638.108840,0.000720,1739221.769760,0.046360,2280.589280,16.333190,0.939630,47.776940,0.995920,21329.170000
18.936820,6926.900000,18.965670,20240604042955.000000,8.000000,-291755.009000,617691.118000,0.215230,11.739230,-1.408720,0.957830,-4.291370,0.986700,660392.102140,0.001890,668890.750170,0.001960,2265.818380,8.640430,0.954020,29.363440,0.996740,20885.923000
18.973640,6926.900000,18.984670,20240604043253.000000,8.000000,1759331.974000,680813.009000,0.285740,144.204330,0.155310,0.848540,0.155310,0.848540,-1506373.472060,0.005420,-1506373.472060,0.005420,2263.783800,-2.628440,0.997010,-3.148250,0.997630,21269.718000
161.864090,6926.900000,172.862110,20240604043554.000000,8.000000,-205496.587000,656388.852000,0.457000,18.977520,-0.060570,0.611140,-0.060860,0.610840,2220.136350,0.000000,2220.136350,0.000000,2264.660660,3.415130,0.958100,8.115620,0.984540,20904.864000
18.866360,6926.900000,18.860440,20240604043854.000000,8.000000,785442.825000,810360.666000,0.396240,32.894020,-0.154570,0.978950,-0.154570,0.978950,-722905.734090,0.001840,-724764.263990,0.001870,2265.344800,1.791690,0.994540,1.791690,0.994540,20699.047000
-76.650910,6926.900000,-76.748110,20240604044153.000000,8.000000,1448203.791000,863179.823000,-0.517260,17.680590,5.962850,0.987070,5.962850,0.987070,1283970.208810,0.000260,14680665.752100,0.007040,2287.140510,-92.756410,0.985180,-92.756410,0.985180,20432.736000
-72.295450,6926.900000,-72.127110,20240604044454.000000,8.000000,-233116.915000,706971.512000,0.475740,18.553230,-0.519550,0.897640,-0.519550,0.897640,-1080287.754490,0.004520,-1080287.754490,0.004520,2249.503090,18.647290,0.995530,26.144690,0.998990,20727.736000
21.926360,6926.900000,18.949340,20240604052706.000000,8.000000,2050478.631000,335891.127000,-0.535000,143.736880,0.943890,0.969390,0.943890,0.969390,-131736238.186580,0.034770,-131736238.186580,0.034770,2269.272770,-13.252180,0.966580,-20.147250,0.992710,21167.942000
18.840000,6926.900000,18.858110,20240604052954.000000,8.000000,920873.149000,934095.503000,0.215000,11.691080,0.075140,0.906980,0.082350,0.913080,699727.519550,0.002850,699727.519550,0.002850,2288.236000,0.184540,0.901830,0.314670,0.671010,20738.434000
18.776820,6926.900000,18.794220,20240604053253.000000,8.000000,-321011.525000,975671.308000,0.286000,143.606330,-0.658380,0.959990,-0.658380,0.959990,-784080.849550,0.002110,-784080.849550,0.002110,2326.303890,4.297550,0.991220,6.534330,0.996630,21075.585000
151.673640,6926.900000,171.964560,20240604053554.000000,8.000000,2286482.117000,850409.000000,0.457000,18.887600,0.176970,0.842120,0.176970,0.842120,-656326.570760,0.000750,-656326.570760,0.000750,2304.015690,-4.338300,0.994030,-6.221440,0.996740,20686.577000
18.724090,6926.900000,18.717000,20240604053854.000000,8.000000,1562127.235000,925600.343000,0.397000,33.397110,0.533680,0.990890,0.533680,0.990890,1106228.780720,0.008010,1225234.459830,0.009040,2297.995410,-3.980300,0.997100,-3.980300,0.997100,20471.767000
-76.403640,6926.900000,-76.727440,20240604054154.000000,8.000000,1635404.436000,703035.676000,-0.519000,17.613420,7.656680,0.987150,7.656680,0.987150,838243.695590,0.017040,1249263.857940,0.019460,2295.736270,-117.112830,0.986430,-117.112830,0.986430,20264.861000
-72.430000,6926.900000,-72.397110,20240604054455.000000,8.000000,103288.964000,943414.535000,0.476000,18.487430,-0.441410,0.930910,-0.441410,0.930910,37211.810870,0.003920,37211.810870,0.003920,2291.491930,13.203610,0.997840,15.519110,0.998750,20538.537000
22.719550,6926.900000,18.872200,20240604062707.000000,8.000000,821984.976000,421610.406000,-0.535120,143.524860,-0.121750,0.960980,-0.121750,0.960980,-404303.570670,0.001580,-404303.570670,0.001580,2302.551490,1.808270,0.968600,3.713970,0.996500,21038.644000
18.737270,6926.900000,18.770670,20240604062955.000000,8.000000,575051.476000,732071.254000,0.215000,11.646730,-0.577000,0.993770,-0.577000,0.993770,-51296.015340,0.000140,-51296.015340,0.000140,2297.220300,2.782620,0.996480,3.503390,0.997380,20638.677000
18.780000,6926.900000,18.795780,20240604063254.000000,8.000000,791625.205000,736628.169000,0.285740,143.529930,-0.066900,0.911370,-0.066900,0.911370,-5738536.331350,0.004350,-5738536.331350,0.004350,2295.453670,0.709650,0.996320,0.767580,0.996470,20984.498000
162.515450,6926.900000,172.358780,20240604063554.000000,8.000000,480511.766000,586251.766000,0.457000,18.811480,-0.133580,0.956800,-0.134780,0.956370,-1840662.898470,0.015940,-1835376.845770,0.016520,2287.018410,1.489790,0.978090,3.993930,0.995880,20682.983000
18.701360,6926.900000,18.709440,20240604063855.000000,8.000000,948338.156000,561857.485000,0.397000,33.533430,-0.053610,0.989910,-0.053610,0.989910,464273.166140,0.001340,464273.166140,0.001340,2265.804890,0.451770,0.997570,0.451770,0.997570,20457.088000
-77.030000,6926.900000,-77.286780,20240604064155.000000,8.000000,1111925.919000,753671.231000,-0.518000,17.544470,1.336330,0.987550,1.336330,0.987550,-35160199.639870,0.051060,-4317972.829110,0.036420,2257.222020,-21.478830,0.986260,-21.478830,0.986260,20334.073000
-72.703640,6926.900000,-72.603560,20240604064456.000000,8.000000,623468.011000,877433.368000,0.475760,18.433360,-0.452070,0.986240,-0.452070,0.986240,1016101.308050,0.002120,1016101.308050,0.002120,2255.640350,4.912390,0.999110,4.923380,0.999110,20603.995000
23.500910,6926.900000,19.453410,20240604072707.000000,8.000000,2038018.412000,570211.073000,-0.535120,143.502400,0.634250,0.942030,0.634250,0.942030,-818594.697320,0.001850,-940077.613670,0.002590,2279.547500,-10.323070,0.954220,-25.766360,0.994020,21235.460000
19.421820,6926.900000,19.441560,20240604072955.000000,8.000000,1380460.482000,889356.541000,0.214770,11.611780,0.403280,0.988500,0.403280,0.988500,1237266.198100,0.018160,1237266.198100,0.018160,2298.978150,-2.487780,0.992100,-3.219520,0.993390,21180.944000
19.470450,6926.900000,19.477220,20240604073254.000000,8.000000,1621864.764000,778430.114000,0.285000,143.583330,0.208450,0.942560,0.208450,0.942560,-35568466.672070,0.002930,-1181305.634580,0.000540,2293.662460,-2.262720,0.995180,-2.634840,0.995790,21300.665000
159.580910,6926.900000,172.495780,20240604073554.000000,8.000000,73975.231000,979821.000000,0.456260,18.777520,-0.093370,0.753570,-0.093370,0.753570,162801.344320,0.050190,160769.614420,0.050940,2284.787400,2.643740,0.989850,4.474180,0.996430,21293.375000
19.373640,6926.900000,19.370110,20240604073855.000000,8.000000,2222238.860000,1022450.743000,0.396000,33.410670,0.997240,0.989180,0.997240,0.989180,-1085181.826400,0.022890,-1085181.826400,0.022890,2280.804720,-9.854620,0.998390,-9.854620,0.998390,21080.841000
-75.365450,6926.900000,-76.113780,20240604074156.000000,8.000000,1464549.207000,922077.832000,-0.516000,17.555000,5.778070,0.986150,5.778070,0.986150,-4862217.272520,0.018850,-3993716.287660,0.017310,2286.211120,-91.398440,0.985120,-91.398440,0.985120,21110.988000
-71.757270,6926.900000,-72.110330,20240604074456.000000,8.000000,610966.393000,888952.900000,0.475000,18.413800,-0.141330,0.868950,-0.279200,0.867080,-6033371.417920,0.043840,-4724338.249340,0.034360,2273.555510,4.937570,0.998830,4.937570,0.998830,21335.003000
24.060450,6926.900000,21.068790,20240604082706.000000,8.000000,1370088.429000,387988.235000,-0.535240,144.153770,0.253280,0.972500,0.253280,0.972500,-39005.412760,0.000000,-39005.412760,0.000000,2257.915570,-4.033410,0.969690,-7.275720,0.998050,21948.470000
21.177730,6926.900000,21.154440,20240604082955.000000,8.000000,1541693.550000,1072195.302000,0.214000,11.613370,0.707310,0.990010,1.410570,0.994180,3089254.068420,0.000150,3089254.068420,0.000150,2246.809940,-4.283540,0.987190,-9.104620,0.999360,22756.914000
21.440000,6926.900000,21.423560,20240604083253.000000,8.000000,-878135.835000,770002.881000,0.285000,144.227880,-0.132830,0.276710,-0.233920,0.272540,1629949.860470,0.002800,1629949.860470,0.002800,2256.149820,4.218390,0.971460,5.328180,0.972100,22182.593000
167.084550,6926.900000,173.362780,20240604083553.000000,8.000000,260349.036000,795596.070000,0.457000,18.829430,0.012960,0.061350,0.012960,0.061350,-341978.530490,0.001270,-515502.008350,0.001900,2261.127220,2.180140,0.972740,6.271870,0.994600,23176.950000
21.440910,6926.900000,21.417780,20240604083854.000000,8.000000,1354572.996000,1097682.626000,0.396760,34.048540,0.428650,0.991280,0.428650,0.991280,-3056212.011090,0.037990,-3056212.011090,0.037990,2273.644540,-3.611920,0.998520,-3.611920,0.998520,22961.189000
-75.098180,6926.900000,-75.884560,20240604084155.000000,8.000000,1067475.722000,529926.676000,-0.506000,17.644800,1.053170,0.992940,1.053170,0.992940,-9565827.322660,0.010600,-54959118.410170,0.033920,2278.877660,-16.042850,0.990500,-16.042850,0.990500,23035.025000
-71.690000,6926.900000,-71.690330,20240604084456.000000,8.000000,1854776.602000,1056885.628000,0.475260,18.473840,-0.063480,0.033880,-0.063480,0.033880,14141342.942380,0.045570,14141342.942380,0.045570,2286.351150,-12.217020,0.997720,-12.217020,0.997720,22856.851000
25.809550,6926.900000,23.112090,20240604092707.000000,8.000000,-115545.681000,281465.575000,-0.535350,145.029240,-0.732050,0.939380,-2.082480,0.972480,-189208.592360,0.002360,-201048.315920,0.021770,2363.007340,10.912870,0.935800,27.829060,0.995390,22731.195000
23.282730,6926.900000,23.227000,20240604092955.000000,8.000000,-584474.985000,539634.848000,0.214000,11.656870,-1.633150,0.970290,-4.014960,0.987940,5068563.943770,0.007580,5068563.943770,0.007580,2351.821400,8.994710,0.967900,19.855850,0.990250,24588.050000
23.674550,6926.900000,23.588670,20240604093253.000000,8.000000,721120.981000,281089.979000,0.286000,145.018990,-0.048980,0.714920,-0.048980,0.714920,-7584946.532210,0.070270,-7882597.723420,0.078490,2350.284300,0.878750,0.984040,1.475000,0.995500,23050.920000
157.437270,6926.900000,174.008780,20240604093553.000000,8.000000,-22188.266000,400736.921000,0.457000,18.979000,-0.080290,0.537520,-0.080290,0.537520,-3474.935120,0.000140,-37150.064430,0.002490,2347.475870,3.039140,0.946190,8.417060,0.984940,24577.755000
23.366360,6926.900000,23.320560,20240604093853.000000,8.000000,-297828.578000,216145.660000,0.401000,34.004580,-1.364070,0.988510,-1.364070,0.988510,1038660.171220,0.002540,1005976.102120,0.002520,2345.135190,11.654180,0.998050,11.654180,0.998050,24202.599000
-74.690450,6926.900000,-75.376890,20240604094152.000000,8.000000,797959.145000,532970.605000,-0.495000,17.855510,-4.099140,0.991810,-4.099140,0.991810,11705602.986470,0.000920,11705602.986470,0.000920,2340.199680,63.435080,0.990380,63.435080,0.990380,24116.530000
-71.141360,6926.900000,-71.154440,20240604094453.000000,8.000000,841407.788000,339085.545000,0.475000,18.607580,-0.101330,0.945850,-0.101330,0.945850,-846142.796330,0.000650,-846142.796330,0.000650,2328.751780,2.447990,0.998510,2.447990,0.998510,23992.015000
27.654090,6926.900000,25.341210,20240604102706.000000,8.000000,346133.705000,221937.845000,-0.536000,145.971820,-0.465610,0.979400,-0.465610,0.979400,3196835.345540,0.000610,3196835.345540,0.000610,2305.174510,4.420990,0.833190,15.569450,0.983070,23521.946000
25.197270,6926.900000,25.038220,20240604102953.000000,8.000000,825.292000,130824.388000,0.214000,11.738990,-0.579330,0.955250,-0.579330,0.955250,64.819130,0.000250,64.819130,0.000250,2265.321160,0.783430,0.465300,17.243160,0.482210,25556.647000
25.545000,6926.900000,25.471330,20240604103252.000000,8.000000,-3852.549000,97554.242000,0.285260,146.079330,-0.518770,0.963200,-0.518770,0.963200,11742758.318620,0.062310,177369.161490,0.038170,2255.017520,2.853710,0.991890,3.822790,0.994050,23835.815000
163.456360,6926.900000,175.141890,20240604103553.000000,8.000000,827.190000,37016.438000,0.457000,19.203340,-0.095710,0.654130,-0.095710,0.654130,509.049970,0.007050,806.306330,0.008280,2225.807960,3.575610,0.983930,8.370810,0.998330,25795.193000
25.398180,6926.900000,25.295890,20240604103853.000000,8.000000,98805.230000,116751.553000,0.403000,34.267820,-0.919320,0.990130,-0.919320,0.990130,901941.797100,0.036530,901941.797100,0.036530,2215.044340,6.270420,0.994720,6.270420,0.994720,25222.661000
-73.926820,6926.900000,-74.578110,20240604104153.000000,8.000000,641.572000,23790.182000,-0.483260,18.142060,-17.715770,0.990560,-17.715770,0.990560,-490.952360,0.000150,-490.952360,0.000150,2206.025380,293.659940,0.988970,293.659940,0.988970,25109.503000
-70.766820,6926.900000,-70.749670,20240604104453.000000,8.000000,-268222.477000,188282.935000,0.478000,18.809070,-0.336610,0.773550,-0.336610,0.773550,-3544222.695830,0.056040,-3544222.695830,0.056040,2207.762980,19.368210,0.997500,19.368210,0.997500,24696.630000
30.207270,6926.900000,28.841100,20240604112706.000000,8.000000,442.106000,207480.869000,-0.536110,146.710640,-0.701650,0.976460,-0.701650,0.976460,256668.864200,0.003320,379.275270,0.000730,2175.407710,7.129680,0.946240,13.693540,0.996790,24162.442000
27.227730,6926.900000,27.525780,20240604112954.000000,8.000000,10819.266000,20739.733000,0.213000,11.883240,0.507070,0.889590,0.488790,0.868260,709791.744080,0.016280,709791.744080,0.016280,2148.597660,1.464020,0.578630,12.810200,0.793920,25571.506000
26.524550,6926.900000,26.530330,20240604113252.000000,8.000000,188695.050000,-27390.372000,0.286000,146.978310,-0.068790,0.387360,-0.068790,0.387360,2594945.365380,0.061070,717835.486130,0.042970,2129.031430,2.291070,0.993010,3.252860,0.994860,24246.887000
168.774550,6926.900000,176.089330,20240604113553.000000,8.000000,110938.956000,33354.469000,0.457000,19.468890,-0.056480,0.379400,-0.056480,0.379400,239351.170450,0.008780,239351.170450,0.008780,2126.025370,3.004210,0.986630,6.296600,0.997870,25054.212000
26.102730,6926.900000,26.060670,20240604113853.000000,8.000000,656.476000,104750.553000,0.403000,34.902560,-0.868990,0.970840,-0.868990,0.970840,28.013340,0.000040,28.013340,0.000040,2125.736140,10.143200,0.998330,10.143200,0.998330,24109.052000
-73.086820,6926.900000,-74.138330,20240604114154.000000,8.000000,175888.129000,-4366.184000,-0.473000,18.374990,-14.136940,0.990550,-14.136940,0.990550,-8177194.301100,0.006830,-9266780.315700,0.013910,2138.585670,230.989140,0.988310,230.989140,0.988310,25474.636000
-70.310000,6926.900000,-70.429110,20240604114454.000000,8.000000,90452.518000,45468.976000,0.477740,19.008930,-0.598100,0.946030,-0.598100,0.946030,-420611.571370,0.018770,-420611.571370,0.018770,2127.682120,14.406760,0.998700,14.406760,0.998700,24524.323000
30.651360,6926.900000,27.090000,20240604122706.000000,8.000000,50358.111000,410473.519000,-0.537120,147.978860,-0.304060,0.824660,-0.304060,0.824660,-156603.410870,0.014960,-156603.410870,0.014960,2102.536500,7.818370,0.938810,19.321990,0.988820,24746.987000
27.090000,6926.900000,27.061780,20240604122953.000000,8.000000,44721.346000,127203.651000,0.212000,12.071810,-0.578580,0.957300,-0.578580,0.957300,669056.205660,0.017340,669056.205660,0.017340,2103.614040,1.596350,0.863250,10.285740,0.901280,24276.859000
32.221360,6926.900000,33.096560,20240604123252.000000,8.000000,-722579.521000,55567.882000,0.287260,147.822200,-0.219950,0.558160,-0.219950,0.558160,-5012612.588620,0.000240,-5012612.588620,0.000240,2101.557710,4.831000,0.989320,6.697480,0.992700,24600.787000
174.736820,6926.900000,177.550560,20240604123552.000000,8.000000,879731.592000,118641.463000,0.457000,19.739940,0.001880,0.046770,0.001850,0.043330,-7743043.956280,0.017430,-7737297.974350,0.025460,2100.422240,0.325560,0.984650,0.738260,0.996690,24911.110000
27.232270,6926.900000,27.182330,20240604123851.000000,8.000000,-27603.575000,161172.705000,0.402740,34.851420,-1.010120,0.987560,-1.010120,0.987560,7069.062720,0.000880,7069.062720,0.000880,2102.691880,8.878570,0.997390,8.878570,0.997390,24193.987000
-72.685910,6926.900000,-73.920330,20240604124154.000000,8.000000,98579.546000,80307.212000,-0.462240,18.665540,-14.472480,0.991100,-14.472480,0.991100,2004969.659080,0.022980,2004969.659080,0.022980,2101.933090,240.059960,0.989410,240.059960,0.989410,25440.522000
-69.126360,6926.900000,-69.751890,20240604124455.000000,8.000000,554711.190000,289078.522000,0.478000,19.195320,-0.303120,0.973200,-0.303120,0.973200,866026.926920,0.006850,866026.926920,0.006850,2101.491680,6.862390,0.996890,6.862390,0.996890,24465.912000
30.961820,6926.900000,27.523630,20240604132706.000000,8.000000,341685.096000,883334.886000,-0.537120,148.473400,-0.286560,0.911560,-0.998500,0.940730,34929.326640,0.000000,34929.326640,0.000000,2083.637270,5.256800,0.932430,16.988620,0.992390,24782.582000
27.964090,6926.900000,27.855670,20240604132954.000000,8.000000,-110821.137000,70874.757000,0.211000,12.242930,-0.447890,0.905430,-0.447890,0.905430,11657621.231550,0.027410,11728510.761610,0.027570,2082.894650,3.856730,0.951240,3.856730,0.951240,23189.558000
28.367270,6926.900000,28.468330,20240604133253.000000,8.000000,933246.866000,329832.674000,0.286000,148.504860,-0.008040,0.522550,-0.008040,0.522550,-2947415.416500,0.000080,-2947415.416500,0.000080,2081.281860,0.197220,0.991740,0.226080,0.992260,24540.036000
174.559550,6926.900000,177.900220,20240604133553.000000,8.000000,586604.014000,229137.634000,0.459000,20.416000,0.001930,0.003920,0.001930,0.003920,529046.654930,0.000550,487141.442500,0.001110,2082.588530,1.196140,0.985740,2.385860,0.996440,23798.162000
27.261820,6926.900000,27.225440,20240604133852.000000,8.000000,885.028000,185658.457000,0.400760,35.081520,-1.126340,0.989850,-1.126340,0.989850,-86.329370,0.000090,-86.329370,0.000090,2085.812080,10.041790,0.998140,10.041790,0.998140,22320.009000
-73.840910,6926.900000,-74.042000,20240604134152.000000,8.000000,322382.057000,259742.044000,-0.458000,18.848490,-11.980170,0.994450,-11.980170,0.994450,260806.652470,0.001590,260806.652470,0.001590,2082.003210,196.351310,0.993680,196.351310,0.993680,24319.788000
-70.395910,6926.900000,-70.247780,20240604134453.000000,8.000000,304609.537000,146132.484000,0.478000,19.351520,-0.419360,0.955490,-0.419360,0.955490,-1444205.079280,0.022210,-1444205.079280,0.022210,2083.059300,10.127700,0.998460,10.127700,0.998460,23079.382000
72.625000,6926.900000,34.075600,20240604142706.000000,8.000000,-1674848.816000,415470.114000,-0.537120,139.372980,1.100850,0.655690,1.100850,0.655690,2675646.701890,0.008320,2875620.086470,0.008720,2081.916660,-3.563140,0.243050,-3.563140,0.243050,24759.757000
27.648640,6926.900000,27.510780,20240604142953.000000,8.000000,-284643.474000,11584.517000,0.210000,12.371540,-0.437030,0.885340,-0.437030,0.885340,-1774025.441820,0.000980,-1774025.441820,0.000980,2083.706980,3.069750,0.917260,18.540830,0.954440,24316.606000
28.106360,6926.900000,28.080890,20240604143252.000000,8.000000,13339.312000,47864.766000,0.285000,148.643470,-0.075660,0.345750,-0.453350,0.393270,-44373.764590,0.008430,-44717.139400,0.008430,2086.164470,2.956510,0.985580,5.163320,0.993540,24272.895000
179.033640,6926.900000,178.284110,20240604143553.000000,8.000000,159655.653000,224341.033000,0.456000,20.737620,-0.069000,0.588400,-0.195610,0.612030,-1355685.010320,0.009340,-1355685.010320,0.009340,2090.044070,2.504990,0.980190,5.228490,0.992740,23922.713000
27.573640,6926.900000,27.535220,20240604143852.000000,8.000000,890306.923000,326269.964000,0.399000,36.019320,-0.115740,0.994480,-0.115740,0.994480,2680095.152670,0.015250,2491825.243990,0.017970,2087.626390,1.126160,0.997930,1.126160,0.997930,23122.868000
-73.128180,6926.900000,-73.921110,20240604144152.000000,8.000000,689429.389000,328442.488000,-0.449240,19.053360,-5.923030,0.993600,-5.923030,0.993600,-10860380.960270,0.005240,-9330032.884790,0.005610,2097.055660,96.099520,0.991940,96.099520,0.991940,24363.414000
-69.772270,6926.900000,-70.072670,20240604144452.000000,8.000000,670249.491000,313204.925000,0.478000,19.484560,-0.305970,0.985870,-0.305970,0.985870,-70056466.909120,0.003330,-70056466.909120,0.003330,2100.434550,4.688160,0.999410,4.793480,0.999420,23762.602000
31.042270,6926.900000,27.256260,20240604152706.000000,8.000000,1109758.866000,790773.670000,-0.537000,140.128320,0.069840,0.954990,0.266580,0.966490,-463388.182040,0.003590,-3830249.948740,0.016040,2092.889790,-1.095690,0.973120,-2.907140,0.997450,24947.940000
27.300910,6926.900000,27.158780,20240604152953.000000,8.000000,27620.218000,157357.913000,0.209000,12.480290,-0.962460,0.969990,-0.962460,0.969990,-472973.523210,0.005690,-475269.274650,0.005710,2089.068190,7.569510,0.974150,7.569510,0.974150,25169.641000
27.631360,6926.900000,27.595560,20240604153251.000000,8.000000,1610691.852000,268924.961000,0.284000,148.723690,0.093760,0.720460,0.150270,0.716830,30710564.732150,0.031400,30710564.732150,0.031400,2092.722610,-1.602870,0.983860,-2.849370,0.992740,24721.963000
176.575450,6926.900000,178.275000,20240604153552.000000,8.000000,496286.950000,125074.249000,0.455000,20.793180,-0.038520,0.650670,-0.038520,0.650670,650500.299650,0.043980,671664.893940,0.044740,2090.230820,1.399640,0.980430,3.009910,0.989500,24670.111000
27.193640,6926.900000,27.143110,20240604153852.000000,8.000000,-27206.257000,173111.271000,0.397000,35.185660,-0.862330,0.987140,-0.862330,0.987140,-256081.849530,0.003780,-373404.824660,0.015010,2084.088670,8.594820,0.996070,8.594820,0.996070,23014.631000
-73.497270,6926.900000,-73.894220,20240604154152.000000,8.000000,1009992.483000,600498.987000,-0.460720,19.176660,0.184640,0.994980,0.184640,0.994980,-3189282.263470,0.006450,-2256644.985180,0.011230,2080.787440,-3.059780,0.993810,-3.059780,0.993810,24263.873000
-69.937730,6926.900000,-70.087330,20240604154452.000000,8.000000,632329.460000,291697.918000,0.477260,19.606370,-0.226200,0.971670,-0.226200,0.971670,1425833.005940,0.016860,1380249.370760,0.018190,2088.162330,5.386920,0.998100,5.386920,0.998100,23156.118000
31.056820,6926.900000,26.696480,20240604162706.000000,8.000000,488891.753000,512175.101000,-0.537000,146.527160,-0.151260,0.734240,-0.151260,0.734240,982097.036990,0.030120,971986.788280,0.030170,2099.823920,3.906750,0.920160,12.796070,0.991960,24957.333000
26.704550,6926.900000,26.589670,20240604162954.000000,8.000000,479218.012000,-36436.334000,0.208000,12.567520,-0.315000,0.976630,-0.315000,0.976630,-600797.125210,0.003700,-435130.022760,0.003310,2104.424110,1.396580,0.918530,4.426950,0.954930,25091.104000
26.887730,6926.900000,26.927890,20240604163252.000000,8.000000,-13778.098000,-46420.763000,0.283000,148.634810,-0.005810,0.002940,-0.005810,0.002940,781.458370,0.000000,781.458370,0.000000,2094.719010,2.783320,0.990390,3.331740,0.991100,24854.995000
179.069090,6926.900000,178.159220,20240604163552.000000,8.000000,981128.974000,81082.799000,0.454000,20.800600,0.000040,0.000720,0.000040,0.000720,-2718987.784510,0.011590,-2718987.784510,0.011590,2087.737280,0.058360,0.983790,0.134100,0.997040,25026.132000
26.559090,6926.900000,26.538780,20240604163852.000000,8.000000,1359640.072000,206662.831000,0.395760,34.412940,0.211680,0.949470,0.211680,0.949470,-4410.596810,0.000000,-4410.596810,0.000000,2090.271380,-2.580270,0.993030,-2.580270,0.993030,24556.711000
-74.070000,6926.900000,-74.121330,20240604164151.000000,8.000000,-212253.456000,351936.098000,-0.464510,19.286220,-18.614710,0.992480,-18.614710,0.992480,387808.520540,0.004320,387808.520540,0.004320,2083.923370,304.184120,0.991480,304.184120,0.991480,25011.329000
-69.559090,6926.900000,-70.331000,20240604164451.000000,8.000000,520134.564000,29239.689000,0.477000,19.689970,-0.301220,0.957470,-0.301220,0.957470,-18667926.151530,0.015390,-17542318.944170,0.015150,2082.478240,6.386080,0.995640,6.386080,0.995640,24664.449000
30.388640,6926.900000,25.294510,20240604172706.000000,8.000000,-1189271.687000,392921.166000,-0.537000,146.734230,-0.805520,0.811060,-0.805520,0.811060,-11570048.941590,0.017080,-11570048.941590,0.017080,2063.193650,16.845880,0.906870,34.581770,0.992210,24671.219000
25.102730,6926.900000,25.057560,20240604172954.000000,8.000000,523957.266000,89906.733000,0.207000,12.634180,-0.292110,0.943410,-0.292110,0.943410,6131303.267100,0.006350,46233040.785240,0.026430,2064.278390,1.760530,0.933570,1.760530,0.933570,24565.044000
25.158640,6926.900000,25.166110,20240604173253.000000,8.000000,510803.283000,-2826.482000,0.282000,148.626160,-0.092670,0.775170,-0.092670,0.775170,867705.362180,0.002020,867705.362180,0.002020,2064.194940,1.427070,0.991490,2.077020,0.994880,24422.728000
175.855000,6926.900000,177.609890,20240604173554.000000,8.000000,-2984.728000,-34231.130000,0.453000,20.764200,-0.029060,0.164020,-0.029060,0.164020,43624.081510,0.002710,5067.377930,0.006970,2064.318480,3.002080,0.984650,5.431120,0.990350,24494.204000
24.924090,6926.900000,24.908560,20240604173854.000000,8.000000,-725542.095000,-80957.361000,0.393760,35.163860,-1.465540,0.982410,-1.465540,0.982410,3818429.005250,0.006170,3818429.005250,0.006170,2068.694480,12.521090,0.993180,12.521090,0.993180,24095.366000
-74.442270,6926.900000,-74.642330,20240604174155.000000,8.000000,78987.035000,47224.576000,-0.481260,19.281190,-14.548940,0.991670,-14.548940,0.991670,-116021.958460,0.000470,-107365.511240,0.000490,2066.861290,234.645580,0.989150,234.645580,0.989150,24167.007000
-70.705910,6926.900000,-70.737780,20240604174455.000000,8.000000,200152.776000,118584.552000,0.477000,19.733960,-0.514110,0.957760,-0.514110,0.957760,174452.705490,0.003790,174452.705490,0.003790,2067.794000,10.737290,0.996700,10.737290,0.996700,23959.164000
29.310450,6926.900000,24.356810,20240604182706.000000,8.000000,-427913.958000,429609.935000,-0.537120,147.893380,-0.715320,0.931540,-0.715320,0.931540,3565128.639310,0.009310,26037454.975960,0.037010,2060.603090,12.947160,0.964300,18.412620,0.996510,24457.060000
24.162730,6926.900000,24.114890,20240604182954.000000,8.000000,511722.452000,61281.349000,0.206000,12.665000,-0.247740,0.898900,-0.955320,0.938330,-1016096.844160,0.011590,-1362635.811320,0.013640,2068.490900,2.051140,0.958330,6.318270,0.981490,24877.112000
24.215450,6926.900000,24.180440,20240604183252.000000,8.000000,38878.982000,-21361.503000,0.282000,147.873600,-0.155890,0.658980,-0.155890,0.658980,30241.375180,0.001030,53490.399680,0.001290,2068.116530,2.924920,0.973150,5.197310,0.988940,24504.537000
173.486820,6926.900000,177.001220,20240604183552.000000,8.000000,2824.049000,24781.599000,0.453000,20.677680,-0.075830,0.488890,-0.075830,0.488890,-1345.304080,0.004220,-1345.304080,0.004220,2068.891260,3.545620,0.994350,4.746280,0.996500,24669.087000
23.885910,6926.900000,23.872220,20240604183852.000000,8.000000,2122.426000,25518.599000,0.392760,35.253410,-0.874920,0.983660,-0.874920,0.983660,-18426.028850,0.013020,-18426.028850,0.013020,2069.443220,8.065640,0.996430,8.065640,0.996430,24563.162000
-75.475000,6926.900000,-75.068000,20240604184151.000000,8.000000,8575.360000,29345.715000,-0.493980,19.222990,-15.800140,0.993230,-15.800140,0.993230,-9271.532610,0.004150,-9271.532610,0.004150,2069.865360,249.384190,0.991640,249.384190,0.991640,24115.137000
-70.980000,6926.900000,-70.965110,20240604184451.000000,8.000000,1468.616000,-14669.075000,0.477000,19.719240,-0.620330,0.940830,-0.620330,0.940830,-10570.788280,0.006200,-7882.160080,0.023100,2072.261930,14.216180,0.996660,14.216180,0.996660,24467.267000
28.642270,6926.900000,23.381100,20240604192706.000000,8.000000,346181.521000,301469.699000,-0.536110,147.499110,-0.382950,0.935830,-0.382950,0.935830,-222797.664000,0.005040,-1189186.139680,0.014960,2063.096910,6.648570,0.957090,13.981590,0.996000,24060.373000
23.230000,6926.900000,23.182330,20240604192954.000000,8.000000,250881.310000,111029.078000,0.206000,12.668790,-0.701250,0.950130,-0.701250,0.950130,184644.855540,0.001690,184644.855540,0.001690,2072.522890,0.547950,0.062470,0.547950,0.062470,24123.583000
23.334090,6926.900000,23.299890,20240604193252.000000,8.000000,-690877.329000,-40736.695000,0.281000,147.331240,-0.151780,0.376500,-0.151780,0.376500,490783.716350,0.000930,490783.716350,0.000930,2058.203920,2.632660,0.966410,3.434320,0.966950,23933.432000
174.970450,6926.900000,176.651000,20240604193553.000000,8.000000,-24809.094000,100243.455000,0.452260,20.571040,-0.065710,0.345810,-0.065710,0.345810,320903.330300,0.013140,320903.330300,0.013140,2059.973310,3.255470,0.947750,8.671230,0.986040,23901.525000
23.188640,6926.900000,23.164440,20240604193854.000000,8.000000,-2093.241000,-39615.557000,0.391000,35.081460,-0.110540,0.114290,-4.992260,0.527850,9109.564080,0.004110,8932.477170,0.004190,2060.583730,8.761980,0.996950,9.181400,0.997010,23611.145000
-74.980000,6926.900000,-75.156000,20240604194154.000000,8.000000,13765.150000,21679.750000,-0.496000,19.125330,-17.232360,0.995030,-17.232360,0.995030,-195044.430630,0.010900,-193381.759980,0.010980,2067.493050,274.388310,0.994500,274.388310,0.994500,23249.714000
-71.205910,6926.900000,-71.210000,20240604194455.000000,8.000000,389.212000,96005.679000,0.475000,19.677580,-0.530500,0.912010,-0.530500,0.912010,25413.958060,0.041240,25413.958060,0.041240,2059.890970,14.521060,0.999060,14.775540,0.999070,23432.388000
26.027730,6926.900000,22.614070,20240604202706.000000,8.000000,3737.674000,116762.401000,-0.536230,147.006760,-0.512690,0.840680,-0.512690,0.840680,11998.587420,0.019700,29697.775990,0.034550,2076.181760,8.465270,0.860780,38.387310,0.994780,23634.431000
22.479550,6926.900000,22.455110,20240604202954.000000,8.000000,-174171.064000,100344.310000,0.205000,12.645790,-0.772370,0.727080,-7.703150,0.895410,264557.654350,0.000510,264557.654350,0.000510,2079.840180,8.529720,0.897630,34.410950,0.966810,23216.264000
22.646820,6926.900000,22.619780,20240604203253.000000,8.000000,-1442.258000,41328.736000,0.281000,147.003100,-0.523410,0.946860,-0.523410,0.946860,12294138.319370,0.036200,4585.027370,0.003100,2110.620620,3.797360,0.988940,6.402000,0.994020,23294.456000
166.779550,6926.900000,175.921110,20240604203555.000000,8.000000,-4999.694000,13790.667000,0.452000,20.442340,0.017060,0.034100,0.016300,0.033530,-87670.319650,0.034310,-87648.138040,0.039040,2091.766090,2.817580,0.961110,8.599880,0.985950,23206.113000
22.506360,6926.900000,22.481670,20240604203854.000000,8.000000,478.610000,21761.091000,0.390000,35.033770,-1.010520,0.985470,-1.010520,0.985470,2488.201470,0.001480,2488.201470,0.001480,2116.357730,10.415130,0.998070,10.415130,0.998070,22810.098000
-75.655000,6926.900000,-75.453000,20240604204154.000000,8.000000,-49021.188000,-39004.435000,-0.501000,19.011740,-17.734990,0.992530,-17.734990,0.992530,117229.535210,0.000200,117229.535210,0.000200,2129.539120,273.700110,0.990750,273.700110,0.990750,22619.010000
-70.766820,6926.900000,-71.383440,20240604204454.000000,8.000000,995.884000,7891.434000,0.475000,19.615410,-0.796690,0.960140,-0.796690,0.960140,38.716500,0.012430,32.819040,0.011940,2102.805220,17.243010,0.997280,17.243010,0.997280,22752.343000
25.881820,6926.900000,22.076370,20240604212706.000000,8.000000,188787.813000,267882.908000,-0.536000,146.531800,-0.526250,0.964130,-0.526250,0.964130,-583471.100070,0.028540,-584511.202540,0.028530,2078.628310,8.368710,0.972020,22.168410,0.994010,23323.476000
21.890000,6926.900000,21.882560,20240604212953.000000,8.000000,-884.666000,213919.326000,0.205000,12.608830,-0.182600,0.369070,-8.308350,0.628500,-14343.822680,0.010570,-10992.044070,0.017860,2070.995180,1.031740,0.284830,21.415120,0.433700,23171.322000
22.083180,6926.900000,22.059560,20240604213251.000000,8.000000,196085.175000,74690.900000,0.281000,146.455590,-0.248410,0.863930,-0.248410,0.863930,4814175.343440,0.029520,2591433.291990,0.043020,2078.281030,2.899310,0.980680,3.337130,0.980940,23112.950000
174.460910,6926.900000,175.688000,20240604213552.000000,8.000000,641.262000,2609.783000,0.452000,20.311410,0.049610,0.227000,0.049610,0.227000,-6593.542760,0.064640,-6593.542760,0.064640,2075.294530,1.709210,0.799600,13.552580,0.921270,23093.282000
22.015450,6926.900000,21.988890,20240604213852.000000,8.000000,-152787.411000,91122.784000,0.389000,34.871820,-1.187460,0.969130,-1.187460,0.969130,-2237249.720470,0.000480,-2237249.720470,0.000480,2088.565370,12.313540,0.993530,13.631810,0.993790,22794.872000
-73.363180,6926.900000,-75.446110,20240604214151.000000,8.000000,539.436000,85517.902000,-0.505000,18.898740,-15.227980,0.992460,-15.227980,0.992460,108.983750,0.000020,1724.814020,0.000130,2087.771650,247.847670,0.991370,247.847670,0.991370,22452.696000
-70.980000,6926.900000,-71.509220,20240604214452.000000,8.000000,196023.272000,19875.356000,0.474740,19.541880,-0.553100,0.945770,-0.553100,0.945770,506631.208560,0.001360,506631.208560,0.001360,2074.974220,13.310790,0.996540,13.310790,0.996540,22819.715000
25.981360,6926.900000,21.993300,20240604222706.000000,8.000000,725.202000,217701.182000,-0.536000,146.133130,-0.724490,0.961850,-0.724490,0.961850,2777.996560,0.011370,2614.131810,0.011330,2084.755630,11.062250,0.955480,26.071530,0.983050,23253.595000
21.805450,6926.900000,21.792890,20240604222953.000000,8.000000,203780.031000,64501.505000,0.205000,12.563890,-1.241180,0.973650,-1.241180,0.973650,84282.606930,0.000080,84282.606930,0.000080,2063.735310,8.569350,0.976810,9.643670,0.977100,23372.974000
22.013640,6926.900000,21.980330,20240604223251.000000,8.000000,385850.998000,143462.517000,0.280740,146.282670,-0.265600,0.934600,-0.265600,0.934600,104466430.426570,0.021720,78465438.392320,0.025100,2087.959370,2.943550,0.994830,3.421480,0.995280,23209.659000
162.323180,6926.900000,174.951560,20240604223552.000000,8.000000,-780389.332000,121140.186000,0.452000,20.204430,-0.200850,0.619360,-0.200850,0.619360,-16110018.742680,0.041140,-16110018.742680,0.041140,2087.426340,6.986180,0.993050,8.380100,0.993410,23376.559000
21.936820,6926.900000,21.913110,20240604223852.000000,8.000000,524.409000,36353.544000,0.388770,35.611100,-0.968730,0.978490,-0.968730,0.978490,-14610.435370,0.019210,-5938.452060,0.029140,2101.876480,10.915940,0.996790,11.901890,0.997010,23121.866000
-75.098180,6926.900000,-75.445330,20240604224151.000000,8.000000,15892.564000,194576.117000,-0.506000,18.815210,-14.335980,0.991290,-14.335980,0.991290,362674.747970,0.004010,362674.747970,0.004010,2105.218210,227.828910,0.990090,227.828910,0.990090,22698.165000
-70.736360,6926.900000,-71.386890,20240604224451.000000,8.000000,-194903.672000,129047.717000,0.476000,19.484670,-0.618930,0.905960,-0.618930,0.905960,1091483.386150,0.002760,1091483.386150,0.002760,2091.784290,16.781790,0.997460,16.781790,0.997460,23025.999000
25.700450,6926.900000,21.763300,20240604232706.000000,8.000000,-20768.004000,115228.078000,-0.536000,146.068680,-0.617950,0.939880,-1.800610,0.979190,41765.413700,0.000100,41765.413700,0.000100,2094.766170,11.994760,0.972570,25.164970,0.998460,23175.254000
21.635910,6926.900000,21.611220,20240604232953.000000,8.000000,1267.361000,105897.654000,0.204000,12.523070,1.396750,0.870240,1.396750,0.870240,-2392.033940,0.052810,-2385.502330,0.052940,2098.264280,-9.279190,0.845060,-9.279190,0.845060,23221.650000
21.784090,6926.900000,21.755220,20240604233252.000000,8.000000,15300.290000,91305.872000,0.280000,146.209590,-0.293370,0.864710,-0.293370,0.864710,-21998.951200,0.002250,-24748.048010,0.002490,2124.057070,4.034270,0.989760,7.012280,0.996850,23138.128000
161.721360,6926.900000,174.862440,20240604233553.000000,8.000000,344561.335000,133269.816000,0.452000,20.115340,-0.090350,0.785070,-0.091240,0.785810,-29831601.906760,0.007330,-24285029.301920,0.006870,2105.443400,2.137970,0.925080,6.370790,0.971460,23217.707000
21.694090,6926.900000,21.673000,20240604233852.000000,8.000000,-8734.100000,174041.823000,0.388760,34.454020,-1.230420,0.989730,-1.230420,0.989730,998.738700,0.000000,998.738700,0.000000,2105.637900,9.912200,0.995380,12.775440,0.997610,22991.280000
-74.828180,6926.900000,-75.796560,20240604234152.000000,8.000000,939.706000,91842.404000,-0.507000,18.722600,-15.574890,0.993100,-15.574890,0.993100,1562.938800,0.030290,1562.938800,0.030290,2099.018240,253.978280,0.991330,253.978280,0.991330,22678.264000
-71.593180,6926.900000,-71.469890,20240604234453.000000,8.000000,1416.845000,31265.466000,0.476000,19.438130,-0.711500,0.953230,-0.711500,0.953230,-13698.882180,0.029440,-13698.882180,0.029440,2077.302120,12.738350,0.995980,12.786210,0.995980,22975.270000
26.776820,6926.900000,21.676700,20240605000631.000000,8.000000,-592384.247000,529827.025000,-0.536240,145.725260,-1.465140,0.960150,-1.469110,0.935530,-524847.130790,0.001210,-524847.130790,0.001210,2087.726130,22.173580,0.964060,35.613320,0.993240,23061.039000
21.527730,6926.900000,21.499560,20240605000919.000000,8.000000,904.614000,67728.758000,0.204000,12.500490,0.382220,0.512010,0.382220,0.512010,1912.182520,0.044470,380.619540,0.021390,2080.612520,-4.860840,0.692550,-4.860840,0.692550,23266.689000
21.646360,6926.900000,21.621000,20240605001217.000000,8.000000,-80580.109000,38277.365000,0.280000,146.315200,-0.275780,0.839960,-0.275780,0.839960,626342.039560,0.000840,626342.039560,0.000840,2086.643170,4.871630,0.992480,6.881440,0.997010,23181.029000
161.222270,6926.900000,174.822220,20240605001518.000000,8.000000,-97180.351000,114123.511000,0.451240,20.063670,-0.195980,0.866490,-0.195980,0.866490,-57494.420420,0.001350,-597664.901880,0.021920,2085.067620,4.298560,0.987940,7.184010,0.993530,23260.985000
21.557270,6926.900000,21.521890,20240605001817.000000,8.000000,86066.551000,44692.589000,0.388760,34.640570,-0.912590,0.983680,-0.912590,0.983680,-5937453.235130,0.001730,-3710983.443990,0.001230,2090.047740,8.508700,0.995840,8.508700,0.995840,23086.335000
-75.970000,6926.900000,-75.915220,20240605002117.000000,8.000000,1234.915000,5074.697000,-0.508000,18.696420,-14.030400,0.987120,-14.030400,0.987120,-90.154170,0.000180,-929.315850,0.002510,2091.109040,238.174560,0.985890,238.174560,0.985890,22772.904000
-70.921360,6926.900000,-71.557890,20240605002418.000000,8.000000,710.347000,156577.941000,0.478000,19.404480,-0.516050,0.913850,-0.516050,0.913850,-41009.319040,0.014310,-41009.319040,0.014310,2070.339570,15.290840,0.998530,15.290840,0.998530,23199.414000
24.795910,6926.900000,21.565710,20240605002720.000000,8.000000,33195.130000,174352.732000,-0.496350,144.957120,-0.758330,0.963910,-0.688670,0.947830,1036840.385720,0.000710,1036840.385720,0.000710,2087.683140,11.656070,0.957490,20.749780,0.988730,23250.614000
21.523640,6926.900000,21.498330,20240605003008.000000,8.000000,195313.772000,10748.687000,0.204000,12.487500,0.055120,0.053810,-10.687670,0.040290,1470844.490990,0.027680,1468273.409680,0.028400,2082.699710,0.115900,0.004460,73.266510,0.116020,23427.124000
21.616820,6926.900000,21.572890,20240605003306.000000,8.000000,1117.288000,223132.825000,0.280000,146.339890,-0.060660,0.277360,-1.021050,0.296340,-655.734410,0.002480,-633.492280,0.002550,2098.407220,2.596140,0.976650,6.645320,0.993310,23244.036000
162.287730,6926.900000,175.006440,20240605003606.000000,8.000000,870138.617000,154015.718000,0.451000,20.035400,-0.007270,0.371980,-0.007270,0.371980,1294293.334160,0.000570,1294293.334160,0.000570,2095.626550,0.429800,0.966230,1.402390,0.995160,23400.883000
21.511360,6926.900000,21.475560,20240605003905.000000,8.000000,53823.835000,232299.362000,0.388760,35.407080,-0.894860,0.985110,-0.894860,0.985110,2478.037960,0.000000,2478.037960,0.000000,2086.478180,9.333030,0.996880,9.648990,0.996910,23211.841000
-76.105000,6926.900000,-75.607000,20240605004204.000000,8.000000,1800.988000,89279.252000,-0.508260,18.681570,-13.155030,0.989290,-13.155030,0.989290,-12929.319190,0.014720,-13315.527950,0.014880,2084.368130,222.679450,0.988080,222.679450,0.988080,22955.042000
-71.625450,6926.900000,-71.528330,20240605004504.000000,8.000000,632.470000,197356.146000,0.478000,19.394730,-0.832840,0.972870,-0.832840,0.972870,-25942.167170,0.043020,-25942.167170,0.043020,2082.413710,16.134160,0.998780,16.134160,0.998780,23235.514000
24.611360,6926.900000,21.433080,20240605012719.000000,8.000000,766.381000,112552.173000,-0.536000,143.983930,-0.904420,0.970660,-2.334840,0.979510,-7651.020760,0.007310,-7651.020760,0.007310,2070.161670,12.796350,0.940810,32.902960,0.996550,23123.489000
21.411360,6926.900000,21.379330,20240605013007.000000,8.000000,195282.929000,354378.965000,0.204000,12.453430,-0.225100,0.666000,-1.053070,0.571550,1085810.713960,0.013380,1085810.713960,0.013380,2052.790240,-1.781500,0.320930,-1.781500,0.320930,23446.501000
21.524550,6926.900000,21.477560,20240605013306.000000,8.000000,359039.010000,377498.129000,0.279000,145.941070,-0.106570,0.698750,-0.106570,0.698750,-9235539.676230,0.079490,-14054969.286970,0.043830,2065.639660,2.060590,0.983640,4.455250,0.995050,23221.817000
161.620910,6926.900000,174.761000,20240605013609.000000,8.000000,1194506.383000,458958.492000,0.451000,19.969130,0.031050,0.789500,0.031050,0.789500,-4275325.063790,0.036520,-4275325.063790,0.036520,2088.419300,-0.805800,0.979760,-1.970800,0.998070,23529.732000
21.459090,6926.900000,21.420670,20240605013909.000000,8.000000,97673.824000,135299.691000,0.388000,34.616910,-1.045580,0.991430,-1.045580,0.991430,-38180.600930,0.000690,-38180.600930,0.000690,2082.576520,9.291490,0.997610,10.354860,0.997950,23324.004000
-75.790000,6926.900000,-75.860000,20240605014210.000000,8.000000,-97044.756000,393012.571000,-0.508260,18.636100,-15.629030,0.984480,-15.629030,0.984480,2330357.057970,0.009950,2330357.057970,0.009950,2074.288460,259.965810,0.982080,259.965810,0.982080,22932.521000
-71.690000,6926.900000,-71.659110,20240605014511.000000,8.000000,574921.420000,185701.538000,0.477000,19.350720,-0.218290,0.921490,-0.218290,0.921490,-16448232.246170,0.035510,-16448232.246170,0.035510,2057.527720,6.403470,0.996380,8.028020,0.998190,23097.103000
24.361360,6926.900000,21.402310,20240605022719.000000,8.000000,3165.098000,208787.399000,-0.536120,145.916160,-0.723410,0.980890,-0.723410,0.980890,-112528.247820,0.007080,-112528.247820,0.007080,2061.206920,13.275180,0.970340,23.525720,0.990190,23075.387000
21.337270,6926.900000,21.308560,20240605023006.000000,8.000000,-1276634.525000,431659.402000,0.203230,12.423240,-2.792100,0.980000,-2.792100,0.980000,-23371441.647290,0.011670,-23371441.647290,0.011670,2057.701130,20.084520,0.993010,20.084520,0.993010,23399.704000
21.432270,6926.900000,21.393110,20240605023305.000000,8.000000,1225178.613000,349350.284000,0.279000,145.689210,0.051410,0.785190,0.158320,0.823600,-7376903.973710,0.009080,-5805543.612330,0.010250,2057.174330,-0.992130,0.962090,-2.456030,0.994140,23194.865000
159.164090,6926.900000,174.475560,20240605023605.000000,8.000000,16270.062000,353355.217000,0.451000,19.907990,0.046020,0.268990,0.052880,0.289170,-25512.768770,0.002010,-27575.483140,0.002530,2054.768970,3.050230,0.974270,6.792110,0.981170,23435.843000
21.370450,6926.900000,21.335560,20240605023905.000000,8.000000,586572.193000,434339.671000,0.387760,35.680000,-0.367120,0.981380,-0.367120,0.981380,884801.754180,0.002600,884801.754180,0.002600,2074.304620,4.423920,0.997390,4.423920,0.997390,23306.760000
-75.712730,6926.900000,-75.784560,20240605024205.000000,8.000000,583141.721000,134541.357000,-0.508260,18.601320,-5.396220,0.987350,-5.396220,0.987350,1705995.431960,0.000220,1705995.431960,0.000220,2083.306070,89.528270,0.986480,89.528270,0.986480,22954.130000
-71.690000,6926.900000,-71.658440,20240605024505.000000,8.000000,969571.294000,516654.033000,0.477000,19.324230,-0.021070,0.951030,-0.021070,0.951030,101586317.254950,0.019920,101586317.254950,0.019920,2065.181840,0.479250,0.997920,0.617300,0.999120,23252.931000
24.295450,6926.900000,21.391980,20240605032719.000000,8.000000,677639.969000,298719.558000,-0.536000,145.803550,-0.235360,0.947540,-0.237940,0.950660,1599073.461170,0.017030,2258438.030840,0.018620,2035.458580,4.181310,0.949780,8.142010,0.998870,23120.153000
21.402270,6926.900000,21.365560,20240605033006.000000,8.000000,908578.498000,459270.655000,0.203770,12.392930,-0.152480,0.988320,-0.152480,0.988320,1494918.576090,0.002940,1494918.576090,0.002940,2036.414710,1.161510,0.988120,1.885420,0.997940,23585.664000
21.499550,6926.900000,21.450110,20240605033304.000000,8.000000,685094.507000,211150.235000,0.279000,145.624030,-0.092580,0.873990,-0.092580,0.873990,-4346658.368140,0.019080,-3564006.605580,0.018450,2049.375820,1.185520,0.989260,1.356100,0.985310,23206.851000
159.445450,6926.900000,174.407560,20240605033604.000000,8.000000,507612.961000,111847.365000,0.451000,19.860600,-0.025590,0.105300,-0.025590,0.105300,921613.295500,0.009430,5250649.382430,0.030340,2043.353850,1.424640,0.708710,9.287700,0.914410,23582.488000
21.376360,6926.900000,21.347780,20240605033904.000000,8.000000,-95058.729000,260411.501000,0.388000,35.785290,-1.295600,0.990960,-1.295600,0.990960,264274.952290,0.004180,264274.952290,0.004180,2060.697370,11.236390,0.997610,12.175400,0.997770,23369.574000
-75.520000,6926.900000,-75.675330,20240605034205.000000,8.000000,885972.608000,77840.510000,-0.508260,18.571290,-1.568190,0.992890,-1.568190,0.992890,-6424725.768340,0.001530,-6424725.768340,0.001530,2066.768110,25.601760,0.990600,25.601760,0.990600,23090.412000
-71.464090,6926.900000,-71.596000,20240605034506.000000,8.000000,-62172.555000,417141.540000,0.477000,19.299130,-0.663860,0.943630,-0.663860,0.943630,-511186.900260,0.002010,-511186.900260,0.002010,2061.535620,15.676300,0.997000,15.676300,0.997000,23388.407000
24.169550,6926.900000,21.247250,20240605042719.000000,8.000000,776.289000,52484.011000,-0.536000,145.659080,-0.740560,0.972540,-0.740560,0.972540,438.580340,0.004720,418.915040,0.004780,2051.375530,13.236610,0.981750,31.551510,0.993030,23042.864000
21.191820,6926.900000,21.163780,20240605043006.000000,8.000000,1276974.843000,210888.303000,0.203000,12.367660,0.392730,0.977770,0.392730,0.977770,2316804.142910,0.004420,2316804.142910,0.004420,2043.182750,-3.210430,0.977350,-6.171600,0.987590,23422.011000
21.315450,6926.900000,21.274780,20240605043305.000000,8.000000,199675.933000,258571.765000,0.279000,145.624030,-0.075530,0.372270,-0.138890,0.346110,40607.159140,0.000020,40607.159140,0.000020,2053.663940,1.845990,0.875310,2.284190,0.729190,23148.911000
163.693640,6926.900000,174.454890,20240605043605.000000,8.000000,518.770000,343841.630000,0.451000,19.811570,-0.022270,0.095130,-0.076250,0.094130,-6622.531070,0.014310,-6622.531070,0.014310,2050.874130,3.435040,0.979410,8.655790,0.992750,23493.432000
21.251820,6926.900000,21.205670,20240605043906.000000,8.000000,-97018.121000,240521.409000,0.387760,35.617060,-1.209210,0.989080,-1.209210,0.989080,-5001708.109660,0.001680,-5001708.109660,0.001680,2063.550320,11.518230,0.996000,15.111080,0.997390,23339.538000
-75.340000,6926.900000,-75.588110,20240605044205.000000,8.000000,103447.890000,170329.635000,-0.508260,18.540520,-11.233820,0.985300,-11.233820,0.985300,5504656.490920,0.031200,5504656.490920,0.031200,2057.068390,186.326710,0.981700,186.326710,0.981700,23054.111000
-71.560910,6926.900000,-71.620330,20240605044506.000000,8.000000,389941.433000,362780.290000,0.477000,19.272000,-0.406690,0.958650,-0.406690,0.958650,-1664675.295640,0.000740,-1664675.295640,0.000740,2057.096380,7.152050,0.992820,10.292920,0.995920,23358.718000
24.583640,6926.900000,21.295820,20240605052719.000000,8.000000,1743652.978000,253083.766000,-0.536000,145.547100,0.471980,0.946810,0.471980,0.946810,2109816.729470,0.008030,2105144.552530,0.008030,2055.245820,-9.144710,0.945780,-20.346110,0.993300,23065.765000
21.209090,6926.900000,21.184670,20240605053007.000000,8.000000,1408720.695000,669505.033000,0.203000,12.343310,0.067620,0.565190,0.195160,0.510540,-12159612.493490,0.000120,-14335225.211000,0.043320,2039.663310,-0.907090,0.919580,-1.289920,0.909210,23471.272000
21.332730,6926.900000,21.294220,20240605053305.000000,8.000000,1171718.048000,531550.384000,0.279000,145.632330,0.067680,0.940020,0.067680,0.940020,-182300.984720,0.000350,-3090983.354200,0.006260,2064.912580,-0.895510,0.996560,-0.895510,0.996560,23160.755000
162.515450,6926.900000,174.402890,20240605053605.000000,8.000000,2830821.737000,397761.473000,0.451000,19.772030,0.185940,0.635630,0.185940,0.635630,79571525.883350,0.017020,11801508.409290,0.022960,2066.166060,-7.502730,0.972600,-16.737330,0.985510,23586.188000
21.248180,6926.900000,21.201000,20240605053906.000000,8.000000,122778.312000,317198.736000,0.387000,35.862580,-1.101660,0.992860,-1.101660,0.992860,-251096.332380,0.005720,-252673.547260,0.006700,2069.281340,10.856080,0.997860,12.438070,0.998400,23444.304000
-75.385000,6926.900000,-75.587330,20240605054205.000000,8.000000,384397.023000,660556.176000,-0.508260,18.478920,-7.675040,0.987070,-7.675040,0.987070,-14203731.049220,0.047280,-14203731.049220,0.047280,2058.552790,125.124790,0.983940,125.124790,0.983940,23125.681000
-71.267730,6926.900000,-71.550670,20240605054505.000000,8.000000,6247.900000,237502.976000,0.477000,19.251170,-0.776520,0.971350,-0.776520,0.971350,-4985.109400,0.005260,-23865.788800,0.014380,2085.535460,15.296780,0.998630,17.599340,0.998960,23396.487000
24.738180,6926.900000,21.324070,20240605062719.000000,8.000000,1269233.885000,222456.087000,-0.535880,145.180300,0.230110,0.965230,0.234910,0.966700,3811225.868760,0.000660,3811225.868760,0.000660,2061.075020,-3.857610,0.968750,-6.966940,0.992430,23087.076000
21.290450,6926.900000,21.255560,20240605063007.000000,8.000000,684202.131000,254424.004000,0.203000,12.326170,-0.639280,0.993450,-0.639280,0.993450,231485.621660,0.001020,14087121.903300,0.033770,2057.092000,5.097200,0.994540,5.854210,0.995080,23632.481000
21.379550,6926.900000,21.346220,20240605063306.000000,8.000000,-389499.618000,140988.091000,0.279000,145.624030,-0.386500,0.900470,-0.386500,0.900470,-8184866.110670,0.032980,-6744386.543110,0.041140,2056.650880,6.572540,0.995830,9.172970,0.998420,23184.979000
161.648640,6926.900000,174.293000,20240605063607.000000,8.000000,317535.775000,318732.253000,0.451000,19.735720,-0.073200,0.721290,-0.278760,0.787290,937463.245800,0.033160,950051.854030,0.037850,2060.603950,2.443410,0.952670,6.537830,0.986460,23736.096000
21.313640,6926.900000,21.273220,20240605063908.000000,8.000000,71403.710000,247381.726000,0.387760,34.904320,-0.976450,0.987450,-0.976450,0.987450,61288.276050,0.003710,100338.536900,0.004370,2067.911170,10.320470,0.998010,10.807610,0.998070,23602.999000
-74.825450,6926.900000,-75.567890,20240605064207.000000,8.000000,390981.977000,346240.205000,-0.508000,18.500140,-7.111220,0.985400,-7.111220,0.985400,-1479223.368000,0.000500,-1479223.368000,0.000500,2067.182050,118.645650,0.983480,118.645650,0.983480,23373.446000
-71.858180,6926.900000,-71.581890,20240605064507.000000,8.000000,-282507.485000,244435.712000,0.477000,19.235590,-0.921280,0.966100,-0.921280,0.966100,-160066.029890,0.003460,-160066.029890,0.003460,2070.922960,20.990540,0.998520,20.990540,0.998520,23583.963000
24.793180,6926.900000,21.552090,20240605072719.000000,8.000000,2653.606000,39169.765000,-0.536120,143.504300,-0.643250,0.971210,-0.643250,0.971210,4944.498670,0.004170,4944.498670,0.004170,2056.310590,11.440800,0.973970,19.086020,0.992200,23176.253000
21.555450,6926.900000,21.535000,20240605073007.000000,8.000000,-308715.149000,263143.546000,0.203000,12.317160,0.564870,0.796150,0.564870,0.796150,4653070.638310,0.013230,4653070.638310,0.013230,2051.357110,-4.865660,0.854990,-4.865660,0.854990,23947.307000
21.678180,6926.900000,21.645440,20240605073306.000000,8.000000,1720.805000,340038.013000,0.279000,145.624030,-0.140430,0.708520,-0.721560,0.744310,-3480.629350,0.009070,-3739.390080,0.009740,2062.844250,2.898100,0.924990,10.796970,0.991210,23345.407000
171.420450,6926.900000,174.676330,20240605073606.000000,8.000000,169937.364000,210840.890000,0.451000,19.729570,-0.128060,0.865320,-0.249880,0.873040,-13945243.307200,0.010020,-13945243.307200,0.010020,2064.802870,3.519970,0.983650,8.097580,0.995710,24148.457000
21.639550,6926.900000,21.601330,20240605073907.000000,8.000000,276996.513000,399073.339000,0.388000,35.125130,-0.680480,0.983870,-0.680480,0.983870,-37145.426840,0.002240,-198488.339480,0.006990,2063.867380,7.083400,0.995330,7.631170,0.995490,24007.475000
-75.070000,6926.900000,-75.442780,20240605074206.000000,8.000000,375290.190000,381470.267000,-0.506260,18.518270,-7.622050,0.987590,-7.622050,0.987590,2849943.693690,0.029990,2849943.693690,0.029990,2065.058970,128.758840,0.985730,128.758840,0.985730,23795.854000
-71.205910,6926.900000,-71.367890,20240605074507.000000,8.000000,593297.456000,270377.870000,0.477740,19.240420,-0.170060,0.840930,-0.707910,0.882150,23147556.761160,0.086070,23151302.341100,0.086190,2073.249060,5.205200,0.971620,13.377590,0.988200,23797.347000
25.017270,6926.900000,21.706810,20240605082719.000000,8.000000,5165.188000,118662.798000,-0.536120,143.421550,-0.729020,0.960690,-0.736250,0.961910,-63019.360610,0.022760,-63019.360610,0.022760,2050.883010,12.099140,0.960080,23.476490,0.997190,23281.765000
21.681360,6926.900000,21.642560,20240605083006.000000,8.000000,781506.048000,418143.219000,0.203000,12.318260,-0.141800,0.744690,-1.640880,0.951760,64651.623640,0.000000,64651.623640,0.000000,2039.421400,0.873900,0.667070,13.772730,0.946000,24041.134000
21.765910,6926.900000,21.720330,20240605083304.000000,8.000000,30962.322000,105472.018000,0.279000,145.632440,-0.076200,0.182550,-2.811060,0.589330,438987.034420,0.012320,407033.201430,0.014290,2052.879670,2.816240,0.907070,12.260800,0.987640,23386.940000
172.257270,6926.900000,174.808560,20240605083605.000000,8.000000,254532.742000,108115.321000,0.451000,19.735230,-0.053000,0.268140,-0.969670,0.585730,-1479078.931840,0.008980,-1479930.520360,0.009800,2073.520530,2.678240,0.893870,13.307240,0.989300,24089.521000
21.622270,6926.900000,21.582000,20240605083905.000000,8.000000,-8019.277000,278618.369000,0.388000,34.513480,-1.325890,0.992850,-1.325890,0.992850,-6052.258440,0.003420,-6052.258440,0.003420,2085.150890,11.688490,0.998820,11.688490,0.998820,23916.110000
-75.188180,6926.900000,-75.544330,20240605084205.000000,8.000000,21989.969000,159861.035000,-0.506260,18.503870,-13.751050,0.989850,-13.751050,0.989850,-1106365.814770,0.022130,-1106365.814770,0.022130,2081.994460,221.479930,0.988230,221.479930,0.988230,23755.841000
-70.760000,6926.900000,-71.621330,20240605084505.000000,8.000000,1055858.322000,159986.354000,0.477000,19.248740,0.029060,0.908630,0.115860,0.919340,-12722836.607610,0.013450,-12722836.607610,0.013450,2059.521070,-0.751330,0.963700,-1.810120,0.979160,23835.756000
25.301360,6926.900000,21.925050,20240605092719.000000,8.000000,586432.836000,191774.834000,-0.536000,143.626850,-0.296030,0.923370,-1.362280,0.989230,1053373.822420,0.013680,1053373.822420,0.013680,2088.968430,4.119700,0.915660,18.234030,0.985910,23394.404000
21.932730,6926.900000,21.879220,20240605093008.000000,8.000000,1659788.900000,434535.396000,0.202000,12.321640,0.292570,0.779680,0.292570,0.779680,-69322173.077880,0.008050,-66478687.965740,0.009250,2073.346640,-2.497340,0.877090,-2.497340,0.877090,24394.937000
22.039090,6926.900000,21.993440,20240605093306.000000,8.000000,1855074.664000,398550.473000,0.279000,145.656570,0.096070,0.595130,0.199860,0.575580,6289926.321880,0.024660,6289926.321880,0.024660,2086.020430,-3.688160,0.996320,-4.636500,0.997220,23531.890000
172.648640,6926.900000,174.929440,20240605093607.000000,8.000000,-348136.701000,212653.359000,0.451000,19.744120,-0.373760,0.933640,-0.373760,0.933640,1867884.206190,0.002670,1867884.206190,0.002670,2086.918430,5.627710,0.971750,15.682970,0.997120,24556.524000
21.960910,6926.900000,21.919440,20240605093907.000000,8.000000,240014.159000,243436.103000,0.388760,34.637090,-1.000460,0.993940,-1.000460,0.993940,-910993.386450,0.011340,-910993.386450,0.011340,2072.480170,9.129100,0.997500,10.887390,0.998580,24400.079000
-75.233180,6926.900000,-75.565560,20240605094208.000000,8.000000,-290400.119000,181299.969000,-0.504260,18.561240,-16.286490,0.988740,-16.286490,0.988740,891972.132610,0.008250,891972.132610,0.008250,2066.491190,275.757440,0.987420,275.757440,0.987420,24170.374000
-70.469090,6926.900000,-71.558670,20240605094510.000000,8.000000,-256720.536000,247332.250000,0.477000,19.263070,-0.686540,0.929590,-0.686540,0.929590,3367929.112030,0.008260,2420251.688530,0.008080,2055.316500,18.278910,0.990050,25.730660,0.993630,24141.839000
26.230450,6926.900000,24.179560,20240605102719.000000,8.000000,1030.926000,214639.437000,-0.536120,141.977400,-0.519010,0.981510,-0.519010,0.981510,26.877570,0.002330,26.877570,0.002330,2038.713670,9.970060,0.966220,11.784900,0.996010,23828.239000
23.182730,6926.900000,23.131220,20240605103008.000000,8.000000,490247.472000,275277.583000,0.202770,12.335940,-0.204200,0.405530,-0.300610,0.374380,1172019.167240,0.001580,1172019.167240,0.001580,2034.092360,1.999120,0.603850,1.999120,0.603850,25596.529000
23.300000,6926.900000,23.270670,20240605103307.000000,8.000000,-96947.463000,80678.435000,0.279000,145.851600,-0.526640,0.967050,-0.526640,0.967050,-1012422.246940,0.012140,-1012422.246940,0.012140,2062.129840,5.068340,0.991970,7.374280,0.997550,24042.189000
174.045450,6926.900000,175.239220,20240605103609.000000,8.000000,-281880.816000,286909.115000,0.451000,19.812630,-0.314890,0.943530,-0.314890,0.943530,992475.982110,0.000560,424330.544680,0.000450,2051.478030,5.152860,0.979250,11.497190,0.992000,25645.644000
23.071820,6926.900000,23.021330,20240605103909.000000,8.000000,9983.459000,164188.873000,0.390000,34.471620,-1.182330,0.992970,-1.182330,0.992970,-9123.502340,0.001580,-9123.502340,0.001580,2049.196810,11.176060,0.998460,11.682630,0.998520,25166.547000
-75.050450,6926.900000,-75.508890,20240605104209.000000,8.000000,567569.498000,87035.574000,-0.499000,18.631320,-5.839900,0.988410,-5.839900,0.988410,322798.480950,0.000340,322798.480950,0.000340,2046.046360,99.901500,0.986690,99.901500,0.986690,24900.755000
-70.187730,6926.900000,-71.236670,20240605104512.000000,8.000000,373079.006000,117246.198000,0.478000,19.322390,-0.411640,0.955340,-0.411640,0.955340,-21885648.249750,0.003850,-21885648.249750,0.003850,2050.561140,9.732830,0.994210,13.294090,0.996630,24720.062000
27.124090,6926.900000,23.984730,20240605112720.000000,8.000000,403928.780000,258005.308000,-0.536120,146.188670,-0.332030,0.961910,-0.757080,0.976460,383041.750660,0.000020,383041.750660,0.000020,2050.682750,5.609650,0.979350,10.305400,0.994320,24245.888000
23.990450,6926.900000,23.924220,20240605113006.000000,8.000000,195885.370000,262134.732000,0.202000,12.388170,-0.137110,0.240010,-0.300270,0.180270,-2082177.682350,0.037190,-2082177.682350,0.037190,2040.549020,1.840400,0.561950,1.840400,0.561950,26177.755000
23.964090,6926.900000,23.923220,20240605113305.000000,8.000000,683509.548000,225947.368000,0.278000,146.274660,-0.061430,0.795060,-0.169190,0.826860,611828.291400,0.001890,10637472.610470,0.021710,2047.668420,1.070860,0.978370,2.422860,0.995730,24424.908000
173.091360,6926.900000,175.598220,20240605113606.000000,8.000000,-780185.975000,116192.610000,0.451000,19.931860,-0.074100,0.272020,-1.053170,0.366130,-606808.827880,0.000970,-606808.827880,0.000970,2044.856000,6.357200,0.986450,12.289090,0.994110,25884.819000
23.593180,6926.900000,23.557110,20240605113908.000000,8.000000,976.694000,156670.955000,0.390760,34.541790,-1.158800,0.991560,-1.158800,0.991560,709.284840,0.087570,187.768860,0.077730,2049.370990,10.412340,0.997820,10.412340,0.997820,25747.708000
-73.871360,6926.900000,-75.033780,20240605114208.000000,8.000000,324542.192000,183559.421000,-0.495260,18.750240,-9.544200,0.992540,-9.544200,0.992540,-1840086.231910,0.012090,-1923754.131910,0.012490,2047.134230,163.127690,0.991530,163.127690,0.991530,25399.742000
-70.980000,6926.900000,-71.145670,20240605114508.000000,8.000000,-89767.843000,182803.371000,0.477000,19.423980,-0.718720,0.952680,-0.718720,0.952680,-5227724.949680,0.017870,-14420492.330980,0.054210,2046.030870,17.764010,0.995900,17.764010,0.995900,25200.660000
27.447730,6926.900000,24.233410,20240605122719.000000,8.000000,1139.140000,180772.727000,-0.536120,146.506020,-0.497820,0.872810,-0.497560,0.869090,26.189040,0.000120,26.189040,0.000120,2046.277460,9.835930,0.919660,17.721590,0.993780,24515.011000
24.493180,6926.900000,24.452000,20240605123008.000000,8.000000,133265.053000,216229.211000,0.202000,12.436690,-0.284540,0.510590,-6.920220,0.810300,-3068211.892570,0.042570,-1996876.066390,0.026430,2051.585070,1.595270,0.428000,21.281390,0.649270,26683.347000
24.687270,6926.900000,24.697440,20240605123307.000000,8.000000,1441.314000,-19991.776000,0.278000,146.438700,-0.190730,0.805340,-0.190730,0.805340,42814.054230,0.005750,42814.054230,0.005750,2051.728140,3.135760,0.990930,4.188510,0.993600,24763.390000
175.527730,6926.900000,175.927780,20240605123607.000000,8.000000,828.015000,118562.155000,0.451000,20.058610,-0.023340,0.106940,-0.637400,0.183180,-505.849890,0.036890,-505.849890,0.036890,2051.287430,3.089220,0.975300,7.723470,0.995210,26861.746000
24.401360,6926.900000,24.343000,20240605123908.000000,8.000000,-1644.083000,146934.730000,0.391000,34.165620,-0.919080,0.983580,-0.919080,0.983580,-10297.704330,0.002880,-10297.704330,0.002880,2052.363330,8.475310,0.995620,8.475310,0.995620,26403.864000
-74.980000,6926.900000,-74.944000,20240605124208.000000,8.000000,116130.779000,-3860.966000,-0.491000,18.901700,-13.733290,0.989140,-13.733290,0.989140,17534104.551250,0.023140,1812875.953250,0.014650,2050.841540,233.225130,0.987140,233.225130,0.987140,25955.936000
-70.888640,6926.900000,-70.995780,20240605124508.000000,8.000000,662574.148000,108860.603000,0.477000,19.521610,-0.271510,0.974580,-0.271510,0.974580,3901611.654620,0.020430,3901611.654620,0.020430,2050.578850,6.188200,0.997860,6.188200,0.997860,25631.449000
27.652270,6926.900000,24.176260,20240605132719.000000,8.000000,-211993.759000,288736.641000,-0.536240,146.949300,-0.652590,0.932840,-1.682020,0.947070,2026670.688710,0.002140,2026670.688710,0.002140,2034.149760,12.366340,0.940480,32.076350,0.981540,24724.193000
24.015910,6926.900000,23.977110,20240605133006.000000,8.000000,-285767.586000,108355.926000,0.201000,12.518790,-0.404170,0.688780,-0.404170,0.688780,-337176.663830,0.001400,-337176.663830,0.001400,2034.661730,3.430280,0.811440,8.281720,0.649910,26130.295000
24.076820,6926.900000,24.067330,20240605133304.000000,8.000000,19062.875000,19992.345000,0.278000,147.061200,-0.151820,0.786530,-0.151820,0.786530,53098.995570,0.013200,56129.596130,0.014710,2034.356760,2.688650,0.990190,4.035570,0.994290,24806.313000
169.567270,6926.900000,175.942560,20240605133605.000000,8.000000,-2302.310000,66589.862000,0.450240,20.204220,-0.081190,0.598490,-0.294350,0.624580,1928.538650,0.000310,1928.538650,0.000310,2036.235980,3.358980,0.980740,7.932640,0.996060,26051.334000
23.777270,6926.900000,23.751330,20240605133904.000000,8.000000,1097.681000,-53705.137000,0.390000,35.104710,-0.983770,0.988320,-0.983770,0.988320,15196.281950,0.002440,7650.901520,0.004030,2034.563720,9.603030,0.997530,9.603030,0.997530,25885.940000
-75.655000,6926.900000,-75.102000,20240605134204.000000,8.000000,753.783000,41379.808000,-0.493260,19.026240,-14.747250,0.991220,-14.747250,0.991220,2297.210790,0.011480,12726.145530,0.035760,2037.707180,252.356690,0.989910,252.356690,0.989910,25673.395000
-70.705910,6926.900000,-71.028220,20240605134505.000000,8.000000,-194544.361000,1493.689000,0.477000,19.628990,-0.936980,0.981500,-0.936980,0.981500,1031245.370650,0.018670,1031245.370650,0.018670,2047.979830,22.303600,0.997400,22.303600,0.997400,25430.322000
28.276820,6926.900000,25.607140,20240605142719.000000,8.000000,2913.128000,-130600.063000,-0.536000,139.702680,-0.542250,0.937730,-1.901110,0.960430,-83620.599710,0.012690,-83214.100760,0.012600,2050.824040,9.798780,0.968210,23.155130,0.997190,25066.328000
24.880910,6926.900000,24.852560,20240605143006.000000,8.000000,45375.667000,-78023.654000,0.201000,12.598020,-0.083500,0.094330,-1.225440,0.040710,-3507220.917110,0.004510,-5502545.447580,0.005190,2048.716370,0.537570,0.099190,20.111030,0.017050,26880.154000
25.000000,6926.900000,25.005220,20240605143305.000000,8.000000,1957.667000,-34224.862000,0.278740,147.111000,-0.174310,0.768830,-0.375720,0.778260,-21191.495060,0.038780,-16118.339520,0.049420,2049.453660,2.946870,0.991690,4.253390,0.995130,25230.566000
174.123640,6926.900000,176.418670,20240605143606.000000,8.000000,1388.240000,-11039.160000,0.451000,20.353890,-0.161860,0.852140,-0.350440,0.862770,-3084.731810,0.001350,-3084.731810,0.001350,2054.858610,4.113720,0.994180,6.245980,0.997950,26633.340000
24.627270,6926.900000,24.609890,20240605143906.000000,8.000000,950.243000,-43477.029000,0.391000,35.336030,-1.052040,0.987690,-1.052040,0.987690,-56.430740,0.000460,-56.430740,0.000460,2051.527020,9.956750,0.997900,9.956750,0.997900,26675.924000
-74.690450,6926.900000,-74.969890,20240605144206.000000,8.000000,79710.310000,10115.441000,-0.488260,19.188600,-14.040690,0.992740,-14.040690,0.992740,19179.467100,0.000020,19179.467100,0.000020,2049.679340,238.802590,0.991690,238.802590,0.991690,26348.882000
-70.980000,6926.900000,-70.958110,20240605144506.000000,8.000000,868.301000,19216.492000,0.477000,19.733880,-0.816250,0.967590,-0.816250,0.967590,43.221620,0.000010,43.221620,0.000010,2050.873560,19.603780,0.995220,19.603780,0.995220,26018.470000
27.974090,6926.900000,24.098130,20240605152719.000000,8.000000,-7494.947000,-235468.090000,-0.536880,146.279130,-0.685700,0.972010,-0.685700,0.972010,-4130.928890,0.001050,-4130.928890,0.001050,2061.777470,10.824600,0.974680,13.574500,0.996630,25030.504000
23.987270,6926.900000,23.940670,20240605153007.000000,8.000000,-5583.467000,-21370.506000,0.200000,12.666060,0.416010,0.585140,0.416010,0.585140,-4882.732710,0.001850,-4882.732710,0.001850,2059.279560,-3.992560,0.710190,-3.992560,0.710190,26491.187000
24.020000,6926.900000,24.007110,20240605153306.000000,8.000000,872.577000,34546.110000,0.278000,147.128100,-0.131640,0.615460,-0.131640,0.615460,-30.648340,0.000020,-30.648340,0.000020,2066.241270,2.529200,0.985570,4.581060,0.993580,25097.215000
177.699090,6926.900000,176.699110,20240605153607.000000,8.000000,-682660.666000,-14517.373000,0.451000,20.434340,-0.195240,0.748770,-0.195240,0.748770,8666035.397320,0.037030,8726532.219820,0.041060,2072.531490,5.591610,0.982590,12.477650,0.997110,26511.493000
23.798640,6926.900000,23.777440,20240605153908.000000,8.000000,8898.289000,39940.740000,0.390000,35.238370,-1.104330,0.992230,-1.104330,0.992230,-69205.590150,0.014220,-69205.590150,0.014220,2079.586310,9.449590,0.997760,9.449590,0.997760,26318.344000
-74.468180,6926.900000,-75.095440,20240605154208.000000,8.000000,730.972000,-4740.938000,-0.494000,19.238910,-13.913960,0.989370,-13.913960,0.989370,-1968.505200,0.002490,-1968.505200,0.002490,2075.414250,228.287620,0.988030,228.287620,0.988030,25916.350000
-70.883180,6926.900000,-71.351560,20240605154509.000000,8.000000,807.738000,-26083.471000,0.477000,19.802090,-0.794620,0.968510,-0.794620,0.968510,-7074.005420,0.005640,-7074.005420,0.005640,2066.911680,18.411090,0.996300,18.411090,0.996300,25798.394000
27.049550,6926.900000,22.546920,20240605162719.000000,8.000000,886.125000,-210622.807000,-0.536230,147.197650,-0.452730,0.928520,-0.452730,0.928520,1233.036520,0.011450,1233.036520,0.011450,2078.667710,9.945960,0.945010,30.616760,0.997710,24772.934000
22.517270,6926.900000,22.419000,20240605163006.000000,8.000000,903.722000,-5685.487000,0.212000,12.778930,-0.102470,0.060330,-9.206720,0.583610,-321.305600,0.012480,-505.940670,0.022840,2079.172050,2.999010,0.618080,26.493140,0.866300,26390.483000
22.520000,6926.900000,22.464110,20240605163305.000000,8.000000,10771.590000,-41167.692000,0.305260,147.086270,-0.134330,0.701240,-0.134330,0.701240,108061.054050,0.056890,108061.054050,0.056890,2080.160870,3.764090,0.992620,5.312020,0.995970,24809.171000
176.639090,6926.900000,176.290780,20240605163605.000000,8.000000,65482.737000,9309.156000,0.478240,20.435070,-0.137540,0.867820,-0.283390,0.867240,-240339.935340,0.004750,-240339.935340,0.004750,2079.208260,2.871510,0.980740,6.111690,0.992510,26054.178000
22.387730,6926.900000,22.333330,20240605163908.000000,8.000000,2104.085000,-21269.281000,0.416240,34.051860,-1.330270,0.992860,-1.330270,0.992860,-441.482720,0.000730,-441.482720,0.000730,2083.311260,14.151570,0.997000,14.151570,0.997000,26098.568000
-75.070000,6926.900000,-75.343110,20240605164208.000000,8.000000,-98673.345000,-75641.643000,-0.522490,19.186930,-39.763310,0.991570,-39.763310,0.991570,3085574.150050,0.011330,2680671.040490,0.011110,2089.628960,703.948270,0.990240,703.948270,0.990240,25189.792000
-71.238180,6926.900000,-71.280220,20240605164508.000000,8.000000,2089.519000,-103477.950000,0.474260,19.841740,-1.100390,0.971700,-1.100390,0.971700,-242.037400,0.000050,-242.037400,0.000050,2087.497440,27.267550,0.985210,27.267550,0.985210,25423.030000
26.667270,6926.900000,22.391210,20240605172719.000000,8.000000,820.314000,-301793.132000,-0.536120,146.711740,-0.580250,0.946850,-0.566500,0.947230,-717.253000,0.004260,-717.253000,0.004260,2087.313120,12.589120,0.951470,27.009580,0.997100,24778.395000
22.374550,6926.900000,22.249220,20240605173006.000000,8.000000,-976013.225000,-179089.342000,0.220230,12.840440,-0.690930,0.737020,-6.636390,0.835490,689118.913050,0.000720,689118.913050,0.000720,2087.812420,7.015330,0.791190,46.135230,0.872680,26259.433000
22.325910,6926.900000,22.269440,20240605173304.000000,8.000000,-595953.761000,-25095.762000,0.335000,146.696000,-0.167930,0.577670,-0.167930,0.577670,-1146352.999510,0.006730,-8406292.166400,0.031200,2089.082700,5.048230,0.967470,11.665350,0.984500,24702.651000
174.285000,6926.900000,175.831890,20240605173606.000000,8.000000,-28928.192000,-99541.979000,0.482000,20.434110,-0.087410,0.738580,-0.182760,0.734720,446184.457290,0.010380,949092.816540,0.024050,2087.959380,2.825710,0.955170,7.235270,0.972100,25853.322000
22.184090,6926.900000,22.113330,20240605173906.000000,8.000000,484154.712000,-149095.955000,0.429000,35.192170,-0.955910,0.994040,-0.955910,0.994040,1933649.085090,0.061380,1933649.085090,0.061380,2096.781660,9.919580,0.997490,9.919580,0.997490,25833.793000
-74.690450,6926.900000,-75.552890,20240605174207.000000,8.000000,335185.945000,-77605.225000,-0.516490,19.155320,-23.714850,0.995670,-23.714850,0.995670,-1295114.600320,0.018320,-2627941.758960,0.024970,2091.051910,414.256610,0.995130,414.256610,0.995130,25193.396000
-71.367270,6926.900000,-71.391000,20240605174509.000000,8.000000,-91991.206000,17844.313000,0.475000,19.857220,-1.251970,0.981880,-1.251970,0.981880,6415332.380210,0.021030,6415332.380210,0.021030,2091.921100,30.304210,0.992470,30.304210,0.992470,25269.748000
26.015000,6926.900000,22.033190,20240605182719.000000,8.000000,14040.035000,-306582.048000,-0.536120,146.399800,0.038280,0.078090,0.039570,0.078880,-33068.167090,0.001940,-33068.167090,0.001940,2078.556940,-0.356700,0.034500,-0.354290,0.033520,24582.776000
22.040000,6926.900000,21.949890,20240605183008.000000,8.000000,262795.412000,-225830.088000,0.224000,12.819510,0.004320,0.000720,0.004320,0.000720,-15276974.860410,0.012870,-15276974.860410,0.012870,2072.118700,-0.551830,0.121190,-0.551830,0.121190,25869.245000
22.090450,6926.900000,22.031330,20240605183306.000000,8.000000,483725.022000,-88027.319000,0.339000,146.356490,-0.041100,0.430800,-0.041100,0.430800,46507.469720,0.000010,46507.469720,0.000010,2077.663800,1.679870,0.977580,3.563750,0.987720,24552.025000
174.564090,6926.900000,175.531440,20240605183610.000000,8.000000,-771537.142000,-309598.201000,0.480000,20.377340,-0.075420,0.301760,-0.075420,0.301760,-1445339.382940,0.000210,-1445339.382940,0.000210,2079.866100,5.915480,0.979080,12.619160,0.991400,25623.766000
21.983640,6926.900000,21.897110,20240605183909.000000,8.000000,-48161.337000,-208363.961000,0.431000,35.512360,-1.782980,0.988540,-1.782980,0.988540,-307812.564420,0.014920,-307812.564420,0.014920,2082.691650,19.634830,0.990720,19.634830,0.990720,25601.806000
-74.653180,6926.900000,-75.142440,20240605184208.000000,8.000000,35530.019000,-55461.671000,-0.505740,19.125970,-33.868810,0.994670,-33.868810,0.994670,-197780.621500,0.003920,-197780.621500,0.003920,2091.464190,593.486980,0.994130,593.486980,0.994130,25074.921000
-71.399550,6926.900000,-71.351110,20240605184509.000000,8.000000,200794.825000,16172.193000,0.476000,19.830060,-0.645710,0.927420,-0.645710,0.927420,-6400116.738970,0.004340,-6400116.738970,0.004340,2079.256510,18.917100,0.995180,18.917100,0.995180,25047.863000
26.136360,6926.900000,21.959890,20240605192719.000000,8.000000,-27.418000,-135301.139000,-0.536120,146.179810,0.026860,0.006010,0.026860,0.006010,-1105.147880,0.006820,-1105.147880,0.006820,2084.452190,0.388820,0.006340,24.977610,0.273090,24501.347000
21.983640,6926.900000,21.870110,20240605193010.000000,8.000000,-9905.926000,-289787.505000,0.225000,12.772700,0.154620,0.038730,0.154620,0.038730,29816.457630,0.001440,29816.457630,0.001440,2089.926300,1.421850,0.068010,1.421850,0.068010,25799.946000
22.040910,6926.900000,21.965670,20240605193308.000000,8.000000,-180354.271000,-43064.615000,0.337000,146.307070,-0.196800,0.825000,-0.196800,0.825000,-468249.314860,0.003700,-468249.314860,0.003700,2096.041870,4.327870,0.990860,5.664160,0.992880,24504.746000
164.643180,6926.900000,175.004890,20240605193609.000000,8.000000,73763.946000,-83217.255000,0.479000,20.333640,0.023470,0.141350,0.028830,0.143240,323192.756870,0.006330,323192.756870,0.006330,2089.963970,3.413400,0.983300,6.920120,0.993230,25509.694000
21.900000,6926.900000,21.843330,20240605193909.000000,8.000000,190326.606000,-177764.224000,0.430740,35.840830,-1.231550,0.992980,-1.231550,0.992980,-2111967.929870,0.000360,-2111967.929870,0.000360,2100.132260,13.479730,0.994270,13.822170,0.994290,25552.704000
-75.160000,6926.900000,-75.530220,20240605194210.000000,8.000000,-586595.104000,-232055.154000,-0.503020,19.118590,-48.784870,0.979900,-48.784870,0.979900,160981797.083070,0.022180,160981797.083070,0.022180,2103.351680,865.562960,0.977860,865.562960,0.977860,25079.442000
-71.431820,6926.900000,-71.224560,20240605194509.000000,8.000000,5243.785000,-151778.590000,0.476740,19.801810,-0.787460,0.974560,-0.787460,0.974560,-2003.114260,0.000140,-2003.114260,0.000140,2097.286970,22.546950,0.995450,22.546950,0.995450,24938.404000
26.404550,6926.900000,21.803740,20240605202719.000000,8.000000,911.326000,-107127.501000,-0.536120,146.188510,0.188330,0.399880,0.188330,0.399880,21.295580,0.000370,21.295580,0.000370,2082.108510,-2.503530,0.370380,-2.503530,0.370380,24380.257000
21.740910,6926.900000,21.643890,20240605203007.000000,8.000000,289966.853000,-4988.259000,0.226000,12.760200,-0.680440,0.988150,-0.680440,0.988150,-699984.272800,0.000060,-699984.272800,0.000060,2075.665190,6.735660,0.994830,7.138860,0.994950,25507.044000
21.789090,6926.900000,21.715670,20240605203305.000000,8.000000,-149843.685000,-46765.947000,0.336000,146.274530,-0.166000,0.655090,-0.166000,0.655090,217774.355320,0.012120,587021.331220,0.028720,2076.696920,4.534970,0.974320,9.953640,0.991340,24370.271000
169.960000,6926.900000,175.127560,20240605203606.000000,8.000000,598104.671000,-158505.212000,0.478000,20.285180,0.003480,0.022790,0.004370,0.022050,802619.604570,0.004850,802619.604570,0.004850,2082.072190,1.464800,0.963890,4.125970,0.989830,25279.893000
21.701360,6926.900000,21.638000,20240605203907.000000,8.000000,-194970.324000,-24612.868000,0.430000,35.883260,-1.831700,0.991400,-1.831700,0.991400,-584734.189830,0.007850,-584734.189830,0.007850,2079.633060,21.737760,0.992170,21.737760,0.992170,25319.356000
-75.250000,6926.900000,-75.827000,20240605204208.000000,8.000000,289191.922000,-237845.983000,-0.504190,19.085040,-22.144100,0.986900,-22.144100,0.986900,1799313.069880,0.001640,1799313.069880,0.001640,2079.649580,407.357890,0.985690,407.357890,0.985690,24880.842000
-71.464090,6926.900000,-71.524670,20240605204508.000000,8.000000,-270485.818000,-115673.178000,0.475760,19.772540,-1.280820,0.986150,-1.280820,0.986150,190420.051880,0.003710,693646.478530,0.007880,2079.324620,36.984840,0.998820,39.855340,0.998980,24784.015000
26.468640,6926.900000,21.750550,20240605212720.000000,8.000000,-672525.661000,-320532.305000,-0.536120,146.003490,2.320180,0.813480,5.642470,0.915350,-3057631.182520,0.017100,-3057631.182520,0.017100,2090.921640,-7.222300,0.420240,-7.222300,0.420240,24321.520000
21.747270,6926.900000,21.634440,20240605213008.000000,8.000000,-483992.543000,-353712.911000,0.226230,12.743120,-1.616310,0.936150,-1.616310,0.936150,711574.537390,0.002160,711574.537390,0.002160,2112.765640,14.134990,0.935000,14.681810,0.932760,25499.152000
21.794550,6926.900000,21.713220,20240605213306.000000,8.000000,4134.041000,-116906.451000,0.335000,146.038670,-0.266350,0.899110,-0.266350,0.899110,52029.066860,0.016730,52134.096510,0.016770,2104.234490,3.960830,0.990560,4.676760,0.991020,24332.266000
170.551820,6926.900000,175.028330,20240605213607.000000,8.000000,-584639.437000,-326038.947000,0.477260,20.234860,0.092850,0.562750,0.187240,0.566120,-745320.683500,0.000850,-711549.304780,0.002460,2096.871890,5.155830,0.969600,10.021060,0.979360,25227.560000
21.765910,6926.900000,21.681440,20240605213908.000000,8.000000,890.161000,-133839.719000,0.429000,34.450200,-1.269180,0.984880,-1.269180,0.984880,6861.770440,0.011210,6861.770440,0.011210,2098.270890,15.790850,0.986680,15.790850,0.986680,25338.425000
-75.475000,6926.900000,-75.739000,20240605214209.000000,8.000000,187378.241000,-334684.580000,-0.496260,19.047430,-24.967650,0.983530,-24.967650,0.983530,-43640370.309490,0.001250,-119775.201750,0.000510,2099.633170,459.359100,0.982190,459.359100,0.982190,24959.166000
-70.818640,6926.900000,-71.619330,20240605214511.000000,8.000000,-1081664.058000,-110915.645000,0.475000,19.742970,-1.977700,0.971630,-1.977700,0.971630,337653600.893010,0.024390,335076836.082710,0.024400,2077.285190,51.674280,0.996840,51.674280,0.996840,24757.434000
26.510450,6926.900000,21.718570,20240605222720.000000,8.000000,362341.485000,-296430.353000,-0.536120,145.963620,-0.169800,0.347440,-0.169800,0.347440,202184.627530,0.001630,202184.627530,0.001630,2065.980310,4.663060,0.837780,4.663060,0.837780,24257.536000
21.683640,6926.900000,21.576560,20240605223007.000000,8.000000,-116179.552000,-435737.315000,0.227000,12.721120,-0.892180,0.896180,-4.486370,0.974980,800500.107050,0.019760,800500.107050,0.019760,2066.756210,8.301460,0.855920,56.114060,0.988920,25418.687000
21.770450,6926.900000,21.672220,20240605223307.000000,8.000000,-652515.958000,-339677.545000,0.333000,145.908530,-0.449590,0.861040,-0.449590,0.861040,3432012.733610,0.010540,3033972.853570,0.013160,2085.401760,7.778200,0.985680,7.778200,0.985680,24272.347000
169.444550,6926.900000,174.964330,20240605223607.000000,8.000000,-1559893.985000,-380983.922000,0.476000,20.192140,0.226420,0.438980,0.897490,0.582600,1037653.475900,0.000810,1037653.475900,0.000810,2079.535660,7.201750,0.941340,9.270420,0.934250,25155.889000
21.720450,6926.900000,21.614560,20240605223908.000000,8.000000,-1205960.750000,-344039.380000,0.429000,34.095690,-3.914360,0.994330,-3.914360,0.994330,32400595.173640,0.019990,17573734.987910,0.044540,2090.560960,43.069820,0.992430,50.160530,0.993310,25183.562000
-75.655000,6926.900000,-75.673000,20240605224208.000000,8.000000,-301972.343000,-199326.335000,-0.498980,19.022570,-37.659700,0.979720,-37.659700,0.979720,-3614374.405850,0.014400,-3614374.405850,0.014400,2080.212840,700.311470,0.978370,700.311470,0.978370,24869.681000
-71.109090,6926.900000,-71.579890,20240605224509.000000,8.000000,3053.011000,-45686.163000,0.476000,19.719880,-0.909160,0.968150,-0.909160,0.968150,24438.722050,0.017020,24438.722050,0.017020,2075.411490,26.089110,0.993180,26.089110,0.993180,24713.029000
24.606820,6926.900000,21.579010,20240605232720.000000,8.000000,293287.212000,-426314.593000,-0.536120,145.891010,-0.793640,0.924610,-0.792590,0.921440,336564.165700,0.007360,336564.165700,0.007360,2163.707210,-4.433100,0.933410,-4.433100,0.933410,24223.939000
21.590450,6926.900000,21.496000,20240605233007.000000,8.000000,-676237.336000,-521551.473000,0.227000,12.698610,-1.880090,0.966990,-6.034050,0.981210,223088.774230,0.000720,223088.774230,0.000720,2138.226570,16.339030,0.961520,46.273210,0.997360,25335.834000
21.685910,6926.900000,21.591220,20240605233307.000000,8.000000,-190479.212000,-369346.781000,0.333000,145.778730,-0.056070,0.113990,-0.058240,0.115200,-788950.222520,0.007390,-788950.222520,0.007390,2128.626150,5.464920,0.977170,12.100340,0.991990,24244.088000
167.529090,6926.900000,174.787220,20240605233607.000000,8.000000,-502258.383000,-219192.131000,0.475260,20.153810,-0.022760,0.029670,-0.022760,0.029670,-2379682.977110,0.001020,-2379682.977110,0.001020,2131.325250,5.416360,0.888100,28.109390,0.984030,25094.303000
21.610910,6926.900000,21.522440,20240605233907.000000,8.000000,-487828.611000,-91552.803000,0.428000,34.889430,-2.522310,0.992910,-2.522310,0.992910,-1239364.612190,0.001020,-1474314.543680,0.003440,2136.689940,27.534940,0.993250,27.829470,0.993260,25141.300000
-75.610000,6926.900000,-75.497110,20240605234207.000000,8.000000,-65258.916000,-210189.352000,-0.495260,18.994720,-32.682260,0.987550,-32.682260,0.987550,8281.311970,0.000000,8281.311970,0.000000,2119.008200,600.286210,0.987470,600.286210,0.987470,24819.223000
-71.335000,6926.900000,-71.611440,20240605234507.000000,8.000000,253749.407000,-124452.212000,0.475000,19.702980,-0.712880,0.972360,-0.712880,0.972360,-318343.192460,0.000640,-281007.120580,0.000670,2082.532840,21.585940,0.998030,21.585940,0.998030,24647.075000
25.761820,6926.900000,21.589560,20240606000647.000000,8.000000,56285.992000,-372726.137000,-0.536240,145.613470,0.223710,0.557420,0.223710,0.557420,81460.308540,0.004320,81460.308540,0.004320,2066.549270,-10.357240,0.859370,-10.581390,0.856510,24190.525000
21.546820,6926.900000,21.458890,20240606000934.000000,8.000000,566756.193000,-80513.062000,0.227230,12.687710,-0.260800,0.896610,-0.260800,0.896610,-373121.257960,0.001060,-373121.257960,0.001060,2056.632040,2.576920,0.922820,2.576920,0.922820,25322.202000
21.633640,6926.900000,21.569330,20240606001232.000000,8.000000,-97137.276000,-80079.258000,0.332000,145.851600,-0.270480,0.855490,-0.270480,0.855490,7898628.051380,0.071980,2152042.855980,0.042460,2062.143620,5.452080,0.971680,5.452080,0.971680,24237.855000
173.701820,6926.900000,175.111890,20240606001532.000000,8.000000,-359807.136000,-218291.203000,0.475740,20.131770,0.141350,0.576770,1.521300,0.748460,131902.009050,0.000280,131902.009050,0.000280,2059.560090,4.847350,0.942640,7.042150,0.938730,25086.828000
21.592730,6926.900000,21.516560,20240606001833.000000,8.000000,294587.323000,-111202.070000,0.428000,35.215370,-1.100840,0.990030,-1.100840,0.990030,-428723.757440,0.004750,-428723.757440,0.004750,2072.073970,13.696310,0.994460,13.696310,0.994460,25094.378000
-73.764090,6926.900000,-75.588110,20240606002134.000000,8.000000,-385933.609000,-306532.770000,-0.494740,18.973460,-41.106000,0.981630,-41.106000,0.981630,5643462.311190,0.067150,4842251.352840,0.041580,2075.233950,779.268650,0.980840,779.268650,0.980840,24813.891000
-71.173640,6926.900000,-71.642670,20240606002436.000000,8.000000,517343.952000,-147249.298000,0.475000,19.688540,-0.306500,0.955750,-0.306500,0.955750,109116.700500,0.000010,109116.700500,0.000010,2069.456570,10.942330,0.997940,10.942330,0.997940,24652.733000
26.232730,6926.900000,21.636370,20240606002739.000000,8.000000,36494.401000,-31751.039000,-0.426600,146.251550,-0.364780,0.621720,-0.370600,0.625180,169057.302400,0.004630,294161.266350,0.008490,2062.754840,5.602920,0.550890,5.745300,0.554830,24291.263000
21.602730,6926.900000,21.500670,20240606003027.000000,8.000000,900.791000,-269674.480000,0.228000,12.682820,-0.202070,0.140700,-11.717420,0.639710,-154.363830,0.002570,-154.363830,0.002570,2056.446000,4.323930,0.510280,63.645800,0.857240,25434.037000
21.715450,6926.900000,21.631330,20240606003325.000000,8.000000,-29697.678000,-156488.023000,0.332000,146.225860,-0.184310,0.813560,-0.184310,0.813560,-133236.371020,0.090740,-133236.371020,0.090740,2072.646120,4.375080,0.985800,6.185860,0.989470,24261.187000
173.730450,6926.900000,175.318440,20240606003626.000000,8.000000,-83960.190000,-172094.747000,0.475000,20.119920,0.081760,0.495670,0.173260,0.500010,60316.647730,0.012790,247884.007890,0.030180,2064.726960,3.459840,0.901850,12.572490,0.963660,25137.266000
21.638180,6926.900000,21.547110,20240606003927.000000,8.000000,29121.758000,-273094.047000,0.428000,35.338460,-1.873760,0.993400,-1.873760,0.993400,42043.837930,0.006510,42043.837930,0.006510,2077.933420,22.804380,0.994490,22.804380,0.994490,25123.083000
-74.890000,6926.900000,-75.706110,20240606004227.000000,8.000000,-877823.564000,-318281.881000,-0.494000,18.974520,-55.495970,0.981510,-55.495970,0.981510,3992779.939050,0.003970,3912876.609970,0.003990,2078.481460,1074.783240,0.982460,1074.783240,0.982460,24855.204000
-71.690000,6926.900000,-71.320330,20240606004527.000000,8.000000,109779.172000,-215591.873000,0.475000,19.685400,-0.626540,0.959720,-0.626540,0.959720,307372.019170,0.013690,307372.019170,0.013690,2078.408280,21.884970,0.996370,21.884970,0.996370,24694.714000
26.315000,6926.900000,21.753080,20240606012737.000000,8.000000,-98520.743000,-185136.590000,-0.536120,146.075560,0.125660,0.193350,0.191630,0.196280,412475.008310,0.049670,415715.650370,0.050040,2084.739970,-6.896090,0.640510,-6.904440,0.623300,24260.840000
21.732730,6926.900000,21.612440,20240606013024.000000,8.000000,-386730.070000,-389906.026000,0.228000,12.667930,-0.444690,0.642610,-1.090770,0.579670,2387664.857410,0.006850,2387664.857410,0.006850,2074.737760,1.526450,0.156010,20.636800,0.047490,25528.101000
21.831820,6926.900000,21.735890,20240606013322.000000,8.000000,-335624.801000,-299009.693000,0.331000,145.867870,-0.087010,0.329110,-1.267690,0.408580,1290377.255890,0.043920,1290377.255890,0.043920,2090.997450,4.622830,0.980900,6.603220,0.982460,24294.105000
172.457730,6926.900000,175.098110,20240606013623.000000,8.000000,23654.216000,-330637.555000,0.475000,20.101470,-0.035560,0.241100,-0.035560,0.241100,232395.034660,0.027240,232395.034660,0.027240,2089.349320,3.758360,0.982370,5.382670,0.984310,25229.266000
21.785910,6926.900000,21.691560,20240606013924.000000,8.000000,-194313.256000,-179243.383000,0.427000,35.443880,-2.095090,0.987930,-2.095090,0.987930,-22680499.600680,0.024890,-22680499.600680,0.024890,2086.411840,25.497620,0.987420,25.497620,0.987420,25250.220000
-74.780450,6926.900000,-75.574890,20240606014224.000000,8.000000,-130789.688000,-218756.587000,-0.492000,18.975490,-30.061650,0.972440,-30.061650,0.972440,549645.273740,0.030030,549645.273740,0.030030,2089.045690,568.152680,0.971490,568.152680,0.971490,24977.334000
-70.883180,6926.900000,-71.548000,20240606014524.000000,8.000000,-168663.310000,-281112.499000,0.475000,19.669740,-0.919860,0.969330,-0.919860,0.969330,120755.589000,0.000410,120755.589000,0.000410,2075.328160,27.135160,0.997470,27.135160,0.997470,24773.385000
26.335450,6926.900000,21.813080,20240606022737.000000,8.000000,-101708.634000,-203985.714000,-0.536000,145.971810,0.120040,0.133110,1.434900,0.158550,408980.099330,0.022140,608371.550720,0.025000,2068.048750,3.259750,0.466350,3.259750,0.466350,24321.237000
21.748180,6926.900000,21.645440,20240606023025.000000,8.000000,-877817.887000,-404703.532000,0.228000,12.661530,-1.358940,0.878100,-5.602980,0.948830,2816196.052350,0.011000,2816196.052350,0.011000,2060.955660,15.469510,0.896150,65.045750,0.973310,25616.674000
21.873180,6926.900000,21.787110,20240606023324.000000,8.000000,-269843.052000,-406398.130000,0.330000,145.916670,-0.280920,0.821240,-0.717980,0.846200,-3488512.863840,0.032150,-3457325.357080,0.032480,2072.662790,6.732740,0.974070,15.889350,0.994920,24350.238000
169.952270,6926.900000,174.949560,20240606023625.000000,8.000000,308336.336000,-174956.909000,0.475000,20.096390,0.021570,0.187250,0.098170,0.227330,-24830084.437010,0.154890,-33776904.432680,0.047930,2061.073400,2.198530,0.941280,5.502980,0.957880,25326.227000
21.812270,6926.900000,21.709330,20240606023928.000000,8.000000,424246.716000,-182513.653000,0.427000,35.348420,-0.880550,0.991120,-0.880550,0.991120,492082.098620,0.001190,492082.098620,0.001190,2072.939860,11.827510,0.995800,11.827510,0.995800,25320.963000
-75.025000,6926.900000,-75.585000,20240606024227.000000,8.000000,-877539.085000,-252802.810000,-0.492000,18.972430,-53.509510,0.978110,-53.509510,0.978110,-1928528.066270,0.005110,-1928528.066270,0.005110,2073.251520,1032.106080,0.976880,1067.943300,0.973320,25041.864000
-70.980000,6926.900000,-71.571670,20240606024528.000000,8.000000,-193857.672000,-46379.851000,0.474740,19.670760,-0.841350,0.964650,-0.841350,0.964650,850269.940290,0.000960,1501063.487980,0.002650,2064.091950,27.998640,0.996660,27.998640,0.996660,24827.441000
26.683180,6926.900000,21.722310,20240606032737.000000,8.000000,1090.070000,-86227.898000,-0.536120,146.068160,-0.222340,0.436600,-1.526790,0.613670,-673.150600,0.007120,-1125.242830,0.008580,2060.988970,0.087310,0.001370,0.087310,0.001370,24323.283000
21.667270,6926.900000,21.557890,20240606033025.000000,8.000000,-291415.317000,-188261.929000,0.228000,12.656930,-1.072300,0.944810,-3.407290,0.979290,385882.119070,0.000180,385882.119070,0.000180,2068.407970,10.053110,0.950000,32.784810,0.989190,25531.220000
21.702730,6926.900000,21.631560,20240606033323.000000,8.000000,-952788.555000,-179391.638000,0.329000,145.965470,-0.468270,0.830140,-0.468270,0.830140,-32010606.271880,0.035520,-32049212.002130,0.036480,2062.515690,11.007120,0.981750,18.219480,0.995040,24322.837000
169.934550,6926.900000,174.917220,20240606033624.000000,8.000000,126575.037000,-153938.693000,0.476000,20.087010,-0.010050,0.034690,-0.010050,0.034690,-3086660.897700,0.029340,-2892454.188660,0.029580,2069.146080,3.417810,0.955410,10.189570,0.988700,25241.016000
21.625000,6926.900000,21.544670,20240606033924.000000,8.000000,748.618000,-190010.699000,0.426000,35.348100,-1.525660,0.989090,-1.525660,0.989090,-3943.584130,0.045250,-3943.584130,0.045250,2060.695760,20.977550,0.991120,20.977550,0.991120,25293.287000
-75.160000,6926.900000,-75.673000,20240606034224.000000,8.000000,-1837.243000,-145638.023000,-0.492260,18.972980,-26.384660,0.980210,-26.384660,0.980210,63968.163880,0.021420,36551.199660,0.020890,2058.636530,513.340090,0.979200,513.340090,0.979200,25013.773000
-71.109090,6926.900000,-71.635110,20240606034524.000000,8.000000,740.093000,-164864.978000,0.474740,19.673500,-0.877470,0.973530,-1.814690,0.800890,-4865.760600,0.000580,18.808740,0.000000,2061.632380,23.491230,0.994250,23.491230,0.994250,24744.867000
24.583640,6926.900000,21.564950,20240606042737.000000,8.000000,-581966.858000,-319070.884000,-0.535880,145.988370,-0.825300,0.858100,-0.825300,0.858100,-5049648.410900,0.010240,-34067217.598890,0.038060,2069.312590,-8.109520,0.732940,-24.164660,0.843390,24307.342000
21.601820,6926.900000,21.498110,20240606043025.000000,8.000000,98875.715000,-560070.167000,0.228230,12.649600,-0.642510,0.931490,-1.875610,0.950330,2261.907360,0.000000,2261.907360,0.000000,2069.047900,4.566570,0.850670,25.642680,0.944010,25454.049000
21.645000,6926.900000,21.569110,20240606043324.000000,8.000000,15835.825000,-264120.465000,0.328000,145.965470,-0.156970,0.758340,-0.156970,0.758340,5255.324230,0.001060,31627.786350,0.009690,2069.354200,4.002450,0.988640,5.264370,0.990670,24309.613000
166.310000,6926.900000,174.757440,20240606043625.000000,8.000000,-226254.610000,-178192.295000,0.476000,20.072100,-0.017810,0.053230,-0.017810,0.053230,794123.856290,0.012910,794123.856290,0.012910,2070.602590,4.785880,0.977850,10.106260,0.990080,25173.655000
21.575000,6926.900000,21.491560,20240606043925.000000,8.000000,-536767.082000,-302209.071000,0.426000,35.385660,-1.876810,0.988620,-1.876810,0.988620,2690793.321260,0.003440,2690793.321260,0.003440,2073.993150,21.199130,0.993570,21.199130,0.993570,25287.351000
-75.565000,6926.900000,-75.530000,20240606044225.000000,8.000000,-6279.516000,-214089.074000,-0.492000,18.966510,-24.100010,0.979190,-24.100010,0.979190,10250.859780,0.000030,10250.859780,0.000030,2061.551130,470.766420,0.977740,484.004190,0.974900,25025.458000
-71.335000,6926.900000,-71.611440,20240606044526.000000,8.000000,-389564.979000,-348731.912000,0.474740,19.672340,-1.001630,0.960310,-1.001630,0.960310,-555746.511470,0.000940,-555746.511470,0.000940,2061.699760,31.491780,0.995460,31.491780,0.995460,24733.698000
24.950000,6926.900000,21.514730,20240606052737.000000,8.000000,232640.227000,-260949.245000,-0.536120,145.771680,0.209330,0.342990,0.209330,0.342990,2374122.521260,0.005680,1639418.753880,0.007550,2069.477490,-3.817730,0.398020,-3.788180,0.396640,24272.422000
21.530000,6926.900000,21.423000,20240606053025.000000,8.000000,-763786.687000,-141802.556000,0.228000,12.644340,-0.113870,0.014300,-6.172730,0.200530,-27981266.880830,0.010920,-27981266.880830,0.010920,2071.874490,8.874060,0.617310,48.192880,0.779300,25357.548000
21.576360,6926.900000,21.516560,20240606053324.000000,8.000000,365200.088000,-153795.324000,0.328000,145.680800,-0.135040,0.790630,-0.297970,0.816890,3798690.701200,0.019230,3798690.701200,0.019230,2085.966250,3.228140,0.970790,5.967510,0.987820,24279.535000
165.162270,6926.900000,174.696110,20240606053625.000000,8.000000,86440.859000,-222452.937000,0.475260,20.054740,-0.076050,0.578450,-0.076050,0.578450,-1024680.488620,0.017280,-1024680.488620,0.017280,2084.452650,3.451460,0.972720,7.486680,0.985240,25116.163000
21.542270,6926.900000,21.458560,20240606053926.000000,8.000000,-98222.120000,-403179.689000,0.425740,35.413060,-1.952930,0.989520,-1.952930,0.989520,10731365.352510,0.136570,13619059.351980,0.041560,2085.714500,22.054450,0.990230,22.054450,0.990230,25241.904000
-74.820450,6926.900000,-75.377000,20240606054229.000000,8.000000,-6676.689000,-93812.302000,-0.492000,18.956490,-24.076950,0.982920,-24.076950,0.982920,-23269.564850,0.018170,-23269.564850,0.018170,2084.520740,461.469090,0.982050,461.469090,0.982050,24981.311000
-71.109090,6926.900000,-71.564110,20240606054529.000000,8.000000,-232420.379000,-217249.109000,0.474000,19.677190,-0.958160,0.967110,-0.958160,0.967110,-674368.499710,0.023190,-1019223.754420,0.026320,2075.442750,27.186730,0.996100,27.186730,0.996100,24690.596000
24.665000,6926.900000,21.581210,20240606062737.000000,8.000000,-684534.639000,-318863.669000,-0.536120,145.875240,-0.574360,0.827360,-0.574360,0.827360,4136586.065630,0.008710,4136586.065630,0.008710,2078.080940,-1.059120,0.077820,-1.132410,0.077560,24299.094000
21.613180,6926.900000,21.511440,20240606063025.000000,8.000000,-25735.590000,-353587.552000,0.228000,12.674900,-1.079070,0.983540,-1.824310,0.987890,-1501.150160,0.000000,-1501.150160,0.000000,2068.889130,10.311410,0.989220,18.242230,0.995270,25460.831000
21.684550,6926.900000,21.620890,20240606063323.000000,8.000000,-568039.770000,-188103.414000,0.327000,145.697340,-0.303860,0.800910,-0.303860,0.800910,1194896.033020,0.174970,2838766.592840,0.017040,2073.591830,7.131110,0.984480,11.826790,0.989930,24297.645000
166.978640,6926.900000,174.744440,20240606063626.000000,8.000000,1022.939000,-134267.275000,0.475260,20.040670,-0.037740,0.261440,-0.037740,0.261440,-100.563270,0.000880,-13.675540,0.000870,2081.295690,4.768800,0.979980,10.342510,0.995160,25210.320000
21.585910,6926.900000,21.537330,20240606063927.000000,8.000000,676.183000,-121647.385000,0.425000,35.506800,-1.961610,0.991310,-1.961610,0.991310,1694.676340,0.001210,3189.656420,0.001560,2081.360120,23.310790,0.992280,23.310790,0.992280,25247.124000
-75.475000,6926.900000,-75.354780,20240606064228.000000,8.000000,-389745.830000,-45243.667000,-0.491740,18.951420,-33.061030,0.985490,-33.061030,0.985490,400794.662200,0.000210,400794.662200,0.000210,2072.995480,635.920040,0.984830,635.920040,0.984830,24997.055000
-71.335000,6926.900000,-71.580220,20240606064529.000000,8.000000,1016.947000,-23370.330000,0.475000,19.679370,-0.592760,0.942910,-1.098360,0.949420,199.241960,0.020320,199.241960,0.020320,2083.550100,21.318780,0.991350,21.318780,0.991350,24721.198000
24.705450,6926.900000,21.762640,20240606072737.000000,8.000000,596880.000000,-234579.869000,-0.536120,145.714740,-0.147680,0.563710,-0.147680,0.563710,-3450462.615550,0.002510,-3460878.195560,0.002530,2081.143520,1.301670,0.547750,1.301670,0.547750,24376.295000
21.911360,6926.900000,21.838560,20240606073024.000000,8.000000,411737.960000,-391553.730000,0.228230,12.673680,-0.507600,0.928600,-1.432710,0.959410,189137.057640,0.004020,342342.334640,0.005030,2070.678930,4.864370,0.951550,11.330770,0.968980,25822.529000
22.079090,6926.900000,22.022670,20240606073323.000000,8.000000,-217336.658000,-131760.449000,0.326260,145.688930,-0.240730,0.803880,-0.240730,0.803880,-405608.873010,0.008300,-405608.873010,0.008300,2074.852470,5.860210,0.983650,8.586490,0.987470,24473.425000
168.149550,6926.900000,174.806220,20240606073623.000000,8.000000,-683425.164000,-230472.974000,0.475000,20.049710,0.290720,0.864770,0.332180,0.862060,2286073.510370,0.014100,2286073.510370,0.014100,2081.956690,6.684060,0.972530,15.770480,0.990630,25655.207000
22.078180,6926.900000,21.997670,20240606073924.000000,8.000000,-95492.407000,-152118.063000,0.425760,35.313990,-1.645260,0.986310,-1.645260,0.986310,552655.794480,0.013110,552655.794480,0.013110,2096.230950,19.223740,0.991080,19.223740,0.991080,25675.620000
-75.520000,6926.900000,-75.266000,20240606074224.000000,8.000000,-589105.068000,-94153.731000,-0.489000,18.980560,-38.116000,0.986760,-38.116000,0.986760,349977902.815610,0.741520,4615030.470960,0.025430,2096.190810,723.958080,0.985710,723.958080,0.985710,25430.422000
-70.883180,6926.900000,-71.398110,20240606074525.000000,8.000000,-301998.896000,-200076.027000,0.475760,19.694900,-0.983280,0.971660,-0.983280,0.971660,-13623643.467560,0.031850,-13623643.467560,0.031850,2079.413660,27.295570,0.992090,29.154390,0.992200,25122.770000
26.973180,6926.900000,22.741430,20240606082737.000000,8.000000,897.121000,-334258.815000,-0.536120,145.971490,-0.061580,0.050370,-2.538450,0.361320,-295.802060,0.003230,-284.084840,0.003610,2088.059560,2.005150,0.255100,2.005150,0.255100,25069.514000
22.852270,6926.900000,22.763330,20240606083025.000000,8.000000,7762.173000,-176636.246000,0.228770,12.693600,-0.834880,0.887940,-3.758990,0.978100,-63427.062780,0.010900,-63350.582390,0.011050,2087.786270,7.072820,0.852790,38.740060,0.978980,27068.119000
22.966360,6926.900000,22.918560,20240606083324.000000,8.000000,1140.373000,-71477.904000,0.326000,145.916670,-0.120370,0.665050,-0.120370,0.665050,-741.659770,0.016080,-818.760770,0.016060,2085.707210,3.724020,0.978480,5.157620,0.982850,25020.115000
169.377730,6926.900000,175.135330,20240606083624.000000,8.000000,489695.658000,-72778.996000,0.475000,20.142600,0.045620,0.661670,0.110180,0.697800,-22974.971060,0.000000,-22974.971060,0.000000,2098.614510,1.717220,0.976590,3.356730,0.987050,26722.854000
22.905000,6926.900000,22.853440,20240606083924.000000,8.000000,860.151000,-34683.785000,0.429000,35.234700,-1.082290,0.984270,-1.082290,0.984270,1829.181830,0.044000,1829.181830,0.044000,2087.774680,13.826940,0.989640,13.826940,0.989640,26552.738000
-75.115000,6926.900000,-75.497000,20240606084223.000000,8.000000,-23701.281000,11211.713000,-0.485000,19.087920,-23.454290,0.988780,-23.454290,0.988780,286030.059210,0.063850,291406.316550,0.065920,2086.134770,448.360690,0.987900,448.360690,0.987900,26200.306000
-71.754550,6926.900000,-71.201780,20240606084523.000000,8.000000,-2045.393000,-66664.106000,0.474000,19.789200,-0.644140,0.968210,-0.644140,0.968210,-822.196690,0.000100,-822.196690,0.000100,2092.690300,20.533930,0.997000,21.041020,0.997010,25709.289000
25.606360,6926.900000,22.543630,20240606092737.000000,8.000000,50473.989000,-112443.083000,-0.536000,146.293250,-0.357620,0.302390,-0.521160,0.251310,-394377.239800,0.000060,-29864.532110,0.000000,2071.728520,-5.826410,0.768980,-5.609120,0.761860,25141.888000
22.700910,6926.900000,22.650000,20240606093024.000000,8.000000,1725.575000,-258806.817000,0.229000,12.741130,0.290620,0.541690,0.290620,0.541690,-779.567140,0.002690,-779.567140,0.002690,2063.533990,-0.063650,0.000670,-0.063650,0.000670,26879.632000
22.740000,6926.900000,22.710890,20240606093324.000000,8.000000,-145639.540000,-130508.054000,0.326000,146.291080,-0.189620,0.804630,-0.189620,0.804630,-889720.331620,0.059530,-902702.630680,0.061320,2059.671560,5.126780,0.991960,5.126780,0.991960,25035.952000
168.607730,6926.900000,175.308110,20240606093624.000000,8.000000,99476.527000,-188575.989000,0.474000,20.227110,-0.013530,0.057590,-0.024180,0.049440,1091844.764270,0.005320,1091844.764270,0.005320,2065.008520,3.395830,0.986750,4.443230,0.987690,26547.232000
22.758640,6926.900000,22.683440,20240606093924.000000,8.000000,-765.897000,-130623.788000,0.428000,35.584770,-1.092480,0.983150,-1.092480,0.983150,11285.678430,0.001170,11285.678430,0.001170,2057.220490,13.497900,0.990690,13.497900,0.990690,26495.325000
-76.060000,6926.900000,-75.323780,20240606094224.000000,8.000000,391280.056000,-23316.574000,-0.488000,19.161500,-12.999030,0.984760,-12.999030,0.984760,4690222.440990,0.025010,4690222.440990,0.025010,2054.242810,252.054630,0.983530,252.054630,0.983530,26119.634000
-71.754550,6926.900000,-71.185440,20240606094525.000000,8.000000,293754.999000,-121175.505000,0.474000,19.866380,-0.518080,0.971210,-0.518080,0.971210,-8984252.268150,0.005490,-2855165.152600,0.002090,2051.842670,14.666610,0.996960,14.666610,0.996960,25734.804000
26.307270,6926.900000,23.024070,20240606102737.000000,8.000000,471.099000,-141819.867000,-0.536000,146.366430,0.152060,0.724270,0.152060,0.724270,3568.611170,0.032970,3568.611170,0.032970,2043.498260,-1.515260,0.680300,-1.515260,0.680300,25439.209000
23.301360,6926.900000,23.244560,20240606103024.000000,8.000000,-389707.970000,-85990.769000,0.228230,12.784030,-0.909720,0.950030,-0.909720,0.950030,4081613.959200,0.038210,4081613.959200,0.038210,2055.394800,7.788480,0.956870,7.788480,0.956870,27500.834000
23.340000,6926.900000,23.310330,20240606103322.000000,8.000000,691.697000,-103202.425000,0.325000,146.372300,-0.496200,0.969140,-0.496200,0.969140,-1676.519280,0.006410,-1676.519280,0.006410,2063.968170,5.118750,0.991190,6.679920,0.993620,25322.465000
168.143180,6926.900000,175.299560,20240606103622.000000,8.000000,-13752.278000,-27087.238000,0.474260,20.319270,-0.004980,0.007480,0.309910,0.002720,-64977.776720,0.008050,-64977.776720,0.008050,2049.825740,3.727720,0.953520,9.734890,0.977600,27223.878000
23.321360,6926.900000,23.263780,20240606103923.000000,8.000000,939.755000,-19175.317000,0.428000,36.062480,-1.063210,0.983320,-1.063210,0.983320,-353.665050,0.003510,-353.665050,0.003510,2049.748160,13.226570,0.988090,13.572560,0.988110,26959.992000
-74.423180,6926.900000,-75.016440,20240606104224.000000,8.000000,709.440000,-30279.275000,-0.487000,19.250260,-17.416780,0.981770,-17.416780,0.981770,2597.870320,0.002340,2597.870320,0.002340,2049.601070,333.168340,0.980790,333.168340,0.980790,26546.038000
-71.109090,6926.900000,-71.100000,20240606104525.000000,8.000000,98520.335000,-4129.514000,0.473260,19.950260,-0.382000,0.931150,-0.382000,0.931150,-633078.053490,0.003420,-2566632.106680,0.007960,2049.313930,17.722180,0.996540,17.722180,0.996540,26152.908000
27.222270,6926.900000,23.610550,20240606112737.000000,8.000000,5440.549000,-171681.902000,-0.536120,146.580230,-0.424100,0.946720,-1.038170,0.961540,5404.250710,0.000390,5404.250710,0.000390,2053.428090,11.354460,0.955800,35.979890,0.993390,25659.121000
23.682270,6926.900000,23.634780,20240606113025.000000,8.000000,-218.038000,-119914.132000,0.228230,12.830760,-0.408780,0.861460,-2.724360,0.953210,8329.992850,0.022050,8329.992850,0.022050,2043.616250,3.279000,0.818800,30.763840,0.957830,28039.772000
23.848640,6926.900000,23.838670,20240606113323.000000,8.000000,-97351.030000,590.724000,0.324000,146.381180,0.013000,0.020700,0.013000,0.020700,881598.013240,0.010190,6201872.773910,0.039130,2051.301270,5.173460,0.987680,6.915980,0.989840,25594.337000
170.225000,6926.900000,175.713440,20240606113623.000000,8.000000,683.865000,-53469.163000,0.474000,20.425160,-0.054340,0.480340,-0.054740,0.462700,-3493.607860,0.010980,-3521.037910,0.011050,2056.968360,4.702660,0.979820,8.995130,0.989220,27780.861000
23.983180,6926.900000,23.894000,20240606113924.000000,8.000000,-407918.182000,24889.428000,0.428760,36.299130,-1.574910,0.986920,-1.574910,0.986920,-171848.069720,0.000200,-4140094.710290,0.011670,2052.775610,19.821100,0.991890,19.821100,0.991890,27419.053000
-74.980000,6926.900000,-74.971000,20240606114224.000000,8.000000,-3492.197000,31962.848000,-0.485000,19.353780,-16.504680,0.981970,-16.504680,0.981970,-53126.695620,0.015850,-53236.435070,0.021280,2053.157460,311.951120,0.980830,311.951120,0.980830,26990.258000
-70.980000,6926.900000,-71.012440,20240606114524.000000,8.000000,700.958000,-9073.283000,0.473740,20.025930,-0.740610,0.976150,-0.740610,0.976150,80267.563340,0.013300,56379.232690,0.012150,2054.847280,20.287680,0.998570,20.287680,0.998570,26603.989000
27.313640,6926.900000,24.470770,20240606122737.000000,8.000000,-195756.637000,-283910.490000,-0.536110,146.883020,-0.556720,0.891730,-2.200690,0.975630,-177306.305080,0.000540,-177306.305080,0.000540,2045.467120,14.215230,0.937910,44.444890,0.996140,26151.824000
24.595910,6926.900000,24.530560,20240606123024.000000,8.000000,196606.515000,17106.754000,0.228000,12.903340,-0.166700,0.501090,-1.802490,0.638820,5546971.514360,0.006690,5546971.514360,0.006690,2040.190260,-0.276230,0.030260,-0.276230,0.030260,29175.283000
25.811360,6926.900000,26.624110,20240606123323.000000,8.000000,646.640000,24985.882000,0.324000,146.845400,-0.246800,0.894880,-0.246800,0.894880,-2212.162450,0.010720,-2212.162450,0.010720,2051.812690,4.158260,0.977540,8.362740,0.989550,26171.122000
172.710000,6926.900000,176.132220,20240606123624.000000,8.000000,1096.261000,-31616.417000,0.473260,20.584910,-0.103060,0.462080,-0.102020,0.460060,616.680190,0.025030,616.680190,0.025030,2062.609820,3.885130,0.985570,6.443750,0.990840,28816.687000
25.110910,6926.900000,25.010560,20240606123925.000000,8.000000,849.018000,-19881.772000,0.429000,35.900260,-1.234190,0.988510,-1.234190,0.988510,23835.277830,0.004240,2670.789700,0.001720,2061.185210,12.982980,0.992140,12.982980,0.992140,28395.605000
-74.318180,6926.900000,-74.486330,20240606124225.000000,8.000000,1108.844000,3830.620000,-0.480000,19.527080,-12.804460,0.986620,-12.804460,0.986620,18.862060,0.000000,18.862060,0.000000,2045.854160,243.299510,0.985260,243.299510,0.985260,27921.044000
-70.553640,6926.900000,-70.757110,20240606124526.000000,8.000000,-585286.857000,-28419.660000,0.473740,20.152220,-1.179610,0.951880,-1.179610,0.951880,-318846.442080,0.000120,-318846.442080,0.000120,2053.181600,33.687460,0.997940,33.687460,0.997940,31458.394000
27.854550,6926.900000,24.406700,20240606132737.000000,8.000000,92447.413000,-327173.730000,-0.536350,147.564820,-0.301540,0.918360,-0.303470,0.919400,-1147009.016460,0.028380,-1514137.626880,0.041980,2049.049140,10.012630,0.983610,15.927850,0.998240,26544.541000
24.307270,6926.900000,24.184330,20240606133024.000000,8.000000,49.533000,-132456.122000,0.228000,12.960430,0.311370,0.331180,0.311370,0.331180,-1856.067630,0.002230,-1856.067630,0.002230,2046.243130,3.609430,0.696550,29.550800,0.743980,28569.364000
24.308640,6926.900000,24.276670,20240606133322.000000,8.000000,391426.435000,81031.983000,0.323000,147.636600,-0.072180,0.654300,-0.072180,0.654300,-2588289.161170,0.006350,-12608075.137630,0.017400,2056.853570,2.633710,0.992300,3.850510,0.996660,26293.154000
172.551360,6926.900000,176.658000,20240606133623.000000,8.000000,982.208000,82808.439000,0.472260,20.809320,0.039860,0.364940,0.059970,0.362380,-39.753740,0.041470,-34.392590,0.045400,2050.886140,3.371890,0.957010,8.329550,0.976280,28518.232000
24.232730,6926.900000,24.138670,20240606133924.000000,8.000000,10869.153000,53221.575000,0.427000,34.878610,-0.892630,0.987160,-0.892630,0.987160,-12097.884220,0.002630,-14303.902630,0.002740,2059.585380,11.396780,0.991890,11.396780,0.991890,28115.770000
-75.090450,6926.900000,-74.999780,20240606134225.000000,8.000000,163446.895000,-32509.766000,-0.488000,19.648490,-10.912280,0.978000,-10.849180,0.977880,-494603.127010,0.016220,-494603.127010,0.016220,2050.539040,207.427930,0.978460,207.427930,0.978460,27553.072000
-71.216820,6926.900000,-71.102330,20240606134526.000000,8.000000,636.352000,-25496.219000,0.473000,20.278820,-0.523090,0.936670,-0.523090,0.936670,-41255.890580,0.003950,-41255.890580,0.003950,2043.467540,16.863160,0.997480,19.849700,0.990750,29918.806000
28.027730,6926.900000,24.621760,20240606142737.000000,8.000000,-389658.550000,-197100.807000,-0.537120,147.314550,-0.786100,0.962100,-0.786100,0.962100,-6763768.491000,0.001810,-5391949.093130,0.002960,2048.165490,18.753140,0.969520,38.783850,0.997730,26483.208000
24.742730,6926.900000,24.666670,20240606143025.000000,8.000000,676681.223000,27057.627000,0.228000,13.054070,-0.271490,0.947750,-0.271490,0.947750,-10038211.504090,0.008820,-10038211.504090,0.008820,2049.532290,2.458770,0.948420,2.772810,0.944530,29079.669000
25.073640,6926.900000,25.061000,20240606143323.000000,8.000000,488533.240000,-11235.742000,0.322000,147.119470,-0.086150,0.823980,-0.086150,0.823980,-11221719.709930,0.000660,649568.672890,0.001990,2038.035770,2.110820,0.992210,3.186490,0.995960,26445.090000
173.207730,6926.900000,176.661330,20240606143623.000000,8.000000,17792.050000,24801.352000,0.472260,20.885630,0.073480,0.651480,0.082230,0.645830,-5833.305300,0.000680,-5833.305300,0.000680,2036.054660,4.280880,0.980940,7.333380,0.988170,29133.807000
25.274550,6926.900000,25.183780,20240606143924.000000,8.000000,12633.505000,-107253.660000,0.427000,35.458630,-1.324480,0.991580,-1.324480,0.991580,-59826.061630,0.031620,-59826.061630,0.031620,2060.327960,11.434180,0.989390,11.434180,0.989390,28686.922000
-74.690450,6926.900000,-74.889220,20240606144223.000000,8.000000,678883.709000,8330.500000,-0.481260,19.737870,-4.207160,0.983370,-4.207160,0.983370,13422816.973160,0.011390,13422816.973160,0.011390,2033.042940,81.390990,0.982470,81.390990,0.982470,28263.919000
-70.290450,6926.900000,-70.794780,20240606144525.000000,8.000000,1153.017000,-23361.132000,0.473000,20.352160,-0.524980,0.974470,-0.524980,0.974470,-1672.703510,0.001260,-1672.703510,0.001260,2040.265590,14.314760,0.996460,15.636050,0.996640,31323.458000
28.597270,6926.900000,25.111210,20240606152737.000000,8.000000,294807.088000,-64539.348000,-0.537120,147.597440,-0.362340,0.925340,-1.171580,0.952380,12564718.880450,0.001330,12564718.880450,0.001330,2029.917350,8.100230,0.939970,23.834870,0.986620,26781.178000
25.283180,6926.900000,25.198560,20240606153024.000000,8.000000,39170.216000,25136.585000,0.228000,13.131900,-0.655040,0.796500,-0.655040,0.796500,-37423.542800,0.002400,-37423.542800,0.002400,2027.398250,6.266220,0.843710,6.266220,0.843710,29567.889000
25.417270,6926.900000,25.375440,20240606153323.000000,8.000000,195435.518000,-67183.373000,0.321740,147.796910,-0.167300,0.873460,-0.167300,0.873460,1291859.932020,0.015900,1291859.932020,0.015900,2026.822160,3.847830,0.992550,5.733390,0.997300,26711.688000
174.595000,6926.900000,176.822890,20240606153623.000000,8.000000,-5549.571000,-24305.614000,0.472260,21.009490,0.039160,0.314300,0.067950,0.315960,-38098.925990,0.006450,-38098.925990,0.006450,2025.117860,4.153400,0.986210,6.083410,0.990130,29354.901000
25.343180,6926.900000,25.252220,20240606153923.000000,8.000000,567.602000,-28356.190000,0.425000,34.363460,-1.028520,0.981520,-1.028520,0.981520,-4806.936920,0.042260,-4806.936920,0.042260,2041.628470,12.288610,0.990080,12.288610,0.990080,28817.664000
-74.235450,6926.900000,-74.477110,20240606154224.000000,8.000000,5346.807000,24556.082000,-0.483000,19.875390,-12.143040,0.980140,-12.143040,0.980140,-17237.529380,0.008790,-28930.389270,0.010550,2043.907910,225.721060,0.979060,225.721060,0.979060,28231.063000
-70.610910,6926.900000,-70.579330,20240606154525.000000,8.000000,-14253.562000,-513.327000,0.473000,20.458410,-0.448870,0.942080,-0.448870,0.942080,-57993.210370,0.034760,-51739.723600,0.036990,2027.919860,15.143010,0.998360,16.708830,0.998650,30095.127000
28.649550,6926.900000,25.178460,20240606162737.000000,8.000000,1020.899000,-316745.363000,-0.537120,147.739520,-0.531970,0.960660,-0.539330,0.961450,67.021730,0.088180,67.021730,0.088180,2034.776840,13.674300,0.975330,23.994010,0.994540,27148.921000
24.980910,6926.900000,24.885330,20240606163027.000000,8.000000,545.372000,-13154.839000,0.227000,13.202100,-0.336520,0.657200,-4.856610,0.846520,2188.407650,0.039770,2188.407650,0.039770,2026.653930,2.929170,0.594750,57.339930,0.843010,29478.865000
25.245000,6926.900000,25.179560,20240606163325.000000,8.000000,719.943000,33039.339000,0.320260,147.873300,-0.054290,0.235570,-1.545690,0.488910,3824.144390,0.020530,4255.458810,0.021910,2038.892900,4.244210,0.967810,11.929490,0.996890,26751.760000
174.434090,6926.900000,177.159110,20240606163625.000000,8.000000,1330.470000,24086.429000,0.472260,21.105100,0.041900,0.357870,0.041730,0.355120,-448.750220,0.007000,-448.750220,0.007000,2034.810350,4.640820,0.984890,7.132220,0.989430,29155.075000
25.145450,6926.900000,25.050330,20240606163926.000000,8.000000,-265382.460000,17204.622000,0.424000,34.243760,-1.131640,0.988690,-1.131640,0.988690,496340.597240,0.004210,478910.752960,0.004180,2036.342220,14.357550,0.994420,14.357550,0.994420,28794.983000
-74.690450,6926.900000,-74.749220,20240606164227.000000,8.000000,-194177.183000,-32414.518000,-0.485000,19.949440,-14.599910,0.982080,-14.599910,0.982080,588601.188430,0.000200,588601.188430,0.000200,2039.803220,271.124270,0.981050,271.124270,0.981050,28197.424000
-70.980000,6926.900000,-70.824560,20240606164527.000000,8.000000,880.079000,-86652.252000,0.471740,20.527740,-0.531660,0.960260,-0.531660,0.960260,-553.583170,0.006010,-553.583170,0.006010,2033.504920,14.773200,0.998720,17.105900,0.999200,29622.729000
29.157730,6926.900000,25.702750,20240606172737.000000,8.000000,-188494.450000,-412965.745000,-0.537000,147.748560,-0.799690,0.983080,-0.799690,0.983080,185516.838840,0.007420,351431.250440,0.009670,2038.454430,18.122240,0.981270,28.254880,0.998260,27315.536000
25.604090,6926.900000,25.490110,20240606173025.000000,8.000000,-293129.664000,-189127.523000,0.227000,13.268070,-1.122470,0.867110,-4.541410,0.942100,2023194.217210,0.004280,2023194.217210,0.004280,2053.411380,8.840150,0.750680,54.172160,0.897180,30125.918000
25.795910,6926.900000,25.729560,20240606173324.000000,8.000000,5937.606000,-30857.385000,0.320000,147.847930,-0.218110,0.874220,-0.218110,0.874220,-42822.418730,0.060520,-55160.492710,0.063970,2057.609960,4.644140,0.995290,6.038930,0.997370,27017.365000
178.340910,6926.900000,177.347000,20240606173625.000000,8.000000,389541.720000,89959.999000,0.473000,21.189030,-0.042500,0.558550,-0.041030,0.548180,-72741.906740,0.000710,-72741.906740,0.000710,2047.068760,2.393780,0.976560,3.510460,0.980330,29657.970000
25.801820,6926.900000,25.704560,20240606173925.000000,8.000000,-681090.675000,-153922.414000,0.423000,33.777180,-1.726240,0.993000,-1.726240,0.993000,-1959784.921240,0.003880,-1959784.921240,0.003880,2037.070620,18.167470,0.994830,19.414910,0.994950,29202.021000
-74.194090,6926.900000,-74.555440,20240606174226.000000,8.000000,-1457.789000,-45325.077000,-0.482000,20.026970,-12.326640,0.983630,-12.326640,0.983630,-11792.075690,0.017530,-62917.532690,0.052840,2035.669740,235.094920,0.981580,235.094920,0.981580,28790.625000
-70.249090,6926.900000,-70.794780,20240606174527.000000,8.000000,331605.925000,131135.320000,0.472000,20.598780,-0.209100,0.894520,-0.209100,0.894520,89516149.982100,0.000450,63540331.296760,0.016740,2034.890960,7.896190,0.997910,8.319980,0.997970,29238.690000
29.075910,6926.900000,31.501430,20240606182737.000000,8.000000,797.692000,-336646.157000,-0.537120,143.092530,-0.404560,0.892160,-1.401250,0.967590,-846.350940,0.004020,-846.350940,0.004020,2055.819570,11.525980,0.958440,32.623480,0.998040,27291.692000
25.045000,6926.900000,24.925440,20240606183025.000000,8.000000,6603.961000,-137054.576000,0.227000,13.330830,-0.581810,0.938030,-0.581810,0.938030,1450.550630,0.000080,1450.550630,0.000080,2056.781780,3.233050,0.742380,3.233050,0.742380,29284.650000
25.240000,6926.900000,25.184220,20240606183324.000000,8.000000,42190.722000,-11384.404000,0.319000,147.873600,-0.093610,0.614370,-0.154940,0.599180,34432.814800,0.000550,350098.221500,0.003030,2057.075710,3.645710,0.989110,4.346950,0.989700,26878.436000
178.408180,6926.900000,177.452330,20240606183625.000000,8.000000,-62318.043000,2503.282000,0.473000,21.248520,0.055390,0.455150,0.055410,0.454500,467717.646100,0.020760,476473.767400,0.034260,2055.288730,4.483800,0.977880,11.193100,0.995680,29048.431000
25.141360,6926.900000,25.062780,20240606183926.000000,8.000000,810.834000,-69615.991000,0.422000,33.635270,-0.981240,0.982940,-0.981240,0.982940,1319.700080,0.045460,1319.700080,0.045460,2064.822200,11.436530,0.990590,11.436530,0.990590,28839.064000
-74.649090,6926.900000,-74.930330,20240606184228.000000,8.000000,195026.773000,-28833.247000,-0.485240,20.091470,-9.882710,0.985150,-9.882710,0.985150,131560.784360,0.000150,131560.784360,0.000150,2068.810260,176.573600,0.983210,176.573600,0.983210,30088.028000
-70.949550,6926.900000,-70.921330,20240606184529.000000,8.000000,308640.097000,-7744.476000,0.472740,20.656440,-0.446670,0.974980,-0.446670,0.974980,2740357.855080,0.048830,2740357.855080,0.048830,2067.943380,8.788350,0.989340,14.799130,0.995790,28571.563000
29.296360,6926.900000,24.411210,20240606192737.000000,8.000000,-585293.447000,-472026.125000,-0.537120,147.910320,-0.760820,0.948290,-2.499790,0.969220,-269780.317940,0.000560,-269780.317940,0.000560,2042.248620,16.983300,0.945590,53.185480,0.987460,26899.569000
24.134090,6926.900000,24.069670,20240606193025.000000,8.000000,76584.544000,-30605.566000,0.226000,13.367800,-1.106440,0.985760,-2.127700,0.993230,-429514.237760,0.009010,-429514.237760,0.009010,2030.731480,11.628230,0.983590,26.544640,0.997440,28265.749000
24.376360,6926.900000,24.308780,20240606193323.000000,8.000000,1604.381000,55583.454000,0.318000,147.847710,-0.351340,0.933040,-0.913500,0.952610,-14900.154480,0.006020,-14900.154480,0.006020,2032.169340,6.557260,0.983080,14.614590,0.997530,26508.013000
173.620000,6926.900000,176.995330,20240606193624.000000,8.000000,-406988.941000,-24147.715000,0.473000,21.236290,-0.137950,0.759690,-0.137950,0.759690,1827110.428990,0.006390,1827110.428990,0.006390,2030.315020,6.396600,0.982720,15.439610,0.996530,28071.217000
24.215450,6926.900000,24.127440,20240606193924.000000,8.000000,-392799.261000,1112.378000,0.420000,34.409210,-0.813190,0.915060,-0.813190,0.915060,-996787.298830,0.004500,-3798766.226730,0.010620,2039.961210,20.754270,0.989870,20.754270,0.989870,27949.746000
-74.554550,6926.900000,-74.982780,20240606194224.000000,8.000000,1958.643000,-89081.492000,-0.493490,20.055200,-12.643910,0.986120,-12.643910,0.986120,-14002.525250,0.036580,-13529.824140,0.036670,2047.022710,230.580770,0.984960,230.580770,0.984960,29192.525000
-70.949550,6926.900000,-70.951110,20240606194524.000000,8.000000,17788.964000,-25383.697000,0.472000,20.646460,-0.494500,0.966270,-0.494500,0.966270,1499873.884910,0.093190,1499873.884910,0.093190,2030.674240,13.844160,0.994850,20.289040,0.997660,28935.759000
28.660450,6926.900000,23.553850,20240606202737.000000,8.000000,-413619.376000,-388491.218000,-0.536350,147.448200,-1.231650,0.926460,-4.854740,0.992270,569669.773670,0.001960,569669.773670,0.001960,2053.959010,25.594340,0.949640,92.050130,0.999060,26485.511000
23.337270,6926.900000,23.274890,20240606203024.000000,8.000000,30475.894000,77327.674000,0.226230,13.374190,-1.148830,0.989880,-2.122180,0.997020,256725.427500,0.023670,304189.555140,0.047150,2029.761620,8.446290,0.955280,23.278610,0.991740,27345.366000
23.484550,6926.900000,23.433560,20240606203322.000000,8.000000,-72698.968000,26439.955000,0.317000,147.221340,-0.313970,0.922170,-0.313970,0.922170,-1325894.764610,0.062260,-1325894.764610,0.062260,2036.873440,6.549890,0.991810,9.606450,0.996220,26134.002000
176.233180,6926.900000,176.604560,20240606203623.000000,8.000000,311914.754000,6574.433000,0.472000,21.168130,-0.004390,0.016840,-0.004390,0.016840,702125.183940,0.001630,702125.183940,0.001630,2034.468610,3.017180,0.972270,6.290740,0.991950,27303.125000
23.410910,6926.900000,23.336670,20240606203923.000000,8.000000,6877.892000,7869.597000,0.419000,39.810090,-0.623030,0.963580,-0.623030,0.963580,40641.919470,0.005960,229106.929590,0.018920,2042.052230,9.866440,0.990600,9.866440,0.990600,27381.381000
-74.980000,6926.900000,-74.980000,20240606204223.000000,8.000000,194539.830000,6695.150000,-0.498740,19.973140,-11.823650,0.981680,-11.823650,0.981680,-3240047.981230,0.033530,-3240047.981230,0.033530,2049.754380,221.055110,0.980630,221.055110,0.980630,28029.401000
-71.205910,6926.900000,-71.106220,20240606204523.000000,8.000000,196005.056000,54860.677000,0.472740,20.595020,-0.366730,0.968610,-0.366730,0.968610,33243755.194550,0.009000,33243755.194550,0.009000,2039.221860,10.623990,0.996530,12.876450,0.997270,27661.874000
28.380000,6926.900000,23.230880,20240606212737.000000,8.000000,1151.438000,-204760.508000,-0.536110,146.906710,-0.466580,0.966380,-1.009140,0.979960,-15.232390,0.000030,-176.843620,0.005810,2074.626590,14.422230,0.978080,27.304700,0.998540,26217.174000
23.085450,6926.900000,23.022780,20240606213024.000000,8.000000,175886.719000,-53969.988000,0.226000,13.357440,0.455650,0.568650,0.436870,0.548500,-20289076.677730,0.001290,-31854416.906180,0.022190,2079.891450,6.164270,0.957870,13.127690,0.981620,27046.601000
23.172730,6926.900000,23.120220,20240606213322.000000,8.000000,-391733.070000,33415.506000,0.316000,146.995020,-0.235790,0.839850,-0.235790,0.839850,-3212120.810330,0.020730,-3212120.810330,0.020730,2142.496770,6.948370,0.998140,7.126890,0.998150,25902.162000
172.808180,6926.900000,176.012890,20240606213624.000000,8.000000,1429.692000,15824.502000,0.472000,21.081890,-0.222770,0.887250,-0.222770,0.887250,-6304.260750,0.010070,-5304.869220,0.009090,2150.988150,4.099940,0.977100,9.426320,0.994760,26949.539000
23.214550,6926.900000,23.140670,20240606213924.000000,8.000000,964.221000,7272.655000,0.418000,39.678460,-1.255000,0.978520,-1.255000,0.978520,27.671390,0.000420,18.287280,0.000360,2123.919240,9.926070,0.984970,9.926070,0.984970,27179.509000
-75.690450,6926.900000,-75.532670,20240606214224.000000,8.000000,187250.257000,43329.450000,-0.499000,19.877960,-10.202800,0.980290,-19.630300,0.005830,-841684.525840,0.004270,-1148445.706060,0.004810,2077.285390,197.138040,0.983530,197.138040,0.983530,27623.086000
-71.057270,6926.900000,-71.336670,20240606214525.000000,8.000000,-674600.150000,-31117.794000,0.472760,20.548220,-0.827320,0.960340,-0.827320,0.960340,4684348.020560,0.010330,4575378.844770,0.010460,2051.307200,21.713440,0.994990,27.750000,0.996470,27069.035000
26.218640,6926.900000,22.991430,20240606222737.000000,8.000000,-914807.085000,-372102.326000,-0.536000,146.645570,-1.188040,0.979100,-1.188040,0.979100,-145932.480290,0.000040,-145932.480290,0.000040,2090.910980,31.456790,0.973300,59.237220,0.999300,26011.581000
22.897730,6926.900000,22.837330,20240606223024.000000,8.000000,289541.813000,-70516.059000,0.226000,13.333530,-0.527690,0.977920,-0.527690,0.977920,-1455288.536830,0.025560,-1455288.536830,0.025560,2066.234110,2.497300,0.900850,2.497300,0.900850,26747.122000
22.972270,6926.900000,22.918220,20240606223322.000000,8.000000,45391.652000,35971.832000,0.316000,146.496800,-0.154730,0.818540,-0.154730,0.818540,138547.154040,0.011730,318694.756130,0.017390,2083.561770,3.936820,0.988680,5.652420,0.992140,25740.266000
170.965000,6926.900000,175.777330,20240606223624.000000,8.000000,-159818.890000,-119586.559000,0.472000,21.015840,0.672860,0.954530,0.773240,0.958120,-4012035.528170,0.033130,-4012035.528170,0.033130,2096.909470,5.095910,0.984900,10.101590,0.993580,26702.629000
22.850450,6926.900000,22.805110,20240606223923.000000,8.000000,-270003.690000,-53004.711000,0.417740,39.926490,-2.753990,0.987630,-2.753990,0.987630,12529193.716490,0.023140,11582495.291370,0.038140,2177.169890,12.391750,0.984450,12.391750,0.984450,26852.738000
-75.160000,6926.900000,-75.266110,20240606224224.000000,8.000000,-88814.850000,-5595.508000,-0.500000,19.810560,-12.583850,0.973400,-12.583850,0.973400,-1094915.274940,0.032410,-1094915.274940,0.032410,2085.227220,245.147340,0.979870,245.147340,0.979870,27397.942000
-71.238180,6926.900000,-71.352000,20240606224525.000000,8.000000,-51263.770000,-55169.270000,0.472000,20.514280,-0.490830,0.959130,-0.490830,0.959130,2113957.341210,0.030130,2113957.341210,0.030130,2045.360530,13.952610,0.996810,17.431610,0.998100,26881.066000
26.294550,6926.900000,22.553410,20240606232737.000000,8.000000,-66486.088000,-282794.486000,-0.536000,146.449050,-0.742400,0.986540,-0.742400,0.986540,-522257.366450,0.004690,-522257.366450,0.004690,2141.775700,15.041170,0.973000,31.009630,0.998380,25759.012000
22.461360,6926.900000,22.423670,20240606233025.000000,8.000000,-389706.330000,-51371.747000,0.226000,13.310120,-0.900910,0.923930,-2.590620,0.970200,-1300409.140820,0.003860,-1300409.140820,0.003860,2118.316660,6.109460,0.749480,49.089610,0.945030,26249.847000
22.528180,6926.900000,22.493110,20240606233324.000000,8.000000,490369.266000,-63414.410000,0.316000,146.364740,-0.092960,0.812920,-0.092960,0.812920,-27567298.941760,0.000900,-22111599.287260,0.001350,2111.461200,2.163320,0.978780,3.757570,0.992630,25527.461000
168.732270,6926.900000,175.388890,20240606233624.000000,8.000000,8512.490000,-29412.224000,0.471240,20.938930,-0.342090,0.967760,-0.342090,0.967760,152389.281200,0.008490,1194938.170520,0.036260,2116.084530,3.883890,0.971660,8.522270,0.987740,26308.640000
22.551820,6926.900000,22.495890,20240606233924.000000,8.000000,2520.666000,4829.182000,0.416760,39.992490,-0.911040,0.973510,-0.911040,0.973510,-1253.220670,0.001270,-1253.220670,0.001270,2109.024490,10.147240,0.982320,10.147240,0.982320,26470.549000
-74.078640,6926.900000,-75.238670,20240606234224.000000,8.000000,877.677000,35964.560000,-0.502000,19.755510,-11.922480,0.984820,-11.922480,0.984820,59203.458730,0.124210,1135.096450,0.087810,2102.880350,218.307210,0.983630,218.307210,0.983630,26559.413000
-70.894090,6926.900000,-71.154780,20240606234525.000000,8.000000,-381295.015000,-39329.518000,0.471740,20.473140,-0.669600,0.956960,-0.669600,0.956960,-102438638.583880,0.022270,-102438638.583880,0.022270,2059.870730,16.856390,0.994620,18.240060,0.994720,26600.522000
27.527270,6926.900000,22.395380,20240607000707.000000,8.000000,-1660982.436000,-477928.566000,-0.536240,146.091820,-0.631930,0.671410,-0.644080,0.674680,4059451.088460,0.008980,4003111.673060,0.009140,2159.426800,37.563890,0.969820,81.840450,0.997310,25595.677000
22.182730,6926.900000,22.148890,20240607000954.000000,8.000000,-10266.730000,83528.504000,0.226000,13.288610,-2.155440,0.994500,-2.155440,0.994500,-126848.029040,0.033040,-162605.621850,0.035500,2195.690630,3.923740,0.943770,12.755040,0.968470,25893.905000
22.188640,6926.900000,22.157220,20240607001253.000000,8.000000,-61050.849000,-101148.253000,0.316000,146.414090,-0.262890,0.883480,-0.663390,0.900200,224135.185170,0.006180,147952.983430,0.006420,2143.097410,3.618690,0.988580,5.010780,0.992990,25377.891000
171.280450,6926.900000,175.572890,20240607001553.000000,8.000000,-19343.592000,-70011.538000,0.471260,20.887900,-0.153890,0.893300,-0.153890,0.893300,15593.019750,0.007930,99226.901130,0.030010,2151.006650,4.298800,0.989910,7.328140,0.996020,26014.471000
22.096360,6926.900000,22.069220,20240607001854.000000,8.000000,-740.782000,7752.006000,0.416000,40.240520,-0.919790,0.983630,-0.919790,0.983630,7361.610400,0.007440,21750.749450,0.013330,2138.721340,7.390580,0.986150,7.390580,0.986150,26167.844000
-75.385000,6926.900000,-75.563000,20240607002154.000000,8.000000,-220074.375000,-8264.312000,-0.503260,19.700090,-13.034120,0.976930,-13.034120,0.976930,1553309.778800,0.010420,14198322.912890,0.051240,2101.323040,234.904450,0.977630,240.461480,0.975270,26149.731000
-71.435910,6926.900000,-71.304110,20240607002455.000000,8.000000,1065.606000,-27617.611000,0.471740,20.436510,-0.352130,0.921720,-0.352130,0.921720,-152.502770,0.002060,-152.502770,0.002060,2073.616020,11.992070,0.995190,11.992070,0.995190,26060.728000
25.895000,6926.900000,22.219230,20240607002759.000000,8.000000,-9398.592000,16918.526000,-0.413910,146.627510,-0.596470,0.971150,-1.424990,0.978310,63611.042600,0.024010,63611.042600,0.024010,2074.431910,14.063990,0.969360,27.960350,0.996540,25713.169000
22.152730,6926.900000,22.115780,20240607003047.000000,8.000000,1999.512000,-22905.310000,0.226000,13.276270,-0.391410,0.890190,-2.373570,0.960020,-1046.068490,0.004240,-1046.068490,0.004240,2066.080520,1.859750,0.745960,20.302570,0.867120,25884.738000
22.179550,6926.900000,22.149000,20240607003345.000000,8.000000,76700.393000,22236.106000,0.316000,146.447000,0.301150,0.902740,0.301150,0.902740,-818796.956230,0.008550,-818796.956230,0.008550,2086.856820,4.405580,0.998460,4.938750,0.998970,25373.429000
169.699550,6926.900000,175.617560,20240607003645.000000,8.000000,-190140.077000,-13054.334000,0.471240,20.860300,0.147340,0.775900,0.152030,0.776320,-439756.684980,0.005320,-439756.684980,0.005320,2133.395330,4.789730,0.975880,11.149610,0.995120,25947.880000
22.042730,6926.900000,22.014330,20240607003945.000000,8.000000,766.766000,-54429.852000,0.415760,40.308110,-1.222390,0.987720,-1.222390,0.987720,931.346950,0.020120,868.642040,0.019640,2141.532070,8.689070,0.985920,8.689070,0.985920,26083.179000
-74.915450,6926.900000,-75.321890,20240607004244.000000,8.000000,25019.406000,-38408.166000,-0.505000,19.644660,-10.995620,0.975990,-10.995620,0.975990,-40859.957890,0.004540,-40859.957890,0.004540,2099.714940,202.893550,0.974740,202.893550,0.974740,26026.256000
-71.012270,6926.900000,-71.375220,20240607004546.000000,8.000000,637.062000,1343.572000,0.471000,20.418460,-0.364820,0.941940,-0.364820,0.941940,-8237.803710,0.057800,-8369.329010,0.061030,2085.453010,12.741350,0.996720,12.741350,0.996720,25717.814000
25.647270,6926.900000,21.750550,20240607012759.000000,8.000000,-1336.397000,-117152.513000,-0.536000,146.163880,2.420380,0.996800,2.786880,0.997350,-11928.343000,0.000900,-431.568000,0.000010,2049.145230,-26.076430,0.997090,-26.076430,0.997090,25400.479000
21.652730,6926.900000,21.638560,20240607013046.000000,8.000000,320910.397000,-79990.132000,0.226000,13.242480,-0.055120,0.258380,-4.122620,0.612050,14179756.032100,0.005040,14179756.032100,0.005040,2163.408980,2.704430,0.965490,9.257860,0.988480,25226.285000
21.629090,6926.900000,21.613890,20240607013344.000000,8.000000,-44828.250000,-76091.556000,0.315000,146.225730,-0.227750,0.874650,-0.227750,0.874650,908878.865150,0.007810,908878.865150,0.007810,2173.539760,4.265290,0.993990,4.673470,0.994220,25039.668000
165.154550,6926.900000,174.934330,20240607013644.000000,8.000000,-225171.052000,-48706.769000,0.471240,20.771820,-0.170970,0.829980,-0.170970,0.829980,-2117706.169750,0.029260,-2099585.080850,0.029900,2165.441580,5.030630,0.983240,9.518870,0.992020,25420.617000
21.463640,6926.900000,21.449560,20240607013944.000000,8.000000,308754.243000,-24620.191000,0.414000,40.410100,-0.534550,0.971810,-0.534550,0.971810,-130847.351190,0.000300,-130847.351190,0.000300,2150.656440,6.392350,0.987340,7.102050,0.984580,25491.751000
-74.783180,6926.900000,-75.785560,20240607014244.000000,8.000000,-574846.921000,-47028.201000,-0.506260,19.584900,-26.131760,0.982720,-26.131760,0.982720,28062177.640040,0.028020,28229140.078370,0.028060,2160.674530,479.452920,0.980890,479.452920,0.980890,25511.015000
-71.528640,6926.900000,-71.517780,20240607014544.000000,8.000000,388835.448000,-118972.089000,0.471260,20.359870,-0.206170,0.877920,-0.206170,0.877920,2831655.867510,0.025030,2831655.867510,0.025030,2166.652890,8.048840,0.996750,9.446760,0.997320,25224.880000
25.098180,6926.900000,21.162860,20240607022758.000000,8.000000,87365.274000,-267793.501000,-0.535880,145.764290,-0.558820,0.958220,-0.558820,0.958220,-368754.192790,0.050690,-368754.192790,0.050690,2164.756230,11.951610,0.968390,24.707260,0.998900,24982.121000
21.038640,6926.900000,21.044330,20240607023046.000000,8.000000,586347.203000,-41612.080000,0.226000,13.193720,-0.201400,0.893760,-1.018890,0.956670,-12209571.363020,0.008150,-12264114.115580,0.008170,2162.224650,1.256030,0.780030,13.124110,0.958710,24500.696000
21.010000,6926.900000,21.010780,20240607023344.000000,8.000000,182284.183000,-59910.682000,0.314760,145.656840,-0.193210,0.841900,-0.193210,0.841900,1208601.639250,0.013420,1208601.639250,0.013420,2162.366810,3.300050,0.995180,3.628550,0.995480,24699.147000
165.788180,6926.900000,174.693000,20240607023645.000000,8.000000,488467.895000,-109366.216000,0.471000,20.667970,-0.010240,0.100810,-0.010240,0.100810,-2158062.779040,0.009290,-2158062.779040,0.009290,2166.930300,1.989570,0.977610,4.472480,0.992550,24850.555000
20.892730,6926.900000,20.881890,20240607023945.000000,8.000000,-767.620000,-71380.081000,0.412760,29.521130,-0.894660,0.972090,-0.894660,0.972090,-209590.965870,0.027870,-209590.965870,0.027870,2168.536320,8.939640,0.983780,8.939640,0.983780,24883.134000
-75.295910,6926.900000,-75.552110,20240607024245.000000,8.000000,-395683.581000,-190750.848000,-0.509260,19.455560,-15.609620,0.976270,-15.609620,0.976270,2218329.097060,0.000980,2218329.097060,0.000980,2166.967600,281.123580,0.975230,281.123580,0.975230,25422.989000
-71.786820,6926.900000,-71.636780,20240607024546.000000,8.000000,255648.285000,-112211.854000,0.471260,20.282430,-0.292890,0.910970,-0.292890,0.910970,2017935.745780,0.009350,1234173.696400,0.010390,2175.353980,8.973940,0.992730,11.849560,0.994980,24726.526000
24.333640,6926.900000,20.764510,20240607032758.000000,8.000000,14596.249000,-55470.769000,-0.535350,145.405040,-0.692950,0.960240,-0.612600,0.867730,20884.887470,0.001690,20884.887470,0.001690,2169.992530,13.316830,0.959390,29.185880,0.999340,24658.226000
20.570910,6926.900000,20.594440,20240607033045.000000,8.000000,-472705.508000,-222696.276000,0.226000,13.143040,-1.199760,0.966480,-2.751350,0.982410,4025172.766890,0.000350,4025172.766890,0.000350,2168.961840,8.573390,0.977990,18.357350,0.991050,23727.212000
20.531360,6926.900000,20.555220,20240607033343.000000,8.000000,-292967.201000,-99467.658000,0.313760,143.974030,-0.506540,0.955740,-0.506540,0.955740,-2870602.155250,0.000720,-2870602.155250,0.000720,2161.859130,5.803610,0.992760,8.170600,0.996840,24413.461000
164.479090,6926.900000,174.287890,20240607033644.000000,8.000000,-197311.317000,-123613.740000,0.471000,20.525590,-0.482550,0.961700,-0.485130,0.960960,5161530.191670,0.003510,11927046.975280,0.005250,2152.993760,13.043790,0.991960,13.043790,0.991960,24337.126000
20.310910,6926.900000,20.341670,20240607033945.000000,8.000000,-78934.472000,-193555.334000,0.410760,36.351470,-0.923960,0.973990,-0.923960,0.973990,-884914.629540,0.023430,-884914.629540,0.023430,2150.688070,9.962980,0.985470,9.962980,0.985470,24116.349000
-75.565000,6926.900000,-75.937000,20240607034245.000000,8.000000,-387849.065000,-133862.987000,-0.512000,19.336520,-15.413110,0.980090,-25.890260,0.076070,-413206.148770,0.000370,-413206.148770,0.000370,2156.404930,272.071510,0.978670,272.071510,0.978670,24451.634000
-71.722270,6926.900000,-71.661110,20240607034546.000000,8.000000,-534496.933000,-112968.089000,0.471000,20.195590,-0.721590,0.940830,-0.721590,0.940830,-261413.851910,0.000290,-2199442.416450,0.002200,2158.314930,18.847800,0.991110,18.847800,0.991110,24148.520000
24.550450,6926.900000,20.663190,20240607042758.000000,8.000000,707.521000,-500920.236000,-0.535110,142.769260,-0.574200,0.966970,-0.574200,0.966970,1028.079880,0.000930,942.336740,0.002700,2126.095000,13.564290,0.940990,42.724210,0.996220,24328.544000
20.450000,6926.900000,20.474890,20240607043045.000000,8.000000,320629.402000,-328238.539000,0.226000,13.085290,-0.400350,0.822900,-2.024880,0.926610,6588.431600,0.000240,286886.262340,0.005500,2113.685910,4.110680,0.922190,14.788980,0.975610,23107.670000
20.491820,6926.900000,20.522560,20240607043343.000000,8.000000,-584845.513000,-153290.516000,0.313000,145.010600,-0.510590,0.913440,-0.510590,0.913440,12163687.049610,0.005780,12163687.049610,0.005780,2114.842680,6.877880,0.988990,7.783650,0.989420,24105.340000
162.705910,6926.900000,173.835780,20240607043644.000000,8.000000,93158.272000,-542239.003000,0.471000,20.381390,-7.923090,0.994540,-7.923090,0.994540,723019.530490,0.036430,731602.008570,0.036420,2113.973100,157.313010,0.997700,157.313010,0.997700,23880.065000
20.478640,6926.900000,20.462330,20240607043945.000000,8.000000,-199578.821000,-234793.086000,0.409760,31.306640,-1.083710,0.977610,-1.083710,0.977610,260164.280100,0.000010,260164.280100,0.000010,2104.871420,11.931800,0.985890,11.931800,0.985890,23553.460000
-75.654550,6926.900000,-75.905670,20240607044245.000000,8.000000,683726.514000,-280777.721000,-0.513000,19.251700,-4.192810,0.985880,-4.192810,0.985880,1412735.034550,0.001510,1412735.034550,0.001510,2114.860660,76.702650,0.983130,76.702650,0.983130,23962.870000
-71.690000,6926.900000,-71.698890,20240607044546.000000,8.000000,123.084000,-474542.687000,0.473260,20.112800,-0.461340,0.941010,-0.461340,0.941010,-4162.709270,0.014990,-4162.709270,0.014990,2105.020830,12.083670,0.993650,14.138690,0.994320,23666.963000
24.911820,6926.900000,20.550110,20240607052758.000000,8.000000,-197150.447000,-160310.627000,-0.535350,144.870180,-1.292260,0.841340,-1.292260,0.841340,7559144.351310,0.001020,7559144.351310,0.001020,2208.778650,-1.116840,0.232430,-1.105670,0.224610,24083.837000
20.380000,6926.900000,20.405670,20240607053046.000000,8.000000,-73030.635000,-455378.372000,0.225000,13.021810,-1.810260,0.989770,-1.810260,0.989770,-1077192.332470,0.035360,-1077192.332470,0.035360,2191.445710,6.586990,0.959370,21.991400,0.987920,23060.630000
20.447270,6926.900000,20.473330,20240607053345.000000,8.000000,-3386.505000,-313887.721000,0.313000,144.915000,-0.300920,0.893630,-0.300920,0.893630,21129.553700,0.001760,17421.781270,0.001630,2167.750080,3.188500,0.991200,3.645130,0.991530,23959.947000
158.871360,6926.900000,173.517440,20240607053645.000000,8.000000,-281499.230000,-236862.630000,0.471000,20.335860,-0.091260,0.556970,-0.091260,0.556970,162838.079810,0.002890,307972.042630,0.003860,2148.259400,4.914560,0.965070,13.713520,0.989990,23753.469000
20.412730,6926.900000,20.414560,20240607053944.000000,8.000000,169542.099000,-186350.886000,0.408000,31.118790,-1.097720,0.987340,-1.097720,0.987340,1854772.852490,0.012510,1854772.852490,0.012510,2197.151300,7.874900,0.986310,8.820940,0.986700,23514.598000
-74.378180,6926.900000,-75.559220,20240607054245.000000,8.000000,296615.126000,-256470.305000,-0.513260,19.159640,-8.995520,0.982680,-8.995520,0.982680,-1795919.937350,0.013230,-1795919.937350,0.013230,2184.302160,162.037000,0.980780,162.037000,0.980780,23785.396000
-71.335000,6926.900000,-71.676560,20240607054546.000000,8.000000,-4609.383000,-12319.897000,0.473740,20.023680,-0.202490,0.673800,-1.108680,0.738470,38106.888460,0.007560,36811.719470,0.007570,2118.285250,12.790850,0.993730,15.292690,0.994580,23510.123000
24.292270,6926.900000,20.223630,20240607062758.000000,8.000000,10860.862000,-155995.698000,-0.535110,144.792270,-0.031520,0.011310,-0.031520,0.011310,-100531.083070,0.010450,-70283.184530,0.023190,2128.566100,13.862130,0.946040,39.382820,0.996250,23857.160000
20.133640,6926.900000,20.177110,20240607063045.000000,8.000000,-780370.243000,-726182.690000,0.225230,12.961130,-3.272320,0.993630,-3.272320,0.993630,165366.877900,0.000410,165366.877900,0.000410,2208.754150,9.080190,0.922050,30.328930,0.973390,22821.178000
20.148640,6926.900000,20.189670,20240607063345.000000,8.000000,-1249124.307000,-435775.847000,0.312740,144.899380,-0.736250,0.945000,-0.736250,0.945000,-630886.981200,0.004790,-3133674.749090,0.013410,2159.595150,8.440460,0.992810,9.088150,0.992970,23804.967000
155.782730,6926.900000,173.294780,20240607063646.000000,8.000000,-1464273.725000,-453669.723000,0.471000,20.241640,0.049060,0.095100,0.049060,0.095100,-2907257.070620,0.036970,-2771847.820990,0.034840,2135.448850,9.153650,0.980590,13.908450,0.984440,23486.419000
20.193180,6926.900000,20.190330,20240607063945.000000,8.000000,79367.816000,-532630.701000,0.407760,30.790040,-0.796720,0.980770,-0.796720,0.980770,179078.243710,0.006980,179078.243710,0.006980,2144.406040,8.262420,0.981330,9.187690,0.978540,23161.567000
-75.520000,6926.900000,-75.874890,20240607064247.000000,8.000000,489229.127000,-316031.795000,-0.520210,19.083590,-6.525100,0.983530,-6.525100,0.983530,-49503135.099270,0.028410,-49048364.040870,0.028560,2158.120820,121.172890,0.982580,121.172890,0.982580,23493.763000
-71.205910,6926.900000,-71.606560,20240607064547.000000,8.000000,-1268544.265000,-270113.096000,0.474000,19.940340,-0.945040,0.935010,-0.945040,0.935010,-605884.855340,0.000240,-605884.855340,0.000240,2149.838080,28.717130,0.997180,28.717130,0.997180,23326.971000
28.171360,6926.900000,20.880330,20240607072758.000000,8.000000,981.516000,-265393.138000,-0.535350,144.723440,-0.621520,0.935270,-0.621520,0.935270,51.565480,0.003590,65.575980,0.010440,2093.386570,13.589130,0.943460,36.646740,0.994400,23913.669000
20.597270,6926.900000,20.641220,20240607073046.000000,8.000000,201672.173000,-517138.935000,0.225000,12.910340,-0.618390,0.972110,-1.577560,0.991340,22626.488970,0.000430,865565.587180,0.008640,2084.229360,2.295660,0.770290,29.360390,0.980550,23000.545000
20.794090,6926.900000,20.825670,20240607073344.000000,8.000000,-551379.942000,-67551.746000,0.312000,144.891570,-0.200880,0.781280,-0.697750,0.846980,-4487411.728630,0.023260,-4487411.728630,0.023260,2087.888980,6.444370,0.981660,10.483040,0.992800,23906.159000
166.731360,6926.900000,173.679000,20240607073645.000000,8.000000,-1369231.510000,-272673.179000,0.471000,20.175770,0.174930,0.576470,0.337240,0.579950,884786.044620,0.000680,884786.044620,0.000680,2099.615210,9.268750,0.990350,13.284430,0.993580,23783.237000
20.849550,6926.900000,20.825890,20240607073945.000000,8.000000,-832085.148000,-335136.416000,0.408510,32.193820,-1.986260,0.980810,-1.986260,0.980810,-1181186.692460,0.002960,-1181186.692460,0.002960,2091.736340,18.297840,0.983710,20.354010,0.980570,23312.492000
-75.340000,6926.900000,-75.772780,20240607074245.000000,8.000000,-172397.102000,-430269.673000,-0.512260,19.041940,-15.628470,0.986060,-15.628470,0.986060,10860507.619990,0.022980,6510568.764450,0.019130,2093.795150,287.430690,0.982620,287.430690,0.982620,23866.824000
-71.625450,6926.900000,-71.463220,20240607074545.000000,8.000000,1076.928000,-223553.514000,0.475000,19.893440,-0.471690,0.954860,-0.471690,0.954860,170.043620,0.008140,170.043620,0.008140,2079.234810,12.969660,0.990670,12.969660,0.990670,23574.773000
25.757270,6926.900000,21.722970,20240607082758.000000,8.000000,26952.796000,-305632.841000,-0.535350,144.708890,-0.556960,0.953530,-0.556960,0.953530,335083.997430,0.002050,335083.997430,0.002050,2069.377670,13.817450,0.957970,34.529230,0.996380,24225.574000
21.607270,6926.900000,21.621560,20240607083046.000000,8.000000,-1452569.337000,-386455.255000,0.225000,12.887610,-1.921400,0.920690,-5.500310,0.965480,-26634725.236720,0.002880,-26634725.236720,0.002880,2064.118430,16.550160,0.915190,52.299200,0.969260,23711.329000
21.917730,6926.900000,21.935780,20240607083344.000000,8.000000,-404026.046000,-500266.702000,0.312000,144.907190,-0.544320,0.989000,-0.544320,0.989000,409687.678450,0.000670,409687.678450,0.000670,2078.601910,5.422110,0.978930,10.188600,0.995120,24249.753000
156.703640,6926.900000,173.473890,20240607083645.000000,8.000000,-25903.639000,-318961.434000,0.471000,20.172930,-0.003820,0.006370,-0.003820,0.006370,65857.592350,0.002520,65857.592350,0.002520,2067.730200,4.269030,0.985840,7.304990,0.992140,24368.596000
21.927730,6926.900000,21.897110,20240607083944.000000,8.000000,-852796.187000,-275557.086000,0.410000,33.000810,-1.734610,0.974600,-1.734610,0.974600,1232460.794520,0.002730,1232460.794520,0.002730,2068.688800,18.296480,0.977250,18.296480,0.977250,23920.884000
-75.340000,6926.900000,-75.310000,20240607084245.000000,8.000000,195873.909000,-318412.776000,-0.508490,19.083090,-10.331880,0.985010,-10.331880,0.985010,36175.240440,0.000020,36175.240440,0.000020,2075.792400,196.151330,0.984430,196.151330,0.984430,24708.959000
-71.141360,6926.900000,-71.430000,20240607084546.000000,8.000000,292818.991000,-326784.905000,0.475000,19.896680,-0.326470,0.963270,-0.326470,0.963270,-8352319.492640,0.001760,-8352319.492640,0.001760,2073.752230,8.327690,0.996950,8.327690,0.996950,24261.555000
25.323180,6926.900000,22.802200,20240607092758.000000,8.000000,801.634000,-121665.931000,-0.535110,145.224580,-0.455810,0.920390,-0.455810,0.920390,-1115.642400,0.037600,-1115.642400,0.037600,2081.021170,12.239980,0.964010,28.832640,0.999280,24707.833000
22.737730,6926.900000,22.734000,20240607093046.000000,8.000000,-908.664000,-113053.928000,0.225000,12.888400,-1.046050,0.992090,-1.046050,0.992090,97105.102600,0.002000,97105.102600,0.002000,2081.847830,5.613400,0.986790,7.126650,0.987270,24474.917000
23.272730,6926.900000,23.256890,20240607093345.000000,8.000000,892667.212000,-112566.053000,0.312000,145.249600,-0.011510,0.624640,-0.013360,0.619610,53096679.900140,0.024660,53096679.900140,0.024660,2071.643220,0.354550,0.988860,0.476170,0.990330,24698.744000
159.449090,6926.900000,174.131890,20240607093646.000000,8.000000,-96509.449000,-227504.557000,0.470240,20.241700,0.077270,0.583720,0.203190,0.614780,-27201.350300,0.000670,-44737.256150,0.000790,2073.920010,4.100850,0.984270,7.797120,0.992700,25013.778000
23.090910,6926.900000,23.008890,20240607093945.000000,8.000000,-12422.990000,-17468.179000,0.410760,32.598460,-0.936340,0.986620,-0.936340,0.986620,299597.442740,0.029660,299597.442740,0.029660,2069.488940,10.413570,0.993060,10.413570,0.993060,24392.475000
-75.471360,6926.900000,-75.277890,20240607094247.000000,8.000000,1937.279000,-324148.439000,-0.501000,19.175520,-13.592880,0.986320,-13.592880,0.986320,34409.582020,0.008960,170622.818000,0.027320,2066.856160,253.967950,0.984400,253.967950,0.984400,25170.067000
-71.335000,6926.900000,-71.154780,20240607094548.000000,8.000000,-585575.685000,-257262.161000,0.476740,19.950460,-1.226240,0.969200,-1.226240,0.969200,33943606.926810,0.047330,33943606.926810,0.047330,2059.418960,20.535440,0.997280,20.535440,0.997280,24800.352000
27.195910,6926.900000,24.880770,20240607102758.000000,8.000000,-195109.915000,-210777.039000,-0.536120,145.739680,-0.480260,0.877140,-1.955310,0.917800,219433.523590,0.001240,219433.523590,0.001240,2059.016630,12.248240,0.959140,28.310440,0.985500,25133.483000
24.010450,6926.900000,23.944440,20240607103045.000000,8.000000,200249.705000,-111376.030000,0.224000,12.935160,-0.149120,0.249360,-1.009790,0.156470,3665255.840120,0.014020,3665255.840120,0.014020,2053.560780,-0.209240,0.010680,-0.209240,0.010680,25002.532000
24.677270,6926.900000,24.683780,20240607103344.000000,8.000000,-281308.006000,12643.069000,0.311000,145.713500,-0.287020,0.801670,-0.287020,0.801670,-8670745.940160,0.058790,-3926663.813850,0.042630,2049.787300,5.566310,0.994460,7.946750,0.998130,25159.770000
164.333640,6926.900000,174.903440,20240607103645.000000,8.000000,-487262.608000,-54311.090000,0.471000,20.368390,-0.016990,0.018800,-0.016990,0.018800,4632343.029900,0.046850,4602989.255900,0.046940,2045.705830,4.936060,0.979760,6.697470,0.981130,25387.235000
24.301360,6926.900000,24.199440,20240607103944.000000,8.000000,453287.107000,-93742.154000,0.410000,33.933040,-0.601060,0.980570,-0.601060,0.980570,422834.719910,0.002400,422834.719910,0.002400,2039.262170,6.487080,0.988060,6.487080,0.988060,24581.527000
-74.168640,6926.900000,-74.925890,20240607104244.000000,8.000000,-288606.953000,15464.421000,-0.492000,19.303620,-16.460820,0.985200,-16.460820,0.985200,-18341833.062680,0.011570,-18341833.062680,0.011570,2029.235100,315.854940,0.985300,315.854940,0.985300,25368.792000
-71.042730,6926.900000,-70.885000,20240607104544.000000,8.000000,10105.706000,-97105.415000,0.478000,20.044080,-0.873820,0.959410,-0.873820,0.959410,229197.026190,0.022840,149140.032660,0.060890,2038.866110,13.258260,0.997590,13.258260,0.997590,24717.591000
28.900910,6926.900000,26.875380,20240607112758.000000,8.000000,-286322.224000,-74308.587000,-0.536000,146.211820,-0.537350,0.848160,-0.537350,0.848160,-9404685.621630,0.009000,-9404685.621630,0.009000,2014.311000,11.923200,0.930560,38.208520,0.970490,25460.534000
26.179090,6926.900000,26.445440,20240607113046.000000,8.000000,-275104.861000,31102.123000,0.223000,13.028030,-0.666830,0.862390,-2.302890,0.890870,-5298007.937700,0.000250,-5298007.937700,0.000250,2017.525910,2.809780,0.738290,17.724780,0.823190,23839.534000
25.759550,6926.900000,25.830890,20240607113345.000000,8.000000,390912.160000,-72247.058000,0.311000,146.266520,-0.096070,0.647620,-0.096070,0.647620,16845386.305990,0.020000,16845386.305990,0.020000,2013.817330,1.796500,0.994780,1.796500,0.994780,25365.750000
174.891360,6926.900000,175.664440,20240607113646.000000,8.000000,748.633000,-29767.210000,0.470000,20.503820,0.014160,0.030150,0.014160,0.030150,-144.236400,0.000450,-144.236400,0.000450,2013.405120,3.469130,0.985250,6.007330,0.992050,24048.664000
25.470910,6926.900000,25.360110,20240607113946.000000,8.000000,728.101000,3426.863000,0.408000,34.696180,-1.022240,0.983140,-1.022240,0.983140,-209.286590,0.000680,-209.286590,0.000680,2011.759870,11.064830,0.998090,11.064830,0.998090,23307.814000
-74.305450,6926.900000,-74.728780,20240607114247.000000,8.000000,195152.412000,-30764.793000,-0.482000,19.442870,-10.086970,0.991250,-10.086970,0.991250,-383297.564410,0.000000,-192550.040410,0.000080,2015.799430,191.012060,0.990520,191.012060,0.990520,24710.660000
-70.675450,6926.900000,-70.846000,20240607114547.000000,8.000000,-468.242000,18707.124000,0.479000,20.167730,-0.443330,0.884270,-0.443330,0.884270,2742.090670,0.001690,2742.090670,0.001690,2011.894600,13.509090,0.995660,16.011280,0.996830,22508.267000
29.278640,6926.900000,26.590000,20240607122758.000000,8.000000,189328.249000,-327760.837000,-0.536350,147.022020,-0.378350,0.884330,-0.384120,0.885970,510543.508550,0.029420,510543.508550,0.029420,2012.149900,8.514600,0.946390,21.629720,0.991240,25583.367000
26.626820,6926.900000,26.497220,20240607123045.000000,8.000000,458.208000,-95218.381000,0.222230,13.123800,-0.337550,0.225460,-4.702550,0.522090,7148.276820,0.069490,7148.276820,0.069490,2009.211020,4.499930,0.592340,29.852650,0.814860,21540.683000
29.637730,6926.900000,30.442670,20240607123346.000000,8.000000,10263.964000,-67986.469000,0.312000,147.028110,-0.032490,0.073880,-0.024010,0.068360,48266.994190,0.021640,48266.994190,0.021640,2013.557310,2.612000,0.984350,3.440650,0.981410,25269.272000
172.412270,6926.900000,176.584110,20240607123647.000000,8.000000,-194294.746000,24652.828000,0.469240,20.631800,0.105900,0.531300,0.107670,0.524440,143235.288340,0.004380,143235.288340,0.004380,2012.023240,4.026350,0.992820,5.376290,0.995420,23144.674000
25.974550,6926.900000,25.873890,20240607123946.000000,8.000000,-143027.134000,-64257.274000,0.405000,33.991310,-0.965720,0.974670,-0.973920,0.973970,-38100.605010,0.000110,-38100.605010,0.000110,2016.557210,8.755420,0.988270,8.755420,0.988270,21205.271000
-74.483640,6926.900000,-74.656440,20240607124245.000000,8.000000,38209.097000,1398.482000,-0.472260,19.546840,-12.567600,0.990150,-12.567600,0.990150,127951.876040,0.035730,127951.876040,0.035730,2011.150910,240.035890,0.988780,240.035890,0.988780,22958.807000
-70.132730,6926.900000,-70.361330,20240607124546.000000,8.000000,-302765.534000,-14412.983000,0.480000,20.225090,-0.522770,0.882920,-0.522770,0.882920,-165710.545190,0.001630,-2773432.833640,0.017430,2012.319840,13.907980,0.996160,13.907980,0.996160,22283.268000
29.119090,6926.900000,26.003960,20240607132758.000000,8.000000,470697.873000,-408114.389000,-0.537120,147.488970,-0.258460,0.880150,-0.789500,0.925070,4046511.305260,0.003990,4046511.305260,0.003990,2014.872050,6.095120,0.927900,22.181470,0.994190,25242.929000
26.225000,6926.900000,26.206780,20240607133045.000000,8.000000,-139907.656000,-82081.359000,0.221000,13.202090,-1.123010,0.980240,-1.123010,0.980240,414099.112230,0.012220,414099.112230,0.012220,2015.593800,9.319670,0.995150,11.691760,0.997210,21712.536000
26.596360,6926.900000,26.681000,20240607133343.000000,8.000000,-888791.945000,-84423.384000,0.311000,147.534330,-0.354290,0.661750,-0.354290,0.661750,5494299.716950,0.009050,5494299.716950,0.009050,2016.009460,7.316730,0.992780,9.516010,0.995200,25495.245000
171.254550,6926.900000,176.737560,20240607133644.000000,8.000000,303288.289000,-100829.232000,0.469760,21.018010,-0.017360,0.075840,-0.017580,0.075870,376752.714900,0.000550,376752.714900,0.000550,2021.765840,2.256030,0.992160,2.874610,0.993880,24151.314000
25.807270,6926.900000,25.765780,20240607133943.000000,8.000000,-245149.009000,-4712.629000,0.403000,33.747120,-1.226960,0.979370,-1.226960,0.979370,-3437927.539870,0.037000,-3437927.539870,0.037000,2013.808210,12.462030,0.995560,12.462030,0.995560,22609.899000
-73.761360,6926.900000,-74.233330,20240607134242.000000,8.000000,-36014.760000,-11134.353000,-0.473000,19.550560,-13.071270,0.992850,-13.071270,0.992850,-117531.099850,0.005620,-224872.473520,0.008550,2015.148240,241.966550,0.991840,241.966550,0.991840,23133.991000
-70.310000,6926.900000,-70.310890,20240607134542.000000,8.000000,5668.137000,-94956.822000,0.481000,20.256140,-0.471790,0.868340,-0.471790,0.868340,5140.067340,0.001070,5140.067340,0.001070,2013.693030,11.919210,0.998150,12.322890,0.998170,23232.072000
29.411820,6926.900000,25.289230,20240607142758.000000,8.000000,196238.386000,-238330.779000,-0.536880,147.723180,-0.417130,0.896430,-0.417130,0.896430,963979.404140,0.062860,963979.404140,0.062860,2012.447830,8.645390,0.937870,23.945710,0.997220,25264.713000
24.985910,6926.900000,24.955000,20240607143047.000000,8.000000,7264.474000,7587.985000,0.221000,13.257880,0.054210,0.014610,0.054210,0.014610,-7725.603680,0.000680,-7725.603680,0.000680,2011.222830,0.816030,0.080320,185.767940,0.116910,22596.976000
25.228180,6926.900000,25.268000,20240607143347.000000,8.000000,-296637.741000,27001.947000,0.310000,147.856070,-0.194710,0.542200,-0.194710,0.542200,205757.213840,0.000020,205757.213840,0.000020,2016.844390,3.726600,0.973910,6.689210,0.982800,25269.896000
177.837270,6926.900000,177.200890,20240607143647.000000,8.000000,-389443.293000,-57610.739000,0.468000,21.216900,-0.086220,0.348120,-0.086220,0.348120,-2088710.247260,0.022420,-2088710.247260,0.022420,2024.638260,4.695880,0.987650,8.910400,0.996950,23191.451000
25.215910,6926.900000,25.143780,20240607143947.000000,8.000000,4032.371000,-92557.604000,0.400000,34.638180,-1.072590,0.980100,-1.072590,0.980100,-3759.091130,0.000340,-3877.207790,0.000340,2021.984770,9.815240,0.988120,9.815240,0.988120,22033.550000
-74.245000,6926.900000,-74.526670,20240607144246.000000,8.000000,206.349000,-144672.504000,-0.480000,19.684420,-13.701250,0.989960,-13.701250,0.989960,-978577.327180,0.020210,-8385.013650,0.018340,2016.396550,252.378520,0.988700,252.378520,0.988700,23002.574000
-69.730910,6926.900000,-70.543330,20240607144547.000000,8.000000,3600.485000,-132279.492000,0.481000,20.290470,-0.384560,0.841560,-0.384560,0.841560,175388.030230,0.003780,175388.030230,0.003780,2018.438890,11.460280,0.995840,11.460280,0.995840,23329.650000
29.213640,6926.900000,25.815050,20240607152758.000000,8.000000,-93682.783000,-378180.077000,-0.537120,147.623050,-0.552870,0.887860,-0.552870,0.887860,607169.492460,0.015870,607169.492460,0.015870,2015.527950,12.361780,0.939750,36.571120,0.992230,25623.286000
25.412730,6926.900000,25.352890,20240607153047.000000,8.000000,3218.590000,33882.245000,0.220000,13.300920,-0.389550,0.570790,-0.389550,0.570790,17268.559580,0.039520,17025.510510,0.040190,2017.924720,3.728680,0.698670,14.809900,0.705960,22802.420000
25.985450,6926.900000,26.020890,20240607153346.000000,8.000000,579.492000,-5287.142000,0.310000,147.788440,-0.157320,0.567930,-0.582890,0.435420,1714.491380,0.008240,1714.491380,0.008240,2023.153430,3.383350,0.990960,4.293540,0.992040,25421.668000
173.575000,6926.900000,176.910220,20240607153647.000000,8.000000,-96733.455000,-14159.031000,0.466260,21.192710,-0.005420,0.003370,-0.005500,0.002810,-166595.641350,0.001790,-166595.641350,0.001790,2021.482950,3.700180,0.987130,6.981780,0.994600,22967.594000
25.566360,6926.900000,25.542890,20240607153948.000000,8.000000,3375.883000,19508.509000,0.398760,34.949860,-0.942230,0.960470,-0.942230,0.960470,3252.314340,0.016380,3252.314340,0.016380,2019.895870,9.505030,0.980950,9.505030,0.980950,22251.822000
-74.009550,6926.900000,-74.192220,20240607154249.000000,8.000000,22226.666000,31760.310000,-0.477000,19.745070,-14.353880,0.993980,-14.353880,0.993980,249122.523700,0.002540,249122.523700,0.002540,2017.946150,263.560630,0.993730,263.560630,0.993730,22700.418000
-70.367270,6926.900000,-70.333220,20240607154551.000000,8.000000,-17921.262000,-13973.091000,0.481260,20.338280,-0.475560,0.875940,-0.475560,0.875940,-196334.019490,0.003660,-196334.019490,0.003660,2018.459610,13.449390,0.998710,14.475410,0.998840,22894.870000
29.102270,6926.900000,25.845710,20240607162758.000000,8.000000,405362.079000,-285326.376000,-0.537000,145.549680,-0.294160,0.852340,-0.294160,0.852340,-158296.658230,0.001810,-158296.658230,0.001810,2013.851140,6.168280,0.921650,17.354790,0.995910,25654.381000
25.565910,6926.900000,25.526220,20240607163048.000000,8.000000,103304.050000,50412.665000,0.218000,13.343800,-0.722560,0.873770,-3.908960,0.966040,605815.716250,0.003510,605815.716250,0.003510,2014.109730,7.838150,0.973310,19.397410,0.992230,22553.795000
26.272270,6926.900000,26.272670,20240607163347.000000,8.000000,-47494.140000,-2901.804000,0.310000,147.813960,-0.143110,0.470470,-0.143110,0.470470,-196580.936460,0.011130,-1374377.570820,0.042540,2019.144780,2.525720,0.982040,3.606020,0.985780,25346.727000
173.256360,6926.900000,177.014890,20240607163648.000000,8.000000,15833.901000,14673.611000,0.466000,21.191320,0.024780,0.082000,0.024780,0.082000,57063.329490,0.011940,57063.329490,0.011940,2019.793540,3.325110,0.986880,5.942240,0.995180,21626.693000
25.893640,6926.900000,25.776330,20240607163948.000000,8.000000,-288.494000,-201734.249000,0.396760,35.537880,-0.874680,0.965130,-0.874680,0.965130,8568.161980,0.010270,8568.161980,0.010270,2021.374510,8.399280,0.981330,8.399280,0.981330,19492.094000
-73.802730,6926.900000,-74.185330,20240607164247.000000,8.000000,4243.488000,-29927.880000,-0.476000,19.803140,-14.928070,0.995060,-14.928070,0.995060,-6143.541140,0.006150,-6143.541140,0.006150,2018.933700,277.131170,0.994320,277.131170,0.994320,21198.098000
-70.140000,6926.900000,-70.348110,20240607164547.000000,8.000000,-305.665000,49781.456000,0.481000,20.379460,-0.461870,0.896860,-0.461870,0.896860,3314.048910,0.001560,3314.048910,0.001560,2018.397390,13.132790,0.996320,13.132790,0.996320,21964.535000
28.792270,6926.900000,25.416700,20240607172758.000000,8.000000,-104171.064000,-583094.812000,-0.537120,145.480510,-0.444270,0.860080,-1.360550,0.871310,806645.346420,0.000840,660096.889700,0.000920,2029.292230,10.432710,0.944100,32.118720,0.992350,25279.297000
25.070910,6926.900000,25.030560,20240607173045.000000,8.000000,-411860.480000,-83504.785000,0.217000,13.365760,-1.256570,0.972370,-1.256570,0.972370,-1704738.269520,0.009620,-1704738.269520,0.009620,2022.934040,9.519960,0.990240,9.519960,0.990240,22929.328000
25.418640,6926.900000,25.384220,20240607173344.000000,8.000000,-408053.831000,5759.335000,0.309740,147.830780,-0.159880,0.311420,-0.159880,0.311420,1086648.138690,0.001330,1086648.138690,0.001330,2036.832540,4.388620,0.964950,9.658010,0.989740,25000.267000
177.702730,6926.900000,177.054220,20240607173644.000000,8.000000,1001.093000,-68635.486000,0.465000,21.146420,0.065420,0.352400,0.078460,0.312480,-17.972880,0.003620,-17.972880,0.003620,2036.064500,3.365890,0.977660,8.164060,0.994180,22742.717000
25.034550,6926.900000,24.994780,20240607173944.000000,8.000000,-605097.708000,-35497.298000,0.394000,35.707400,-1.655700,0.979480,-1.655700,0.979480,2459145.381130,0.013720,2612543.109930,0.014350,2038.656510,16.320820,0.993510,16.320820,0.993510,21428.803000
-74.235450,6926.900000,-74.373330,20240607174244.000000,8.000000,-188839.427000,-116089.279000,-0.482260,19.781990,-19.167000,0.994710,-19.167000,0.994710,51466.161530,0.000150,51466.161530,0.000150,2049.373600,333.559900,0.994070,333.559900,0.994070,21635.777000
-70.462270,6926.900000,-70.677440,20240607174544.000000,8.000000,-26876.444000,-57245.106000,0.482000,20.378070,-0.447940,0.868340,-0.447940,0.868340,372591.421380,0.008950,264411.804220,0.011840,2025.649640,11.959920,0.997420,11.959920,0.997420,21881.214000
97.706820,6926.900000,33.013740,20240607182758.000000,8.000000,879029.769000,-255523.637000,-0.536110,137.452180,-0.065620,0.951140,-0.065620,0.951140,700678.434550,0.000170,700678.434550,0.000170,2026.090440,1.294430,0.956170,2.507040,0.994240,24925.863000
24.250910,6926.900000,24.236000,20240607183045.000000,8.000000,-437487.222000,-31.391000,0.217000,13.379930,-0.319550,0.386520,-0.319550,0.386520,-380093.292280,0.004510,-717035.768870,0.005790,2021.531130,3.610490,0.683940,15.554030,0.713360,22520.708000
24.710000,6926.900000,24.712110,20240607183343.000000,8.000000,-595.883000,41659.291000,0.309000,147.255210,-0.170910,0.705790,-0.170910,0.705790,-22955.611570,0.064110,-22955.611570,0.064110,2027.758200,2.997710,0.988560,3.796010,0.990010,24742.399000
173.909550,6926.900000,176.662890,20240607183644.000000,8.000000,-292661.898000,-23509.840000,0.464000,21.079530,0.111270,0.571010,0.110150,0.567240,993549.668750,0.020010,927052.587390,0.019860,2030.840070,3.803260,0.985940,7.965880,0.994910,21924.919000
24.665910,6926.900000,24.626440,20240607183943.000000,8.000000,716.709000,57493.967000,0.393000,35.699880,-0.951510,0.980920,-1.900830,0.812020,340.788270,0.006930,340.504520,0.007050,2042.110670,10.888020,0.993940,10.888020,0.993940,19637.780000
-73.293640,6926.900000,-74.880670,20240607184243.000000,8.000000,697782.018000,-38049.610000,-0.486000,19.755700,-4.524300,0.995000,-4.524300,0.995000,-4720166.740040,0.007250,-27090852.445560,0.023000,2044.309740,80.878320,0.994180,80.878320,0.994180,20287.067000
-70.523180,6926.900000,-70.817110,20240607184544.000000,8.000000,417789.738000,7012.381000,0.481000,20.348790,-0.402140,0.953330,-0.402140,0.953330,4285256.347250,0.013770,4285256.347250,0.013770,2038.567880,8.903980,0.994330,8.903980,0.994330,20106.747000
28.615000,6926.900000,24.680770,20240607192758.000000,8.000000,-53481.693000,-424654.022000,-0.536110,145.019980,-0.412150,0.865240,-0.412150,0.865240,-1277.976150,0.000000,-1277.976150,0.000000,2034.735810,9.322650,0.951130,24.368660,0.996100,24433.572000
24.775000,6926.900000,24.631110,20240607193046.000000,8.000000,-866947.211000,-174172.965000,0.216000,13.365970,-0.501460,0.414100,-0.675610,0.232550,630123.701150,0.000510,630123.701150,0.000510,2036.456840,7.514590,0.803310,7.514590,0.803310,17189.893000
24.975910,6926.900000,24.908890,20240607193345.000000,8.000000,192868.766000,15728.188000,0.309000,147.111000,-0.152160,0.606240,-0.152160,0.606240,102356.481630,0.002020,541976.108600,0.006050,2035.970350,2.728800,0.992090,3.404010,0.993940,23527.857000
176.596360,6926.900000,176.578890,20240607193646.000000,8.000000,-2362.799000,-62721.440000,0.463000,20.997890,0.012150,0.022030,0.012150,0.022030,23953.485610,0.007310,26434.389450,0.014020,2032.479290,3.239370,0.986290,6.557610,0.996010,19250.201000
24.703180,6926.900000,24.664110,20240607193946.000000,8.000000,-1117088.672000,-119168.383000,0.392000,35.564640,-2.170050,0.984510,-2.170050,0.984510,-54842459.013250,0.014190,-54842459.013250,0.014190,2031.239570,21.284080,0.995790,21.284080,0.995790,18402.457000
-74.980000,6926.900000,-74.981000,20240607194245.000000,8.000000,-282368.333000,-16062.263000,-0.487760,19.671280,-18.262660,0.993080,-18.262660,0.993080,1130182.521840,0.001570,1130182.521840,0.001570,2030.948750,332.106740,0.991970,332.106740,0.991970,19083.386000
-70.980000,6926.900000,-70.973000,20240607194545.000000,8.000000,-296642.343000,42906.638000,0.481000,20.304190,-0.630510,0.910750,-0.630510,0.910750,3265704.788140,0.050460,2556012.964200,0.031110,2050.567430,17.015640,0.997930,17.015640,0.997930,19756.667000
28.276820,6926.900000,23.653630,20240607202758.000000,8.000000,288715.540000,-444612.275000,-0.536350,145.272040,-0.388990,0.948410,-1.128230,0.959520,1370190.062780,0.037580,1370190.062780,0.037580,2042.603500,7.518370,0.970720,17.086480,0.997750,23709.488000
23.352270,6926.900000,23.288670,20240607203046.000000,8.000000,-681549.126000,-70470.559000,0.215000,13.331830,-0.727950,0.646670,-0.727950,0.646670,-15569084.637230,0.013680,-15569084.637230,0.013680,2040.085300,6.442960,0.824260,6.442960,0.824260,19427.718000
23.664550,6926.900000,23.636670,20240607203345.000000,8.000000,20733.838000,-52574.587000,0.308000,147.111000,-0.168960,0.723890,-0.168960,0.723890,-112369.544300,0.011030,-64628.701480,0.039150,2043.092630,3.043560,0.990740,3.831840,0.992110,23183.848000
167.867730,6926.900000,175.999780,20240607203647.000000,8.000000,-522671.502000,-51216.001000,0.462760,20.858210,-0.036990,0.101130,-0.036990,0.101130,436808.598310,0.000310,436808.598310,0.000310,2043.393930,5.310840,0.985270,11.471830,0.995390,19672.205000
23.475450,6926.900000,23.450780,20240607203946.000000,8.000000,736.150000,42735.772000,0.390760,35.497080,-1.180670,0.981730,-1.180670,0.981730,937.810530,0.005060,937.810530,0.005060,2047.027450,10.980060,0.992710,10.980060,0.992710,18985.240000
-75.070000,6926.900000,-75.178000,20240607204245.000000,8.000000,556.908000,-50953.203000,-0.494260,19.550110,-15.057890,0.995010,-15.057890,0.995010,3467.559870,0.066810,3594.854360,0.068870,2039.101010,274.111940,0.994280,274.111940,0.994280,19097.634000
-70.863640,6926.900000,-71.052330,20240607204546.000000,8.000000,1417.417000,-137660.743000,0.481000,20.230700,-0.425090,0.899940,-0.425090,0.899940,-3541.545820,0.013440,-3541.545820,0.013440,2039.306260,12.758790,0.995820,12.758790,0.995820,19999.361000
25.822270,6926.900000,22.507800,20240607212758.000000,8.000000,-10527.562000,-263012.650000,-0.536120,144.899290,-0.703500,0.964910,-0.719130,0.966650,-8873.661390,0.003450,-8873.661390,0.003450,2044.625620,12.525950,0.956830,24.514950,0.991380,23003.791000
22.242270,6926.900000,22.213000,20240607213045.000000,8.000000,1450.094000,-60387.485000,0.215000,13.241990,-0.934350,0.978810,-0.934350,0.978810,-4044163.205140,0.084830,770.105720,0.010990,2042.211410,7.287060,0.987530,7.287060,0.987530,18787.572000
22.587270,6926.900000,22.556110,20240607213345.000000,8.000000,12571.543000,-48847.601000,0.307000,146.604990,-0.146760,0.696560,-0.626940,0.718100,165767.827010,0.044670,165767.827010,0.044670,2045.055400,2.570200,0.970820,6.317770,0.994060,22355.531000
166.910910,6926.900000,175.592110,20240607213646.000000,8.000000,-557.844000,99369.584000,0.461240,20.727330,-0.034680,0.248730,-0.092790,0.227730,520.536760,0.000350,648.931920,0.000570,2042.833260,3.628090,0.985820,7.849860,0.995960,19135.964000
22.488640,6926.900000,22.460220,20240607213945.000000,8.000000,18358.258000,-39300.988000,0.389000,36.393330,-1.112920,0.990830,-1.112920,0.990830,-8569.251110,0.000200,-8569.251110,0.000200,2048.498720,9.721220,0.996430,9.721220,0.996430,17984.196000
-75.160000,6926.900000,-75.508110,20240607214244.000000,8.000000,-389366.662000,-1922.343000,-0.501260,19.426520,-37.826530,0.999350,-37.826530,0.999350,642095.062560,0.001780,642095.062560,0.001780,2047.396040,693.158280,0.999230,693.158280,0.999230,17610.069000
-71.335000,6926.900000,-71.477330,20240607214547.000000,8.000000,-113252.772000,11.922000,0.480000,20.153430,-0.475990,0.912100,-0.475990,0.912100,334103.471880,0.017120,334103.471880,0.017120,2037.286780,15.469160,0.993160,22.315710,0.996690,18913.361000
25.554550,6926.900000,21.777360,20240607222758.000000,8.000000,1316.759000,-69484.850000,-0.536120,144.424660,-0.759550,0.972590,-0.759550,0.972590,-586.644310,0.006670,-586.644310,0.006670,2035.273910,13.141010,0.958230,32.528670,0.994760,21820.508000
21.463180,6926.900000,21.473780,20240607223048.000000,8.000000,502608.471000,-20822.753000,0.214000,13.193880,-0.442460,0.955660,-1.445540,0.988480,34533187.835030,0.005900,34533187.835030,0.005900,2028.148760,3.363960,0.947840,9.958360,0.990430,18291.343000
21.843640,6926.900000,21.855000,20240607223346.000000,8.000000,83725.905000,-98011.141000,0.306000,146.233870,-0.184050,0.798600,-0.577610,0.809920,227366.246850,0.007590,227366.246850,0.007590,2030.799220,3.362120,0.989510,5.326910,0.995300,21457.621000
164.781820,6926.900000,174.962220,20240607223646.000000,8.000000,1073153.264000,-41393.668000,0.461000,20.579130,0.006610,0.670130,0.013030,0.630480,3908056.585630,0.024560,3908056.585630,0.024560,2037.500700,-0.308400,0.994560,-0.496230,0.997980,18390.975000
21.856360,6926.900000,21.830670,20240607223945.000000,8.000000,-192694.032000,-25990.759000,0.388000,35.460780,-1.522950,0.992830,-1.522950,0.992830,-14594990.867410,0.035080,-14594990.867410,0.035080,2044.214230,13.817400,0.997280,13.817400,0.997280,17209.071000
-74.528640,6926.900000,-75.810440,20240607224244.000000,8.000000,882.209000,-36978.885000,-0.506000,19.297600,-14.705270,0.993890,-14.705270,0.993890,294.623380,0.002210,2143.674680,0.009320,2031.896530,261.303900,0.993220,261.303900,0.993220,17288.027000
-71.690000,6926.900000,-71.548670,20240607224544.000000,8.000000,-487527.078000,-98201.691000,0.479000,20.064300,-1.155130,0.974190,-1.155130,0.974190,11802768.261980,0.055300,10507067.108080,0.041190,2034.000790,22.376940,0.997180,25.507370,0.997480,17894.863000
24.702730,6926.900000,20.523190,20240607232758.000000,8.000000,27523.354000,-120461.816000,-0.535880,143.056960,-0.924770,0.976110,-2.965650,0.976900,-117318.102580,0.000270,-117318.102580,0.000270,2131.472930,11.260300,0.967880,24.474910,0.995410,20582.412000
20.080910,6926.900000,20.145780,20240607233045.000000,8.000000,145813.256000,-269467.531000,0.213230,13.141270,-0.946060,0.987440,-0.946060,0.987440,-51995.563990,0.000050,-51995.563990,0.000050,2100.000140,3.677390,0.944530,10.767930,0.987670,17906.763000
20.120000,6926.900000,20.191330,20240607233344.000000,8.000000,-312355.978000,-174984.007000,0.305740,145.632000,-0.350820,0.842830,-0.350870,0.841410,1150707.649110,0.045580,1150707.649110,0.045580,2077.975130,4.118330,0.991780,5.812400,0.995690,20573.354000
161.570910,6926.900000,174.263560,20240607233646.000000,8.000000,317.137000,17425.573000,0.461000,20.412730,0.151250,0.819180,0.146540,0.810040,-1896.608920,0.005270,-1896.608920,0.005270,2074.105120,3.425250,0.990960,6.005920,0.997310,17834.454000
19.870000,6926.900000,19.913780,20240607233946.000000,8.000000,686334.031000,-26112.336000,0.384770,36.710870,-0.402610,0.991920,-0.402610,0.991920,1207004.981170,0.000460,1207004.981170,0.000460,2117.097760,2.517110,0.995890,2.517110,0.995890,17064.916000
-75.365450,6926.900000,-75.709220,20240607234245.000000,8.000000,-1348577.222000,-331899.081000,-0.516260,19.126640,-57.977220,0.998000,-57.977220,0.998000,2204241.995240,0.000100,2204241.995240,0.000100,2095.113340,1035.582010,0.997710,1035.582010,0.997710,16598.657000
-71.304090,6926.900000,-71.858110,20240607234545.000000,8.000000,999745.390000,-49769.642000,0.479260,19.925900,-0.000040,0.542130,-0.000070,0.527960,-17976191.295380,0.005990,-17976191.295380,0.005990,2095.440910,0.002770,0.997010,0.002930,0.997090,17278.999000
23.438640,6926.900000,19.571100,20240608000721.000000,8.000000,-1189522.293000,-438770.547000,-0.536240,142.057260,-1.127750,0.955300,-1.127750,0.955300,-3730728.335690,0.025270,-3730728.335690,0.025270,2086.121370,21.435090,0.967720,43.479940,0.995150,19354.729000
19.185450,6926.900000,19.309220,20240608001008.000000,8.000000,-410198.249000,-40414.597000,0.213000,13.076790,-1.204740,0.975010,-1.204740,0.975010,-763511.755970,0.001470,-763511.755970,0.001470,2086.837440,6.748080,0.919670,22.355870,0.968220,17398.555000
19.349550,6926.900000,19.440110,20240608001306.000000,8.000000,-175206.364000,-243161.155000,0.305000,145.424870,-0.026930,0.040050,-0.026930,0.040050,14497485.400120,0.091260,18154167.020160,0.043860,2081.430650,3.875120,0.991280,5.466510,0.995340,19893.316000
158.676820,6926.900000,173.845440,20240608001607.000000,8.000000,-585176.103000,-243303.289000,0.460000,20.292400,-0.053430,0.212130,-0.199900,0.173970,2180566.071960,0.001580,2180566.071960,0.001580,2113.417410,5.249470,0.981580,12.744450,0.997080,17698.134000
19.311820,6926.900000,19.340670,20240608001906.000000,8.000000,-92534.806000,-250421.472000,0.383000,36.880060,-0.870630,0.980500,-0.870630,0.980500,-841352.995760,0.021440,-841352.995760,0.021440,2099.050600,8.180060,0.988530,8.180060,0.988530,16679.675000
-75.703180,6926.900000,-76.017890,20240608002205.000000,8.000000,-487246.551000,-284977.367000,-0.520000,19.005310,-20.625780,0.993950,-20.625780,0.993950,-928878.040300,0.001210,-928878.040300,0.001210,2095.842650,350.290490,0.993480,350.290490,0.993480,16503.366000
-71.430450,6926.900000,-71.756110,20240608002505.000000,8.000000,-968676.783000,-492392.679000,0.479000,19.807290,-0.954770,0.921420,-0.954770,0.921420,1014378.223880,0.001940,1014378.223880,0.001940,2052.361330,19.136800,0.995350,19.347470,0.995350,16931.734000
23.893640,6926.900000,19.437140,20240608002808.000000,8.000000,181486.117000,-82270.138000,-0.463710,137.577710,-0.433280,0.921150,-0.433280,0.921150,7882672.149160,0.014090,7882672.149160,0.014090,2051.810690,9.513240,0.934250,28.179010,0.989820,18934.819000
19.000910,6926.900000,19.086890,20240608003055.000000,8.000000,-13907.098000,-166700.038000,0.213000,13.041390,3.725860,0.947630,3.725860,0.947630,874250.990980,0.000760,369166.204390,0.000390,2054.166570,4.082720,0.920120,15.652120,0.981850,16695.272000
18.981820,6926.900000,19.082560,20240608003353.000000,8.000000,616489.806000,-169661.544000,0.305000,145.416900,-0.118410,0.897720,-0.118410,0.897720,-13476199.337630,0.061650,-12959216.336790,0.061840,2079.097550,1.328700,0.993130,1.620180,0.994790,19322.031000
172.338640,6926.900000,174.234780,20240608003654.000000,8.000000,213683.196000,-211931.676000,0.460000,20.213910,-0.019810,0.153030,-0.019780,0.152760,467862.217820,0.001020,467862.217820,0.001020,2067.244130,2.583290,0.990100,4.398030,0.996580,16975.610000
18.663640,6926.900000,18.710780,20240608003955.000000,8.000000,-333.009000,-328070.078000,0.380760,37.251180,-0.693900,0.976250,-0.693900,0.976250,-162218.486410,0.009450,-162218.486410,0.009450,2068.958540,6.801760,0.991730,6.801760,0.991730,15948.020000
-75.365450,6926.900000,-75.996000,20240608004254.000000,8.000000,-91072.798000,-253828.480000,-0.522000,18.931670,-14.842930,0.993710,-14.842930,0.993710,214544.799110,0.000830,214544.799110,0.000830,2079.751760,261.463970,0.993110,261.463970,0.993110,15907.694000
-71.690000,6926.900000,-71.797560,20240608004555.000000,8.000000,279121.178000,-262105.511000,0.479000,19.743340,-0.327010,0.939190,-0.327010,0.939190,-7618885.939540,0.020430,-5049195.992320,0.020430,2100.616840,7.126680,0.995620,7.126680,0.995620,16569.201000
22.820000,6926.900000,18.160660,20240608012807.000000,8.000000,271226.402000,-479091.433000,-0.535000,141.690310,-0.355750,0.899370,-0.355750,0.899370,-416927.271330,0.018120,-416927.271330,0.018120,2076.673840,6.045520,0.931380,18.592700,0.986570,17772.412000
17.770000,6926.900000,17.916560,20240608013055.000000,8.000000,-899814.439000,-723045.470000,0.213000,12.919270,-0.695650,0.510960,-3.927280,0.554850,815674.991010,0.000140,815674.991010,0.000140,2084.101040,4.618980,0.875110,10.487630,0.885940,16624.769000
17.759090,6926.900000,17.887670,20240608013353.000000,8.000000,-449494.143000,-756241.819000,0.304000,144.212000,-0.461560,0.896750,-0.461560,0.896750,712619.150730,0.006100,2713824.063790,0.014530,2088.612070,4.052880,0.984780,4.052880,0.984780,18660.063000
155.516360,6926.900000,172.566560,20240608013654.000000,8.000000,-877008.443000,-910427.709000,0.460000,19.984410,0.250060,0.724040,0.302250,0.717120,1564947.020920,0.020430,1564947.020920,0.020430,2093.509490,5.955980,0.992640,9.555360,0.997550,16560.582000
17.447270,6926.900000,17.529330,20240608013954.000000,8.000000,-795005.017000,-617122.130000,0.378000,36.820780,-1.419690,0.975070,-1.419690,0.975070,28526972.268110,0.003900,28526972.268110,0.003900,2089.121770,12.073940,0.989280,12.073940,0.989280,15905.845000
-74.313640,6926.900000,-76.331110,20240608014254.000000,8.000000,-506851.594000,-514685.874000,-0.527260,18.691640,-19.787720,0.991360,-19.787720,0.991360,3755639.368080,0.018390,2083758.380370,0.040940,2091.931390,343.728180,0.989930,343.728180,0.989930,15461.345000
-72.295450,6926.900000,-72.380670,20240608014553.000000,8.000000,-511096.517000,-817908.577000,0.479000,19.522090,-0.512330,0.812000,-0.512330,0.812000,-4895134.389160,0.058880,-4895134.389160,0.058880,2081.438920,14.674630,0.995320,17.879940,0.996130,16616.265000
22.210910,6926.900000,17.333850,20240608022807.000000,8.000000,-487805.844000,-471217.779000,-0.535000,143.315540,-0.833190,0.950270,-0.851990,0.952060,20684048.746340,0.029940,20684048.746340,0.029940,2079.143590,14.495390,0.984230,21.825220,0.997060,16802.604000
16.942730,6926.900000,17.105330,20240608023056.000000,8.000000,-1531758.145000,-1187393.696000,0.212000,12.762310,0.289920,0.347730,0.289920,0.347730,1844384.171970,0.004710,1844384.171970,0.004710,2086.688830,4.206750,0.897170,25.825520,0.945600,16147.043000
16.982730,6926.900000,17.114110,20240608023354.000000,8.000000,1344918.017000,-471262.103000,0.304000,143.371680,0.120280,0.907720,0.120280,0.907720,-2404315.326080,0.017680,-2404315.326080,0.017680,2097.415180,-1.086000,0.985720,-1.680630,0.994980,18088.129000
149.808640,6926.900000,171.455440,20240608023655.000000,8.000000,-573374.849000,-802083.135000,0.459000,19.743100,-0.027560,0.053550,-0.201020,0.053240,205151.883440,0.008190,1354039.300990,0.029930,2092.403520,5.127090,0.991600,7.695220,0.995160,16432.508000
16.801820,6926.900000,16.881220,20240608023955.000000,8.000000,-1426204.586000,-979130.708000,0.379000,36.420770,-2.387750,0.981830,-2.387750,0.981830,-2642818.423690,0.005440,-2642818.423690,0.005440,2099.432410,18.097730,0.992660,18.097730,0.992660,15895.598000
-77.030000,6926.900000,-77.213220,20240608024255.000000,8.000000,-1756611.299000,-1078894.493000,-0.530260,18.471160,-36.425240,0.989130,-36.425240,0.989130,2050656.403800,0.001910,2050656.403800,0.001910,2091.344440,637.641670,0.988160,637.641670,0.988160,15290.610000
-72.430000,6926.900000,-72.483330,20240608024557.000000,8.000000,-2081957.173000,-900399.146000,0.478760,19.338470,-0.578400,0.841380,-2.550680,0.872550,91796511.495980,0.001200,91796511.495980,0.001200,2090.597730,27.061390,0.987740,27.061390,0.987740,16247.260000
21.933180,6926.900000,16.461540,20240608032807.000000,8.000000,-529036.340000,-443917.679000,-0.535120,142.848380,-0.740700,0.938930,-0.740700,0.938930,-2951441.139000,0.025700,-2951441.139000,0.025700,2164.263290,12.286170,0.981300,21.423740,0.997540,15702.981000
16.176360,6926.900000,16.360560,20240608033055.000000,8.000000,-1333328.713000,-1119056.463000,0.212000,12.619530,-1.137910,0.926140,-1.137910,0.926140,-275937.336520,0.000500,-275937.336520,0.000500,2166.588470,5.054990,0.946810,12.113860,0.951500,15615.501000
16.302730,6926.900000,16.438000,20240608033354.000000,8.000000,-626639.382000,-989677.850000,0.302740,142.852520,-0.220720,0.661390,-0.220720,0.661390,949554.816300,0.037640,938903.961860,0.035600,2165.242660,4.108260,0.989970,5.587630,0.993170,17344.634000
145.819550,6926.900000,170.877560,20240608033655.000000,8.000000,-1265715.466000,-973578.629000,0.458240,19.504600,0.037540,0.047660,0.037540,0.047660,-1149014.643200,0.015370,-1149014.643200,0.015370,2168.119900,7.415000,0.993760,11.743960,0.997930,15671.299000
16.058640,6926.900000,16.148110,20240608033955.000000,8.000000,186789.694000,-913765.937000,0.381000,37.504530,-0.692310,0.982860,-0.692310,0.982860,390472.816580,0.002040,390472.816580,0.002040,2174.682570,5.600570,0.991040,6.307930,0.987770,15149.588000
-77.030000,6926.900000,-77.082000,20240608034254.000000,8.000000,-145030.815000,-821713.276000,-0.532260,18.235640,-16.836420,0.995190,-16.836420,0.995190,-86400.326120,0.003860,-86400.326120,0.003860,2177.733880,277.010750,0.995090,277.010750,0.995090,14702.729000
-72.284550,6926.900000,-72.705560,20240608034555.000000,8.000000,680914.719000,-988507.620000,0.478000,19.184270,-0.151840,0.853570,-0.151840,0.853570,-595755.929450,0.002270,-595755.929450,0.002270,2184.385090,3.182090,0.950260,4.034920,0.951780,15944.066000
19.794550,6926.900000,16.589780,20240608042807.000000,8.000000,-779709.673000,-502946.099000,-0.534350,142.460380,-0.613600,0.837600,-4.749090,0.903390,260404.866360,0.002960,260404.866360,0.002960,2171.115480,14.613590,0.931080,38.540570,0.973310,16071.818000
16.369090,6926.900000,16.528890,20240608043055.000000,8.000000,-285605.696000,-743839.865000,0.211000,12.483740,-1.981820,0.974140,-5.777080,0.982990,410786.509840,0.028420,410786.509840,0.028420,2154.940000,-1.231110,0.492970,-1.231110,0.492970,15966.186000
16.453180,6926.900000,16.562000,20240608043353.000000,8.000000,-975862.011000,-738803.230000,0.302000,142.373210,-0.432170,0.835600,-0.432170,0.835600,1063703.734900,0.002670,1360592.221590,0.027520,2137.981230,5.754380,0.994400,6.886110,0.995640,17229.422000
149.595450,6926.900000,170.697670,20240608043653.000000,8.000000,-780322.925000,-804628.167000,0.458000,19.290470,-0.243280,0.744160,-1.039620,0.774610,5814700.316120,0.004480,5814700.316120,0.004480,2147.218150,5.375240,0.991380,8.507240,0.995770,16113.364000
16.382270,6926.900000,16.439560,20240608043953.000000,8.000000,484085.131000,-721742.423000,0.381000,38.073190,-0.484280,0.981430,-0.484280,0.981430,-4526995.904060,0.018480,-4495297.137280,0.018480,2159.286320,3.653090,0.988340,3.653090,0.988340,15645.874000
-77.561820,6926.900000,-77.592670,20240608044253.000000,8.000000,-780901.818000,-1077655.556000,-0.533000,18.052690,-26.421390,0.992890,-26.421390,0.992890,-439347.770760,0.002770,-439347.770760,0.002770,2157.246360,443.200180,0.991590,443.200180,0.991590,15188.866000
-72.902730,6926.900000,-72.803780,20240608044553.000000,8.000000,-1355995.109000,-907740.619000,0.478000,19.029530,-0.239330,0.266970,-4.026090,0.425950,-2855832.195960,0.010230,-2855832.195960,0.010230,2160.857290,22.972460,0.990470,22.972460,0.990470,16263.241000
20.455000,6926.900000,17.040880,20240608052808.000000,8.000000,-1219210.145000,-472974.001000,-0.534110,142.103420,-1.096850,0.941890,-1.096850,0.941890,3513880.173440,0.014300,3816238.389550,0.018070,2138.733530,18.935710,0.934280,57.875310,0.990640,16171.367000
16.866820,6926.900000,16.973670,20240608053056.000000,8.000000,-390394.438000,-685484.185000,0.211000,12.347100,0.675250,0.569230,0.688440,0.574250,-18356.318590,0.000010,-18356.318590,0.000010,2153.269560,6.115460,0.946180,6.115460,0.946180,16256.639000
16.919090,6926.900000,17.009560,20240608053355.000000,8.000000,-387856.846000,-388395.765000,0.302000,142.188380,-0.775180,0.962590,-0.775180,0.962590,-150214.925290,0.003770,-261335.874030,0.004620,2182.709440,3.675610,0.992460,3.675610,0.992460,17379.578000
144.158180,6926.900000,170.310440,20240608053656.000000,8.000000,-494066.565000,-607255.820000,0.457240,19.114720,0.066550,0.258490,0.066550,0.258490,-240576.749270,0.000410,-240576.749270,0.000410,2166.139370,4.878240,0.989840,9.029290,0.997550,16417.604000
16.758180,6926.900000,16.808670,20240608053955.000000,8.000000,-1563135.528000,-809001.882000,0.381000,38.129220,-2.966430,0.978700,-2.966430,0.978700,1561538.593910,0.032010,1561538.593910,0.032010,2177.559460,18.505900,0.990650,18.505900,0.990650,15783.723000
-76.923640,6926.900000,-77.525220,20240608054257.000000,8.000000,-207104.763000,-844530.669000,-0.532000,17.923000,-13.460930,0.987270,-13.460930,0.987270,237163.445110,0.000090,237163.445110,0.000090,2152.204960,219.227020,0.986010,219.227020,0.986010,15395.775000
-73.120910,6926.900000,-72.972890,20240608054557.000000,8.000000,-362816.234000,-1060971.932000,0.478000,18.914610,-0.452040,0.795340,-0.452040,0.795340,-986138.085820,0.025360,-848237.944600,0.037670,2144.529270,12.419250,0.992210,14.463810,0.992660,16369.722000
20.642730,6926.900000,17.265160,20240608062808.000000,8.000000,-776616.476000,-522185.904000,-0.534350,142.279150,-0.951530,0.960750,-0.951530,0.960750,583673.053510,0.030860,2623389.183550,0.079930,2150.004790,15.268560,0.976420,27.572260,0.996050,15903.972000
16.966820,6926.900000,17.076110,20240608063056.000000,8.000000,-1431776.838000,-885427.081000,0.210000,12.258240,-0.865730,0.879560,-0.865730,0.879560,-1262685.695180,0.008020,-2397511.078070,0.010330,2150.012470,8.874290,0.979600,13.188730,0.981680,15872.351000
17.092730,6926.900000,17.186110,20240608063354.000000,8.000000,-682411.263000,-751230.685000,0.301000,142.181130,-0.317520,0.765940,-0.317520,0.765940,-1111727.480970,0.010290,-1111727.480970,0.010290,2158.445070,5.122000,0.995340,5.122000,0.995340,17037.346000
147.096360,6926.900000,170.513670,20240608063655.000000,8.000000,814999.101000,-924657.834000,0.457000,18.987080,0.013800,0.533650,0.013800,0.533650,-16145.616320,0.000010,-16145.616320,0.000010,2167.141370,0.553100,0.994190,0.846060,0.996910,16294.594000
17.045450,6926.900000,17.083220,20240608063955.000000,8.000000,-805436.988000,-237501.560000,0.380000,37.372640,-1.748300,0.973390,-1.748300,0.973390,-2632749.973310,0.043760,-2632749.973310,0.043760,2177.546130,12.707850,0.987040,12.707850,0.987040,15695.951000
-77.711360,6926.900000,-77.579670,20240608064256.000000,8.000000,-1171245.153000,-732974.606000,-0.531000,17.838200,-25.809850,0.995550,-25.809850,0.995550,-5002226.279280,0.038030,-5002226.279280,0.038030,2196.573960,403.326980,0.993770,403.326980,0.993770,15493.854000
-72.303640,6926.900000,-72.698670,20240608064557.000000,8.000000,1610979.917000,896149.562000,0.478000,18.820140,-0.119610,0.425230,-0.119610,0.425230,1891459.952520,0.001650,1891459.952520,0.001650,2232.000970,-4.894140,0.993190,-5.482060,0.993360,16311.993000
21.078180,6926.900000,17.973520,20240608072808.000000,8.000000,-545760.217000,427066.407000,-0.534350,140.240510,-1.065650,0.953370,-3.045460,0.973050,7885377.070740,0.028770,4918265.995660,0.019310,2238.035680,15.284570,0.916490,55.617170,0.995790,16502.714000
17.819090,6926.900000,17.914000,20240608073055.000000,8.000000,104623.211000,639928.034000,0.210000,12.180760,-0.719920,0.915690,-2.621440,0.971100,384313.920700,0.034340,384313.920700,0.034340,2227.794800,3.322070,0.856010,19.829730,0.982500,16616.052000
18.061820,6926.900000,18.125560,20240608073355.000000,8.000000,975778.466000,934861.133000,0.301000,142.254780,-0.007840,0.925000,-0.007840,0.925000,-9307952.687140,0.080230,-11551134.213130,0.025860,2218.305330,0.057990,0.985500,0.088970,0.990180,17229.171000
143.666820,6926.900000,170.442330,20240608073658.000000,8.000000,1142033.800000,837757.937000,0.457000,18.905000,0.013800,0.697930,0.013800,0.697930,-16949741.386030,0.005940,-16949741.386030,0.005940,2202.704120,-0.516580,0.988910,-1.016560,0.998120,16708.876000
18.010450,6926.900000,18.033000,20240608073959.000000,8.000000,486019.438000,714216.440000,0.378000,37.581770,-0.670280,0.987310,-0.670280,0.987310,4658676.638080,0.000550,5499732.945360,0.000640,2207.526540,3.977330,0.990650,3.977330,0.990650,16058.468000
-76.510000,6926.900000,-77.154330,20240608074259.000000,8.000000,643776.315000,907065.424000,-0.528260,17.805590,-3.273170,0.987430,-3.273170,0.987430,4858902.596510,0.004370,4485869.757180,0.005610,2195.563670,50.356850,0.985570,50.356850,0.985570,15991.315000
-72.320910,6926.900000,-72.484000,20240608074559.000000,8.000000,753656.523000,936605.074000,0.478000,18.743720,-0.093690,0.871770,-0.093690,0.871770,-228853.210530,0.001220,-228853.210530,0.001220,2188.157790,2.115050,0.993670,2.768290,0.995800,16595.501000
22.450450,6926.900000,19.635050,20240608082808.000000,8.000000,1292283.888000,382604.174000,-0.535120,141.982560,0.206030,0.969910,0.206030,0.969910,1759699.483190,0.001160,1759699.483190,0.001160,2146.331600,-3.050040,0.945430,-7.924660,0.995780,17635.072000
19.618640,6926.900000,19.649220,20240608083055.000000,8.000000,2358430.340000,816319.447000,0.210000,12.144330,0.369280,0.410830,8.411640,0.630860,-6567050.849560,0.090120,-9263519.239450,0.035390,2128.504630,0.031390,0.000100,0.031390,0.000100,17678.617000
19.944550,6926.900000,19.985330,20240608083355.000000,8.000000,1171683.259000,915639.853000,0.301000,142.837620,0.051870,0.872650,0.051870,0.872650,102250.933120,0.000090,102250.933120,0.000090,2155.230610,-0.557270,0.991720,-0.749480,0.994390,17863.931000
148.299090,6926.900000,171.215220,20240608083655.000000,8.000000,994158.049000,1260721.416000,0.457000,18.914030,-0.000480,0.564830,-0.000480,0.564830,439591.217710,0.000270,439591.217710,0.000270,2142.037340,0.019950,0.987830,0.042160,0.997770,17805.720000
20.090000,6926.900000,20.113440,20240608083954.000000,8.000000,1854585.410000,967702.169000,0.376760,37.507240,1.062710,0.989650,1.062710,0.989650,6210290.430450,0.043780,6210290.430450,0.043780,2131.333350,-7.737500,0.994330,-7.737500,0.994330,17320.306000
-76.238180,6926.900000,-76.530440,20240608084254.000000,8.000000,1776096.199000,902713.310000,-0.519260,17.880130,11.880360,0.992830,11.880360,0.992830,-936950.907580,0.001180,-936950.907580,0.001180,2141.539360,-183.583140,0.990630,-183.583140,0.990630,17288.358000
-72.575450,6926.900000,-72.386000,20240608084554.000000,8.000000,-177347.845000,841946.050000,0.478260,18.743720,-0.898700,0.963390,-0.898700,0.963390,-53610.812410,0.002540,-59852.862010,0.002950,2114.466570,12.202710,0.992520,12.202710,0.992520,17953.460000
24.011360,6926.900000,21.491980,20240608092808.000000,8.000000,2050060.692000,564444.188000,-0.535000,141.837250,0.572120,0.954700,0.572120,0.954700,1185077.666540,0.008200,2275490.685420,0.010680,2062.684330,-8.482090,0.961080,-19.781350,0.997810,17403.348000
21.452730,6926.900000,21.433670,20240608093056.000000,8.000000,2690469.164000,864223.389000,0.209000,12.155580,0.984840,0.838280,0.984840,0.838280,1391471.715760,0.001340,1289833.012040,0.005530,2054.515860,-6.286490,0.822960,-12.418400,0.825360,17349.536000
22.080450,6926.900000,22.084000,20240608093355.000000,8.000000,1251211.363000,760902.757000,0.300760,143.982000,0.037180,0.722230,0.037180,0.722230,1484767.504740,0.012540,1484767.504740,0.012540,2053.430280,-0.602290,0.986390,-0.973190,0.992400,17381.692000
151.980000,6926.900000,172.522220,20240608093656.000000,8.000000,2634594.395000,803311.060000,0.456240,19.020080,0.062060,0.260760,0.284850,0.240550,10148899.867310,0.006830,10148899.867310,0.006830,2052.949980,-4.974530,0.991860,-8.261220,0.996570,17670.763000
21.870000,6926.900000,21.851670,20240608093955.000000,8.000000,1066253.195000,725495.209000,0.380000,37.479980,0.070550,0.977990,0.070550,0.977990,-14257194.254040,0.004720,-14170455.975990,0.004740,2055.516590,-0.542680,0.992810,-0.542680,0.992810,16662.520000
-75.295000,6926.900000,-75.365780,20240608094255.000000,8.000000,649296.242000,373704.191000,-0.508000,18.050690,-5.307640,0.993230,-5.307640,0.993230,-1671088.819310,0.016540,-1671088.819310,0.016540,2053.018750,89.983870,0.993150,89.983870,0.993150,16650.575000
-71.431820,6926.900000,-71.225220,20240608094555.000000,8.000000,1856590.784000,356322.467000,0.479000,18.823780,0.318350,0.886450,0.318350,0.886450,40244956.989850,0.058710,40244956.989850,0.058710,2049.774690,-8.388540,0.996270,-8.388540,0.996270,17111.679000
25.610910,6926.900000,23.557800,20240608102808.000000,8.000000,586180.724000,161519.022000,-0.535110,143.186000,-0.196950,0.859440,-0.196950,0.859440,-846457.366860,0.015430,-846457.366860,0.015430,2044.012740,3.274780,0.882380,11.767410,0.962650,16967.997000
22.894090,6926.900000,22.812220,20240608103058.000000,8.000000,1216107.656000,374573.306000,0.209000,12.192580,0.182030,0.953780,0.351680,0.977640,789683.855060,0.000170,1763502.037940,0.000800,2044.956290,-0.990550,0.932160,-2.434190,0.978040,16460.642000
23.352730,6926.900000,23.381890,20240608103356.000000,8.000000,389499.105000,351072.867000,0.300760,144.891570,-0.174880,0.919900,-0.174880,0.919900,413501.725560,0.005710,413501.725560,0.005710,2051.310460,1.582120,0.995860,1.631950,0.995900,15762.327000
158.033640,6926.900000,173.775220,20240608103657.000000,8.000000,1375149.373000,640346.382000,0.456000,19.147070,0.030790,0.586690,0.072020,0.594380,-6538639.309450,0.066840,-6538639.309450,0.066840,2049.206370,-1.155890,0.995150,-1.617420,0.997850,16510.089000
23.090910,6926.900000,23.053330,20240608103957.000000,8.000000,993064.047000,252626.985000,0.381000,38.180540,-0.006480,0.980780,-0.006480,0.980780,-683156.185460,0.000460,-683156.185460,0.000460,2049.209970,0.049510,0.991520,0.049510,0.991520,15764.357000
-74.123640,6926.900000,-75.369670,20240608104257.000000,8.000000,879380.168000,248075.615000,-0.499000,18.179880,-1.817910,0.992370,-1.817910,0.992370,44296521.202110,0.005810,131726843.292640,0.022370,2049.522010,30.660260,0.991510,30.660260,0.991510,16861.000000
-71.044550,6926.900000,-71.273560,20240608104557.000000,8.000000,886390.354000,78671.496000,0.479000,18.925840,-0.047050,0.893440,-0.047050,0.893440,36010030.957060,0.083470,36010030.957060,0.083470,2049.525630,1.127200,0.996600,1.127200,0.996600,17192.091000
27.566360,6926.900000,26.202310,20240608112808.000000,8.000000,588317.832000,298281.263000,-0.536120,145.390070,-0.191760,0.972160,-0.191760,0.972160,3112788.730070,0.011250,3112788.730070,0.011250,2048.198410,2.846990,0.976280,6.341760,0.995400,17879.109000
24.875910,6926.900000,25.139000,20240608113056.000000,8.000000,685452.393000,129401.644000,0.207000,12.263500,-0.101190,0.792850,-0.101190,0.792850,1763805.157770,0.000300,1763805.157770,0.000300,2045.390500,0.317560,0.702140,0.317560,0.702140,16783.357000
24.530000,6926.900000,24.662330,20240608113355.000000,8.000000,491576.341000,127058.362000,0.299000,145.616230,-0.051760,0.439810,-0.051760,0.439810,-11042566.770420,0.021840,-11042566.770420,0.021840,2048.053710,1.211240,0.985700,1.211240,0.985700,17041.692000
162.189090,6926.900000,174.636220,20240608113655.000000,8.000000,-486571.130000,134674.154000,0.456000,19.286570,-0.189690,0.576040,-0.189690,0.576040,-1806179.578320,0.023450,-1806179.578320,0.023450,2046.204020,4.837160,0.988700,8.602920,0.996260,17227.043000
24.262730,6926.900000,24.260780,20240608113955.000000,8.000000,-877916.838000,20087.403000,0.381000,38.275130,-2.030410,0.977940,-2.030410,0.977940,1352256.693230,0.009100,1352256.693230,0.009100,2043.198150,15.610710,0.994220,15.610710,0.994220,16621.451000
-74.690450,6926.900000,-75.080780,20240608114256.000000,8.000000,391216.198000,72056.429000,-0.490260,18.321720,-9.858740,0.994860,-9.858740,0.994860,-10327972.000570,0.095790,-5100678.654180,0.081710,2045.527880,163.358630,0.993920,163.358630,0.993920,17397.499000
-70.980000,6926.900000,-70.992670,20240608114556.000000,8.000000,5357.724000,108066.027000,0.478260,19.064470,-0.371080,0.752100,-0.371080,0.752100,21109.108570,0.004430,21109.108570,0.004430,2043.765090,10.069380,0.995970,10.069380,0.995970,17375.631000
28.195000,6926.900000,25.192420,20240608122808.000000,8.000000,1094.908000,291279.813000,-0.536230,146.899180,-0.327010,0.827650,-0.327010,0.827650,-3710.005800,0.040900,-3710.005800,0.040900,2037.179230,6.987600,0.953610,16.006040,0.996950,17496.664000
25.173180,6926.900000,25.146220,20240608123055.000000,8.000000,-493871.006000,-27955.452000,0.206000,12.401000,-0.456630,0.491410,-6.969820,0.847780,-912881.982920,0.006070,-1235857.898820,0.034650,2038.834110,2.576300,0.495520,26.363090,0.817560,17573.982000
29.706360,6926.900000,31.012780,20240608123355.000000,8.000000,-132956.295000,31846.324000,0.301000,146.430400,-0.036540,0.074020,-0.037820,0.074440,69414.882000,0.000260,69414.882000,0.000260,2040.675350,2.316550,0.976390,3.740160,0.982510,18137.020000
168.056360,6926.900000,176.107780,20240608123656.000000,8.000000,413379.444000,26489.140000,0.455000,19.495010,-0.045550,0.496860,-0.045550,0.496860,7254877.454030,0.022430,7276981.283410,0.022640,2042.324000,2.023250,0.992960,3.245010,0.997900,17081.890000
25.035000,6926.900000,25.027890,20240608123955.000000,8.000000,847.585000,34389.554000,0.380760,39.551920,-1.148300,0.988670,-1.148300,0.988670,-244.472830,0.003770,-244.472830,0.003770,2044.063980,8.201110,0.994570,8.201110,0.994570,16343.599000
-74.168640,6926.900000,-74.921560,20240608124254.000000,8.000000,349595.122000,5165.791000,-0.484260,18.511090,-10.191460,0.994970,-10.191460,0.994970,34259085.504800,0.033930,34259085.504800,0.033930,2043.965350,164.322910,0.994150,164.322910,0.994150,16397.498000
-69.883180,6926.900000,-70.788560,20240608124554.000000,8.000000,293241.160000,37102.747000,0.478240,19.196130,-0.273530,0.816950,-0.273530,0.816950,-793763.164120,0.011260,-793763.164120,0.011260,2042.519250,5.713500,0.997840,5.713500,0.997840,16450.916000
29.184550,6926.900000,25.948570,20240608132808.000000,8.000000,35860.720000,504650.337000,-0.536880,147.580910,-0.421270,0.915420,-1.597140,0.951370,-132756.755010,0.026140,-132756.755010,0.026140,2045.604510,7.234680,0.961080,17.477440,0.992240,18086.347000
26.446360,6926.900000,26.482890,20240608133055.000000,8.000000,29734.197000,129146.045000,0.205000,12.517810,-0.843070,0.981840,-0.843070,0.981840,-49233.072140,0.032260,-47371.105960,0.032520,2042.749690,4.153370,0.985500,4.153370,0.985500,18695.903000
26.510910,6926.900000,26.642890,20240608133355.000000,8.000000,-573443.746000,48922.153000,0.298000,147.314200,-0.222660,0.681900,-0.222660,0.681900,385500.392550,0.001090,385500.392550,0.001090,2043.480790,3.617930,0.986450,4.428140,0.987490,17303.778000
170.196820,6926.900000,176.619110,20240608133655.000000,8.000000,147.742000,89556.363000,0.457000,20.298240,-0.062210,0.488920,-0.062210,0.488920,-11819.739990,0.023580,-11819.739990,0.023580,2045.243180,3.626570,0.995890,4.509740,0.997400,17508.087000
25.611360,6926.900000,25.607780,20240608133955.000000,8.000000,1712.587000,140912.047000,0.378000,39.332300,-1.074450,0.982920,-1.074450,0.982920,1427.398420,0.012070,1427.398420,0.012070,2045.881630,7.734100,0.989960,7.734100,0.989960,16404.414000
-74.070000,6926.900000,-74.393560,20240608134255.000000,8.000000,-848428.182000,48141.116000,-0.479000,18.667070,-28.921820,0.995930,-28.921820,0.995930,-953193.283750,0.006310,-1635710.479340,0.007700,2042.496820,464.434000,0.995270,464.434000,0.995270,17526.240000
-70.310000,6926.900000,-70.392330,20240608134556.000000,8.000000,-808095.050000,198240.945000,0.478000,19.324820,-0.849930,0.927360,-0.849930,0.927360,19682614.614410,0.022290,19415585.346800,0.022390,2050.623570,15.260760,0.998040,15.260760,0.998040,18033.545000
29.492270,6926.900000,25.658900,20240608142808.000000,8.000000,-11272.721000,-253680.132000,-0.537120,145.178250,-0.245410,0.878070,-0.245410,0.878070,-201715.359830,0.000280,-88302.364870,0.001220,2042.889020,4.112830,0.984020,6.973930,0.996500,18863.541000
25.922270,6926.900000,25.857670,20240608143055.000000,8.000000,-200000.997000,28120.272000,0.203000,12.618170,0.873620,0.806690,0.872250,0.750690,-684066.114950,0.000770,-684066.114950,0.000770,2038.223880,-0.382870,0.067250,-0.382870,0.067250,18170.637000
26.245450,6926.900000,26.283780,20240608143354.000000,8.000000,232975.482000,-15005.016000,0.297000,147.864530,-0.208770,0.896720,-0.208770,0.896720,902454.128270,0.004080,902454.128270,0.004080,2043.946560,1.924270,0.985930,3.204960,0.992240,17538.281000
173.525450,6926.900000,177.169330,20240608143655.000000,8.000000,161120.604000,-6390.413000,0.453000,20.613540,-0.086530,0.707070,-0.086530,0.707070,98673.611550,0.002570,98673.611550,0.002570,2043.027160,2.663170,0.989230,3.506760,0.990510,17685.204000
26.023640,6926.900000,25.988110,20240608143956.000000,8.000000,-94026.079000,36266.233000,0.376000,39.060720,-0.965040,0.961930,-0.965040,0.961930,-396264.336390,0.017130,-396264.336390,0.017130,2036.977040,8.604530,0.980420,8.604530,0.980420,16064.728000
-74.070000,6926.900000,-74.121330,20240608144256.000000,8.000000,-111422.008000,14951.936000,-0.472260,18.882690,-17.886700,0.996880,-17.886700,0.996880,-563273.670670,0.005490,-563273.670670,0.005490,2042.137940,286.613380,0.995820,286.613380,0.995820,16948.203000
-70.310000,6926.900000,-70.370000,20240608144557.000000,8.000000,812343.892000,164278.614000,0.478000,19.439070,-0.100920,0.954640,-0.100920,0.954640,993055.054760,0.000230,993055.054760,0.000230,2038.733020,1.968460,0.996820,1.968460,0.996820,17966.409000
30.247730,6926.900000,26.149120,20240608152807.000000,8.000000,-385704.609000,-464437.632000,-0.537120,145.948580,-0.848140,0.957820,-0.848140,0.957820,-524078.205660,0.010270,-3949998.689130,0.042260,2035.062050,13.377070,0.967860,26.936160,0.998300,16743.877000
25.954550,6926.900000,25.873110,20240608153055.000000,8.000000,-964951.737000,-219352.021000,0.202000,12.682070,0.066060,0.009390,0.066060,0.009390,1632594.624400,0.014270,1632594.624400,0.014270,2030.539840,-5.127290,0.513240,-5.127290,0.513240,17751.289000
26.330000,6926.900000,26.332780,20240608153353.000000,8.000000,-479605.709000,36356.194000,0.295000,148.003020,-0.370680,0.881530,-0.370680,0.881530,11163491.739900,0.000650,11163491.739900,0.000650,2033.962030,4.293900,0.994430,4.466640,0.994460,17302.917000
173.302270,6926.900000,177.391440,20240608153653.000000,8.000000,789004.966000,-139042.391000,0.451000,20.600370,-0.016680,0.609250,-0.016680,0.609250,4590783.177370,0.001120,395496.840510,0.000300,2033.681210,0.587830,0.985770,1.221910,0.995110,18036.068000
26.268640,6926.900000,26.218110,20240608153952.000000,8.000000,-750306.634000,-98373.836000,0.374760,37.974240,-2.245240,0.992710,-2.245240,0.992710,-1972771.681850,0.007100,-1972771.681850,0.007100,2033.999410,17.041550,0.995890,17.041550,0.995890,15471.065000
-74.359550,6926.900000,-74.438780,20240608154252.000000,8.000000,890011.725000,-101227.080000,-0.476980,18.999260,-1.781030,0.996890,-1.781030,0.996890,456386.262170,0.000530,456386.262170,0.000530,2035.345510,28.356030,0.996410,28.356030,0.996410,17103.810000
-70.048640,6926.900000,-70.550000,20240608154552.000000,8.000000,-402402.712000,-68560.765000,0.478000,19.545370,-0.737580,0.945210,-0.737580,0.945210,966940.383300,0.000790,966940.383300,0.000790,2038.816590,13.792760,0.997980,13.792760,0.997980,18603.773000
30.130000,6926.900000,25.785710,20240608162807.000000,8.000000,213331.948000,-530970.327000,-0.537000,145.895080,-0.395740,0.936960,-1.230800,0.965030,-49159.306290,0.001020,-49159.306290,0.001020,2035.934680,6.745420,0.969220,19.076610,0.998170,19706.363000
25.442270,6926.900000,25.384330,20240608163055.000000,8.000000,637038.709000,-87309.661000,0.201000,12.733370,-0.119050,0.532480,-2.233680,0.849240,-5246719.714510,0.009600,-1423307.073690,0.011600,2024.144880,1.428540,0.825520,10.286650,0.960890,20838.704000
26.219550,6926.900000,26.212110,20240608163354.000000,8.000000,-1640201.600000,-247358.385000,0.294000,147.890610,-0.382330,0.735490,-0.382330,0.735490,-1893095.451730,0.001210,-1893095.451730,0.001210,2037.058770,7.823030,0.994950,9.302010,0.995880,19070.280000
173.712270,6926.900000,177.375670,20240608163655.000000,8.000000,-299894.596000,-446.340000,0.450000,20.575180,-0.117670,0.676890,-0.117670,0.676890,2185838.329980,0.005650,2157489.706290,0.005700,2036.991880,4.237620,0.993220,7.208650,0.996700,19626.800000
25.627270,6926.900000,25.617110,20240608163954.000000,8.000000,601738.149000,-143837.994000,0.372000,38.259370,-0.449950,0.990740,-0.449950,0.990740,2503321.637280,0.008210,14372554.614440,0.026280,2037.033280,3.485930,0.994100,3.485930,0.994100,18637.037000
-73.920450,6926.900000,-74.719890,20240608164254.000000,8.000000,1094090.013000,156743.775000,-0.478240,19.100630,1.487860,0.993910,1.487860,0.993910,9350641.999600,0.024680,8890785.115640,0.024320,2034.404440,-23.675490,0.993170,-23.675490,0.993170,19075.141000
-70.645000,6926.900000,-70.659890,20240608164555.000000,8.000000,123467.385000,119122.551000,0.477000,19.634800,-0.657850,0.974610,-0.657850,0.974610,233537.820280,0.000240,233537.820280,0.000240,2045.777940,9.635620,0.998170,10.505560,0.998420,19196.749000
29.366820,6926.900000,24.865380,20240608172807.000000,8.000000,1037321.012000,-327062.551000,-0.537120,145.663320,0.017010,0.835260,0.017010,0.835260,-5094999.440950,0.010670,-4849370.492800,0.010610,2045.910400,-0.356540,0.925690,-1.253810,0.987600,20056.782000
24.476820,6926.900000,24.427000,20240608173054.000000,8.000000,-1062583.585000,-134926.070000,0.200000,12.776060,-2.606840,0.992570,-5.028820,0.992710,-7174973.194040,0.005780,-9703973.065260,0.023490,2053.431430,14.652170,0.995060,20.694550,0.996840,21211.253000
24.964090,6926.900000,24.944560,20240608173353.000000,8.000000,-272144.274000,-227540.785000,0.293000,147.839470,-0.261630,0.829200,-0.261630,0.829200,16435425.853120,0.036950,647845.047280,0.034180,2053.260400,3.735960,0.986400,7.067590,0.993970,20466.248000
174.147270,6926.900000,177.167560,20240608173654.000000,8.000000,-638872.409000,-157743.877000,0.449000,20.553420,-0.152330,0.736830,-0.152330,0.736830,1988251.527990,0.022410,1949761.389500,0.022330,2044.430460,5.944490,0.992660,10.393660,0.996770,20490.054000
24.652270,6926.900000,24.622440,20240608173953.000000,8.000000,1583669.358000,4387.340000,0.370000,38.498440,0.816670,0.992010,0.816670,0.992010,-4048735.264310,0.009550,-4048735.264310,0.009550,2043.253350,-6.577140,0.992700,-6.577140,0.992700,19472.452000
-74.381820,6926.900000,-74.872440,20240608174252.000000,8.000000,270995.995000,-157954.206000,-0.486260,19.089560,-12.392930,0.996230,-12.392930,0.996230,-236733.501500,0.000280,-236733.501500,0.000280,2040.664050,194.369610,0.995450,194.369610,0.995450,19572.112000
-70.475000,6926.900000,-70.928780,20240608174552.000000,8.000000,-578552.546000,-130958.392000,0.477000,19.692040,-1.021700,0.949930,-1.021700,0.949930,1637057.101910,0.001200,777668.811100,0.010300,2042.752690,15.352590,0.980240,33.177550,0.996000,19633.560000
28.935450,6926.900000,24.104070,20240608182807.000000,8.000000,245157.601000,-366152.144000,-0.536880,145.509430,-0.529240,0.968960,-0.529240,0.968960,1103206.386310,0.004260,1103206.386310,0.004260,2054.509740,7.096490,0.953400,16.890170,0.985130,21482.377000
23.736360,6926.900000,23.687560,20240608183054.000000,8.000000,684171.789000,-21598.191000,0.199000,12.808140,-0.197810,0.908660,-1.197900,0.965300,-3108625.142930,0.007500,-3108625.142930,0.007500,2053.708030,1.554540,0.938040,5.124180,0.980350,21833.371000
24.075910,6926.900000,24.057670,20240608183352.000000,8.000000,75482.878000,-43347.456000,0.291260,147.652870,-0.130300,0.671970,-0.130300,0.671970,-696136.068350,0.013420,-696136.068350,0.013420,2042.163320,3.019270,0.991870,3.876110,0.994050,21005.533000
172.767270,6926.900000,176.630000,20240608183653.000000,8.000000,-13480.227000,-14030.739000,0.448240,20.517310,-0.006960,0.011870,-0.006960,0.011870,1939000.953300,0.382090,190373.096470,0.071380,2049.235660,3.980040,0.988130,7.538570,0.996420,21446.458000
23.754550,6926.900000,23.735000,20240608183954.000000,8.000000,-158596.603000,-73006.670000,0.369000,38.505720,-1.593930,0.988110,-1.593930,0.988110,-950614.701220,0.014710,-950614.701220,0.014710,2061.712770,11.565820,0.990150,11.565820,0.990150,20747.121000
-74.696820,6926.900000,-75.285110,20240608184254.000000,8.000000,60990.224000,99808.502000,-0.493260,19.126410,-16.673140,0.996360,-16.673140,0.996360,-394202.558260,0.012250,-394202.558260,0.012250,2045.326310,265.348240,0.995770,265.348240,0.995770,20179.672000
-70.797270,6926.900000,-71.175000,20240608184555.000000,8.000000,969.332000,-131191.606000,0.477000,19.714910,-0.282660,0.773230,-1.791070,0.878960,152.156910,0.000300,152.156910,0.000300,2033.806040,8.755130,0.983290,19.447190,0.996210,20842.549000
26.717730,6926.900000,23.419120,20240608192807.000000,8.000000,55509.876000,-212915.121000,-0.536110,144.387970,-0.838000,0.986050,-0.838000,0.986050,-245286.580390,0.054350,-245286.580390,0.054350,2038.507870,13.304420,0.976140,23.807730,0.995130,21211.511000
23.088180,6926.900000,23.052440,20240608193055.000000,8.000000,-292754.252000,14802.315000,0.199000,12.832440,-1.593630,0.976960,-3.887530,0.993230,1069707.015130,0.002950,1392010.973160,0.003100,2030.243290,10.418320,0.973400,22.366490,0.994180,21614.429000
23.369090,6926.900000,23.335890,20240608193353.000000,8.000000,53922.485000,31582.632000,0.291000,147.128380,-0.036480,0.122960,-0.036480,0.122960,-428296.484890,0.000290,-339410.355030,0.003030,2037.916090,2.879010,0.993310,3.872760,0.994650,21110.495000
170.432270,6926.900000,176.238220,20240608193654.000000,8.000000,186394.598000,69431.819000,0.447240,20.473430,0.080760,0.501500,0.080760,0.501500,-936973.310360,0.030790,-680439.505940,0.028490,2044.640060,2.851040,0.973570,8.532620,0.994820,21482.315000
23.053640,6926.900000,23.026670,20240608193953.000000,8.000000,-81235.088000,-32763.979000,0.368000,38.181070,-1.233330,0.988310,-1.233330,0.988310,3924124.108400,0.009820,3726225.024130,0.009930,2036.333800,10.866520,0.991120,12.309580,0.987870,20512.885000
-75.025000,6926.900000,-75.322000,20240608194252.000000,8.000000,1436.528000,-34993.224000,-0.499000,19.107330,-18.569910,0.992800,-18.569910,0.992800,3357.267810,0.008380,3357.267810,0.008380,2044.032930,290.774390,0.990880,290.774390,0.990880,20413.890000
-71.205910,6926.900000,-71.186330,20240608194552.000000,8.000000,-298165.292000,50944.994000,0.476000,19.719620,-0.819800,0.962050,-0.819800,0.962050,46136816.905210,0.116820,20793709.667360,0.032100,2044.297070,14.617490,0.996810,15.369100,0.996870,21194.307000
26.352730,6926.900000,23.726590,20240608202807.000000,8.000000,-486894.903000,-48925.065000,-0.536110,145.033360,-1.197340,0.958100,-3.880920,0.984550,-74951533.400130,0.012220,-12449590.088910,0.010770,2065.882600,17.935810,0.957730,35.701810,0.992780,21261.746000
22.060000,6926.900000,22.049560,20240608203055.000000,8.000000,1067.082000,-17778.280000,0.198000,12.827560,-1.876950,0.994800,-1.876950,0.994800,-144.423350,0.000120,-144.423350,0.000120,2070.080530,3.970770,0.909050,15.857400,0.936820,21831.059000
22.268180,6926.900000,22.250000,20240608203354.000000,8.000000,17562.760000,40119.491000,0.291000,146.920380,-0.364890,0.939750,-0.364890,0.939750,-55928.916530,0.011190,-55928.916530,0.011190,2046.473320,4.184040,0.991420,6.287650,0.995700,21330.444000
172.710000,6926.900000,175.981780,20240608203655.000000,8.000000,92814.410000,-112525.627000,0.447000,20.401760,-0.069760,0.605830,-0.069760,0.605830,35820.878140,0.000500,35820.878140,0.000500,2037.689760,2.753400,0.980150,6.673520,0.993790,21246.855000
21.955450,6926.900000,21.931780,20240608203956.000000,8.000000,-291824.667000,-49733.162000,0.366760,38.096370,-1.316490,0.970810,-1.316490,0.970810,6767404.475660,0.016490,6767404.475660,0.016490,2048.855140,11.407870,0.987940,11.407870,0.987940,20625.402000
-75.745000,6926.900000,-75.552000,20240608204255.000000,8.000000,129083.841000,360.336000,-0.506260,19.020610,-15.336920,0.995650,-15.336920,0.995650,-352265.198200,0.000440,-352265.198200,0.000440,2039.256900,248.938520,0.995390,248.938520,0.995390,19967.591000
-71.496360,6926.900000,-71.510220,20240608204557.000000,8.000000,692.614000,-64595.618000,0.476000,19.694480,-0.748870,0.970700,-0.748870,0.970700,-14268.162270,0.060710,-14268.162270,0.060710,2039.549730,14.931580,0.993170,14.931580,0.993170,20796.278000
25.415450,6926.900000,20.985160,20240608212807.000000,8.000000,29313.510000,-62775.349000,-0.536120,146.294410,-0.639920,0.954720,-1.562180,0.981360,1054890.190430,0.021080,960922.856960,0.030300,2100.866070,9.670080,0.960070,25.438970,0.994650,20146.552000
20.618180,6926.900000,20.657560,20240608213055.000000,8.000000,32153.484000,-75619.835000,0.198000,12.821220,-1.206610,0.993970,-1.206610,0.993970,-228334.716350,0.042370,-225462.643610,0.042450,2101.351980,2.786380,0.858280,15.482060,0.945930,20508.250000
20.664550,6926.900000,20.691560,20240608213353.000000,8.000000,-585289.217000,-44983.088000,0.289740,146.339720,-0.425410,0.889890,-0.425410,0.889890,9189411.218020,0.044560,4377734.551850,0.043400,2101.478460,5.663620,0.994620,5.663620,0.994620,20252.947000
167.680000,6926.900000,175.083220,20240608213654.000000,8.000000,-426.205000,-71719.829000,0.446240,20.281410,-0.196430,0.904520,-0.196430,0.904520,14601.327100,0.003090,14601.327100,0.003090,2100.146360,3.491820,0.992900,5.827710,0.998070,20394.263000
20.360450,6926.900000,20.372000,20240608213953.000000,8.000000,-39045.764000,-146847.362000,0.364000,37.857220,-1.230590,0.989460,-1.230590,0.989460,-4701.858750,0.000010,-4701.858750,0.000010,2082.621130,9.037320,0.992240,9.037320,0.992240,19827.036000
-75.750910,6926.900000,-75.921330,20240608214252.000000,8.000000,466182.140000,80588.180000,-0.515000,18.911610,-9.086210,0.994480,-9.086210,0.994480,3542700.846830,0.007740,3420573.827730,0.007750,2081.174950,144.168400,0.993980,144.168400,0.993980,19119.819000
-71.593180,6926.900000,-71.760440,20240608214553.000000,8.000000,24199.401000,-75086.160000,0.476000,19.619700,-1.406960,0.990050,-1.406960,0.990050,619210.850630,0.015780,540851.958860,0.018180,2109.490510,13.637030,0.995320,14.644640,0.995430,20083.024000
24.794090,6926.900000,20.058350,20240608222807.000000,8.000000,858.027000,-258636.517000,-0.535880,145.611730,-0.595410,0.957470,-1.903550,0.967890,3070.051840,0.000390,2152.001890,0.000610,2080.580170,8.943890,0.951710,26.366610,0.994420,19637.078000
19.775000,6926.900000,19.835670,20240608223054.000000,8.000000,-251329.040000,-171833.593000,0.197000,12.765610,0.532090,0.539530,0.532090,0.539530,-372956.229060,0.000400,-372956.229060,0.000400,2084.089090,4.325440,0.881340,19.565730,0.959570,20018.286000
19.841820,6926.900000,19.877220,20240608223353.000000,8.000000,-642552.249000,-324518.091000,0.289000,145.616070,0.589130,0.895160,0.603690,0.868460,-395727.096630,0.001730,-395727.096630,0.001730,2113.966790,4.845480,0.992810,5.461350,0.993140,19699.925000
161.480450,6926.900000,174.247330,20240608223653.000000,8.000000,390858.769000,-371205.930000,0.446000,20.116330,-0.140380,0.932610,-0.140380,0.932610,87093.505820,0.000460,87093.505820,0.000460,2131.063250,2.090060,0.984780,4.545700,0.997150,19824.133000
19.718640,6926.900000,19.729000,20240608223953.000000,8.000000,-777054.430000,-429389.930000,0.362770,36.974060,-2.208440,0.982010,-2.208440,0.982010,-1522447.892030,0.001150,-1522447.892030,0.001150,2135.571810,14.883650,0.983360,14.883650,0.983360,19295.555000
-74.571820,6926.900000,-75.887000,20240608224252.000000,8.000000,-487317.236000,-315285.773000,-0.519260,18.756930,-24.907890,0.994450,-24.907890,0.994450,-1810212.019600,0.000800,-1063959.669580,0.001680,2121.866460,388.565750,0.994180,388.565750,0.994180,18724.568000
-72.228180,6926.900000,-72.054440,20240608224553.000000,8.000000,-841668.550000,-219417.553000,0.475000,19.516970,-1.459140,0.964830,-1.459140,0.964830,-2753683.788940,0.009110,-2757257.523920,0.009120,2112.044150,28.490260,0.988390,28.490260,0.988390,19467.310000
24.560910,6926.900000,19.695270,20240608232807.000000,8.000000,-672866.218000,-262571.973000,-0.535110,145.082910,-1.027470,0.936320,-3.755420,0.977960,-1974920.765130,0.021570,-1974920.765130,0.021570,2138.057250,15.486700,0.929930,54.181610,0.995930,19265.205000
19.420000,6926.900000,19.474890,20240608233054.000000,8.000000,321224.853000,-506587.531000,0.197000,12.655590,-0.674750,0.953050,-0.674750,0.953050,218091714.767070,0.016320,2789096.065070,0.009730,2141.142780,3.022050,0.973660,4.469510,0.967490,19643.977000
19.500000,6926.900000,19.533670,20240608233352.000000,8.000000,-146939.454000,-362251.479000,0.288000,144.915000,-0.121780,0.816950,-0.401610,0.829010,-267274.132230,0.045090,-267274.132230,0.045090,2131.467700,3.640180,0.995490,4.318450,0.996350,19297.195000
157.686820,6926.900000,173.523560,20240608233654.000000,8.000000,-587234.690000,-650069.171000,0.446000,19.955900,-0.537810,0.962650,-0.537810,0.962650,2368146.941800,0.001450,2368146.941800,0.001450,2118.621230,5.266220,0.986020,10.469730,0.995930,19293.858000
19.249550,6926.900000,19.271000,20240608233954.000000,8.000000,-1138409.308000,-504738.864000,0.361000,36.919340,-2.710030,0.986990,-2.710030,0.986990,-5925013.062540,0.008060,-6756460.798900,0.014340,2103.870970,17.801160,0.990830,20.193230,0.987230,18838.602000
-76.445450,6926.900000,-76.186670,20240608234253.000000,8.000000,-574919.588000,-294917.812000,-0.521260,18.617580,-29.114530,0.996720,-29.114530,0.996720,-19821927.006370,0.034910,-19821927.006370,0.034910,2084.350010,468.735490,0.996040,468.735490,0.996040,18312.225000
-72.160910,6926.900000,-71.946560,20240608234553.000000,8.000000,-341138.309000,-526755.765000,0.476000,19.413360,-2.009840,0.986650,-2.009840,0.986650,967106.037410,0.000970,2726609.062500,0.002210,2121.299920,18.697440,0.992570,18.697440,0.992570,19236.168000
24.669550,6926.900000,19.421980,20240609000732.000000,8.000000,-284072.995000,-404936.221000,-0.536240,144.677520,-0.972890,0.955290,-0.972890,0.955290,137287.639160,0.001930,137287.639160,0.001930,2096.741950,14.770780,0.946450,34.960130,0.996690,18625.766000
19.120000,6926.900000,19.182000,20240609001021.000000,8.000000,-1165830.198000,-611385.047000,0.197000,12.627230,-0.423260,0.387020,-15.493400,0.659230,508420409.762180,0.064630,30727966.147230,0.049500,2092.843140,8.489140,0.943650,26.814350,0.963070,18981.442000
19.195000,6926.900000,19.243110,20240609001320.000000,8.000000,217776.334000,-364419.823000,0.288000,144.907300,0.001930,0.000290,0.001930,0.000290,-1302700.261990,0.002910,-1302700.261990,0.002910,2095.841800,2.766110,0.989310,3.599920,0.991980,18678.445000
155.819090,6926.900000,173.263560,20240609001622.000000,8.000000,-1565724.504000,-537520.286000,0.446000,19.857930,-0.594860,0.887520,-0.594860,0.887520,-584544.354990,0.010490,-1288313.031620,0.015970,2115.881080,9.044040,0.989960,17.030820,0.997740,18887.702000
19.077270,6926.900000,19.091780,20240609001922.000000,8.000000,190548.175000,-514933.534000,0.360000,36.070440,-1.068500,0.985720,-1.068500,0.985720,107741.135050,0.000300,107741.135050,0.000300,2101.282170,6.053090,0.984310,6.053090,0.984310,18391.413000
-75.468640,6926.900000,-76.128670,20240609002222.000000,8.000000,-711517.091000,-810895.300000,-0.522260,18.530010,-31.913190,0.992980,-31.913190,0.992980,-934328.935980,0.006580,-934328.935980,0.006580,2140.308190,477.414010,0.991520,477.414010,0.991520,18195.717000
-71.925450,6926.900000,-72.093560,20240609002522.000000,8.000000,-486755.976000,-686282.887000,0.476000,19.351390,-1.384210,0.958770,-1.384210,0.958770,-1722228.458080,0.003640,-1722228.458080,0.003640,2159.455970,21.448430,0.982350,21.448430,0.982350,18989.728000
22.836360,6926.900000,19.310440,20240609002826.000000,8.000000,-355608.593000,-446642.062000,-0.499860,144.877100,-0.932450,0.888800,-0.932450,0.888800,-1699114.786800,0.142770,-1683367.561340,0.143290,2146.267500,14.157710,0.945850,34.300350,0.993970,19028.656000
19.095450,6926.900000,19.163780,20240609003115.000000,8.000000,-1069242.371000,-417343.324000,0.197000,12.589680,-1.229230,0.219450,-24.400260,0.504420,-313721.550910,0.002690,-498698.951010,0.003130,2150.219140,5.430980,0.608090,37.181660,0.804230,19273.755000
19.156820,6926.900000,19.196560,20240609003413.000000,8.000000,-469758.412000,-733863.153000,0.288000,144.938900,-0.918200,0.962700,-0.918200,0.962700,-225486.427910,0.003340,-372008.068980,0.003950,2143.518380,5.069700,0.994470,6.243870,0.996150,18842.307000
158.191360,6926.900000,173.445330,20240609003714.000000,8.000000,-96100.140000,-672730.814000,0.445240,19.807090,-0.522960,0.966560,-0.522960,0.966560,24679.014250,0.000500,24679.014250,0.000500,2131.132040,3.860130,0.995540,5.305340,0.996950,18919.348000
19.001820,6926.900000,19.030780,20240609004014.000000,8.000000,-162324.588000,-377593.643000,0.359760,36.534760,-1.167290,0.979670,-1.167290,0.979670,2715117.993040,0.033800,2591657.617930,0.034240,2093.560440,9.354280,0.989300,9.354280,0.989300,18358.796000
-76.451820,6926.900000,-76.284110,20240609004313.000000,8.000000,-96689.929000,-505373.303000,-0.523260,18.489980,-18.727140,0.993850,-18.727140,0.993850,-167928.012540,0.003020,-998179.394420,0.009890,2088.428820,302.783330,0.993770,302.783330,0.993770,18175.248000
-71.928180,6926.900000,-72.053440,20240609004614.000000,8.000000,169012.019000,-295910.446000,0.476000,19.316760,-0.187500,0.604110,-1.032640,0.697650,-36573.288000,0.000200,-36573.288000,0.000200,2112.381330,11.357140,0.996040,11.357140,0.996040,18979.596000
22.759550,6926.900000,19.430330,20240609012825.000000,8.000000,-178391.350000,-229937.087000,-0.535350,144.692540,-0.929900,0.962980,-3.214910,0.965310,-145212.190940,0.000870,-145212.190940,0.000870,2132.674770,12.863840,0.948470,30.633360,0.992020,18689.802000
19.254090,6926.900000,19.314330,20240609013113.000000,8.000000,53201.483000,-485321.038000,0.196000,12.531530,-0.078810,0.072690,-13.301470,0.349530,671493.972640,0.071220,661808.503360,0.071330,2113.672260,1.277740,0.502260,24.442500,0.738010,19155.231000
19.402730,6926.900000,19.441330,20240609013412.000000,8.000000,426928.343000,-387013.700000,0.287000,144.532260,-0.143460,0.809520,-0.143460,0.809520,-180606.522790,0.000560,-180606.522790,0.000560,2114.900420,1.734080,0.984590,3.040450,0.993450,18861.178000
161.073640,6926.900000,173.209890,20240609013713.000000,8.000000,-665291.823000,-633866.710000,0.445260,19.690990,-0.127980,0.685710,-0.127980,0.685710,-1608550.537370,0.001450,-1302026.312780,0.004150,2113.231110,6.078630,0.993570,10.152040,0.998090,19180.952000
19.395000,6926.900000,19.388560,20240609014014.000000,8.000000,-503095.053000,-479472.978000,0.359760,36.474700,-1.769810,0.986900,-1.769810,0.986900,564336.146450,0.000880,564336.146450,0.000880,2124.085840,12.294080,0.991940,12.294080,0.991940,18699.954000
-75.655000,6926.900000,-76.041440,20240609014313.000000,8.000000,-764679.400000,-267910.900000,-0.522000,18.407840,-31.166570,0.992410,-31.166570,0.992410,6098234.953470,0.002910,7025987.074830,0.007970,2109.277280,488.800370,0.991330,488.800370,0.991330,18547.605000
-71.690000,6926.900000,-71.722890,20240609014613.000000,8.000000,-737602.750000,-334921.242000,0.475000,19.247130,-1.316490,0.955090,-1.316490,0.955090,-1976648.858620,0.004930,-2001836.987140,0.004940,2116.655740,28.870340,0.990040,31.402090,0.990200,19271.104000
24.654090,6926.900000,19.773850,20240609022825.000000,8.000000,504842.104000,-408366.725000,-0.535240,144.345900,-0.465870,0.973310,-0.465870,0.973310,-5565442.185730,0.003080,-5565442.185730,0.003080,2135.666140,5.408480,0.954720,13.334870,0.993690,18986.345000
19.515450,6926.900000,19.556440,20240609023112.000000,8.000000,-247713.166000,-262361.607000,0.196000,12.479100,-1.492620,0.971200,-1.492620,0.971200,-5514654.846250,0.002670,-5514654.846250,0.002670,2127.703570,7.068170,0.961670,7.068170,0.961670,19309.882000
19.697270,6926.900000,19.701440,20240609023410.000000,8.000000,684118.306000,-762641.283000,0.287000,144.313540,-0.158270,0.922900,-0.158270,0.922900,1029163.946670,0.001540,1085953.050830,0.001600,2126.789560,0.975490,0.991630,0.979640,0.991630,19134.563000
153.820450,6926.900000,172.710110,20240609023710.000000,8.000000,3926.094000,-475962.525000,0.445000,19.599200,-0.248630,0.915320,-0.248630,0.915320,-1431.605790,0.004590,-1431.605790,0.004590,2110.495070,3.458460,0.981270,8.632060,0.995410,19438.752000
19.570450,6926.900000,19.556560,20240609024009.000000,8.000000,-975405.362000,-551790.553000,0.359760,36.547440,-2.413940,0.990850,-2.413940,0.990850,11141689.137710,0.000390,11141689.137710,0.000390,2094.961030,16.695000,0.992040,16.695000,0.992040,18905.671000
-75.700000,6926.900000,-76.081440,20240609024308.000000,8.000000,-529736.186000,-512609.641000,-0.521260,18.337470,-24.335440,0.992230,-24.335440,0.992230,301904.948810,0.000320,301904.948810,0.000320,2105.331310,400.462070,0.991830,400.462070,0.991830,18844.465000
-71.656360,6926.900000,-71.731110,20240609024608.000000,8.000000,860310.995000,-476003.874000,0.475000,19.185610,0.080160,0.747080,0.080160,0.747080,7990338.999160,0.014690,7990338.999160,0.014690,2096.502100,2.108730,0.997730,2.268800,0.997880,19368.824000
22.666360,6926.900000,19.596370,20240609032825.000000,8.000000,-1166943.141000,-375649.286000,-0.535000,143.021400,-2.778950,0.977590,-2.778950,0.977590,-3255897.585370,0.000200,-3255897.585370,0.000200,2150.930690,21.699970,0.952930,64.142100,0.988320,19123.561000
19.404090,6926.900000,19.450220,20240609033113.000000,8.000000,-154966.157000,-685087.844000,0.196000,12.447200,-0.720870,0.899390,-2.478820,0.937620,6560697.483420,0.023590,6560697.483420,0.023590,2087.851560,3.714070,0.929200,16.420000,0.970050,19304.708000
19.528180,6926.900000,19.535220,20240609033411.000000,8.000000,-308927.383000,-611518.684000,0.286000,144.305730,0.016610,0.005670,0.016610,0.005670,-166790.505730,0.005320,-166790.505730,0.005320,2096.654840,4.555400,0.996450,4.873840,0.996640,19095.529000
161.071820,6926.900000,173.029000,20240609033712.000000,8.000000,-409659.238000,-786669.440000,0.445000,19.531040,0.091210,0.254450,0.091210,0.254450,-260777.428450,0.003020,-260777.428450,0.003020,2155.624370,5.155830,0.993590,8.154590,0.998190,19331.515000
19.299090,6926.900000,19.300000,20240609034012.000000,8.000000,-1613855.781000,-614272.463000,0.358760,36.612970,-3.929790,0.992300,-3.929790,0.992300,307149.894250,0.000100,312529.395730,0.000110,2209.699810,22.253510,0.989470,22.253510,0.989470,18699.538000
-77.174550,6926.900000,-76.147440,20240609034311.000000,8.000000,-290325.000000,-492020.952000,-0.522000,18.284970,-36.414870,0.996200,-36.414870,0.996200,4642605.743560,0.014720,4554161.403100,0.014690,2225.809730,538.200670,0.995880,538.200670,0.995880,18659.799000
-71.858180,6926.900000,-71.739330,20240609034611.000000,8.000000,-490023.650000,-706236.552000,0.475000,19.132830,-1.209150,0.958080,-1.209150,0.958080,-10211872.645910,0.005100,-10211872.645910,0.005100,2105.202650,23.588260,0.996150,25.580820,0.996370,19011.695000
22.611360,6926.900000,19.378020,20240609042825.000000,8.000000,-1336116.835000,-477061.861000,-0.535000,144.092680,-1.901860,0.970490,-1.901860,0.970490,243722083.804520,0.022920,243722083.804520,0.022920,2123.722520,22.493360,0.967340,46.376350,0.988790,18842.992000
19.177270,6926.900000,19.232330,20240609043113.000000,8.000000,-1853886.555000,-898402.444000,0.195000,12.393300,1.571570,0.686490,1.571570,0.686490,10156923.104330,0.051990,10156923.104330,0.051990,2133.234450,4.997220,0.801850,4.997220,0.801850,19214.244000
19.300000,6926.900000,19.311780,20240609043412.000000,8.000000,-529832.931000,-655565.052000,0.286000,144.189000,-0.511600,0.876640,-0.511600,0.876640,-1430092.984880,0.017410,-987671.085490,0.028870,2150.680940,5.664730,0.994960,6.399760,0.995410,19020.672000
154.923640,6926.900000,172.604670,20240609043713.000000,8.000000,903546.421000,-903289.416000,0.444240,19.452210,-0.015250,0.765570,-0.025000,0.760530,-644372.716460,0.010590,-1450293.493690,0.016990,2132.043690,0.342620,0.992880,0.620180,0.998560,19314.491000
19.282730,6926.900000,19.270110,20240609044012.000000,8.000000,-1853762.882000,-1058474.608000,0.358000,36.753330,-3.518200,0.979920,-3.518200,0.979920,12123590.456490,0.043990,12123590.456490,0.043990,2125.996910,24.594470,0.992440,27.431660,0.989470,18615.480000
-76.185000,6926.900000,-76.665670,20240609044311.000000,8.000000,672819.861000,-734107.702000,-0.522000,18.229980,-5.341410,0.995150,-5.341410,0.995150,-817309.732470,0.021700,-817309.732470,0.021700,2129.065550,81.960110,0.995130,81.960110,0.995130,18630.524000
-72.127270,6926.900000,-72.109330,20240609044611.000000,8.000000,-1229065.805000,-776571.932000,0.475000,19.065940,-2.118550,0.965270,-2.118550,0.965270,5752077.067870,0.023320,5667076.525840,0.023510,2132.064610,30.366970,0.991790,30.366970,0.991790,19024.095000
22.938640,6926.900000,19.333190,20240609052825.000000,8.000000,-712512.125000,-347886.524000,-0.535000,143.864920,-1.285920,0.892460,-1.285920,0.892460,90990.019270,0.000000,90990.019270,0.000000,2170.707560,18.111410,0.924130,44.635000,0.987800,18650.709000
19.109090,6926.900000,19.153440,20240609053112.000000,8.000000,-148876.366000,-886271.402000,0.195000,12.322410,-1.016650,0.962010,-2.169510,0.962930,-34873.409720,0.001230,-34873.409720,0.001230,2175.469490,6.253210,0.952630,14.804170,0.981110,18902.462000
19.222730,6926.900000,19.250110,20240609053412.000000,8.000000,-574859.231000,-533907.136000,0.286000,144.204330,-0.448420,0.852260,-0.448420,0.852260,-318599.594500,0.000080,-318599.594500,0.000080,2149.716020,5.462830,0.994810,6.524630,0.995660,18545.713000
167.805000,6926.900000,173.092110,20240609053714.000000,8.000000,-1183940.845000,-1043643.590000,0.444000,19.382960,-0.270050,0.722310,-0.746670,0.731460,546474.171800,0.021280,546474.171800,0.021280,2154.553290,7.795740,0.987880,15.662210,0.997240,18903.475000
19.132730,6926.900000,19.123220,20240609054015.000000,8.000000,-2342752.039000,-965605.452000,0.357000,36.502240,-4.545270,0.989550,-4.545270,0.989550,-2163073.000010,0.038060,-2163073.000010,0.038060,2149.475390,30.138640,0.988060,34.103990,0.984300,18207.143000
-76.618640,6926.900000,-76.701000,20240609054316.000000,8.000000,-291728.215000,-1080679.000000,-0.522260,18.117110,-23.146270,0.991840,-23.146270,0.991840,165640.205680,0.003530,165640.205680,0.003530,2158.220840,344.070340,0.990330,344.070340,0.990330,18355.594000
-71.589090,6926.900000,-72.044560,20240609054618.000000,8.000000,-1070846.275000,-919368.680000,0.475000,19.020670,-6.238760,0.982800,-6.238760,0.982800,-10350154.385220,0.015710,-10350154.385220,0.015710,2145.799410,129.955830,0.986860,129.955830,0.986860,18806.725000
23.203180,6926.900000,19.275380,20240609062825.000000,8.000000,391567.776000,-378413.174000,-0.535120,143.699110,-0.425460,0.942350,-0.425460,0.942350,-29075.160340,0.000360,-313117.189760,0.002150,2156.850610,6.948630,0.950020,15.102990,0.992490,18567.085000
19.078640,6926.900000,19.132330,20240609063113.000000,8.000000,-937136.605000,-1013165.942000,0.195000,12.266190,0.895750,0.713090,0.895750,0.713090,-226800.011570,0.006710,-226800.011570,0.006710,2163.825860,3.493950,0.522770,46.327150,0.826000,19085.194000
19.188640,6926.900000,19.206670,20240609063413.000000,8.000000,-1193483.915000,-1132671.693000,0.286000,143.759670,-0.632880,0.857770,-0.632880,0.857770,1131581.620660,0.028320,1017777.381340,0.028040,2205.041640,7.828180,0.993540,9.801010,0.995350,18823.816000
166.747730,6926.900000,172.791330,20240609063713.000000,8.000000,-975866.463000,-1172517.083000,0.444000,19.306690,-0.386520,0.875330,-0.386520,0.875330,-5578444.595000,0.001470,-5578444.595000,0.001470,2220.814540,6.822730,0.992980,11.391110,0.997510,19019.750000
18.969550,6926.900000,18.986330,20240609064014.000000,8.000000,-723256.931000,-1151076.683000,0.356770,35.682190,-4.574460,0.992750,-4.574460,0.992750,-1416249.003630,0.022200,-1415192.531580,0.022200,2243.480540,12.350850,0.988570,12.350850,0.988570,18587.542000
-75.799550,6926.900000,-76.642110,20240609064313.000000,8.000000,-2053753.859000,-1132046.512000,-0.523000,18.113670,-57.238980,0.994310,-57.238980,0.994310,3980616.643230,0.002000,3980616.643230,0.002000,2181.398910,874.393580,0.994010,874.393580,0.994010,18404.456000
-72.362730,6926.900000,-72.257330,20240609064613.000000,8.000000,1057526.004000,-947851.197000,0.475000,18.971910,0.039510,0.937200,0.039510,0.937200,6685406.171270,0.030280,6685406.171270,0.030280,2183.777840,-0.820910,0.993570,-0.955380,0.994190,19021.527000
23.884090,6926.900000,20.151540,20240609072825.000000,8.000000,-682973.695000,-507411.499000,-0.535120,144.031450,-1.427470,0.956880,-1.427470,0.956880,1525866.589430,0.034510,1525866.589430,0.034510,2216.208130,18.227850,0.963510,37.030750,0.992850,19001.344000
20.050450,6926.900000,20.056220,20240609073114.000000,8.000000,-1060337.926000,-1038313.433000,0.194230,12.235020,-0.758220,0.325650,-25.886570,0.671920,648884.581300,0.001000,648884.581300,0.001000,2211.929250,5.771230,0.537930,49.465930,0.619900,19410.940000
20.249090,6926.900000,20.249220,20240609073412.000000,8.000000,-559645.968000,-866364.358000,0.285740,144.189000,-0.258040,0.657420,-1.171220,0.698400,5110257.667840,0.005690,5110257.667840,0.005690,2219.613470,5.224680,0.984640,8.437990,0.995830,19023.738000
154.457730,6926.900000,172.704780,20240609073712.000000,8.000000,-1459288.483000,-690058.146000,0.444000,19.286570,-0.449600,0.852500,-0.449600,0.852500,-468861.204620,0.000770,-468861.204620,0.000770,2220.278260,8.223170,0.990750,13.438260,0.993630,19537.765000
20.271820,6926.900000,20.237780,20240609074011.000000,8.000000,-2634925.915000,-836377.210000,0.358000,36.142430,-4.112880,0.983780,-4.112880,0.983780,2534538.438550,0.002670,2534538.438550,0.002670,2213.154980,30.768880,0.989550,34.049420,0.986830,18661.547000
-75.295000,6926.900000,-75.778220,20240609074310.000000,8.000000,-1833739.213000,-895993.742000,-0.519740,18.146310,-57.247640,0.996660,-57.247640,0.996660,5395154.912150,0.005340,4744606.860860,0.005020,2223.427800,830.912130,0.996080,830.912130,0.996080,18992.543000
-71.531360,6926.900000,-71.724220,20240609074610.000000,8.000000,88528.109000,-729915.289000,0.475000,18.968120,-0.744730,0.960760,-0.744730,0.960760,-6950.361730,0.000290,-63960.915670,0.001430,2200.858170,13.107660,0.993990,14.236330,0.994240,19297.467000
24.831820,6926.900000,20.607360,20240609082825.000000,8.000000,-1080230.070000,-219823.647000,-0.535110,144.569510,-1.427200,0.960850,-3.278530,0.972490,-3073045.135060,0.011410,-3073045.135060,0.011410,2155.964480,19.936570,0.949650,60.743240,0.996720,18892.274000
20.420910,6926.900000,20.419330,20240609083112.000000,8.000000,-387873.426000,-685969.939000,0.194000,12.232700,-1.080910,0.876730,-2.944080,0.892310,-72012635.203140,0.002760,291698.757480,0.001680,2147.268440,2.900860,0.683000,20.074600,0.724160,19225.094000
20.699090,6926.900000,20.694220,20240609083410.000000,8.000000,-486702.874000,-435586.017000,0.285000,144.446330,-0.477760,0.877770,-0.477760,0.877770,1501959.760640,0.041710,831573.400120,0.011560,2144.325360,5.288250,0.997870,5.288250,0.997870,18670.157000
155.509090,6926.900000,173.055440,20240609083712.000000,8.000000,-868616.006000,-447303.176000,0.443240,19.287370,-0.533650,0.979560,-0.533650,0.979560,-407894.719360,0.000120,-407894.719360,0.000120,2141.288490,7.422640,0.989270,14.117040,0.998070,19034.603000
20.755450,6926.900000,20.734890,20240609084011.000000,8.000000,-537086.028000,-648590.308000,0.358000,35.848010,-1.616270,0.980790,-1.616270,0.980790,-87049.583840,0.000010,-87049.583840,0.000010,2132.665890,12.124840,0.989250,12.124840,0.989250,18325.153000
-75.970000,6926.900000,-75.959000,20240609084311.000000,8.000000,98703.424000,-321095.501000,-0.517000,18.168000,-17.406160,0.993390,-17.406160,0.993390,-12668.325110,0.000060,-12668.325110,0.000060,2127.553090,272.666000,0.992350,272.666000,0.992350,18575.391000
-71.690000,6926.900000,-71.699890,20240609084612.000000,8.000000,-1429805.945000,-359860.672000,0.475000,18.963600,-3.036600,0.984680,-3.036600,0.984680,-25375856.440450,0.008210,-23090041.489350,0.017900,2134.912830,34.715260,0.997500,34.715260,0.997500,18831.257000
23.980450,6926.900000,21.348900,20240609092825.000000,8.000000,-3583.779000,-464955.297000,-0.535100,144.754220,-0.790660,0.974290,-1.362060,0.982640,-5061.647570,0.000340,-3446.790510,0.000900,2139.309990,10.053460,0.960610,26.710910,0.997440,19411.725000
21.308180,6926.900000,21.306440,20240609093113.000000,8.000000,-640170.080000,-334111.385000,0.194000,12.233430,-1.927510,0.983680,-1.927510,0.983680,1031291.982310,0.000850,1031291.982310,0.000850,2127.388380,6.803340,0.963140,10.228090,0.964840,19924.058000
21.657730,6926.900000,21.675440,20240609093411.000000,8.000000,-295384.660000,-211520.712000,0.285000,144.899490,-0.204600,0.885520,-0.204600,0.885520,-6689742.072180,0.004690,-22568073.615740,0.010070,2124.811390,4.159910,0.990910,6.748600,0.997050,19383.746000
158.032730,6926.900000,173.503560,20240609093712.000000,8.000000,683532.212000,-144940.742000,0.443240,19.328210,-0.043140,0.792050,-0.112460,0.805000,-29947588.977410,0.023720,-30084408.779710,0.023850,2127.214970,1.270890,0.987810,2.616860,0.998210,19827.098000
21.703180,6926.900000,21.677220,20240609094012.000000,8.000000,-877867.627000,-283259.804000,0.359000,35.380820,-2.420010,0.987560,-2.420010,0.987560,-15228039.926970,0.002610,-13530819.097450,0.006740,2146.121790,15.149990,0.986970,15.149990,0.986970,19156.032000
-75.700000,6926.900000,-75.445110,20240609094311.000000,8.000000,291995.223000,-388187.801000,-0.511260,18.247070,-14.234110,0.994070,-14.234110,0.994070,-245181.926370,0.000260,-245181.926370,0.000260,2141.521740,214.732680,0.992990,214.732680,0.992990,19321.291000
-71.754550,6926.900000,-71.493110,20240609094614.000000,8.000000,487622.604000,-41993.768000,0.475000,18.998100,-0.365160,0.967580,-0.365160,0.967580,212566.627220,0.000370,212566.627220,0.000370,2126.622590,7.523860,0.998040,7.523860,0.998040,19847.716000
26.423640,6926.900000,24.666150,20240609102825.000000,8.000000,7660.440000,8565.613000,-0.535350,145.225000,-0.408150,0.901480,-1.568460,0.989340,-61040.396050,0.005490,-26768.264650,0.003540,2094.378440,8.121190,0.964090,17.093410,0.998020,20665.393000
23.940000,6926.900000,23.862780,20240609103113.000000,8.000000,-1097175.078000,-213802.854000,0.193000,12.273520,-1.149100,0.720770,-1.149100,0.720770,4940550.259390,0.009710,4940550.259390,0.009710,2088.536300,2.431270,0.212130,7.752590,0.143520,21137.033000
24.605450,6926.900000,24.577330,20240609103411.000000,8.000000,188993.645000,-211308.481000,0.284000,145.456730,-0.147490,0.739890,-0.429270,0.750290,-373964.867680,0.000610,-373964.867680,0.000610,2090.400410,2.532600,0.984430,3.592860,0.991120,20599.181000
164.307270,6926.900000,174.485220,20240609103711.000000,8.000000,-41525.659000,-219626.121000,0.443260,19.478220,-0.262060,0.931470,-0.262060,0.931470,140905.171070,0.007510,140905.171070,0.007510,2093.724010,3.977180,0.991940,6.162680,0.995750,21146.941000
24.304090,6926.900000,24.259440,20240609104013.000000,8.000000,51814.638000,26195.184000,0.361000,35.435360,-1.179080,0.986780,-1.179080,0.986780,88571.576260,0.008670,88571.576260,0.008670,2096.863530,8.157310,0.990040,8.157310,0.990040,20475.211000
-75.088180,6926.900000,-75.038560,20240609104314.000000,8.000000,-290727.078000,-2846.012000,-0.494260,18.437710,-27.696670,0.995640,-27.696670,0.995640,-3201793.050220,0.055300,-3163512.432340,0.059910,2101.593030,429.655190,0.994850,429.655190,0.994850,21029.067000
-71.173640,6926.900000,-70.989220,20240609104615.000000,8.000000,26169.329000,36559.804000,0.475000,19.121940,-0.875160,0.971300,-0.875160,0.971300,-82100.148600,0.007980,-91948.435830,0.008100,2097.666860,13.135860,0.997390,13.135860,0.997390,21324.794000
28.873180,6926.900000,27.697910,20240609112825.000000,8.000000,50008.960000,-368020.238000,-0.536120,146.124450,-0.431660,0.968550,-1.066520,0.986950,2030669.935570,0.047430,2030669.935570,0.047430,2040.553790,6.975380,0.960920,18.400190,0.994860,21505.745000
26.522730,6926.900000,26.647110,20240609113112.000000,8.000000,725604.256000,7024.551000,0.193000,12.403080,-0.127390,0.900030,-0.127390,0.900030,9456252.057670,0.074430,9463105.162870,0.074420,2038.761220,0.648310,0.933190,0.648310,0.933190,21034.763000
26.468640,6926.900000,26.566560,20240609113411.000000,8.000000,-194766.414000,-31639.960000,0.285000,146.274660,-0.092490,0.488580,-1.197460,0.658360,64972.799550,0.000090,64972.799550,0.000090,2039.402430,2.991050,0.992750,3.891820,0.994650,20866.232000
167.247270,6926.900000,175.441890,20240609113712.000000,8.000000,2509.276000,-90241.272000,0.443000,19.716330,-0.168610,0.743810,-0.168610,0.743810,3668.075100,0.005730,9421.632900,0.019520,2040.909390,3.819700,0.994880,5.233610,0.997800,19802.904000
26.174550,6926.900000,26.142670,20240609114012.000000,8.000000,-389690.228000,-26908.726000,0.360740,35.677620,-1.757910,0.982310,-1.757910,0.982310,1133169.722450,0.006750,1012338.461430,0.007110,2038.765490,12.527500,0.993310,12.527500,0.993310,19764.280000
-74.773180,6926.900000,-74.717220,20240609114312.000000,8.000000,-391782.919000,7423.196000,-0.479260,18.684080,-29.489140,0.995720,-29.489140,0.995720,1974906.446470,0.003270,1974906.446470,0.003270,2035.724210,472.729330,0.994510,472.729330,0.994510,19959.978000
-70.797270,6926.900000,-70.698000,20240609114614.000000,8.000000,-1275.379000,69601.020000,0.474000,19.320500,-0.553480,0.878820,-0.553480,0.878820,-2154.613560,0.000500,-1704.920140,0.001400,2041.938920,13.709250,0.997900,13.709250,0.997900,20385.635000
