CHAMBER,,CHAMBER,,CHAMBER,LI-8100,LI-8100,CHAMBER,CHAMBER,LI-7810,LI-7810,LI-7810,LI-7810,LI-8100,LI-8100,LI-8100,LI-8100,LI-7810,LI-7810,LI-7810,LI-7810,LI-7810,LI-7810
TA initial_value,VOLUME_TOTAL,TA mean,TIMESTAMP_START,COLLAR_HEIGHT,H2O initial_value,H2O mean,V2 mean,V3 mean,FCH4 LIN,FCH4 LIN_R2,FCH4,FCH4 R2,FCO2_DRY,FCO2_DRY R2,FCO2_DRY LIN,FCO2_DRY LIN_R2,CH4 initial_value,FCO2 LIN,FCO2 LIN_R2,FCO2,FCO2 R2,H2O mean
[C],[cm+3],[C],[YYYYMMDDHHMMSS],[cm],[mmol+1 mol-1],[mmol+1 mol-1],[#],[#],[nmol+1m-2s-1],[#],[nmol+1m-2s-1],[#],[umol+1m-2s-1],[#],[umol+1m-2s-1],[#],[nmol+1 mol-1],[umol+1m-2s-1],[#],[umol+1m-2s-1],[#],[umol+1 mol-1]
23.897730,6926.900000,23.858670,20240603130316.000000,8.000000,9947.550000,174090.148000,0.430770,84.052170,-0.152550,0.854360,-0.152550,0.854360,21637.907730,0.002770,21637.907730,0.002770,2106.342130,1.280300,0.692570,1.708290,0.672940,23003.588000
23.926820,6926.900000,23.891560,20240603130614.000000,8.000000,799.585000,515941.403000,0.440000,33.545060,-0.081330,0.679380,-0.081330,0.679380,-0.531130,0.000000,-0.531130,0.000000,2105.215580,6.737820,0.981120,10.902070,0.997180,23193.347000
28.301820,6926.900000,24.356700,20240603130913.000000,8.000000,2286908.736000,628634.991000,0.397770,126.541740,-0.202520,0.857980,-0.206180,0.858040,-7355197.374000,0.013740,-11068448.113870,0.015570,2100.796240,3.316090,0.760950,9.460680,0.843760,23378.983000
-69.328180,6926.900000,-61.143780,20240603131201.000000,8.000000,842.722000,96813.350000,-0.542000,20.124180,-6.693750,0.985570,-6.693750,0.985570,1306.454570,0.000210,1306.454570,0.000210,2103.072530,129.224630,0.984450,129.224630,0.984450,23258.055000
31.743180,6926.900000,157.745930,20240603131500.000000,8.000000,-3412.718000,96153.637000,-0.539890,154.624880,0.159340,0.663140,0.250270,0.709010,63329.730390,0.092300,51568.997360,0.091610,2102.889100,-1.554770,0.639240,-1.554770,0.639240,22923.262000
24.866820,6926.900000,24.828890,20240603131747.000000,8.000000,207.474000,199992.583000,-0.481000,21.103770,-0.400460,0.987310,-0.400460,0.987310,-5097.276360,0.063770,-5097.276360,0.063770,2103.764740,8.105210,0.997900,8.270800,0.997920,23609.304000
25.178180,6926.900000,25.208890,20240603140031.000000,8.000000,-583426.543000,230850.053000,0.433760,84.069860,-0.158420,0.702380,-0.158420,0.702380,-25783388.668180,0.126610,-25783388.668180,0.126610,2094.489660,3.588020,0.872560,3.588020,0.872560,22265.214000
25.518640,6926.900000,25.863110,20240603140330.000000,8.000000,1289.583000,112916.797000,0.438230,33.740110,-0.180780,0.935150,-0.180780,0.935150,2079.546300,0.001110,72728.106940,0.019930,2098.047690,5.698310,0.980750,8.875030,0.994750,22510.628000
28.120000,6926.900000,25.561540,20240603140628.000000,8.000000,-584377.506000,237294.042000,0.396770,75.036910,0.486870,0.952210,0.486870,0.952210,-29452592.259210,0.018350,-293233242.735820,0.100100,2093.744520,-0.494400,0.120680,-0.560910,0.114780,22952.323000
-69.261360,6926.900000,-60.834670,20240603140916.000000,8.000000,4873.483000,240899.311000,-0.541240,20.328590,-6.704280,0.986520,-6.704280,0.986520,3975.972360,0.003070,3975.972360,0.003070,2096.812860,128.045180,0.985190,128.045180,0.985190,23146.328000
34.060000,6926.900000,159.345380,20240603141216.000000,8.000000,2949.629000,78095.854000,-0.540010,155.356680,-0.097880,0.805460,-0.096630,0.803380,-41278.024030,0.009510,-23511.568280,0.044080,2096.138390,-0.576370,0.430020,-0.558530,0.427170,22764.634000
25.948640,6926.900000,25.898670,20240603141504.000000,8.000000,1176566.712000,384780.612000,-0.477240,21.293100,0.102850,0.993730,0.102850,0.993730,-1902852.643650,0.001880,-1902852.643650,0.001880,2092.711970,-1.816360,0.998500,-1.816360,0.998500,23715.955000
25.547270,6926.900000,25.552780,20240603150031.000000,8.000000,1346.847000,200392.926000,0.432000,84.084170,-0.207230,0.738830,-0.207230,0.738830,211.390600,0.000880,211.390600,0.000880,2097.616460,0.445100,0.371550,0.441880,0.368280,22929.412000
25.537270,6926.900000,25.501560,20240603150331.000000,8.000000,-584505.868000,284809.111000,0.439000,33.749610,-0.356510,0.923300,-0.356510,0.923300,19939791.244710,0.029400,17712452.948530,0.029750,2094.307870,10.955710,0.964120,21.133470,0.997020,23104.190000
28.878180,6926.900000,25.599780,20240603150630.000000,8.000000,1112.326000,1438.337000,0.397000,124.456980,-0.316550,0.724700,-0.316550,0.724700,846.770460,0.004490,846.770460,0.004490,2098.207290,2.240570,0.754040,2.357430,0.754120,23372.141000
-69.430450,6926.900000,-60.927890,20240603150918.000000,8.000000,766.543000,192023.650000,-0.542000,20.448420,-6.709050,0.986990,-6.709050,0.986990,-168.903630,0.000330,-168.903630,0.000330,2094.423670,127.397580,0.983830,127.397580,0.983830,22974.416000
32.540000,6926.900000,158.914620,20240603151217.000000,8.000000,1095.533000,284580.892000,-0.540010,155.758750,-0.046710,0.589650,-0.046710,0.589650,-8.999540,0.000000,-8.999540,0.000000,2094.428800,0.214860,0.090910,-1.791440,0.029460,23003.533000
25.645910,6926.900000,25.602110,20240603151504.000000,8.000000,1004.435000,479583.618000,-0.479770,21.483040,-0.581690,0.994250,-0.581690,0.994250,35.703170,0.036720,35.703170,0.036720,2091.445390,10.730660,0.998040,10.730660,0.998040,23497.775000
24.785450,6926.900000,24.811330,20240603160031.000000,8.000000,855.193000,265295.336000,0.431230,84.120810,-0.062210,0.315690,-0.062210,0.315690,71.661670,0.005310,71.661670,0.005310,2097.995610,1.625930,0.778660,1.625930,0.778660,23249.962000
24.805000,6926.900000,24.767560,20240603160330.000000,8.000000,60226.891000,10133.940000,0.438230,33.765820,-0.262330,0.976730,-0.262330,0.976730,424193.884200,0.001050,424193.884200,0.001050,2097.755530,7.066330,0.959030,14.225970,0.995830,23116.430000
27.912270,6926.900000,25.391980,20240603160628.000000,8.000000,1269592.417000,567285.022000,0.396000,126.363290,0.031110,0.560530,0.031110,0.560530,-5247659.777550,0.005280,-5247659.777550,0.005280,2093.742840,0.517030,0.550230,0.508920,0.547020,23620.761000
-68.743640,6926.900000,-60.951440,20240603160915.000000,8.000000,-486802.471000,323381.576000,-0.542000,20.507530,-10.675810,0.988740,-10.675810,0.988740,-4413224.410990,0.017390,-4413224.410990,0.017390,2101.923120,198.173550,0.987650,198.173550,0.987650,23227.415000
31.329090,6926.900000,158.399340,20240603161215.000000,8.000000,2699165.045000,301395.986000,-0.540660,155.898860,0.548300,0.764080,0.548300,0.764080,-62298.589960,0.000320,-559011.744650,0.001560,2091.618720,-3.000840,0.786350,-2.946480,0.782500,23624.246000
25.058640,6926.900000,24.993000,20240603161503.000000,8.000000,-5677.905000,1013032.380000,-0.479000,21.614190,-0.547620,0.993110,-0.547620,0.993110,171945.039680,0.015050,226811.165770,0.016540,2087.624310,10.105680,0.997590,10.105680,0.997590,23802.408000
23.993180,6926.900000,23.958890,20240603170031.000000,8.000000,910.727000,5043.299000,0.431760,84.122020,-0.489980,0.945040,-0.491720,0.943590,66.665150,0.000040,66.665150,0.000040,2116.569460,1.786650,0.804350,1.786650,0.804350,23801.141000
23.952270,6926.900000,23.875670,20240603170330.000000,8.000000,2461.741000,312473.192000,0.438240,33.755940,-0.030920,0.097240,-0.164000,0.206430,156909.208030,0.009130,156909.208030,0.009130,2116.880790,7.029470,0.960100,12.502590,0.991770,23493.970000
27.732730,6926.900000,24.052530,20240603170629.000000,8.000000,-584269.204000,189863.600000,0.395120,126.832050,8.294730,0.768930,8.294730,0.768930,6464344.508830,0.004260,5330385.371350,0.003200,2110.701500,6.138680,0.718570,6.138680,0.718570,23828.203000
-69.488180,6926.900000,-61.270890,20240603170916.000000,8.000000,749.221000,1392.790000,-0.541760,20.539780,-7.330850,0.987400,-7.330850,0.987400,-552.792290,0.004450,-552.792290,0.004450,2113.322100,133.169510,0.987960,133.169510,0.987960,23540.595000
33.128640,6926.900000,159.085490,20240603171216.000000,8.000000,965.074000,190179.173000,-0.540120,155.616670,5.488490,0.382300,16.058140,0.491210,938.728860,0.003280,938.728860,0.003280,2095.363300,4.867600,0.374510,4.802580,0.373070,23716.235000
24.004550,6926.900000,23.916110,20240603171503.000000,8.000000,-485805.444000,458727.037000,-0.481760,21.649320,-1.419500,0.982130,-1.419500,0.982130,-422987.268820,0.006340,-422987.268820,0.006340,2119.472920,14.105150,0.990940,19.072850,0.996480,23691.735000
24.134550,6926.900000,24.118560,20240603180031.000000,8.000000,2732952.802000,341981.987000,0.429670,84.113770,-0.893410,0.782610,-0.893410,0.782610,-19799391.181000,0.063080,-19628273.031910,0.063200,2090.493620,-3.950510,0.944910,-3.950510,0.944910,24272.159000
24.093180,6926.900000,24.010780,20240603180329.000000,8.000000,767.554000,296066.041000,0.439000,33.738610,-0.503490,0.992220,-0.503490,0.992220,932.721190,0.006000,8731.037440,0.030150,2107.744870,8.729890,0.962570,16.486900,0.995730,23925.444000
28.475450,6926.900000,24.294510,20240603180629.000000,8.000000,639.918000,729520.702000,0.395880,126.712700,-2.136860,0.760210,-2.109850,0.756540,3337.639840,0.015390,3337.639840,0.015390,2114.935450,-4.669240,0.933940,-4.750170,0.934130,24139.081000
-69.655910,6926.900000,-61.112220,20240603180916.000000,8.000000,2635322.765000,578749.973000,-0.541240,20.577040,11.542750,0.987130,11.542750,0.987130,7414667.499760,0.007050,27411879.436840,0.015410,2115.157250,-214.659290,0.986360,-214.659290,0.986360,23939.453000
31.257730,6926.900000,158.038350,20240603181216.000000,8.000000,7831.723000,780425.801000,-0.539890,155.450320,1.722230,0.682600,8.927190,0.871670,254109.205070,0.014460,254109.205070,0.014460,2100.014460,1.392340,0.328870,25.187370,0.820510,24808.249000
24.178180,6926.900000,24.066670,20240603181503.000000,8.000000,2147480.000000,905838.779000,-0.485000,21.660900,0.520840,0.987420,0.520840,0.987420,-71602915.198270,0.013800,-71602915.198270,0.013800,2110.301600,-10.725270,0.996580,-10.725270,0.996580,24410.824000
23.659550,6926.900000,23.633000,20240603190031.000000,8.000000,702.513000,96927.014000,0.429770,84.132810,-0.743170,0.954580,-0.743170,0.954580,-3471.007710,0.035450,-3471.007710,0.035450,2119.571990,-0.264740,0.090900,21.665760,0.179590,24117.567000
23.640910,6926.900000,23.549890,20240603190330.000000,8.000000,-508.722000,312136.300000,0.439000,33.749060,-0.339000,0.937750,-0.339000,0.937750,-14647.801670,0.029780,-14647.801670,0.029780,2115.118250,8.340990,0.947440,18.126760,0.992100,23881.374000
27.121820,6926.900000,23.784840,20240603190630.000000,8.000000,1464601.024000,236569.805000,0.394770,126.851350,-1.188480,0.855980,-2.802830,0.922670,-7184325.822780,0.049400,-7184325.822780,0.049400,2091.293050,-1.447570,0.984090,-1.447570,0.984090,24058.673000
-69.937730,6926.900000,-61.261220,20240603190919.000000,8.000000,683738.825000,144544.288000,-0.541760,20.585740,-2.231950,0.986960,-2.231950,0.986960,2231216.027690,0.019070,2231216.027690,0.019070,2091.110210,43.283450,0.985780,43.283450,0.985780,24105.466000
33.410910,6926.900000,159.013300,20240603191219.000000,8.000000,1757164.485000,213939.595000,-0.540000,155.475480,0.091200,0.687710,0.091200,0.687710,-142331281.553030,0.015520,-142331281.553030,0.015520,2090.335840,0.857740,0.170450,0.994830,0.146630,24527.510000
23.504550,6926.900000,23.410330,20240603191507.000000,8.000000,-172416.979000,217593.783000,-0.490530,21.668660,-0.525770,0.989560,-0.543140,0.989840,3290518.043430,0.242670,3354798.672650,0.242600,2084.165470,9.627020,0.992610,11.581830,0.994770,24056.464000
22.939550,6926.900000,22.910440,20240603200031.000000,8.000000,2701.173000,765208.845000,0.427470,84.080480,1.358840,0.899420,1.358840,0.899420,761.397860,0.003480,761.397860,0.003480,2132.081410,1.157550,0.911320,1.156160,0.908510,24062.301000
22.853180,6926.900000,22.782330,20240603200330.000000,8.000000,1762987.589000,445845.576000,0.439000,33.750940,0.301890,0.800620,0.301890,0.800620,-9110062.228540,0.002430,-4607767.322090,0.001630,2188.745980,-5.875720,0.973740,-10.137550,0.995480,23814.595000
27.370000,6926.900000,23.063410,20240603200629.000000,8.000000,-583121.799000,782537.002000,0.394880,126.721600,0.993840,0.251200,0.993840,0.251200,-300521.581900,0.000070,-300521.581900,0.000070,2203.278680,-0.355880,0.049700,-33.854890,0.244140,23853.179000
-69.937730,6926.900000,-61.363330,20240603200916.000000,8.000000,1464434.247000,386914.711000,-0.541240,20.570730,3.905400,0.987500,3.905400,0.987500,31752435.777030,0.047500,31752435.777030,0.047500,2193.948700,-67.781670,0.985940,-67.781670,0.985940,23900.224000
31.005000,6926.900000,157.899670,20240603201215.000000,8.000000,197320.347000,445041.052000,-0.539350,155.396050,0.867740,0.906730,0.867740,0.906730,-875974.294580,0.043340,-875974.294580,0.043340,2165.143540,-0.005230,0.000150,-0.005230,0.000150,24374.714000
22.629550,6926.900000,22.552330,20240603201503.000000,8.000000,870.508000,504455.242000,-0.493240,21.643460,-0.501160,0.990370,-0.501160,0.990370,-223.872900,0.016470,-223.872900,0.016470,2160.058350,8.032260,0.985610,10.703030,0.990630,23697.050000
21.733640,6926.900000,21.719670,20240603210031.000000,8.000000,67109.393000,1180195.132000,0.430770,84.123140,0.652200,0.844390,0.652200,0.844390,-20807.981850,0.098260,-20807.981850,0.098260,2213.900630,1.598270,0.933800,1.598270,0.933800,23021.497000
21.696820,6926.900000,21.645670,20240603210330.000000,8.000000,2147480.000000,1336662.402000,0.439240,33.694690,-0.021650,0.047280,-0.021650,0.047280,28148936.705470,0.016560,28148936.705470,0.016560,2202.523570,-9.689430,0.976360,-17.134410,0.997920,22857.616000
25.152270,6926.900000,21.855930,20240603210629.000000,8.000000,1779272.469000,1165372.349000,0.396000,126.919620,2.950410,0.985630,2.950410,0.985630,-1776356.639550,0.038190,-1776356.639550,0.038190,2204.602950,0.264720,0.052210,-1.912710,0.042060,23146.684000
-69.733640,6926.900000,-61.560220,20240603210918.000000,8.000000,2147568.852000,884222.385000,-0.541000,20.502310,9.074820,0.987200,9.074820,0.987200,3741835.162580,0.373220,7518820.402930,0.209130,2171.729770,-176.748740,0.986260,-185.094090,0.986470,22902.745000
28.978180,6926.900000,156.590880,20240603211220.000000,8.000000,2731091.098000,1133207.903000,-0.540000,154.835570,1.894800,0.762450,1.894800,0.762450,1099191.718240,0.000420,1099191.718240,0.000420,2168.395710,-0.379570,0.015440,-0.376380,0.014180,23258.409000
21.539550,6926.900000,21.483220,20240603211508.000000,8.000000,2045420.261000,964641.273000,-0.498000,21.577360,1.093930,0.982930,1.093930,0.982930,188878922.073700,0.008660,465103541.558680,0.016480,2176.907520,-10.156370,0.998070,-10.156370,0.998070,22830.928000
20.802270,6926.900000,20.793560,20240603220031.000000,8.000000,-487112.233000,794119.534000,0.429760,84.062540,-0.908490,0.860280,-0.908490,0.860280,1681579.213380,0.004780,1681579.213380,0.004780,2150.102140,1.783870,0.930670,1.783870,0.930670,22087.515000
20.804090,6926.900000,20.761330,20240603220331.000000,8.000000,2442108.767000,729332.389000,0.439000,33.669180,0.276950,0.881860,0.276950,0.881860,-2623942.997890,0.019220,-5630294.495110,0.028480,2139.822680,-12.458960,0.976420,-22.274560,0.998380,22043.513000
25.284090,6926.900000,20.991430,20240603220630.000000,8.000000,2438626.182000,1512830.731000,0.395770,126.968070,1.582770,0.833370,1.582770,0.833370,-24030746.138920,0.031790,-23757987.356840,0.032050,2137.331410,0.294310,0.012810,10.200550,0.263160,22444.060000
-70.147270,6926.900000,-61.725000,20240603220917.000000,8.000000,1663011.341000,1412111.877000,-0.541270,20.404690,4.695550,0.986390,4.695550,0.986390,-8358.395570,0.000000,-8358.395570,0.000000,2137.132720,-99.425420,0.986540,-102.510680,0.986620,22092.512000
30.245910,6926.900000,156.730110,20240603221216.000000,8.000000,2631252.948000,1075000.971000,-0.539900,154.026120,0.898430,0.722360,0.898430,0.722360,1898916.529460,0.000330,1898916.529460,0.000330,2137.283990,1.245960,0.420650,8.566450,0.608080,22288.946000
20.702730,6926.900000,20.674330,20240603221504.000000,8.000000,1171693.578000,576300.438000,-0.500760,21.465980,0.075340,0.988110,0.075340,0.988110,1934368.333760,0.005910,1934368.333760,0.005910,2150.995530,-1.409020,0.996500,-1.409020,0.996500,22045.739000
20.352730,6926.900000,20.348440,20240603230031.000000,8.000000,585670.180000,648309.536000,0.428000,84.085170,0.028750,0.363530,0.028520,0.360190,855132.407300,0.006720,855132.407300,0.006720,2144.775350,0.585490,0.926240,0.585490,0.926240,21763.731000
20.335910,6926.900000,20.316220,20240603230331.000000,8.000000,-487066.937000,1026805.867000,0.438240,33.623810,-0.325030,0.866480,-0.325030,0.866480,-428873.475830,0.003250,-428873.475830,0.003250,2152.937330,11.821110,0.970020,22.229680,0.997480,21697.216000
25.526360,6926.900000,20.588020,20240603230632.000000,8.000000,1481590.205000,645696.169000,0.394110,126.944130,0.073490,0.899460,0.097330,0.913810,-7224718.864240,0.000510,-7224718.864240,0.000510,2164.450430,-1.878090,0.990190,-2.190210,0.993320,21978.056000
-69.959090,6926.900000,-61.807890,20240603230920.000000,8.000000,196054.095000,982830.601000,-0.540490,20.256930,-5.973240,0.988790,-5.973240,0.988790,1702709.519170,0.000110,-6992.168550,0.000020,2177.710930,117.179890,0.987690,117.179890,0.987690,21746.808000
27.840000,6926.900000,155.473410,20240603231219.000000,8.000000,771.432000,403255.249000,-0.540010,154.072270,0.751530,0.187270,0.751530,0.187270,99.801110,0.001840,99.801110,0.001840,2181.179080,1.917870,0.753820,7.386390,0.850560,21923.665000
20.277730,6926.900000,20.252110,20240603231506.000000,8.000000,1952435.040000,932442.126000,-0.503000,21.346790,0.526100,0.992820,0.526100,0.992820,-7623199.330520,0.054280,-7623199.330520,0.054280,2191.607410,-7.637810,0.995860,-8.226710,0.996230,21707.740000
20.085000,6926.900000,20.074670,20240604000031.000000,8.000000,-581815.533000,812223.292000,0.426770,84.094790,1.358300,0.943750,1.865790,0.956450,17855684.422990,0.086770,17628443.964120,0.086990,2167.265630,1.431590,0.577380,1.512180,0.546330,21640.756000
20.080910,6926.900000,20.074110,20240604000331.000000,8.000000,-581610.830000,143314.809000,0.428230,84.095940,-2.882640,0.981640,-2.882640,0.981640,29627406.831070,0.008300,29627406.831070,0.008300,2207.087980,-1.967390,0.689380,-1.967390,0.689380,21738.881000
20.079090,6926.900000,20.054330,20240604000629.000000,8.000000,692.037000,406049.563000,0.438470,33.585610,-0.150640,0.889080,-0.150640,0.889080,16062.312960,0.000480,951.080410,0.000480,2182.746900,7.910310,0.982400,12.818990,0.998510,21629.572000
23.353180,6926.900000,20.241870,20240604000928.000000,8.000000,549.384000,308493.315000,0.393460,126.972650,-0.218960,0.937130,-0.505320,0.972150,684.593770,0.006600,684.593770,0.006600,2185.155910,3.835630,0.980000,5.848440,0.992950,21785.405000
-70.084550,6926.900000,-61.699000,20240604001218.000000,8.000000,-2147480.000000,499602.619000,-0.541530,20.203110,-23.639090,0.984100,-23.639090,0.984100,6712196.389730,0.025190,5432489.076960,0.024470,2183.988600,464.158140,0.981980,464.158140,0.981980,21570.277000
26.854550,6926.900000,154.743080,20240604001518.000000,8.000000,5599.794000,425833.903000,-0.539900,153.537870,-0.238830,0.308350,-0.238830,0.308350,-616.918440,0.000150,-616.918440,0.000150,2193.428480,3.013830,0.821140,3.013830,0.821140,21757.817000
19.980000,6926.900000,19.960670,20240604001806.000000,8.000000,1758019.045000,597858.739000,-0.506000,21.227100,0.288680,0.986370,0.288680,0.986370,2401033.169290,0.001600,2401033.169290,0.001600,2191.237690,-5.530860,0.996920,-5.833380,0.997110,21508.280000
19.942730,6926.900000,19.947220,20240604002108.000000,8.000000,1908.053000,288373.582000,0.428770,84.104220,0.180730,0.795650,0.214150,0.806700,-7118.443120,0.006850,-7118.443120,0.006850,2191.753000,1.091190,0.861980,1.221240,0.851890,21587.920000
19.940450,6926.900000,19.921110,20240604002407.000000,8.000000,2147515.714000,314863.015000,0.439000,33.584600,0.055410,0.144410,0.055410,0.144410,179979032.103530,0.042980,195196221.581450,0.043360,2183.186850,-10.292840,0.978460,-16.890060,0.997290,21554.201000
24.567730,6926.900000,20.129450,20240604002707.000000,8.000000,3092.957000,179423.513000,0.395000,127.014300,-0.213400,0.922870,-0.213400,0.922870,-8179.703580,0.000250,-8179.703580,0.000250,2206.116600,3.864490,0.972580,6.366880,0.990260,21696.219000
-70.157730,6926.900000,-61.832110,20240604002955.000000,8.000000,-454186.431000,1552753.750000,-0.541760,20.196110,-8.725900,0.989360,-8.725900,0.989360,-1473490.532510,0.010690,-1555966.634010,0.010850,2207.507510,159.538570,0.988200,159.538570,0.988200,21527.992000
29.300450,6926.900000,155.695490,20240604003256.000000,8.000000,1773488.145000,968600.811000,-0.539780,153.392350,0.455530,0.743230,0.455530,0.743230,17001650.457810,0.016220,17076959.782180,0.016230,2188.699620,-0.228610,0.035440,-0.236180,0.035150,21804.769000
19.905000,6926.900000,19.889110,20240604003543.000000,8.000000,963.146000,457028.705000,-0.507000,21.195560,-0.320240,0.967730,-0.320240,0.967730,7.003320,0.006920,7.003320,0.006920,2184.668240,7.499190,0.993130,9.380580,0.996760,21559.370000
19.673180,6926.900000,19.671560,20240604012107.000000,8.000000,1089.001000,887960.771000,0.428230,84.075740,0.013640,0.065360,0.013640,0.065360,133.584410,0.012640,551.787900,0.030510,2160.272850,1.410870,0.743070,1.444490,0.740270,21335.457000
19.640450,6926.900000,19.632440,20240604012406.000000,8.000000,759.173000,252030.400000,0.438240,33.554130,-0.301290,0.946570,-0.301290,0.946570,-1092.363580,0.013680,-1092.363580,0.013680,2174.093560,8.513600,0.975970,15.211700,0.998910,21249.567000
22.865450,6926.900000,19.801540,20240604012706.000000,8.000000,783.893000,371609.741000,0.394120,127.018740,-0.138530,0.785320,-0.138330,0.785070,1526.838570,0.014440,794.154080,0.013070,2176.659110,3.865420,0.987910,5.572980,0.996800,21405.223000
-69.108640,6926.900000,-61.759670,20240604012953.000000,8.000000,2732075.990000,597549.633000,-0.541000,20.064540,12.471050,0.981060,12.665370,0.980980,197364841.222340,0.008310,197364841.222340,0.008310,2181.484500,-237.461970,0.977470,-237.461970,0.977470,21273.294000
26.873640,6926.900000,154.608240,20240604013252.000000,8.000000,1121.139000,316247.304000,-0.539890,153.274400,-0.207730,0.429180,-0.201220,0.426300,282.698580,0.014850,282.698580,0.014850,2184.879440,-0.711880,0.422470,-0.711880,0.422470,21444.455000
19.607730,6926.900000,19.597890,20240604013539.000000,8.000000,1270036.953000,886960.587000,-0.508240,21.098620,0.098870,0.982830,0.098870,0.982830,-970347.410620,0.009560,-976332.042550,0.009740,2226.312260,-1.879370,0.997540,-1.925590,0.997580,21206.679000
19.320910,6926.900000,19.324780,20240604022107.000000,8.000000,-482712.264000,1367246.600000,0.428770,84.055490,-0.498810,0.972990,-0.498810,0.972990,30970.161070,0.000970,30970.161070,0.000970,2256.161700,4.741800,0.914210,4.741800,0.914210,20925.299000
19.275450,6926.900000,19.280780,20240604022405.000000,8.000000,2005190.091000,1649502.296000,0.440000,33.514000,0.305350,0.957290,0.305350,0.957290,-245710.974020,0.008600,-239326.522980,0.008870,2266.249430,-7.696990,0.979360,-12.549760,0.995620,20910.665000
23.282730,6926.900000,19.475380,20240604022705.000000,8.000000,1351441.804000,653551.181000,0.394000,127.005340,0.144520,0.956730,0.144520,0.956730,94643219.145410,0.042340,107315874.733840,0.043420,2247.572320,-1.333170,0.973390,-2.172810,0.994210,21007.865000
-70.270910,6926.900000,-61.896220,20240604022954.000000,8.000000,82810.630000,319239.170000,-0.541000,20.031500,-6.630370,0.985790,-6.630370,0.985790,-454195.724670,0.030590,-454195.724670,0.030590,2233.252740,121.884780,0.983840,128.327000,0.984090,20911.664000
28.488640,6926.900000,155.057360,20240604023254.000000,8.000000,86584.431000,1018450.045000,-0.539120,153.040780,1.527970,0.695570,4.877170,0.820960,2262047.129960,0.016180,2234970.504040,0.017060,2207.352010,1.939450,0.742660,7.320240,0.892070,21039.061000
19.256360,6926.900000,19.259780,20240604023541.000000,8.000000,2245030.368000,1224751.433000,-0.510000,20.998470,0.145150,0.738130,0.677820,0.855590,-1553847.541400,0.002750,-1553847.541400,0.002750,2222.271740,-9.146680,0.998110,-9.146680,0.998110,20902.781000
19.146820,6926.900000,19.157780,20240604032107.000000,8.000000,1562227.905000,596058.906000,0.427760,84.081600,0.041030,0.524980,0.041210,0.523460,-2043610.292060,0.002890,-2043610.292060,0.002890,2231.621950,-1.866060,0.952620,-1.866060,0.952620,20676.455000
19.149090,6926.900000,19.149440,20240604032406.000000,8.000000,1801.480000,5122.196000,0.439770,33.418210,-0.193070,0.912700,-0.193070,0.912700,110201.415140,0.043190,119389.867160,0.043560,2229.269630,7.432870,0.971980,13.557460,0.996150,20683.005000
23.838180,6926.900000,19.398130,20240604032706.000000,8.000000,1953020.474000,592261.219000,0.395000,126.967400,0.164240,0.769310,0.164240,0.769310,-8573053.075450,0.019610,-8464695.647960,0.019980,2235.563880,-3.673780,0.982910,-3.768750,0.983100,20760.854000
-70.353180,6926.900000,-61.985110,20240604032954.000000,8.000000,192304.280000,287245.098000,-0.539490,19.903300,-5.934120,0.987130,-5.934120,0.987130,-2570755.335850,0.001340,-2570755.335850,0.001340,2240.050560,109.846610,0.983400,117.402940,0.983850,20720.874000
26.262730,6926.900000,153.951540,20240604033253.000000,8.000000,1271031.922000,827200.066000,-0.538230,152.858590,0.067130,0.354570,0.066500,0.352670,-8412978.123260,0.012740,-4946088.601470,0.007990,2245.099000,0.090110,0.153100,0.067820,0.110920,20764.995000
19.140450,6926.900000,19.138780,20240604033541.000000,8.000000,1313.969000,337810.639000,-0.511240,20.904970,-0.362020,0.978860,-0.362020,0.978860,823.007350,0.001430,823.007350,0.001430,2241.741810,7.129720,0.997730,7.295190,0.997760,20722.189000
18.925000,6926.900000,18.925000,20240604042107.000000,8.000000,2147480.000000,1527856.115000,0.427230,84.036700,0.568520,0.980220,0.568520,0.980220,-1991365.233960,0.002140,-4560540.258080,0.003260,2311.998920,-2.829700,0.904080,-2.829700,0.904080,20384.393000
18.894550,6926.900000,18.895670,20240604042406.000000,8.000000,1464531.300000,1096655.092000,0.439760,33.398430,0.202280,0.989230,0.205610,0.988980,-4510021.510410,0.015250,-22068825.933290,0.042050,2303.205190,-3.764060,0.968620,-6.616460,0.997410,20410.794000
22.584550,6926.900000,19.078240,20240604042706.000000,8.000000,1757230.828000,1110269.003000,0.395880,127.010090,0.191440,0.950230,0.191440,0.950230,2862744.552530,0.016750,2862744.552530,0.016750,2286.737580,-3.372360,0.976090,-5.229110,0.993560,20465.701000
-70.353180,6926.900000,-61.936890,20240604042953.000000,8.000000,939.894000,1072693.462000,-0.540240,19.873690,-7.355040,0.980970,-7.355040,0.980970,2321.357590,0.011440,2077.412400,0.010920,2282.589830,135.862600,0.978580,147.575460,0.979290,20390.091000
28.268640,6926.900000,154.673190,20240604043252.000000,8.000000,1564273.634000,1162768.418000,-0.539010,152.685300,0.179110,0.277680,0.179110,0.277680,-1999300.442030,0.014780,-1977880.045250,0.016540,2284.868720,0.497470,0.150790,0.518500,0.140410,20485.957000
18.878180,6926.900000,18.876670,20240604043540.000000,8.000000,1855162.702000,1434556.197000,-0.513760,20.821910,0.441030,0.992000,0.441030,0.992000,-2827554.222860,0.111620,-2996975.722370,0.124590,2290.009570,-6.367010,0.997210,-6.619070,0.997300,20401.490000
18.661820,6926.900000,18.677330,20240604052107.000000,8.000000,-2048497.144000,1294682.691000,0.426760,84.001170,-2.672700,0.746010,-2.672700,0.746010,-47216.909210,0.000020,-91091.092520,0.000030,2317.276090,8.433450,0.963160,8.433450,0.963160,20121.426000
18.761360,6926.900000,18.744560,20240604052406.000000,8.000000,-1233314.455000,303723.737000,0.440000,33.283600,-0.045650,0.142390,-0.540510,0.308360,262145.864630,0.006200,262145.864630,0.006200,2279.812230,15.715280,0.981790,25.287110,0.997280,20249.539000
23.291360,6926.900000,19.027690,20240604052704.000000,8.000000,2147480.000000,890638.318000,0.395770,127.019320,0.186850,0.762210,0.187000,0.765870,-112707405.513140,0.020590,-135323544.502140,0.022780,2292.995030,-4.444910,0.966010,-7.069100,0.984820,20345.064000
-70.745450,6926.900000,-61.865560,20240604052951.000000,8.000000,1269536.168000,618621.085000,-0.540240,19.791720,2.949370,0.983100,2.949370,0.983100,118900675.746300,0.002390,118900675.746300,0.002390,2347.483790,-53.418320,0.981720,-61.277310,0.983730,20262.350000
26.413180,6926.900000,153.790660,20240604053250.000000,8.000000,687758.019000,1275146.754000,-0.538130,152.525630,0.013390,0.142130,0.013390,0.142130,-883916.349600,0.000860,-883916.349600,0.000860,2314.593720,0.190680,0.263090,0.190680,0.263090,20244.881000
18.670910,6926.900000,18.677330,20240604053537.000000,8.000000,2147480.000000,1006500.225000,-0.514000,20.742270,0.534050,0.989260,0.534050,0.989260,-2425385.946570,0.045680,-2425385.946570,0.045680,2310.263370,-8.344900,0.996670,-9.234040,0.997400,20185.383000
18.669550,6926.900000,18.660780,20240604062107.000000,8.000000,2245562.795000,1507948.259000,0.428000,84.034270,0.294610,0.455510,0.294610,0.455510,11263942.743350,0.006170,11263942.743350,0.006170,2324.297060,-3.579320,0.971350,-3.579320,0.971350,20142.628000
18.634090,6926.900000,18.643330,20240604062405.000000,8.000000,98971.057000,948422.620000,0.439760,33.264480,-0.202970,0.952430,-0.202970,0.952430,1852.142960,0.000080,1852.142960,0.000080,2313.093980,6.842650,0.979180,11.588730,0.997500,20159.433000
21.955000,6926.900000,18.815380,20240604062705.000000,8.000000,2374166.000000,1340639.973000,0.395120,127.019090,0.434690,0.884350,1.361150,0.934710,317789.894470,0.018580,317789.894470,0.018580,2302.405920,-5.058100,0.994810,-5.956140,0.997150,20182.335000
-70.707730,6926.900000,-61.986670,20240604062953.000000,8.000000,3318832.727000,649332.163000,-0.541000,19.725660,19.890780,0.979880,19.890780,0.979880,-12906726.887380,0.000270,-12906726.887380,0.000270,2291.831850,-366.445600,0.976190,-401.215910,0.977050,20150.600000
28.534090,6926.900000,154.661540,20240604063252.000000,8.000000,2049778.242000,398316.285000,-0.538020,152.377150,0.552750,0.249280,3.058540,0.589020,44310100.123600,0.019370,4859216.525320,0.034480,2285.707840,1.151360,0.449820,0.731950,0.177400,20160.589000
18.690000,6926.900000,18.709000,20240604063540.000000,8.000000,684555.362000,677940.886000,-0.515000,20.664120,-0.173480,0.992450,-0.173480,0.992450,-861023.562510,0.008960,-861023.562510,0.008960,2275.787350,2.280260,0.995730,2.699990,0.997790,20215.787000
19.075910,6926.900000,19.080560,20240604072107.000000,8.000000,404.017000,649442.311000,0.428770,84.062720,-0.398030,0.915860,-0.398030,0.915860,-1786.011010,0.000110,-1786.011010,0.000110,2296.972420,0.977760,0.681510,0.977760,0.681510,20548.876000
19.126820,6926.900000,19.130780,20240604072405.000000,8.000000,1281943.436000,1357471.123000,0.439760,33.250580,0.035480,0.848120,0.035480,0.848120,-10148234.797140,0.148360,-1202292.448590,0.037150,2306.233210,-1.941940,0.983200,-3.066740,0.997520,20616.394000
23.095910,6926.900000,19.399780,20240604072707.000000,8.000000,1565543.773000,1471185.129000,0.395770,126.977370,0.010880,0.031620,0.010880,0.031620,6275357.714860,0.006470,33777215.806770,0.019410,2305.663000,-2.767910,0.968000,-3.697350,0.976150,20635.269000
-70.455000,6926.900000,-61.860330,20240604072955.000000,8.000000,1690.895000,626032.876000,-0.540760,19.701570,-7.941660,0.976750,-7.941660,0.976750,-2050.827680,0.005270,-2050.827680,0.005270,2302.373990,147.930740,0.976030,178.759890,0.980150,20663.532000
26.518640,6926.900000,153.872200,20240604073256.000000,8.000000,-485678.573000,826555.910000,-0.539120,152.549560,-2.298400,0.849690,-2.298400,0.849690,-1140759.900360,0.006730,-1140759.900360,0.006730,2301.615270,-2.450610,0.531680,-2.450610,0.531680,20703.200000
19.337730,6926.900000,19.349440,20240604073543.000000,8.000000,301180.348000,682688.561000,-0.513760,20.625120,-0.310550,0.989620,-0.310550,0.989620,391.944040,0.000000,391.944040,0.000000,2302.515690,5.215490,0.997880,5.227940,0.997880,20867.791000
20.625000,6926.900000,20.617110,20240604082107.000000,8.000000,2036543.640000,1698354.310000,0.427230,84.017770,0.174610,0.868430,0.174610,0.868430,9515311.341940,0.010650,68840489.965970,0.042060,2257.835850,0.769660,0.795250,1.180020,0.817080,22098.038000
20.691360,6926.900000,20.669440,20240604082406.000000,8.000000,1954836.221000,1186625.800000,0.437490,33.282070,-0.030330,0.115840,-0.030330,0.115840,-10829103.090250,0.011080,-10829103.090250,0.011080,2254.697980,-7.420090,0.977390,-12.849990,0.996900,22147.678000
23.145910,6926.900000,20.865380,20240604082706.000000,8.000000,8085.936000,784784.697000,0.395560,126.990840,-0.233580,0.959180,-0.233580,0.959180,141591.813640,0.001140,141591.813640,0.001140,2260.622860,3.751220,0.911220,3.751220,0.911220,22076.854000
-70.256360,6926.900000,-61.633000,20240604082954.000000,8.000000,-584197.938000,428620.779000,-0.540230,19.760370,-12.256180,0.978380,-12.256180,0.978380,-1411033.638950,0.001320,-1411033.638950,0.001320,2269.913110,241.930890,0.981570,269.028500,0.982860,22210.462000
25.775910,6926.900000,153.615820,20240604083253.000000,8.000000,1951126.755000,1395334.123000,-0.538890,152.718630,0.070270,0.064220,0.070270,0.064220,-725504.335260,0.000920,-702546.477210,0.000940,2289.975550,0.414890,0.141350,0.414890,0.141350,22380.527000
21.135000,6926.900000,21.108670,20240604083540.000000,8.000000,1275315.168000,1741731.297000,-0.511240,20.665570,0.186150,0.992100,0.186150,0.992100,-586773.146320,0.003940,-586773.146320,0.003940,2294.220460,-2.139910,0.993170,-2.707310,0.996560,22657.836000
22.766360,6926.900000,22.778110,20240604092107.000000,8.000000,2929.862000,735597.261000,0.428770,84.001140,-0.685610,0.922210,-3.025720,0.001930,-1556.196190,0.013340,-1556.196190,0.013340,2382.816790,2.779080,0.908240,2.779080,0.908240,23663.000000
22.778180,6926.900000,22.694890,20240604092406.000000,8.000000,1952044.416000,741442.512000,0.439000,33.425910,0.325030,0.988000,0.325030,0.988000,21437428.732990,0.010040,21437428.732990,0.010040,2363.972420,-8.291180,0.962120,-15.785490,0.997460,23995.056000
25.499550,6926.900000,23.041210,20240604092704.000000,8.000000,-578147.014000,1085783.576000,0.396660,126.621410,-0.308850,0.869320,-0.308850,0.869320,6662218.851580,0.007380,7646879.797170,0.023310,2350.452270,4.701660,0.893240,5.027040,0.896710,23536.124000
-70.124090,6926.900000,-61.299220,20240604092951.000000,8.000000,1034628.182000,887768.712000,-0.541510,19.939300,0.302420,0.986170,0.302420,0.986170,-3341223.686630,0.014990,-20753934.251420,0.051630,2366.753340,-5.499750,0.988980,-5.794760,0.989240,23904.739000
29.145450,6926.900000,155.753960,20240604093251.000000,8.000000,660806.397000,779611.708000,-0.539770,153.545700,-0.702820,0.352770,-2.841290,0.430900,-437822.005980,0.000420,-763599.800080,0.005100,2386.363410,-0.213590,0.061490,-0.213590,0.061490,23683.710000
23.395910,6926.900000,23.282670,20240604093538.000000,8.000000,-5150.141000,392654.459000,-0.507760,20.762490,-0.709400,0.993100,-0.709400,0.993100,1803.045010,0.000130,1803.045010,0.000130,2369.300880,7.994230,0.995640,8.135640,0.995660,24426.753000
24.735910,6926.900000,24.728670,20240604102107.000000,8.000000,806359.963000,964159.555000,0.428770,84.055580,0.008470,0.238030,0.006230,0.319200,-10862292.183750,0.018740,-10862292.183750,0.018740,2333.232630,0.396050,0.896660,0.396050,0.896660,25153.649000
24.477270,6926.900000,24.393330,20240604102405.000000,8.000000,1280147.449000,406772.835000,0.439000,33.517480,0.152780,0.986100,0.152780,0.986100,-4347032.804580,0.006890,-4347032.804580,0.006890,2340.013820,-1.949500,0.951330,-4.293800,0.996090,25311.032000
27.596820,6926.900000,24.795490,20240604102705.000000,8.000000,2295333.636000,517020.481000,0.395890,65.788620,0.575530,0.808340,2.505880,0.862570,63812790.429880,0.044440,63812790.429880,0.044440,2321.623620,-2.689000,0.568220,-2.689000,0.568220,24469.406000
-69.327270,6926.900000,-60.945890,20240604102953.000000,8.000000,1172911.647000,813748.418000,-0.541510,20.181620,1.491900,0.993840,1.491900,0.993840,-2990099.848840,0.117000,-3074575.413950,0.118270,2269.665340,-28.193720,0.993860,-28.193720,0.993860,24789.629000
29.225000,6926.900000,156.570880,20240604103253.000000,8.000000,-593092.631000,414742.535000,-0.539350,154.493310,-2.888700,0.929730,-2.888700,0.929730,167334.447730,0.005390,167334.447730,0.005390,2266.491830,-0.171750,0.098970,-0.171750,0.098970,24948.998000
25.352730,6926.900000,25.190000,20240604103540.000000,8.000000,-291374.916000,112610.196000,-0.497000,21.062780,-0.670490,0.981140,-0.670490,0.981140,-191100.693660,0.003640,-2910660.726510,0.034260,2227.500330,12.457000,0.997100,12.457000,0.997100,25168.875000
25.449550,6926.900000,25.433890,20240604112107.000000,8.000000,1269336.377000,601526.267000,0.427530,84.120790,-0.048120,0.922080,-0.053060,0.916980,-25113856.186490,0.018800,-23652999.662080,0.018170,2176.655680,-0.106490,0.179520,-0.106490,0.179520,25393.785000
25.535450,6926.900000,25.466000,20240604112405.000000,8.000000,1739.033000,667868.051000,0.438760,33.596200,-0.326450,0.908900,-0.326450,0.908900,8519.766850,0.042750,8576.721170,0.043080,2203.759670,7.657750,0.969670,14.864200,0.997790,24862.283000
27.690450,6926.900000,25.679340,20240604112705.000000,8.000000,12148.102000,405525.379000,0.395880,93.847740,-0.417080,0.775200,-1.862860,0.821930,-13014.318210,0.016410,-13014.318210,0.016410,2177.804450,2.708330,0.958790,2.708330,0.958790,24663.363000
-68.986820,6926.900000,-60.692000,20240604112953.000000,8.000000,1757202.022000,505213.860000,-0.541760,20.428840,5.861450,0.991080,5.934690,0.990750,-14881733.536570,0.000160,-14881733.536570,0.000160,2156.931960,-114.287070,0.990510,-114.287070,0.990510,24250.664000
30.130000,6926.900000,157.638460,20240604113252.000000,8.000000,-214709.495000,355425.966000,-0.540120,155.330310,-2.117690,0.905140,-4.538870,0.971990,-729288.766760,0.034820,-729288.766760,0.034820,2160.600230,-1.358750,0.833870,-2.314530,0.891590,23747.087000
26.044090,6926.900000,25.904780,20240604113540.000000,8.000000,741.006000,434695.855000,-0.493000,21.352600,-0.567080,0.994560,-0.567080,0.994560,6648.655160,0.032360,6662.846900,0.032440,2137.578500,10.399630,0.997230,11.074520,0.997510,24429.603000
26.492270,6926.900000,26.489560,20240604122107.000000,8.000000,471752.084000,412604.441000,0.426770,84.099480,-0.045960,0.617020,-0.045960,0.617020,4624289.501040,0.013280,4624289.501040,0.013280,2114.267280,0.809290,0.681760,0.809290,0.681760,23518.072000
26.939550,6926.900000,26.977560,20240604122405.000000,8.000000,896.397000,-89520.097000,0.439000,33.769710,-0.313720,0.977340,-0.313720,0.977340,-5577.622650,0.061430,-5577.622650,0.061430,2115.981790,6.530960,0.968700,11.994550,0.996760,24389.651000
28.528640,6926.900000,26.541320,20240604122704.000000,8.000000,-11551.114000,493932.892000,0.395120,117.402350,-0.106610,0.174810,-2.031580,0.527040,-70129.268950,0.001660,-39559.865380,0.010920,2115.219720,0.464670,0.085210,0.464670,0.085210,24347.187000
-68.806360,6926.900000,-60.470780,20240604122951.000000,8.000000,135.879000,-11267.801000,-0.542000,20.660990,-7.876550,0.993400,-7.876550,0.993400,-703.435550,0.000490,-2274.105570,0.008150,2116.161340,150.303420,0.992980,150.303420,0.992980,24191.313000
30.740000,6926.900000,158.213520,20240604123251.000000,8.000000,1067.683000,106758.819000,-0.539900,155.793360,-0.087130,0.285390,-0.087130,0.285390,-911.452560,0.057080,-875.467380,0.056860,2107.454850,0.453380,0.644490,0.488640,0.629020,22915.426000
26.947270,6926.900000,26.823560,20240604123538.000000,8.000000,672885.665000,339570.841000,-0.490000,21.619620,-0.163120,0.992940,-0.163120,0.992940,-275254.841720,0.000270,130008.770810,0.000210,2107.187670,3.017320,0.998350,3.017320,0.998350,23945.738000
29.210000,6926.900000,29.199440,20240604132107.000000,8.000000,2687.519000,151272.290000,0.425770,84.132790,-0.347650,0.890840,-0.347650,0.890840,2220.972130,0.007590,2315.056740,0.007770,2096.512800,4.442850,0.881400,4.442850,0.881400,22702.255000
27.209090,6926.900000,27.156110,20240604132406.000000,8.000000,-39229.803000,331802.138000,0.438000,33.834510,-0.328850,0.966170,-0.328850,0.966170,-1044103.386050,0.031290,-1044103.386050,0.031290,2097.036840,7.377530,0.964950,13.815690,0.996650,22842.838000
29.655450,6926.900000,27.115270,20240604132705.000000,8.000000,-272549.522000,6159.580000,0.395000,124.795420,0.119400,0.647340,0.119470,0.630670,227741.305170,0.011150,994002.686080,0.027780,2095.136730,-0.284120,0.095630,-1.628240,0.151470,23303.069000
-68.459550,6926.900000,-60.315440,20240604132953.000000,8.000000,-245261.489000,128512.679000,-0.541760,20.856900,-9.634490,0.993590,-9.634490,0.993590,4955082.724180,0.000720,4174081.843700,0.001380,2093.178180,185.029640,0.993060,185.029640,0.993060,22849.205000
31.751820,6926.900000,159.052640,20240604133253.000000,8.000000,442049.918000,123467.634000,-0.539350,156.313200,-0.003790,0.000790,0.890890,0.274870,-3859953.103450,0.006640,-3859953.103450,0.006640,2090.917880,-0.410420,0.768940,-0.410420,0.768940,20959.121000
27.345450,6926.900000,27.225780,20240604133541.000000,8.000000,25718.331000,124294.099000,-0.486000,21.862540,-0.486070,0.992440,-0.486070,0.992440,-208396.471820,0.014540,-208396.471820,0.014540,2089.574320,8.591520,0.998040,8.591520,0.998040,22483.537000
27.450000,6926.900000,27.439670,20240604142107.000000,8.000000,1526.953000,667247.922000,0.425770,84.163690,-0.114410,0.522650,-0.114410,0.522650,-68.464920,0.001130,-68.464920,0.001130,2088.601820,1.988890,0.655580,1.991920,0.653590,20774.884000
27.712730,6926.900000,27.807220,20240604142408.000000,8.000000,1017.985000,912138.920000,0.437000,33.992930,-0.191130,0.877610,-0.191130,0.877610,252.891660,0.066500,254.258650,0.067740,2089.415250,6.517120,0.950340,14.276600,0.994090,21688.012000
30.043180,6926.900000,27.621210,20240604142708.000000,8.000000,1685036.356000,177306.881000,0.394770,124.687420,-0.306290,0.909490,-0.640100,0.967560,291741.277290,0.004570,242605.815280,0.005880,2091.611190,1.361190,0.794920,3.045330,0.809910,22251.962000
-68.446820,6926.900000,-60.285220,20240604142956.000000,8.000000,1541020.909000,209022.156000,-0.541240,21.027220,4.347820,0.993240,4.347820,0.993240,1059088.204410,0.006080,10731258.081240,0.033510,2098.739250,-81.286650,0.993550,-81.286650,0.993550,22698.470000
35.454550,6926.900000,160.936150,20240604143256.000000,8.000000,-243712.835000,537134.575000,-0.540240,156.604820,0.060550,0.278300,0.060550,0.278300,-1966147.002610,0.004110,-3517538.922370,0.005180,2096.317340,0.374970,0.221010,0.503210,0.185670,22496.924000
28.707730,6926.900000,28.497780,20240604143544.000000,8.000000,-16843.205000,369808.329000,-0.469510,22.085060,-0.500440,0.992110,-0.500440,0.992110,-11125.764940,0.000140,-11125.764940,0.000140,2095.847430,9.051940,0.996940,9.051940,0.996940,23392.200000
27.234550,6926.900000,27.244220,20240604152107.000000,8.000000,70633.248000,23168.158000,0.423230,84.168400,-0.274520,0.879170,-0.274520,0.879170,1094655.554410,0.002220,1799123.377050,0.002650,2096.785940,3.799860,0.895990,3.799860,0.895990,23131.409000
27.469090,6926.900000,27.400780,20240604152406.000000,8.000000,694.771000,289856.350000,0.436240,33.994620,-0.239500,0.929860,-0.239500,0.929860,1743.456110,0.010040,2329.791300,0.062870,2096.646020,7.490330,0.949380,16.229030,0.994600,23283.160000
30.468640,6926.900000,27.180660,20240604152706.000000,8.000000,-1952280.183000,-119682.983000,0.394120,114.700650,-0.274140,0.614230,-0.844680,0.682050,641120.637430,0.000040,641120.637430,0.000040,2098.542580,-4.059980,0.637530,-4.059980,0.637530,23478.424000
-68.782730,6926.900000,-60.403110,20240604152953.000000,8.000000,1506.779000,104088.167000,-0.542510,21.142690,-8.222300,0.994490,-8.222300,0.994490,5429.695360,0.005470,5429.695360,0.005470,2100.545690,156.215330,0.994000,156.215330,0.994000,23715.847000
34.926820,6926.900000,160.958020,20240604153253.000000,8.000000,25459.525000,119403.460000,-0.540780,156.956040,0.151060,0.555920,1.567250,0.905770,-343788.103470,0.051050,-347736.582630,0.057830,2099.585240,0.217800,0.204640,0.283410,0.208160,23432.620000
27.565000,6926.900000,27.473330,20240604153541.000000,8.000000,-567516.866000,213598.725000,-0.482000,22.305670,-0.912240,0.995020,-0.912240,0.995020,2050155.233270,0.045010,1834614.936940,0.043400,2099.747150,16.298180,0.998460,17.466490,0.998800,23856.883000
26.563640,6926.900000,26.599330,20240604162107.000000,8.000000,-490950.233000,127969.065000,0.421000,84.185060,0.149060,0.855530,0.212660,0.875230,398721.788140,0.000400,398721.788140,0.000400,2108.129230,2.934900,0.885140,3.231080,0.862410,23956.544000
26.723640,6926.900000,26.652670,20240604162406.000000,8.000000,4222.568000,25967.797000,0.437000,34.014240,-0.281780,0.956370,-0.281780,0.956370,49421.419590,0.072180,49421.419590,0.072180,2112.118810,5.408610,0.973140,9.173680,0.994890,24026.272000
30.486360,6926.900000,26.640440,20240604162706.000000,8.000000,1237.680000,185659.280000,0.393880,114.386670,-0.470780,0.746380,-0.470780,0.746380,969.294450,0.001190,874.856380,0.001470,2112.438050,0.442170,0.176550,0.426520,0.190370,24578.654000
-68.392730,6926.900000,-60.613110,20240604162954.000000,8.000000,51830.669000,183980.799000,-0.542000,21.233260,-7.417350,0.996300,-7.417350,0.996300,-709587.381820,0.003210,-679336.249450,0.004340,2106.274450,137.707920,0.996680,137.707920,0.996680,24355.963000
34.584090,6926.900000,160.851100,20240604163254.000000,8.000000,993.321000,63438.197000,-0.540240,157.027790,0.189480,0.883650,0.420980,0.939350,-24.460470,0.011590,-24.460470,0.011590,2098.377100,-0.147650,0.277700,-1.728540,0.462040,24250.607000
26.830000,6926.900000,26.765220,20240604163541.000000,8.000000,3977.089000,473552.837000,-0.489000,22.447430,-0.545060,0.990630,-0.545060,0.990630,26575.456750,0.003410,26575.456750,0.003410,2101.013070,9.893460,0.996750,9.893460,0.996750,24269.071000
25.131820,6926.900000,25.147440,20240604172107.000000,8.000000,115211.340000,60426.110000,0.419780,84.205280,-0.073290,0.581760,-0.073290,0.581760,-4.905520,0.000000,-4.905520,0.000000,2074.165360,0.352340,0.117570,0.338060,0.113460,23619.311000
25.167730,6926.900000,25.114110,20240604172405.000000,8.000000,-584065.157000,75734.527000,0.436760,33.978390,-0.302650,0.918600,-0.302650,0.918600,3864854.559070,0.002170,3864854.559070,0.002170,2074.066240,9.850110,0.965990,17.725830,0.993790,23659.662000
29.911820,6926.900000,25.130330,20240604172704.000000,8.000000,-411740.926000,196068.653000,0.393000,126.414200,-0.324930,0.955640,-0.324930,0.955640,165161.262280,0.000150,165161.262280,0.000150,2081.281990,4.225320,0.993610,4.551160,0.994120,24036.590000
-69.569090,6926.900000,-60.955780,20240604172951.000000,8.000000,817.960000,329511.161000,-0.542000,21.261400,-8.123650,0.991370,-8.123650,0.991370,94.457740,0.000010,94.457740,0.000010,2075.094050,151.899830,0.992060,151.899830,0.992060,23907.522000
34.206360,6926.900000,160.364620,20240604173251.000000,8.000000,7493.997000,190077.366000,-0.540770,156.665150,0.006340,0.015770,0.006340,0.015770,-125180.981810,0.012970,-125180.981810,0.012970,2073.007440,0.142510,0.083740,0.821000,0.095310,23816.086000
25.175450,6926.900000,25.165000,20240604173539.000000,8.000000,1342.421000,252715.469000,-0.499000,22.485520,-0.534240,0.992650,-0.534240,0.992650,546.554070,0.002110,546.554070,0.002110,2078.403430,10.002960,0.997030,10.002960,0.997030,23992.600000
24.295000,6926.900000,24.304110,20240604182107.000000,8.000000,-911045.377000,-110514.101000,0.419240,84.177980,-0.197870,0.456040,-0.197870,0.456040,-23326574.867420,0.019190,-23326574.867420,0.019190,2078.640570,0.527150,0.077560,0.527150,0.077560,24404.042000
24.308180,6926.900000,24.259220,20240604182406.000000,8.000000,341.252000,214865.260000,0.436000,33.949800,-0.232640,0.942820,-0.232640,0.942820,2758.247870,0.012540,2758.247870,0.012540,2076.799530,6.650270,0.965890,12.417900,0.995320,24220.280000
29.084550,6926.900000,24.301210,20240604182706.000000,8.000000,685231.709000,49175.551000,0.392770,126.629710,-0.051140,0.961730,-0.051140,0.961730,-292032.445650,0.000380,-292032.445650,0.000380,2075.481930,1.071660,0.994440,1.162310,0.995240,24432.489000
-69.541360,6926.900000,-61.166440,20240604182954.000000,8.000000,2147458.921000,595200.420000,-0.542000,21.231210,9.467450,0.993500,9.467450,0.993500,15109629.547160,0.010590,15109629.547160,0.010590,2076.264690,-179.653140,0.992820,-179.653140,0.992820,24361.645000
33.662730,6926.900000,159.898680,20240604183254.000000,8.000000,2182.108000,99653.918000,-0.540120,156.279740,0.113880,0.552020,0.132640,0.532130,-1555.698310,0.000530,-1555.698310,0.000530,2078.360280,-1.478420,0.810970,-1.478420,0.810970,24562.844000
24.151360,6926.900000,24.090670,20240604183542.000000,8.000000,75459.080000,-30633.301000,-0.503000,22.450020,-0.524780,0.993230,-0.524780,0.993230,723063.292650,0.020480,723063.292650,0.020480,2076.953190,9.779090,0.996780,9.779090,0.996780,24240.289000
23.335450,6926.900000,23.322560,20240604192107.000000,8.000000,1195147.111000,487998.368000,0.419000,84.194560,0.063890,0.803760,0.063890,0.803760,78804.274520,0.000820,1384518.805360,0.011650,2110.481570,-0.106760,0.177800,-0.106950,0.176360,23485.517000
23.340910,6926.900000,23.295560,20240604192407.000000,8.000000,-1769.910000,14164.313000,0.436760,33.922980,-0.459630,0.959420,-0.459630,0.959420,19334.873390,0.018110,42432.046070,0.026840,2113.360680,8.052200,0.938930,18.892620,0.993580,23486.470000
27.993640,6926.900000,23.432420,20240604192707.000000,8.000000,-946297.930000,116867.116000,0.391880,126.606800,-0.450330,0.287240,-14.525890,0.897100,-6547960.719260,0.008240,-6547960.719260,0.008240,2131.055720,7.071450,0.980720,10.027610,0.991460,23644.497000
-69.737270,6926.900000,-61.361890,20240604192954.000000,8.000000,-486923.315000,334767.772000,-0.540240,21.158130,-13.284940,0.991660,-13.284940,0.991660,-1558290.713130,0.001040,-1558290.713130,0.001040,2181.023890,242.084140,0.991400,242.084140,0.991400,23535.972000
32.902730,6926.900000,158.824730,20240604193255.000000,8.000000,443.579000,-92807.870000,-0.540000,155.283570,-1.151740,0.503730,-1.151740,0.503730,1961.811830,0.017140,632.082580,0.013910,2172.108720,-0.639130,0.243090,-0.639130,0.243090,23459.204000
23.275910,6926.900000,23.217780,20240604193545.000000,8.000000,22821.789000,127618.163000,-0.511760,22.372680,-0.498980,0.977300,-0.498980,0.977300,-21297.885130,0.007410,-21297.885130,0.007410,2123.403890,9.420570,0.996670,10.347700,0.997370,23370.620000
22.747270,6926.900000,22.731000,20240604202107.000000,8.000000,-265031.675000,88197.404000,0.418000,84.175480,0.348640,0.852720,0.348640,0.852720,5205008.933340,0.000360,3359657.410640,0.000620,2165.210920,2.018600,0.644560,2.018600,0.644560,22426.058000
22.730000,6926.900000,22.681220,20240604202405.000000,8.000000,203134.365000,33649.075000,0.436000,33.870500,-0.077740,0.532580,-0.787110,0.850400,1044644.719710,0.117930,983863.852110,0.142800,2160.680920,6.458780,0.930960,16.093040,0.993860,22496.122000
27.390000,6926.900000,22.823630,20240604202707.000000,8.000000,2073900.587000,311273.934000,0.392660,126.593530,0.174450,0.574420,0.174450,0.574420,-1133928.620560,0.005220,-3943466.928690,0.010880,2176.694800,-3.479600,0.856030,-14.160800,0.908130,22721.545000
-69.964550,6926.900000,-61.389330,20240604202955.000000,8.000000,-449038.886000,-15233.771000,-0.541240,21.068280,-13.278590,0.991790,-13.470250,0.991620,-600986.327660,0.002340,-600986.327660,0.002340,2148.255440,235.921330,0.992010,235.921330,0.992010,22661.856000
32.138640,6926.900000,158.206920,20240604203255.000000,8.000000,-567648.038000,201596.893000,-0.539120,154.909510,-1.773320,0.701380,-1.769650,0.700570,3083675.751460,0.018480,3083675.751460,0.018480,2157.659550,5.116850,0.519250,5.508910,0.506500,22354.221000
22.599090,6926.900000,22.527000,20240604203543.000000,8.000000,-727394.527000,450175.567000,-0.516000,22.265920,-1.483190,0.991980,-1.483190,0.991980,-104616637.465820,0.025510,-113009826.609830,0.025780,2132.976330,17.776070,0.996590,19.804060,0.997490,22633.029000
22.080450,6926.900000,22.066110,20240604212107.000000,8.000000,450073.840000,344235.573000,0.417770,84.192180,-0.122480,0.930750,-0.122480,0.930750,-25447366.788750,0.031330,-18238382.586400,0.027960,2106.997430,0.797140,0.670600,1.322710,0.698200,22436.094000
22.106820,6926.900000,22.062330,20240604212405.000000,8.000000,-1951185.980000,718057.761000,0.437000,33.783980,-0.585970,0.813130,-0.585970,0.813130,7144896.791960,0.018310,13353390.378720,0.041760,2104.587660,24.933810,0.916840,66.512700,0.986030,22440.211000
27.065000,6926.900000,22.212750,20240604212704.000000,8.000000,1860123.759000,513352.687000,0.391000,126.670960,0.195080,0.888080,0.639340,0.943360,1683055.601050,0.002110,3539251.859810,0.002930,2106.984040,-2.498200,0.894070,-2.471890,0.892270,22644.954000
-69.733640,6926.900000,-61.562330,20240604212951.000000,8.000000,-294070.458000,940201.762000,-0.539730,20.966340,-10.974460,0.992620,-10.974460,0.992620,341729.724020,0.001120,341729.724020,0.001120,2102.170980,210.528750,0.992380,210.528750,0.992380,22602.226000
30.637270,6926.900000,156.929340,20240604213250.000000,8.000000,1337798.876000,786407.242000,-0.539780,154.063590,-0.195370,0.511890,-0.234550,0.553180,-4509526.484070,0.004650,-6023680.052610,0.004710,2119.730470,1.223710,0.469030,1.223710,0.469030,22728.148000
22.089090,6926.900000,22.036330,20240604213537.000000,8.000000,633.474000,716828.582000,-0.519240,22.151900,-0.680980,0.979270,-0.680980,0.979270,-9.845170,0.000000,-9.845170,0.000000,2127.148450,9.943630,0.994890,12.219370,0.997910,22686.659000
22.010450,6926.900000,21.996000,20240604222107.000000,8.000000,952.240000,102579.929000,0.415470,84.175520,-0.401950,0.974750,-0.401950,0.974750,-476.279320,0.002640,-476.279320,0.002640,2145.452350,3.417960,0.864790,3.612400,0.859090,22867.354000
22.000450,6926.900000,21.953780,20240604222406.000000,8.000000,-442079.241000,215893.425000,0.436760,33.830960,-0.613650,0.988130,-0.613650,0.988130,59466.297740,0.000150,59466.297740,0.000150,2130.184950,10.383680,0.933350,24.589120,0.975540,22683.578000
26.969550,6926.900000,22.167360,20240604222705.000000,8.000000,-1564939.979000,181398.360000,0.391000,126.643710,-0.718980,0.626390,-6.568740,0.875360,2848820.039140,0.092920,3009542.819340,0.093330,2128.391520,12.362600,0.822980,55.229800,0.937160,22911.819000
-69.125910,6926.900000,-61.539560,20240604222953.000000,8.000000,3474.839000,517331.408000,-0.541240,20.856570,-8.731190,0.993630,-8.731190,0.993630,-10005.662670,0.020160,-10005.662670,0.020160,2118.033580,164.380920,0.993300,164.380920,0.993300,22857.338000
29.421820,6926.900000,156.618900,20240604223253.000000,8.000000,-287225.496000,444162.214000,-0.539240,154.511490,0.348550,0.406640,0.455650,0.374640,-1105622.771900,0.012690,-1105622.771900,0.012690,2112.029840,3.301350,0.433820,5.954500,0.508900,23117.018000
21.980450,6926.900000,21.912560,20240604223542.000000,8.000000,-584516.889000,57961.424000,-0.521000,22.058330,-1.197040,0.992540,-1.197040,0.992540,230179.565150,0.000850,230179.565150,0.000850,2110.639190,20.334530,0.997230,20.334530,0.997230,22904.704000
21.820000,6926.900000,21.782890,20240604232107.000000,8.000000,593.818000,175819.068000,0.418000,84.168440,-4.898900,0.937980,-4.898900,0.937980,4325.788260,0.000730,4325.788260,0.000730,2182.525960,85.734870,0.921120,85.734870,0.921120,22787.799000
21.801360,6926.900000,21.766110,20240604232406.000000,8.000000,804.960000,191075.865000,0.436000,33.813310,-0.130770,0.431100,-0.948090,0.776890,4011.864860,0.021540,4011.864860,0.021540,2146.535520,8.819810,0.943610,20.832410,0.997760,22692.756000
25.021360,6926.900000,21.877910,20240604232706.000000,8.000000,223937.919000,201824.718000,0.389440,126.707200,-0.049730,0.283640,-1.205250,0.826810,865701.613000,0.009080,865701.613000,0.009080,2150.241400,2.955780,0.979780,3.572720,0.983800,22838.685000
-69.384090,6926.900000,-61.479560,20240604232954.000000,8.000000,-21786.309000,-14601.182000,-0.540490,20.819500,-9.706540,0.991600,-9.706540,0.991600,666493.925810,0.022570,778079.652880,0.029860,2164.543110,175.219990,0.990620,175.219990,0.990620,22728.429000
28.907270,6926.900000,156.286920,20240604233254.000000,8.000000,2024.906000,-88493.867000,-0.539890,154.424550,-0.180840,0.748880,-0.180840,0.748880,17512.538720,0.011740,17550.035860,0.011760,2129.711550,2.739370,0.708040,2.739370,0.708040,22967.999000
21.808640,6926.900000,21.748330,20240604233542.000000,8.000000,568358.851000,95479.958000,-0.521240,21.977510,-0.286630,0.993490,-0.291810,0.993560,-2196878.174590,0.002040,-2774380.651700,0.003200,2111.658410,5.424540,0.998190,5.466240,0.998200,22792.028000
21.602730,6926.900000,21.597220,20240605000347.000000,8.000000,-12716.139000,153770.877000,0.417770,84.143500,0.440410,0.930800,0.440410,0.930800,67890.004040,0.022280,67421.799510,0.022450,2108.964980,0.236480,0.207170,0.508350,0.051130,22803.914000
21.644550,6926.900000,21.606670,20240605000645.000000,8.000000,-2133.565000,340354.224000,0.436000,33.788990,-0.340080,0.960210,-0.340080,0.960210,571.840640,0.006230,4711.413340,0.027710,2116.003010,9.293600,0.962650,18.612440,0.996230,22786.104000
25.870910,6926.900000,21.744840,20240605000945.000000,8.000000,781472.435000,495888.701000,0.391000,126.754910,-0.057640,0.982870,-0.057640,0.982870,980276.052530,0.151680,979292.554170,0.152200,2109.987360,0.854120,0.963740,1.654770,0.989420,22879.533000
-70.374550,6926.900000,-61.592000,20240605001233.000000,8.000000,730453.455000,222273.636000,-0.540490,20.806760,-2.335260,0.988530,-2.367610,0.988330,101843.580050,0.000010,101843.580050,0.000010,2107.285680,44.316520,0.987390,44.316520,0.987390,22748.435000
31.204090,6926.900000,157.272200,20240605001532.000000,8.000000,153.331000,179906.901000,-0.539240,154.302050,0.162170,0.518240,0.162170,0.518240,-4828.950330,0.068880,-4828.950330,0.068880,2095.518040,-0.762400,0.379200,-1.464450,0.416280,23003.692000
21.624090,6926.900000,21.574330,20240605001820.000000,8.000000,6023.307000,19065.258000,-0.523760,21.928710,-0.552120,0.992310,-0.552120,0.992310,-185523.234860,0.015030,-185523.234860,0.015030,2106.179190,9.722890,0.998020,9.722890,0.998020,22846.277000
21.539090,6926.900000,21.533670,20240605002121.000000,8.000000,1939451.657000,640662.556000,0.417000,84.163620,-0.257350,0.663120,-0.670340,0.806110,-1523293235.223530,0.100770,-1523293235.223530,0.100770,2109.230210,0.580780,0.189250,0.580780,0.189250,22980.953000
21.604090,6926.900000,21.553440,20240605002420.000000,8.000000,-1076728.258000,253261.686000,0.436770,33.793330,-0.559360,0.949950,-0.559360,0.949950,10435372.477410,0.006560,10435372.477410,0.006560,2106.259700,17.375960,0.961650,32.901280,0.995410,22968.529000
26.747730,6926.900000,21.743740,20240605002718.000000,8.000000,1366949.360000,284213.062000,0.390880,126.694010,0.056500,0.657880,0.056500,0.657880,-9757155.219380,0.103810,-9708201.805820,0.104310,2104.453870,-1.085370,0.841400,-0.994140,0.830380,23049.295000
-70.059550,6926.900000,-61.606670,20240605003007.000000,8.000000,-486183.666000,378122.961000,-0.541760,20.794400,-12.162540,0.988040,-12.162540,0.988040,2070186.348280,0.005500,2070186.348280,0.005500,2102.828520,234.718640,0.986770,234.718640,0.986770,22943.358000
30.260000,6926.900000,156.880220,20240605003308.000000,8.000000,645733.061000,338477.986000,-0.539890,154.339760,0.239850,0.592600,0.268490,0.060430,5268258.807630,0.021690,5215936.334400,0.025700,2095.916680,1.150670,0.787700,1.253240,0.789170,23192.710000
21.624550,6926.900000,21.564780,20240605003556.000000,8.000000,909.196000,-196627.082000,-0.523000,21.911790,-0.582640,0.992320,-0.582640,0.992320,-1868.879370,0.043390,-1868.879370,0.043390,2082.256100,10.558900,0.998210,10.558900,0.998210,23000.617000
21.471360,6926.900000,21.442330,20240605012120.000000,8.000000,2440227.903000,556963.349000,0.417000,84.150600,4.629090,0.885730,4.629090,0.885730,-21620163.096360,0.041560,-13234374.488140,0.041360,2092.818730,-86.808620,0.863990,-86.808620,0.863990,23062.638000
21.485910,6926.900000,21.430780,20240605012418.000000,8.000000,-1238936.642000,-76103.437000,0.437000,33.801640,-1.343000,0.993390,-1.343000,0.993390,2704942.046620,0.033350,2704942.046620,0.033350,2084.786270,21.826450,0.959440,42.630100,0.997510,22973.164000
26.360910,6926.900000,21.655600,20240605012719.000000,8.000000,522.353000,297086.827000,0.390890,126.619640,-0.155510,0.423260,-0.155510,0.423260,-10265.095160,0.013870,-10265.095160,0.013870,2120.869040,4.076070,0.982630,6.627380,0.998290,23134.793000
-69.191360,6926.900000,-61.615110,20240605013006.000000,8.000000,-15363.404000,337907.611000,-0.540490,20.749970,-8.650620,0.991570,-8.650620,0.991570,146212.917250,0.073080,202463.900550,0.093010,2115.235610,162.765350,0.988710,162.765350,0.988710,23129.800000
29.595450,6926.900000,156.329120,20240605013306.000000,8.000000,2459833.195000,351372.517000,-0.539900,154.110160,1.462680,0.905340,1.462680,0.905340,2397198.956290,0.002350,2397198.956290,0.002350,2069.179180,-1.143990,0.215380,-1.134570,0.213790,23336.386000
21.549090,6926.900000,21.493670,20240605013553.000000,8.000000,15758.517000,123910.200000,-0.524000,21.854760,-0.437620,0.984960,-0.437620,0.984960,11024.506530,0.001030,11024.506530,0.001030,2054.743420,10.581210,0.996680,10.581210,0.996680,23096.058000
21.405450,6926.900000,21.399440,20240605022120.000000,8.000000,-691907.342000,192238.172000,0.415760,84.204060,-0.250300,0.761300,-0.250300,0.761300,2779993.127540,0.008010,2510882.225110,0.007920,2062.175420,2.845640,0.518920,2.845640,0.518920,23132.310000
21.381360,6926.900000,21.348110,20240605022419.000000,8.000000,-190840.134000,265945.879000,0.436240,33.782000,-0.300400,0.919660,-0.300400,0.919660,-4913001.150010,0.033450,-4913001.150010,0.033450,2061.234360,10.439720,0.956570,21.491130,0.997530,22992.194000
24.486820,6926.900000,21.471760,20240605022718.000000,8.000000,697.278000,70751.075000,0.391000,126.693850,0.152920,0.361810,0.152920,0.361810,-4905.764320,0.072390,-4902.957840,0.074450,2090.565300,4.471110,0.963520,8.323650,0.989230,23083.071000
-69.861820,6926.900000,-61.566110,20240605023007.000000,8.000000,64694.141000,626674.432000,-0.541760,20.661230,-7.574800,0.989840,-7.574800,0.989840,153189.867660,0.015330,153189.867660,0.015330,2061.070650,153.002630,0.988620,153.002630,0.988620,22985.419000
28.620450,6926.900000,155.896810,20240605023306.000000,8.000000,17479.323000,46717.073000,-0.539120,154.101760,1.972710,0.270700,17.964780,0.552120,34922851.428910,0.003880,38231.754780,0.000130,2105.723270,0.345620,0.006390,-14.013280,0.050500,23440.844000
21.402730,6926.900000,21.360890,20240605023553.000000,8.000000,2342292.091000,720155.000000,-0.524000,21.804840,0.483610,0.825980,1.565340,0.965460,4221790.737110,0.034640,4221790.737110,0.034640,2120.851160,-10.197470,0.943280,-20.170660,0.988860,23044.128000
21.427270,6926.900000,21.412440,20240605032120.000000,8.000000,-580436.093000,100503.827000,0.416000,84.217270,-0.173070,0.644790,-0.173070,0.644790,20720104.745190,0.006030,20720104.745190,0.006030,2066.311830,-1.587720,0.539610,-1.828040,0.129510,23349.366000
21.480910,6926.900000,21.428560,20240605032418.000000,8.000000,1168103.163000,609655.687000,0.436000,33.777440,0.047850,0.960950,0.047850,0.960950,-8767623.930850,0.026510,-8767623.930850,0.026510,2065.104910,-1.508620,0.970490,-2.724540,0.996520,23274.383000
24.965910,6926.900000,21.550550,20240605032718.000000,8.000000,-438816.672000,627306.466000,0.390890,126.680020,-0.305310,0.892070,-0.299490,0.888570,-1158212.771710,0.007910,-1158212.771710,0.007910,2060.664180,5.837050,0.836070,6.132380,0.383710,23295.800000
-70.368180,6926.900000,-61.563220,20240605033005.000000,8.000000,-14857.345000,344081.384000,-0.541510,20.657440,-7.820010,0.979370,-7.820010,0.979370,-27232.656210,0.000410,-27232.656210,0.000410,2060.807010,167.936080,0.983440,167.936080,0.983440,23283.421000
30.417730,6926.900000,155.672530,20240605033304.000000,8.000000,1198.904000,479560.941000,-0.539770,153.992020,-0.401890,0.061870,5.135220,0.085320,480.104840,0.074700,479.721850,0.074690,2088.336160,-4.000770,0.417260,-4.011860,0.416810,23561.254000
21.451820,6926.900000,21.393330,20240605033552.000000,8.000000,1925965.000000,704225.680000,-0.524000,21.773940,0.406640,0.967660,0.406640,0.967660,636148.778740,0.001140,636148.778740,0.001140,2047.620050,-8.399680,0.988690,-10.475600,0.992810,23165.023000
21.209090,6926.900000,21.196780,20240605042120.000000,8.000000,1482.183000,193936.242000,0.415760,84.211170,-0.060960,0.174670,-0.060970,0.153560,-98.466920,0.000280,-98.466920,0.000280,2076.724290,0.354230,0.015350,0.354230,0.015350,23091.264000
21.225450,6926.900000,21.192670,20240605042419.000000,8.000000,36928.202000,-51127.401000,0.436000,33.765630,-0.204160,0.857220,-0.204160,0.857220,702780.102120,0.041950,702780.102120,0.041950,2075.939490,7.700070,0.938110,16.698310,0.990020,23076.986000
24.883180,6926.900000,21.373410,20240605042719.000000,8.000000,13119.498000,206146.138000,0.390770,126.721990,-0.142490,0.706010,-0.142490,0.706010,345189.414870,0.008600,345189.414870,0.008600,2075.592470,2.699520,0.633670,2.699520,0.633670,23169.407000
-70.132730,6926.900000,-61.756000,20240605043006.000000,8.000000,537993.055000,439450.427000,-0.541760,20.637310,-3.980340,0.985630,-3.980340,0.985630,4765684.251630,0.065540,4777069.016910,0.070780,2075.603690,77.755970,0.983320,77.755970,0.983320,23079.461000
30.798180,6926.900000,156.690550,20240605043306.000000,8.000000,86572.970000,227263.477000,-0.539240,153.850130,-0.137310,0.619930,-0.137310,0.619930,93554.056500,0.013180,506070.997220,0.040250,2071.175990,-2.409050,0.777510,-2.409050,0.777510,23421.480000
21.332730,6926.900000,21.272110,20240605043554.000000,8.000000,806092.515000,519117.251000,-0.526530,21.735510,-0.126450,0.990400,-0.126450,0.990400,-1191170.536520,0.003940,-1191170.536520,0.003940,2064.694690,2.240400,0.995700,2.240400,0.995700,23145.750000
21.299550,6926.900000,21.271440,20240605052120.000000,8.000000,928849.146000,233825.813000,0.416000,84.238580,0.059140,0.861390,0.059140,0.861390,-2663645.169240,0.000510,-2663645.169240,0.000510,2067.777570,0.024890,0.099760,0.024890,0.099760,23279.844000
21.271820,6926.900000,21.221220,20240605052419.000000,8.000000,-14666.769000,19950.712000,0.436760,33.758740,-0.235360,0.912820,-0.235360,0.912820,-107754.708560,0.129680,-107754.708560,0.129680,2082.340800,8.911530,0.946190,20.557780,0.998000,23141.799000
25.302270,6926.900000,21.390330,20240605052719.000000,8.000000,-379694.318000,497897.987000,0.390000,126.769190,-0.361410,0.947960,-0.670310,0.955400,230035.544260,0.016130,230035.544260,0.016130,2084.109040,6.037770,0.956230,9.603670,0.975240,23236.441000
-70.170450,6926.900000,-61.662560,20240605053006.000000,8.000000,807095.182000,350848.576000,-0.541510,20.608210,-1.579190,0.978360,-1.579190,0.978360,436564.182140,0.009350,436564.182140,0.009350,2078.074210,30.913130,0.978140,32.736640,0.978470,23198.807000
29.948640,6926.900000,156.301430,20240605053307.000000,8.000000,3192799.488000,383182.253000,-0.539240,153.782910,0.188580,0.145850,2.508660,0.000640,2890980.907870,0.017620,2890980.907870,0.017620,2080.976730,-1.612620,0.085320,-1.612620,0.085320,23517.078000
21.287730,6926.900000,21.221780,20240605053553.000000,8.000000,2148283.368000,915945.002000,-0.525000,21.707590,0.701490,0.990230,0.701490,0.990230,-14792154.222760,0.072970,-14792154.222760,0.072970,2070.874910,-11.468790,0.996080,-11.468790,0.996080,23166.279000
21.290450,6926.900000,21.274220,20240605062120.000000,8.000000,1703.299000,374035.358000,0.415000,84.213630,0.009020,0.003250,0.009020,0.003250,1635.859430,0.001630,1635.859430,0.001630,2095.322770,0.305920,0.116160,0.305920,0.116160,23382.545000
21.282730,6926.900000,21.226000,20240605062420.000000,8.000000,-30869.045000,316967.137000,0.436760,33.749710,-0.515780,0.986650,-0.515780,0.986650,57114.158980,0.011160,76926.283250,0.014100,2094.861880,8.472580,0.976540,14.393380,0.996790,23260.398000
25.695450,6926.900000,21.414400,20240605062719.000000,8.000000,2415574.847000,213193.637000,0.390770,126.763650,0.292860,0.946660,0.292860,0.946660,2623379.104510,0.025610,2623379.104510,0.025610,2076.474890,-5.452850,0.956520,-10.084660,0.988880,23304.912000
-69.628180,6926.900000,-61.651330,20240605063006.000000,8.000000,2499956.822000,540872.838000,-0.541760,20.601190,12.040540,0.989860,12.040540,0.989860,7486266.783810,0.012430,19108644.944530,0.025580,2077.322470,-235.575780,0.989210,-235.575780,0.989210,23319.568000
29.100910,6926.900000,155.981760,20240605063306.000000,8.000000,669897.366000,656342.263000,-0.539890,153.860310,0.081230,0.536040,0.679130,0.850910,-198502.007710,0.002040,-198502.007710,0.002040,2077.815030,-1.116480,0.409080,-1.116480,0.409080,23671.447000
21.356360,6926.900000,21.314000,20240605063553.000000,8.000000,-586312.613000,940943.507000,-0.526000,21.679920,-0.718900,0.985820,-0.718900,0.985820,609785.160240,0.014680,3351418.251740,0.044980,2072.212500,12.807420,0.991700,14.341120,0.992790,23356.008000
21.409090,6926.900000,21.393890,20240605072120.000000,8.000000,-546925.093000,38856.129000,0.415530,84.239820,0.374670,0.762110,0.374670,0.762110,1710128.812380,0.007440,3548088.016430,0.010240,2074.940110,-2.288000,0.467880,-5.098400,0.696720,23531.811000
21.428180,6926.900000,21.389110,20240605072419.000000,8.000000,-486737.998000,352681.604000,0.436000,33.757700,-0.397730,0.967090,-0.397730,0.967090,417466.956840,0.010630,1295464.942090,0.019810,2078.114900,11.069070,0.938840,27.518710,0.996810,23478.809000
26.086820,6926.900000,21.644620,20240605072719.000000,8.000000,-867908.836000,244470.058000,0.390450,126.735600,-0.180510,0.508360,-0.180510,0.508360,-5327939.314920,0.004430,-5327939.314920,0.004430,2074.627230,2.952120,0.216320,2.952120,0.216320,23499.930000
-69.269550,6926.900000,-61.609560,20240605073007.000000,8.000000,74187.468000,-207665.431000,-0.540240,20.607070,-7.422240,0.986120,-7.422240,0.986120,-565786.678270,0.009670,-4265766.572780,0.040180,2083.684120,143.052740,0.984500,143.052740,0.984500,23610.353000
28.782270,6926.900000,155.683190,20240605073307.000000,8.000000,1721.940000,505630.550000,-0.539780,153.685880,-0.378910,0.639010,-0.964740,0.020300,1343.523090,0.026000,1343.523090,0.026000,2078.936320,5.390480,0.837520,6.091730,0.842690,23960.398000
21.725450,6926.900000,21.664560,20240605073554.000000,8.000000,929.695000,147261.931000,-0.525000,21.680940,-0.431920,0.983100,-0.431920,0.983100,-1361.148880,0.000800,-502.797280,0.000460,2070.851130,8.180790,0.991830,10.012190,0.994520,23805.883000
21.622730,6926.900000,21.604110,20240605082120.000000,8.000000,-1272392.210000,124847.130000,0.413470,84.270770,2.974730,0.789460,2.974730,0.789460,485589.149430,0.000200,485589.149430,0.000200,2085.093000,-5.913430,0.775470,-5.912460,0.775330,23773.040000
21.647270,6926.900000,21.600440,20240605082418.000000,8.000000,-291459.838000,1112114.827000,0.436000,33.754970,-0.436730,0.897550,-0.436730,0.897550,2980995.073620,0.003170,2980995.073620,0.003170,2105.288630,12.148750,0.966760,24.262640,0.998430,23710.121000
26.289090,6926.900000,21.790440,20240605082718.000000,8.000000,1171545.340000,561789.682000,0.389770,126.660530,0.053800,0.720220,0.410830,0.919370,5713496.213900,0.083190,5713496.213900,0.083190,2092.820800,-0.455480,0.583800,-0.455480,0.583800,23600.185000
-70.126820,6926.900000,-61.464890,20240605083005.000000,8.000000,16924.402000,94999.528000,-0.541240,20.619620,-7.941570,0.985640,-7.941570,0.985640,40443.069780,0.000300,40443.069780,0.000300,2100.551570,162.118930,0.984390,162.118930,0.984390,23640.075000
28.708640,6926.900000,155.758570,20240605083305.000000,8.000000,297014.183000,465709.380000,-0.539240,153.916950,0.291110,0.273840,0.291110,0.273840,-544589.348160,0.197800,-544589.348160,0.197800,2098.729730,4.556140,0.757490,5.161420,0.753790,24030.115000
21.680450,6926.900000,21.624670,20240605083552.000000,8.000000,1755521.680000,505097.990000,-0.524760,21.691270,0.258450,0.951940,0.258450,0.951940,339705.110940,0.002620,339705.110940,0.002620,2079.300070,-7.247900,0.996790,-7.401430,0.996810,23694.715000
21.826820,6926.900000,21.800780,20240605092120.000000,8.000000,974499.230000,124162.080000,0.413230,84.249370,0.014210,0.906030,0.017050,0.900980,-172705.095190,0.000760,-172705.095190,0.000760,2123.198810,0.003160,0.046670,0.005490,0.036090,24114.259000
21.854550,6926.900000,21.813560,20240605092420.000000,8.000000,663.301000,525555.551000,0.436000,33.773180,-0.314750,0.979760,-0.314750,0.979760,-9002.669880,0.012890,-9002.669880,0.012890,2112.300810,9.090880,0.977650,15.764990,0.998720,24081.278000
24.934090,6926.900000,21.961100,20240605092720.000000,8.000000,-2295544.636000,434315.432000,0.388350,126.685450,-0.862690,0.608630,-0.862690,0.608630,9479807.851840,0.007350,9671754.190400,0.013370,2123.320860,17.150800,0.926080,20.335490,0.945100,23812.967000
-69.735450,6926.900000,-61.279330,20240605093008.000000,8.000000,1254156.694000,1194150.858000,-0.542000,20.696810,2.110070,0.986150,2.110070,0.986150,20156376.651080,0.024300,135428183.057830,0.090560,2099.388670,-41.640060,0.986190,-41.640060,0.986190,24020.723000
27.938180,6926.900000,155.470990,20240605093308.000000,8.000000,1661701.273000,1321880.499000,-0.539770,153.949790,-0.120720,0.669690,-0.123170,0.666550,-203115.911910,0.003590,-196449.626440,0.003650,2088.376600,-1.023890,0.789570,-1.037350,0.791670,24549.050000
22.021360,6926.900000,21.958780,20240605093555.000000,8.000000,-342235.636000,818873.771000,-0.524000,21.708640,-0.536070,0.986320,-0.536070,0.986320,-147534.621980,0.001200,-147534.621980,0.001200,2084.933070,10.363960,0.995200,10.703700,0.995260,24212.214000
22.673180,6926.900000,22.668000,20240605102121.000000,8.000000,-291981.803000,600396.319000,0.415000,84.242130,-0.076600,0.633230,-0.111450,0.650740,-9819915.216550,0.000600,-9819915.216550,0.000600,2056.989870,1.608180,0.848210,1.888640,0.835640,24968.201000
22.786360,6926.900000,22.740890,20240605102420.000000,8.000000,1757318.901000,709241.599000,0.436240,33.809360,0.882210,0.983150,0.882210,0.983150,-652827.230060,0.000470,-8192382.776020,0.003970,2084.673790,-5.537910,0.974310,-10.280950,0.996560,25003.674000
25.834550,6926.900000,22.939120,20240605102719.000000,8.000000,1388.942000,404541.087000,0.390000,126.569270,-0.240030,0.964670,-0.240030,0.964670,5815.245910,0.088920,5815.245910,0.088920,2057.953690,3.213670,0.912990,3.217050,0.909760,24536.915000
-70.222270,6926.900000,-61.300890,20240605103007.000000,8.000000,150231.135000,610391.994000,-0.541240,20.720970,-7.038190,0.993900,-7.038190,0.993900,1100020.271220,0.015160,1100020.271220,0.015160,2054.507510,140.701840,0.992840,140.701840,0.992840,25068.451000
31.660450,6926.900000,155.916260,20240605103307.000000,8.000000,1757714.580000,639625.934000,-0.539930,154.298770,0.335130,0.622950,0.330700,0.615350,-5635437.488320,0.035550,-5511864.455340,0.035850,2062.545310,-0.420140,0.120740,-0.420140,0.120740,25379.433000
23.216820,6926.900000,23.133220,20240605103554.000000,8.000000,2149671.300000,126090.423000,-0.520000,21.769180,0.573470,0.991770,0.573470,0.991770,-150110900.977880,0.059700,-150110900.977880,0.059700,2055.930820,-11.211670,0.997420,-11.211670,0.997420,25252.321000
23.552730,6926.900000,23.548670,20240605112121.000000,8.000000,584455.954000,563052.378000,0.414000,84.310320,0.014490,0.346660,0.014150,0.263600,4749736.572600,0.072030,4749736.572600,0.072030,2054.191380,0.520330,0.838210,0.549560,0.829020,25775.258000
23.660910,6926.900000,23.592670,20240605112420.000000,8.000000,713.107000,360859.774000,0.436000,33.861920,0.068990,0.337430,0.068400,0.336290,-195.283260,0.002460,-195.283260,0.002460,2060.563240,7.653400,0.970810,14.079790,0.998400,25702.847000
26.626820,6926.900000,23.743960,20240605112720.000000,8.000000,-2212.677000,37855.200000,0.390770,125.778800,-0.353590,0.849190,-1.386120,0.898290,32411.014940,0.013780,30518.713340,0.013790,2072.763750,3.449460,0.989600,4.486850,0.994530,25042.000000
-69.835000,6926.900000,-61.247890,20240605113007.000000,8.000000,2594246.811000,557241.240000,-0.541510,20.835220,13.496500,0.992790,13.496500,0.992790,-70389568.225210,0.023930,-70389568.225210,0.023930,2064.130840,-263.152620,0.991440,-263.152620,0.991440,25537.251000
32.033180,6926.900000,157.803960,20240605113306.000000,8.000000,-121634.317000,910151.457000,-0.539240,154.643990,-0.039490,0.081540,-0.039490,0.081540,430995.974520,0.022690,436480.659840,0.022680,2056.653030,0.259950,0.013880,5.343670,0.177160,25817.139000
23.724550,6926.900000,23.642220,20240605113554.000000,8.000000,1270071.540000,693507.170000,-0.517000,21.881390,0.112780,0.987920,0.112780,0.987920,-219036.051570,0.000640,-219036.051570,0.000640,2055.374370,-2.143800,0.993970,-2.649130,0.997050,25676.180000
23.720910,6926.900000,23.740780,20240605122121.000000,8.000000,2147480.000000,1042851.998000,0.414000,84.291120,0.027240,0.186900,0.043960,0.112160,-938046.069110,0.034010,-933198.066470,0.036770,2056.981460,-0.119590,0.022210,-0.074480,0.017270,26086.793000
23.929550,6926.900000,23.886220,20240605122420.000000,8.000000,-465038.072000,331995.542000,0.436000,33.907030,-0.486440,0.954920,-0.486440,0.954920,-116133.652050,0.006200,-196830.874710,0.007530,2061.935850,11.279750,0.972280,19.720170,0.997660,26055.660000
27.303640,6926.900000,24.047250,20240605122720.000000,8.000000,2147480.000000,1003728.046000,0.390890,124.660350,0.143960,0.799480,0.143960,0.799480,-991.094070,0.000000,-991.094070,0.000000,2057.438400,-3.171720,0.893060,-3.141390,0.889730,25386.536000
-69.355000,6926.900000,-61.152560,20240605123008.000000,8.000000,-573917.882000,395776.563000,-0.542000,20.935910,-13.495500,0.991790,-13.495500,0.991790,1173672.167690,0.003390,1173672.167690,0.003390,2058.747250,267.123680,0.990420,267.123680,0.990420,26078.576000
32.105450,6926.900000,158.327580,20240605123308.000000,8.000000,591480.501000,300321.125000,-0.540000,154.860850,-0.003310,0.007220,-0.003310,0.007220,7996318.742470,0.049780,7996318.742470,0.049780,2058.709660,-0.329870,0.394940,-0.322940,0.392860,26527.028000
24.594550,6926.900000,24.500780,20240605123556.000000,8.000000,1803766.573000,501949.825000,-0.515240,22.010660,0.460170,0.994300,0.460170,0.994300,1922524.042780,0.003260,1934032.930700,0.003340,2058.950020,-7.728800,0.996740,-7.728800,0.996740,26501.880000
24.220000,6926.900000,24.189890,20240605132121.000000,8.000000,708772.718000,344584.979000,0.413000,84.349740,-0.041310,0.760810,-0.041310,0.760810,-63125126.205930,0.007340,-63125126.205930,0.007340,2043.925840,0.240060,0.419440,0.241490,0.416870,26034.207000
24.040910,6926.900000,23.976330,20240605132420.000000,8.000000,307403.413000,70295.635000,0.436000,33.943780,-0.151090,0.973860,-0.151090,0.973860,-4121839.181040,0.016490,-3583199.811390,0.016050,2042.853030,4.678280,0.996000,5.649870,0.998670,25606.401000
27.504550,6926.900000,23.991980,20240605132718.000000,8.000000,-1056011.740000,135026.793000,0.390890,122.334640,-0.058840,0.066710,-0.058840,0.066710,5395660.142020,0.003270,3122559.099110,0.002760,2040.494710,5.781290,0.692320,6.079140,0.571770,25347.321000
-69.542270,6926.900000,-61.168220,20240605133005.000000,8.000000,-1258558.097000,41165.323000,-0.541240,21.072760,-19.866460,0.990670,-20.116000,0.990350,-714958.652070,0.000330,-714958.652070,0.000330,2042.709450,398.532720,0.988700,398.532720,0.988700,25447.440000
32.306820,6926.900000,158.420880,20240605133304.000000,8.000000,1890184.166000,-112809.184000,-0.539350,155.171790,-0.032730,0.063580,0.299810,0.053930,-24494657.000950,0.002070,-24494657.000950,0.002070,2043.500450,-0.197500,0.019640,-0.123910,0.014530,25757.016000
23.919090,6926.900000,23.866220,20240605133552.000000,8.000000,-48020.580000,331345.297000,-0.516760,22.139910,-0.505670,0.993420,-0.505670,0.993420,-53257.813980,0.001370,-60000.311100,0.001390,2041.862480,9.418890,0.997910,9.418890,0.997910,25544.170000
24.596820,6926.900000,24.588220,20240605142120.000000,8.000000,1589964.009000,528643.639000,0.412770,84.297090,0.086690,0.839290,0.087410,0.836760,-725653.584130,0.002720,-1422467.012490,0.003580,2059.333610,-0.730230,0.750490,-0.730230,0.750490,26352.244000
24.589550,6926.900000,24.587220,20240605142419.000000,8.000000,1439567.289000,647408.641000,0.436000,33.887930,0.113660,0.958960,0.113660,0.958960,-6182452.534990,0.007440,-6182452.534990,0.007440,2059.112060,-2.890480,0.988960,-4.168330,0.998720,26119.296000
28.140910,6926.900000,24.850660,20240605142719.000000,8.000000,779.307000,215942.195000,0.389890,64.087030,-0.309740,0.897580,-0.309740,0.897580,-1256.621250,0.014810,-1256.621250,0.014810,2059.561970,-0.586640,0.058620,-0.586640,0.058620,25893.854000
-69.149550,6926.900000,-61.121220,20240605143007.000000,8.000000,28792.731000,541861.794000,-0.542000,21.198860,-8.459370,0.991080,-8.459370,0.991080,-65170.449500,0.001960,-65170.449500,0.001960,2058.561810,167.568210,0.989650,167.568210,0.989650,26245.319000
31.820000,6926.900000,158.570770,20240605143308.000000,8.000000,1764586.531000,132815.503000,-0.539350,155.237480,0.060770,0.261020,2.152310,0.618740,422612.137510,0.002840,422612.137510,0.002840,2062.766000,0.135550,0.029180,-15.776070,0.002310,26531.561000
24.945910,6926.900000,24.897220,20240605143555.000000,8.000000,2379530.136000,416365.507000,-0.513760,22.275100,0.781970,0.989530,0.781970,0.989530,-966740.752290,0.000300,-11001995.134370,0.004900,2060.903200,-12.761890,0.996580,-12.761890,0.996580,26386.833000
24.073180,6926.900000,24.052890,20240605152120.000000,8.000000,-583556.904000,290166.848000,0.414770,84.327070,-1.608680,0.936390,-1.608680,0.936390,648874.039490,0.035270,648874.039490,0.035270,2084.383370,-0.396130,0.094570,-1.323560,0.005160,26186.546000
24.047730,6926.900000,23.999890,20240605152420.000000,8.000000,1953031.227000,16471.197000,0.436000,33.862920,0.218960,0.972270,0.218960,0.972270,30335336.508700,0.004690,30335336.508700,0.004690,2072.937360,-6.349550,0.992160,-8.684850,0.998200,26126.668000
28.109090,6926.900000,24.131210,20240605152720.000000,8.000000,468571.143000,468696.828000,0.390000,113.202000,-0.196330,0.938840,-0.196330,0.938840,1933153.449190,0.033200,1933153.449190,0.033200,2073.156380,0.114970,0.104650,0.114970,0.104650,25685.284000
-69.685450,6926.900000,-61.130780,20240605153008.000000,8.000000,-1267811.939000,496766.135000,-0.541240,21.260390,-18.939750,0.992280,-18.939750,0.992280,1448536.196370,0.011030,1264791.370080,0.012220,2069.617790,377.137460,0.990220,377.137460,0.990220,25925.853000
32.485910,6926.900000,158.670990,20240605153308.000000,8.000000,8514.532000,76507.886000,-0.540010,155.435000,-0.013200,0.007890,1.215930,0.313140,15272.703220,0.078900,15272.703220,0.078900,2079.822690,0.833350,0.517170,0.804710,0.459100,26431.333000
24.015910,6926.900000,23.939110,20240605153556.000000,8.000000,2147480.000000,818677.595000,-0.517000,22.384480,0.506940,0.986960,0.506940,0.986960,-5996947.533260,0.071570,-4781635.729510,0.069450,2084.281930,-10.047000,0.997990,-10.047000,0.997990,25983.941000
22.445910,6926.900000,22.398330,20240605162120.000000,8.000000,1508880.436000,991501.314000,0.391470,84.351130,1.238150,0.815580,1.238150,0.815580,2201664.396710,0.017730,2201664.396710,0.017730,2093.209420,-23.924340,0.808750,-23.924340,0.808750,25753.421000
22.455000,6926.900000,22.355330,20240605162418.000000,8.000000,1769514.083000,744191.151000,0.448000,34.086070,0.344250,0.986410,0.344250,0.986410,-852686.227030,0.000270,-647431.798590,0.000400,2110.130630,-4.594440,0.986050,-6.451500,0.994370,26083.868000
27.241820,6926.900000,22.595820,20240605162716.000000,8.000000,-1562569.058000,741953.687000,0.409220,126.445320,-0.960030,0.563340,-0.960030,0.563340,540403.604770,0.000210,540403.604770,0.000210,2093.369280,-0.912690,0.017810,-18.906210,0.298230,25239.295000
-70.195450,6926.900000,-61.332440,20240605163004.000000,8.000000,2202373.673000,1142520.859000,-0.541240,21.246820,14.446270,0.985460,14.446270,0.985460,2363908.629870,0.026910,2252453.791770,0.030410,2086.620690,-303.012160,0.986790,-388.320720,0.992060,26037.897000
32.129550,6926.900000,158.277250,20240605163304.000000,8.000000,2916343.091000,312571.770000,-0.539890,155.135220,-0.695980,0.465380,-0.760440,0.432700,-163007994.582660,0.005310,-196296520.906510,0.015660,2086.923770,0.465130,0.025940,0.465130,0.025940,26612.820000
22.470450,6926.900000,22.371670,20240605163552.000000,8.000000,8535.983000,-43899.296000,-0.540280,22.426890,-24.269800,0.985010,-24.269800,0.985010,29708.039650,0.033630,27049.375850,0.035180,2089.768190,603.629050,0.985110,603.629050,0.985110,26184.186000
22.280000,6926.900000,22.249780,20240605172120.000000,8.000000,2093884.241000,1118990.572000,0.400000,84.359410,2.988540,0.877530,2.988540,0.877530,540635899.063890,0.042230,540635899.063890,0.042230,2115.537860,-46.502470,0.862280,-46.502470,0.862280,25497.157000
22.298180,6926.900000,22.184330,20240605172419.000000,8.000000,-560862.592000,797206.182000,0.450240,33.929940,-0.316120,0.956650,-0.316120,0.956650,-1699238.750210,0.013010,-1699238.750210,0.013010,2099.215300,10.626640,0.962850,22.179240,0.995180,25915.771000
27.335000,6926.900000,22.569340,20240605172718.000000,8.000000,-1866.058000,1165650.703000,0.427110,126.363070,0.324430,0.106370,8.254830,0.625960,-91.045110,0.000740,-91.045110,0.000740,2094.632450,0.590650,0.066270,0.590650,0.066270,25191.991000
-70.145450,6926.900000,-61.461220,20240605173006.000000,8.000000,-612057.727000,1110237.938000,-0.541760,21.270340,-18.358780,0.987670,-18.358780,0.987670,345985.312430,0.017480,343876.445290,0.018220,2104.013270,399.212380,0.991040,499.702440,0.995370,25904.605000
30.775910,6926.900000,157.510440,20240605173305.000000,8.000000,2147480.000000,1115255.247000,-0.540000,154.827250,0.670830,0.650060,0.670830,0.650060,-520307.506980,0.006130,-83617.774950,0.003500,2113.410380,-1.235650,0.114980,-1.235650,0.114980,26526.438000
22.350000,6926.900000,22.216890,20240605173553.000000,8.000000,-95852.209000,917841.280000,-0.541000,22.447260,-28.366410,0.994400,-28.366410,0.994400,-169341.439320,0.017490,-169341.439320,0.017490,2106.835570,692.729650,0.994530,692.729650,0.994530,26029.640000
21.944090,6926.900000,21.933220,20240605182120.000000,8.000000,1900443.091000,760344.698000,0.399760,84.373780,0.259960,0.717230,0.259960,0.717230,-3501842.394220,0.032930,-3577397.452820,0.034140,2090.467670,0.714330,0.616490,0.714330,0.616490,25229.836000
21.956820,6926.900000,21.867670,20240605182419.000000,8.000000,2634765.380000,341458.722000,0.447240,33.892970,0.165380,0.722420,0.165380,0.722420,853755.946340,0.001100,853755.946340,0.001100,2088.042100,-10.391370,0.970970,-19.415020,0.993890,25563.427000
25.231820,6926.900000,22.070770,20240605182719.000000,8.000000,135861.989000,509335.405000,0.426260,126.488130,-0.033690,0.053610,8.431640,0.495630,-116857.623900,0.003590,-108594.616790,0.003590,2090.261400,2.941340,0.985010,4.427070,0.995810,24985.780000
-69.527270,6926.900000,-61.462780,20240605183006.000000,8.000000,11016.329000,-176067.591000,-0.541760,21.245260,-10.660390,0.982120,-10.660390,0.982120,17659.651720,0.066690,17765.590230,0.080750,2087.341910,234.971640,0.983910,319.715970,0.992100,25572.410000
29.749090,6926.900000,156.897690,20240605183306.000000,8.000000,2512.847000,224011.233000,-0.539350,154.536880,-0.291750,0.084180,3.030020,0.054020,1870.074400,0.005340,1870.074400,0.005340,2094.571410,0.988990,0.273440,0.988990,0.273440,26111.276000
22.059550,6926.900000,21.948670,20240605183554.000000,8.000000,1464669.894000,1370445.822000,-0.538510,22.403760,12.099200,0.993220,12.099200,0.993220,1794632.589840,0.099340,1828630.343650,0.110030,2104.050750,-295.393430,0.993610,-295.393430,0.993610,25696.380000
21.952270,6926.900000,21.926440,20240605192120.000000,8.000000,1311.400000,924716.464000,0.400770,84.327060,-0.226080,0.948690,-0.226080,0.948690,-63.445010,0.011320,-63.445010,0.011320,2092.955400,-0.028620,0.001620,12.472940,0.315200,25174.389000
21.929090,6926.900000,21.821440,20240605192419.000000,8.000000,2381860.308000,585786.771000,0.448000,33.821230,0.134400,0.788240,0.350810,0.848690,1769403.396480,0.000690,1769403.396480,0.000690,2088.635070,-8.897590,0.974910,-16.120980,0.994410,25512.487000
25.100000,6926.900000,22.011980,20240605192719.000000,8.000000,-629060.000000,691230.588000,0.424120,126.391330,-0.063530,0.336860,-0.063530,0.336860,281304.437100,0.136910,481474.041370,0.040170,2091.570570,5.991230,0.986840,6.943700,0.988910,24943.400000
-50.444550,6926.900000,-60.751000,20240605193006.000000,8.000000,976490.212000,476768.050000,-0.541770,21.273590,-0.234050,0.988750,-0.234050,0.988750,161085.243730,0.039360,161085.243730,0.039360,2098.777060,5.184180,0.991380,6.575810,0.996340,25566.683000
29.047270,6926.900000,156.364840,20240605193306.000000,8.000000,-0.000000,685999.490000,-0.539900,154.359480,-0.136170,0.177110,-0.136170,0.177110,-245.301770,0.008780,-245.301770,0.008780,2103.570710,0.495900,0.193440,6.618080,0.575790,26172.130000
21.988640,6926.900000,21.871330,20240605193554.000000,8.000000,407729.395000,690509.355000,-0.536760,22.361020,-15.413740,0.992660,-15.413740,0.992660,86888.038170,0.016470,446251.132310,0.049230,2106.475910,376.182220,0.993110,376.182220,0.993110,25603.478000
21.766360,6926.900000,21.728440,20240605202120.000000,8.000000,1734289.635000,883147.155000,0.401000,84.377370,-0.006790,0.025110,-0.006970,0.025440,1873613.576720,0.033750,1873613.576720,0.033750,2087.982970,-0.179930,0.071630,-0.179930,0.071630,25014.792000
21.746820,6926.900000,21.647000,20240605202419.000000,8.000000,682892.050000,1015919.844000,0.447240,33.900930,-0.049190,0.923210,-0.095190,0.946420,-42012.933230,0.001380,-42012.933230,0.001380,2087.856860,2.281570,0.977590,4.067440,0.997830,25328.348000
25.169090,6926.900000,21.865270,20240605202719.000000,8.000000,2269079.936000,1143114.396000,0.423120,126.285790,0.140520,0.856600,0.337510,0.877460,-47804.149410,0.000570,-47804.149410,0.000570,2095.513450,-5.332820,0.979710,-7.914530,0.987770,24800.901000
-50.495450,6926.900000,-60.677780,20240605203006.000000,8.000000,976127.273000,297553.223000,-0.542000,21.274040,-0.234680,0.988010,-0.234680,0.988010,-32883825.358930,0.250730,-44464540.734070,0.098360,2090.513140,5.323920,0.991980,6.735750,0.996830,25275.339000
28.793180,6926.900000,156.306370,20240605203307.000000,8.000000,153676.713000,407733.458000,-0.539350,154.432510,-0.219230,0.146890,3.742590,0.103040,-6019364.039030,0.091730,-4472728.863720,0.057010,2089.883510,-0.685430,0.081620,-0.685430,0.081620,25873.319000
21.731360,6926.900000,21.613890,20240605203557.000000,8.000000,-84868.864000,23359.859000,-0.537760,22.316560,-27.900550,0.992930,-27.900550,0.992930,81264.540260,0.000520,81264.540260,0.000520,2087.354830,686.014560,0.993350,686.014560,0.993350,25282.735000
21.750910,6926.900000,21.728560,20240605212120.000000,8.000000,1750492.727000,819343.955000,0.403000,84.332960,0.470220,0.978310,0.470220,0.978310,22213.376790,0.007420,106866.772300,0.021750,2098.379230,0.378290,0.342650,0.378140,0.342320,25007.254000
21.781820,6926.900000,21.659670,20240605212420.000000,8.000000,390450.909000,1026763.128000,0.447000,33.867160,-0.010500,0.054840,-0.226460,0.292080,386.943590,0.000000,386.943590,0.000000,2086.667770,3.972860,0.981400,6.580570,0.995970,25327.615000
25.314550,6926.900000,21.920880,20240605212719.000000,8.000000,2729231.818000,392626.986000,0.422230,125.986010,0.344150,0.864400,0.344150,0.864400,139614.530220,0.005700,139614.530220,0.005700,2110.436280,-7.031930,0.991760,-7.370890,0.992010,24825.624000
-69.674550,6926.900000,-60.955890,20240605213007.000000,8.000000,-1628166.364000,233149.367000,-0.541760,21.196560,-29.673080,0.990940,-29.673080,0.990940,39867.770280,0.003420,536300.473170,0.026930,2115.368730,655.318470,0.992900,800.001220,0.996620,25395.934000
28.301820,6926.900000,155.941650,20240605213307.000000,8.000000,3318832.727000,481631.589000,-0.539240,154.322250,0.862300,0.900150,0.862300,0.900150,1335387.170200,0.025880,1335387.170200,0.025880,2105.511360,-0.050350,0.000340,-0.050350,0.000340,25908.365000
21.766820,6926.900000,21.633560,20240605213555.000000,8.000000,2537930.909000,361549.897000,-0.538000,22.277230,40.023370,0.993310,40.023370,0.993310,-609849.861310,0.022000,-582613.786160,0.022010,2102.877390,-981.039680,0.993720,-981.039680,0.993720,25303.730000
21.741360,6926.900000,21.717110,20240605222120.000000,8.000000,1853718.461000,144523.340000,0.402230,84.339010,0.057080,0.460940,0.055590,0.458370,2281.071140,0.000000,2281.071140,0.000000,2073.255840,-2.683950,0.824100,-2.683950,0.824100,24899.133000
21.719550,6926.900000,21.599670,20240605222419.000000,8.000000,1171352.727000,361456.999000,0.446760,33.854390,0.017560,0.649630,0.017560,0.649630,867729.996080,0.003830,339514.636020,0.003380,2075.118060,-1.298510,0.955870,-2.982820,0.995950,25204.123000
25.318640,6926.900000,21.809120,20240605222719.000000,8.000000,1995128.636000,710144.952000,0.422880,126.009040,0.180250,0.769600,0.876990,0.841990,-76926.051750,0.005170,-88930.589510,0.005320,2081.664080,-5.097440,0.903350,-13.100310,0.937640,24682.028000
-69.966360,6926.900000,-61.517110,20240605223007.000000,8.000000,-315894.101000,747327.249000,-0.541760,21.140130,-14.279320,0.991090,-14.279320,0.991090,-36280.955470,0.009470,-36280.955470,0.009470,2082.607910,332.383890,0.993730,391.117290,0.996380,25209.929000
31.155450,6926.900000,157.214180,20240605223307.000000,8.000000,857389.350000,74215.799000,-0.539880,154.353740,0.174890,0.699990,0.174890,0.699990,92316.989210,0.005950,92316.989210,0.005950,2087.447080,-0.641080,0.262850,-0.641080,0.262850,25810.014000
21.630450,6926.900000,21.539560,20240605223554.000000,8.000000,976127.273000,694533.644000,-0.538770,22.246130,-0.618450,0.994020,-0.618450,0.994020,-7861129.190770,0.038660,-7834006.075960,0.038740,2081.913870,15.157450,0.994320,15.157450,0.994320,25160.367000
21.607730,6926.900000,21.591220,20240605232120.000000,8.000000,1493101.909000,557714.316000,0.402240,84.355770,-0.165640,0.950320,-0.165640,0.950320,-3124359.522440,0.171900,-3867742.144020,0.064780,2163.777800,-0.482700,0.741880,-0.503260,0.733840,24839.903000
21.629550,6926.900000,21.509220,20240605232422.000000,8.000000,-1090402.701000,226807.309000,0.446760,33.838440,-0.717400,0.959330,-0.717400,0.959330,1844794.665610,0.010500,12792529.088030,0.039830,2180.062510,17.452050,0.970090,33.701900,0.995340,25117.058000
26.173180,6926.900000,21.812530,20240605232722.000000,8.000000,1752807.909000,564478.459000,0.420760,125.900020,0.185640,0.929420,0.185640,0.929420,783761.814590,0.003330,783761.814590,0.003330,2167.973590,-2.779590,0.973310,-4.016490,0.982100,24643.803000
-69.280000,6926.900000,-61.518670,20240605233010.000000,8.000000,-236145.318000,54726.222000,-0.541760,21.113320,-14.224890,0.989770,-14.224890,0.989770,139624.976030,0.000680,167023.753420,0.033020,2148.541750,319.675230,0.989970,417.922770,0.995980,25188.503000
29.225910,6926.900000,156.616370,20240605233309.000000,8.000000,-1560365.959000,-30839.244000,-0.539230,154.268220,2.024460,0.486930,2.476110,0.447790,126822.826780,0.007330,117387.013970,0.005550,2145.495610,1.019220,0.050150,1.019220,0.050150,25727.272000
21.567270,6926.900000,21.463780,20240605233556.000000,8.000000,-1278236.182000,179063.218000,-0.540000,22.212560,-56.176670,0.969340,-56.176670,0.969340,-153158.860490,0.004690,-153158.860490,0.004690,2164.415980,1325.480740,0.969820,1325.480740,0.969820,25086.843000
21.567730,6926.900000,21.549560,20240606000403.000000,8.000000,2147480.000000,228989.642000,0.403230,84.357040,-1.263760,0.826780,-1.263760,0.826780,183691.183030,0.011880,183691.183030,0.011880,2120.439010,-1.651340,0.734220,-1.817060,0.729430,24686.256000
21.553640,6926.900000,21.445440,20240606000702.000000,8.000000,-153962.698000,497360.820000,0.445000,33.815710,-0.768150,0.991540,-0.768150,0.991540,-11487.110290,0.010610,-117643.246790,0.058490,2155.524330,10.528050,0.950580,24.049020,0.990130,25072.211000
24.643640,6926.900000,21.674730,20240606001002.000000,8.000000,-488420.190000,922.529000,0.420000,125.820400,-0.643650,0.296420,-0.643650,0.296420,-1845820.786330,0.063890,-1845820.786330,0.063890,2113.626120,4.014020,0.634620,3.941460,0.617090,24602.278000
-68.958180,6926.900000,-61.319560,20240606001250.000000,8.000000,477678.159000,563275.672000,-0.540490,21.068670,-5.639700,0.992160,-5.639700,0.992160,-202918.045280,0.003180,-202918.045280,0.003180,2093.304720,132.821430,0.994060,152.318140,0.996080,25151.291000
28.669550,6926.900000,156.168240,20240606001550.000000,8.000000,-1069170.305000,835209.371000,-0.539770,154.333730,-0.263030,0.057380,-0.283470,0.055160,48457533.873950,0.026530,48457533.873950,0.026530,2115.160180,9.190050,0.357460,23.484630,0.502380,25780.199000
21.529090,6926.900000,21.431670,20240606001838.000000,8.000000,-750508.098000,279712.124000,-0.539240,22.203230,-45.189640,0.989220,-45.189640,0.989220,2388037.163620,0.051240,2358729.716590,0.051200,2107.553280,1099.688740,0.989460,1099.688740,0.989460,25073.886000
21.615450,6926.900000,21.597780,20240606002139.000000,8.000000,879198.083000,998254.712000,0.403240,84.364110,-0.043630,0.687980,-0.043630,0.687980,609540.476260,0.012420,822990.625950,0.013510,2122.754270,0.050240,0.114070,0.050240,0.114070,24831.306000
21.602730,6926.900000,21.507330,20240606002439.000000,8.000000,670407.684000,257602.085000,0.445000,33.823160,-0.004400,0.115560,-0.004620,0.112810,-757375.983710,0.044650,-1063679.262800,0.095850,2110.680720,3.012610,0.967050,5.710240,0.992630,25198.749000
25.622730,6926.900000,21.780330,20240606002739.000000,8.000000,86253.608000,464873.933000,0.419880,125.859270,0.032750,0.044900,7.762110,0.736060,-1912693.506640,0.011560,-21841.183040,0.001390,2103.738970,4.357830,0.866850,16.206880,0.959420,24676.728000
-69.937730,6926.900000,-61.509110,20240606003027.000000,8.000000,201265.690000,148944.818000,-0.541760,21.092680,-8.546500,0.992070,-8.546500,0.992070,-139373.649330,0.004000,-120910.885110,0.004220,2106.460530,196.905200,0.994400,227.162970,0.996610,25236.661000
31.649550,6926.900000,157.286370,20240606003327.000000,8.000000,-591636.197000,221921.377000,-0.540010,154.059930,2.074310,0.873530,2.074310,0.873530,-210248.335860,0.000400,-210248.335860,0.000400,2111.895360,-2.211790,0.310550,-2.211790,0.310550,25742.261000
21.579090,6926.900000,21.476440,20240606003614.000000,8.000000,393313.785000,720858.419000,-0.539240,22.184690,-14.922490,0.990260,-14.922490,0.990260,-32224637.480790,0.007320,-32224637.480790,0.007320,2119.228970,369.902020,0.990460,369.902020,0.990460,25177.251000
21.780000,6926.900000,21.757440,20240606012138.000000,8.000000,-567380.441000,174198.482000,0.404000,84.326990,-0.187050,0.631210,-0.355480,0.679610,77962.053330,0.000090,77962.053330,0.000090,2086.733850,-4.298050,0.673250,-4.223670,0.663880,24937.483000
21.775000,6926.900000,21.642890,20240606012437.000000,8.000000,223549.855000,55859.411000,0.445000,33.809580,-0.518460,0.992430,-0.518460,0.992430,598950.489340,0.008210,598950.489340,0.008210,2109.919720,6.661050,0.957150,14.530050,0.993590,25260.340000
26.026820,6926.900000,21.929010,20240606012737.000000,8.000000,-2178741.830000,256673.326000,0.419880,125.828770,-0.634430,0.779520,-0.634430,0.779520,-1108456.124580,0.004630,-1108456.124580,0.004630,2098.120770,14.865210,0.929810,35.561270,0.982510,24750.218000
-69.966360,6926.900000,-61.391440,20240606013024.000000,8.000000,683287.761000,433620.695000,-0.541510,21.084830,-3.407210,0.991390,-3.469540,0.991980,-1038527.081090,0.022950,-1038527.081090,0.022950,2089.073550,78.312240,0.992740,89.678860,0.994790,25403.415000
30.173180,6926.900000,156.625160,20240606013325.000000,8.000000,2172621.799000,881888.546000,-0.539240,154.109000,0.023220,0.016490,0.023220,0.016490,3949689.918860,0.000210,3949689.918860,0.000210,2083.423380,-0.912880,0.102320,-0.912880,0.102320,26059.993000
21.754090,6926.900000,21.635220,20240606013612.000000,8.000000,2147480.000000,1126690.056000,-0.540000,22.171020,13.022550,0.936700,13.022550,0.936700,-111168.656130,0.000010,-111168.656130,0.000010,2081.675020,-318.184880,0.936380,-318.184880,0.936380,25361.444000
21.821820,6926.900000,21.808670,20240606022138.000000,8.000000,2147480.000000,1070189.557000,0.403230,84.337790,1.756200,0.917080,1.756200,0.917080,-1815675.021330,0.116640,-1819377.868510,0.116860,2101.038770,1.430260,0.516800,1.601050,0.531080,25065.122000
21.834550,6926.900000,21.713670,20240606022437.000000,8.000000,293983.177000,523836.981000,0.443000,33.811260,-0.025330,0.112770,-0.025330,0.112770,119768.255560,0.000890,119768.255560,0.000890,2108.454070,5.893350,0.966080,11.702840,0.993700,25413.760000
26.343640,6926.900000,21.983630,20240606022737.000000,8.000000,-2012797.091000,-133721.941000,0.419770,125.532260,-0.259340,0.575160,-0.543850,0.346400,1533750.906880,0.026070,1927031.801530,0.049200,2085.142460,12.963580,0.993420,16.089000,0.997310,24829.969000
-69.690000,6926.900000,-61.447220,20240606023024.000000,8.000000,-208289.703000,360698.501000,-0.541760,21.096220,-12.400090,0.992610,-12.400090,0.992610,-106412.856190,0.011010,-114721.232700,0.011890,2080.698520,305.560320,0.993790,338.453730,0.994920,25462.606000
29.315000,6926.900000,156.424070,20240606023324.000000,8.000000,563850.174000,243401.790000,-0.539350,154.316870,-0.142660,0.513290,-0.142660,0.513290,150747.331920,0.002860,115632.233200,0.003070,2086.524600,2.000320,0.541080,1.998550,0.522150,26028.353000
21.771820,6926.900000,21.662110,20240606023611.000000,8.000000,-583338.055000,534195.195000,-0.540760,22.176240,-18.714420,0.942370,-18.714420,0.942370,699652.294800,0.095180,719910.581190,0.095400,2091.960730,453.513010,0.939130,461.239310,0.934480,25445.648000
21.733180,6926.900000,21.715560,20240606032138.000000,8.000000,2751661.123000,199560.435000,0.402700,84.355720,1.157580,0.980450,1.157580,0.980450,-38818798.342910,0.029660,-38452263.088710,0.029750,2075.082300,-2.259640,0.834410,-7.449960,0.923220,25090.109000
21.721820,6926.900000,21.617560,20240606032436.000000,8.000000,-292064.082000,81929.478000,0.442490,33.796570,-0.185170,0.905350,-0.313390,0.916720,-112677.122180,0.000900,-112677.122180,0.000900,2064.319860,10.102590,0.968390,19.365480,0.994270,25403.657000
24.709550,6926.900000,21.790550,20240606032735.000000,8.000000,693778.905000,-254310.767000,0.418220,125.341530,-0.030370,0.853630,-0.030370,0.853630,4089453.142870,0.059530,4089453.142870,0.059530,2063.294300,1.338040,0.987120,1.891490,0.996450,24827.561000
-69.446360,6926.900000,-61.349000,20240606033023.000000,8.000000,-1367045.798000,675613.565000,-0.541240,21.072210,-26.081730,0.991200,-26.081730,0.991200,-560349.206980,0.001350,-560349.206980,0.001350,2069.243030,613.290940,0.992280,664.197870,0.992930,25362.852000
28.571360,6926.900000,156.044620,20240606033323.000000,8.000000,1854982.780000,711289.191000,-0.539770,154.237270,0.040540,0.126690,0.040540,0.126690,5121566.111210,0.013860,5121566.111210,0.013860,2064.942210,-0.968080,0.287000,-1.172210,0.291890,25816.771000
21.632270,6926.900000,21.542000,20240606033611.000000,8.000000,-1297540.364000,731663.869000,-0.539000,22.181030,-28.105710,0.927310,-28.105710,0.927310,2367947.761910,0.005700,1708939.069970,0.004760,2061.439940,700.609080,0.924910,700.609080,0.924910,25317.601000
21.634550,6926.900000,21.617440,20240606042138.000000,8.000000,-198158.883000,-153567.880000,0.405000,84.362990,0.044590,0.368090,0.045300,0.300840,127460.934270,0.020060,127460.934270,0.020060,2064.415900,-0.084130,0.012640,5.528240,0.050990,25067.457000
21.651360,6926.900000,21.571110,20240606042438.000000,8.000000,2670630.275000,427952.622000,0.443000,33.768930,0.300770,0.933200,0.308050,0.934250,4545181.445560,0.000710,4545181.445560,0.000710,2068.203740,-12.698430,0.973300,-22.131470,0.993180,25387.074000
24.891820,6926.900000,21.784290,20240606042737.000000,8.000000,-479455.112000,484934.893000,0.418230,125.270350,-0.189050,0.887230,-0.191270,0.885900,-360116.037120,0.006690,-360116.037120,0.006690,2067.344320,6.356580,0.996330,7.167490,0.997160,24828.438000
-70.195450,6926.900000,-61.330000,20240606043025.000000,8.000000,1666681.876000,-64277.379000,-0.541000,21.142860,7.229400,0.992470,7.229400,0.992470,1277123.631430,0.026290,1965059.940510,0.030450,2068.358400,-172.609300,0.994030,-192.120470,0.995260,25346.380000
32.531360,6926.900000,155.874290,20240606043325.000000,8.000000,560.063000,200103.933000,-0.539800,154.289920,-0.056610,0.352730,-0.056610,0.352730,-225.960690,0.000220,-225.960690,0.000220,2068.546720,0.240420,0.095240,2.116970,0.233700,25585.060000
21.580000,6926.900000,21.488890,20240606043614.000000,8.000000,337391.786000,715187.681000,-0.540240,22.181140,-5.344400,0.961420,-5.344400,0.961420,-1039218.925780,0.022020,-1039218.925780,0.022020,2065.022820,131.192420,0.960060,131.192420,0.960060,25257.931000
21.652270,6926.900000,21.624330,20240606052138.000000,8.000000,-321011.328000,404965.390000,0.406530,84.367810,-0.257730,0.872070,-0.257730,0.872070,379917.265610,0.001590,379917.265610,0.001590,2076.126550,1.642210,0.754730,1.769530,0.717030,25049.457000
21.607730,6926.900000,21.532560,20240606052438.000000,8.000000,37402.974000,197267.971000,0.443000,33.797640,-0.443700,0.979830,-0.443700,0.979830,-26665.665820,0.001580,-26665.665820,0.001580,2089.564930,7.421770,0.973890,13.431990,0.995920,25309.285000
25.063640,6926.900000,21.748130,20240606052737.000000,8.000000,1762474.268000,376878.331000,0.418000,125.314070,-0.087030,0.147110,-4.794530,0.796350,-18557398.741460,0.017980,-13124139.624100,0.029190,2078.985550,-3.602340,0.981920,-5.444760,0.995010,24773.983000
-70.120450,6926.900000,-61.603110,20240606053025.000000,8.000000,2151829.105000,-45749.461000,-0.541760,21.079660,12.357420,0.993490,12.357420,0.993490,163760.996810,0.000910,1872590.285820,0.014130,2076.618330,-297.650950,0.994780,-327.886730,0.995760,25265.651000
31.447270,6926.900000,156.430110,20240606053324.000000,8.000000,-680790.740000,49844.170000,-0.540020,154.321790,-0.185390,0.587740,-0.485380,0.683450,-431866.498400,0.001490,-431866.498400,0.001490,2078.292350,3.030250,0.788250,3.217150,0.788610,25470.722000
21.500000,6926.900000,21.421560,20240606053611.000000,8.000000,107189.715000,137970.381000,-0.539000,22.168020,-5.770270,0.966610,-5.770270,0.966610,2321808.502980,0.003210,2321808.502980,0.003210,2076.358550,140.138450,0.965750,140.138450,0.965750,25173.800000
21.743180,6926.900000,21.716000,20240606062138.000000,8.000000,-1610474.982000,419590.888000,0.406770,84.368960,0.421650,0.636570,0.414730,0.617910,11476481.386250,0.060900,11476481.386250,0.060900,2081.755940,4.142230,0.697570,4.497790,0.687330,25153.690000
21.697270,6926.900000,21.623110,20240606062437.000000,8.000000,147054.063000,149796.837000,0.442240,33.755960,-0.144470,0.941540,-0.144470,0.941540,-204561.121980,0.001610,-858751.546550,0.006920,2083.597120,6.391500,0.971230,11.429380,0.990390,25410.946000
25.395000,6926.900000,21.889230,20240606062737.000000,8.000000,-737215.332000,134785.008000,0.418000,125.208250,-0.052310,0.073750,-0.016450,0.035250,-29589.745180,0.001170,-279867.676080,0.008800,2093.366210,7.277760,0.996370,7.277760,0.996370,24849.272000
-70.109550,6926.900000,-61.552330,20240606063024.000000,8.000000,2440419.266000,273117.467000,-0.541000,21.082360,15.715230,0.993770,15.715230,0.993770,-8948614.331760,0.018440,-9755990.467740,0.055100,2090.122360,-375.606170,0.995400,-410.635810,0.996210,25384.977000
30.532730,6926.900000,157.127140,20240606063323.000000,8.000000,2069372.405000,428068.029000,-0.539350,154.449470,-1.077870,0.342470,-7.382750,0.720900,-294658.257640,0.007830,-349050.527980,0.007910,2084.335180,-0.019480,0.000110,-22.003570,0.350590,25507.592000
21.627270,6926.900000,21.554560,20240606063610.000000,8.000000,-2418769.814000,772406.368000,-0.538000,22.165400,-12.793700,0.944500,-12.793700,0.944500,-1471567.739640,0.016940,-1471567.739640,0.016940,2088.376360,297.207640,0.940430,297.207640,0.940430,25315.626000
21.767270,6926.900000,21.753440,20240606072138.000000,8.000000,1401344.172000,252165.549000,0.406770,84.344990,-0.158040,0.891120,-0.219490,0.908430,491854.664730,0.007470,491854.664730,0.007470,2102.546250,-0.503530,0.559120,-0.503530,0.559120,25143.658000
21.812730,6926.900000,21.729560,20240606072436.000000,8.000000,1553036.680000,591465.517000,0.442000,33.716090,0.098920,0.816520,0.101520,0.816880,-25693636.503590,0.001950,132181.069270,0.031470,2111.771920,-4.802570,0.969830,-9.156970,0.994180,25459.228000
25.772270,6926.900000,22.010550,20240606072736.000000,8.000000,2732264.045000,264028.667000,0.418000,124.904150,-0.070940,0.003160,-55.453990,0.737660,1040678.848270,0.018380,1040678.848270,0.018380,2103.319030,-7.129210,0.989160,-8.807320,0.993840,24940.444000
-69.993180,6926.900000,-61.414110,20240606073023.000000,8.000000,-665604.364000,186296.603000,-0.542000,21.090240,-20.529380,0.992870,-20.529380,0.992870,-434503.737670,0.028560,-434503.737670,0.028560,2139.522640,430.104940,0.994240,477.813170,0.995430,25607.086000
29.988180,6926.900000,156.650880,20240606073323.000000,8.000000,-1658978.584000,706319.447000,-0.538580,154.212230,1.444290,0.575230,4.748250,0.751490,-102821.276760,0.032550,-106653.417700,0.033570,2087.966420,1.664870,0.102860,1.580410,0.096880,25798.340000
21.993640,6926.900000,21.924890,20240606073611.000000,8.000000,-440936.000000,345143.659000,-0.537760,22.177180,-4.161120,0.946120,-4.221980,0.942880,-75741.815790,0.060130,-75362.467100,0.067870,2094.407550,98.095410,0.941840,98.095410,0.941840,25827.758000
22.804550,6926.900000,22.791220,20240606082138.000000,8.000000,-8504.727000,41478.032000,0.406000,84.364190,0.519210,0.731830,0.530710,0.725390,8958.004470,0.031870,8958.004470,0.031870,2091.674650,2.304960,0.655740,2.304960,0.655740,26258.568000
22.901360,6926.900000,22.808780,20240606082438.000000,8.000000,-808266.227000,-73541.252000,0.441760,33.814330,-0.510880,0.981300,-0.510880,0.981300,716026.533640,0.038700,722333.354110,0.038750,2095.345290,11.788040,0.982970,17.778580,0.992700,26635.373000
26.895000,6926.900000,23.101870,20240606082737.000000,8.000000,3318832.727000,653378.632000,0.418000,123.053320,0.324490,0.931710,0.324490,0.931710,948872.671220,0.002580,948872.671220,0.002580,2091.819050,-10.604160,0.991680,-11.008540,0.991910,25826.979000
-69.462730,6926.900000,-61.340890,20240606083024.000000,8.000000,-5483.694000,581792.108000,-0.541510,21.197580,-10.710230,0.993530,-10.710230,0.993530,-13488.594700,0.000540,-10131.282700,0.000710,2090.146530,262.699550,0.995760,292.970360,0.996990,26795.300000
29.698180,6926.900000,156.897140,20240606083323.000000,8.000000,1835034.318000,492462.314000,-0.539230,154.597400,0.293810,0.677980,0.293810,0.677980,-535862.073890,0.006260,-535862.073890,0.006260,2094.885820,0.779920,0.151520,0.779920,0.151520,26372.003000
22.956820,6926.900000,22.860440,20240606083611.000000,8.000000,-1007334.675000,355929.099000,-0.530760,22.260290,-4.668740,0.945820,-4.668740,0.945820,109392.699480,0.031850,109392.699480,0.031850,2087.594890,109.087050,0.943190,109.087050,0.943190,26904.555000
22.651820,6926.900000,22.641440,20240606092138.000000,8.000000,3140.388000,242483.643000,0.406230,84.373700,-0.631490,0.857370,-1.224670,0.919050,637.230740,0.013490,637.230740,0.013490,2076.646540,1.853290,0.822930,2.323880,0.803810,26239.905000
22.700000,6926.900000,22.631000,20240606092436.000000,8.000000,414146.455000,314123.847000,0.440470,33.900510,-0.070870,0.883670,-0.121650,0.903990,4492820.707550,0.009230,4492820.707550,0.009230,2067.903830,4.757140,0.964730,9.311510,0.994860,26564.606000
27.065450,6926.900000,22.899780,20240606092735.000000,8.000000,-580076.910000,469275.042000,0.417890,120.764750,-0.255160,0.916090,-0.255160,0.916090,-213518.672740,0.005350,-257814.229110,0.005580,2065.573600,6.946490,0.990160,7.810110,0.991670,25750.468000
-69.079550,6926.900000,-61.409670,20240606093023.000000,8.000000,459739.791000,516908.334000,-0.541240,21.255880,-5.732890,0.992550,-5.732890,0.992550,-72421.554900,0.022140,-55363.195750,0.020040,2064.290610,141.508870,0.994850,155.076450,0.995720,26515.183000
30.015450,6926.900000,156.938460,20240606093324.000000,8.000000,-2795451.364000,185615.793000,-0.539350,154.686070,-0.253380,0.093810,-2.279740,0.300630,4632.695420,0.000010,4632.695420,0.000010,2072.003110,-2.328870,0.182950,-11.280230,0.350770,26625.954000
22.784550,6926.900000,22.718440,20240606093612.000000,8.000000,477818.790000,347675.323000,-0.528240,22.356400,-1.040980,0.947670,-1.040980,0.947670,-369014.563270,0.051080,-369014.563270,0.051080,2065.992460,23.800020,0.943970,23.800020,0.943970,26776.980000
23.058180,6926.900000,23.056890,20240606102138.000000,8.000000,-145888.636000,82097.162000,0.407760,84.379720,-0.011690,0.003500,-0.986600,0.188540,-87899.059870,0.004760,-55282.382890,0.018460,2079.898630,1.874750,0.882970,1.966490,0.876160,26584.718000
23.126360,6926.900000,23.065560,20240606102438.000000,8.000000,-93254.815000,-46883.461000,0.441240,33.933590,-0.179030,0.492650,-0.179030,0.492650,24875.253340,0.000670,24875.253340,0.000670,2081.156370,7.217770,0.948330,16.470230,0.990870,26929.507000
25.968180,6926.900000,23.265380,20240606102737.000000,8.000000,-1268277.002000,708224.337000,0.417000,105.206240,0.209470,0.578910,0.221610,0.554590,383779.314990,0.013180,383779.314990,0.013180,2076.631480,10.577820,0.982780,10.828260,0.982860,26087.153000
-50.515450,6926.900000,-60.682670,20240606103025.000000,8.000000,2609230.009000,807940.773000,-0.541230,21.396090,14.915610,0.994110,14.915610,0.994110,-521274.174590,0.011970,-521274.174590,0.011970,2056.093210,-372.420660,0.995570,-404.136530,0.996240,27026.300000
29.313180,6926.900000,156.808460,20240606103326.000000,8.000000,604831.055000,303790.851000,-0.539350,154.898370,-0.845930,0.776310,-0.845930,0.776310,-213979.582340,0.001140,-146947.529510,0.009780,2072.286400,-0.489770,0.373180,-4.256100,0.603510,26971.486000
23.323640,6926.900000,23.265110,20240606103613.000000,8.000000,-1799269.232000,94379.885000,-0.525000,22.445490,-4.197580,0.927200,-4.197580,0.927200,-377266.924340,0.035760,-377266.924340,0.035760,2063.355410,117.572390,0.949140,117.572390,0.949140,27283.021000
23.359550,6926.900000,23.355440,20240606112138.000000,8.000000,195627.450000,143761.579000,0.406230,84.389370,-0.092980,0.688840,-0.092980,0.688840,5289734.823510,0.012610,2439691.662100,0.011860,2057.203540,2.314500,0.879550,2.725890,0.875690,26883.009000
23.453180,6926.900000,23.384440,20240606112437.000000,8.000000,1030461.573000,199342.222000,0.441240,33.960140,0.001190,0.205740,0.001190,0.205740,1322857.811430,0.001460,1322857.811430,0.001460,2075.561790,-0.254780,0.954810,-0.570950,0.993550,27288.790000
26.703640,6926.900000,23.627360,20240606112737.000000,8.000000,1120401.089000,-169063.089000,0.416770,122.067260,0.016870,0.653210,0.253090,0.781230,-604230.328820,0.000610,-276050.970430,0.000260,2066.538260,-0.495150,0.975950,-0.495150,0.975950,26373.450000
-69.709550,6926.900000,-61.288670,20240606113024.000000,8.000000,241666.507000,17087.449000,-0.542000,21.422460,-7.666180,0.995520,-7.666180,0.995520,-2128268.356330,0.008130,-2128268.356330,0.008130,2068.665940,189.292180,0.996070,196.720900,0.996200,27500.713000
32.869550,6926.900000,158.462750,20240606113324.000000,8.000000,3738.004000,107869.989000,-0.539220,155.051530,0.252410,0.351560,0.148260,0.127890,1285.256920,0.040720,1285.256920,0.040720,2064.197930,1.988980,0.412020,1.988980,0.412020,27693.191000
23.897730,6926.900000,23.831560,20240606113612.000000,8.000000,-59243.896000,107825.303000,-0.521000,22.538910,-1.343820,0.959940,-1.343820,0.959940,209636.743220,0.180450,313872.810740,0.086530,2070.823310,31.976500,0.955730,31.976500,0.955730,27816.768000
24.214550,6926.900000,24.200670,20240606122138.000000,8.000000,384397.106000,538546.648000,0.407000,84.405010,0.460940,0.911780,0.460940,0.911780,-48015568.928500,0.007090,-48015568.928500,0.007090,2068.861350,1.217120,0.877910,1.217120,0.877910,27791.168000
24.294090,6926.900000,24.196560,20240606122436.000000,8.000000,-579471.629000,615741.470000,0.441000,34.041360,0.190120,0.652080,0.190120,0.652080,-39804.771870,0.000540,-39804.771870,0.000540,2054.316270,12.560160,0.958370,27.693470,0.995090,28191.483000
27.897730,6926.900000,24.560660,20240606122737.000000,8.000000,2732734.095000,13651.707000,0.416770,121.011290,0.939160,0.476700,26.770450,0.860470,279964.356600,0.019310,279964.356600,0.019310,2075.863110,-6.991600,0.975490,-6.991600,0.975490,27080.657000
-69.686360,6926.900000,-61.073110,20240606123025.000000,8.000000,2284427.223000,769844.387000,-0.542000,21.567230,12.355400,0.995540,12.355400,0.995540,-378324.297710,0.029560,-568728.491320,0.033890,2067.353470,-310.063360,0.995590,-314.937830,0.995610,28467.622000
32.484090,6926.900000,158.604290,20240606123325.000000,8.000000,-60143.056000,299084.725000,-0.540000,155.281600,-0.111660,0.004170,-0.111660,0.004170,-367110.518700,0.000230,-367110.518700,0.000230,2079.668650,-0.296390,0.122210,-0.343430,0.110340,28630.979000
24.885450,6926.900000,24.834780,20240606123612.000000,8.000000,2161197.685000,169555.104000,-0.516760,22.678580,1.233620,0.952380,1.233620,0.952380,129738109.341840,0.000050,64030987.208480,0.006490,2049.873640,-30.529290,0.952440,-30.529290,0.952440,28865.697000
24.578180,6926.900000,24.525330,20240606132138.000000,8.000000,-206188.137000,593659.757000,0.407000,84.443370,0.148890,0.303040,0.147320,0.299610,427345.689440,0.058530,385978.145750,0.058520,2052.939200,2.216320,0.929860,2.216320,0.929860,28186.125000
24.534550,6926.900000,24.414780,20240606132436.000000,8.000000,1320777.192000,340404.382000,0.440000,34.113970,-0.009450,0.063530,0.118540,0.073340,1490344.445590,0.037850,1490344.445590,0.037850,2052.649080,-2.095460,0.980040,-3.387980,0.995550,28561.244000
28.397730,6926.900000,24.577140,20240606132736.000000,8.000000,-2344297.218000,147863.194000,0.416000,97.547650,0.426830,0.201160,9.706750,0.763730,-34667862.085210,0.072260,-39665892.026020,0.074280,2055.589620,13.500240,0.995670,16.021620,0.997780,27297.316000
-69.372270,6926.900000,-61.068220,20240606133025.000000,8.000000,692694.625000,58030.275000,-0.541760,21.735580,-2.777030,0.993440,-2.777030,0.993440,-15439971.417100,0.014310,-15439971.417100,0.014310,2060.641730,68.532350,0.993890,68.852790,0.993900,28115.490000
32.635000,6926.900000,158.805930,20240606133325.000000,8.000000,818039.373000,375950.920000,-0.539120,155.483420,0.214720,0.531710,0.352240,0.565020,-35543101.616910,0.114710,-30181249.609790,0.044010,2056.603860,0.069200,0.223090,0.069200,0.223090,27746.008000
24.200450,6926.900000,24.087780,20240606133613.000000,8.000000,1367525.365000,623554.052000,-0.515000,22.845660,0.410120,0.952310,0.410120,0.952310,-2257811.138030,0.006670,-3430833.224780,0.007590,2052.035170,-8.940810,0.953840,-8.940810,0.953840,28241.363000
24.414550,6926.900000,24.414220,20240606142138.000000,8.000000,1312986.005000,641633.567000,0.406000,84.425320,-0.218660,0.726580,-0.218660,0.726580,-84845.960500,0.002860,-84820.900520,0.002880,2053.150010,-0.439960,0.628090,-0.439960,0.628090,27963.214000
24.648640,6926.900000,24.534670,20240606142437.000000,8.000000,-235172.451000,571544.185000,0.439470,34.143510,0.026580,0.027890,0.026580,0.027890,2275984.077440,0.073090,1727827.025030,0.067520,2061.703920,7.976500,0.983010,12.804960,0.995740,28437.305000
28.970910,6926.900000,24.895490,20240606142735.000000,8.000000,2732529.686000,601590.008000,0.415880,86.659150,0.099120,0.659660,0.098670,0.658080,764310.727550,0.000050,764310.727550,0.000050,2044.345200,-7.964440,0.996580,-8.943820,0.997960,27437.471000
-68.685450,6926.900000,-61.003440,20240606143023.000000,8.000000,-2037097.555000,33678.886000,-0.540490,21.760440,-24.336820,0.994440,-24.336820,0.994440,-6624.876790,0.000080,-519357.518130,0.003700,2046.408210,634.883240,0.995570,634.883240,0.995570,28660.418000
31.469090,6926.900000,158.250880,20240606143323.000000,8.000000,2439954.574000,27306.057000,-0.539890,155.537650,1.317680,0.914080,1.317680,0.914080,-8088769.703260,0.053980,-8088769.703260,0.053980,2065.351700,-0.838120,0.221540,-1.407210,0.196240,28593.553000
25.884090,6926.900000,25.725440,20240606143611.000000,8.000000,5059.775000,371564.559000,-0.508000,22.946410,-1.043610,0.963400,-1.043610,0.963400,-2933.235020,0.001120,-3533.947070,0.001170,2049.176440,23.118180,0.964570,23.118180,0.964570,29250.462000
24.981360,6926.900000,24.934220,20240606152139.000000,8.000000,5108.353000,-180298.996000,0.405770,84.461460,0.177590,0.730150,0.191840,0.722730,-184079.681280,0.020870,-184079.681280,0.020870,2038.286010,3.289080,0.772160,3.289080,0.772160,28113.466000
25.152730,6926.900000,25.010000,20240606152437.000000,8.000000,3099.414000,140100.646000,0.440000,34.194390,0.022790,0.032380,0.022790,0.032380,-27961.429380,0.011270,-17044.318110,0.032430,2050.006910,6.506090,0.985490,9.931680,0.995680,28791.884000
28.068640,6926.900000,25.386590,20240606152735.000000,8.000000,1981134.545000,703412.052000,0.415000,115.782790,0.138790,0.350260,0.168850,0.245440,-3313638.170640,0.002310,-3313638.170640,0.002310,2053.923370,-4.161990,0.992210,-5.090290,0.995580,27830.353000
-69.135000,6926.900000,-60.879000,20240606153022.000000,8.000000,195225.455000,622374.401000,-0.541240,21.921910,-6.354680,0.993660,-6.354680,0.993660,227205.325700,0.002920,227205.325700,0.002920,2038.846230,158.498100,0.994310,158.498100,0.994310,29058.787000
30.975000,6926.900000,158.372640,20240606153322.000000,8.000000,-8818.725000,140416.878000,-0.540120,155.912740,-0.021100,0.004590,-3.853200,0.206380,81526.679820,0.001710,81526.679820,0.001710,2046.044080,-0.059540,0.009350,-0.059540,0.009350,28320.857000
25.328180,6926.900000,25.219220,20240606153610.000000,8.000000,359212.945000,356997.328000,-0.507240,23.092590,-0.709710,0.968660,-0.709710,0.968660,-127066.302530,0.002430,-127066.302530,0.002430,2042.617220,15.701230,0.966670,15.701230,0.966670,29149.616000
25.041360,6926.900000,25.029890,20240606162139.000000,8.000000,571098.066000,-67641.507000,0.407270,84.468630,-0.022080,0.531170,-0.022400,0.531320,-753505.431730,0.016180,-4337187.741440,0.052100,2038.009800,0.871340,0.763960,0.871340,0.763960,28604.093000
25.130450,6926.900000,25.024330,20240606162439.000000,8.000000,8140.093000,254159.657000,0.439240,34.223940,-0.065230,0.141790,-0.065230,0.141790,1230.327230,0.003120,11235.928380,0.015590,2055.999320,9.586530,0.958020,21.230860,0.997320,29041.292000
28.441820,6926.900000,25.252310,20240606162739.000000,8.000000,-418440.313000,342651.402000,0.415000,109.116780,-0.031330,0.005210,13.930380,0.492640,3791360.661570,0.000480,904176.720470,0.000130,2055.136630,6.999780,0.962460,14.400340,0.989640,27885.397000
-69.042270,6926.900000,-60.883220,20240606163026.000000,8.000000,1258.985000,-76657.822000,-0.541760,21.953300,-8.101150,0.995640,-8.101150,0.995640,1728.378550,0.075140,1728.289030,0.080500,2050.432110,198.179940,0.996100,198.179940,0.996100,28911.674000
34.677270,6926.900000,160.001320,20240606163327.000000,8.000000,1756980.062000,289645.224000,-0.540120,155.739010,-0.825350,0.682470,-0.825350,0.682470,36113244.547180,0.013400,36113244.547180,0.013400,2042.760980,-0.558150,0.277260,-1.111880,0.368320,28659.803000
25.104090,6926.900000,24.999780,20240606163614.000000,8.000000,1235160.073000,344260.559000,-0.507000,23.099210,0.663850,0.977810,0.663850,0.977810,1818030.965910,0.038360,1818030.965910,0.038360,2037.368400,-16.188030,0.974320,-16.188030,0.974320,29081.151000
25.494090,6926.900000,25.485890,20240606172138.000000,8.000000,2147480.000000,487210.507000,0.405240,84.469810,1.289280,0.765570,1.274410,0.761220,2789555.738180,0.000290,6541114.570480,0.001380,2070.288320,-4.303630,0.740160,-4.303630,0.740160,28991.434000
25.566820,6926.900000,25.456780,20240606172437.000000,8.000000,1159618.763000,605898.235000,0.439240,34.274530,0.079770,0.965980,0.079770,0.965980,37200060.115420,0.009130,272559099.232020,0.036560,2065.060850,-1.312600,0.983080,-2.156380,0.996260,29440.074000
29.247270,6926.900000,25.780990,20240606172737.000000,8.000000,69668.536000,220058.093000,0.414000,118.918200,-0.194060,0.378540,-3.684570,0.884890,263460.049570,0.041440,263460.049570,0.041440,2053.675240,3.417020,0.900890,3.417020,0.900890,28265.325000
-68.970450,6926.900000,-60.809330,20240606173026.000000,8.000000,350.561000,141249.950000,-0.542000,22.064540,-8.439290,0.993330,-8.439290,0.993330,-2332.840720,0.007990,-2332.840720,0.007990,2066.636320,198.691930,0.993760,198.691930,0.993760,29531.585000
33.516820,6926.900000,159.816810,20240606173327.000000,8.000000,900.832000,426728.109000,-0.539350,156.257970,-0.169310,0.022540,1.738830,0.090700,-0.315160,0.000000,-0.315160,0.000000,2063.472280,1.732570,0.670660,5.260630,0.866260,29222.549000
25.814550,6926.900000,25.695560,20240606173615.000000,8.000000,-1951662.231000,-42547.195000,-0.506510,23.302790,-5.662290,0.956100,-5.662290,0.956100,6351698.747690,0.039630,6351698.747690,0.039630,2057.430060,134.211160,0.946910,134.211160,0.946910,29633.122000
25.342730,6926.900000,25.294110,20240606182138.000000,8.000000,-811538.166000,293075.216000,0.405000,84.463810,-0.437870,0.798530,-0.437870,0.798530,-98838.350840,0.000020,-98838.350840,0.000020,2060.831150,4.808110,0.681950,4.808110,0.681950,28781.832000
25.385000,6926.900000,25.253560,20240606182437.000000,8.000000,81544.402000,-106494.224000,0.440000,34.292560,-0.176520,0.881170,-0.176520,0.881170,555894.709080,0.003360,555894.709080,0.003360,2070.205660,7.043560,0.988610,10.452180,0.997000,29024.532000
29.325910,6926.900000,25.503080,20240606182736.000000,8.000000,-1070796.559000,76660.246000,0.414000,109.636600,-0.446570,0.575410,-12.907530,0.748660,-2831120.543150,0.014330,-2831120.543150,0.014330,2069.613740,8.922400,0.967510,8.922400,0.967510,28038.506000
-69.541360,6926.900000,-60.856560,20240606183023.000000,8.000000,-264523.321000,223959.636000,-0.542000,22.146410,-11.152840,0.994590,-11.152840,0.994590,-947068.539870,0.035450,-947068.539870,0.035450,2076.003680,260.611270,0.994060,260.611270,0.994060,28799.667000
33.797730,6926.900000,160.003740,20240606183323.000000,8.000000,-577379.145000,-175545.853000,-0.540890,156.329420,2.628900,0.799190,2.628900,0.799190,805606.878120,0.014650,636580.973480,0.012750,2070.775510,2.624500,0.491760,8.951330,0.594680,28375.726000
25.175000,6926.900000,25.044220,20240606183610.000000,8.000000,5752.903000,186730.183000,-0.509000,23.379580,-2.117590,0.953590,-2.117590,0.953590,22991.844110,0.021890,18811.256350,0.037520,2069.565530,45.727670,0.944510,45.727670,0.944510,29049.166000
24.381360,6926.900000,24.348110,20240606192138.000000,8.000000,1266050.120000,265414.237000,0.405000,84.449360,0.153390,0.960480,0.153390,0.960480,-4955724.502700,0.007480,-28505543.252830,0.023870,2083.642970,-0.231540,0.129120,1.005110,0.036940,27605.095000
24.440910,6926.900000,24.304330,20240606192437.000000,8.000000,-1367547.235000,-39139.787000,0.440000,34.257930,0.524960,0.908200,0.522040,0.904820,-7873292.619150,0.078540,-7873292.619150,0.078540,2075.621470,22.354370,0.975870,41.302000,0.997190,27846.170000
28.725910,6926.900000,24.530220,20240606192737.000000,8.000000,-289727.737000,184182.015000,0.413000,122.194030,0.199790,0.033670,60.126840,0.779290,-7468911.666190,0.035260,-9740.054440,0.000530,2079.788060,5.375020,0.976880,6.405050,0.981580,27276.562000
-69.319550,6926.900000,-61.119780,20240606193025.000000,8.000000,437.786000,73202.286000,-0.542000,22.127220,-8.849210,0.992950,-8.849210,0.992950,-1259.842860,0.115980,-1249.281410,0.116380,2069.264420,200.282060,0.993210,200.282060,0.993210,27671.810000
32.918180,6926.900000,159.327580,20240606193326.000000,8.000000,24094.645000,319289.788000,-0.540010,155.970670,1.071600,0.868940,1.410110,0.876350,2427434.758770,0.059580,2334241.533390,0.063250,2049.030920,0.575290,0.097030,0.591290,0.194990,27107.922000
24.156360,6926.900000,24.040440,20240606193614.000000,8.000000,21417.741000,-75415.731000,-0.513000,23.390930,-2.049120,0.967940,-2.049120,0.967940,-33210.448810,0.001700,-27654.563040,0.001610,2055.899170,48.734260,0.963810,48.734260,0.963810,27893.896000
23.461360,6926.900000,23.448220,20240606202138.000000,8.000000,88433.850000,93482.207000,0.405770,84.464960,-9.122400,0.936400,-9.122400,0.936400,37359.509360,0.000340,37629.387830,0.000920,2289.899410,-2.336720,0.898030,-2.336720,0.898030,27000.239000
23.461820,6926.900000,23.369330,20240606202437.000000,8.000000,-1454504.829000,184885.372000,0.440000,34.212330,-0.965550,0.978640,-0.965550,0.978640,41898575.080130,0.030320,1682042.622740,0.023070,2146.780580,25.100150,0.949650,59.171250,0.997250,27146.986000
28.367270,6926.900000,23.666590,20240606202738.000000,8.000000,-497267.132000,135193.028000,0.413650,122.746900,0.689230,0.924870,0.689230,0.924870,626450.949030,0.031240,626450.949030,0.031240,2059.651030,4.220160,0.900210,8.435650,0.959110,26716.581000
-69.673640,6926.900000,-61.299780,20240606203026.000000,8.000000,983.727000,319347.957000,-0.542000,22.045290,-7.602200,0.989740,-7.729470,0.989940,52.729110,0.044530,52.729110,0.044530,2059.279040,199.270600,0.993650,199.270600,0.993650,26910.352000
32.021820,6926.900000,158.694840,20240606203325.000000,8.000000,3827.243000,328056.191000,-0.539350,155.718290,-1.667820,0.952720,-1.667820,0.952720,15907.300130,0.009370,16229.539460,0.009400,2060.300460,-4.099450,0.623400,-4.046870,0.620210,27055.722000
23.333180,6926.900000,23.240220,20240606203612.000000,8.000000,837900.100000,151064.479000,-0.516760,23.331420,-0.287350,0.950610,-0.287350,0.950610,-4006211.534990,0.015830,-3819514.909820,0.071490,2040.623890,6.802200,0.949250,6.802200,0.949250,27244.668000
23.100000,6926.900000,23.080220,20240606212138.000000,8.000000,2629957.691000,-159502.432000,0.405760,84.453030,3.509310,0.967750,3.509310,0.967750,-6451724.341090,0.011630,-6451724.341090,0.011630,2130.176700,0.808680,0.239790,1.070910,0.291430,26761.197000
23.142730,6926.900000,23.051110,20240606212437.000000,8.000000,115902.465000,-83371.891000,0.440240,34.157870,-0.206760,0.871320,-0.206760,0.871320,8054.813970,0.000460,8054.813970,0.000460,2091.453470,8.268420,0.966200,16.708390,0.998340,26901.976000
26.360450,6926.900000,23.318130,20240606212736.000000,8.000000,1682483.197000,245937.472000,0.411320,125.126180,0.009240,0.033230,0.009240,0.033230,-22684.042250,0.000100,-1485383.987420,0.010010,2091.313710,-3.125870,0.992720,-4.073100,0.996510,26541.412000
-69.041360,6926.900000,-61.146000,20240606213024.000000,8.000000,3127.442000,403572.915000,-0.541760,21.960160,-9.261160,0.994920,-9.261160,0.994920,-51495.426220,0.014510,-50975.160210,0.014570,2163.614800,205.277420,0.995250,205.277420,0.995250,26786.048000
30.315000,6926.900000,157.743190,20240606213323.000000,8.000000,1259.964000,-111128.059000,-0.539230,155.444020,0.116890,0.067650,0.118090,0.067210,-320.690250,0.004940,-320.690250,0.004940,2169.821490,-0.333240,0.056950,-1.855070,0.090210,26916.973000
23.018640,6926.900000,22.940780,20240606213610.000000,8.000000,1693.019000,62602.820000,-0.518000,23.249130,-2.135170,0.956130,-2.135170,0.956130,-5707.556070,0.007700,-5574.138150,0.007610,2160.500540,48.916500,0.953590,48.916500,0.953590,27003.158000
22.937270,6926.900000,22.923890,20240606222138.000000,8.000000,2630536.991000,249897.512000,0.406760,84.426570,1.435050,0.779140,1.435050,0.779140,-497677.054480,0.000160,-633381.316240,0.000260,2192.690310,1.293140,0.547230,1.293140,0.547230,26589.872000
23.001820,6926.900000,22.909890,20240606222437.000000,8.000000,-1367413.173000,145739.979000,0.441000,34.161880,-0.288370,0.920190,-0.288370,0.920190,-347842.475160,0.006260,-347842.475160,0.006260,2125.855450,23.107070,0.976040,41.665120,0.997310,26640.668000
26.240000,6926.900000,23.143960,20240606222736.000000,8.000000,309372.252000,-98428.968000,0.412000,124.353100,-0.243960,0.826950,-0.769090,0.857960,-105003.526180,0.004520,-81400.303760,0.010270,2103.920080,3.044850,0.994280,3.835140,0.998040,26335.238000
-69.689090,6926.900000,-60.986560,20240606223023.000000,8.000000,1294940.135000,125315.546000,-0.542000,22.102610,2.625210,0.996140,2.625210,0.996140,-350647.079280,0.000810,-350647.079280,0.000810,2111.446280,-59.860830,0.997110,-59.860830,0.997110,26488.781000
29.554090,6926.900000,157.194730,20240606223323.000000,8.000000,-15338.873000,98872.345000,-0.540010,155.314110,0.720120,0.302430,1.971160,0.441280,-57899.240060,0.089600,-51175.193750,0.089400,2209.496130,-0.013650,0.000030,-0.013650,0.000030,26503.576000
22.704550,6926.900000,22.654890,20240606223611.000000,8.000000,780381.374000,499202.122000,-0.520000,23.180990,-0.414100,0.957640,-0.414100,0.957640,-289226.226820,0.000260,-289226.226820,0.000260,2276.772930,10.972050,0.951210,10.972050,0.951210,26627.762000
22.450910,6926.900000,22.436000,20240606232138.000000,8.000000,126239.135000,154685.815000,0.405000,84.452980,0.148510,0.345350,0.484640,0.439760,-39880.275490,0.000160,-48053.365700,0.000300,2167.500680,1.151530,0.814360,1.402080,0.805930,26066.460000
22.486360,6926.900000,22.431440,20240606232436.000000,8.000000,-556.055000,110421.376000,0.440760,34.131060,-0.335550,0.985370,-0.335550,0.985370,-297.386500,0.000820,-20480.453210,0.058940,2171.559770,9.809660,0.964790,20.760310,0.996760,26073.251000
26.480450,6926.900000,22.694840,20240606232736.000000,8.000000,3289836.364000,259210.051000,0.412770,125.715040,0.512830,0.784540,0.512830,0.784540,4114538.571520,0.018570,4114538.571520,0.018570,2151.125440,-10.249580,0.970140,-20.230490,0.995350,25968.766000
-70.310000,6926.900000,-61.359890,20240606233023.000000,8.000000,-194184.743000,309523.996000,-0.541240,21.869120,-11.046170,0.995260,-11.046170,0.995260,-4117614.953970,0.000130,-4117614.953970,0.000130,2155.871330,252.728080,0.994990,252.728080,0.994990,25942.477000
31.948180,6926.900000,158.124290,20240606233322.000000,8.000000,-588889.894000,296058.967000,-0.540120,154.899420,-6.536390,0.930110,-6.536390,0.930110,555454.247900,0.015580,547807.867450,0.015520,2151.222460,-4.356370,0.627460,-4.356370,0.627460,25954.306000
22.340450,6926.900000,22.280220,20240606233610.000000,8.000000,-654850.078000,184643.394000,-0.521770,23.110320,-5.242420,0.955450,-5.242420,0.955450,1246393.949140,0.016510,5470686.786360,0.041610,2163.327750,88.812830,0.961020,88.812830,0.961020,26181.296000
22.192730,6926.900000,22.198890,20240607000417.000000,8.000000,-1759643.391000,341656.264000,0.405240,84.444540,5.471630,0.902140,5.471630,0.902140,2038753.125050,0.007420,2038753.125050,0.007420,2143.234560,4.069500,0.699950,4.069500,0.699950,25772.738000
22.200000,6926.900000,22.154220,20240607000717.000000,8.000000,-302679.915000,134253.464000,0.440760,34.106210,-0.118280,0.324300,-0.118280,0.324300,1698752.201320,0.011520,1698752.201320,0.011520,2211.423550,11.789150,0.973480,21.476200,0.997350,25764.166000
26.506820,6926.900000,22.340770,20240607001017.000000,8.000000,-487529.923000,311846.594000,0.412000,125.855030,-0.546390,0.552340,-11.636770,0.921840,-804830.183500,0.017570,-804830.183500,0.017570,2160.378400,6.497800,0.990410,7.124330,0.991510,25762.322000
-70.052270,6926.900000,-61.501560,20240607001305.000000,8.000000,2767.252000,82374.042000,-0.541240,21.814330,-8.470770,0.992750,-8.470770,0.992750,-372.648190,0.000140,-372.648190,0.000140,2164.018590,198.376260,0.993540,198.376260,0.993540,25583.901000
31.218640,6926.900000,157.635710,20240607001604.000000,8.000000,3929.677000,368583.385000,-0.540120,154.768220,0.310240,0.167550,3.193450,0.517330,4974.270720,0.024830,4974.270720,0.024830,2146.625680,0.938360,0.260160,2.570740,0.355500,25519.440000
22.011820,6926.900000,21.974780,20240607001852.000000,8.000000,43511.344000,278151.771000,-0.523000,23.050420,-2.027890,0.950460,-2.048660,0.948550,-32293.896790,0.006960,-32293.896790,0.006960,2135.176230,50.102220,0.944830,50.102220,0.944830,25807.832000
22.045000,6926.900000,22.057670,20240607002154.000000,8.000000,2147480.000000,249555.215000,0.406000,84.458960,0.054770,0.212710,0.066730,0.179740,-22146400.840330,0.009120,-22146400.840330,0.009120,2088.321120,-3.070920,0.937290,-3.208040,0.931460,25738.948000
22.127270,6926.900000,22.076890,20240607002453.000000,8.000000,1794090.248000,372410.834000,0.440760,34.081040,0.037560,0.604300,0.038740,0.605360,378276.588870,0.001880,378276.588870,0.001880,2082.118770,-8.038660,0.972300,-15.148810,0.996290,25700.060000
27.398640,6926.900000,22.431760,20240607002753.000000,8.000000,41430.126000,322510.765000,0.412000,125.873090,-0.229520,0.894650,-0.574960,0.919650,-15343.611580,0.006590,-15343.611580,0.006590,2080.782250,4.153440,0.979120,4.281420,0.979320,25715.549000
-68.723180,6926.900000,-61.410890,20240607003042.000000,8.000000,36741.846000,109894.524000,-0.541760,21.757200,-7.587950,0.993610,-7.587950,0.993610,119424.579000,0.043990,119424.579000,0.043990,2077.920090,187.447330,0.994500,187.447330,0.994500,25569.035000
30.225450,6926.900000,157.093740,20240607003343.000000,8.000000,-522274.968000,28504.749000,-0.539780,154.658600,1.812480,0.411210,10.784080,0.641530,2697443.103490,0.012520,2805067.852680,0.017460,2147.740720,-1.175290,0.133250,-1.471090,0.080910,25414.425000
21.967730,6926.900000,21.934670,20240607003631.000000,8.000000,45074.896000,-95692.810000,-0.523000,23.026460,-2.372160,0.940830,-2.372160,0.940830,-72206.833300,0.003160,-72206.833300,0.003160,2138.876440,50.881680,0.945320,50.881680,0.945320,25720.067000
21.661820,6926.900000,21.663780,20240607012153.000000,8.000000,2320940.305000,643710.664000,0.405000,84.446970,0.386240,0.882770,0.386240,0.882770,-256022.031240,0.001410,-289246.693510,0.003330,2169.688400,-3.856560,0.940420,-3.856560,0.940420,25208.556000
21.681360,6926.900000,21.643560,20240607012452.000000,8.000000,1081.561000,227702.975000,0.440770,34.087640,-0.298490,0.968140,-0.309380,0.969790,416.361980,0.017470,416.361980,0.017470,2168.529610,10.110740,0.964370,20.133890,0.997190,25110.707000
25.410450,6926.900000,21.839780,20240607012750.000000,8.000000,1404087.427000,484321.658000,0.412000,125.887140,0.032770,0.678630,0.068670,0.770180,-4727437.513490,0.086580,-4691649.410660,0.087070,2169.479380,-1.836780,0.986030,-2.522170,0.994820,25277.296000
-69.800000,6926.900000,-61.588110,20240607013037.000000,8.000000,-99044.788000,138274.585000,-0.541510,21.695040,-9.998840,0.990720,-9.998840,0.990720,-290760.998460,0.114370,-290760.998460,0.114370,2184.273620,227.257640,0.989490,227.257640,0.989490,24901.466000
31.304090,6926.900000,155.630660,20240607013337.000000,8.000000,2683755.127000,565765.106000,-0.538590,153.550210,3.251660,0.987280,3.251660,0.987280,699547.482980,0.001600,699547.482980,0.001600,2186.372850,5.001770,0.852000,5.001770,0.852000,24728.536000
21.414090,6926.900000,21.392110,20240607013624.000000,8.000000,271455.433000,409677.691000,-0.524240,22.939770,-1.690960,0.955290,-1.690960,0.955290,21014.764990,0.033060,21014.764990,0.033060,2187.949320,36.900490,0.948300,36.900490,0.948300,25036.651000
20.986360,6926.900000,20.992780,20240607022153.000000,8.000000,-151093.936000,361243.009000,0.405000,84.433790,-0.256650,0.798270,-0.256650,0.798270,-33571.565840,0.000350,-33571.565840,0.000350,2176.680960,4.113720,0.830250,4.113720,0.830250,24493.102000
20.965000,6926.900000,20.969000,20240607022451.000000,8.000000,183410.631000,375043.019000,0.440240,34.025980,-0.218400,0.972440,-0.218400,0.972440,80530.834280,0.000420,204271.799940,0.000770,2173.789910,7.234640,0.964790,14.158490,0.995960,24320.927000
24.879550,6926.900000,21.175160,20240607022750.000000,8.000000,295917.937000,-9779.494000,0.412000,125.923990,-0.131300,0.934420,-0.260090,0.939540,-22857.707900,0.000110,-22857.707900,0.000110,2171.689190,3.287040,0.993300,3.925370,0.996340,24689.370000
-69.731820,6926.900000,-61.634670,20240607023038.000000,8.000000,-1271743.842000,86128.092000,-0.541510,21.581420,-19.868450,0.992710,-19.868450,0.992710,-317129.432890,0.001120,-317129.432890,0.001120,2171.661670,460.977850,0.991880,460.977850,0.991880,24110.038000
31.276820,6926.900000,157.183740,20240607023339.000000,8.000000,-390450.909000,18724.566000,-0.539890,154.119780,-0.146320,0.134400,-0.146320,0.134400,-149256.706330,0.001290,-149256.706330,0.001290,2179.606960,-1.390750,0.599840,-1.398060,0.599240,23960.253000
20.850910,6926.900000,20.840440,20240607023627.000000,8.000000,2638763.018000,412000.279000,-0.527530,22.820710,3.939250,0.952450,3.939250,0.952450,9067872.098370,0.006270,9067872.098370,0.006270,2184.070950,-83.587900,0.949250,-83.587900,0.949250,24306.520000
20.597730,6926.900000,20.617330,20240607032154.000000,8.000000,-271118.671000,88320.368000,0.405000,84.468560,-0.533990,0.977140,-0.533990,0.977140,606339.026470,0.036060,616258.031150,0.046680,2178.019310,6.108220,0.979830,6.534960,0.980190,24041.840000
20.580910,6926.900000,20.606670,20240607032452.000000,8.000000,31922.135000,374110.574000,0.440760,33.994200,-0.151280,0.816490,-0.151280,0.816490,6222.747020,0.038500,6222.747020,0.038500,2168.875440,10.264370,0.974540,18.529370,0.998090,23764.670000
24.821360,6926.900000,20.789450,20240607032752.000000,8.000000,1952868.070000,358239.373000,0.411890,125.783380,0.097260,0.779450,0.097260,0.779450,2117694.687540,0.015630,399795.885750,0.007080,2177.186370,-5.092310,0.994750,-5.883930,0.996130,24337.855000
-69.880450,6926.900000,-61.654780,20240607033039.000000,8.000000,-678885.855000,300439.699000,-0.540760,21.462720,-15.245220,0.992920,-15.245220,0.992920,104598.124970,0.004880,104598.124970,0.004880,2175.806460,355.512460,0.993620,355.512460,0.993620,23395.856000
29.739090,6926.900000,156.068020,20240607033339.000000,8.000000,1777594.975000,339865.575000,-0.538360,153.568780,0.065870,0.033100,0.065870,0.033100,357383.721550,0.011090,539153.092200,0.012720,2161.614240,-0.714170,0.225470,-0.714170,0.225470,22550.073000
20.371360,6926.900000,20.380330,20240607033626.000000,8.000000,-382954.846000,444598.996000,-0.528000,22.701900,-3.106250,0.948390,-3.106250,0.948390,-67899.290630,0.007210,-67899.290630,0.007210,2154.577750,71.227330,0.943470,71.227330,0.943470,23452.900000
20.490450,6926.900000,20.517440,20240607042154.000000,8.000000,-2336551.557000,832540.152000,0.406000,84.434870,-4.750710,0.987210,-4.750710,0.987210,878513.926760,0.006890,878513.926760,0.006890,2147.225610,25.290560,0.896310,25.290560,0.896310,23238.815000
20.566820,6926.900000,20.544440,20240607042454.000000,8.000000,74403.660000,980808.759000,0.440000,33.921440,-0.067650,0.442490,-0.859920,0.749930,12135.011600,0.041610,12135.011600,0.041610,2157.546120,7.741110,0.979150,12.610340,0.994280,22972.466000
24.969090,6926.900000,20.805600,20240607042755.000000,8.000000,-2437622.364000,170580.623000,0.411000,125.820480,-0.984760,0.708560,-8.488380,0.887140,1528140.367040,0.043980,1528140.367040,0.043980,2147.956790,14.363980,0.988940,16.648320,0.991000,23943.567000
-70.484090,6926.900000,-61.717670,20240607043042.000000,8.000000,-583361.967000,67079.693000,-0.541000,21.354520,-14.403370,0.990940,-14.403370,0.990940,2018304.530380,0.063220,241603.847300,0.051530,2124.314840,340.698720,0.990980,340.698720,0.990980,22598.126000
28.328180,6926.900000,155.315710,20240607043341.000000,8.000000,1561803.636000,-10020.232000,-0.539900,153.487750,-0.493920,0.250800,-0.779820,0.289440,549916.094470,0.009070,549916.094470,0.009070,2122.010610,-1.550210,0.639870,-1.791820,0.621490,21444.021000
20.384550,6926.900000,20.379330,20240607043629.000000,8.000000,398844.810000,81665.528000,-0.528000,22.581680,-1.648950,0.965390,-1.648950,0.965390,-133101.287180,0.006900,-126549.153780,0.006840,2154.205950,26.026150,0.945100,26.026150,0.945100,22954.327000
20.301820,6926.900000,20.316890,20240607052154.000000,8.000000,2147480.000000,1027177.445000,0.405230,84.412190,2.357270,0.969760,2.357270,0.969760,-2927.877900,0.000010,-2927.877900,0.000010,2246.724440,-6.655530,0.955370,-6.655530,0.955370,23056.559000
20.368640,6926.900000,20.380890,20240607052452.000000,8.000000,2766502.725000,897250.401000,0.439240,33.882690,0.495370,0.905750,0.505730,0.905070,2800830.315860,0.008370,16857002.883340,0.029190,2232.796480,-17.314880,0.969100,-33.178120,0.997840,22790.794000
25.071820,6926.900000,20.660110,20240607052752.000000,8.000000,-516561.122000,622829.401000,0.410770,125.801510,-0.223410,0.706140,-0.809840,0.764780,864570.346260,0.025430,1073933.368440,0.049580,2193.077790,6.985020,0.987350,8.923820,0.993290,23670.832000
-69.387270,6926.900000,-61.538440,20240607053039.000000,8.000000,145340.136000,-122117.748000,-0.540490,21.245680,-7.903110,0.992140,-7.903110,0.992140,26270.231720,0.030400,33321.264660,0.089930,2193.593120,178.466700,0.991910,178.466700,0.991910,22543.924000
27.262270,6926.900000,154.975930,20240607053339.000000,8.000000,-122188.031000,742842.590000,-0.538360,153.476540,0.753450,0.679810,0.753450,0.679810,-44442.722580,0.009530,-89178.111370,0.029280,2187.466940,1.239080,0.445240,1.485110,0.569580,21868.363000
20.299550,6926.900000,20.303220,20240607053626.000000,8.000000,-2670987.141000,754275.810000,-0.528000,22.467520,-5.143630,0.953030,-5.143630,0.953030,-150532.738560,0.011020,-352216.251280,0.018280,2204.318250,95.728790,0.959390,95.728790,0.959390,22849.006000
19.914550,6926.900000,19.924560,20240607062154.000000,8.000000,-1268999.992000,541111.125000,0.407770,84.406170,-2.242270,0.985490,-2.242270,0.985490,5252123.649010,0.014980,5698820.505640,0.021500,2153.738300,19.374490,0.934860,19.374490,0.934860,22577.945000
20.007270,6926.900000,20.041670,20240607062452.000000,8.000000,-2110656.806000,445083.460000,0.440240,33.828740,-0.705260,0.965920,-0.705260,0.965920,-7138760.510940,0.019590,-7138760.510940,0.019590,2136.218250,30.692970,0.971930,57.134050,0.996630,22322.150000
23.122270,6926.900000,20.335600,20240607062751.000000,8.000000,777224.175000,169778.232000,0.408460,125.832890,0.145220,0.936930,0.145220,0.936930,-1131396.970630,0.021200,-797295.064730,0.020550,2149.225500,0.934690,0.972380,1.607390,0.993570,23381.987000
-69.966360,6926.900000,-60.767110,20240607063039.000000,8.000000,1154050.909000,254332.685000,-0.540230,21.395610,1.427970,0.993760,1.427970,0.993760,41165838.377300,0.064230,41165838.377300,0.064230,2182.100720,-32.230840,0.992710,-32.230840,0.992710,22308.724000
26.470910,6926.900000,154.308570,20240607063339.000000,8.000000,-215858.345000,159315.275000,-0.539780,153.234010,0.284620,0.065550,0.284300,0.065300,431771.474980,0.009090,431771.474980,0.009090,2173.909530,0.540970,0.109320,2.098670,0.128690,21664.928000
20.016820,6926.900000,20.041440,20240607063626.000000,8.000000,-1365890.745000,343771.249000,-0.528240,22.365140,-4.121810,0.951370,-4.121810,0.951370,15134632.459240,0.031260,15154945.666690,0.031310,2174.151270,87.225060,0.945360,87.225060,0.945360,22486.952000
20.507730,6926.900000,20.527110,20240607072154.000000,8.000000,711785.161000,618701.801000,0.406000,84.373870,0.417440,0.884710,0.417440,0.884710,146708.141280,0.019310,146708.141280,0.019310,2106.811710,0.527460,0.968030,0.527460,0.968030,22599.677000
20.578180,6926.900000,20.556440,20240607072454.000000,8.000000,676542.309000,399135.387000,0.440000,33.813740,-0.222050,0.984420,-0.222050,0.984420,141313.300130,0.005110,179375.456750,0.008490,2115.120210,2.813020,0.972990,5.361480,0.996990,22404.883000
23.746820,6926.900000,20.847250,20240607072753.000000,8.000000,135490.354000,72065.503000,0.408230,125.752580,-0.176860,0.959770,-0.176860,0.959770,4192.800900,0.004600,10378.421400,0.007310,2091.633310,4.670590,0.994670,4.670590,0.994670,23415.176000
-70.347730,6926.900000,-61.614110,20240607073041.000000,8.000000,-2375019.877000,133149.420000,-0.540240,21.073130,-29.294970,0.993170,-29.294970,0.993170,1153062.950810,0.000210,1153062.950810,0.000210,2106.191160,694.670820,0.993360,694.670820,0.993360,22285.921000
26.854090,6926.900000,154.751100,20240607073341.000000,8.000000,1753632.609000,775387.735000,-0.539120,153.476620,-0.014500,0.040810,-0.014500,0.040810,330743.697890,0.100500,330743.697890,0.100500,2091.125610,-0.691500,0.202920,-0.691500,0.202920,20960.291000
20.710000,6926.900000,20.705220,20240607073630.000000,8.000000,-1247944.827000,462943.493000,-0.528000,22.297020,-4.347760,0.957790,-4.347760,0.957790,407596.251180,0.024290,407596.251180,0.024290,2091.394990,96.105400,0.946930,96.105400,0.946930,22664.471000
21.327730,6926.900000,21.338440,20240607082153.000000,8.000000,29030.719000,33486.661000,0.407240,84.388260,-0.087860,0.749600,-0.087860,0.749600,60586.588680,0.014020,59970.617590,0.014150,2074.286590,2.508580,0.851830,2.508580,0.851830,22849.641000
21.451820,6926.900000,21.405670,20240607082452.000000,8.000000,27112.136000,-34507.400000,0.439240,33.829330,-0.193230,0.951690,-0.193230,0.951690,-18073.450000,0.003130,-18073.450000,0.003130,2093.801690,5.715880,0.990530,7.964340,0.997400,22977.063000
24.514550,6926.900000,21.799670,20240607082752.000000,8.000000,-581538.870000,102899.845000,0.408120,125.842590,0.281630,0.256160,28.669050,0.916990,392272.398910,0.001020,392272.398910,0.001020,2081.263850,6.496450,0.978070,10.461750,0.994680,23782.735000
-70.084550,6926.900000,-61.572890,20240607083039.000000,8.000000,-1852915.171000,-184196.117000,-0.541510,21.072900,-24.388510,0.992950,-24.388510,0.992950,-2370605.098920,0.001990,-2370605.098920,0.001990,2081.830030,590.015630,0.994210,590.015630,0.994210,22822.966000
30.432730,6926.900000,156.021100,20240607083339.000000,8.000000,-1561803.636000,153748.974000,-0.539120,153.583690,1.933420,0.432170,1.922870,0.430810,739052.741420,0.397090,2365895.479200,0.041070,2073.746750,2.088830,0.281890,2.216220,0.239120,21476.189000
21.741360,6926.900000,21.709670,20240607083629.000000,8.000000,-1854290.913000,311518.178000,-0.524760,22.289380,-6.019570,0.958830,-6.019570,0.958830,-79285.888050,0.000180,-79285.888050,0.000180,2074.473120,136.301330,0.950460,136.301330,0.950460,23360.378000
22.625450,6926.900000,22.676110,20240607092153.000000,8.000000,2132921.382000,62371.674000,0.408000,84.394180,0.154520,0.903250,0.158030,0.903230,1125405.385420,0.010100,1284120.099130,0.014890,2083.131510,-5.225450,0.968030,-5.225450,0.968030,23468.662000
22.652730,6926.900000,22.556330,20240607092453.000000,8.000000,763812.570000,-29265.845000,0.440000,33.865900,-0.126510,0.953540,-0.126510,0.953540,-175379.347460,0.058710,-175495.638550,0.061030,2107.037650,1.344140,0.986380,1.969790,0.998330,23610.719000
25.835910,6926.900000,23.035930,20240607092753.000000,8.000000,-441774.872000,276017.099000,0.409000,125.201820,-0.202250,0.935400,-0.204460,0.934140,30048.547790,0.078610,32576.301590,0.082970,2084.211080,5.935180,0.995330,6.475490,0.996000,24243.533000
-69.588640,6926.900000,-61.442670,20240607093041.000000,8.000000,-1712236.027000,27315.107000,-0.541510,21.134600,-22.599770,0.992900,-22.599770,0.992900,795570.842630,0.009910,613924.359120,0.011570,2090.996670,554.002020,0.993320,554.002020,0.993320,23283.557000
30.234090,6926.900000,156.551760,20240607093341.000000,8.000000,692231.391000,56080.503000,-0.539240,153.853460,-0.398670,0.927960,-0.398670,0.927960,-325139.428580,0.006710,-325139.428580,0.006710,2096.665260,-0.313860,0.263830,-0.313860,0.263830,21858.271000
22.844090,6926.900000,22.811220,20240607093629.000000,8.000000,2457694.845000,199577.932000,-0.521000,22.362860,2.952780,0.953740,2.952780,0.953740,-1701703.706710,0.167250,-1712720.812900,0.167190,2083.382420,-64.764520,0.948840,-64.764520,0.948840,23886.881000
24.189550,6926.900000,24.206000,20240607102153.000000,8.000000,2254411.564000,80248.043000,0.407770,84.413330,1.085810,0.932510,1.085810,0.932510,155018.548690,0.008690,155018.548690,0.008690,2087.599650,-2.406180,0.746350,-2.406180,0.746350,23660.746000
23.905450,6926.900000,23.788890,20240607102453.000000,8.000000,-605639.733000,-30276.472000,0.439240,33.925890,-0.134300,0.369420,-0.134300,0.369420,-2689763.405720,0.012340,-13916464.720760,0.038350,2065.742560,7.528350,0.993360,8.602510,0.995290,23824.794000
27.036820,6926.900000,24.525820,20240607102753.000000,8.000000,3123607.273000,598605.017000,0.409770,111.741520,0.868810,0.902750,0.868810,0.902750,-465311.033580,0.033330,-465311.033580,0.033330,2082.018780,-7.587300,0.987580,-7.587300,0.987580,24543.129000
-69.622730,6926.900000,-61.099780,20240607103040.000000,8.000000,1561803.636000,719568.302000,-0.541240,21.253220,4.932690,0.993510,5.001640,0.993290,31328.044210,0.000390,1877862.917380,0.051520,2060.714610,-114.901410,0.993810,-114.901410,0.993810,23850.921000
31.305910,6926.900000,157.479890,20240607103339.000000,8.000000,-1017320.503000,-73295.933000,-0.539770,154.469550,-0.831640,0.450200,-0.831640,0.450200,-130968.784520,0.072430,-130968.784520,0.072430,2057.320110,-4.835480,0.745880,-4.835480,0.745880,21196.033000
24.173180,6926.900000,24.120110,20240607103627.000000,8.000000,590415.225000,-108414.446000,-0.515760,22.508530,-0.662970,0.957790,-0.662970,0.957790,152365.058530,0.038480,152365.058530,0.038480,2048.103750,14.394530,0.951430,14.394530,0.951430,24343.055000
25.008640,6926.900000,25.030110,20240607112153.000000,8.000000,-916311.605000,587818.218000,0.408240,84.372580,-0.379440,0.939750,-0.379440,0.939750,506116.085570,0.013450,506116.085570,0.013450,2021.574220,4.621550,0.867680,4.621550,0.867680,19990.614000
25.219090,6926.900000,24.978670,20240607112453.000000,8.000000,-1432796.623000,4565.565000,0.438000,33.962440,-0.227870,0.861250,-0.235680,0.861560,-175731.787490,0.104620,-175731.787490,0.104620,2019.878570,10.221970,0.983570,10.221970,0.983570,20919.536000
28.056360,6926.900000,25.722970,20240607112754.000000,8.000000,-3927.795000,-95432.429000,0.408880,120.982100,-0.137880,0.928610,-0.177380,0.928580,-9149.421000,0.033740,-14337.781580,0.046730,2019.677680,3.534170,0.991080,3.534170,0.991080,22490.201000
-69.232270,6926.900000,-60.859560,20240607113041.000000,8.000000,641227.494000,106075.322000,-0.541760,21.373560,-3.345900,0.993230,-3.392480,0.993000,-56952.900710,0.028570,-56952.900710,0.028570,2028.025110,79.512170,0.992240,79.512170,0.992240,21251.452000
31.136820,6926.900000,157.554400,20240607113341.000000,8.000000,2284248.455000,69735.346000,-0.540120,154.719350,-0.366380,0.370170,-2.314760,0.746130,251669.504790,0.059830,235523.055970,0.059620,2021.452020,0.363790,0.465590,0.964360,0.509390,17072.091000
25.352270,6926.900000,25.254000,20240607113629.000000,8.000000,-780901.818000,40095.801000,-0.508000,22.689670,-2.651540,0.966900,-2.651540,0.966900,-134453.199250,0.026610,-54632.845220,0.014670,2021.025140,54.576860,0.952240,54.576860,0.952240,22059.689000
26.303640,6926.900000,26.326330,20240607122153.000000,8.000000,1635069.845000,103770.937000,0.408470,84.386930,0.185950,0.808420,0.185950,0.808420,-2280504.748890,0.003150,-2280504.748890,0.003150,2023.367900,-1.112060,0.592740,-1.112060,0.592740,20137.619000
26.818180,6926.900000,26.719110,20240607122452.000000,8.000000,-406001.987000,199089.148000,0.438000,34.071830,-0.262270,0.924910,-0.262270,0.924910,-923474.793180,0.001480,-923474.793180,0.001480,2026.208810,6.903660,0.989120,8.339220,0.992980,21682.007000
29.185000,6926.900000,26.764510,20240607122751.000000,8.000000,143152.870000,474686.269000,0.407880,120.939980,-0.126280,0.935040,-0.126280,0.935040,220660.458900,0.158940,88550.247750,0.190010,2017.852060,2.836890,0.992780,2.836890,0.992780,22329.962000
-68.727270,6926.900000,-60.432890,20240607123039.000000,8.000000,-2291915.906000,94475.510000,-0.541760,21.440780,-28.292770,0.989100,-28.292770,0.989100,-832056.469010,0.018920,-832056.469010,0.018920,2018.413240,697.952080,0.991490,762.074260,0.992330,20230.180000
31.715910,6926.900000,158.590440,20240607123339.000000,8.000000,12363.280000,129257.429000,-0.539890,155.352980,0.135520,0.631080,0.150850,0.632140,-23150.424080,0.038170,-28640.139820,0.037050,2019.151300,0.875500,0.434800,1.221840,0.433500,16369.403000
25.921360,6926.900000,25.825000,20240607123627.000000,8.000000,2198167.282000,-128947.307000,-0.503240,22.820090,1.421430,0.957970,1.421430,0.957970,7327035.139940,0.032630,7327035.139940,0.032630,2022.918660,-30.679450,0.960780,-30.679450,0.960780,20854.476000
26.165000,6926.900000,26.142560,20240607132153.000000,8.000000,-17003.690000,454832.018000,0.410230,84.396630,-0.525210,0.926080,-0.525210,0.926080,-105270.583360,0.022880,-47984.983710,0.027710,2027.191350,2.943680,0.915120,2.943680,0.915120,16609.987000
26.077730,6926.900000,25.935890,20240607132452.000000,8.000000,19716.950000,183303.043000,0.438000,34.044030,-0.330430,0.964530,-0.330430,0.964530,-345.827270,0.000220,-495.866410,0.000210,2036.024410,6.711640,0.988690,9.166090,0.995090,20341.994000
29.259090,6926.900000,26.451540,20240607132750.000000,8.000000,-1442665.273000,77471.004000,0.407890,118.549400,-0.305510,0.764920,-1.249160,0.813620,-224628.956900,0.058020,-227511.898320,0.058030,2033.816260,8.479540,0.955320,8.479540,0.955320,21751.621000
-68.682730,6926.900000,-60.525780,20240607133038.000000,8.000000,470315.217000,-62356.025000,-0.541240,21.448080,-4.628780,0.993390,-4.628780,0.993390,1995754.523520,0.053740,2005619.512450,0.059000,2031.040130,108.682450,0.993430,108.682450,0.993430,20562.321000
32.793640,6926.900000,159.181760,20240607133338.000000,8.000000,-1417.064000,784346.717000,-0.539350,155.823710,-1.538350,0.867080,-1.538350,0.867080,354.525340,0.003190,354.525340,0.003190,2035.453070,0.710640,0.439160,0.706630,0.438000,17479.295000
25.928180,6926.900000,25.912330,20240607133628.000000,8.000000,-464264.733000,255313.209000,-0.503000,22.926160,-1.945320,0.978010,-1.945320,0.978010,-1342291.109940,0.009110,-1342291.109940,0.009110,2019.140400,42.365410,0.971690,42.365410,0.971690,21917.188000
25.368180,6926.900000,25.370780,20240607142153.000000,8.000000,-1359337.570000,60754.869000,0.412220,84.400160,1.231460,0.634320,1.231460,0.634320,-306950.217200,0.000950,-306950.217200,0.000950,2026.492220,3.546120,0.350260,2.782600,0.210810,19153.918000
25.652730,6926.900000,25.682670,20240607142451.000000,8.000000,-2206230.536000,80642.703000,0.438000,34.191010,-0.543990,0.944510,-0.543990,0.944510,-596450.887740,0.006760,-533456.797160,0.008800,2025.775810,17.880520,0.993550,22.114380,0.997250,21537.382000
29.506360,6926.900000,25.706810,20240607142750.000000,8.000000,-53699.664000,70437.162000,0.406770,124.710850,-0.182730,0.516930,-0.182730,0.516930,10331.515100,0.010490,10331.515100,0.010490,2025.699120,3.040710,0.942480,3.040710,0.942480,22173.633000
-68.913180,6926.900000,-60.777670,20240607143037.000000,8.000000,922005.476000,407249.830000,-0.541240,21.495360,-0.681030,0.995050,-0.681030,0.995050,-26598.472290,0.001710,-26598.472290,0.001710,2024.199210,15.931750,0.994920,15.931750,0.994920,21453.391000
32.424090,6926.900000,159.269230,20240607143336.000000,8.000000,1909402.368000,102546.848000,-0.540780,156.124790,0.083460,0.166090,6.374520,0.466960,-429427.934280,0.000010,-429427.934280,0.000010,2026.286380,-0.792120,0.278900,-0.792120,0.278900,19883.860000
25.367270,6926.900000,25.356110,20240607143623.000000,8.000000,-20288.008000,-223751.882000,-0.506230,23.041410,-1.321550,0.973590,-1.321550,0.973590,418.459170,0.000580,418.459170,0.000580,2019.195820,28.824560,0.964440,28.824560,0.964440,22947.031000
26.676820,6926.900000,26.643890,20240607152153.000000,8.000000,-29501.376000,138924.118000,0.411240,84.427780,0.417970,0.794980,0.906100,0.862510,428752.945290,0.046210,97599.766450,0.034220,2029.553320,5.226860,0.897040,5.226860,0.897040,19397.543000
26.331360,6926.900000,26.218780,20240607152453.000000,8.000000,-127851.834000,289524.670000,0.438000,34.179610,-0.131460,0.874400,-0.134360,0.874410,75432575.532000,0.069110,546325.531240,0.027510,2028.134570,6.780800,0.989140,8.010070,0.991280,21530.142000
29.949550,6926.900000,26.186260,20240607152752.000000,8.000000,-1707504.555000,193926.660000,0.405000,113.565600,0.118330,0.073640,-9.134260,0.241670,-5365165.521430,0.008030,-5365165.521430,0.008030,2028.951090,9.208820,0.991200,12.569630,0.997240,22203.255000
-68.446820,6926.900000,-60.687000,20240607153040.000000,8.000000,1985375.879000,391802.391000,-0.541240,21.562840,8.900950,0.994980,8.900950,0.994980,2613280.401860,0.072300,2613280.401860,0.072300,2029.756950,-206.728530,0.994460,-206.728530,0.994460,21673.528000
32.685910,6926.900000,159.127030,20240607153339.000000,8.000000,-389453.822000,508506.606000,-0.540890,155.753580,3.013740,0.595410,3.120270,0.574650,1246501.889700,0.051650,1301597.746960,0.053400,2031.708010,2.162870,0.474090,7.608570,0.670840,17794.628000
25.882730,6926.900000,25.826560,20240607153627.000000,8.000000,13799.958000,-190569.307000,-0.505000,23.146800,-1.288630,0.980850,-1.288630,0.980850,-90886.917200,0.019810,-50814.342440,0.017700,2026.917760,28.676160,0.969940,28.676160,0.969940,21991.167000
26.224550,6926.900000,26.216890,20240607162153.000000,8.000000,-16267.115000,192024.675000,0.411230,84.450470,-0.370270,0.932680,-0.370270,0.932680,-11697.875640,0.036260,-11697.875640,0.036260,2027.103170,6.059540,0.929400,6.139630,0.926890,17429.666000
26.302730,6926.900000,26.158110,20240607162453.000000,8.000000,2306095.991000,6659.624000,0.437760,34.171590,0.290290,0.941910,0.290290,0.941910,-503708.246620,0.000160,-503708.246620,0.000160,2026.271610,-8.707590,0.986860,-10.182650,0.988490,19909.812000
28.672270,6926.900000,26.362640,20240607162752.000000,8.000000,587118.847000,-66717.739000,0.404230,99.105460,-0.064060,0.929500,-0.085610,0.937630,-813989.529670,0.001950,-813989.529670,0.001950,2024.021410,1.460940,0.991260,1.581050,0.992130,21443.559000
-68.057730,6926.900000,-60.413670,20240607163040.000000,8.000000,967.725000,-25049.756000,-0.542000,21.583160,-8.958650,0.989880,-8.958650,0.989880,-67.304800,0.005180,-67.304800,0.005180,2024.173900,207.815200,0.990380,217.354190,0.990570,21367.118000
31.785000,6926.900000,158.972750,20240607163339.000000,8.000000,616236.983000,112804.830000,-0.541010,156.198990,0.057840,0.428350,0.056840,0.426290,234204.923100,0.000040,234204.923100,0.000040,2026.243240,-0.117200,0.102260,0.172640,0.007850,17132.288000
25.957270,6926.900000,25.888560,20240607163626.000000,8.000000,58380.099000,288372.612000,-0.505240,23.250070,-0.983350,0.979960,-0.983350,0.979960,-50873.189990,0.008580,-12212.142420,0.007430,2024.975910,20.639980,0.972070,20.639980,0.972070,20309.849000
25.725000,6926.900000,25.719110,20240607172153.000000,8.000000,60117.448000,44435.412000,0.412770,84.473440,0.844050,0.875170,0.844050,0.875170,13804.747870,0.049410,13804.747870,0.049410,2037.432030,3.943020,0.934340,3.943020,0.934340,18401.360000
25.739090,6926.900000,25.654890,20240607172452.000000,8.000000,1066.911000,96309.791000,0.437770,34.165810,-0.126640,0.912100,-0.126640,0.912100,18.594920,0.092940,18.594920,0.092940,2035.855750,6.085240,0.976630,8.802090,0.985460,19867.313000
28.758640,6926.900000,25.848020,20240607172751.000000,8.000000,422086.907000,-138331.176000,0.404120,125.683990,-0.051530,0.514960,-0.051530,0.514960,13685.971100,0.000050,13685.971100,0.000050,2047.398780,1.881210,0.964040,1.881210,0.964040,20638.892000
-68.982730,6926.900000,-60.710330,20240607173038.000000,8.000000,683920.878000,-36842.611000,-0.542000,21.598240,-2.700110,0.988550,-2.700110,0.988550,1843823.360580,0.027810,1836211.289660,0.027840,2051.684150,65.627850,0.991270,69.874540,0.991670,20695.452000
34.015450,6926.900000,158.962310,20240607173338.000000,8.000000,6423.303000,-206987.765000,-0.540160,156.216820,-1.450840,0.390100,-1.450840,0.390100,-1184.605660,0.021540,-1184.605660,0.021540,2075.409160,1.752820,0.308950,1.660420,0.307640,18061.190000
25.554550,6926.900000,25.483110,20240607173626.000000,8.000000,-80.904000,220247.397000,-0.507230,23.262820,-1.255150,0.976260,-1.255150,0.976260,150.376970,0.010330,150.376970,0.010330,2051.309970,26.076040,0.972470,26.076040,0.972470,21191.565000
24.247730,6926.900000,24.242330,20240607182153.000000,8.000000,684326.845000,422929.565000,0.413000,84.475860,-0.162370,0.945320,-0.162370,0.945320,-4296180.555570,0.002340,-4296180.555570,0.002340,2069.710930,1.223270,0.860310,1.223270,0.860310,19323.571000
24.327270,6926.900000,24.304560,20240607182452.000000,8.000000,294447.316000,-151005.676000,0.438000,34.160190,0.126070,0.665170,0.121680,0.663760,101416.180040,0.000310,101416.180040,0.000310,2044.759320,5.051950,0.983640,7.225300,0.993070,21122.816000
27.944090,6926.900000,24.610330,20240607182751.000000,8.000000,27928.767000,-109042.593000,0.403000,125.954030,-0.139620,0.859000,-0.139620,0.859000,-65200.785640,0.001710,-65200.785640,0.001710,2047.436570,3.255900,0.970090,3.284080,0.970130,21510.922000
-69.597730,6926.900000,-61.002670,20240607183038.000000,8.000000,6815.218000,364179.992000,-0.541240,21.536880,-9.323200,0.994210,-9.323200,0.994210,-13640.846840,0.086370,-13640.846840,0.086370,2045.250260,210.108850,0.993720,210.108850,0.993720,21451.195000
34.149550,6926.900000,159.676920,20240607183340.000000,8.000000,1825719.345000,128068.519000,-0.539340,155.752290,0.077710,0.409560,0.077700,0.409510,-2101772.937690,0.001900,-2101772.937690,0.001900,2044.055330,0.399740,0.088660,0.399740,0.088660,18983.007000
24.757270,6926.900000,24.694330,20240607183627.000000,8.000000,-220.535000,15885.564000,-0.512000,23.251160,-0.915080,0.976990,-0.915080,0.976990,-9318.350450,0.003580,-9318.350450,0.003580,2039.545200,23.127480,0.974130,23.127480,0.974130,21459.951000
25.163180,6926.900000,25.145560,20240607192153.000000,8.000000,84589.676000,253254.792000,0.412760,84.425330,-0.357610,0.849040,-0.357610,0.849040,-232476.093850,0.022780,-165738.376320,0.021050,2041.815400,6.121670,0.852650,6.121670,0.852650,14804.681000
25.193180,6926.900000,25.047220,20240607192453.000000,8.000000,-28032.240000,-121384.986000,0.438000,34.105770,-0.153430,0.941360,-0.153430,0.941360,-71125.625710,0.012350,-71125.625710,0.012350,2041.754380,5.035090,0.994990,5.035090,0.994990,16789.468000
28.155000,6926.900000,25.215160,20240607192751.000000,8.000000,104531.655000,-174434.154000,0.402230,125.891570,-0.154440,0.955270,-0.160140,0.956110,489443.877530,0.007290,489443.877530,0.007290,2041.130520,3.021570,0.996010,3.452620,0.997420,17289.556000
-69.236360,6926.900000,-60.927670,20240607193038.000000,8.000000,-3534.209000,-104409.511000,-0.541760,21.519470,-9.769950,0.992520,-9.769950,0.992520,-104778.328490,0.021840,-104778.328490,0.021840,2041.663410,222.326740,0.991310,222.326740,0.991310,17380.526000
34.108640,6926.900000,159.584400,20240607193338.000000,8.000000,162185.813000,-97559.780000,-0.540000,155.655530,-0.014330,0.026210,-0.014330,0.026210,-467846.892210,0.068460,-467846.892210,0.068460,2040.653530,0.965400,0.649590,1.207920,0.639950,14482.682000
24.794550,6926.900000,24.711440,20240607193627.000000,8.000000,504.527000,265865.676000,-0.512760,23.206140,-1.533180,0.973340,-1.533180,0.973340,-1538.514970,0.013340,-1538.514970,0.013340,2044.803010,27.729920,0.967370,27.729920,0.967370,18286.346000
24.045450,6926.900000,24.027780,20240607202153.000000,8.000000,16409.258000,56321.083000,0.412230,84.432610,-0.280630,0.643990,-0.280630,0.643990,-781.554090,0.000030,-781.554090,0.000030,2051.633900,5.691560,0.763950,5.691560,0.763950,14845.414000
24.068180,6926.900000,23.937440,20240607202452.000000,8.000000,17343.321000,90710.649000,0.438000,34.053640,-0.256930,0.968100,-0.256930,0.968100,275192.140340,0.028290,268685.869680,0.030880,2053.123410,8.068700,0.979450,12.587170,0.994360,17028.385000
27.524550,6926.900000,24.072090,20240607202750.000000,8.000000,243234.238000,-60346.379000,0.402120,126.285330,-0.126820,0.937770,-0.209560,0.944110,-8606656.836890,0.009820,-8606656.836890,0.009820,2052.015270,2.611490,0.989100,3.537020,0.995580,17123.633000
-70.250910,6926.900000,-61.137220,20240607203037.000000,8.000000,2188.454000,115815.005000,-0.541240,21.401730,-9.270550,0.991900,-9.270550,0.991900,1445.156200,0.060810,1445.156200,0.060810,2049.365350,209.645370,0.991650,216.286510,0.991740,18179.288000
32.630450,6926.900000,157.850110,20240607203338.000000,8.000000,1355.445000,211334.802000,-0.540130,155.573470,0.407210,0.575970,0.821340,0.665160,-47.526310,0.001100,-24.978580,0.000330,2054.436200,-2.110820,0.623270,-2.110820,0.623270,13784.861000
23.574550,6926.900000,23.497780,20240607203626.000000,8.000000,851.100000,71971.297000,-0.515000,23.107720,-1.531740,0.985670,-1.531740,0.985670,306.242940,0.037320,306.242940,0.037320,2047.955630,30.873720,0.978200,30.873720,0.978200,18440.025000
22.889090,6926.900000,22.870780,20240607212153.000000,8.000000,1730950.095000,64760.822000,0.412000,84.417020,0.227780,0.784300,0.227780,0.784300,1351450.429450,0.005540,2668334.726890,0.007520,2056.629810,-3.789390,0.836120,-3.789390,0.836120,15309.417000
22.871820,6926.900000,22.776000,20240607212453.000000,8.000000,-20938.497000,-27919.104000,0.438000,33.981120,-0.238250,0.950630,-0.238250,0.950630,171667.850880,0.011820,166807.473460,0.011770,2055.775930,8.264480,0.968860,13.887930,0.989610,17032.760000
26.821360,6926.900000,22.953740,20240607212751.000000,8.000000,196029.117000,114532.734000,0.402000,126.473010,-0.183130,0.947910,-0.183130,0.947910,-268109.172900,0.020100,-268109.172900,0.020100,2056.555680,3.230330,0.975670,4.843430,0.984860,16901.514000
-69.790910,6926.900000,-61.370220,20240607213040.000000,8.000000,919994.871000,148569.234000,-0.541240,21.311010,-0.743450,0.991420,-0.743450,0.991420,24931981.276000,0.003030,27567848.297890,0.010810,2053.731400,16.616390,0.992810,18.044220,0.993510,17316.602000
32.284550,6926.900000,158.341100,20240607213340.000000,8.000000,317609.094000,-90455.607000,-0.539350,155.100960,-0.018000,0.008940,-0.011470,0.007540,252198.413760,0.015420,251472.015580,0.015400,2054.118640,1.502580,0.320390,1.663910,0.325110,13344.713000
22.568180,6926.900000,22.493560,20240607213628.000000,8.000000,-18485.312000,43744.373000,-0.519760,22.995280,-1.698530,0.984840,-1.698530,0.984840,-26289.512120,0.004820,-26289.512120,0.004820,2049.428460,34.124620,0.976950,34.124620,0.976950,17207.137000
22.105000,6926.900000,22.082330,20240607222153.000000,8.000000,-24227.218000,12304.114000,0.411770,84.397760,-0.353040,0.835720,-0.353040,0.835720,71544.065750,0.000110,71544.065750,0.000110,2042.188440,5.832540,0.835400,6.638670,0.808240,14507.744000
22.099550,6926.900000,22.030110,20240607222451.000000,8.000000,-1224.147000,29244.636000,0.438760,33.940040,-0.236950,0.948840,-0.236950,0.948840,-75583.336330,0.011290,-75583.336330,0.011290,2041.844770,7.938440,0.969830,14.706280,0.994970,16407.279000
26.527270,6926.900000,22.262530,20240607222750.000000,8.000000,6440.612000,-124172.420000,0.401770,126.350470,-0.158600,0.848530,-0.158600,0.848530,3962.729080,0.023540,3962.729080,0.023540,2041.394030,3.325660,0.907150,9.722500,0.982420,16113.407000
-69.740000,6926.900000,-61.602890,20240607223038.000000,8.000000,13725.003000,-49731.994000,-0.541240,21.185240,-9.188890,0.979930,-9.188890,0.979930,1135.448290,0.000030,1135.448290,0.000030,2040.647230,206.354790,0.982330,249.221150,0.986390,16725.129000
31.033640,6926.900000,157.424400,20240607223337.000000,8.000000,1852.423000,104851.631000,-0.540000,154.573080,-3.565320,0.554030,-11.729530,0.605060,-23751.813430,0.003840,-23751.813430,0.003840,2104.955830,-1.818380,0.378540,-1.818380,0.378540,13077.920000
21.872270,6926.900000,21.839440,20240607223624.000000,8.000000,1285.665000,212040.476000,-0.522000,22.857100,-1.739400,0.983640,-1.739400,0.983640,967.031390,0.005800,967.031390,0.005800,2038.815210,35.776430,0.974350,35.776430,0.974350,17023.690000
20.524090,6926.900000,20.543780,20240607232153.000000,8.000000,-160.493000,208837.988000,0.409470,84.421770,0.105020,0.189490,0.114020,0.251240,3304.243500,0.000730,3304.243500,0.000730,2145.756430,13.738770,0.917750,13.738770,0.917750,16488.478000
20.340910,6926.900000,20.372560,20240607232452.000000,8.000000,1287742.773000,231318.369000,0.438000,33.851430,0.253660,0.997280,0.253660,0.997280,1242310.854110,0.032410,1242310.854110,0.032410,2150.947800,-1.942890,0.977590,-3.250480,0.996070,17112.524000
25.536820,6926.900000,20.501650,20240607232750.000000,8.000000,-417601.965000,-80279.853000,0.401890,126.574820,-0.362400,0.953670,-0.362400,0.953670,-45538541.927280,0.008040,-45538541.927280,0.008040,2112.504870,5.384860,0.993260,6.910960,0.998280,16737.570000
-70.292270,6926.900000,-61.756440,20240607233037.000000,8.000000,712595.413000,67913.001000,-0.542000,20.987770,-2.855000,0.985180,-2.855000,0.985180,620394.172360,0.002330,620394.172360,0.002330,2095.363260,62.932020,0.985950,76.105330,0.989990,17112.354000
29.110910,6926.900000,156.447690,20240607233336.000000,8.000000,3554.812000,46661.083000,-0.539780,154.158340,0.538900,0.900210,0.538900,0.900210,-8969.258990,0.001980,-4930.061310,0.002560,2094.027980,0.649160,0.455820,3.375580,0.609200,15017.926000
19.941820,6926.900000,19.983780,20240607233623.000000,8.000000,587245.467000,238408.136000,-0.528000,22.683740,-0.732650,0.976020,-0.732650,0.976020,115390.405150,0.003300,468672.311600,0.007730,2137.988840,13.343850,0.964980,13.343850,0.964980,17132.023000
19.466360,6926.900000,19.500000,20240608000433.000000,8.000000,1050.198000,176936.784000,0.412000,84.410960,-1.166160,0.953230,-1.166160,0.953230,3811.534970,0.009070,113.833030,0.005650,2111.052900,12.774700,0.934690,12.774700,0.934690,15889.214000
19.318180,6926.900000,19.389000,20240608000731.000000,8.000000,3931.414000,49781.287000,0.438230,33.772970,-0.223660,0.964380,-0.223660,0.964380,4901.789020,0.004650,4901.789020,0.004650,2089.210030,7.466280,0.983190,11.200410,0.995410,16268.319000
24.863180,6926.900000,19.590990,20240608001031.000000,8.000000,-545148.663000,272930.506000,0.400890,126.504990,-0.358590,0.962770,-0.358590,0.962770,-468.456530,0.000000,-468.456530,0.000000,2085.963220,5.800690,0.991530,6.932790,0.995090,16086.237000
-70.128640,6926.900000,-61.962890,20240608001318.000000,8.000000,668867.410000,39452.245000,-0.541000,20.838500,-3.303960,0.982140,-3.363050,0.982790,-2948336.910850,0.024300,-2948336.910850,0.024300,2090.176620,72.773660,0.983130,82.450200,0.984910,16759.850000
28.234550,6926.900000,155.390000,20240608001617.000000,8.000000,987604.569000,588882.579000,-0.539120,153.471690,0.004960,0.199460,0.097100,0.435780,-3237129.786030,0.001230,-3237129.786030,0.001230,2093.992410,-0.025560,0.475150,-0.130170,0.674560,14628.205000
19.245450,6926.900000,19.290000,20240608001905.000000,8.000000,1063420.111000,164790.650000,-0.530240,22.497800,0.111950,0.976580,0.111950,0.976580,65500.771520,0.000060,65500.771520,0.000060,2098.503750,-2.000620,0.965290,-2.000620,0.965290,16716.787000
19.291820,6926.900000,19.305670,20240608002207.000000,8.000000,747405.826000,-322068.278000,0.411770,84.415790,-0.338730,0.911360,-0.338730,0.911360,-481462.698610,0.006710,-244205.002030,0.006140,2088.328610,3.779330,0.847650,3.779330,0.847650,15534.884000
19.230450,6926.900000,19.278110,20240608002506.000000,8.000000,1755438.192000,573777.205000,0.438760,33.749510,0.275750,0.974700,0.275750,0.974700,-10792677.202970,0.001360,-10792677.202970,0.001360,2067.829990,-4.265600,0.992650,-4.265600,0.992650,16471.333000
23.124090,6926.900000,19.347140,20240608002805.000000,8.000000,400154.991000,393416.645000,0.399350,126.579240,-0.078710,0.881610,-0.078710,0.881610,448118644.366310,0.000880,-13913286.920630,0.000800,2056.586280,2.325160,0.995360,2.524630,0.996060,15530.761000
-70.225910,6926.900000,-61.854110,20240608003053.000000,8.000000,-687524.841000,182056.992000,-0.540240,20.768840,-18.390500,0.991990,-18.390500,0.991990,-518860.438040,0.004370,-524914.561270,0.004380,2109.630060,381.506070,0.990410,382.814820,0.990410,16662.144000
27.451360,6926.900000,154.961210,20240608003352.000000,8.000000,1600.605000,-35103.554000,-0.539900,153.482040,-1.862880,0.959830,-1.862880,0.959830,-5459.882900,0.039820,-5238.647990,0.040250,2084.429370,-1.110790,0.719030,-2.277410,0.768400,14384.660000
18.765910,6926.900000,18.808670,20240608003639.000000,8.000000,-586040.472000,236638.670000,-0.531240,22.417080,-2.630860,0.964270,-2.630860,0.964270,3288349.281980,0.000020,3288349.281980,0.000020,2067.954210,52.652300,0.958810,52.652300,0.958810,15792.129000
17.949090,6926.900000,17.989440,20240608012206.000000,8.000000,883029.109000,767910.865000,0.410770,84.385790,-0.161750,0.917720,-0.161750,0.917720,-143593.322320,0.000250,-143593.322320,0.000250,2079.989390,2.301300,0.889150,2.301300,0.889150,15139.605000
17.855450,6926.900000,17.963440,20240608012504.000000,8.000000,2147480.000000,388754.772000,0.439000,33.641300,0.284830,0.815660,1.137820,0.930710,-1472754.790530,0.031530,-2217873.925210,0.041740,2079.262570,-7.880730,0.982450,-12.034320,0.996110,15731.006000
22.438640,6926.900000,18.101980,20240608012803.000000,8.000000,703.415000,-27063.304000,0.401770,126.578220,-0.169200,0.923600,-0.169200,0.923600,2767.623770,0.044370,3155.148790,0.051180,2079.938550,3.764850,0.995170,3.895600,0.995310,15463.779000
-70.340450,6926.900000,-62.119110,20240608013050.000000,8.000000,2143884.749000,453581.366000,-0.541000,20.491510,12.357910,0.979730,12.357910,0.979730,1039363.996900,0.001050,1039363.996900,0.001050,2090.927020,-278.406220,0.980990,-331.260770,0.984390,16158.949000
28.702730,6926.900000,154.883630,20240608013349.000000,8.000000,56265.655000,310810.718000,-0.538890,152.630000,0.532570,0.678850,0.532570,0.678850,-110179.803310,0.040950,-138697.420730,0.088720,2098.486290,-0.331690,0.143680,-0.910170,0.249660,14581.666000
17.690000,6926.900000,17.735670,20240608013637.000000,8.000000,29773.826000,30882.955000,-0.535000,22.115300,-1.507680,0.965950,-1.507680,0.965950,-7939.667970,0.001010,-8130.224140,0.001250,2091.328440,30.364470,0.949860,30.364470,0.949860,15573.889000
17.052730,6926.900000,17.131890,20240608022206.000000,8.000000,78195.690000,-132304.988000,0.411000,84.359340,-0.757400,0.952740,-0.757400,0.952740,3335.670690,0.000250,193662.991070,0.014130,2083.463000,12.431010,0.950970,12.431010,0.950970,15036.454000
17.002270,6926.900000,17.131110,20240608022506.000000,8.000000,50000.998000,962417.871000,0.439000,33.549200,-0.180160,0.923400,-0.180160,0.923400,-11576.407070,0.170440,-11576.407070,0.170440,2083.638130,6.618610,0.985550,9.433790,0.994890,15545.139000
21.619090,6926.900000,17.358350,20240608022808.000000,8.000000,2334861.355000,572587.882000,0.399120,126.583660,0.166840,0.851410,0.166180,0.850530,1624730.468610,0.002510,1624730.468610,0.002510,2085.705420,-5.029530,0.982540,-7.690980,0.994910,15625.307000
-71.019550,6926.900000,-62.168780,20240608023055.000000,8.000000,-2679910.309000,296586.095000,-0.540240,20.260070,-37.582250,0.982640,-37.582250,0.982640,12923469.153790,0.015380,12923469.153790,0.015380,2102.328550,854.681760,0.983990,1008.136750,0.987040,15950.219000
27.237270,6926.900000,153.857030,20240608023354.000000,8.000000,-136515.779000,780038.861000,-0.538350,151.871360,0.016360,0.007250,0.016360,0.007250,-1051548.566670,0.011150,-6665883.664120,0.040210,2100.722420,-0.186730,0.060350,-0.100690,0.020110,14744.332000
17.034550,6926.900000,17.108670,20240608023642.000000,8.000000,-49865.523000,771636.284000,-0.537510,21.831470,-1.832220,0.969350,-1.832220,0.969350,-259032.160220,0.003260,86.946210,0.000000,2100.089770,34.995500,0.956100,34.995500,0.956100,15770.614000
16.369090,6926.900000,16.429220,20240608032206.000000,8.000000,1171352.727000,474418.106000,0.410000,84.352210,0.144790,0.912700,0.144790,0.912700,1096740.637290,0.055770,899093.745160,0.062840,2157.517490,-2.242160,0.902340,-2.242160,0.902340,14586.797000
16.241360,6926.900000,16.382330,20240608032505.000000,8.000000,2443237.282000,891701.714000,0.439000,33.473680,0.278160,0.864970,0.278160,0.864970,10288191.829800,0.046880,10288191.829800,0.046880,2165.453400,-9.778720,0.983160,-14.235460,0.994090,14963.508000
20.916820,6926.900000,16.604620,20240608032805.000000,8.000000,2611348.682000,947264.100000,0.398770,126.477910,0.331630,0.956500,0.331630,0.956500,753085.888330,0.030330,753085.888330,0.030330,2173.455880,-5.980470,0.995110,-7.067070,0.997520,15123.951000
-70.490910,6926.900000,-62.147440,20240608033053.000000,8.000000,2631746.872000,1108993.554000,-0.540510,20.053900,16.739660,0.987320,16.739660,0.987320,1119774.967520,0.002560,1073758.357430,0.006720,2174.806190,-356.411970,0.986780,-393.582270,0.987820,15239.150000
26.075910,6926.900000,152.762640,20240608033352.000000,8.000000,2147480.000000,1446310.260000,-0.538890,151.371900,-0.562500,0.526960,-0.628260,0.517570,-323105.926650,0.000710,-187651.228980,0.000440,2167.945050,0.518890,0.497440,0.518890,0.497440,13624.017000
16.309090,6926.900000,16.387440,20240608033639.000000,8.000000,661851.273000,1148131.614000,-0.538000,21.575690,-0.596310,0.960780,-0.596310,0.960780,-3301828.275180,0.017250,-3288962.920360,0.017310,2167.423330,11.563800,0.948660,11.563800,0.948660,14938.167000
16.374090,6926.900000,16.449000,20240608042206.000000,8.000000,-3123607.273000,1107401.317000,0.410000,84.330710,-5.250510,0.938020,-5.250510,0.938020,859980.837090,0.060710,237351.816400,0.029460,2169.514570,80.686170,0.927770,80.686170,0.927770,15049.985000
16.316360,6926.900000,16.450000,20240608042506.000000,8.000000,2147480.000000,1147001.225000,0.439000,33.404170,0.063040,0.198160,0.063040,0.198160,308548.224240,0.038850,308548.224240,0.038850,2156.717680,-8.091060,0.981580,-12.365680,0.995000,15220.135000
20.481820,6926.900000,16.714730,20240608042806.000000,8.000000,1127256.017000,1484978.211000,0.398120,126.566480,0.033290,0.858670,0.033290,0.858670,-32124.205370,0.011580,-71141.602220,0.018010,2166.446700,-0.484130,0.987900,-0.674240,0.996720,15440.420000
-70.412270,6926.900000,-62.088000,20240608043053.000000,8.000000,780901.818000,911999.492000,-0.540510,19.885210,-2.138760,0.984600,-2.138760,0.984600,-352292.142410,0.113850,-214454.775270,0.114190,2145.742070,46.802520,0.985000,51.871460,0.986110,15504.730000
25.611820,6926.900000,152.426150,20240608043352.000000,8.000000,2147480.000000,1403196.838000,-0.538780,151.356460,-2.479400,0.941160,-2.839490,0.937770,-1198146.605300,0.001730,-1138195.839500,0.001710,2143.621100,-2.133970,0.821420,-2.576520,0.817840,14284.509000
16.460450,6926.900000,16.548560,20240608043639.000000,8.000000,2748164.601000,1270568.408000,-0.538000,21.340780,3.401970,0.957910,3.401970,0.957910,44092299.703000,0.008370,2941107.510800,0.006020,2168.440440,-64.707380,0.947750,-64.707380,0.947750,15650.366000
16.709550,6926.900000,16.765780,20240608052206.000000,8.000000,54822.409000,1214498.357000,0.410000,84.267240,-0.987100,0.915480,-0.987100,0.915480,-16407.081090,0.020980,-16407.081090,0.020980,2170.043920,11.397070,0.894070,11.397070,0.894070,15181.653000
16.761820,6926.900000,16.847330,20240608052505.000000,8.000000,2537930.909000,601334.350000,0.439000,33.342310,0.555640,0.973940,0.555640,0.973940,-496017.904420,0.008570,-565739.509980,0.015750,2156.763220,-10.163800,0.981670,-15.431580,0.996250,15494.771000
21.089550,6926.900000,17.139450,20240608052805.000000,8.000000,1469388.300000,699804.070000,0.398000,126.606490,-0.006480,0.005040,1.114830,0.272870,-204527.673070,0.000360,-204527.673070,0.000360,2140.987340,-1.749920,0.982400,-1.749920,0.982400,15388.228000
-70.766820,6926.900000,-62.130110,20240608053052.000000,8.000000,2212798.602000,887404.744000,-0.540760,19.768860,13.782590,0.989860,13.782590,0.989860,-1010491.634220,0.011540,-5797406.995680,0.036670,2210.736080,-271.497220,0.988540,-271.497220,0.988540,15942.085000
24.838640,6926.900000,151.899340,20240608053351.000000,8.000000,2929427.949000,205065.806000,-0.538900,150.992820,-1.253300,0.654440,-1.330110,0.631110,1176730.147940,0.000400,1176730.147940,0.000400,2165.591060,-0.863930,0.211820,-0.863930,0.211820,14700.332000
16.810450,6926.900000,16.864780,20240608053638.000000,8.000000,1994426.818000,770833.953000,-0.537240,21.169240,1.932680,0.971110,1.932680,0.971110,-54665.908440,0.000690,-54665.908440,0.000690,2181.295100,-35.724880,0.956750,-21.153490,0.327140,15678.767000
17.172270,6926.900000,17.214560,20240608062206.000000,8.000000,2537930.909000,534945.023000,0.410000,84.313970,1.198680,0.886350,1.211020,0.882050,240052.308760,0.007480,240052.308760,0.007480,2139.827140,-23.747350,0.885330,-23.747350,0.885330,15339.814000
17.075910,6926.900000,17.173110,20240608062505.000000,8.000000,1736958.471000,1033982.787000,0.438760,33.329310,0.200480,0.959760,0.200480,0.959760,11152694.975900,0.012440,195.702000,0.000000,2152.841040,-5.174830,0.977200,-8.730640,0.995810,15580.301000
21.190450,6926.900000,17.234180,20240608062804.000000,8.000000,2182495.077000,659232.479000,0.398000,126.643890,0.180480,0.890780,0.180480,0.890780,-2001086.408030,0.000000,-2001086.408030,0.000000,2155.978970,-4.504550,0.991070,-5.950730,0.997390,15261.123000
-70.340450,6926.900000,-62.100670,20240608063051.000000,8.000000,2050536.113000,680134.054000,-0.539240,19.668870,10.509760,0.989210,10.509760,0.989210,-4172663.120230,0.018390,-4172663.120230,0.018390,2163.181240,-220.944110,0.988240,-221.606840,0.988240,15674.583000
24.553640,6926.900000,151.798460,20240608063350.000000,8.000000,58156.220000,1097964.724000,-0.538010,151.156770,0.626710,0.593840,0.626710,0.593840,-7604.114350,0.010360,-7604.114350,0.010360,2165.049320,-0.362990,0.360480,-0.371930,0.360280,14549.868000
17.036820,6926.900000,17.102330,20240608063637.000000,8.000000,1001210.594000,1553819.975000,-0.537000,21.063210,0.002460,0.968720,0.002460,0.968720,147316.201070,0.013080,147316.201070,0.013080,2176.531470,-0.045350,0.950010,-0.045350,0.950010,15681.854000
17.736820,6926.900000,17.762560,20240608072206.000000,8.000000,1054.600000,681840.635000,0.409000,84.310220,-0.821320,0.939510,-0.829620,0.937610,3.943170,0.004790,3.943170,0.004790,2251.638080,11.758470,0.932130,11.758470,0.932130,15552.557000
17.700000,6926.900000,17.770670,20240608072504.000000,8.000000,2495950.182000,1322861.030000,0.438000,33.317030,0.260550,0.650470,0.260550,0.650470,-489237.126070,0.012330,-489237.126070,0.012330,2249.107810,-8.342290,0.989010,-11.300270,0.996330,15906.651000
21.985450,6926.900000,18.045600,20240608072805.000000,8.000000,1073.202000,480905.119000,0.397890,126.620000,-0.254170,0.905920,-0.634970,0.944290,-63.967230,0.024710,-78.976750,0.035120,2241.729390,3.482510,0.982440,5.150960,0.994050,15761.190000
-70.140000,6926.900000,-61.944220,20240608073053.000000,8.000000,11116.979000,125020.771000,-0.540510,19.612740,-10.630530,0.990260,-10.811770,0.990430,5047.456150,0.001560,5047.456150,0.001560,2237.047970,210.329210,0.989950,214.544080,0.989980,15986.637000
24.152270,6926.900000,152.031980,20240608073353.000000,8.000000,2762816.759000,544530.454000,-0.538890,151.620400,1.923880,0.676840,4.872550,0.783690,-29841.055120,0.000640,-29841.055120,0.000640,2224.190970,-0.314870,0.035810,-1.532540,0.037820,14579.271000
17.924090,6926.900000,17.986000,20240608073642.000000,8.000000,-316874.302000,464964.890000,-0.535000,21.007120,-2.722490,0.967740,-2.722490,0.967740,-667709.163240,0.005470,-667709.163240,0.005470,2208.974590,47.954090,0.960260,47.954090,0.960260,16010.671000
19.345450,6926.900000,19.330440,20240608082206.000000,8.000000,-83961.689000,520907.136000,0.409000,84.294780,-0.718780,0.960130,-0.718780,0.960130,-16165.811740,0.003110,-120622.498890,0.012650,2164.380640,5.828540,0.953930,5.828540,0.953930,16122.883000
19.389090,6926.900000,19.420560,20240608082505.000000,8.000000,590603.151000,413332.093000,0.438000,33.337400,-0.094820,0.961320,-0.094820,0.961320,-735978.661250,0.058860,-735978.661250,0.058860,2153.649460,2.295710,0.950000,5.024310,0.990070,16755.456000
21.950000,6926.900000,19.700110,20240608082805.000000,8.000000,2396111.000000,1026601.879000,0.396230,126.487460,0.177440,0.726330,0.177440,0.726330,-890425.923120,0.067570,-890425.923120,0.067570,2140.713750,-5.251860,0.966210,-8.992080,0.987650,16463.581000
-70.431820,6926.900000,-61.844670,20240608083052.000000,8.000000,-597342.212000,656760.876000,-0.539490,19.674490,-15.754640,0.988020,-16.034750,0.988460,-33620.743230,0.000110,-33620.743230,0.000110,2150.343610,330.331360,0.988750,350.343760,0.989110,16974.127000
23.850450,6926.900000,152.230440,20240608083353.000000,8.000000,2632343.083000,101213.115000,-0.538360,151.863310,1.945740,0.805090,1.945740,0.805090,17288560.579800,0.005880,17288560.579800,0.005880,2148.539080,4.189930,0.800260,4.171410,0.796740,15672.472000
19.862270,6926.900000,19.862670,20240608083640.000000,8.000000,788653.066000,215272.707000,-0.531000,21.049030,-0.424810,0.969870,-0.424810,0.969870,-4232862.979710,0.012960,-4232862.979710,0.012960,2131.931880,7.698310,0.957830,7.698310,0.957830,17183.513000
21.668640,6926.900000,21.684440,20240608092206.000000,8.000000,58879.039000,452414.541000,0.409530,84.321090,-0.546130,0.902040,-0.546130,0.902040,424363.363550,0.038580,468775.440600,0.043520,2061.732130,9.040050,0.878680,9.040050,0.878680,15241.171000
21.559090,6926.900000,21.518780,20240608092505.000000,8.000000,12348.172000,427490.029000,0.438240,33.386110,-0.262110,0.954900,-0.262110,0.954900,-6443.837490,0.005490,-6788.861810,0.008330,2064.748700,5.193470,0.995810,5.758050,0.996780,16239.696000
23.847730,6926.900000,21.839780,20240608092804.000000,8.000000,1533240.545000,124574.960000,0.396230,126.575220,0.127710,0.964230,0.127710,0.964230,31607077.062640,0.006400,255591693.206880,0.028060,2065.066400,-1.619510,0.962660,-1.619510,0.962660,15902.121000
-70.290450,6926.900000,-61.673330,20240608093052.000000,8.000000,512572.336000,243112.340000,-0.540240,19.802780,-4.518450,0.990710,-4.518450,0.990710,3348384.059370,0.006120,3348384.059370,0.006120,2061.650470,96.692900,0.991960,103.565450,0.992430,16587.399000
25.338180,6926.900000,153.462860,20240608093352.000000,8.000000,-831507.685000,222905.219000,-0.539120,152.688020,-0.064230,0.216420,-0.064230,0.216420,1321705.649670,0.028830,1328903.599550,0.028830,2061.771450,1.018860,0.486480,1.047210,0.209130,13908.038000
21.964550,6926.900000,21.961780,20240608093639.000000,8.000000,2133896.818000,473801.625000,-0.525000,21.177770,1.995890,0.972330,1.995890,0.972330,-1128354.472520,0.010580,-1183210.420040,0.010830,2058.308900,-37.651610,0.961010,-37.651610,0.961010,16719.897000
23.005000,6926.900000,23.038780,20240608102206.000000,8.000000,-568202.539000,65421.912000,0.408760,84.293500,-0.736970,0.826820,-0.739400,0.821430,1108574.093080,0.073840,1119159.597360,0.089010,2049.109090,12.073890,0.838280,12.073890,0.838280,14083.030000
23.061360,6926.900000,23.012220,20240608102506.000000,8.000000,-290699.183000,313549.438000,0.437770,33.422080,-0.203520,0.901470,-0.222840,0.907340,508479.318280,0.001680,508479.318280,0.001680,2049.240670,6.295130,0.993990,7.104450,0.995150,15211.012000
25.355910,6926.900000,23.179340,20240608102805.000000,8.000000,720135.984000,447526.192000,0.396770,126.491200,-0.051840,0.969670,-0.051840,0.969670,368913.710000,0.005920,737424.741820,0.008230,2050.830260,0.911330,0.995180,1.038780,0.996960,15521.843000
-69.995000,6926.900000,-61.239440,20240608103053.000000,8.000000,15912.341000,110618.245000,-0.540240,19.934120,-9.038080,0.987880,-9.038080,0.987880,-116521.937710,0.048880,-146108.981220,0.113780,2049.525870,194.699320,0.989270,198.929640,0.989310,16285.578000
30.071820,6926.900000,156.076700,20240608103352.000000,8.000000,1269740.050000,-28573.751000,-0.538460,153.360630,-0.032720,0.549330,-0.032440,0.547370,-10088424.333630,0.009170,-10088424.333630,0.009170,2053.589790,0.081760,0.287800,0.081760,0.287800,13863.651000
23.203180,6926.900000,23.235440,20240608103640.000000,8.000000,3793.363000,-143387.686000,-0.519000,21.361300,-1.749720,0.968680,-1.749720,0.968680,-4423.077100,0.006800,-4423.077100,0.006800,2054.097940,32.503310,0.954830,32.503310,0.954830,15913.141000
23.892270,6926.900000,23.881110,20240608112206.000000,8.000000,57977.595000,183695.575000,0.409530,84.315180,-0.255170,0.897930,-0.254870,0.896530,831759.642020,0.033120,826305.434700,0.033220,2049.970810,3.412560,0.926570,3.412560,0.926570,13869.043000
23.796360,6926.900000,23.741110,20240608112505.000000,8.000000,-554516.500000,138237.368000,0.438000,33.470810,0.001170,0.000190,0.001170,0.000190,228234.567000,0.006810,459218.152740,0.009160,2049.745430,5.510520,0.993880,5.510520,0.993880,15335.775000
26.303640,6926.900000,24.021210,20240608112804.000000,8.000000,-202443.513000,158575.469000,0.394580,126.326570,-0.284660,0.922850,-0.284660,0.922850,-17942.933390,0.000050,-17942.933390,0.000050,2052.886420,4.054150,0.958760,7.178100,0.982440,15930.693000
-69.553180,6926.900000,-61.127890,20240608113051.000000,8.000000,538518.505000,97750.476000,-0.541240,20.077840,-4.325480,0.981560,-4.325480,0.981560,20085.166100,0.000160,20085.166100,0.000160,2050.027030,92.788000,0.983280,116.442510,0.988270,16184.867000
31.522730,6926.900000,157.425930,20240608113350.000000,8.000000,-883560.931000,61670.053000,-0.539890,154.242270,0.048800,0.002000,2.483920,0.153780,-154053.409440,0.000620,-1441150.093700,0.003170,2051.071370,-0.576200,0.069980,15.974170,0.117870,13764.656000
24.123180,6926.900000,24.129110,20240608113637.000000,8.000000,174418.042000,124313.450000,-0.515000,21.573190,-1.505660,0.976820,-1.505660,0.976820,25564.183600,0.001910,25564.183600,0.001910,2048.128620,28.010580,0.964580,28.010580,0.964580,16235.630000
24.773180,6926.900000,24.759780,20240608122206.000000,8.000000,-69980.150000,157278.680000,0.407230,84.334140,-0.316090,0.855060,-0.319390,0.850520,25163.464720,0.003990,114792.547210,0.010360,2045.854560,4.330480,0.880610,4.330480,0.880610,13063.872000
25.122730,6926.900000,25.295220,20240608122505.000000,8.000000,-894.520000,338845.260000,0.437000,33.627070,-0.211600,0.920400,-0.490060,0.933790,1576.458720,0.033650,1489.160260,0.033860,2045.137710,5.906050,0.967950,9.329010,0.982820,14858.057000
27.334090,6926.900000,24.932640,20240608122804.000000,8.000000,685725.806000,215836.307000,0.395120,126.244300,-0.046850,0.951230,-0.046850,0.951230,1159197.778410,0.018250,1122215.054430,0.019830,2045.609090,0.892200,0.995300,0.892200,0.995300,15456.596000
-69.680910,6926.900000,-60.972000,20240608123052.000000,8.000000,696258.227000,895153.026000,-0.541760,20.250360,-2.799810,0.990610,-2.799810,0.990610,208187.815140,0.000100,208187.815140,0.000100,2045.931140,59.635760,0.991670,64.452510,0.992260,16371.947000
32.671360,6926.900000,158.392200,20240608123351.000000,8.000000,2811.910000,-81958.993000,-0.539240,154.788180,0.025550,0.101530,0.177480,0.113800,404.734150,0.000010,404.734150,0.000010,2046.705110,-0.414380,0.237970,-16.451200,0.775380,12890.884000
24.996820,6926.900000,24.979220,20240608123640.000000,8.000000,-154325.768000,127096.218000,-0.511000,21.791560,-2.008410,0.975700,-2.008410,0.975700,237520.518580,0.009030,237520.518580,0.009030,2044.372600,37.329390,0.962560,37.329390,0.962560,16086.025000
28.275910,6926.900000,28.255110,20240608132206.000000,8.000000,-485853.932000,162108.482000,0.407000,84.347470,-1.420830,0.896070,-1.420830,0.896070,-299931.850640,0.001350,-223197.643450,0.001720,2053.882390,22.406530,0.889040,22.406530,0.889040,15584.347000
25.912730,6926.900000,25.881220,20240608132504.000000,8.000000,198097.817000,61635.912000,0.437000,33.662300,-0.123870,0.925700,-0.123870,0.925700,-1303717.574210,0.003310,-1296980.777650,0.003310,2051.095350,3.904170,0.987180,4.817570,0.990570,15940.314000
28.386820,6926.900000,25.891760,20240608132803.000000,8.000000,-55949.422000,-260631.089000,0.394120,124.734420,-0.132590,0.805140,-0.154830,0.811980,-109418.248510,0.012050,-109418.248510,0.012050,2050.473390,2.835690,0.892500,2.800360,0.889250,16294.538000
-69.376820,6926.900000,-60.753670,20240608133050.000000,8.000000,356989.482000,120480.196000,-0.541760,20.414820,-6.113790,0.991890,-6.113790,0.991890,13857116.628070,0.035330,13857116.628070,0.035330,2052.309290,129.753270,0.993010,139.301450,0.993490,17095.334000
33.147730,6926.900000,159.100990,20240608133350.000000,8.000000,1854782.641000,334932.480000,-0.539890,155.409050,0.250740,0.946580,0.250740,0.946580,-1755181.475840,0.001070,-1755181.475840,0.001070,2053.688860,-0.919730,0.619910,-0.900320,0.616160,15225.174000
25.854090,6926.900000,25.821110,20240608133638.000000,8.000000,-40848.152000,-10448.342000,-0.508530,21.993430,-1.810800,0.971060,-1.810800,0.971060,-102348.681600,0.056920,-102348.681600,0.056920,2048.103110,33.570650,0.956960,33.570650,0.956960,16571.175000
26.163180,6926.900000,26.167670,20240608142206.000000,8.000000,7902.337000,202956.995000,0.406770,84.396600,-0.338630,0.842200,-0.341450,0.837370,-13911.443620,0.001420,-9472.548340,0.003190,2053.199570,4.299520,0.836800,4.299520,0.836800,14185.332000
26.266360,6926.900000,26.336780,20240608142505.000000,8.000000,184044.660000,-82493.222000,0.436000,33.845880,-0.175920,0.959800,-0.175920,0.959800,-1133369.329700,0.078740,-122586.118630,0.019720,2053.783850,4.552280,0.966010,8.454250,0.989940,15138.412000
29.270450,6926.900000,26.470330,20240608142803.000000,8.000000,292058.414000,281124.419000,0.393770,117.329220,-0.118090,0.897320,-0.118090,0.897320,89824.807410,0.000680,89824.807410,0.000680,2051.445900,2.129590,0.989140,2.218020,0.989320,16353.035000
-68.911820,6926.900000,-60.603000,20240608143051.000000,8.000000,3299.803000,191515.090000,-0.541240,20.610280,-10.098040,0.989580,-10.098040,0.989580,742.074440,0.000140,22516.657440,0.031080,2064.663250,204.914820,0.988950,225.092810,0.989890,17371.767000
33.515910,6926.900000,159.781100,20240608143350.000000,8.000000,-161681.693000,183747.099000,-0.540660,156.076800,-0.015580,0.006670,-0.015580,0.006670,-73815.587400,0.000020,-162716.267820,0.010460,2046.769440,0.925780,0.877070,1.398450,0.890160,13748.720000
26.976820,6926.900000,26.892110,20240608143639.000000,8.000000,1070278.686000,122038.317000,-0.504760,22.202600,0.135400,0.968970,0.135400,0.968970,27791.822160,0.002370,283200.811080,0.014500,2044.075160,-2.608920,0.954800,-2.608920,0.954800,15799.398000
26.537730,6926.900000,26.501440,20240608152207.000000,8.000000,-2733999.073000,-108257.291000,0.403770,84.366620,-0.143960,0.227110,-0.143960,0.227110,-4617807.919330,0.139330,-4617807.919330,0.139330,2041.338050,12.492620,0.787200,12.492620,0.787200,13645.103000
26.409550,6926.900000,26.372110,20240608152505.000000,8.000000,-593991.480000,280884.684000,0.435240,33.831410,-0.350230,0.961920,-0.350230,0.961920,-477375.776900,0.002090,-477375.776900,0.002090,2041.482990,9.431680,0.982880,14.196450,0.996350,15295.631000
28.810000,6926.900000,26.485490,20240608152804.000000,8.000000,989890.339000,419203.258000,0.391220,121.755590,-0.001810,0.950420,-0.001810,0.950420,-6357073.858120,0.043010,-3701886.699880,0.037200,2041.172220,0.037750,0.992800,0.049600,0.997910,15290.986000
-68.063180,6926.900000,-60.426670,20240608153051.000000,8.000000,693125.924000,-67231.062000,-0.541760,20.678430,-2.954790,0.989410,-2.954790,0.989410,-3142747.831590,0.015500,-3142747.831590,0.015500,2039.737490,62.947400,0.990210,72.675470,0.992450,17127.529000
32.858180,6926.900000,159.690990,20240608153351.000000,8.000000,-1380857.872000,-36380.582000,-0.540660,156.352450,-0.141960,0.043510,-3.941920,0.098150,13376780.841310,0.001800,13376780.841310,0.001800,2044.097960,-0.772520,0.046650,11.387420,0.049920,14339.863000
26.525450,6926.900000,26.504780,20240608153638.000000,8.000000,490823.368000,-127346.974000,-0.503240,22.405600,-0.912680,0.979390,-0.912680,0.979390,7298790.070720,0.000550,6471811.361300,0.000560,2039.131680,16.870510,0.966670,16.870510,0.966670,16406.828000
25.922270,6926.900000,25.917440,20240608162207.000000,8.000000,861290.079000,794736.334000,0.402000,84.379810,-0.050410,0.849810,-0.050870,0.845090,-56964.431980,0.000050,-56964.431980,0.000050,2042.463480,0.547050,0.768770,0.547050,0.768770,16456.480000
25.826820,6926.900000,25.788890,20240608162505.000000,8.000000,20942.494000,-64793.457000,0.435000,33.843730,-0.152720,0.751020,-0.152720,0.751020,-5137.950250,0.004150,-5137.950250,0.004150,2042.817940,6.681740,0.950870,14.747510,0.995590,17864.298000
30.200910,6926.900000,26.025270,20240608162803.000000,8.000000,2220452.406000,645902.876000,0.391000,125.266630,0.239920,0.829720,0.948820,0.943150,-164041.067760,0.001320,-164041.067760,0.001320,2048.820670,-4.359830,0.987280,-6.506660,0.996710,18890.689000
-68.407270,6926.900000,-60.652110,20240608163050.000000,8.000000,1074361.600000,380176.257000,-0.541240,20.754140,0.678610,0.981240,0.678610,0.981240,285982.901240,0.000420,285982.901240,0.000420,2049.261080,-15.300960,0.983140,-16.970780,0.984290,19186.427000
32.292270,6926.900000,159.422750,20240608163349.000000,8.000000,-30825.117000,381793.598000,-0.540890,156.380790,-0.231580,0.642220,-1.402540,0.738710,14288.846750,0.121730,14767.006260,0.135110,2047.985070,-0.926550,0.588310,-0.895400,0.587080,16279.550000
25.944090,6926.900000,25.909670,20240608163638.000000,8.000000,761105.798000,184516.387000,-0.506240,22.578430,-0.465620,0.976480,-0.465620,0.976480,-152406.562370,0.008950,-152406.562370,0.008950,2043.228620,8.817700,0.960080,8.817700,0.960080,18377.337000
24.885000,6926.900000,24.870110,20240608172207.000000,8.000000,-509932.572000,577375.628000,0.400770,84.398930,-1.150250,0.976360,-1.150250,0.976360,5877.732560,0.000910,5877.732560,0.000910,2070.664810,4.950510,0.777210,4.950510,0.777210,18643.228000
24.825910,6926.900000,24.788560,20240608172506.000000,8.000000,53834.400000,306683.308000,0.435000,33.833170,-0.388590,0.968910,-0.388590,0.968910,-5337.669670,0.000240,-3344.206440,0.000410,2079.128860,7.889370,0.969280,14.573430,0.995220,18943.345000
28.350910,6926.900000,24.859340,20240608172805.000000,8.000000,1499.720000,-31401.868000,0.388460,126.148250,0.265370,0.763220,0.291430,0.763430,10296.486120,0.034730,10296.486120,0.034730,2052.500790,4.096510,0.993680,4.751200,0.995750,19670.067000
-68.070910,6926.900000,-60.862110,20240608173053.000000,8.000000,2635.401000,344699.619000,-0.541000,20.825000,-10.233680,0.989760,-10.233680,0.989760,1876.645950,0.000390,1876.645950,0.000390,2066.495610,208.382650,0.990280,226.970250,0.991010,20524.046000
31.736820,6926.900000,159.072420,20240608173352.000000,8.000000,180590.354000,172164.840000,-0.541010,156.332070,0.044320,0.159790,0.044320,0.159790,-172986.638560,0.053970,-172986.638560,0.053970,2065.145560,0.429860,0.119700,0.429860,0.119700,18967.974000
24.973640,6926.900000,24.896330,20240608173642.000000,8.000000,2319280.020000,-88550.607000,-0.510240,22.657700,2.960360,0.984980,2.960360,0.984980,-1187413.289280,0.004310,-56505.138010,0.000070,2063.698800,-52.345820,0.972590,-52.345820,0.972590,19794.984000
24.048640,6926.900000,24.020780,20240608182207.000000,8.000000,-877828.743000,115022.028000,0.398770,84.458990,-0.240610,0.696620,-0.240610,0.696620,14688.626240,0.000030,11491.826920,0.000080,2053.690730,7.750100,0.897430,7.750100,0.897430,20061.704000
23.928640,6926.900000,23.900440,20240608182505.000000,8.000000,-492021.530000,1822.966000,0.435000,33.827080,0.082060,0.070950,0.082060,0.070950,-725083.490850,0.010520,-725083.490850,0.010520,2072.973420,10.871320,0.950390,24.408940,0.991660,20618.832000
27.170000,6926.900000,23.991540,20240608182804.000000,8.000000,-30605.899000,-105447.141000,0.387460,126.253200,-0.571210,0.965460,-0.571210,0.965460,-576046.940120,0.008050,-576046.940120,0.008050,2077.069480,4.502130,0.898290,14.432510,0.974770,20853.531000
-69.410000,6926.900000,-61.126780,20240608183051.000000,8.000000,2081.595000,-138587.484000,-0.542000,20.866480,-10.191220,0.988190,-10.191220,0.988190,-16530.870770,0.005330,-1248.002530,0.002190,2048.370060,213.793490,0.989550,243.739960,0.991380,20685.980000
31.035000,6926.900000,158.402640,20240608183351.000000,8.000000,328578.573000,10171.740000,-0.540000,155.935650,-0.227800,0.885770,-0.227800,0.885770,-25123.411930,0.004380,-24496.150390,0.004420,2063.690630,0.993560,0.257830,0.993560,0.257830,20422.231000
23.875910,6926.900000,23.852330,20240608183638.000000,8.000000,1138912.630000,117267.585000,-0.515760,22.673680,0.299470,0.972820,0.299470,0.972820,-180766.265820,0.024310,-180766.265820,0.024310,2056.328770,-5.528010,0.961030,-5.528010,0.961030,20829.192000
23.413640,6926.900000,23.388670,20240608192207.000000,8.000000,-47925.789000,284967.998000,0.397770,84.445830,-0.211460,0.750520,-0.211460,0.750520,49427.942150,0.004290,49427.942150,0.004290,2045.778310,1.581800,0.532290,1.924890,0.487610,20821.231000
23.275910,6926.900000,23.247780,20240608192505.000000,8.000000,2981.654000,108211.027000,0.434240,34.010440,-0.289450,0.984010,-0.289450,0.984010,777.439030,0.000330,777.439030,0.000330,2043.485090,8.001810,0.964890,15.607760,0.995420,20857.939000
26.976360,6926.900000,23.274620,20240608192805.000000,8.000000,-2634801.675000,236762.034000,0.387120,126.330760,-0.800620,0.973490,-0.800620,0.973490,51882741.560190,0.016860,51882741.560190,0.016860,2046.027360,14.221780,0.966610,27.005990,0.994090,20654.054000
-70.122270,6926.900000,-61.473220,20240608193052.000000,8.000000,199567.958000,-38136.033000,-0.541760,20.892080,-8.288940,0.983830,-8.288940,0.983830,7341610.109210,0.042620,7341610.109210,0.042620,2042.025540,173.593500,0.983290,210.700120,0.987180,20695.602000
34.258180,6926.900000,159.149120,20240608193351.000000,8.000000,-1077787.328000,-300908.851000,-0.539340,155.525930,-0.316130,0.537780,-0.316130,0.537780,-757896.139830,0.002560,-757896.139830,0.002560,2044.009520,3.182390,0.371470,3.471280,0.344630,19590.092000
23.094090,6926.900000,23.046890,20240608193638.000000,8.000000,-6341.812000,-83739.370000,-0.518000,22.649580,-2.071090,0.984540,-2.071090,0.984540,-287690.251580,0.000080,-152119.320640,0.024630,2041.548410,40.317860,0.974200,40.317860,0.974200,20418.940000
22.303640,6926.900000,22.291110,20240608202206.000000,8.000000,-1366578.182000,587501.346000,0.397000,84.408520,1.721010,0.924000,1.721010,0.924000,-1297966.295530,0.071440,-1298276.690280,0.071430,2054.440780,3.871430,0.668000,3.871430,0.668000,20899.051000
22.192270,6926.900000,22.179780,20240608202505.000000,8.000000,232265.294000,158132.771000,0.434000,33.848900,-0.272590,0.868580,-3.178260,0.020500,-1913404.276310,0.020480,-1913404.276310,0.020480,2095.827450,5.835400,0.961190,11.868380,0.993020,20968.718000
26.721820,6926.900000,22.350880,20240608202805.000000,8.000000,-2401509.323000,84015.665000,0.387000,126.245710,-2.191070,0.941100,-2.191070,0.941100,1361439.479160,0.003090,1347736.470580,0.009500,2107.249630,13.633870,0.969780,24.866200,0.990270,21195.081000
-70.048640,6926.900000,-61.486330,20240608203052.000000,8.000000,-14321.866000,555526.668000,-0.541240,20.853870,-10.722400,0.979040,-10.722400,0.979040,-12121.878280,0.003970,-12121.878280,0.003970,2062.036040,219.164850,0.975380,298.329510,0.983790,21196.997000
31.969550,6926.900000,158.505270,20240608203352.000000,8.000000,2113580.234000,486571.068000,-0.539890,155.145860,0.104750,0.413730,0.104750,0.413730,197198983.899300,0.044710,197198983.899300,0.044710,2045.299690,2.891040,0.575130,3.571940,0.555000,20981.305000
22.016360,6926.900000,21.987330,20240608203640.000000,8.000000,989051.490000,370115.248000,-0.523000,22.583810,-0.024730,0.958920,-0.024730,0.958920,-1135691.225150,0.009500,-1135691.225150,0.009500,2049.742070,0.471910,0.965960,0.471910,0.965960,21035.753000
20.818640,6926.900000,20.813220,20240608212206.000000,8.000000,1012292.713000,176045.498000,0.396000,84.446970,0.015890,0.910330,0.015890,0.910330,237734.237740,0.000070,237734.237740,0.000070,2121.297100,-0.068320,0.799220,-0.068320,0.799220,19918.330000
20.664090,6926.900000,20.687440,20240608212504.000000,8.000000,-1197.761000,505751.301000,0.433760,33.987670,0.074190,0.616140,0.071770,0.612390,132.240550,0.002540,132.240550,0.002540,2106.724110,7.333950,0.973660,12.836240,0.995870,19797.462000
25.585450,6926.900000,20.857800,20240608212805.000000,8.000000,-148208.811000,-14508.455000,0.387000,126.381730,-0.326840,0.978000,-0.326840,0.978000,-31634.417730,0.000250,-26284.948180,0.000780,2108.330920,4.692360,0.992350,6.125370,0.997230,19914.795000
-70.501820,6926.900000,-61.764780,20240608213053.000000,8.000000,933.120000,-3206.211000,-0.540490,20.751870,-11.018020,0.976230,-11.018020,0.976230,257.071240,0.007070,257.071240,0.007070,2102.076560,227.945560,0.974960,296.938480,0.980900,20043.636000
30.794090,6926.900000,157.325600,20240608213353.000000,8.000000,399.732000,1547.265000,-0.539350,154.508080,-1.158800,0.732660,-1.158800,0.732660,-457.312300,0.001920,-457.312300,0.001920,2115.231060,0.139280,0.013330,0.139280,0.013330,19637.444000
20.488640,6926.900000,20.484440,20240608213641.000000,8.000000,-82544.806000,120676.546000,-0.528000,22.465910,-2.431780,0.973180,-2.431780,0.973180,118497.338070,0.012400,118497.338070,0.012400,2108.320410,43.706760,0.959270,43.706760,0.959270,19829.434000
19.804090,6926.900000,19.820220,20240608222206.000000,8.000000,-1832.511000,193389.563000,0.395780,84.425330,-0.188860,0.463520,-0.188860,0.463520,10855.789260,0.060190,11008.966320,0.060550,2085.506750,12.932460,0.969140,12.932460,0.969140,19178.466000
19.730910,6926.900000,19.760560,20240608222505.000000,8.000000,1913260.970000,289917.851000,0.434000,33.878680,0.234260,0.971720,0.234260,0.971720,33500262.072190,0.013890,33500262.072190,0.013890,2087.868510,-6.969860,0.961930,-13.990290,0.996740,19282.035000
25.020910,6926.900000,19.996040,20240608222804.000000,8.000000,1795221.477000,268750.812000,0.387000,126.373680,0.002360,0.000310,0.002360,0.000310,17130201.047200,0.031610,17055378.531070,0.031900,2088.007180,-3.284040,0.990630,-4.301030,0.995850,19365.730000
-70.250450,6926.900000,-61.911560,20240608223052.000000,8.000000,3600.733000,-21626.551000,-0.541760,20.618990,-10.702560,0.981600,-10.702560,0.981600,-312491.017480,0.018900,-302718.047320,0.018840,2104.293830,222.616380,0.983650,273.168060,0.987740,19482.278000
28.927730,6926.900000,155.892750,20240608223351.000000,8.000000,15484.608000,301476.847000,-0.539900,153.809370,-0.004220,0.000030,15.406200,0.366950,-184939.543660,0.089670,-184357.279710,0.089850,2121.516970,-0.889070,0.185540,-1.187390,0.105150,19014.482000
19.727270,6926.900000,19.737890,20240608223639.000000,8.000000,2435784.964000,1046476.348000,-0.531000,22.290530,3.846760,0.973630,3.846760,0.973630,-231667.752300,0.000370,-231667.752300,0.000370,2121.488860,-64.439150,0.964450,-64.439150,0.964450,19281.349000
19.421360,6926.900000,19.437440,20240608232206.000000,8.000000,2418.308000,243898.496000,0.394000,84.419330,-1.292560,0.948980,-1.292560,0.948980,-3574.145120,0.003750,-3574.145120,0.003750,2158.557400,14.429650,0.965290,14.429650,0.965290,18860.908000
19.358180,6926.900000,19.413560,20240608232505.000000,8.000000,690947.234000,48449.805000,0.433240,33.818130,-0.095670,0.979030,-0.095670,0.979030,1625318.329510,0.012490,1625318.329510,0.012490,2144.544470,2.398280,0.963170,4.648600,0.995410,18927.666000
22.674090,6926.900000,19.559340,20240608232805.000000,8.000000,1439.521000,-246.814000,0.387450,126.362750,-0.130900,0.776440,-0.185300,0.863300,49553.886990,0.020520,49553.886990,0.020520,2133.248560,4.234610,0.992250,5.238610,0.995190,18939.604000
-69.710000,6926.900000,-61.748670,20240608233053.000000,8.000000,2148552.606000,265912.393000,-0.541000,20.446800,12.522970,0.971340,12.522970,0.971340,39782505.457400,0.023850,39782505.457400,0.023850,2136.102240,-261.112270,0.970200,-363.526280,0.979300,19084.907000
27.296360,6926.900000,154.948900,20240608233353.000000,8.000000,-2137348.983000,84506.201000,-0.538470,153.384950,-7.142980,0.942750,-7.142980,0.942750,2102237.457030,0.000050,2102237.457030,0.000050,2135.072670,-1.772100,0.275080,-1.772100,0.275080,18420.056000
19.331360,6926.900000,19.333780,20240608233641.000000,8.000000,740770.539000,108816.166000,-0.532240,22.119370,-0.680240,0.964440,-0.680240,0.964440,19091298.850570,0.000340,19350359.674840,0.000490,2093.870350,12.091830,0.958720,12.091830,0.958720,18668.750000
19.105910,6926.900000,19.129220,20240609000449.000000,8.000000,1158864.402000,200560.180000,0.393230,84.384560,0.195420,0.934160,0.197230,0.932230,-6603382.512580,0.003110,-6396061.192330,0.003110,2105.098800,-3.793820,0.887780,-3.793820,0.887780,17947.044000
19.095000,6926.900000,19.129890,20240609000747.000000,8.000000,-196827.420000,913258.642000,0.434000,33.781880,-0.602570,0.968730,-0.602570,0.968730,-103191.561940,0.075900,-103191.561940,0.075900,2131.456280,9.195780,0.964600,17.206890,0.994480,18277.014000
22.617270,6926.900000,19.306260,20240609001049.000000,8.000000,-477835.589000,238579.120000,0.387450,126.295400,-0.180740,0.832770,-0.261040,0.861500,-198304.851090,0.021970,-198686.056130,0.023180,2102.255290,7.266690,0.997180,7.909890,0.997790,18093.221000
-70.734550,6926.900000,-62.737890,20240609001336.000000,8.000000,195225.455000,221063.759000,-0.541000,20.151500,-9.363310,0.983490,-9.363310,0.983490,-1089330.600500,0.003460,-1089330.600500,0.003460,2122.435480,189.239950,0.982710,225.024760,0.985900,18464.752000
26.452730,6926.900000,154.204070,20240609001635.000000,8.000000,671110.000000,1452826.781000,-0.538350,153.059010,0.518890,0.826480,0.723440,0.836390,123187.952770,0.002620,131407.798170,0.010550,2104.950710,0.304970,0.671960,0.738690,0.708790,17806.012000
19.082270,6926.900000,19.109330,20240609001923.000000,8.000000,2445295.446000,639569.985000,-0.533240,22.007630,3.482310,0.966750,3.482310,0.966750,-1633934.105220,0.006800,-1609995.028370,0.006750,2136.769490,-60.199650,0.947450,-60.199650,0.947450,18585.958000
19.085450,6926.900000,19.090110,20240609002224.000000,8.000000,3500.715000,8773.387000,0.394000,84.379740,-0.798630,0.894050,-0.798630,0.894050,609.626610,0.000360,609.626610,0.000360,2148.566760,14.339380,0.888970,14.339380,0.888970,18300.136000
19.042270,6926.900000,19.089890,20240609002523.000000,8.000000,2048710.420000,841971.023000,0.433000,33.742630,0.343990,0.982510,0.343990,0.982510,-2255292.633420,0.016480,-2255292.633420,0.016480,2158.394550,-7.456980,0.986200,-10.880520,0.997460,18565.559000
23.303640,6926.900000,19.307140,20240609002823.000000,8.000000,-288584.959000,1221136.499000,0.386000,126.217990,-0.268990,0.873520,-0.267340,0.872160,-366438.157660,0.015710,-366438.157660,0.015710,2151.976420,5.409640,0.985860,8.044230,0.996780,18602.240000
-70.444550,6926.900000,-62.005890,20240609003110.000000,8.000000,1324525.536000,628115.181000,-0.541000,20.353240,3.753880,0.988050,3.753880,0.988050,-1767650.651400,0.052370,-1767650.651400,0.052370,2161.811420,-71.388150,0.984110,-83.948420,0.986800,18748.981000
30.044090,6926.900000,155.746810,20240609003409.000000,8.000000,1171751.973000,614295.373000,-0.539010,153.022290,0.248480,0.922600,0.248480,0.922600,77624094.942230,0.026560,165492.379230,0.007190,2133.622460,0.357250,0.832640,0.357250,0.832640,17907.901000
19.035910,6926.900000,19.056560,20240609003658.000000,8.000000,-94896.948000,393206.847000,-0.533760,21.960710,-2.633610,0.968530,-2.633610,0.968530,-16225.628530,0.007440,-16225.628530,0.007440,2122.806670,44.702700,0.953910,44.702700,0.953910,18342.788000
19.169090,6926.900000,19.201330,20240609012223.000000,8.000000,387332.637000,-25573.826000,0.394000,84.377390,-0.599860,0.825080,-0.604360,0.820220,-16571.812450,0.000120,-16571.812450,0.000120,2126.358490,12.277750,0.875840,12.277750,0.875840,18145.117000
19.191360,6926.900000,19.236330,20240609012521.000000,8.000000,2021224.069000,284360.127000,0.434000,33.712170,0.515300,0.975360,0.515300,0.975360,7215776.586960,0.017320,7215776.586960,0.017320,2140.712880,-8.341830,0.971090,-14.710320,0.994020,18469.843000
23.316360,6926.900000,19.450990,20240609012820.000000,8.000000,1141163.942000,-137177.740000,0.385890,126.340550,0.039620,0.955090,0.039620,0.955090,-1590072.073580,0.036130,-1590072.073580,0.036130,2128.330820,-0.579930,0.980860,-0.880500,0.992750,18469.875000
-70.456820,6926.900000,-61.953890,20240609013108.000000,8.000000,1366386.572000,170808.619000,-0.541000,20.273440,4.092560,0.979580,4.092560,0.979580,-3929533.638280,0.012500,-3929533.638280,0.012500,2121.514380,-82.268360,0.977540,-104.825950,0.982910,18689.050000
28.600910,6926.900000,155.193300,20240609013407.000000,8.000000,1848.095000,-40214.072000,-0.539000,152.803920,0.686370,0.853410,0.801230,0.854670,-5375.989510,0.000010,-5375.989510,0.000010,2113.761330,-1.076350,0.493170,-1.076350,0.493170,18078.542000
19.308640,6926.900000,19.331220,20240609013654.000000,8.000000,1519.863000,-185760.789000,-0.533000,21.840480,-2.950370,0.967840,-2.950370,0.967840,-566.147570,0.016490,-566.147570,0.016490,2121.389360,53.129510,0.950580,53.129510,0.950580,18677.353000
19.512730,6926.900000,19.519220,20240609022223.000000,8.000000,289930.340000,-143742.246000,0.394000,84.413320,0.202550,0.751690,0.202550,0.751690,-5151.145940,0.000060,-5151.145940,0.000060,2140.354360,10.472310,0.943780,10.472310,0.943780,18443.059000
19.507730,6926.900000,19.538110,20240609022522.000000,8.000000,1306.995000,123636.135000,0.433760,33.646530,-1.347940,0.987620,-1.347940,0.987620,-2643.954750,0.000280,-2643.954750,0.000280,2175.323940,20.981150,0.985730,20.981150,0.985730,18812.425000
23.596360,6926.900000,19.754510,20240609022821.000000,8.000000,706260.755000,242287.940000,0.385890,126.377600,-0.102300,0.952260,-0.164210,0.955070,44447.130170,0.000070,44447.130170,0.000070,2142.378260,1.327030,0.991040,1.743310,0.995440,18794.417000
-70.505450,6926.900000,-61.907560,20240609023109.000000,8.000000,200621.324000,32027.132000,-0.540760,20.209120,-9.339290,0.982910,-9.339290,0.982910,-495219.482290,0.001930,-495219.482290,0.001930,2145.671680,186.608710,0.980270,209.628220,0.981660,19052.956000
27.924090,6926.900000,154.722090,20240609023411.000000,8.000000,31072.392000,58231.217000,-0.538350,152.781320,1.332340,0.901380,1.341050,0.897490,-298143.817220,0.024470,-298143.817220,0.024470,2127.434930,-0.476030,0.206390,-0.840610,0.212770,18552.919000
19.531820,6926.900000,19.543220,20240609023658.000000,8.000000,17577.258000,153403.451000,-0.532760,21.760180,-3.140330,0.971260,-3.140330,0.971260,-59549.695280,0.066450,-59549.695280,0.066450,2156.279840,48.659670,0.954720,48.659670,0.954720,19103.248000
19.409090,6926.900000,19.420110,20240609032223.000000,8.000000,-263901.881000,297516.024000,0.393000,84.378580,-1.281150,0.935380,-1.281150,0.935380,-117338.059040,0.001850,-117338.059040,0.001850,2155.236390,19.409520,0.878010,19.409520,0.878010,18275.782000
19.351360,6926.900000,19.382330,20240609032521.000000,8.000000,-280378.807000,180994.632000,0.434000,33.583760,-0.238440,0.784800,-0.238440,0.784800,6703970.957300,0.026610,6818539.519110,0.026600,2160.009240,9.861670,0.972290,17.345200,0.995610,18556.521000
23.829550,6926.900000,19.610110,20240609032821.000000,8.000000,-95605.730000,459974.125000,0.386000,126.285950,-0.952360,0.947200,-0.952360,0.947200,-182745.604300,0.080770,-188490.820190,0.088520,2163.054730,5.000000,0.983650,7.542600,0.994360,18618.630000
-70.476820,6926.900000,-61.922890,20240609033109.000000,8.000000,2732563.340000,257302.723000,-0.541000,20.166710,21.349930,0.980130,21.755260,0.980920,7808003.084900,0.027890,7808003.084900,0.027890,2109.945950,-441.509200,0.978350,-526.409810,0.981690,18854.632000
27.810000,6926.900000,154.719120,20240609033409.000000,8.000000,-1018770.177000,-37047.841000,-0.539000,152.967510,4.249390,0.864060,9.901620,0.943400,472891.266220,0.025300,2186068.856240,0.068260,2190.247230,-0.726270,0.085160,-0.726270,0.085160,18337.957000
19.325000,6926.900000,19.313000,20240609033657.000000,8.000000,106682.522000,188103.113000,-0.533230,21.706440,-2.225690,0.957370,-2.254000,0.955360,236179.293990,0.012760,243146.912170,0.013010,2193.824310,34.278140,0.937890,34.965020,0.933030,18640.745000
19.224550,6926.900000,19.234780,20240609042223.000000,8.000000,1251928.589000,56383.459000,0.393760,84.365440,0.283960,0.905820,0.283960,0.905820,2734371.814240,0.023780,2951665.832660,0.026360,2111.381300,-4.512770,0.885240,-4.512770,0.885240,18273.940000
19.211820,6926.900000,19.238440,20240609042523.000000,8.000000,37928.342000,258132.898000,0.433000,33.551080,-0.180820,0.890210,-0.180820,0.890210,-2445.970100,0.001020,-2445.970100,0.001020,2113.849800,6.309400,0.976810,10.706280,0.997960,18588.309000
23.672270,6926.900000,19.469560,20240609042824.000000,8.000000,7068.367000,201820.656000,0.385000,126.380820,-0.908990,0.924640,-0.908990,0.924640,10283.900040,0.042610,10283.900040,0.042610,2121.720080,24.176240,0.918630,24.176240,0.918630,18560.504000
-70.353180,6926.900000,-62.048560,20240609043112.000000,8.000000,-2042.643000,428461.320000,-0.541000,20.105820,-12.856730,0.977310,-12.856730,0.977310,-452.118640,0.000460,-8270.207100,0.005400,2161.356550,253.661430,0.977180,322.881450,0.982510,18865.630000
26.923180,6926.900000,154.178570,20240609043412.000000,8.000000,-1244505.990000,-147136.140000,-0.539780,152.886120,-2.163690,0.941540,-2.163690,0.941540,7223548.131750,0.005320,7223548.131750,0.005320,2156.223430,-2.839280,0.336000,-2.839280,0.336000,18084.883000
19.188180,6926.900000,19.207110,20240609043659.000000,8.000000,153.110000,102695.861000,-0.533000,21.642890,-1.059890,0.980230,-1.059890,0.980230,-972.735150,0.004100,-837.723790,0.004710,2143.308950,15.870980,0.983000,15.870980,0.983000,18709.249000
19.244090,6926.900000,19.248000,20240609052223.000000,8.000000,1123.194000,-142360.438000,0.392760,84.366560,-1.207320,0.941540,-1.207320,0.941540,-26.298710,0.016730,-26.298710,0.016730,2164.162580,20.440590,0.922130,20.440590,0.922130,18178.922000
19.172270,6926.900000,19.194110,20240609052525.000000,8.000000,7315.383000,-32912.683000,0.433000,33.492560,-0.386760,0.922200,-0.386760,0.922200,-7635.898840,0.009480,-4070.251330,0.007310,2194.819460,7.475330,0.975630,12.603370,0.996680,18333.680000
22.175910,6926.900000,19.314950,20240609052825.000000,8.000000,-1172037.339000,325973.922000,0.385680,126.239790,-0.703190,0.900790,-2.010750,0.941850,-392675.891440,0.021640,-753097.841500,0.028120,2184.889350,9.164910,0.995790,9.560800,0.995930,18281.067000
-69.794550,6926.900000,-61.929890,20240609053113.000000,8.000000,36257.659000,116883.359000,-0.539470,20.014230,-12.342460,0.984630,-12.342460,0.984630,823201.135560,0.020050,650470.539260,0.022150,2159.014930,247.738030,0.983140,292.859140,0.986200,18366.539000
25.648180,6926.900000,153.812860,20240609053412.000000,8.000000,35101.015000,335512.297000,-0.538890,152.847300,0.634320,0.836820,0.634320,0.836820,75586.334030,0.013230,75586.334030,0.013230,2165.660770,0.692100,0.264770,11.992480,0.563790,17638.209000
19.132270,6926.900000,19.143780,20240609053659.000000,8.000000,2140124.165000,313083.431000,-0.533000,21.590820,1.107920,0.983470,1.107920,0.983470,6801351.936280,0.002920,6801351.936280,0.002920,2160.696640,-15.291930,0.987640,-15.291930,0.987640,18299.595000
19.086360,6926.900000,19.085000,20240609062223.000000,8.000000,1562269.807000,233426.045000,0.391230,84.361830,0.651340,0.907230,0.651340,0.907230,-2679920.659850,0.010690,-2679920.659850,0.010690,2188.260710,-9.179120,0.864990,-9.179120,0.864990,17982.516000
19.095910,6926.900000,19.124110,20240609062522.000000,8.000000,1757249.708000,518959.451000,0.433000,33.615080,0.155250,0.901910,0.155250,0.901910,-172728.606820,0.000060,-172728.606820,0.000060,2175.411350,-5.631650,0.983430,-8.805270,0.998180,18384.475000
22.511360,6926.900000,19.313740,20240609062821.000000,8.000000,588198.077000,39494.949000,0.383340,126.358750,-0.080020,0.455310,-0.080020,0.455310,-195566.371650,0.004060,-4810506.451380,0.108170,2197.592970,1.719810,0.995840,2.009050,0.998010,18377.764000
-70.919090,6926.900000,-61.814220,20240609063109.000000,8.000000,589086.182000,178367.816000,-0.540000,20.064640,-5.379790,0.978610,-5.379790,0.978610,-5950978.766670,0.009070,-4399662.410970,0.008330,2222.761860,104.521390,0.978980,138.989090,0.986560,18625.072000
25.510000,6926.900000,153.514950,20240609063408.000000,8.000000,347370.451000,268926.675000,-0.538890,152.665340,0.568760,0.736660,0.598970,0.715050,-164162.156470,0.010650,-164162.156470,0.010650,2231.764420,0.226440,0.175870,0.225240,0.174840,18074.033000
19.041360,6926.900000,19.042560,20240609063656.000000,8.000000,-214568.524000,297740.959000,-0.533240,21.533030,-0.466910,0.888340,-1.428740,0.945800,991961.346810,0.025120,993231.651420,0.025400,2275.392690,14.874280,0.988660,14.874280,0.988660,18563.968000
19.940910,6926.900000,19.944670,20240609072223.000000,8.000000,831561.655000,444471.489000,0.390760,84.363020,-0.052450,0.917320,-0.052450,0.917320,26550.175450,0.000150,26550.175450,0.000150,2190.637710,0.877080,0.895250,0.877080,0.895250,18393.373000
20.065910,6926.900000,20.057330,20240609072522.000000,8.000000,2708.193000,241842.635000,0.433000,33.634510,-0.208750,0.905750,-0.208750,0.905750,520.294110,0.000610,244.201340,0.001140,2202.304780,6.348930,0.990900,8.662950,0.998080,18739.898000
23.259550,6926.900000,20.329890,20240609072821.000000,8.000000,5995.929000,152907.905000,0.383350,126.423380,-0.185380,0.679320,-1.715990,0.943130,-2094.695210,0.004220,-2094.695210,0.004220,2210.530870,4.452130,0.980380,6.649390,0.992360,18376.192000
-70.395910,6926.900000,-61.833110,20240609073108.000000,8.000000,-583868.572000,91672.022000,-0.541000,20.006970,-20.400350,0.980030,-20.400350,0.980030,-7261927.903620,0.003680,-6832547.365790,0.040250,2217.750000,391.665260,0.980560,517.155520,0.988110,18753.522000
29.636820,6926.900000,155.243740,20240609073408.000000,8.000000,1672.370000,91518.652000,-0.539000,152.969750,-0.582340,0.894070,-1.662990,0.898830,101.150920,0.001130,101.150920,0.001130,2224.941420,-1.467890,0.731560,-0.930310,0.369450,17825.930000
20.188180,6926.900000,20.161560,20240609073656.000000,8.000000,1750642.583000,306162.166000,-0.531240,21.506080,0.647910,0.987450,0.647910,0.987450,1253534.560340,0.000040,1253534.560340,0.000040,2216.385850,-10.121890,0.986000,-10.121890,0.986000,18901.050000
20.575000,6926.900000,20.577110,20240609082223.000000,8.000000,100498.480000,843055.427000,0.391000,84.354590,-0.461220,0.863030,-0.461220,0.863030,-1297.033910,0.004580,-1297.033910,0.004580,2151.306800,5.656640,0.843040,5.656640,0.843040,17366.209000
20.580450,6926.900000,20.567560,20240609082522.000000,8.000000,-2728690.529000,620547.655000,0.433000,33.636540,-0.879050,0.962760,-0.879050,0.962760,1430844.414020,0.000960,1876443.313970,0.001230,2147.391050,23.467260,0.986500,34.653890,0.997710,18158.781000
24.137730,6926.900000,20.845050,20240609082821.000000,8.000000,2150445.140000,718951.456000,0.384770,126.351490,0.293560,0.979050,0.293560,0.979050,-2735176.583930,0.002410,-2735176.583930,0.002410,2147.432970,-4.603280,0.997080,-5.276840,0.998310,18045.996000
-70.165000,6926.900000,-61.662330,20240609083109.000000,8.000000,4065.830000,502683.365000,-0.541000,20.021940,-12.827400,0.987180,-12.827400,0.987180,35.028320,0.000140,35.028320,0.000140,2145.843990,258.247010,0.986690,289.219010,0.987970,18354.418000
28.610000,6926.900000,155.325710,20240609083410.000000,8.000000,1956485.879000,96405.219000,-0.538470,153.206300,0.313730,0.894610,0.313730,0.894610,-2260973.303090,0.057980,-2672117.388770,0.017780,2142.603640,1.084570,0.636470,1.107920,0.615030,17172.795000
20.681360,6926.900000,20.654440,20240609083659.000000,8.000000,-518962.971000,73896.282000,-0.530000,21.526910,-1.360770,0.989200,-1.360770,0.989200,41131.534250,0.003570,41131.534250,0.003570,2135.653640,17.942260,0.985700,17.942260,0.985700,18455.539000
21.364550,6926.900000,21.353440,20240609092223.000000,8.000000,-11170.246000,135529.830000,0.391000,84.355720,-0.050610,0.022380,-0.050610,0.022380,19079.728180,0.037560,19079.728180,0.037560,2149.310340,4.525390,0.848220,4.525390,0.848220,17903.231000
21.363640,6926.900000,21.352110,20240609092523.000000,8.000000,-1527277.764000,-53198.432000,0.433000,33.686490,-1.106020,0.992410,-1.106020,0.992410,-1208612.839660,0.017690,-1168674.039140,0.017980,2149.536450,14.778160,0.991760,19.195780,0.996360,18488.066000
25.109090,6926.900000,21.618240,20240609092824.000000,8.000000,872.020000,139159.478000,0.384000,126.308450,-0.219270,0.957060,-0.219270,0.957060,-71.982530,0.001190,-71.982530,0.001190,2137.699710,3.994790,0.996210,4.175580,0.996360,18490.457000
-70.138180,6926.900000,-61.571890,20240609093113.000000,8.000000,-473967.722000,433150.099000,-0.541760,20.033400,-18.920460,0.984190,-18.920460,0.984190,10378711.391380,0.048550,9715523.469380,0.045220,2162.864920,367.796790,0.983750,427.079570,0.986140,18914.090000
28.521820,6926.900000,155.685380,20240609093412.000000,8.000000,1292667.159000,345234.976000,-0.539900,153.632560,0.073430,0.858890,0.110120,0.896560,-5299459.245780,0.105090,-5299459.245780,0.105090,2142.184120,0.225350,0.442310,0.227960,0.441890,17747.040000
21.665910,6926.900000,21.655560,20240609093700.000000,8.000000,3347.599000,201969.283000,-0.526000,21.585730,-0.873570,0.989820,-0.873570,0.989820,-8936.767780,0.009400,-8936.767780,0.009400,2138.827980,11.768020,0.985710,11.768020,0.985710,19016.981000
24.285450,6926.900000,24.301110,20240609102223.000000,8.000000,-45339.325000,-26146.079000,0.389240,84.354600,-0.946860,0.828710,-0.946860,0.828710,1240.337110,0.000010,1240.337110,0.000010,2118.257700,7.738760,0.802520,7.738760,0.802520,19311.171000
24.207730,6926.900000,24.129670,20240609102523.000000,8.000000,3273.237000,24707.462000,0.432000,33.789790,0.023120,0.056250,0.023120,0.056250,-12942.901450,0.006980,-12942.901450,0.006980,2102.092220,5.615800,0.989470,7.633930,0.996480,19408.969000
27.012730,6926.900000,24.446590,20240609102822.000000,8.000000,32055.648000,233567.997000,0.384120,126.126380,-0.198250,0.950180,-0.198250,0.950180,791314.164420,0.101470,791314.164420,0.101470,2102.035840,3.760190,0.994420,4.249660,0.996010,19509.891000
-69.545910,6926.900000,-61.139440,20240609103110.000000,8.000000,1343731.757000,423005.977000,-0.541000,20.217620,4.137870,0.990900,4.137870,0.990900,108606.242990,0.002040,5514052.748600,0.053860,2101.692370,-84.676390,0.991710,-91.220600,0.992260,19728.717000
28.620910,6926.900000,156.077910,20240609103409.000000,8.000000,1750316.612000,548260.076000,-0.539230,154.131850,-0.808680,0.862630,-2.514580,0.940000,4990926.323480,0.003680,4990926.323480,0.003680,2098.258270,-0.793770,0.571520,-0.813480,0.550140,19190.597000
24.395450,6926.900000,24.356110,20240609103657.000000,8.000000,1006.787000,306296.871000,-0.517000,21.736880,-0.996620,0.988240,-0.996620,0.988240,-41.724390,0.006020,-41.724390,0.006020,2111.492550,13.079200,0.973020,13.079200,0.973020,20183.314000
25.964550,6926.900000,25.942000,20240609112223.000000,8.000000,1263446.653000,52041.010000,0.388470,84.345040,0.110920,0.843910,0.112080,0.839240,1027489.072180,0.007490,899930.183020,0.009410,2046.081260,-1.581610,0.838010,-1.581610,0.838010,18117.045000
25.875910,6926.900000,25.791780,20240609112521.000000,8.000000,-3615.900000,-5770.460000,0.431240,33.860080,-0.382110,0.985220,-0.390500,0.984450,127441.882800,0.008210,127441.882800,0.008210,2058.742940,5.838930,0.986980,8.430420,0.997140,19189.146000
27.944550,6926.900000,26.099670,20240609112820.000000,8.000000,-2646.417000,55397.951000,0.383230,124.735850,-0.213970,0.966960,-0.213970,0.966960,11288.192840,0.004650,11288.192840,0.004650,2047.160420,3.648400,0.990500,3.648400,0.990500,19112.141000
-69.205450,6926.900000,-60.704110,20240609113107.000000,8.000000,2098060.865000,238565.859000,-0.542000,20.503640,12.518760,0.983450,12.518760,0.983450,-480045.401930,0.002190,-480045.401930,0.002190,2047.217000,-264.855590,0.988630,-321.034060,0.992670,20074.611000
30.115000,6926.900000,157.542750,20240609113407.000000,8.000000,-194097.376000,206314.126000,-0.540000,154.955950,-1.057600,0.813220,-1.057600,0.813220,119941.953930,0.006060,119941.953930,0.006060,2055.394140,-0.842690,0.417000,-0.835560,0.371740,18519.944000
